country,region,year,forecast_year,predicted_conflict_probability,predicted_probability_percent,risk_level,risk_level_description,predicted_conflict_next_year,target_conflict_next_year,prediction_result,main_explanation_groups,top_positive_factors,top_negative_factors,short_explanation,explanation_text,technical_warning
DR Congo (Zaire),Africa,2023,2024,0.9999999999999832,100.0%,very_high,risco muito alto,1,1,true_positive,histórico e intensidade de conflitos UCDP; persistência temporal de conflito; indicadores socioeconômicos World Bank,quantidade de díades de violência unilateral; quantidade de díades de conflito estatal; quantidade de díades de conflito não estatal,existência de conflito estatal no ano-base; existência de conflito não estatal; existência de violência unilateral,"DR Congo (Zaire): 100.0% de risco estimado para 2024, classificado como risco muito alto.","Para DR Congo (Zaire), o modelo estimou 100.0% de probabilidade de violência organizada em 2024, classificando o caso como risco muito alto. Os principais grupos associados à estimativa foram: histórico e intensidade de conflitos UCDP; persistência temporal de conflito; indicadores socioeconômicos World Bank. Sinais que elevaram a estimativa: quantidade de díades de violência unilateral; quantidade de díades de conflito estatal; quantidade de díades de conflito não estatal. Sinais que reduziram a estimativa no modelo: existência de conflito estatal no ano-base; existência de conflito não estatal; existência de violência unilateral.",Explicação aproximada baseada em coeficientes e valores relativos das features; não representa causalidade direta.
Nigeria,Africa,2023,2024,0.9999999999995216,100.0%,very_high,risco muito alto,1,1,true_positive,histórico e intensidade de conflitos UCDP; persistência temporal de conflito; indicadores socioeconômicos World Bank,quantidade de díades de conflito não estatal; quantidade de díades de violência unilateral; quantidade de díades de conflito estatal,existência de conflito estatal no ano-base; existência de conflito não estatal; existência de violência unilateral,"Nigeria: 100.0% de risco estimado para 2024, classificado como risco muito alto.","Para Nigeria, o modelo estimou 100.0% de probabilidade de violência organizada em 2024, classificando o caso como risco muito alto. Os principais grupos associados à estimativa foram: histórico e intensidade de conflitos UCDP; persistência temporal de conflito; indicadores socioeconômicos World Bank. Sinais que elevaram a estimativa: quantidade de díades de conflito não estatal; quantidade de díades de violência unilateral; quantidade de díades de conflito estatal. Sinais que reduziram a estimativa no modelo: existência de conflito estatal no ano-base; existência de conflito não estatal; existência de violência unilateral.",Explicação aproximada baseada em coeficientes e valores relativos das features; não representa causalidade direta.
Brazil,Americas,2023,2024,0.9999999999419776,100.0%,very_high,risco muito alto,1,1,true_positive,histórico e intensidade de conflitos UCDP; persistência temporal de conflito; indicadores socioeconômicos World Bank,quantidade de díades de conflito não estatal; quantidade de díades de violência unilateral; frequência de conflito nos últimos 5 anos,existência de conflito não estatal; existência de violência unilateral; mortes estimadas em conflitos não estatais,"Brazil: 100.0% de risco estimado para 2024, classificado como risco muito alto.","Para Brazil, o modelo estimou 100.0% de probabilidade de violência organizada em 2024, classificando o caso como risco muito alto. Os principais grupos associados à estimativa foram: histórico e intensidade de conflitos UCDP; persistência temporal de conflito; indicadores socioeconômicos World Bank. Sinais que elevaram a estimativa: quantidade de díades de conflito não estatal; quantidade de díades de violência unilateral; frequência de conflito nos últimos 5 anos. Sinais que reduziram a estimativa no modelo: existência de conflito não estatal; existência de violência unilateral; mortes estimadas em conflitos não estatais.",Explicação aproximada baseada em coeficientes e valores relativos das features; não representa causalidade direta.
Ukraine,Europe,2023,2024,0.9999999485274198,100.0%,very_high,risco muito alto,1,1,true_positive,histórico e intensidade de conflitos UCDP; persistência temporal de conflito; indicadores socioeconômicos World Bank,mortes estimadas em conflitos interestatais; frequência de conflito nos últimos 5 anos; existência de violência organizada no ano-base,crescimento populacional anual; existência de conflito estatal no ano-base; existência de conflito interestatal,"Ukraine: 100.0% de risco estimado para 2024, classificado como risco muito alto.","Para Ukraine, o modelo estimou 100.0% de probabilidade de violência organizada em 2024, classificando o caso como risco muito alto. Os principais grupos associados à estimativa foram: histórico e intensidade de conflitos UCDP; persistência temporal de conflito; indicadores socioeconômicos World Bank. Sinais que elevaram a estimativa: mortes estimadas em conflitos interestatais; frequência de conflito nos últimos 5 anos; existência de violência organizada no ano-base. Sinais que reduziram a estimativa no modelo: crescimento populacional anual; existência de conflito estatal no ano-base; existência de conflito interestatal.",Explicação aproximada baseada em coeficientes e valores relativos das features; não representa causalidade direta.
Mexico,Americas,2023,2024,0.9999999310373684,100.0%,very_high,risco muito alto,1,1,true_positive,histórico e intensidade de conflitos UCDP; persistência temporal de conflito; indicadores socioeconômicos World Bank,quantidade de díades de conflito não estatal; frequência de conflito nos últimos 5 anos; existência de violência organizada no ano-base,mortes estimadas em conflitos não estatais; existência de conflito não estatal; mortes acumuladas nos últimos 5 anos,"Mexico: 100.0% de risco estimado para 2024, classificado como risco muito alto.","Para Mexico, o modelo estimou 100.0% de probabilidade de violência organizada em 2024, classificando o caso como risco muito alto. Os principais grupos associados à estimativa foram: histórico e intensidade de conflitos UCDP; persistência temporal de conflito; indicadores socioeconômicos World Bank. Sinais que elevaram a estimativa: quantidade de díades de conflito não estatal; frequência de conflito nos últimos 5 anos; existência de violência organizada no ano-base. Sinais que reduziram a estimativa no modelo: mortes estimadas em conflitos não estatais; existência de conflito não estatal; mortes acumuladas nos últimos 5 anos.",Explicação aproximada baseada em coeficientes e valores relativos das features; não representa causalidade direta.
Sudan,Africa,2023,2024,0.9999974082113208,100.0%,very_high,risco muito alto,1,1,true_positive,histórico e intensidade de conflitos UCDP; persistência temporal de conflito; indicadores socioeconômicos World Bank,quantidade de díades de conflito não estatal; frequência de conflito nos últimos 5 anos; quantidade de díades de conflito estatal,existência de conflito estatal no ano-base; existência de conflito não estatal; existência de violência unilateral,"Sudan: 100.0% de risco estimado para 2024, classificado como risco muito alto.","Para Sudan, o modelo estimou 100.0% de probabilidade de violência organizada em 2024, classificando o caso como risco muito alto. Os principais grupos associados à estimativa foram: histórico e intensidade de conflitos UCDP; persistência temporal de conflito; indicadores socioeconômicos World Bank. Sinais que elevaram a estimativa: quantidade de díades de conflito não estatal; frequência de conflito nos últimos 5 anos; quantidade de díades de conflito estatal. Sinais que reduziram a estimativa no modelo: existência de conflito estatal no ano-base; existência de conflito não estatal; existência de violência unilateral.",Explicação aproximada baseada em coeficientes e valores relativos das features; não representa causalidade direta.
India,Asia,2023,2024,0.9999960038630888,100.0%,very_high,risco muito alto,1,1,true_positive,histórico e intensidade de conflitos UCDP; persistência temporal de conflito; indicadores socioeconômicos World Bank,quantidade de díades de conflito estatal; quantidade de díades de violência unilateral; frequência de conflito nos últimos 5 anos,existência de conflito estatal no ano-base; existência de conflito interestatal; existência de conflito não estatal,"India: 100.0% de risco estimado para 2024, classificado como risco muito alto.","Para India, o modelo estimou 100.0% de probabilidade de violência organizada em 2024, classificando o caso como risco muito alto. Os principais grupos associados à estimativa foram: histórico e intensidade de conflitos UCDP; persistência temporal de conflito; indicadores socioeconômicos World Bank. Sinais que elevaram a estimativa: quantidade de díades de conflito estatal; quantidade de díades de violência unilateral; frequência de conflito nos últimos 5 anos. Sinais que reduziram a estimativa no modelo: existência de conflito estatal no ano-base; existência de conflito interestatal; existência de conflito não estatal.",Explicação aproximada baseada em coeficientes e valores relativos das features; não representa causalidade direta.
Colombia,Americas,2023,2024,0.9999946178150732,100.0%,very_high,risco muito alto,1,1,true_positive,histórico e intensidade de conflitos UCDP; persistência temporal de conflito; indicadores socioeconômicos World Bank,quantidade de díades de violência unilateral; quantidade de díades de conflito não estatal; quantidade de díades de conflito estatal,existência de conflito estatal no ano-base; existência de conflito não estatal; existência de violência unilateral,"Colombia: 100.0% de risco estimado para 2024, classificado como risco muito alto.","Para Colombia, o modelo estimou 100.0% de probabilidade de violência organizada em 2024, classificando o caso como risco muito alto. Os principais grupos associados à estimativa foram: histórico e intensidade de conflitos UCDP; persistência temporal de conflito; indicadores socioeconômicos World Bank. Sinais que elevaram a estimativa: quantidade de díades de violência unilateral; quantidade de díades de conflito não estatal; quantidade de díades de conflito estatal. Sinais que reduziram a estimativa no modelo: existência de conflito estatal no ano-base; existência de conflito não estatal; existência de violência unilateral.",Explicação aproximada baseada em coeficientes e valores relativos das features; não representa causalidade direta.
Mali,Africa,2023,2024,0.9999932212329152,100.0%,very_high,risco muito alto,1,1,true_positive,histórico e intensidade de conflitos UCDP; persistência temporal de conflito; indicadores socioeconômicos World Bank,quantidade de díades de conflito não estatal; quantidade de díades de violência unilateral; quantidade de díades de conflito estatal,existência de conflito estatal no ano-base; existência de conflito não estatal; existência de violência unilateral,"Mali: 100.0% de risco estimado para 2024, classificado como risco muito alto.","Para Mali, o modelo estimou 100.0% de probabilidade de violência organizada em 2024, classificando o caso como risco muito alto. Os principais grupos associados à estimativa foram: histórico e intensidade de conflitos UCDP; persistência temporal de conflito; indicadores socioeconômicos World Bank. Sinais que elevaram a estimativa: quantidade de díades de conflito não estatal; quantidade de díades de violência unilateral; quantidade de díades de conflito estatal. Sinais que reduziram a estimativa no modelo: existência de conflito estatal no ano-base; existência de conflito não estatal; existência de violência unilateral.",Explicação aproximada baseada em coeficientes e valores relativos das features; não representa causalidade direta.
Myanmar (Burma),Asia,2023,2024,0.9999894539730864,100.0%,very_high,risco muito alto,1,1,true_positive,histórico e intensidade de conflitos UCDP; persistência temporal de conflito; indicadores socioeconômicos World Bank,quantidade de díades de conflito estatal; frequência de conflito nos últimos 5 anos; quantidade de díades de violência unilateral,existência de conflito estatal no ano-base; existência de violência unilateral; mortes estimadas em conflitos intraestatais,"Myanmar (Burma): 100.0% de risco estimado para 2024, classificado como risco muito alto.","Para Myanmar (Burma), o modelo estimou 100.0% de probabilidade de violência organizada em 2024, classificando o caso como risco muito alto. Os principais grupos associados à estimativa foram: histórico e intensidade de conflitos UCDP; persistência temporal de conflito; indicadores socioeconômicos World Bank. Sinais que elevaram a estimativa: quantidade de díades de conflito estatal; frequência de conflito nos últimos 5 anos; quantidade de díades de violência unilateral. Sinais que reduziram a estimativa no modelo: existência de conflito estatal no ano-base; existência de violência unilateral; mortes estimadas em conflitos intraestatais.",Explicação aproximada baseada em coeficientes e valores relativos das features; não representa causalidade direta.
Ethiopia,Africa,2023,2024,0.9999769414187094,100.0%,very_high,risco muito alto,1,1,true_positive,histórico e intensidade de conflitos UCDP; persistência temporal de conflito; indicadores socioeconômicos World Bank,quantidade de díades de conflito não estatal; quantidade de díades de conflito estatal; frequência de conflito nos últimos 5 anos,mortes acumuladas nos últimos 5 anos; existência de conflito estatal no ano-base; existência de conflito não estatal,"Ethiopia: 100.0% de risco estimado para 2024, classificado como risco muito alto.","Para Ethiopia, o modelo estimou 100.0% de probabilidade de violência organizada em 2024, classificando o caso como risco muito alto. Os principais grupos associados à estimativa foram: histórico e intensidade de conflitos UCDP; persistência temporal de conflito; indicadores socioeconômicos World Bank. Sinais que elevaram a estimativa: quantidade de díades de conflito não estatal; quantidade de díades de conflito estatal; frequência de conflito nos últimos 5 anos. Sinais que reduziram a estimativa no modelo: mortes acumuladas nos últimos 5 anos; existência de conflito estatal no ano-base; existência de conflito não estatal.",Explicação aproximada baseada em coeficientes e valores relativos das features; não representa causalidade direta.
Syria,Middle East,2023,2024,0.9999629445438994,100.0%,very_high,risco muito alto,1,1,true_positive,histórico e intensidade de conflitos UCDP; persistência temporal de conflito; indicadores socioeconômicos World Bank,quantidade de díades de conflito estatal; quantidade de díades de conflito não estatal; quantidade de díades de violência unilateral,existência de conflito estatal no ano-base; existência de conflito interestatal; existência de conflito não estatal,"Syria: 100.0% de risco estimado para 2024, classificado como risco muito alto.","Para Syria, o modelo estimou 100.0% de probabilidade de violência organizada em 2024, classificando o caso como risco muito alto. Os principais grupos associados à estimativa foram: histórico e intensidade de conflitos UCDP; persistência temporal de conflito; indicadores socioeconômicos World Bank. Sinais que elevaram a estimativa: quantidade de díades de conflito estatal; quantidade de díades de conflito não estatal; quantidade de díades de violência unilateral. Sinais que reduziram a estimativa no modelo: existência de conflito estatal no ano-base; existência de conflito interestatal; existência de conflito não estatal.",Explicação aproximada baseada em coeficientes e valores relativos das features; não representa causalidade direta.
Pakistan,Asia,2023,2024,0.999906873084338,100.0%,very_high,risco muito alto,1,1,true_positive,histórico e intensidade de conflitos UCDP; persistência temporal de conflito; indicadores socioeconômicos World Bank,quantidade de díades de conflito estatal; quantidade de díades de violência unilateral; frequência de conflito nos últimos 5 anos,existência de conflito estatal no ano-base; existência de conflito interestatal; existência de conflito não estatal,"Pakistan: 100.0% de risco estimado para 2024, classificado como risco muito alto.","Para Pakistan, o modelo estimou 100.0% de probabilidade de violência organizada em 2024, classificando o caso como risco muito alto. Os principais grupos associados à estimativa foram: histórico e intensidade de conflitos UCDP; persistência temporal de conflito; indicadores socioeconômicos World Bank. Sinais que elevaram a estimativa: quantidade de díades de conflito estatal; quantidade de díades de violência unilateral; frequência de conflito nos últimos 5 anos. Sinais que reduziram a estimativa no modelo: existência de conflito estatal no ano-base; existência de conflito interestatal; existência de conflito não estatal.",Explicação aproximada baseada em coeficientes e valores relativos das features; não representa causalidade direta.
Cameroon,Africa,2023,2024,0.9999049399236164,100.0%,very_high,risco muito alto,1,1,true_positive,histórico e intensidade de conflitos UCDP; persistência temporal de conflito; indicadores socioeconômicos World Bank,quantidade de díades de conflito estatal; quantidade de díades de violência unilateral; quantidade de díades de conflito não estatal,existência de conflito estatal no ano-base; existência de conflito não estatal; existência de violência unilateral,"Cameroon: 100.0% de risco estimado para 2024, classificado como risco muito alto.","Para Cameroon, o modelo estimou 100.0% de probabilidade de violência organizada em 2024, classificando o caso como risco muito alto. Os principais grupos associados à estimativa foram: histórico e intensidade de conflitos UCDP; persistência temporal de conflito; indicadores socioeconômicos World Bank. Sinais que elevaram a estimativa: quantidade de díades de conflito estatal; quantidade de díades de violência unilateral; quantidade de díades de conflito não estatal. Sinais que reduziram a estimativa no modelo: existência de conflito estatal no ano-base; existência de conflito não estatal; existência de violência unilateral.",Explicação aproximada baseada em coeficientes e valores relativos das features; não representa causalidade direta.
Ecuador,Americas,2023,2024,0.9998384495744284,100.0%,very_high,risco muito alto,1,1,true_positive,histórico e intensidade de conflitos UCDP; persistência temporal de conflito; indicadores socioeconômicos World Bank,quantidade de díades de conflito não estatal; frequência de conflito nos últimos 5 anos; existência de violência organizada no ano-base,existência de conflito não estatal; crescimento populacional anual; mortes estimadas em conflitos não estatais,"Ecuador: 100.0% de risco estimado para 2024, classificado como risco muito alto.","Para Ecuador, o modelo estimou 100.0% de probabilidade de violência organizada em 2024, classificando o caso como risco muito alto. Os principais grupos associados à estimativa foram: histórico e intensidade de conflitos UCDP; persistência temporal de conflito; indicadores socioeconômicos World Bank. Sinais que elevaram a estimativa: quantidade de díades de conflito não estatal; frequência de conflito nos últimos 5 anos; existência de violência organizada no ano-base. Sinais que reduziram a estimativa no modelo: existência de conflito não estatal; crescimento populacional anual; mortes estimadas em conflitos não estatais.",Explicação aproximada baseada em coeficientes e valores relativos das features; não representa causalidade direta.
Somalia,Africa,2023,2024,0.9996080494785922,100.0%,very_high,risco muito alto,1,1,true_positive,histórico e intensidade de conflitos UCDP; persistência temporal de conflito; indicadores socioeconômicos World Bank,quantidade de díades de conflito não estatal; frequência de conflito nos últimos 5 anos; quantidade de díades de violência unilateral,existência de conflito estatal no ano-base; existência de conflito não estatal; existência de violência unilateral,"Somalia: 100.0% de risco estimado para 2024, classificado como risco muito alto.","Para Somalia, o modelo estimou 100.0% de probabilidade de violência organizada em 2024, classificando o caso como risco muito alto. Os principais grupos associados à estimativa foram: histórico e intensidade de conflitos UCDP; persistência temporal de conflito; indicadores socioeconômicos World Bank. Sinais que elevaram a estimativa: quantidade de díades de conflito não estatal; frequência de conflito nos últimos 5 anos; quantidade de díades de violência unilateral. Sinais que reduziram a estimativa no modelo: existência de conflito estatal no ano-base; existência de conflito não estatal; existência de violência unilateral.",Explicação aproximada baseada em coeficientes e valores relativos das features; não representa causalidade direta.
Niger,Africa,2023,2024,0.9996057438574276,100.0%,very_high,risco muito alto,1,1,true_positive,histórico e intensidade de conflitos UCDP; persistência temporal de conflito; indicadores socioeconômicos World Bank,quantidade de díades de conflito estatal; frequência de conflito nos últimos 5 anos; quantidade de díades de violência unilateral,existência de conflito estatal no ano-base; existência de conflito não estatal; existência de violência unilateral,"Niger: 100.0% de risco estimado para 2024, classificado como risco muito alto.","Para Niger, o modelo estimou 100.0% de probabilidade de violência organizada em 2024, classificando o caso como risco muito alto. Os principais grupos associados à estimativa foram: histórico e intensidade de conflitos UCDP; persistência temporal de conflito; indicadores socioeconômicos World Bank. Sinais que elevaram a estimativa: quantidade de díades de conflito estatal; frequência de conflito nos últimos 5 anos; quantidade de díades de violência unilateral. Sinais que reduziram a estimativa no modelo: existência de conflito estatal no ano-base; existência de conflito não estatal; existência de violência unilateral.",Explicação aproximada baseada em coeficientes e valores relativos das features; não representa causalidade direta.
Afghanistan,Asia,2023,2024,0.9985335256319816,99.9%,very_high,risco muito alto,1,1,true_positive,histórico e intensidade de conflitos UCDP; persistência temporal de conflito; indicadores socioeconômicos World Bank,quantidade de díades de conflito estatal; frequência de conflito nos últimos 5 anos; existência de violência organizada no ano-base,existência de conflito estatal no ano-base; existência de conflito interestatal; mortes acumuladas nos últimos 5 anos,"Afghanistan: 99.9% de risco estimado para 2024, classificado como risco muito alto.","Para Afghanistan, o modelo estimou 99.9% de probabilidade de violência organizada em 2024, classificando o caso como risco muito alto. Os principais grupos associados à estimativa foram: histórico e intensidade de conflitos UCDP; persistência temporal de conflito; indicadores socioeconômicos World Bank. Sinais que elevaram a estimativa: quantidade de díades de conflito estatal; frequência de conflito nos últimos 5 anos; existência de violência organizada no ano-base. Sinais que reduziram a estimativa no modelo: existência de conflito estatal no ano-base; existência de conflito interestatal; mortes acumuladas nos últimos 5 anos.",Explicação aproximada baseada em coeficientes e valores relativos das features; não representa causalidade direta.
Philippines,Asia,2023,2024,0.9983481835604124,99.8%,very_high,risco muito alto,1,1,true_positive,histórico e intensidade de conflitos UCDP; persistência temporal de conflito; indicadores socioeconômicos World Bank,quantidade de díades de conflito estatal; frequência de conflito nos últimos 5 anos; quantidade de díades de violência unilateral,existência de conflito estatal no ano-base; existência de violência unilateral; crescimento anual do PIB,"Philippines: 99.8% de risco estimado para 2024, classificado como risco muito alto.","Para Philippines, o modelo estimou 99.8% de probabilidade de violência organizada em 2024, classificando o caso como risco muito alto. Os principais grupos associados à estimativa foram: histórico e intensidade de conflitos UCDP; persistência temporal de conflito; indicadores socioeconômicos World Bank. Sinais que elevaram a estimativa: quantidade de díades de conflito estatal; frequência de conflito nos últimos 5 anos; quantidade de díades de violência unilateral. Sinais que reduziram a estimativa no modelo: existência de conflito estatal no ano-base; existência de violência unilateral; crescimento anual do PIB.",Explicação aproximada baseada em coeficientes e valores relativos das features; não representa causalidade direta.
Haiti,Americas,2023,2024,0.9983387811424816,99.8%,very_high,risco muito alto,1,1,true_positive,histórico e intensidade de conflitos UCDP; persistência temporal de conflito; indicadores socioeconômicos World Bank,quantidade de díades de violência unilateral; frequência de conflito nos últimos 5 anos; existência de violência organizada no ano-base,existência de conflito não estatal; existência de violência unilateral; desemprego,"Haiti: 99.8% de risco estimado para 2024, classificado como risco muito alto.","Para Haiti, o modelo estimou 99.8% de probabilidade de violência organizada em 2024, classificando o caso como risco muito alto. Os principais grupos associados à estimativa foram: histórico e intensidade de conflitos UCDP; persistência temporal de conflito; indicadores socioeconômicos World Bank. Sinais que elevaram a estimativa: quantidade de díades de violência unilateral; frequência de conflito nos últimos 5 anos; existência de violência organizada no ano-base. Sinais que reduziram a estimativa no modelo: existência de conflito não estatal; existência de violência unilateral; desemprego.",Explicação aproximada baseada em coeficientes e valores relativos das features; não representa causalidade direta.
Central African Republic,Africa,2023,2024,0.9982042152456696,99.8%,very_high,risco muito alto,1,1,true_positive,histórico e intensidade de conflitos UCDP; persistência temporal de conflito; indicadores socioeconômicos World Bank,quantidade de díades de conflito estatal; frequência de conflito nos últimos 5 anos; quantidade de díades de violência unilateral,existência de conflito estatal no ano-base; existência de conflito não estatal; existência de violência unilateral,"Central African Republic: 99.8% de risco estimado para 2024, classificado como risco muito alto.","Para Central African Republic, o modelo estimou 99.8% de probabilidade de violência organizada em 2024, classificando o caso como risco muito alto. Os principais grupos associados à estimativa foram: histórico e intensidade de conflitos UCDP; persistência temporal de conflito; indicadores socioeconômicos World Bank. Sinais que elevaram a estimativa: quantidade de díades de conflito estatal; frequência de conflito nos últimos 5 anos; quantidade de díades de violência unilateral. Sinais que reduziram a estimativa no modelo: existência de conflito estatal no ano-base; existência de conflito não estatal; existência de violência unilateral.",Explicação aproximada baseada em coeficientes e valores relativos das features; não representa causalidade direta.
South Sudan,Africa,2023,2024,0.99811075732262,99.8%,very_high,risco muito alto,1,1,true_positive,histórico e intensidade de conflitos UCDP; persistência temporal de conflito; indicadores socioeconômicos World Bank,quantidade de díades de conflito não estatal; frequência de conflito nos últimos 5 anos; existência de violência organizada no ano-base,existência de conflito estatal no ano-base; existência de conflito não estatal; existência de violência unilateral,"South Sudan: 99.8% de risco estimado para 2024, classificado como risco muito alto.","Para South Sudan, o modelo estimou 99.8% de probabilidade de violência organizada em 2024, classificando o caso como risco muito alto. Os principais grupos associados à estimativa foram: histórico e intensidade de conflitos UCDP; persistência temporal de conflito; indicadores socioeconômicos World Bank. Sinais que elevaram a estimativa: quantidade de díades de conflito não estatal; frequência de conflito nos últimos 5 anos; existência de violência organizada no ano-base. Sinais que reduziram a estimativa no modelo: existência de conflito estatal no ano-base; existência de conflito não estatal; existência de violência unilateral.",Explicação aproximada baseada em coeficientes e valores relativos das features; não representa causalidade direta.
Israel,Middle East,2023,2024,0.9978125609697422,99.8%,very_high,risco muito alto,1,1,true_positive,histórico e intensidade de conflitos UCDP; persistência temporal de conflito; indicadores socioeconômicos World Bank,quantidade de díades de conflito estatal; frequência de conflito nos últimos 5 anos; existência de violência organizada no ano-base,mortes estimadas em conflitos intraestatais; existência de conflito estatal no ano-base; PIB per capita,"Israel: 99.8% de risco estimado para 2024, classificado como risco muito alto.","Para Israel, o modelo estimou 99.8% de probabilidade de violência organizada em 2024, classificando o caso como risco muito alto. Os principais grupos associados à estimativa foram: histórico e intensidade de conflitos UCDP; persistência temporal de conflito; indicadores socioeconômicos World Bank. Sinais que elevaram a estimativa: quantidade de díades de conflito estatal; frequência de conflito nos últimos 5 anos; existência de violência organizada no ano-base. Sinais que reduziram a estimativa no modelo: mortes estimadas em conflitos intraestatais; existência de conflito estatal no ano-base; PIB per capita.",Explicação aproximada baseada em coeficientes e valores relativos das features; não representa causalidade direta.
Burkina Faso,Africa,2023,2024,0.9972360282684544,99.7%,very_high,risco muito alto,1,1,true_positive,histórico e intensidade de conflitos UCDP; persistência temporal de conflito; indicadores socioeconômicos World Bank,frequência de conflito nos últimos 5 anos; quantidade de díades de violência unilateral; quantidade de díades de conflito estatal,existência de conflito estatal no ano-base; existência de conflito não estatal; existência de violência unilateral,"Burkina Faso: 99.7% de risco estimado para 2024, classificado como risco muito alto.","Para Burkina Faso, o modelo estimou 99.7% de probabilidade de violência organizada em 2024, classificando o caso como risco muito alto. Os principais grupos associados à estimativa foram: histórico e intensidade de conflitos UCDP; persistência temporal de conflito; indicadores socioeconômicos World Bank. Sinais que elevaram a estimativa: frequência de conflito nos últimos 5 anos; quantidade de díades de violência unilateral; quantidade de díades de conflito estatal. Sinais que reduziram a estimativa no modelo: existência de conflito estatal no ano-base; existência de conflito não estatal; existência de violência unilateral.",Explicação aproximada baseada em coeficientes e valores relativos das features; não representa causalidade direta.
Russia (Soviet Union),Europe,2023,2024,0.9947576766148728,99.5%,very_high,risco muito alto,1,1,true_positive,histórico e intensidade de conflitos UCDP; persistência temporal de conflito; indicadores socioeconômicos World Bank,quantidade de díades de conflito estatal; frequência de conflito nos últimos 5 anos; existência de violência organizada no ano-base,existência de conflito estatal no ano-base; existência de conflito interestatal; crescimento populacional anual,"Russia (Soviet Union): 99.5% de risco estimado para 2024, classificado como risco muito alto.","Para Russia (Soviet Union), o modelo estimou 99.5% de probabilidade de violência organizada em 2024, classificando o caso como risco muito alto. Os principais grupos associados à estimativa foram: histórico e intensidade de conflitos UCDP; persistência temporal de conflito; indicadores socioeconômicos World Bank. Sinais que elevaram a estimativa: quantidade de díades de conflito estatal; frequência de conflito nos últimos 5 anos; existência de violência organizada no ano-base. Sinais que reduziram a estimativa no modelo: existência de conflito estatal no ano-base; existência de conflito interestatal; crescimento populacional anual.",Explicação aproximada baseada em coeficientes e valores relativos das features; não representa causalidade direta.
Mozambique,Africa,2023,2024,0.992739987113705,99.3%,very_high,risco muito alto,1,1,true_positive,histórico e intensidade de conflitos UCDP; persistência temporal de conflito; indicadores socioeconômicos World Bank,frequência de conflito nos últimos 5 anos; quantidade de díades de conflito estatal; existência de violência organizada no ano-base,existência de conflito estatal no ano-base; existência de conflito não estatal; existência de violência unilateral,"Mozambique: 99.3% de risco estimado para 2024, classificado como risco muito alto.","Para Mozambique, o modelo estimou 99.3% de probabilidade de violência organizada em 2024, classificando o caso como risco muito alto. Os principais grupos associados à estimativa foram: histórico e intensidade de conflitos UCDP; persistência temporal de conflito; indicadores socioeconômicos World Bank. Sinais que elevaram a estimativa: frequência de conflito nos últimos 5 anos; quantidade de díades de conflito estatal; existência de violência organizada no ano-base. Sinais que reduziram a estimativa no modelo: existência de conflito estatal no ano-base; existência de conflito não estatal; existência de violência unilateral.",Explicação aproximada baseada em coeficientes e valores relativos das features; não representa causalidade direta.
Iran,Middle East,2023,2024,0.985701319761526,98.6%,very_high,risco muito alto,1,1,true_positive,histórico e intensidade de conflitos UCDP; persistência temporal de conflito; indicadores socioeconômicos World Bank,quantidade de díades de conflito estatal; frequência de conflito nos últimos 5 anos; existência de violência organizada no ano-base,existência de conflito estatal no ano-base; existência de violência unilateral; crescimento anual do PIB,"Iran: 98.6% de risco estimado para 2024, classificado como risco muito alto.","Para Iran, o modelo estimou 98.6% de probabilidade de violência organizada em 2024, classificando o caso como risco muito alto. Os principais grupos associados à estimativa foram: histórico e intensidade de conflitos UCDP; persistência temporal de conflito; indicadores socioeconômicos World Bank. Sinais que elevaram a estimativa: quantidade de díades de conflito estatal; frequência de conflito nos últimos 5 anos; existência de violência organizada no ano-base. Sinais que reduziram a estimativa no modelo: existência de conflito estatal no ano-base; existência de violência unilateral; crescimento anual do PIB.",Explicação aproximada baseada em coeficientes e valores relativos das features; não representa causalidade direta.
Kenya,Africa,2023,2024,0.9847991421761728,98.5%,very_high,risco muito alto,1,1,true_positive,histórico e intensidade de conflitos UCDP; persistência temporal de conflito; indicadores socioeconômicos World Bank,frequência de conflito nos últimos 5 anos; quantidade de díades de conflito estatal; existência de violência organizada no ano-base,existência de conflito estatal no ano-base; existência de violência unilateral; crescimento anual do PIB,"Kenya: 98.5% de risco estimado para 2024, classificado como risco muito alto.","Para Kenya, o modelo estimou 98.5% de probabilidade de violência organizada em 2024, classificando o caso como risco muito alto. Os principais grupos associados à estimativa foram: histórico e intensidade de conflitos UCDP; persistência temporal de conflito; indicadores socioeconômicos World Bank. Sinais que elevaram a estimativa: frequência de conflito nos últimos 5 anos; quantidade de díades de conflito estatal; existência de violência organizada no ano-base. Sinais que reduziram a estimativa no modelo: existência de conflito estatal no ano-base; existência de violência unilateral; crescimento anual do PIB.",Explicação aproximada baseada em coeficientes e valores relativos das features; não representa causalidade direta.
Chad,Africa,2023,2024,0.9827526403756544,98.3%,very_high,risco muito alto,1,1,true_positive,histórico e intensidade de conflitos UCDP; persistência temporal de conflito; indicadores socioeconômicos World Bank,frequência de conflito nos últimos 5 anos; existência de violência organizada no ano-base; existência de conflito intraestatal,existência de conflito estatal no ano-base; existência de conflito não estatal; existência de violência unilateral,"Chad: 98.3% de risco estimado para 2024, classificado como risco muito alto.","Para Chad, o modelo estimou 98.3% de probabilidade de violência organizada em 2024, classificando o caso como risco muito alto. Os principais grupos associados à estimativa foram: histórico e intensidade de conflitos UCDP; persistência temporal de conflito; indicadores socioeconômicos World Bank. Sinais que elevaram a estimativa: frequência de conflito nos últimos 5 anos; existência de violência organizada no ano-base; existência de conflito intraestatal. Sinais que reduziram a estimativa no modelo: existência de conflito estatal no ano-base; existência de conflito não estatal; existência de violência unilateral.",Explicação aproximada baseada em coeficientes e valores relativos das features; não representa causalidade direta.
Burundi,Africa,2023,2024,0.9731091475765812,97.3%,very_high,risco muito alto,1,1,true_positive,histórico e intensidade de conflitos UCDP; persistência temporal de conflito; indicadores socioeconômicos World Bank,frequência de conflito nos últimos 5 anos; existência de violência organizada no ano-base; existência de conflito intraestatal,existência de conflito estatal no ano-base; existência de violência unilateral; crescimento anual do PIB,"Burundi: 97.3% de risco estimado para 2024, classificado como risco muito alto.","Para Burundi, o modelo estimou 97.3% de probabilidade de violência organizada em 2024, classificando o caso como risco muito alto. Os principais grupos associados à estimativa foram: histórico e intensidade de conflitos UCDP; persistência temporal de conflito; indicadores socioeconômicos World Bank. Sinais que elevaram a estimativa: frequência de conflito nos últimos 5 anos; existência de violência organizada no ano-base; existência de conflito intraestatal. Sinais que reduziram a estimativa no modelo: existência de conflito estatal no ano-base; existência de violência unilateral; crescimento anual do PIB.",Explicação aproximada baseada em coeficientes e valores relativos das features; não representa causalidade direta.
Iraq,Middle East,2023,2024,0.9713154620031303,97.1%,very_high,risco muito alto,1,1,true_positive,histórico e intensidade de conflitos UCDP; persistência temporal de conflito; indicadores socioeconômicos World Bank,frequência de conflito nos últimos 5 anos; quantidade de díades de conflito estatal; existência de violência organizada no ano-base,existência de conflito estatal no ano-base; existência de violência unilateral; desemprego,"Iraq: 97.1% de risco estimado para 2024, classificado como risco muito alto.","Para Iraq, o modelo estimou 97.1% de probabilidade de violência organizada em 2024, classificando o caso como risco muito alto. Os principais grupos associados à estimativa foram: histórico e intensidade de conflitos UCDP; persistência temporal de conflito; indicadores socioeconômicos World Bank. Sinais que elevaram a estimativa: frequência de conflito nos últimos 5 anos; quantidade de díades de conflito estatal; existência de violência organizada no ano-base. Sinais que reduziram a estimativa no modelo: existência de conflito estatal no ano-base; existência de violência unilateral; desemprego.",Explicação aproximada baseada em coeficientes e valores relativos das features; não representa causalidade direta.
Indonesia,Asia,2023,2024,0.9678379536014926,96.8%,very_high,risco muito alto,1,1,true_positive,histórico e intensidade de conflitos UCDP; persistência temporal de conflito; indicadores socioeconômicos World Bank,frequência de conflito nos últimos 5 anos; existência de violência organizada no ano-base; existência de conflito intraestatal,existência de conflito estatal no ano-base; existência de violência unilateral; crescimento anual do PIB,"Indonesia: 96.8% de risco estimado para 2024, classificado como risco muito alto.","Para Indonesia, o modelo estimou 96.8% de probabilidade de violência organizada em 2024, classificando o caso como risco muito alto. Os principais grupos associados à estimativa foram: histórico e intensidade de conflitos UCDP; persistência temporal de conflito; indicadores socioeconômicos World Bank. Sinais que elevaram a estimativa: frequência de conflito nos últimos 5 anos; existência de violência organizada no ano-base; existência de conflito intraestatal. Sinais que reduziram a estimativa no modelo: existência de conflito estatal no ano-base; existência de violência unilateral; crescimento anual do PIB.",Explicação aproximada baseada em coeficientes e valores relativos das features; não representa causalidade direta.
Bangladesh,Asia,2023,2024,0.9672672102341272,96.7%,very_high,risco muito alto,1,1,true_positive,histórico e intensidade de conflitos UCDP; persistência temporal de conflito; indicadores socioeconômicos World Bank,frequência de conflito nos últimos 5 anos; existência de violência organizada no ano-base; quantidade de díades de conflito não estatal,existência de conflito não estatal; existência de violência unilateral; crescimento anual do PIB,"Bangladesh: 96.7% de risco estimado para 2024, classificado como risco muito alto.","Para Bangladesh, o modelo estimou 96.7% de probabilidade de violência organizada em 2024, classificando o caso como risco muito alto. Os principais grupos associados à estimativa foram: histórico e intensidade de conflitos UCDP; persistência temporal de conflito; indicadores socioeconômicos World Bank. Sinais que elevaram a estimativa: frequência de conflito nos últimos 5 anos; existência de violência organizada no ano-base; quantidade de díades de conflito não estatal. Sinais que reduziram a estimativa no modelo: existência de conflito não estatal; existência de violência unilateral; crescimento anual do PIB.",Explicação aproximada baseada em coeficientes e valores relativos das features; não representa causalidade direta.
Yemen (North Yemen),Middle East,2023,2024,0.9624803127671911,96.2%,very_high,risco muito alto,1,1,true_positive,histórico e intensidade de conflitos UCDP; persistência temporal de conflito; indicadores socioeconômicos World Bank,frequência de conflito nos últimos 5 anos; quantidade de díades de conflito estatal; existência de violência organizada no ano-base,existência de conflito estatal no ano-base; existência de conflito interestatal; existência de conflito não estatal,"Yemen (North Yemen): 96.2% de risco estimado para 2024, classificado como risco muito alto.","Para Yemen (North Yemen), o modelo estimou 96.2% de probabilidade de violência organizada em 2024, classificando o caso como risco muito alto. Os principais grupos associados à estimativa foram: histórico e intensidade de conflitos UCDP; persistência temporal de conflito; indicadores socioeconômicos World Bank. Sinais que elevaram a estimativa: frequência de conflito nos últimos 5 anos; quantidade de díades de conflito estatal; existência de violência organizada no ano-base. Sinais que reduziram a estimativa no modelo: existência de conflito estatal no ano-base; existência de conflito interestatal; existência de conflito não estatal.",Explicação aproximada baseada em coeficientes e valores relativos das features; não representa causalidade direta.
Venezuela,Americas,2023,2024,0.9390185591365908,93.9%,very_high,risco muito alto,1,1,true_positive,histórico e intensidade de conflitos UCDP; persistência temporal de conflito; indicadores socioeconômicos World Bank,frequência de conflito nos últimos 5 anos; quantidade de díades de violência unilateral; existência de violência organizada no ano-base,existência de violência unilateral; crescimento populacional anual; crescimento anual do PIB,"Venezuela: 93.9% de risco estimado para 2024, classificado como risco muito alto.","Para Venezuela, o modelo estimou 93.9% de probabilidade de violência organizada em 2024, classificando o caso como risco muito alto. Os principais grupos associados à estimativa foram: histórico e intensidade de conflitos UCDP; persistência temporal de conflito; indicadores socioeconômicos World Bank. Sinais que elevaram a estimativa: frequência de conflito nos últimos 5 anos; quantidade de díades de violência unilateral; existência de violência organizada no ano-base. Sinais que reduziram a estimativa no modelo: existência de violência unilateral; crescimento populacional anual; crescimento anual do PIB.",Explicação aproximada baseada em coeficientes e valores relativos das features; não representa causalidade direta.
Egypt,Middle East,2023,2024,0.9374916633356926,93.7%,very_high,risco muito alto,1,0,false_positive,histórico e intensidade de conflitos UCDP; persistência temporal de conflito; indicadores socioeconômicos World Bank,frequência de conflito nos últimos 5 anos; existência de violência organizada no ano-base; existência de conflito intraestatal,existência de conflito estatal no ano-base; existência de violência unilateral; crescimento anual do PIB,"Egypt: 93.7% de risco estimado para 2024, classificado como risco muito alto.","Para Egypt, o modelo estimou 93.7% de probabilidade de violência organizada em 2024, classificando o caso como risco muito alto. Os principais grupos associados à estimativa foram: histórico e intensidade de conflitos UCDP; persistência temporal de conflito; indicadores socioeconômicos World Bank. Sinais que elevaram a estimativa: frequência de conflito nos últimos 5 anos; existência de violência organizada no ano-base; existência de conflito intraestatal. Sinais que reduziram a estimativa no modelo: existência de conflito estatal no ano-base; existência de violência unilateral; crescimento anual do PIB.",Explicação aproximada baseada em coeficientes e valores relativos das features; não representa causalidade direta.
Angola,Africa,2023,2024,0.9263707184291656,92.6%,very_high,risco muito alto,1,1,true_positive,histórico e intensidade de conflitos UCDP; persistência temporal de conflito; indicadores socioeconômicos World Bank,frequência de conflito nos últimos 5 anos; existência de violência organizada no ano-base; existência de conflito intraestatal,existência de conflito estatal no ano-base; desemprego; gasto militar como percentual do PIB,"Angola: 92.6% de risco estimado para 2024, classificado como risco muito alto.","Para Angola, o modelo estimou 92.6% de probabilidade de violência organizada em 2024, classificando o caso como risco muito alto. Os principais grupos associados à estimativa foram: histórico e intensidade de conflitos UCDP; persistência temporal de conflito; indicadores socioeconômicos World Bank. Sinais que elevaram a estimativa: frequência de conflito nos últimos 5 anos; existência de violência organizada no ano-base; existência de conflito intraestatal. Sinais que reduziram a estimativa no modelo: existência de conflito estatal no ano-base; desemprego; gasto militar como percentual do PIB.",Explicação aproximada baseada em coeficientes e valores relativos das features; não representa causalidade direta.
Uganda,Africa,2023,2024,0.9240055839296284,92.4%,very_high,risco muito alto,1,1,true_positive,histórico e intensidade de conflitos UCDP; persistência temporal de conflito; indicadores socioeconômicos World Bank,frequência de conflito nos últimos 5 anos; existência de violência organizada no ano-base; existência de conflito intraestatal,existência de conflito estatal no ano-base; existência de violência unilateral; crescimento anual do PIB,"Uganda: 92.4% de risco estimado para 2024, classificado como risco muito alto.","Para Uganda, o modelo estimou 92.4% de probabilidade de violência organizada em 2024, classificando o caso como risco muito alto. Os principais grupos associados à estimativa foram: histórico e intensidade de conflitos UCDP; persistência temporal de conflito; indicadores socioeconômicos World Bank. Sinais que elevaram a estimativa: frequência de conflito nos últimos 5 anos; existência de violência organizada no ano-base; existência de conflito intraestatal. Sinais que reduziram a estimativa no modelo: existência de conflito estatal no ano-base; existência de violência unilateral; crescimento anual do PIB.",Explicação aproximada baseada em coeficientes e valores relativos das features; não representa causalidade direta.
Thailand,Asia,2023,2024,0.9210597613256976,92.1%,very_high,risco muito alto,1,1,true_positive,histórico e intensidade de conflitos UCDP; persistência temporal de conflito; indicadores socioeconômicos World Bank,frequência de conflito nos últimos 5 anos; existência de violência organizada no ano-base; existência de conflito intraestatal,existência de conflito estatal no ano-base; existência de violência unilateral; crescimento populacional anual,"Thailand: 92.1% de risco estimado para 2024, classificado como risco muito alto.","Para Thailand, o modelo estimou 92.1% de probabilidade de violência organizada em 2024, classificando o caso como risco muito alto. Os principais grupos associados à estimativa foram: histórico e intensidade de conflitos UCDP; persistência temporal de conflito; indicadores socioeconômicos World Bank. Sinais que elevaram a estimativa: frequência de conflito nos últimos 5 anos; existência de violência organizada no ano-base; existência de conflito intraestatal. Sinais que reduziram a estimativa no modelo: existência de conflito estatal no ano-base; existência de violência unilateral; crescimento populacional anual.",Explicação aproximada baseada em coeficientes e valores relativos das features; não representa causalidade direta.
Honduras,Americas,2023,2024,0.9177651903244222,91.8%,very_high,risco muito alto,1,1,true_positive,histórico e intensidade de conflitos UCDP; persistência temporal de conflito; indicadores socioeconômicos World Bank,frequência de conflito nos últimos 5 anos; existência de violência organizada no ano-base; quantidade de díades de conflito não estatal,existência de conflito não estatal; existência de violência unilateral; crescimento anual do PIB,"Honduras: 91.8% de risco estimado para 2024, classificado como risco muito alto.","Para Honduras, o modelo estimou 91.8% de probabilidade de violência organizada em 2024, classificando o caso como risco muito alto. Os principais grupos associados à estimativa foram: histórico e intensidade de conflitos UCDP; persistência temporal de conflito; indicadores socioeconômicos World Bank. Sinais que elevaram a estimativa: frequência de conflito nos últimos 5 anos; existência de violência organizada no ano-base; quantidade de díades de conflito não estatal. Sinais que reduziram a estimativa no modelo: existência de conflito não estatal; existência de violência unilateral; crescimento anual do PIB.",Explicação aproximada baseada em coeficientes e valores relativos das features; não representa causalidade direta.
Benin,Africa,2023,2024,0.9167107753520846,91.7%,very_high,risco muito alto,1,1,true_positive,histórico e intensidade de conflitos UCDP; persistência temporal de conflito; indicadores socioeconômicos World Bank,frequência de conflito nos últimos 5 anos; existência de violência organizada no ano-base; existência de conflito intraestatal,existência de conflito estatal no ano-base; existência de violência unilateral; crescimento anual do PIB,"Benin: 91.7% de risco estimado para 2024, classificado como risco muito alto.","Para Benin, o modelo estimou 91.7% de probabilidade de violência organizada em 2024, classificando o caso como risco muito alto. Os principais grupos associados à estimativa foram: histórico e intensidade de conflitos UCDP; persistência temporal de conflito; indicadores socioeconômicos World Bank. Sinais que elevaram a estimativa: frequência de conflito nos últimos 5 anos; existência de violência organizada no ano-base; existência de conflito intraestatal. Sinais que reduziram a estimativa no modelo: existência de conflito estatal no ano-base; existência de violência unilateral; crescimento anual do PIB.",Explicação aproximada baseada em coeficientes e valores relativos das features; não representa causalidade direta.
Turkey,Middle East,2023,2024,0.892928308055665,89.3%,very_high,risco muito alto,1,1,true_positive,histórico e intensidade de conflitos UCDP; persistência temporal de conflito; indicadores socioeconômicos World Bank,frequência de conflito nos últimos 5 anos; existência de violência organizada no ano-base; existência de conflito intraestatal,existência de conflito estatal no ano-base; existência de violência unilateral; matrícula no ensino secundário,"Turkey: 89.3% de risco estimado para 2024, classificado como risco muito alto.","Para Turkey, o modelo estimou 89.3% de probabilidade de violência organizada em 2024, classificando o caso como risco muito alto. Os principais grupos associados à estimativa foram: histórico e intensidade de conflitos UCDP; persistência temporal de conflito; indicadores socioeconômicos World Bank. Sinais que elevaram a estimativa: frequência de conflito nos últimos 5 anos; existência de violência organizada no ano-base; existência de conflito intraestatal. Sinais que reduziram a estimativa no modelo: existência de conflito estatal no ano-base; existência de violência unilateral; matrícula no ensino secundário.",Explicação aproximada baseada em coeficientes e valores relativos das features; não representa causalidade direta.
Tunisia,Africa,2023,2024,0.8887010857305689,88.9%,very_high,risco muito alto,1,0,false_positive,histórico e intensidade de conflitos UCDP; persistência temporal de conflito; indicadores socioeconômicos World Bank,frequência de conflito nos últimos 5 anos; existência de violência organizada no ano-base; existência de conflito intraestatal,existência de conflito estatal no ano-base; desemprego; crescimento populacional anual,"Tunisia: 88.9% de risco estimado para 2024, classificado como risco muito alto.","Para Tunisia, o modelo estimou 88.9% de probabilidade de violência organizada em 2024, classificando o caso como risco muito alto. Os principais grupos associados à estimativa foram: histórico e intensidade de conflitos UCDP; persistência temporal de conflito; indicadores socioeconômicos World Bank. Sinais que elevaram a estimativa: frequência de conflito nos últimos 5 anos; existência de violência organizada no ano-base; existência de conflito intraestatal. Sinais que reduziram a estimativa no modelo: existência de conflito estatal no ano-base; desemprego; crescimento populacional anual.",Explicação aproximada baseada em coeficientes e valores relativos das features; não representa causalidade direta.
Algeria,Africa,2023,2024,0.8865053857081961,88.7%,very_high,risco muito alto,1,1,true_positive,histórico e intensidade de conflitos UCDP; persistência temporal de conflito; indicadores socioeconômicos World Bank,frequência de conflito nos últimos 5 anos; existência de violência organizada no ano-base; existência de conflito intraestatal,existência de conflito estatal no ano-base; matrícula no ensino secundário; desemprego,"Algeria: 88.7% de risco estimado para 2024, classificado como risco muito alto.","Para Algeria, o modelo estimou 88.7% de probabilidade de violência organizada em 2024, classificando o caso como risco muito alto. Os principais grupos associados à estimativa foram: histórico e intensidade de conflitos UCDP; persistência temporal de conflito; indicadores socioeconômicos World Bank. Sinais que elevaram a estimativa: frequência de conflito nos últimos 5 anos; existência de violência organizada no ano-base; existência de conflito intraestatal. Sinais que reduziram a estimativa no modelo: existência de conflito estatal no ano-base; matrícula no ensino secundário; desemprego.",Explicação aproximada baseada em coeficientes e valores relativos das features; não representa causalidade direta.
Azerbaijan,Europe,2023,2024,0.874602957299001,87.5%,very_high,risco muito alto,1,0,false_positive,histórico e intensidade de conflitos UCDP; persistência temporal de conflito; indicadores socioeconômicos World Bank,frequência de conflito nos últimos 5 anos; existência de violência organizada no ano-base; existência de conflito intraestatal,existência de conflito estatal no ano-base; crescimento populacional anual; mortes acumuladas nos últimos 5 anos,"Azerbaijan: 87.5% de risco estimado para 2024, classificado como risco muito alto.","Para Azerbaijan, o modelo estimou 87.5% de probabilidade de violência organizada em 2024, classificando o caso como risco muito alto. Os principais grupos associados à estimativa foram: histórico e intensidade de conflitos UCDP; persistência temporal de conflito; indicadores socioeconômicos World Bank. Sinais que elevaram a estimativa: frequência de conflito nos últimos 5 anos; existência de violência organizada no ano-base; existência de conflito intraestatal. Sinais que reduziram a estimativa no modelo: existência de conflito estatal no ano-base; crescimento populacional anual; mortes acumuladas nos últimos 5 anos.",Explicação aproximada baseada em coeficientes e valores relativos das features; não representa causalidade direta.
Libya,Africa,2023,2024,0.8685694760988123,86.9%,very_high,risco muito alto,1,1,true_positive,histórico e intensidade de conflitos UCDP; persistência temporal de conflito; indicadores socioeconômicos World Bank,frequência de conflito nos últimos 5 anos; existência de violência organizada no ano-base; existência de conflito intraestatal,existência de conflito estatal no ano-base; crescimento anual do PIB; desemprego,"Libya: 86.9% de risco estimado para 2024, classificado como risco muito alto.","Para Libya, o modelo estimou 86.9% de probabilidade de violência organizada em 2024, classificando o caso como risco muito alto. Os principais grupos associados à estimativa foram: histórico e intensidade de conflitos UCDP; persistência temporal de conflito; indicadores socioeconômicos World Bank. Sinais que elevaram a estimativa: frequência de conflito nos últimos 5 anos; existência de violência organizada no ano-base; existência de conflito intraestatal. Sinais que reduziram a estimativa no modelo: existência de conflito estatal no ano-base; crescimento anual do PIB; desemprego.",Explicação aproximada baseada em coeficientes e valores relativos das features; não representa causalidade direta.
South Africa,Africa,2023,2024,0.8669155818017668,86.7%,very_high,risco muito alto,1,1,true_positive,histórico e intensidade de conflitos UCDP; persistência temporal de conflito; indicadores socioeconômicos World Bank,frequência de conflito nos últimos 5 anos; existência de violência organizada no ano-base; quantidade de díades de conflito não estatal,existência de conflito não estatal; desemprego; existência de violência unilateral,"South Africa: 86.7% de risco estimado para 2024, classificado como risco muito alto.","Para South Africa, o modelo estimou 86.7% de probabilidade de violência organizada em 2024, classificando o caso como risco muito alto. Os principais grupos associados à estimativa foram: histórico e intensidade de conflitos UCDP; persistência temporal de conflito; indicadores socioeconômicos World Bank. Sinais que elevaram a estimativa: frequência de conflito nos últimos 5 anos; existência de violência organizada no ano-base; quantidade de díades de conflito não estatal. Sinais que reduziram a estimativa no modelo: existência de conflito não estatal; desemprego; existência de violência unilateral.",Explicação aproximada baseada em coeficientes e valores relativos das features; não representa causalidade direta.
Togo,Africa,2023,2024,0.8660144818575386,86.6%,very_high,risco muito alto,1,1,true_positive,histórico e intensidade de conflitos UCDP; persistência temporal de conflito; indicadores socioeconômicos World Bank,existência de violência organizada no ano-base; existência de conflito intraestatal; quantidade de díades de conflito estatal,existência de conflito estatal no ano-base; existência de violência unilateral; crescimento anual do PIB,"Togo: 86.6% de risco estimado para 2024, classificado como risco muito alto.","Para Togo, o modelo estimou 86.6% de probabilidade de violência organizada em 2024, classificando o caso como risco muito alto. Os principais grupos associados à estimativa foram: histórico e intensidade de conflitos UCDP; persistência temporal de conflito; indicadores socioeconômicos World Bank. Sinais que elevaram a estimativa: existência de violência organizada no ano-base; existência de conflito intraestatal; quantidade de díades de conflito estatal. Sinais que reduziram a estimativa no modelo: existência de conflito estatal no ano-base; existência de violência unilateral; crescimento anual do PIB.",Explicação aproximada baseada em coeficientes e valores relativos das features; não representa causalidade direta.
Armenia,Europe,2023,2024,0.8519799225297238,85.2%,very_high,risco muito alto,1,0,false_positive,histórico e intensidade de conflitos UCDP; persistência temporal de conflito; indicadores socioeconômicos World Bank,frequência de conflito nos últimos 5 anos; existência de violência organizada no ano-base; existência de conflito intraestatal,existência de conflito estatal no ano-base; crescimento anual do PIB; crescimento populacional anual,"Armenia: 85.2% de risco estimado para 2024, classificado como risco muito alto.","Para Armenia, o modelo estimou 85.2% de probabilidade de violência organizada em 2024, classificando o caso como risco muito alto. Os principais grupos associados à estimativa foram: histórico e intensidade de conflitos UCDP; persistência temporal de conflito; indicadores socioeconômicos World Bank. Sinais que elevaram a estimativa: frequência de conflito nos últimos 5 anos; existência de violência organizada no ano-base; existência de conflito intraestatal. Sinais que reduziram a estimativa no modelo: existência de conflito estatal no ano-base; crescimento anual do PIB; crescimento populacional anual.",Explicação aproximada baseada em coeficientes e valores relativos das features; não representa causalidade direta.
Lebanon,Middle East,2023,2024,0.8383276979475452,83.8%,very_high,risco muito alto,1,1,true_positive,histórico e intensidade de conflitos UCDP; indicadores socioeconômicos World Bank; persistência temporal de conflito,quantidade de díades de conflito estatal; existência de violência organizada no ano-base; existência de conflito intraestatal,existência de conflito estatal no ano-base; crescimento populacional anual; desemprego,"Lebanon: 83.8% de risco estimado para 2024, classificado como risco muito alto.","Para Lebanon, o modelo estimou 83.8% de probabilidade de violência organizada em 2024, classificando o caso como risco muito alto. Os principais grupos associados à estimativa foram: histórico e intensidade de conflitos UCDP; indicadores socioeconômicos World Bank; persistência temporal de conflito. Sinais que elevaram a estimativa: quantidade de díades de conflito estatal; existência de violência organizada no ano-base; existência de conflito intraestatal. Sinais que reduziram a estimativa no modelo: existência de conflito estatal no ano-base; crescimento populacional anual; desemprego.",Explicação aproximada baseada em coeficientes e valores relativos das features; não representa causalidade direta.
Peru,Americas,2023,2024,0.8293681908174708,82.9%,very_high,risco muito alto,1,0,false_positive,histórico e intensidade de conflitos UCDP; persistência temporal de conflito; indicadores socioeconômicos World Bank,frequência de conflito nos últimos 5 anos; existência de violência organizada no ano-base; existência de conflito intraestatal,existência de conflito estatal no ano-base; matrícula no ensino secundário; PIB per capita,"Peru: 82.9% de risco estimado para 2024, classificado como risco muito alto.","Para Peru, o modelo estimou 82.9% de probabilidade de violência organizada em 2024, classificando o caso como risco muito alto. Os principais grupos associados à estimativa foram: histórico e intensidade de conflitos UCDP; persistência temporal de conflito; indicadores socioeconômicos World Bank. Sinais que elevaram a estimativa: frequência de conflito nos últimos 5 anos; existência de violência organizada no ano-base; existência de conflito intraestatal. Sinais que reduziram a estimativa no modelo: existência de conflito estatal no ano-base; matrícula no ensino secundário; PIB per capita.",Explicação aproximada baseada em coeficientes e valores relativos das features; não representa causalidade direta.
Saudi Arabia,Middle East,2023,2024,0.8117042624628157,81.2%,very_high,risco muito alto,1,0,false_positive,histórico e intensidade de conflitos UCDP; persistência temporal de conflito; indicadores socioeconômicos World Bank,frequência de conflito nos últimos 5 anos; existência de violência organizada no ano-base; existência de conflito intraestatal,existência de conflito estatal no ano-base; PIB per capita; inflação anual,"Saudi Arabia: 81.2% de risco estimado para 2024, classificado como risco muito alto.","Para Saudi Arabia, o modelo estimou 81.2% de probabilidade de violência organizada em 2024, classificando o caso como risco muito alto. Os principais grupos associados à estimativa foram: histórico e intensidade de conflitos UCDP; persistência temporal de conflito; indicadores socioeconômicos World Bank. Sinais que elevaram a estimativa: frequência de conflito nos últimos 5 anos; existência de violência organizada no ano-base; existência de conflito intraestatal. Sinais que reduziram a estimativa no modelo: existência de conflito estatal no ano-base; PIB per capita; inflação anual.",Explicação aproximada baseada em coeficientes e valores relativos das features; não representa causalidade direta.
Guatemala,Americas,2023,2024,0.8080086822399376,80.8%,very_high,risco muito alto,1,1,true_positive,histórico e intensidade de conflitos UCDP; persistência temporal de conflito; indicadores socioeconômicos World Bank,existência de violência organizada no ano-base; frequência de conflito nos últimos 5 anos; quantidade de díades de conflito não estatal,existência de conflito não estatal; existência de violência unilateral; gasto militar como percentual do PIB,"Guatemala: 80.8% de risco estimado para 2024, classificado como risco muito alto.","Para Guatemala, o modelo estimou 80.8% de probabilidade de violência organizada em 2024, classificando o caso como risco muito alto. Os principais grupos associados à estimativa foram: histórico e intensidade de conflitos UCDP; persistência temporal de conflito; indicadores socioeconômicos World Bank. Sinais que elevaram a estimativa: existência de violência organizada no ano-base; frequência de conflito nos últimos 5 anos; quantidade de díades de conflito não estatal. Sinais que reduziram a estimativa no modelo: existência de conflito não estatal; existência de violência unilateral; gasto militar como percentual do PIB.",Explicação aproximada baseada em coeficientes e valores relativos das features; não representa causalidade direta.
Morocco,Africa,2023,2024,0.8042397495796229,80.4%,very_high,risco muito alto,1,1,true_positive,histórico e intensidade de conflitos UCDP; persistência temporal de conflito; indicadores socioeconômicos World Bank,existência de violência organizada no ano-base; existência de conflito intraestatal; frequência de conflito nos últimos 5 anos,existência de conflito estatal no ano-base; desemprego; crescimento anual do PIB,"Morocco: 80.4% de risco estimado para 2024, classificado como risco muito alto.","Para Morocco, o modelo estimou 80.4% de probabilidade de violência organizada em 2024, classificando o caso como risco muito alto. Os principais grupos associados à estimativa foram: histórico e intensidade de conflitos UCDP; persistência temporal de conflito; indicadores socioeconômicos World Bank. Sinais que elevaram a estimativa: existência de violência organizada no ano-base; existência de conflito intraestatal; frequência de conflito nos últimos 5 anos. Sinais que reduziram a estimativa no modelo: existência de conflito estatal no ano-base; desemprego; crescimento anual do PIB.",Explicação aproximada baseada em coeficientes e valores relativos das features; não representa causalidade direta.
China,Asia,2023,2024,0.7945997534969037,79.5%,high,risco alto,1,0,false_positive,histórico e intensidade de conflitos UCDP; indicadores socioeconômicos World Bank; persistência temporal de conflito,população total; existência de violência organizada no ano-base; existência de conflito intraestatal,existência de conflito estatal no ano-base; crescimento populacional anual; crescimento anual do PIB,"China: 79.5% de risco estimado para 2024, classificado como risco alto.","Para China, o modelo estimou 79.5% de probabilidade de violência organizada em 2024, classificando o caso como risco alto. Os principais grupos associados à estimativa foram: histórico e intensidade de conflitos UCDP; indicadores socioeconômicos World Bank; persistência temporal de conflito. Sinais que elevaram a estimativa: população total; existência de violência organizada no ano-base; existência de conflito intraestatal. Sinais que reduziram a estimativa no modelo: existência de conflito estatal no ano-base; crescimento populacional anual; crescimento anual do PIB.",Explicação aproximada baseada em coeficientes e valores relativos das features; não representa causalidade direta.
Papua New Guinea,Asia,2023,2024,0.7632948523447602,76.3%,high,risco alto,1,1,true_positive,histórico e intensidade de conflitos UCDP; persistência temporal de conflito; indicadores socioeconômicos World Bank,existência de violência organizada no ano-base; frequência de conflito nos últimos 5 anos; quantidade de díades de violência unilateral,existência de violência unilateral; crescimento anual do PIB; gasto militar como percentual do PIB,"Papua New Guinea: 76.3% de risco estimado para 2024, classificado como risco alto.","Para Papua New Guinea, o modelo estimou 76.3% de probabilidade de violência organizada em 2024, classificando o caso como risco alto. Os principais grupos associados à estimativa foram: histórico e intensidade de conflitos UCDP; persistência temporal de conflito; indicadores socioeconômicos World Bank. Sinais que elevaram a estimativa: existência de violência organizada no ano-base; frequência de conflito nos últimos 5 anos; quantidade de díades de violência unilateral. Sinais que reduziram a estimativa no modelo: existência de violência unilateral; crescimento anual do PIB; gasto militar como percentual do PIB.",Explicação aproximada baseada em coeficientes e valores relativos das features; não representa causalidade direta.
Kingdom of eSwatini (Swaziland),Africa,2023,2024,0.726969502589635,72.7%,high,risco alto,1,0,false_positive,histórico e intensidade de conflitos UCDP; persistência temporal de conflito; indicadores socioeconômicos World Bank,frequência de conflito nos últimos 5 anos; existência de violência organizada no ano-base; quantidade de díades de violência unilateral,desemprego; existência de violência unilateral; crescimento populacional anual,"Kingdom of eSwatini (Swaziland): 72.7% de risco estimado para 2024, classificado como risco alto.","Para Kingdom of eSwatini (Swaziland), o modelo estimou 72.7% de probabilidade de violência organizada em 2024, classificando o caso como risco alto. Os principais grupos associados à estimativa foram: histórico e intensidade de conflitos UCDP; persistência temporal de conflito; indicadores socioeconômicos World Bank. Sinais que elevaram a estimativa: frequência de conflito nos últimos 5 anos; existência de violência organizada no ano-base; quantidade de díades de violência unilateral. Sinais que reduziram a estimativa no modelo: desemprego; existência de violência unilateral; crescimento populacional anual.",Explicação aproximada baseada em coeficientes e valores relativos das features; não representa causalidade direta.
Mauritania,Africa,2023,2024,0.689129397342568,68.9%,high,risco alto,1,1,true_positive,histórico e intensidade de conflitos UCDP; persistência temporal de conflito; indicadores socioeconômicos World Bank,existência de violência organizada no ano-base; existência de conflito intraestatal; quantidade de díades de conflito estatal,existência de conflito estatal no ano-base; crescimento anual do PIB; desemprego,"Mauritania: 68.9% de risco estimado para 2024, classificado como risco alto.","Para Mauritania, o modelo estimou 68.9% de probabilidade de violência organizada em 2024, classificando o caso como risco alto. Os principais grupos associados à estimativa foram: histórico e intensidade de conflitos UCDP; persistência temporal de conflito; indicadores socioeconômicos World Bank. Sinais que elevaram a estimativa: existência de violência organizada no ano-base; existência de conflito intraestatal; quantidade de díades de conflito estatal. Sinais que reduziram a estimativa no modelo: existência de conflito estatal no ano-base; crescimento anual do PIB; desemprego.",Explicação aproximada baseada em coeficientes e valores relativos das features; não representa causalidade direta.
Ghana,Africa,2023,2024,0.6172597008899549,61.7%,high,risco alto,1,1,true_positive,histórico e intensidade de conflitos UCDP; persistência temporal de conflito; indicadores socioeconômicos World Bank,existência de violência organizada no ano-base; quantidade de díades de conflito não estatal; conflito no ano anterior,existência de conflito não estatal; gasto militar como percentual do PIB; crescimento anual do PIB,"Ghana: 61.7% de risco estimado para 2024, classificado como risco alto.","Para Ghana, o modelo estimou 61.7% de probabilidade de violência organizada em 2024, classificando o caso como risco alto. Os principais grupos associados à estimativa foram: histórico e intensidade de conflitos UCDP; persistência temporal de conflito; indicadores socioeconômicos World Bank. Sinais que elevaram a estimativa: existência de violência organizada no ano-base; quantidade de díades de conflito não estatal; conflito no ano anterior. Sinais que reduziram a estimativa no modelo: existência de conflito não estatal; gasto militar como percentual do PIB; crescimento anual do PIB.",Explicação aproximada baseada em coeficientes e valores relativos das features; não representa causalidade direta.
Tanzania,Africa,2023,2024,0.5360560538993169,53.6%,moderate,risco moderado,1,1,true_positive,persistência temporal de conflito; indicadores socioeconômicos World Bank; tendência temporal geral,frequência de conflito nos últimos 5 anos; conflito no ano anterior; crescimento populacional anual,crescimento anual do PIB; gasto militar como percentual do PIB; inflação anual,"Tanzania: 53.6% de risco estimado para 2024, classificado como risco moderado.","Para Tanzania, o modelo estimou 53.6% de probabilidade de violência organizada em 2024, classificando o caso como risco moderado. Os principais grupos associados à estimativa foram: persistência temporal de conflito; indicadores socioeconômicos World Bank; tendência temporal geral. Sinais que elevaram a estimativa: frequência de conflito nos últimos 5 anos; conflito no ano anterior; crescimento populacional anual. Sinais que reduziram a estimativa no modelo: crescimento anual do PIB; gasto militar como percentual do PIB; inflação anual.",Explicação aproximada baseada em coeficientes e valores relativos das features; não representa causalidade direta.
Bolivia,Americas,2023,2024,0.4753051151545031,47.5%,moderate,risco moderado,0,0,true_negative,histórico e intensidade de conflitos UCDP; persistência temporal de conflito; indicadores socioeconômicos World Bank,existência de violência organizada no ano-base; quantidade de díades de conflito não estatal; frequência de conflito nos últimos 5 anos,existência de conflito não estatal; inflação anual; gasto militar como percentual do PIB,"Bolivia: 47.5% de risco estimado para 2024, classificado como risco moderado.","Para Bolivia, o modelo estimou 47.5% de probabilidade de violência organizada em 2024, classificando o caso como risco moderado. Os principais grupos associados à estimativa foram: histórico e intensidade de conflitos UCDP; persistência temporal de conflito; indicadores socioeconômicos World Bank. Sinais que elevaram a estimativa: existência de violência organizada no ano-base; quantidade de díades de conflito não estatal; frequência de conflito nos últimos 5 anos. Sinais que reduziram a estimativa no modelo: existência de conflito não estatal; inflação anual; gasto militar como percentual do PIB.",Explicação aproximada baseada em coeficientes e valores relativos das features; não representa causalidade direta.
Rwanda,Africa,2023,2024,0.4454752837817058,44.5%,moderate,risco moderado,0,1,false_negative,persistência temporal de conflito; indicadores socioeconômicos World Bank; tendência temporal geral,frequência de conflito nos últimos 5 anos; conflito no ano anterior; matrícula no ensino secundário,crescimento anual do PIB; desemprego; gasto militar como percentual do PIB,"Rwanda: 44.5% de risco estimado para 2024, classificado como risco moderado.","Para Rwanda, o modelo estimou 44.5% de probabilidade de violência organizada em 2024, classificando o caso como risco moderado. Os principais grupos associados à estimativa foram: persistência temporal de conflito; indicadores socioeconômicos World Bank; tendência temporal geral. Sinais que elevaram a estimativa: frequência de conflito nos últimos 5 anos; conflito no ano anterior; matrícula no ensino secundário. Sinais que reduziram a estimativa no modelo: crescimento anual do PIB; desemprego; gasto militar como percentual do PIB.",Explicação aproximada baseada em coeficientes e valores relativos das features; não representa causalidade direta.
France,Europe,2023,2024,0.4142779708374979,41.4%,moderate,risco moderado,0,1,false_negative,histórico e intensidade de conflitos UCDP; indicadores socioeconômicos World Bank; persistência temporal de conflito,existência de violência organizada no ano-base; quantidade de díades de conflito não estatal; quantidade de díades de violência unilateral,PIB per capita; existência de conflito não estatal; existência de violência unilateral,"France: 41.4% de risco estimado para 2024, classificado como risco moderado.","Para France, o modelo estimou 41.4% de probabilidade de violência organizada em 2024, classificando o caso como risco moderado. Os principais grupos associados à estimativa foram: histórico e intensidade de conflitos UCDP; indicadores socioeconômicos World Bank; persistência temporal de conflito. Sinais que elevaram a estimativa: existência de violência organizada no ano-base; quantidade de díades de conflito não estatal; quantidade de díades de violência unilateral. Sinais que reduziram a estimativa no modelo: PIB per capita; existência de conflito não estatal; existência de violência unilateral.",Explicação aproximada baseada em coeficientes e valores relativos das features; não representa causalidade direta.
Tajikistan,Asia,2023,2024,0.3759440799652959,37.6%,low,risco baixo,0,0,true_negative,persistência temporal de conflito; indicadores socioeconômicos World Bank; tendência temporal geral,frequência de conflito nos últimos 5 anos; conflito no ano anterior; crescimento populacional anual,crescimento anual do PIB; desemprego; população urbana,"Tajikistan: 37.6% de risco estimado para 2024, classificado como risco baixo.","Para Tajikistan, o modelo estimou 37.6% de probabilidade de violência organizada em 2024, classificando o caso como risco baixo. Os principais grupos associados à estimativa foram: persistência temporal de conflito; indicadores socioeconômicos World Bank; tendência temporal geral. Sinais que elevaram a estimativa: frequência de conflito nos últimos 5 anos; conflito no ano anterior; crescimento populacional anual. Sinais que reduziram a estimativa no modelo: crescimento anual do PIB; desemprego; população urbana.",Explicação aproximada baseada em coeficientes e valores relativos das features; não representa causalidade direta.
Congo,Africa,2023,2024,0.3277412919218015,32.8%,low,risco baixo,0,0,true_negative,persistência temporal de conflito; indicadores socioeconômicos World Bank; tendência temporal geral,frequência de conflito nos últimos 5 anos; conflito no ano anterior; crescimento populacional anual,desemprego; inflação anual; população total,"Congo: 32.8% de risco estimado para 2024, classificado como risco baixo.","Para Congo, o modelo estimou 32.8% de probabilidade de violência organizada em 2024, classificando o caso como risco baixo. Os principais grupos associados à estimativa foram: persistência temporal de conflito; indicadores socioeconômicos World Bank; tendência temporal geral. Sinais que elevaram a estimativa: frequência de conflito nos últimos 5 anos; conflito no ano anterior; crescimento populacional anual. Sinais que reduziram a estimativa no modelo: desemprego; inflação anual; população total.",Explicação aproximada baseada em coeficientes e valores relativos das features; não representa causalidade direta.
Senegal,Africa,2023,2024,0.3168120916610844,31.7%,low,risco baixo,0,0,true_negative,persistência temporal de conflito; indicadores socioeconômicos World Bank; tendência temporal geral,frequência de conflito nos últimos 5 anos; matrícula no ensino secundário; crescimento populacional anual,crescimento anual do PIB; gasto militar como percentual do PIB; população urbana,"Senegal: 31.7% de risco estimado para 2024, classificado como risco baixo.","Para Senegal, o modelo estimou 31.7% de probabilidade de violência organizada em 2024, classificando o caso como risco baixo. Os principais grupos associados à estimativa foram: persistência temporal de conflito; indicadores socioeconômicos World Bank; tendência temporal geral. Sinais que elevaram a estimativa: frequência de conflito nos últimos 5 anos; matrícula no ensino secundário; crescimento populacional anual. Sinais que reduziram a estimativa no modelo: crescimento anual do PIB; gasto militar como percentual do PIB; população urbana.",Explicação aproximada baseada em coeficientes e valores relativos das features; não representa causalidade direta.
El Salvador,Americas,2023,2024,0.3162730831419159,31.6%,low,risco baixo,0,0,true_negative,persistência temporal de conflito; indicadores socioeconômicos World Bank; tendência temporal geral,frequência de conflito nos últimos 5 anos; conflito no ano anterior; matrícula no ensino secundário,crescimento populacional anual; crescimento anual do PIB; inflação anual,"El Salvador: 31.6% de risco estimado para 2024, classificado como risco baixo.","Para El Salvador, o modelo estimou 31.6% de probabilidade de violência organizada em 2024, classificando o caso como risco baixo. Os principais grupos associados à estimativa foram: persistência temporal de conflito; indicadores socioeconômicos World Bank; tendência temporal geral. Sinais que elevaram a estimativa: frequência de conflito nos últimos 5 anos; conflito no ano anterior; matrícula no ensino secundário. Sinais que reduziram a estimativa no modelo: crescimento populacional anual; crescimento anual do PIB; inflação anual.",Explicação aproximada baseada em coeficientes e valores relativos das features; não representa causalidade direta.
Georgia,Europe,2023,2024,0.2643404087889257,26.4%,low,risco baixo,0,0,true_negative,histórico e intensidade de conflitos UCDP; indicadores socioeconômicos World Bank; persistência temporal de conflito,existência de violência organizada no ano-base; quantidade de díades de violência unilateral; gasto militar como percentual do PIB,existência de violência unilateral; crescimento anual do PIB; crescimento populacional anual,"Georgia: 26.4% de risco estimado para 2024, classificado como risco baixo.","Para Georgia, o modelo estimou 26.4% de probabilidade de violência organizada em 2024, classificando o caso como risco baixo. Os principais grupos associados à estimativa foram: histórico e intensidade de conflitos UCDP; indicadores socioeconômicos World Bank; persistência temporal de conflito. Sinais que elevaram a estimativa: existência de violência organizada no ano-base; quantidade de díades de violência unilateral; gasto militar como percentual do PIB. Sinais que reduziram a estimativa no modelo: existência de violência unilateral; crescimento anual do PIB; crescimento populacional anual.",Explicação aproximada baseada em coeficientes e valores relativos das features; não representa causalidade direta.
Guinea,Africa,2023,2024,0.2574723711193369,25.7%,low,risco baixo,0,0,true_negative,persistência temporal de conflito; indicadores socioeconômicos World Bank; tendência temporal geral,frequência de conflito nos últimos 5 anos; crescimento populacional anual; PIB per capita,crescimento anual do PIB; população urbana; mortes acumuladas nos últimos 5 anos,"Guinea: 25.7% de risco estimado para 2024, classificado como risco baixo.","Para Guinea, o modelo estimou 25.7% de probabilidade de violência organizada em 2024, classificando o caso como risco baixo. Os principais grupos associados à estimativa foram: persistência temporal de conflito; indicadores socioeconômicos World Bank; tendência temporal geral. Sinais que elevaram a estimativa: frequência de conflito nos últimos 5 anos; crescimento populacional anual; PIB per capita. Sinais que reduziram a estimativa no modelo: crescimento anual do PIB; população urbana; mortes acumuladas nos últimos 5 anos.",Explicação aproximada baseada em coeficientes e valores relativos das features; não representa causalidade direta.
Spain,Europe,2023,2024,0.2470090291523225,24.7%,low,risco baixo,0,0,true_negative,histórico e intensidade de conflitos UCDP; indicadores socioeconômicos World Bank; persistência temporal de conflito,existência de violência organizada no ano-base; quantidade de díades de conflito não estatal; população total,existência de conflito não estatal; PIB per capita; matrícula no ensino secundário,"Spain: 24.7% de risco estimado para 2024, classificado como risco baixo.","Para Spain, o modelo estimou 24.7% de probabilidade de violência organizada em 2024, classificando o caso como risco baixo. Os principais grupos associados à estimativa foram: histórico e intensidade de conflitos UCDP; indicadores socioeconômicos World Bank; persistência temporal de conflito. Sinais que elevaram a estimativa: existência de violência organizada no ano-base; quantidade de díades de conflito não estatal; população total. Sinais que reduziram a estimativa no modelo: existência de conflito não estatal; PIB per capita; matrícula no ensino secundário.",Explicação aproximada baseada em coeficientes e valores relativos das features; não representa causalidade direta.
Kyrgyzstan,Asia,2023,2024,0.2320635580617126,23.2%,low,risco baixo,0,0,true_negative,persistência temporal de conflito; indicadores socioeconômicos World Bank; tendência temporal geral,frequência de conflito nos últimos 5 anos; conflito no ano anterior; crescimento populacional anual,crescimento anual do PIB; população total; população urbana,"Kyrgyzstan: 23.2% de risco estimado para 2024, classificado como risco baixo.","Para Kyrgyzstan, o modelo estimou 23.2% de probabilidade de violência organizada em 2024, classificando o caso como risco baixo. Os principais grupos associados à estimativa foram: persistência temporal de conflito; indicadores socioeconômicos World Bank; tendência temporal geral. Sinais que elevaram a estimativa: frequência de conflito nos últimos 5 anos; conflito no ano anterior; crescimento populacional anual. Sinais que reduziram a estimativa no modelo: crescimento anual do PIB; população total; população urbana.",Explicação aproximada baseada em coeficientes e valores relativos das features; não representa causalidade direta.
Zimbabwe (Rhodesia),Africa,2023,2024,0.2274111680292951,22.7%,low,risco baixo,0,0,true_negative,persistência temporal de conflito; indicadores socioeconômicos World Bank; tendência temporal geral,frequência de conflito nos últimos 5 anos; crescimento populacional anual; PIB per capita,crescimento anual do PIB; desemprego; gasto militar como percentual do PIB,"Zimbabwe (Rhodesia): 22.7% de risco estimado para 2024, classificado como risco baixo.","Para Zimbabwe (Rhodesia), o modelo estimou 22.7% de probabilidade de violência organizada em 2024, classificando o caso como risco baixo. Os principais grupos associados à estimativa foram: persistência temporal de conflito; indicadores socioeconômicos World Bank; tendência temporal geral. Sinais que elevaram a estimativa: frequência de conflito nos últimos 5 anos; crescimento populacional anual; PIB per capita. Sinais que reduziram a estimativa no modelo: crescimento anual do PIB; desemprego; gasto militar como percentual do PIB.",Explicação aproximada baseada em coeficientes e valores relativos das features; não representa causalidade direta.
Paraguay,Americas,2023,2024,0.21707413321179,21.7%,low,risco baixo,0,0,true_negative,persistência temporal de conflito; indicadores socioeconômicos World Bank; tendência temporal geral,frequência de conflito nos últimos 5 anos; matrícula no ensino secundário; frequência de conflito nos últimos 3 anos,crescimento anual do PIB; gasto militar como percentual do PIB; desemprego,"Paraguay: 21.7% de risco estimado para 2024, classificado como risco baixo.","Para Paraguay, o modelo estimou 21.7% de probabilidade de violência organizada em 2024, classificando o caso como risco baixo. Os principais grupos associados à estimativa foram: persistência temporal de conflito; indicadores socioeconômicos World Bank; tendência temporal geral. Sinais que elevaram a estimativa: frequência de conflito nos últimos 5 anos; matrícula no ensino secundário; frequência de conflito nos últimos 3 anos. Sinais que reduziram a estimativa no modelo: crescimento anual do PIB; gasto militar como percentual do PIB; desemprego.",Explicação aproximada baseada em coeficientes e valores relativos das features; não representa causalidade direta.
Madagascar (Malagasy),Africa,2023,2024,0.2058848436037815,20.6%,low,risco baixo,0,0,true_negative,persistência temporal de conflito; indicadores socioeconômicos World Bank; tendência temporal geral,frequência de conflito nos últimos 5 anos; crescimento populacional anual; PIB per capita,crescimento anual do PIB; gasto militar como percentual do PIB; população urbana,"Madagascar (Malagasy): 20.6% de risco estimado para 2024, classificado como risco baixo.","Para Madagascar (Malagasy), o modelo estimou 20.6% de probabilidade de violência organizada em 2024, classificando o caso como risco baixo. Os principais grupos associados à estimativa foram: persistência temporal de conflito; indicadores socioeconômicos World Bank; tendência temporal geral. Sinais que elevaram a estimativa: frequência de conflito nos últimos 5 anos; crescimento populacional anual; PIB per capita. Sinais que reduziram a estimativa no modelo: crescimento anual do PIB; gasto militar como percentual do PIB; população urbana.",Explicação aproximada baseada em coeficientes e valores relativos das features; não representa causalidade direta.
Eritrea,Africa,2023,2024,0.1975635393400033,19.8%,very_low,risco muito baixo,0,0,true_negative,persistência temporal de conflito; indicadores socioeconômicos World Bank; tendência temporal geral,conflito no ano anterior; frequência de conflito nos últimos 5 anos; crescimento populacional anual,desemprego; população total; população urbana,"Eritrea: 19.8% de risco estimado para 2024, classificado como risco muito baixo.","Para Eritrea, o modelo estimou 19.8% de probabilidade de violência organizada em 2024, classificando o caso como risco muito baixo. Os principais grupos associados à estimativa foram: persistência temporal de conflito; indicadores socioeconômicos World Bank; tendência temporal geral. Sinais que elevaram a estimativa: conflito no ano anterior; frequência de conflito nos últimos 5 anos; crescimento populacional anual. Sinais que reduziram a estimativa no modelo: desemprego; população total; população urbana.",Explicação aproximada baseada em coeficientes e valores relativos das features; não representa causalidade direta.
Liberia,Africa,2023,2024,0.1975038386094041,19.8%,very_low,risco muito baixo,0,1,false_negative,persistência temporal de conflito; indicadores socioeconômicos World Bank; tendência temporal geral,frequência de conflito nos últimos 5 anos; crescimento populacional anual; PIB per capita,crescimento anual do PIB; população total; gasto militar como percentual do PIB,"Liberia: 19.8% de risco estimado para 2024, classificado como risco muito baixo.","Para Liberia, o modelo estimou 19.8% de probabilidade de violência organizada em 2024, classificando o caso como risco muito baixo. Os principais grupos associados à estimativa foram: persistência temporal de conflito; indicadores socioeconômicos World Bank; tendência temporal geral. Sinais que elevaram a estimativa: frequência de conflito nos últimos 5 anos; crescimento populacional anual; PIB per capita. Sinais que reduziram a estimativa no modelo: crescimento anual do PIB; população total; gasto militar como percentual do PIB.",Explicação aproximada baseada em coeficientes e valores relativos das features; não representa causalidade direta.
Belgium,Europe,2023,2024,0.1957214842010951,19.6%,very_low,risco muito baixo,0,0,true_negative,histórico e intensidade de conflitos UCDP; indicadores socioeconômicos World Bank; persistência temporal de conflito,existência de violência organizada no ano-base; quantidade de díades de violência unilateral; frequência de conflito nos últimos 5 anos,PIB per capita; matrícula no ensino secundário; existência de violência unilateral,"Belgium: 19.6% de risco estimado para 2024, classificado como risco muito baixo.","Para Belgium, o modelo estimou 19.6% de probabilidade de violência organizada em 2024, classificando o caso como risco muito baixo. Os principais grupos associados à estimativa foram: histórico e intensidade de conflitos UCDP; indicadores socioeconômicos World Bank; persistência temporal de conflito. Sinais que elevaram a estimativa: existência de violência organizada no ano-base; quantidade de díades de violência unilateral; frequência de conflito nos últimos 5 anos. Sinais que reduziram a estimativa no modelo: PIB per capita; matrícula no ensino secundário; existência de violência unilateral.",Explicação aproximada baseada em coeficientes e valores relativos das features; não representa causalidade direta.
United States of America,Americas,2023,2024,0.1802215101888756,18.0%,very_low,risco muito baixo,0,0,true_negative,persistência temporal de conflito; indicadores socioeconômicos World Bank; tendência temporal geral,frequência de conflito nos últimos 5 anos; conflito no ano anterior; população total,PIB per capita; crescimento populacional anual; inflação anual,"United States of America: 18.0% de risco estimado para 2024, classificado como risco muito baixo.","Para United States of America, o modelo estimou 18.0% de probabilidade de violência organizada em 2024, classificando o caso como risco muito baixo. Os principais grupos associados à estimativa foram: persistência temporal de conflito; indicadores socioeconômicos World Bank; tendência temporal geral. Sinais que elevaram a estimativa: frequência de conflito nos últimos 5 anos; conflito no ano anterior; população total. Sinais que reduziram a estimativa no modelo: PIB per capita; crescimento populacional anual; inflação anual.",Explicação aproximada baseada em coeficientes e valores relativos das features; não representa causalidade direta.
Nepal,Asia,2023,2024,0.1649917917667367,16.5%,very_low,risco muito baixo,0,0,true_negative,persistência temporal de conflito; indicadores socioeconômicos World Bank; tendência temporal geral,conflito no ano anterior; frequência de conflito nos últimos 5 anos; PIB per capita,crescimento populacional anual; desemprego; gasto militar como percentual do PIB,"Nepal: 16.5% de risco estimado para 2024, classificado como risco muito baixo.","Para Nepal, o modelo estimou 16.5% de probabilidade de violência organizada em 2024, classificando o caso como risco muito baixo. Os principais grupos associados à estimativa foram: persistência temporal de conflito; indicadores socioeconômicos World Bank; tendência temporal geral. Sinais que elevaram a estimativa: conflito no ano anterior; frequência de conflito nos últimos 5 anos; PIB per capita. Sinais que reduziram a estimativa no modelo: crescimento populacional anual; desemprego; gasto militar como percentual do PIB.",Explicação aproximada baseada em coeficientes e valores relativos das features; não representa causalidade direta.
Ivory Coast,Africa,2023,2024,0.1631630430768389,16.3%,very_low,risco muito baixo,0,0,true_negative,indicadores socioeconômicos World Bank; persistência temporal de conflito; tendência temporal geral,frequência de conflito nos últimos 5 anos; matrícula no ensino secundário; crescimento populacional anual,crescimento anual do PIB; gasto militar como percentual do PIB; inflação anual,"Ivory Coast: 16.3% de risco estimado para 2024, classificado como risco muito baixo.","Para Ivory Coast, o modelo estimou 16.3% de probabilidade de violência organizada em 2024, classificando o caso como risco muito baixo. Os principais grupos associados à estimativa foram: indicadores socioeconômicos World Bank; persistência temporal de conflito; tendência temporal geral. Sinais que elevaram a estimativa: frequência de conflito nos últimos 5 anos; matrícula no ensino secundário; crescimento populacional anual. Sinais que reduziram a estimativa no modelo: crescimento anual do PIB; gasto militar como percentual do PIB; inflação anual.",Explicação aproximada baseada em coeficientes e valores relativos das features; não representa causalidade direta.
Djibouti,Africa,2023,2024,0.1484235038602882,14.8%,very_low,risco muito baixo,0,0,true_negative,persistência temporal de conflito; indicadores socioeconômicos World Bank; tendência temporal geral,frequência de conflito nos últimos 5 anos; PIB per capita; crescimento populacional anual,desemprego; crescimento anual do PIB; inflação anual,"Djibouti: 14.8% de risco estimado para 2024, classificado como risco muito baixo.","Para Djibouti, o modelo estimou 14.8% de probabilidade de violência organizada em 2024, classificando o caso como risco muito baixo. Os principais grupos associados à estimativa foram: persistência temporal de conflito; indicadores socioeconômicos World Bank; tendência temporal geral. Sinais que elevaram a estimativa: frequência de conflito nos últimos 5 anos; PIB per capita; crescimento populacional anual. Sinais que reduziram a estimativa no modelo: desemprego; crescimento anual do PIB; inflação anual.",Explicação aproximada baseada em coeficientes e valores relativos das features; não representa causalidade direta.
Sierra Leone,Africa,2023,2024,0.1389918506709373,13.9%,very_low,risco muito baixo,0,0,true_negative,indicadores socioeconômicos World Bank; persistência temporal de conflito; tendência temporal geral,frequência de conflito nos últimos 5 anos; crescimento populacional anual; inflação anual,crescimento anual do PIB; gasto militar como percentual do PIB; população urbana,"Sierra Leone: 13.9% de risco estimado para 2024, classificado como risco muito baixo.","Para Sierra Leone, o modelo estimou 13.9% de probabilidade de violência organizada em 2024, classificando o caso como risco muito baixo. Os principais grupos associados à estimativa foram: indicadores socioeconômicos World Bank; persistência temporal de conflito; tendência temporal geral. Sinais que elevaram a estimativa: frequência de conflito nos últimos 5 anos; crescimento populacional anual; inflação anual. Sinais que reduziram a estimativa no modelo: crescimento anual do PIB; gasto militar como percentual do PIB; população urbana.",Explicação aproximada baseada em coeficientes e valores relativos das features; não representa causalidade direta.
Poland,Europe,2023,2024,0.1254679270361541,12.5%,very_low,risco muito baixo,0,0,true_negative,persistência temporal de conflito; indicadores socioeconômicos World Bank; tendência temporal geral,conflito no ano anterior; frequência de conflito nos últimos 5 anos; crescimento anual do PIB,crescimento populacional anual; PIB per capita; matrícula no ensino secundário,"Poland: 12.5% de risco estimado para 2024, classificado como risco muito baixo.","Para Poland, o modelo estimou 12.5% de probabilidade de violência organizada em 2024, classificando o caso como risco muito baixo. Os principais grupos associados à estimativa foram: persistência temporal de conflito; indicadores socioeconômicos World Bank; tendência temporal geral. Sinais que elevaram a estimativa: conflito no ano anterior; frequência de conflito nos últimos 5 anos; crescimento anual do PIB. Sinais que reduziram a estimativa no modelo: crescimento populacional anual; PIB per capita; matrícula no ensino secundário.",Explicação aproximada baseada em coeficientes e valores relativos das features; não representa causalidade direta.
Laos,Asia,2023,2024,0.1238399532131595,12.4%,very_low,risco muito baixo,0,0,true_negative,indicadores socioeconômicos World Bank; persistência temporal de conflito; tendência temporal geral,matrícula no ensino secundário; inflação anual; PIB per capita,crescimento anual do PIB; anos desde o último conflito; população total,"Laos: 12.4% de risco estimado para 2024, classificado como risco muito baixo.","Para Laos, o modelo estimou 12.4% de probabilidade de violência organizada em 2024, classificando o caso como risco muito baixo. Os principais grupos associados à estimativa foram: indicadores socioeconômicos World Bank; persistência temporal de conflito; tendência temporal geral. Sinais que elevaram a estimativa: matrícula no ensino secundário; inflação anual; PIB per capita. Sinais que reduziram a estimativa no modelo: crescimento anual do PIB; anos desde o último conflito; população total.",Explicação aproximada baseada em coeficientes e valores relativos das features; não representa causalidade direta.
Sri Lanka,Asia,2023,2024,0.1217169044552992,12.2%,very_low,risco muito baixo,0,0,true_negative,indicadores socioeconômicos World Bank; persistência temporal de conflito; tendência temporal geral,frequência de conflito nos últimos 5 anos; crescimento anual do PIB; matrícula no ensino secundário,crescimento populacional anual; população urbana; mortes acumuladas nos últimos 5 anos,"Sri Lanka: 12.2% de risco estimado para 2024, classificado como risco muito baixo.","Para Sri Lanka, o modelo estimou 12.2% de probabilidade de violência organizada em 2024, classificando o caso como risco muito baixo. Os principais grupos associados à estimativa foram: indicadores socioeconômicos World Bank; persistência temporal de conflito; tendência temporal geral. Sinais que elevaram a estimativa: frequência de conflito nos últimos 5 anos; crescimento anual do PIB; matrícula no ensino secundário. Sinais que reduziram a estimativa no modelo: crescimento populacional anual; população urbana; mortes acumuladas nos últimos 5 anos.",Explicação aproximada baseada em coeficientes e valores relativos das features; não representa causalidade direta.
Cambodia (Kampuchea),Asia,2023,2024,0.119194838084511,11.9%,very_low,risco muito baixo,0,0,true_negative,indicadores socioeconômicos World Bank; persistência temporal de conflito; tendência temporal geral,matrícula no ensino secundário; desemprego; PIB per capita,crescimento anual do PIB; inflação anual; população urbana,"Cambodia (Kampuchea): 11.9% de risco estimado para 2024, classificado como risco muito baixo.","Para Cambodia (Kampuchea), o modelo estimou 11.9% de probabilidade de violência organizada em 2024, classificando o caso como risco muito baixo. Os principais grupos associados à estimativa foram: indicadores socioeconômicos World Bank; persistência temporal de conflito; tendência temporal geral. Sinais que elevaram a estimativa: matrícula no ensino secundário; desemprego; PIB per capita. Sinais que reduziram a estimativa no modelo: crescimento anual do PIB; inflação anual; população urbana.",Explicação aproximada baseada em coeficientes e valores relativos das features; não representa causalidade direta.
Kuwait,Middle East,2023,2024,0.1181710361210719,11.8%,very_low,risco muito baixo,0,0,true_negative,indicadores socioeconômicos World Bank; persistência temporal de conflito; tendência temporal geral,crescimento populacional anual; crescimento anual do PIB; gasto militar como percentual do PIB,PIB per capita; inflação anual; população total,"Kuwait: 11.8% de risco estimado para 2024, classificado como risco muito baixo.","Para Kuwait, o modelo estimou 11.8% de probabilidade de violência organizada em 2024, classificando o caso como risco muito baixo. Os principais grupos associados à estimativa foram: indicadores socioeconômicos World Bank; persistência temporal de conflito; tendência temporal geral. Sinais que elevaram a estimativa: crescimento populacional anual; crescimento anual do PIB; gasto militar como percentual do PIB. Sinais que reduziram a estimativa no modelo: PIB per capita; inflação anual; população total.",Explicação aproximada baseada em coeficientes e valores relativos das features; não representa causalidade direta.
United Arab Emirates,Middle East,2023,2024,0.1180550265184883,11.8%,very_low,risco muito baixo,0,0,true_negative,indicadores socioeconômicos World Bank; persistência temporal de conflito; tendência temporal geral,conflito no ano anterior; crescimento populacional anual; frequência de conflito nos últimos 5 anos,PIB per capita; matrícula no ensino secundário; crescimento anual do PIB,"United Arab Emirates: 11.8% de risco estimado para 2024, classificado como risco muito baixo.","Para United Arab Emirates, o modelo estimou 11.8% de probabilidade de violência organizada em 2024, classificando o caso como risco muito baixo. Os principais grupos associados à estimativa foram: indicadores socioeconômicos World Bank; persistência temporal de conflito; tendência temporal geral. Sinais que elevaram a estimativa: conflito no ano anterior; crescimento populacional anual; frequência de conflito nos últimos 5 anos. Sinais que reduziram a estimativa no modelo: PIB per capita; matrícula no ensino secundário; crescimento anual do PIB.",Explicação aproximada baseada em coeficientes e valores relativos das features; não representa causalidade direta.
Solomon Islands,Asia,2023,2024,0.11446560522164,11.4%,very_low,risco muito baixo,0,0,true_negative,indicadores socioeconômicos World Bank; persistência temporal de conflito; tendência temporal geral,crescimento populacional anual; PIB per capita; desemprego,anos desde o último conflito; população total; população urbana,"Solomon Islands: 11.4% de risco estimado para 2024, classificado como risco muito baixo.","Para Solomon Islands, o modelo estimou 11.4% de probabilidade de violência organizada em 2024, classificando o caso como risco muito baixo. Os principais grupos associados à estimativa foram: indicadores socioeconômicos World Bank; persistência temporal de conflito; tendência temporal geral. Sinais que elevaram a estimativa: crescimento populacional anual; PIB per capita; desemprego. Sinais que reduziram a estimativa no modelo: anos desde o último conflito; população total; população urbana.",Explicação aproximada baseada em coeficientes e valores relativos das features; não representa causalidade direta.
Zambia,Africa,2023,2024,0.1129353589687413,11.3%,very_low,risco muito baixo,0,0,true_negative,indicadores socioeconômicos World Bank; persistência temporal de conflito; tendência temporal geral,crescimento populacional anual; PIB per capita; inflação anual,crescimento anual do PIB; anos desde o último conflito; desemprego,"Zambia: 11.3% de risco estimado para 2024, classificado como risco muito baixo.","Para Zambia, o modelo estimou 11.3% de probabilidade de violência organizada em 2024, classificando o caso como risco muito baixo. Os principais grupos associados à estimativa foram: indicadores socioeconômicos World Bank; persistência temporal de conflito; tendência temporal geral. Sinais que elevaram a estimativa: crescimento populacional anual; PIB per capita; inflação anual. Sinais que reduziram a estimativa no modelo: crescimento anual do PIB; anos desde o último conflito; desemprego.",Explicação aproximada baseada em coeficientes e valores relativos das features; não representa causalidade direta.
Comoros,Africa,2023,2024,0.1087039345905905,10.9%,very_low,risco muito baixo,0,0,true_negative,indicadores socioeconômicos World Bank; persistência temporal de conflito; tendência temporal geral,crescimento populacional anual; PIB per capita; desemprego,anos desde o último conflito; população total; população urbana,"Comoros: 10.9% de risco estimado para 2024, classificado como risco muito baixo.","Para Comoros, o modelo estimou 10.9% de probabilidade de violência organizada em 2024, classificando o caso como risco muito baixo. Os principais grupos associados à estimativa foram: indicadores socioeconômicos World Bank; persistência temporal de conflito; tendência temporal geral. Sinais que elevaram a estimativa: crescimento populacional anual; PIB per capita; desemprego. Sinais que reduziram a estimativa no modelo: anos desde o último conflito; população total; população urbana.",Explicação aproximada baseada em coeficientes e valores relativos das features; não representa causalidade direta.
Guinea-Bissau,Africa,2023,2024,0.1070712783108322,10.7%,very_low,risco muito baixo,0,0,true_negative,indicadores socioeconômicos World Bank; persistência temporal de conflito; tendência temporal geral,crescimento populacional anual; PIB per capita; desemprego,crescimento anual do PIB; anos desde o último conflito; população total,"Guinea-Bissau: 10.7% de risco estimado para 2024, classificado como risco muito baixo.","Para Guinea-Bissau, o modelo estimou 10.7% de probabilidade de violência organizada em 2024, classificando o caso como risco muito baixo. Os principais grupos associados à estimativa foram: indicadores socioeconômicos World Bank; persistência temporal de conflito; tendência temporal geral. Sinais que elevaram a estimativa: crescimento populacional anual; PIB per capita; desemprego. Sinais que reduziram a estimativa no modelo: crescimento anual do PIB; anos desde o último conflito; população total.",Explicação aproximada baseada em coeficientes e valores relativos das features; não representa causalidade direta.
Gambia,Africa,2023,2024,0.1048058351747669,10.5%,very_low,risco muito baixo,0,1,false_negative,indicadores socioeconômicos World Bank; persistência temporal de conflito; tendência temporal geral,crescimento populacional anual; PIB per capita; inflação anual,crescimento anual do PIB; gasto militar como percentual do PIB; desemprego,"Gambia: 10.5% de risco estimado para 2024, classificado como risco muito baixo.","Para Gambia, o modelo estimou 10.5% de probabilidade de violência organizada em 2024, classificando o caso como risco muito baixo. Os principais grupos associados à estimativa foram: indicadores socioeconômicos World Bank; persistência temporal de conflito; tendência temporal geral. Sinais que elevaram a estimativa: crescimento populacional anual; PIB per capita; inflação anual. Sinais que reduziram a estimativa no modelo: crescimento anual do PIB; gasto militar como percentual do PIB; desemprego.",Explicação aproximada baseada em coeficientes e valores relativos das features; não representa causalidade direta.
Nicaragua,Americas,2023,2024,0.1026266466583338,10.3%,very_low,risco muito baixo,0,0,true_negative,indicadores socioeconômicos World Bank; persistência temporal de conflito; tendência temporal geral,matrícula no ensino secundário; PIB per capita; crescimento populacional anual,crescimento anual do PIB; anos desde o último conflito; gasto militar como percentual do PIB,"Nicaragua: 10.3% de risco estimado para 2024, classificado como risco muito baixo.","Para Nicaragua, o modelo estimou 10.3% de probabilidade de violência organizada em 2024, classificando o caso como risco muito baixo. Os principais grupos associados à estimativa foram: indicadores socioeconômicos World Bank; persistência temporal de conflito; tendência temporal geral. Sinais que elevaram a estimativa: matrícula no ensino secundário; PIB per capita; crescimento populacional anual. Sinais que reduziram a estimativa no modelo: crescimento anual do PIB; anos desde o último conflito; gasto militar como percentual do PIB.",Explicação aproximada baseada em coeficientes e valores relativos das features; não representa causalidade direta.
Namibia,Africa,2023,2024,0.0975508856017697,9.8%,very_low,risco muito baixo,0,0,true_negative,indicadores socioeconômicos World Bank; persistência temporal de conflito; tendência temporal geral,crescimento populacional anual; matrícula no ensino secundário; PIB per capita,desemprego; crescimento anual do PIB; anos desde o último conflito,"Namibia: 9.8% de risco estimado para 2024, classificado como risco muito baixo.","Para Namibia, o modelo estimou 9.8% de probabilidade de violência organizada em 2024, classificando o caso como risco muito baixo. Os principais grupos associados à estimativa foram: indicadores socioeconômicos World Bank; persistência temporal de conflito; tendência temporal geral. Sinais que elevaram a estimativa: crescimento populacional anual; matrícula no ensino secundário; PIB per capita. Sinais que reduziram a estimativa no modelo: desemprego; crescimento anual do PIB; anos desde o último conflito.",Explicação aproximada baseada em coeficientes e valores relativos das features; não representa causalidade direta.
Lesotho,Africa,2023,2024,0.0955834084512394,9.6%,very_low,risco muito baixo,0,0,true_negative,indicadores socioeconômicos World Bank; persistência temporal de conflito; tendência temporal geral,PIB per capita; crescimento anual do PIB; gasto militar como percentual do PIB,desemprego; anos desde o último conflito; população total,"Lesotho: 9.6% de risco estimado para 2024, classificado como risco muito baixo.","Para Lesotho, o modelo estimou 9.6% de probabilidade de violência organizada em 2024, classificando o caso como risco muito baixo. Os principais grupos associados à estimativa foram: indicadores socioeconômicos World Bank; persistência temporal de conflito; tendência temporal geral. Sinais que elevaram a estimativa: PIB per capita; crescimento anual do PIB; gasto militar como percentual do PIB. Sinais que reduziram a estimativa no modelo: desemprego; anos desde o último conflito; população total.",Explicação aproximada baseada em coeficientes e valores relativos das features; não representa causalidade direta.
Jordan,Middle East,2023,2024,0.093194719320394,9.3%,very_low,risco muito baixo,0,1,false_negative,indicadores socioeconômicos World Bank; persistência temporal de conflito; tendência temporal geral,gasto militar como percentual do PIB; crescimento populacional anual; PIB per capita,desemprego; inflação anual,"Jordan: 9.3% de risco estimado para 2024, classificado como risco muito baixo.","Para Jordan, o modelo estimou 9.3% de probabilidade de violência organizada em 2024, classificando o caso como risco muito baixo. Os principais grupos associados à estimativa foram: indicadores socioeconômicos World Bank; persistência temporal de conflito; tendência temporal geral. Sinais que elevaram a estimativa: gasto militar como percentual do PIB; crescimento populacional anual; PIB per capita. Sinais que reduziram a estimativa no modelo: desemprego; inflação anual.",Explicação aproximada baseada em coeficientes e valores relativos das features; não representa causalidade direta.
Uzbekistan,Asia,2023,2024,0.0931382039482543,9.3%,very_low,risco muito baixo,0,0,true_negative,indicadores socioeconômicos World Bank; persistência temporal de conflito; tendência temporal geral,crescimento populacional anual; PIB per capita; população total,crescimento anual do PIB; matrícula no ensino secundário; anos desde o último conflito,"Uzbekistan: 9.3% de risco estimado para 2024, classificado como risco muito baixo.","Para Uzbekistan, o modelo estimou 9.3% de probabilidade de violência organizada em 2024, classificando o caso como risco muito baixo. Os principais grupos associados à estimativa foram: indicadores socioeconômicos World Bank; persistência temporal de conflito; tendência temporal geral. Sinais que elevaram a estimativa: crescimento populacional anual; PIB per capita; população total. Sinais que reduziram a estimativa no modelo: crescimento anual do PIB; matrícula no ensino secundário; anos desde o último conflito.",Explicação aproximada baseada em coeficientes e valores relativos das features; não representa causalidade direta.
Malaysia,Asia,2023,2024,0.0922498745536413,9.2%,very_low,risco muito baixo,0,0,true_negative,indicadores socioeconômicos World Bank; persistência temporal de conflito; tendência temporal geral,matrícula no ensino secundário; população total; crescimento populacional anual,PIB per capita; crescimento anual do PIB; gasto militar como percentual do PIB,"Malaysia: 9.2% de risco estimado para 2024, classificado como risco muito baixo.","Para Malaysia, o modelo estimou 9.2% de probabilidade de violência organizada em 2024, classificando o caso como risco muito baixo. Os principais grupos associados à estimativa foram: indicadores socioeconômicos World Bank; persistência temporal de conflito; tendência temporal geral. Sinais que elevaram a estimativa: matrícula no ensino secundário; população total; crescimento populacional anual. Sinais que reduziram a estimativa no modelo: PIB per capita; crescimento anual do PIB; gasto militar como percentual do PIB.",Explicação aproximada baseada em coeficientes e valores relativos das features; não representa causalidade direta.
Bhutan,Asia,2023,2024,0.0876203429100014,8.8%,very_low,risco muito baixo,0,0,true_negative,indicadores socioeconômicos World Bank; persistência temporal de conflito; tendência temporal geral,matrícula no ensino secundário; PIB per capita; desemprego,crescimento anual do PIB; crescimento populacional anual; população total,"Bhutan: 8.8% de risco estimado para 2024, classificado como risco muito baixo.","Para Bhutan, o modelo estimou 8.8% de probabilidade de violência organizada em 2024, classificando o caso como risco muito baixo. Os principais grupos associados à estimativa foram: indicadores socioeconômicos World Bank; persistência temporal de conflito; tendência temporal geral. Sinais que elevaram a estimativa: matrícula no ensino secundário; PIB per capita; desemprego. Sinais que reduziram a estimativa no modelo: crescimento anual do PIB; crescimento populacional anual; população total.",Explicação aproximada baseada em coeficientes e valores relativos das features; não representa causalidade direta.
Botswana,Africa,2023,2024,0.0856104138019476,8.6%,very_low,risco muito baixo,0,0,true_negative,indicadores socioeconômicos World Bank; persistência temporal de conflito; tendência temporal geral,crescimento populacional anual; gasto militar como percentual do PIB; população urbana,desemprego; anos desde o último conflito; PIB per capita,"Botswana: 8.6% de risco estimado para 2024, classificado como risco muito baixo.","Para Botswana, o modelo estimou 8.6% de probabilidade de violência organizada em 2024, classificando o caso como risco muito baixo. Os principais grupos associados à estimativa foram: indicadores socioeconômicos World Bank; persistência temporal de conflito; tendência temporal geral. Sinais que elevaram a estimativa: crescimento populacional anual; gasto militar como percentual do PIB; população urbana. Sinais que reduziram a estimativa no modelo: desemprego; anos desde o último conflito; PIB per capita.",Explicação aproximada baseada em coeficientes e valores relativos das features; não representa causalidade direta.
Jamaica,Americas,2023,2024,0.0816200221966201,8.2%,very_low,risco muito baixo,0,0,true_negative,indicadores socioeconômicos World Bank; persistência temporal de conflito; tendência temporal geral,matrícula no ensino secundário; desemprego; crescimento anual do PIB,crescimento populacional anual; anos desde o último conflito; população total,"Jamaica: 8.2% de risco estimado para 2024, classificado como risco muito baixo.","Para Jamaica, o modelo estimou 8.2% de probabilidade de violência organizada em 2024, classificando o caso como risco muito baixo. Os principais grupos associados à estimativa foram: indicadores socioeconômicos World Bank; persistência temporal de conflito; tendência temporal geral. Sinais que elevaram a estimativa: matrícula no ensino secundário; desemprego; crescimento anual do PIB. Sinais que reduziram a estimativa no modelo: crescimento populacional anual; anos desde o último conflito; população total.",Explicação aproximada baseada em coeficientes e valores relativos das features; não representa causalidade direta.
Bahrain,Middle East,2023,2024,0.075990551611993,7.6%,very_low,risco muito baixo,0,0,true_negative,indicadores socioeconômicos World Bank; persistência temporal de conflito; tendência temporal geral,crescimento populacional anual; gasto militar como percentual do PIB; desemprego,PIB per capita; matrícula no ensino secundário; crescimento anual do PIB,"Bahrain: 7.6% de risco estimado para 2024, classificado como risco muito baixo.","Para Bahrain, o modelo estimou 7.6% de probabilidade de violência organizada em 2024, classificando o caso como risco muito baixo. Os principais grupos associados à estimativa foram: indicadores socioeconômicos World Bank; persistência temporal de conflito; tendência temporal geral. Sinais que elevaram a estimativa: crescimento populacional anual; gasto militar como percentual do PIB; desemprego. Sinais que reduziram a estimativa no modelo: PIB per capita; matrícula no ensino secundário; crescimento anual do PIB.",Explicação aproximada baseada em coeficientes e valores relativos das features; não representa causalidade direta.
Panama,Americas,2023,2024,0.0749189027584538,7.5%,very_low,risco muito baixo,0,0,true_negative,indicadores socioeconômicos World Bank; persistência temporal de conflito; tendência temporal geral,crescimento populacional anual; população urbana,crescimento anual do PIB; PIB per capita; desemprego,"Panama: 7.5% de risco estimado para 2024, classificado como risco muito baixo.","Para Panama, o modelo estimou 7.5% de probabilidade de violência organizada em 2024, classificando o caso como risco muito baixo. Os principais grupos associados à estimativa foram: indicadores socioeconômicos World Bank; persistência temporal de conflito; tendência temporal geral. Sinais que elevaram a estimativa: crescimento populacional anual; população urbana. Sinais que reduziram a estimativa no modelo: crescimento anual do PIB; PIB per capita; desemprego.",Explicação aproximada baseada em coeficientes e valores relativos das features; não representa causalidade direta.
Argentina,Americas,2023,2024,0.0747799814071401,7.5%,very_low,risco muito baixo,0,0,true_negative,indicadores socioeconômicos World Bank; persistência temporal de conflito; tendência temporal geral,inflação anual; crescimento anual do PIB; população total,crescimento populacional anual; matrícula no ensino secundário; PIB per capita,"Argentina: 7.5% de risco estimado para 2024, classificado como risco muito baixo.","Para Argentina, o modelo estimou 7.5% de probabilidade de violência organizada em 2024, classificando o caso como risco muito baixo. Os principais grupos associados à estimativa foram: indicadores socioeconômicos World Bank; persistência temporal de conflito; tendência temporal geral. Sinais que elevaram a estimativa: inflação anual; crescimento anual do PIB; população total. Sinais que reduziram a estimativa no modelo: crescimento populacional anual; matrícula no ensino secundário; PIB per capita.",Explicação aproximada baseada em coeficientes e valores relativos das features; não representa causalidade direta.
Romania,Europe,2023,2024,0.0732530310785734,7.3%,very_low,risco muito baixo,0,0,true_negative,indicadores socioeconômicos World Bank; persistência temporal de conflito; tendência temporal geral,matrícula no ensino secundário; crescimento anual do PIB; inflação anual,crescimento populacional anual; PIB per capita; anos desde o último conflito,"Romania: 7.3% de risco estimado para 2024, classificado como risco muito baixo.","Para Romania, o modelo estimou 7.3% de probabilidade de violência organizada em 2024, classificando o caso como risco muito baixo. Os principais grupos associados à estimativa foram: indicadores socioeconômicos World Bank; persistência temporal de conflito; tendência temporal geral. Sinais que elevaram a estimativa: matrícula no ensino secundário; crescimento anual do PIB; inflação anual. Sinais que reduziram a estimativa no modelo: crescimento populacional anual; PIB per capita; anos desde o último conflito.",Explicação aproximada baseada em coeficientes e valores relativos das features; não representa causalidade direta.
Serbia (Yugoslavia),Europe,2023,2024,0.072910562665007,7.3%,very_low,risco muito baixo,0,0,true_negative,indicadores socioeconômicos World Bank; persistência temporal de conflito; tendência temporal geral,inflação anual; gasto militar como percentual do PIB,crescimento populacional anual; PIB per capita; desemprego,"Serbia (Yugoslavia): 7.3% de risco estimado para 2024, classificado como risco muito baixo.","Para Serbia (Yugoslavia), o modelo estimou 7.3% de probabilidade de violência organizada em 2024, classificando o caso como risco muito baixo. Os principais grupos associados à estimativa foram: indicadores socioeconômicos World Bank; persistência temporal de conflito; tendência temporal geral. Sinais que elevaram a estimativa: inflação anual; gasto militar como percentual do PIB. Sinais que reduziram a estimativa no modelo: crescimento populacional anual; PIB per capita; desemprego.",Explicação aproximada baseada em coeficientes e valores relativos das features; não representa causalidade direta.
North Macedonia,Europe,2023,2024,0.0716826047624868,7.2%,very_low,risco muito baixo,0,0,true_negative,indicadores socioeconômicos World Bank; persistência temporal de conflito; tendência temporal geral,matrícula no ensino secundário; crescimento anual do PIB; inflação anual,crescimento populacional anual; desemprego; PIB per capita,"North Macedonia: 7.2% de risco estimado para 2024, classificado como risco muito baixo.","Para North Macedonia, o modelo estimou 7.2% de probabilidade de violência organizada em 2024, classificando o caso como risco muito baixo. Os principais grupos associados à estimativa foram: indicadores socioeconômicos World Bank; persistência temporal de conflito; tendência temporal geral. Sinais que elevaram a estimativa: matrícula no ensino secundário; crescimento anual do PIB; inflação anual. Sinais que reduziram a estimativa no modelo: crescimento populacional anual; desemprego; PIB per capita.",Explicação aproximada baseada em coeficientes e valores relativos das features; não representa causalidade direta.
Bosnia-Herzegovina,Europe,2023,2024,0.0705417351717485,7.1%,very_low,risco muito baixo,0,0,true_negative,indicadores socioeconômicos World Bank; persistência temporal de conflito; tendência temporal geral,matrícula no ensino secundário; crescimento anual do PIB; inflação anual,crescimento populacional anual; desemprego; PIB per capita,"Bosnia-Herzegovina: 7.1% de risco estimado para 2024, classificado como risco muito baixo.","Para Bosnia-Herzegovina, o modelo estimou 7.1% de probabilidade de violência organizada em 2024, classificando o caso como risco muito baixo. Os principais grupos associados à estimativa foram: indicadores socioeconômicos World Bank; persistência temporal de conflito; tendência temporal geral. Sinais que elevaram a estimativa: matrícula no ensino secundário; crescimento anual do PIB; inflação anual. Sinais que reduziram a estimativa no modelo: crescimento populacional anual; desemprego; PIB per capita.",Explicação aproximada baseada em coeficientes e valores relativos das features; não representa causalidade direta.
Malawi,Africa,2023,2024,0.0686012781370192,6.9%,very_low,risco muito baixo,0,0,true_negative,persistência temporal de conflito; indicadores socioeconômicos World Bank; tendência temporal geral,matrícula no ensino secundário; crescimento populacional anual; inflação anual,anos desde o último conflito; gasto militar como percentual do PIB; população urbana,"Malawi: 6.9% de risco estimado para 2024, classificado como risco muito baixo.","Para Malawi, o modelo estimou 6.9% de probabilidade de violência organizada em 2024, classificando o caso como risco muito baixo. Os principais grupos associados à estimativa foram: persistência temporal de conflito; indicadores socioeconômicos World Bank; tendência temporal geral. Sinais que elevaram a estimativa: matrícula no ensino secundário; crescimento populacional anual; inflação anual. Sinais que reduziram a estimativa no modelo: anos desde o último conflito; gasto militar como percentual do PIB; população urbana.",Explicação aproximada baseada em coeficientes e valores relativos das features; não representa causalidade direta.
Trinidad and Tobago,Americas,2023,2024,0.0680620811606825,6.8%,very_low,risco muito baixo,0,0,true_negative,indicadores socioeconômicos World Bank; persistência temporal de conflito; tendência temporal geral,crescimento anual do PIB; desemprego; matrícula no ensino secundário,crescimento populacional anual; PIB per capita; anos desde o último conflito,"Trinidad and Tobago: 6.8% de risco estimado para 2024, classificado como risco muito baixo.","Para Trinidad and Tobago, o modelo estimou 6.8% de probabilidade de violência organizada em 2024, classificando o caso como risco muito baixo. Os principais grupos associados à estimativa foram: indicadores socioeconômicos World Bank; persistência temporal de conflito; tendência temporal geral. Sinais que elevaram a estimativa: crescimento anual do PIB; desemprego; matrícula no ensino secundário. Sinais que reduziram a estimativa no modelo: crescimento populacional anual; PIB per capita; anos desde o último conflito.",Explicação aproximada baseada em coeficientes e valores relativos das features; não representa causalidade direta.
East Timor,Asia,2023,2024,0.0680035471723516,6.8%,very_low,risco muito baixo,0,0,true_negative,persistência temporal de conflito; indicadores socioeconômicos World Bank; tendência temporal geral,crescimento anual do PIB; PIB per capita; desemprego,anos desde o último conflito; população total; crescimento populacional anual,"East Timor: 6.8% de risco estimado para 2024, classificado como risco muito baixo.","Para East Timor, o modelo estimou 6.8% de probabilidade de violência organizada em 2024, classificando o caso como risco muito baixo. Os principais grupos associados à estimativa foram: persistência temporal de conflito; indicadores socioeconômicos World Bank; tendência temporal geral. Sinais que elevaram a estimativa: crescimento anual do PIB; PIB per capita; desemprego. Sinais que reduziram a estimativa no modelo: anos desde o último conflito; população total; crescimento populacional anual.",Explicação aproximada baseada em coeficientes e valores relativos das features; não representa causalidade direta.
United Kingdom,Europe,2023,2024,0.0678818005893342,6.8%,very_low,risco muito baixo,0,0,true_negative,indicadores socioeconômicos World Bank; persistência temporal de conflito; tendência temporal geral,frequência de conflito nos últimos 5 anos; crescimento anual do PIB; população total,PIB per capita; matrícula no ensino secundário; mortes acumuladas nos últimos 5 anos,"United Kingdom: 6.8% de risco estimado para 2024, classificado como risco muito baixo.","Para United Kingdom, o modelo estimou 6.8% de probabilidade de violência organizada em 2024, classificando o caso como risco muito baixo. Os principais grupos associados à estimativa foram: indicadores socioeconômicos World Bank; persistência temporal de conflito; tendência temporal geral. Sinais que elevaram a estimativa: frequência de conflito nos últimos 5 anos; crescimento anual do PIB; população total. Sinais que reduziram a estimativa no modelo: PIB per capita; matrícula no ensino secundário; mortes acumuladas nos últimos 5 anos.",Explicação aproximada baseada em coeficientes e valores relativos das features; não representa causalidade direta.
Oman,Middle East,2023,2024,0.0610626135405907,6.1%,very_low,risco muito baixo,0,0,true_negative,persistência temporal de conflito; indicadores socioeconômicos World Bank; tendência temporal geral,crescimento populacional anual; gasto militar como percentual do PIB; crescimento anual do PIB,anos desde o último conflito; PIB per capita; inflação anual,"Oman: 6.1% de risco estimado para 2024, classificado como risco muito baixo.","Para Oman, o modelo estimou 6.1% de probabilidade de violência organizada em 2024, classificando o caso como risco muito baixo. Os principais grupos associados à estimativa foram: persistência temporal de conflito; indicadores socioeconômicos World Bank; tendência temporal geral. Sinais que elevaram a estimativa: crescimento populacional anual; gasto militar como percentual do PIB; crescimento anual do PIB. Sinais que reduziram a estimativa no modelo: anos desde o último conflito; PIB per capita; inflação anual.",Explicação aproximada baseada em coeficientes e valores relativos das features; não representa causalidade direta.
Austria,Europe,2023,2024,0.0609347025248251,6.1%,very_low,risco muito baixo,0,0,true_negative,indicadores socioeconômicos World Bank; persistência temporal de conflito; tendência temporal geral,frequência de conflito nos últimos 5 anos; crescimento anual do PIB; anos desde o último conflito,PIB per capita; matrícula no ensino secundário; crescimento populacional anual,"Austria: 6.1% de risco estimado para 2024, classificado como risco muito baixo.","Para Austria, o modelo estimou 6.1% de probabilidade de violência organizada em 2024, classificando o caso como risco muito baixo. Os principais grupos associados à estimativa foram: indicadores socioeconômicos World Bank; persistência temporal de conflito; tendência temporal geral. Sinais que elevaram a estimativa: frequência de conflito nos últimos 5 anos; crescimento anual do PIB; anos desde o último conflito. Sinais que reduziram a estimativa no modelo: PIB per capita; matrícula no ensino secundário; crescimento populacional anual.",Explicação aproximada baseada em coeficientes e valores relativos das features; não representa causalidade direta.
Moldova,Europe,2023,2024,0.0591336149460024,5.9%,very_low,risco muito baixo,0,0,true_negative,indicadores socioeconômicos World Bank; persistência temporal de conflito; tendência temporal geral,crescimento anual do PIB; desemprego; inflação anual,crescimento populacional anual; matrícula no ensino secundário; anos desde o último conflito,"Moldova: 5.9% de risco estimado para 2024, classificado como risco muito baixo.","Para Moldova, o modelo estimou 5.9% de probabilidade de violência organizada em 2024, classificando o caso como risco muito baixo. Os principais grupos associados à estimativa foram: indicadores socioeconômicos World Bank; persistência temporal de conflito; tendência temporal geral. Sinais que elevaram a estimativa: crescimento anual do PIB; desemprego; inflação anual. Sinais que reduziram a estimativa no modelo: crescimento populacional anual; matrícula no ensino secundário; anos desde o último conflito.",Explicação aproximada baseada em coeficientes e valores relativos das features; não representa causalidade direta.
Albania,Europe,2023,2024,0.0590571475832195,5.9%,very_low,risco muito baixo,0,0,true_negative,indicadores socioeconômicos World Bank; persistência temporal de conflito; tendência temporal geral,gasto militar como percentual do PIB,crescimento populacional anual; desemprego; crescimento anual do PIB,"Albania: 5.9% de risco estimado para 2024, classificado como risco muito baixo.","Para Albania, o modelo estimou 5.9% de probabilidade de violência organizada em 2024, classificando o caso como risco muito baixo. Os principais grupos associados à estimativa foram: indicadores socioeconômicos World Bank; persistência temporal de conflito; tendência temporal geral. Sinais que elevaram a estimativa: gasto militar como percentual do PIB. Sinais que reduziram a estimativa no modelo: crescimento populacional anual; desemprego; crescimento anual do PIB.",Explicação aproximada baseada em coeficientes e valores relativos das features; não representa causalidade direta.
Croatia,Europe,2023,2024,0.0565796062262,5.7%,very_low,risco muito baixo,0,0,true_negative,indicadores socioeconômicos World Bank; persistência temporal de conflito; tendência temporal geral,inflação anual; gasto militar como percentual do PIB,PIB per capita; crescimento populacional anual; matrícula no ensino secundário,"Croatia: 5.7% de risco estimado para 2024, classificado como risco muito baixo.","Para Croatia, o modelo estimou 5.7% de probabilidade de violência organizada em 2024, classificando o caso como risco muito baixo. Os principais grupos associados à estimativa foram: indicadores socioeconômicos World Bank; persistência temporal de conflito; tendência temporal geral. Sinais que elevaram a estimativa: inflação anual; gasto militar como percentual do PIB. Sinais que reduziram a estimativa no modelo: PIB per capita; crescimento populacional anual; matrícula no ensino secundário.",Explicação aproximada baseada em coeficientes e valores relativos das features; não representa causalidade direta.
Malta,Europe,2023,2024,0.0552103188572339,5.5%,very_low,risco muito baixo,0,0,true_negative,indicadores socioeconômicos World Bank; persistência temporal de conflito; tendência temporal geral,crescimento populacional anual; desemprego; população urbana,PIB per capita; crescimento anual do PIB; matrícula no ensino secundário,"Malta: 5.5% de risco estimado para 2024, classificado como risco muito baixo.","Para Malta, o modelo estimou 5.5% de probabilidade de violência organizada em 2024, classificando o caso como risco muito baixo. Os principais grupos associados à estimativa foram: indicadores socioeconômicos World Bank; persistência temporal de conflito; tendência temporal geral. Sinais que elevaram a estimativa: crescimento populacional anual; desemprego; população urbana. Sinais que reduziram a estimativa no modelo: PIB per capita; crescimento anual do PIB; matrícula no ensino secundário.",Explicação aproximada baseada em coeficientes e valores relativos das features; não representa causalidade direta.
Canada,Americas,2023,2024,0.0519958805361021,5.2%,very_low,risco muito baixo,0,0,true_negative,indicadores socioeconômicos World Bank; persistência temporal de conflito; tendência temporal geral,crescimento populacional anual; crescimento anual do PIB; população total,PIB per capita; matrícula no ensino secundário; anos desde o último conflito,"Canada: 5.2% de risco estimado para 2024, classificado como risco muito baixo.","Para Canada, o modelo estimou 5.2% de probabilidade de violência organizada em 2024, classificando o caso como risco muito baixo. Os principais grupos associados à estimativa foram: indicadores socioeconômicos World Bank; persistência temporal de conflito; tendência temporal geral. Sinais que elevaram a estimativa: crescimento populacional anual; crescimento anual do PIB; população total. Sinais que reduziram a estimativa no modelo: PIB per capita; matrícula no ensino secundário; anos desde o último conflito.",Explicação aproximada baseada em coeficientes e valores relativos das features; não representa causalidade direta.
Equatorial Guinea,Africa,2023,2024,0.0512279846011443,5.1%,very_low,risco muito baixo,0,0,true_negative,persistência temporal de conflito; indicadores socioeconômicos World Bank; tendência temporal geral,crescimento anual do PIB; crescimento populacional anual; PIB per capita,anos desde o último conflito; desemprego; inflação anual,"Equatorial Guinea: 5.1% de risco estimado para 2024, classificado como risco muito baixo.","Para Equatorial Guinea, o modelo estimou 5.1% de probabilidade de violência organizada em 2024, classificando o caso como risco muito baixo. Os principais grupos associados à estimativa foram: persistência temporal de conflito; indicadores socioeconômicos World Bank; tendência temporal geral. Sinais que elevaram a estimativa: crescimento anual do PIB; crescimento populacional anual; PIB per capita. Sinais que reduziram a estimativa no modelo: anos desde o último conflito; desemprego; inflação anual.",Explicação aproximada baseada em coeficientes e valores relativos das features; não representa causalidade direta.
Italy,Europe,2023,2024,0.0503634647745994,5.0%,very_low,risco muito baixo,0,0,true_negative,indicadores socioeconômicos World Bank; persistência temporal de conflito; tendência temporal geral,crescimento anual do PIB; população total; gasto militar como percentual do PIB,PIB per capita; crescimento populacional anual; matrícula no ensino secundário,"Italy: 5.0% de risco estimado para 2024, classificado como risco muito baixo.","Para Italy, o modelo estimou 5.0% de probabilidade de violência organizada em 2024, classificando o caso como risco muito baixo. Os principais grupos associados à estimativa foram: indicadores socioeconômicos World Bank; persistência temporal de conflito; tendência temporal geral. Sinais que elevaram a estimativa: crescimento anual do PIB; população total; gasto militar como percentual do PIB. Sinais que reduziram a estimativa no modelo: PIB per capita; crescimento populacional anual; matrícula no ensino secundário.",Explicação aproximada baseada em coeficientes e valores relativos das features; não representa causalidade direta.
Australia,Asia,2023,2024,0.0465773723944946,4.7%,very_low,risco muito baixo,0,0,true_negative,indicadores socioeconômicos World Bank; persistência temporal de conflito; tendência temporal geral,frequência de conflito nos últimos 5 anos; crescimento populacional anual; população total,PIB per capita; matrícula no ensino secundário; crescimento anual do PIB,"Australia: 4.7% de risco estimado para 2024, classificado como risco muito baixo.","Para Australia, o modelo estimou 4.7% de probabilidade de violência organizada em 2024, classificando o caso como risco muito baixo. Os principais grupos associados à estimativa foram: indicadores socioeconômicos World Bank; persistência temporal de conflito; tendência temporal geral. Sinais que elevaram a estimativa: frequência de conflito nos últimos 5 anos; crescimento populacional anual; população total. Sinais que reduziram a estimativa no modelo: PIB per capita; matrícula no ensino secundário; crescimento anual do PIB.",Explicação aproximada baseada em coeficientes e valores relativos das features; não representa causalidade direta.
Germany,Europe,2023,2024,0.0465137763087591,4.7%,very_low,risco muito baixo,0,1,false_negative,indicadores socioeconômicos World Bank; persistência temporal de conflito; tendência temporal geral,crescimento anual do PIB; população total; desemprego,PIB per capita; crescimento populacional anual; matrícula no ensino secundário,"Germany: 4.7% de risco estimado para 2024, classificado como risco muito baixo.","Para Germany, o modelo estimou 4.7% de probabilidade de violência organizada em 2024, classificando o caso como risco muito baixo. Os principais grupos associados à estimativa foram: indicadores socioeconômicos World Bank; persistência temporal de conflito; tendência temporal geral. Sinais que elevaram a estimativa: crescimento anual do PIB; população total; desemprego. Sinais que reduziram a estimativa no modelo: PIB per capita; crescimento populacional anual; matrícula no ensino secundário.",Explicação aproximada baseada em coeficientes e valores relativos das features; não representa causalidade direta.
Sao Tome and Principe,Africa,2023,2024,0.0461791583213761,4.6%,very_low,risco muito baixo,0,0,true_negative,persistência temporal de conflito; indicadores socioeconômicos World Bank; tendência temporal geral,crescimento populacional anual; crescimento anual do PIB; inflação anual,anos desde o último conflito; desemprego; população total,"Sao Tome and Principe: 4.6% de risco estimado para 2024, classificado como risco muito baixo.","Para Sao Tome and Principe, o modelo estimou 4.6% de probabilidade de violência organizada em 2024, classificando o caso como risco muito baixo. Os principais grupos associados à estimativa foram: persistência temporal de conflito; indicadores socioeconômicos World Bank; tendência temporal geral. Sinais que elevaram a estimativa: crescimento populacional anual; crescimento anual do PIB; inflação anual. Sinais que reduziram a estimativa no modelo: anos desde o último conflito; desemprego; população total.",Explicação aproximada baseada em coeficientes e valores relativos das features; não representa causalidade direta.
Vietnam (North Vietnam),Asia,2023,2024,0.0426026107703449,4.3%,very_low,risco muito baixo,0,0,true_negative,persistência temporal de conflito; indicadores socioeconômicos World Bank; tendência temporal geral,população total; desemprego; PIB per capita,anos desde o último conflito; crescimento anual do PIB; crescimento populacional anual,"Vietnam (North Vietnam): 4.3% de risco estimado para 2024, classificado como risco muito baixo.","Para Vietnam (North Vietnam), o modelo estimou 4.3% de probabilidade de violência organizada em 2024, classificando o caso como risco muito baixo. Os principais grupos associados à estimativa foram: persistência temporal de conflito; indicadores socioeconômicos World Bank; tendência temporal geral. Sinais que elevaram a estimativa: população total; desemprego; PIB per capita. Sinais que reduziram a estimativa no modelo: anos desde o último conflito; crescimento anual do PIB; crescimento populacional anual.",Explicação aproximada baseada em coeficientes e valores relativos das features; não representa causalidade direta.
Belize,Americas,2023,2024,0.0416722284890947,4.2%,very_low,risco muito baixo,0,0,true_negative,persistência temporal de conflito; indicadores socioeconômicos World Bank; tendência temporal geral,crescimento populacional anual; crescimento anual do PIB; matrícula no ensino secundário,anos desde o último conflito; desemprego; gasto militar como percentual do PIB,"Belize: 4.2% de risco estimado para 2024, classificado como risco muito baixo.","Para Belize, o modelo estimou 4.2% de probabilidade de violência organizada em 2024, classificando o caso como risco muito baixo. Os principais grupos associados à estimativa foram: persistência temporal de conflito; indicadores socioeconômicos World Bank; tendência temporal geral. Sinais que elevaram a estimativa: crescimento populacional anual; crescimento anual do PIB; matrícula no ensino secundário. Sinais que reduziram a estimativa no modelo: anos desde o último conflito; desemprego; gasto militar como percentual do PIB.",Explicação aproximada baseada em coeficientes e valores relativos das features; não representa causalidade direta.
Suriname,Americas,2023,2024,0.0398916973746555,4.0%,very_low,risco muito baixo,0,0,true_negative,persistência temporal de conflito; indicadores socioeconômicos World Bank; tendência temporal geral,matrícula no ensino secundário; inflação anual; crescimento anual do PIB,anos desde o último conflito; crescimento populacional anual; desemprego,"Suriname: 4.0% de risco estimado para 2024, classificado como risco muito baixo.","Para Suriname, o modelo estimou 4.0% de probabilidade de violência organizada em 2024, classificando o caso como risco muito baixo. Os principais grupos associados à estimativa foram: persistência temporal de conflito; indicadores socioeconômicos World Bank; tendência temporal geral. Sinais que elevaram a estimativa: matrícula no ensino secundário; inflação anual; crescimento anual do PIB. Sinais que reduziram a estimativa no modelo: anos desde o último conflito; crescimento populacional anual; desemprego.",Explicação aproximada baseada em coeficientes e valores relativos das features; não representa causalidade direta.
Federated States of Micronesia,Asia,2023,2024,0.0398380620167289,4.0%,very_low,risco muito baixo,0,0,true_negative,persistência temporal de conflito; indicadores socioeconômicos World Bank; tendência temporal geral,crescimento anual do PIB; PIB per capita,anos desde o último conflito; crescimento populacional anual; população total,"Federated States of Micronesia: 4.0% de risco estimado para 2024, classificado como risco muito baixo.","Para Federated States of Micronesia, o modelo estimou 4.0% de probabilidade de violência organizada em 2024, classificando o caso como risco muito baixo. Os principais grupos associados à estimativa foram: persistência temporal de conflito; indicadores socioeconômicos World Bank; tendência temporal geral. Sinais que elevaram a estimativa: crescimento anual do PIB; PIB per capita. Sinais que reduziram a estimativa no modelo: anos desde o último conflito; crescimento populacional anual; população total.",Explicação aproximada baseada em coeficientes e valores relativos das features; não representa causalidade direta.
North Korea,Asia,2023,2024,0.0393558304172189,3.9%,very_low,risco muito baixo,0,0,true_negative,persistência temporal de conflito; indicadores socioeconômicos World Bank; tendência temporal geral,população total; desemprego; população urbana,anos desde o último conflito; crescimento populacional anual,"North Korea: 3.9% de risco estimado para 2024, classificado como risco muito baixo.","Para North Korea, o modelo estimou 3.9% de probabilidade de violência organizada em 2024, classificando o caso como risco muito baixo. Os principais grupos associados à estimativa foram: persistência temporal de conflito; indicadores socioeconômicos World Bank; tendência temporal geral. Sinais que elevaram a estimativa: população total; desemprego; população urbana. Sinais que reduziram a estimativa no modelo: anos desde o último conflito; crescimento populacional anual.",Explicação aproximada baseada em coeficientes e valores relativos das features; não representa causalidade direta.
Kiribati,Asia,2023,2024,0.0388045390438279,3.9%,very_low,risco muito baixo,0,0,true_negative,persistência temporal de conflito; indicadores socioeconômicos World Bank; tendência temporal geral,crescimento populacional anual; PIB per capita; crescimento anual do PIB,anos desde o último conflito; população total; matrícula no ensino secundário,"Kiribati: 3.9% de risco estimado para 2024, classificado como risco muito baixo.","Para Kiribati, o modelo estimou 3.9% de probabilidade de violência organizada em 2024, classificando o caso como risco muito baixo. Os principais grupos associados à estimativa foram: persistência temporal de conflito; indicadores socioeconômicos World Bank; tendência temporal geral. Sinais que elevaram a estimativa: crescimento populacional anual; PIB per capita; crescimento anual do PIB. Sinais que reduziram a estimativa no modelo: anos desde o último conflito; população total; matrícula no ensino secundário.",Explicação aproximada baseada em coeficientes e valores relativos das features; não representa causalidade direta.
Gabon,Africa,2023,2024,0.0385944795240558,3.9%,very_low,risco muito baixo,0,0,true_negative,persistência temporal de conflito; indicadores socioeconômicos World Bank; tendência temporal geral,crescimento populacional anual; crescimento anual do PIB; população urbana,anos desde o último conflito; desemprego; PIB per capita,"Gabon: 3.9% de risco estimado para 2024, classificado como risco muito baixo.","Para Gabon, o modelo estimou 3.9% de probabilidade de violência organizada em 2024, classificando o caso como risco muito baixo. Os principais grupos associados à estimativa foram: persistência temporal de conflito; indicadores socioeconômicos World Bank; tendência temporal geral. Sinais que elevaram a estimativa: crescimento populacional anual; crescimento anual do PIB; população urbana. Sinais que reduziram a estimativa no modelo: anos desde o último conflito; desemprego; PIB per capita.",Explicação aproximada baseada em coeficientes e valores relativos das features; não representa causalidade direta.
Dominican Republic,Americas,2023,2024,0.037561812632453,3.8%,very_low,risco muito baixo,0,0,true_negative,persistência temporal de conflito; indicadores socioeconômicos World Bank; tendência temporal geral,matrícula no ensino secundário; crescimento anual do PIB; população total,anos desde o último conflito; PIB per capita; crescimento populacional anual,"Dominican Republic: 3.8% de risco estimado para 2024, classificado como risco muito baixo.","Para Dominican Republic, o modelo estimou 3.8% de probabilidade de violência organizada em 2024, classificando o caso como risco muito baixo. Os principais grupos associados à estimativa foram: persistência temporal de conflito; indicadores socioeconômicos World Bank; tendência temporal geral. Sinais que elevaram a estimativa: matrícula no ensino secundário; crescimento anual do PIB; população total. Sinais que reduziram a estimativa no modelo: anos desde o último conflito; PIB per capita; crescimento populacional anual.",Explicação aproximada baseada em coeficientes e valores relativos das features; não representa causalidade direta.
Cuba,Americas,2023,2024,0.0366549514681241,3.7%,very_low,risco muito baixo,0,0,true_negative,persistência temporal de conflito; indicadores socioeconômicos World Bank; tendência temporal geral,crescimento anual do PIB; desemprego; população total,anos desde o último conflito; crescimento populacional anual; matrícula no ensino secundário,"Cuba: 3.7% de risco estimado para 2024, classificado como risco muito baixo.","Para Cuba, o modelo estimou 3.7% de probabilidade de violência organizada em 2024, classificando o caso como risco muito baixo. Os principais grupos associados à estimativa foram: persistência temporal de conflito; indicadores socioeconômicos World Bank; tendência temporal geral. Sinais que elevaram a estimativa: crescimento anual do PIB; desemprego; população total. Sinais que reduziram a estimativa no modelo: anos desde o último conflito; crescimento populacional anual; matrícula no ensino secundário.",Explicação aproximada baseada em coeficientes e valores relativos das features; não representa causalidade direta.
Guyana,Americas,2023,2024,0.0355019616503741,3.6%,very_low,risco muito baixo,0,0,true_negative,indicadores socioeconômicos World Bank; persistência temporal de conflito; tendência temporal geral,matrícula no ensino secundário,crescimento anual do PIB; PIB per capita; crescimento populacional anual,"Guyana: 3.6% de risco estimado para 2024, classificado como risco muito baixo.","Para Guyana, o modelo estimou 3.6% de probabilidade de violência organizada em 2024, classificando o caso como risco muito baixo. Os principais grupos associados à estimativa foram: indicadores socioeconômicos World Bank; persistência temporal de conflito; tendência temporal geral. Sinais que elevaram a estimativa: matrícula no ensino secundário. Sinais que reduziram a estimativa no modelo: crescimento anual do PIB; PIB per capita; crescimento populacional anual.",Explicação aproximada baseada em coeficientes e valores relativos das features; não representa causalidade direta.
Cape Verde,Africa,2023,2024,0.0339920950765509,3.4%,very_low,risco muito baixo,0,0,true_negative,persistência temporal de conflito; indicadores socioeconômicos World Bank; tendência temporal geral,PIB per capita; população urbana,anos desde o último conflito; crescimento populacional anual; crescimento anual do PIB,"Cape Verde: 3.4% de risco estimado para 2024, classificado como risco muito baixo.","Para Cape Verde, o modelo estimou 3.4% de probabilidade de violência organizada em 2024, classificando o caso como risco muito baixo. Os principais grupos associados à estimativa foram: persistência temporal de conflito; indicadores socioeconômicos World Bank; tendência temporal geral. Sinais que elevaram a estimativa: PIB per capita; população urbana. Sinais que reduziram a estimativa no modelo: anos desde o último conflito; crescimento populacional anual; crescimento anual do PIB.",Explicação aproximada baseada em coeficientes e valores relativos das features; não representa causalidade direta.
Turkmenistan,Asia,2023,2024,0.0338045569530824,3.4%,very_low,risco muito baixo,0,0,true_negative,persistência temporal de conflito; indicadores socioeconômicos World Bank; tendência temporal geral,crescimento populacional anual; desemprego; PIB per capita,anos desde o último conflito; crescimento anual do PIB; matrícula no ensino secundário,"Turkmenistan: 3.4% de risco estimado para 2024, classificado como risco muito baixo.","Para Turkmenistan, o modelo estimou 3.4% de probabilidade de violência organizada em 2024, classificando o caso como risco muito baixo. Os principais grupos associados à estimativa foram: persistência temporal de conflito; indicadores socioeconômicos World Bank; tendência temporal geral. Sinais que elevaram a estimativa: crescimento populacional anual; desemprego; PIB per capita. Sinais que reduziram a estimativa no modelo: anos desde o último conflito; crescimento anual do PIB; matrícula no ensino secundário.",Explicação aproximada baseada em coeficientes e valores relativos das features; não representa causalidade direta.
Sweden,Europe,2023,2024,0.0331223999837482,3.3%,very_low,risco muito baixo,0,0,true_negative,indicadores socioeconômicos World Bank; persistência temporal de conflito; tendência temporal geral,crescimento anual do PIB; anos desde o último conflito; inflação anual,PIB per capita; matrícula no ensino secundário; crescimento populacional anual,"Sweden: 3.3% de risco estimado para 2024, classificado como risco muito baixo.","Para Sweden, o modelo estimou 3.3% de probabilidade de violência organizada em 2024, classificando o caso como risco muito baixo. Os principais grupos associados à estimativa foram: indicadores socioeconômicos World Bank; persistência temporal de conflito; tendência temporal geral. Sinais que elevaram a estimativa: crescimento anual do PIB; anos desde o último conflito; inflação anual. Sinais que reduziram a estimativa no modelo: PIB per capita; matrícula no ensino secundário; crescimento populacional anual.",Explicação aproximada baseada em coeficientes e valores relativos das features; não representa causalidade direta.
Nauru,Asia,2023,2024,0.0329370836994606,3.3%,very_low,risco muito baixo,0,0,true_negative,persistência temporal de conflito; indicadores socioeconômicos World Bank; tendência temporal geral,crescimento anual do PIB; matrícula no ensino secundário; população urbana,anos desde o último conflito; crescimento populacional anual; PIB per capita,"Nauru: 3.3% de risco estimado para 2024, classificado como risco muito baixo.","Para Nauru, o modelo estimou 3.3% de probabilidade de violência organizada em 2024, classificando o caso como risco muito baixo. Os principais grupos associados à estimativa foram: persistência temporal de conflito; indicadores socioeconômicos World Bank; tendência temporal geral. Sinais que elevaram a estimativa: crescimento anual do PIB; matrícula no ensino secundário; população urbana. Sinais que reduziram a estimativa no modelo: anos desde o último conflito; crescimento populacional anual; PIB per capita.",Explicação aproximada baseada em coeficientes e valores relativos das features; não representa causalidade direta.
Maldives,Asia,2023,2024,0.0323562054797461,3.2%,very_low,risco muito baixo,0,0,true_negative,persistência temporal de conflito; indicadores socioeconômicos World Bank; tendência temporal geral,matrícula no ensino secundário; desemprego,anos desde o último conflito; crescimento populacional anual; crescimento anual do PIB,"Maldives: 3.2% de risco estimado para 2024, classificado como risco muito baixo.","Para Maldives, o modelo estimou 3.2% de probabilidade de violência organizada em 2024, classificando o caso como risco muito baixo. Os principais grupos associados à estimativa foram: persistência temporal de conflito; indicadores socioeconômicos World Bank; tendência temporal geral. Sinais que elevaram a estimativa: matrícula no ensino secundário; desemprego. Sinais que reduziram a estimativa no modelo: anos desde o último conflito; crescimento populacional anual; crescimento anual do PIB.",Explicação aproximada baseada em coeficientes e valores relativos das features; não representa causalidade direta.
Tonga,Asia,2023,2024,0.0321443724624582,3.2%,very_low,risco muito baixo,0,0,true_negative,persistência temporal de conflito; indicadores socioeconômicos World Bank; tendência temporal geral,desemprego; matrícula no ensino secundário; PIB per capita,anos desde o último conflito; crescimento populacional anual; população total,"Tonga: 3.2% de risco estimado para 2024, classificado como risco muito baixo.","Para Tonga, o modelo estimou 3.2% de probabilidade de violência organizada em 2024, classificando o caso como risco muito baixo. Os principais grupos associados à estimativa foram: persistência temporal de conflito; indicadores socioeconômicos World Bank; tendência temporal geral. Sinais que elevaram a estimativa: desemprego; matrícula no ensino secundário; PIB per capita. Sinais que reduziram a estimativa no modelo: anos desde o último conflito; crescimento populacional anual; população total.",Explicação aproximada baseada em coeficientes e valores relativos das features; não representa causalidade direta.
Mongolia,Asia,2023,2024,0.0319774868713953,3.2%,very_low,risco muito baixo,0,0,true_negative,persistência temporal de conflito; indicadores socioeconômicos World Bank; tendência temporal geral,crescimento populacional anual; inflação anual; PIB per capita,anos desde o último conflito; crescimento anual do PIB; matrícula no ensino secundário,"Mongolia: 3.2% de risco estimado para 2024, classificado como risco muito baixo.","Para Mongolia, o modelo estimou 3.2% de probabilidade de violência organizada em 2024, classificando o caso como risco muito baixo. Os principais grupos associados à estimativa foram: persistência temporal de conflito; indicadores socioeconômicos World Bank; tendência temporal geral. Sinais que elevaram a estimativa: crescimento populacional anual; inflação anual; PIB per capita. Sinais que reduziram a estimativa no modelo: anos desde o último conflito; crescimento anual do PIB; matrícula no ensino secundário.",Explicação aproximada baseada em coeficientes e valores relativos das features; não representa causalidade direta.
Grenada,Americas,2023,2024,0.0319406484113319,3.2%,very_low,risco muito baixo,0,0,true_negative,persistência temporal de conflito; indicadores socioeconômicos World Bank; tendência temporal geral,,anos desde o último conflito; crescimento populacional anual; crescimento anual do PIB,"Grenada: 3.2% de risco estimado para 2024, classificado como risco muito baixo.","Para Grenada, o modelo estimou 3.2% de probabilidade de violência organizada em 2024, classificando o caso como risco muito baixo. Os principais grupos associados à estimativa foram: persistência temporal de conflito; indicadores socioeconômicos World Bank; tendência temporal geral. Sinais que reduziram a estimativa no modelo: anos desde o último conflito; crescimento populacional anual; crescimento anual do PIB.",Explicação aproximada baseada em coeficientes e valores relativos das features; não representa causalidade direta.
Kazakhstan,Asia,2023,2024,0.031647941925444,3.2%,very_low,risco muito baixo,0,0,true_negative,persistência temporal de conflito; indicadores socioeconômicos World Bank; tendência temporal geral,crescimento populacional anual; inflação anual; população total,anos desde o último conflito; crescimento anual do PIB; PIB per capita,"Kazakhstan: 3.2% de risco estimado para 2024, classificado como risco muito baixo.","Para Kazakhstan, o modelo estimou 3.2% de probabilidade de violência organizada em 2024, classificando o caso como risco muito baixo. Os principais grupos associados à estimativa foram: persistência temporal de conflito; indicadores socioeconômicos World Bank; tendência temporal geral. Sinais que elevaram a estimativa: crescimento populacional anual; inflação anual; população total. Sinais que reduziram a estimativa no modelo: anos desde o último conflito; crescimento anual do PIB; PIB per capita.",Explicação aproximada baseada em coeficientes e valores relativos das features; não representa causalidade direta.
Netherlands,Europe,2023,2024,0.0314787503297624,3.1%,very_low,risco muito baixo,0,0,true_negative,indicadores socioeconômicos World Bank; persistência temporal de conflito; tendência temporal geral,crescimento anual do PIB; desemprego; população total,PIB per capita; matrícula no ensino secundário; crescimento populacional anual,"Netherlands: 3.1% de risco estimado para 2024, classificado como risco muito baixo.","Para Netherlands, o modelo estimou 3.1% de probabilidade de violência organizada em 2024, classificando o caso como risco muito baixo. Os principais grupos associados à estimativa foram: indicadores socioeconômicos World Bank; persistência temporal de conflito; tendência temporal geral. Sinais que elevaram a estimativa: crescimento anual do PIB; desemprego; população total. Sinais que reduziram a estimativa no modelo: PIB per capita; matrícula no ensino secundário; crescimento populacional anual.",Explicação aproximada baseada em coeficientes e valores relativos das features; não representa causalidade direta.
Vanuatu,Asia,2023,2024,0.0313662672553133,3.1%,very_low,risco muito baixo,0,0,true_negative,persistência temporal de conflito; indicadores socioeconômicos World Bank; tendência temporal geral,crescimento populacional anual; crescimento anual do PIB; PIB per capita,anos desde o último conflito; matrícula no ensino secundário; população total,"Vanuatu: 3.1% de risco estimado para 2024, classificado como risco muito baixo.","Para Vanuatu, o modelo estimou 3.1% de probabilidade de violência organizada em 2024, classificando o caso como risco muito baixo. Os principais grupos associados à estimativa foram: persistência temporal de conflito; indicadores socioeconômicos World Bank; tendência temporal geral. Sinais que elevaram a estimativa: crescimento populacional anual; crescimento anual do PIB; PIB per capita. Sinais que reduziram a estimativa no modelo: anos desde o último conflito; matrícula no ensino secundário; população total.",Explicação aproximada baseada em coeficientes e valores relativos das features; não representa causalidade direta.
Seychelles,Africa,2023,2024,0.0306778755792149,3.1%,very_low,risco muito baixo,0,0,true_negative,persistência temporal de conflito; indicadores socioeconômicos World Bank; tendência temporal geral,matrícula no ensino secundário; crescimento anual do PIB,anos desde o último conflito; crescimento populacional anual; PIB per capita,"Seychelles: 3.1% de risco estimado para 2024, classificado como risco muito baixo.","Para Seychelles, o modelo estimou 3.1% de probabilidade de violência organizada em 2024, classificando o caso como risco muito baixo. Os principais grupos associados à estimativa foram: persistência temporal de conflito; indicadores socioeconômicos World Bank; tendência temporal geral. Sinais que elevaram a estimativa: matrícula no ensino secundário; crescimento anual do PIB. Sinais que reduziram a estimativa no modelo: anos desde o último conflito; crescimento populacional anual; PIB per capita.",Explicação aproximada baseada em coeficientes e valores relativos das features; não representa causalidade direta.
Samoa (Western Samoa),Asia,2023,2024,0.0297367735121438,3.0%,very_low,risco muito baixo,0,0,true_negative,persistência temporal de conflito; indicadores socioeconômicos World Bank; tendência temporal geral,PIB per capita; inflação anual; desemprego,anos desde o último conflito; crescimento anual do PIB; crescimento populacional anual,"Samoa (Western Samoa): 3.0% de risco estimado para 2024, classificado como risco muito baixo.","Para Samoa (Western Samoa), o modelo estimou 3.0% de probabilidade de violência organizada em 2024, classificando o caso como risco muito baixo. Os principais grupos associados à estimativa foram: persistência temporal de conflito; indicadores socioeconômicos World Bank; tendência temporal geral. Sinais que elevaram a estimativa: PIB per capita; inflação anual; desemprego. Sinais que reduziram a estimativa no modelo: anos desde o último conflito; crescimento anual do PIB; crescimento populacional anual.",Explicação aproximada baseada em coeficientes e valores relativos das features; não representa causalidade direta.
Saint Lucia,Americas,2023,2024,0.0294827305283897,2.9%,very_low,risco muito baixo,0,0,true_negative,persistência temporal de conflito; indicadores socioeconômicos World Bank; tendência temporal geral,matrícula no ensino secundário; crescimento anual do PIB,anos desde o último conflito; crescimento populacional anual; PIB per capita,"Saint Lucia: 2.9% de risco estimado para 2024, classificado como risco muito baixo.","Para Saint Lucia, o modelo estimou 2.9% de probabilidade de violência organizada em 2024, classificando o caso como risco muito baixo. Os principais grupos associados à estimativa foram: persistência temporal de conflito; indicadores socioeconômicos World Bank; tendência temporal geral. Sinais que elevaram a estimativa: matrícula no ensino secundário; crescimento anual do PIB. Sinais que reduziram a estimativa no modelo: anos desde o último conflito; crescimento populacional anual; PIB per capita.",Explicação aproximada baseada em coeficientes e valores relativos das features; não representa causalidade direta.
Belarus,Europe,2023,2024,0.0289216546085373,2.9%,very_low,risco muito baixo,0,0,true_negative,persistência temporal de conflito; indicadores socioeconômicos World Bank; tendência temporal geral,desemprego; gasto militar como percentual do PIB; população urbana,anos desde o último conflito; crescimento populacional anual; crescimento anual do PIB,"Belarus: 2.9% de risco estimado para 2024, classificado como risco muito baixo.","Para Belarus, o modelo estimou 2.9% de probabilidade de violência organizada em 2024, classificando o caso como risco muito baixo. Os principais grupos associados à estimativa foram: persistência temporal de conflito; indicadores socioeconômicos World Bank; tendência temporal geral. Sinais que elevaram a estimativa: desemprego; gasto militar como percentual do PIB; população urbana. Sinais que reduziram a estimativa no modelo: anos desde o último conflito; crescimento populacional anual; crescimento anual do PIB.",Explicação aproximada baseada em coeficientes e valores relativos das features; não representa causalidade direta.
Fiji,Asia,2023,2024,0.0281017039209504,2.8%,very_low,risco muito baixo,0,0,true_negative,persistência temporal de conflito; indicadores socioeconômicos World Bank; tendência temporal geral,PIB per capita,anos desde o último conflito; crescimento anual do PIB; crescimento populacional anual,"Fiji: 2.8% de risco estimado para 2024, classificado como risco muito baixo.","Para Fiji, o modelo estimou 2.8% de probabilidade de violência organizada em 2024, classificando o caso como risco muito baixo. Os principais grupos associados à estimativa foram: persistência temporal de conflito; indicadores socioeconômicos World Bank; tendência temporal geral. Sinais que elevaram a estimativa: PIB per capita. Sinais que reduziram a estimativa no modelo: anos desde o último conflito; crescimento anual do PIB; crescimento populacional anual.",Explicação aproximada baseada em coeficientes e valores relativos das features; não representa causalidade direta.
Marshall Islands,Asia,2023,2024,0.0280789827461973,2.8%,very_low,risco muito baixo,0,0,true_negative,persistência temporal de conflito; indicadores socioeconômicos World Bank; tendência temporal geral,crescimento anual do PIB; matrícula no ensino secundário; PIB per capita,anos desde o último conflito; crescimento populacional anual; população total,"Marshall Islands: 2.8% de risco estimado para 2024, classificado como risco muito baixo.","Para Marshall Islands, o modelo estimou 2.8% de probabilidade de violência organizada em 2024, classificando o caso como risco muito baixo. Os principais grupos associados à estimativa foram: persistência temporal de conflito; indicadores socioeconômicos World Bank; tendência temporal geral. Sinais que elevaram a estimativa: crescimento anual do PIB; matrícula no ensino secundário; PIB per capita. Sinais que reduziram a estimativa no modelo: anos desde o último conflito; crescimento populacional anual; população total.",Explicação aproximada baseada em coeficientes e valores relativos das features; não representa causalidade direta.
Czech Republic,Europe,2023,2024,0.0280677624442509,2.8%,very_low,risco muito baixo,0,0,true_negative,persistência temporal de conflito; indicadores socioeconômicos World Bank; tendência temporal geral,crescimento anual do PIB; crescimento populacional anual; desemprego,anos desde o último conflito; PIB per capita; matrícula no ensino secundário,"Czech Republic: 2.8% de risco estimado para 2024, classificado como risco muito baixo.","Para Czech Republic, o modelo estimou 2.8% de probabilidade de violência organizada em 2024, classificando o caso como risco muito baixo. Os principais grupos associados à estimativa foram: persistência temporal de conflito; indicadores socioeconômicos World Bank; tendência temporal geral. Sinais que elevaram a estimativa: crescimento anual do PIB; crescimento populacional anual; desemprego. Sinais que reduziram a estimativa no modelo: anos desde o último conflito; PIB per capita; matrícula no ensino secundário.",Explicação aproximada baseada em coeficientes e valores relativos das features; não representa causalidade direta.
Bulgaria,Europe,2023,2024,0.0279546922427285,2.8%,very_low,risco muito baixo,0,0,true_negative,persistência temporal de conflito; indicadores socioeconômicos World Bank; tendência temporal geral,crescimento anual do PIB; inflação anual; gasto militar como percentual do PIB,anos desde o último conflito; crescimento populacional anual; PIB per capita,"Bulgaria: 2.8% de risco estimado para 2024, classificado como risco muito baixo.","Para Bulgaria, o modelo estimou 2.8% de probabilidade de violência organizada em 2024, classificando o caso como risco muito baixo. Os principais grupos associados à estimativa foram: persistência temporal de conflito; indicadores socioeconômicos World Bank; tendência temporal geral. Sinais que elevaram a estimativa: crescimento anual do PIB; inflação anual; gasto militar como percentual do PIB. Sinais que reduziram a estimativa no modelo: anos desde o último conflito; crescimento populacional anual; PIB per capita.",Explicação aproximada baseada em coeficientes e valores relativos das features; não representa causalidade direta.
Qatar,Middle East,2023,2024,0.0276532213716117,2.8%,very_low,risco muito baixo,0,0,true_negative,indicadores socioeconômicos World Bank; persistência temporal de conflito; tendência temporal geral,crescimento anual do PIB; desemprego; população urbana,PIB per capita; crescimento populacional anual; matrícula no ensino secundário,"Qatar: 2.8% de risco estimado para 2024, classificado como risco muito baixo.","Para Qatar, o modelo estimou 2.8% de probabilidade de violência organizada em 2024, classificando o caso como risco muito baixo. Os principais grupos associados à estimativa foram: indicadores socioeconômicos World Bank; persistência temporal de conflito; tendência temporal geral. Sinais que elevaram a estimativa: crescimento anual do PIB; desemprego; população urbana. Sinais que reduziram a estimativa no modelo: PIB per capita; crescimento populacional anual; matrícula no ensino secundário.",Explicação aproximada baseada em coeficientes e valores relativos das features; não representa causalidade direta.
Chile,Americas,2023,2024,0.0275831664992067,2.8%,very_low,risco muito baixo,0,0,true_negative,persistência temporal de conflito; indicadores socioeconômicos World Bank; tendência temporal geral,crescimento anual do PIB; população total; inflação anual,anos desde o último conflito; matrícula no ensino secundário; PIB per capita,"Chile: 2.8% de risco estimado para 2024, classificado como risco muito baixo.","Para Chile, o modelo estimou 2.8% de probabilidade de violência organizada em 2024, classificando o caso como risco muito baixo. Os principais grupos associados à estimativa foram: persistência temporal de conflito; indicadores socioeconômicos World Bank; tendência temporal geral. Sinais que elevaram a estimativa: crescimento anual do PIB; população total; inflação anual. Sinais que reduziram a estimativa no modelo: anos desde o último conflito; matrícula no ensino secundário; PIB per capita.",Explicação aproximada baseada em coeficientes e valores relativos das features; não representa causalidade direta.
Mauritius,Africa,2023,2024,0.0274805536371683,2.7%,very_low,risco muito baixo,0,0,true_negative,persistência temporal de conflito; indicadores socioeconômicos World Bank; tendência temporal geral,inflação anual,anos desde o último conflito; crescimento populacional anual; crescimento anual do PIB,"Mauritius: 2.7% de risco estimado para 2024, classificado como risco muito baixo.","Para Mauritius, o modelo estimou 2.7% de probabilidade de violência organizada em 2024, classificando o caso como risco muito baixo. Os principais grupos associados à estimativa foram: persistência temporal de conflito; indicadores socioeconômicos World Bank; tendência temporal geral. Sinais que elevaram a estimativa: inflação anual. Sinais que reduziram a estimativa no modelo: anos desde o último conflito; crescimento populacional anual; crescimento anual do PIB.",Explicação aproximada baseada em coeficientes e valores relativos das features; não representa causalidade direta.
Estonia,Europe,2023,2024,0.0273009026699373,2.7%,very_low,risco muito baixo,0,0,true_negative,persistência temporal de conflito; indicadores socioeconômicos World Bank; tendência temporal geral,crescimento anual do PIB; crescimento populacional anual; gasto militar como percentual do PIB,anos desde o último conflito; PIB per capita; matrícula no ensino secundário,"Estonia: 2.7% de risco estimado para 2024, classificado como risco muito baixo.","Para Estonia, o modelo estimou 2.7% de probabilidade de violência organizada em 2024, classificando o caso como risco muito baixo. Os principais grupos associados à estimativa foram: persistência temporal de conflito; indicadores socioeconômicos World Bank; tendência temporal geral. Sinais que elevaram a estimativa: crescimento anual do PIB; crescimento populacional anual; gasto militar como percentual do PIB. Sinais que reduziram a estimativa no modelo: anos desde o último conflito; PIB per capita; matrícula no ensino secundário.",Explicação aproximada baseada em coeficientes e valores relativos das features; não representa causalidade direta.
Palau,Asia,2023,2024,0.0268930154659169,2.7%,very_low,risco muito baixo,0,0,true_negative,persistência temporal de conflito; indicadores socioeconômicos World Bank; tendência temporal geral,crescimento anual do PIB; inflação anual; população urbana,anos desde o último conflito; crescimento populacional anual; PIB per capita,"Palau: 2.7% de risco estimado para 2024, classificado como risco muito baixo.","Para Palau, o modelo estimou 2.7% de probabilidade de violência organizada em 2024, classificando o caso como risco muito baixo. Os principais grupos associados à estimativa foram: persistência temporal de conflito; indicadores socioeconômicos World Bank; tendência temporal geral. Sinais que elevaram a estimativa: crescimento anual do PIB; inflação anual; população urbana. Sinais que reduziram a estimativa no modelo: anos desde o último conflito; crescimento populacional anual; PIB per capita.",Explicação aproximada baseada em coeficientes e valores relativos das features; não representa causalidade direta.
Latvia,Europe,2023,2024,0.026855016414194,2.7%,very_low,risco muito baixo,0,0,true_negative,persistência temporal de conflito; indicadores socioeconômicos World Bank; tendência temporal geral,crescimento anual do PIB; gasto militar como percentual do PIB; inflação anual,anos desde o último conflito; PIB per capita; crescimento populacional anual,"Latvia: 2.7% de risco estimado para 2024, classificado como risco muito baixo.","Para Latvia, o modelo estimou 2.7% de probabilidade de violência organizada em 2024, classificando o caso como risco muito baixo. Os principais grupos associados à estimativa foram: persistência temporal de conflito; indicadores socioeconômicos World Bank; tendência temporal geral. Sinais que elevaram a estimativa: crescimento anual do PIB; gasto militar como percentual do PIB; inflação anual. Sinais que reduziram a estimativa no modelo: anos desde o último conflito; PIB per capita; crescimento populacional anual.",Explicação aproximada baseada em coeficientes e valores relativos das features; não representa causalidade direta.
Lithuania,Europe,2023,2024,0.026416429221392,2.6%,very_low,risco muito baixo,0,0,true_negative,persistência temporal de conflito; indicadores socioeconômicos World Bank; tendência temporal geral,crescimento anual do PIB; crescimento populacional anual; gasto militar como percentual do PIB,anos desde o último conflito; PIB per capita; matrícula no ensino secundário,"Lithuania: 2.6% de risco estimado para 2024, classificado como risco muito baixo.","Para Lithuania, o modelo estimou 2.6% de probabilidade de violência organizada em 2024, classificando o caso como risco muito baixo. Os principais grupos associados à estimativa foram: persistência temporal de conflito; indicadores socioeconômicos World Bank; tendência temporal geral. Sinais que elevaram a estimativa: crescimento anual do PIB; crescimento populacional anual; gasto militar como percentual do PIB. Sinais que reduziram a estimativa no modelo: anos desde o último conflito; PIB per capita; matrícula no ensino secundário.",Explicação aproximada baseada em coeficientes e valores relativos das features; não representa causalidade direta.
Dominica,Americas,2023,2024,0.0264114297385566,2.6%,very_low,risco muito baixo,0,0,true_negative,persistência temporal de conflito; indicadores socioeconômicos World Bank; tendência temporal geral,população urbana,anos desde o último conflito; crescimento populacional anual; matrícula no ensino secundário,"Dominica: 2.6% de risco estimado para 2024, classificado como risco muito baixo.","Para Dominica, o modelo estimou 2.6% de probabilidade de violência organizada em 2024, classificando o caso como risco muito baixo. Os principais grupos associados à estimativa foram: persistência temporal de conflito; indicadores socioeconômicos World Bank; tendência temporal geral. Sinais que elevaram a estimativa: população urbana. Sinais que reduziram a estimativa no modelo: anos desde o último conflito; crescimento populacional anual; matrícula no ensino secundário.",Explicação aproximada baseada em coeficientes e valores relativos das features; não representa causalidade direta.
Tuvalu,Asia,2023,2024,0.0260766819045528,2.6%,very_low,risco muito baixo,0,0,true_negative,persistência temporal de conflito; indicadores socioeconômicos World Bank; tendência temporal geral,PIB per capita; matrícula no ensino secundário; população urbana,anos desde o último conflito; crescimento populacional anual; crescimento anual do PIB,"Tuvalu: 2.6% de risco estimado para 2024, classificado como risco muito baixo.","Para Tuvalu, o modelo estimou 2.6% de probabilidade de violência organizada em 2024, classificando o caso como risco muito baixo. Os principais grupos associados à estimativa foram: persistência temporal de conflito; indicadores socioeconômicos World Bank; tendência temporal geral. Sinais que elevaram a estimativa: PIB per capita; matrícula no ensino secundário; população urbana. Sinais que reduziram a estimativa no modelo: anos desde o último conflito; crescimento populacional anual; crescimento anual do PIB.",Explicação aproximada baseada em coeficientes e valores relativos das features; não representa causalidade direta.
Hungary,Europe,2023,2024,0.0256458415283678,2.6%,very_low,risco muito baixo,0,0,true_negative,persistência temporal de conflito; indicadores socioeconômicos World Bank; tendência temporal geral,crescimento anual do PIB; inflação anual; gasto militar como percentual do PIB,anos desde o último conflito; crescimento populacional anual; PIB per capita,"Hungary: 2.6% de risco estimado para 2024, classificado como risco muito baixo.","Para Hungary, o modelo estimou 2.6% de probabilidade de violência organizada em 2024, classificando o caso como risco muito baixo. Os principais grupos associados à estimativa foram: persistência temporal de conflito; indicadores socioeconômicos World Bank; tendência temporal geral. Sinais que elevaram a estimativa: crescimento anual do PIB; inflação anual; gasto militar como percentual do PIB. Sinais que reduziram a estimativa no modelo: anos desde o último conflito; crescimento populacional anual; PIB per capita.",Explicação aproximada baseada em coeficientes e valores relativos das features; não representa causalidade direta.
Brunei,Asia,2023,2024,0.0254695103836335,2.5%,very_low,risco muito baixo,0,0,true_negative,persistência temporal de conflito; indicadores socioeconômicos World Bank; tendência temporal geral,crescimento anual do PIB; gasto militar como percentual do PIB; matrícula no ensino secundário,anos desde o último conflito; PIB per capita; crescimento populacional anual,"Brunei: 2.5% de risco estimado para 2024, classificado como risco muito baixo.","Para Brunei, o modelo estimou 2.5% de probabilidade de violência organizada em 2024, classificando o caso como risco muito baixo. Os principais grupos associados à estimativa foram: persistência temporal de conflito; indicadores socioeconômicos World Bank; tendência temporal geral. Sinais que elevaram a estimativa: crescimento anual do PIB; gasto militar como percentual do PIB; matrícula no ensino secundário. Sinais que reduziram a estimativa no modelo: anos desde o último conflito; PIB per capita; crescimento populacional anual.",Explicação aproximada baseada em coeficientes e valores relativos das features; não representa causalidade direta.
Montenegro,Europe,2023,2024,0.0254660439739757,2.5%,very_low,risco muito baixo,0,0,true_negative,persistência temporal de conflito; indicadores socioeconômicos World Bank; tendência temporal geral,inflação anual; população urbana,anos desde o último conflito; crescimento populacional anual; crescimento anual do PIB,"Montenegro: 2.5% de risco estimado para 2024, classificado como risco muito baixo.","Para Montenegro, o modelo estimou 2.5% de probabilidade de violência organizada em 2024, classificando o caso como risco muito baixo. Os principais grupos associados à estimativa foram: persistência temporal de conflito; indicadores socioeconômicos World Bank; tendência temporal geral. Sinais que elevaram a estimativa: inflação anual; população urbana. Sinais que reduziram a estimativa no modelo: anos desde o último conflito; crescimento populacional anual; crescimento anual do PIB.",Explicação aproximada baseada em coeficientes e valores relativos das features; não representa causalidade direta.
Slovakia,Europe,2023,2024,0.0250810543343175,2.5%,very_low,risco muito baixo,0,0,true_negative,persistência temporal de conflito; indicadores socioeconômicos World Bank; tendência temporal geral,crescimento anual do PIB; inflação anual; matrícula no ensino secundário,anos desde o último conflito; PIB per capita; crescimento populacional anual,"Slovakia: 2.5% de risco estimado para 2024, classificado como risco muito baixo.","Para Slovakia, o modelo estimou 2.5% de probabilidade de violência organizada em 2024, classificando o caso como risco muito baixo. Os principais grupos associados à estimativa foram: persistência temporal de conflito; indicadores socioeconômicos World Bank; tendência temporal geral. Sinais que elevaram a estimativa: crescimento anual do PIB; inflação anual; matrícula no ensino secundário. Sinais que reduziram a estimativa no modelo: anos desde o último conflito; PIB per capita; crescimento populacional anual.",Explicação aproximada baseada em coeficientes e valores relativos das features; não representa causalidade direta.
Antigua & Barbuda,Americas,2023,2024,0.0241133388180375,2.4%,very_low,risco muito baixo,0,0,true_negative,persistência temporal de conflito; indicadores socioeconômicos World Bank; tendência temporal geral,crescimento anual do PIB,anos desde o último conflito; PIB per capita; matrícula no ensino secundário,"Antigua & Barbuda: 2.4% de risco estimado para 2024, classificado como risco muito baixo.","Para Antigua & Barbuda, o modelo estimou 2.4% de probabilidade de violência organizada em 2024, classificando o caso como risco muito baixo. Os principais grupos associados à estimativa foram: persistência temporal de conflito; indicadores socioeconômicos World Bank; tendência temporal geral. Sinais que elevaram a estimativa: crescimento anual do PIB. Sinais que reduziram a estimativa no modelo: anos desde o último conflito; PIB per capita; matrícula no ensino secundário.",Explicação aproximada baseada em coeficientes e valores relativos das features; não representa causalidade direta.
South Korea,Asia,2023,2024,0.0235185875692553,2.4%,very_low,risco muito baixo,0,0,true_negative,persistência temporal de conflito; indicadores socioeconômicos World Bank; tendência temporal geral,crescimento anual do PIB; população total; desemprego,anos desde o último conflito; PIB per capita; crescimento populacional anual,"South Korea: 2.4% de risco estimado para 2024, classificado como risco muito baixo.","Para South Korea, o modelo estimou 2.4% de probabilidade de violência organizada em 2024, classificando o caso como risco muito baixo. Os principais grupos associados à estimativa foram: persistência temporal de conflito; indicadores socioeconômicos World Bank; tendência temporal geral. Sinais que elevaram a estimativa: crescimento anual do PIB; população total; desemprego. Sinais que reduziram a estimativa no modelo: anos desde o último conflito; PIB per capita; crescimento populacional anual.",Explicação aproximada baseada em coeficientes e valores relativos das features; não representa causalidade direta.
Japan,Asia,2023,2024,0.0232624286784286,2.3%,very_low,risco muito baixo,0,0,true_negative,persistência temporal de conflito; indicadores socioeconômicos World Bank; tendência temporal geral,população total; crescimento anual do PIB; desemprego,anos desde o último conflito; PIB per capita; crescimento populacional anual,"Japan: 2.3% de risco estimado para 2024, classificado como risco muito baixo.","Para Japan, o modelo estimou 2.3% de probabilidade de violência organizada em 2024, classificando o caso como risco muito baixo. Os principais grupos associados à estimativa foram: persistência temporal de conflito; indicadores socioeconômicos World Bank; tendência temporal geral. Sinais que elevaram a estimativa: população total; crescimento anual do PIB; desemprego. Sinais que reduziram a estimativa no modelo: anos desde o último conflito; PIB per capita; crescimento populacional anual.",Explicação aproximada baseada em coeficientes e valores relativos das features; não representa causalidade direta.
Greece,Europe,2023,2024,0.0225728904550336,2.3%,very_low,risco muito baixo,0,0,true_negative,persistência temporal de conflito; indicadores socioeconômicos World Bank; tendência temporal geral,crescimento anual do PIB; gasto militar como percentual do PIB; população total,anos desde o último conflito; crescimento populacional anual; PIB per capita,"Greece: 2.3% de risco estimado para 2024, classificado como risco muito baixo.","Para Greece, o modelo estimou 2.3% de probabilidade de violência organizada em 2024, classificando o caso como risco muito baixo. Os principais grupos associados à estimativa foram: persistência temporal de conflito; indicadores socioeconômicos World Bank; tendência temporal geral. Sinais que elevaram a estimativa: crescimento anual do PIB; gasto militar como percentual do PIB; população total. Sinais que reduziram a estimativa no modelo: anos desde o último conflito; crescimento populacional anual; PIB per capita.",Explicação aproximada baseada em coeficientes e valores relativos das features; não representa causalidade direta.
Barbados,Americas,2023,2024,0.0224942035483381,2.2%,very_low,risco muito baixo,0,0,true_negative,persistência temporal de conflito; indicadores socioeconômicos World Bank; tendência temporal geral,crescimento anual do PIB,anos desde o último conflito; PIB per capita; crescimento populacional anual,"Barbados: 2.2% de risco estimado para 2024, classificado como risco muito baixo.","Para Barbados, o modelo estimou 2.2% de probabilidade de violência organizada em 2024, classificando o caso como risco muito baixo. Os principais grupos associados à estimativa foram: persistência temporal de conflito; indicadores socioeconômicos World Bank; tendência temporal geral. Sinais que elevaram a estimativa: crescimento anual do PIB. Sinais que reduziram a estimativa no modelo: anos desde o último conflito; PIB per capita; crescimento populacional anual.",Explicação aproximada baseada em coeficientes e valores relativos das features; não representa causalidade direta.
Portugal,Europe,2023,2024,0.0219837101250701,2.2%,very_low,risco muito baixo,0,0,true_negative,persistência temporal de conflito; indicadores socioeconômicos World Bank; tendência temporal geral,crescimento populacional anual; população total,anos desde o último conflito; matrícula no ensino secundário; PIB per capita,"Portugal: 2.2% de risco estimado para 2024, classificado como risco muito baixo.","Para Portugal, o modelo estimou 2.2% de probabilidade de violência organizada em 2024, classificando o caso como risco muito baixo. Os principais grupos associados à estimativa foram: persistência temporal de conflito; indicadores socioeconômicos World Bank; tendência temporal geral. Sinais que elevaram a estimativa: crescimento populacional anual; população total. Sinais que reduziram a estimativa no modelo: anos desde o último conflito; matrícula no ensino secundário; PIB per capita.",Explicação aproximada baseada em coeficientes e valores relativos das features; não representa causalidade direta.
Bahamas,Americas,2023,2024,0.0216279034916775,2.2%,very_low,risco muito baixo,0,0,true_negative,persistência temporal de conflito; indicadores socioeconômicos World Bank; tendência temporal geral,matrícula no ensino secundário; população urbana,anos desde o último conflito; PIB per capita; crescimento populacional anual,"Bahamas: 2.2% de risco estimado para 2024, classificado como risco muito baixo.","Para Bahamas, o modelo estimou 2.2% de probabilidade de violência organizada em 2024, classificando o caso como risco muito baixo. Os principais grupos associados à estimativa foram: persistência temporal de conflito; indicadores socioeconômicos World Bank; tendência temporal geral. Sinais que elevaram a estimativa: matrícula no ensino secundário; população urbana. Sinais que reduziram a estimativa no modelo: anos desde o último conflito; PIB per capita; crescimento populacional anual.",Explicação aproximada baseada em coeficientes e valores relativos das features; não representa causalidade direta.
Uruguay,Americas,2023,2024,0.0214599863743793,2.1%,very_low,risco muito baixo,0,0,true_negative,persistência temporal de conflito; indicadores socioeconômicos World Bank; tendência temporal geral,crescimento anual do PIB; gasto militar como percentual do PIB; população urbana,anos desde o último conflito; matrícula no ensino secundário; PIB per capita,"Uruguay: 2.1% de risco estimado para 2024, classificado como risco muito baixo.","Para Uruguay, o modelo estimou 2.1% de probabilidade de violência organizada em 2024, classificando o caso como risco muito baixo. Os principais grupos associados à estimativa foram: persistência temporal de conflito; indicadores socioeconômicos World Bank; tendência temporal geral. Sinais que elevaram a estimativa: crescimento anual do PIB; gasto militar como percentual do PIB; população urbana. Sinais que reduziram a estimativa no modelo: anos desde o último conflito; matrícula no ensino secundário; PIB per capita.",Explicação aproximada baseada em coeficientes e valores relativos das features; não representa causalidade direta.
Costa Rica,Americas,2023,2024,0.0212891120692634,2.1%,very_low,risco muito baixo,0,0,true_negative,persistência temporal de conflito; indicadores socioeconômicos World Bank; tendência temporal geral,população urbana,anos desde o último conflito; matrícula no ensino secundário; PIB per capita,"Costa Rica: 2.1% de risco estimado para 2024, classificado como risco muito baixo.","Para Costa Rica, o modelo estimou 2.1% de probabilidade de violência organizada em 2024, classificando o caso como risco muito baixo. Os principais grupos associados à estimativa foram: persistência temporal de conflito; indicadores socioeconômicos World Bank; tendência temporal geral. Sinais que elevaram a estimativa: população urbana. Sinais que reduziram a estimativa no modelo: anos desde o último conflito; matrícula no ensino secundário; PIB per capita.",Explicação aproximada baseada em coeficientes e valores relativos das features; não representa causalidade direta.
Kosovo,Europe,2023,2024,0.0210393755916189,2.1%,very_low,risco muito baixo,0,0,true_negative,persistência temporal de conflito; indicadores socioeconômicos World Bank; tendência temporal geral,PIB per capita,anos desde o último conflito; crescimento populacional anual; crescimento anual do PIB,"Kosovo: 2.1% de risco estimado para 2024, classificado como risco muito baixo.","Para Kosovo, o modelo estimou 2.1% de probabilidade de violência organizada em 2024, classificando o caso como risco muito baixo. Os principais grupos associados à estimativa foram: persistência temporal de conflito; indicadores socioeconômicos World Bank; tendência temporal geral. Sinais que elevaram a estimativa: PIB per capita. Sinais que reduziram a estimativa no modelo: anos desde o último conflito; crescimento populacional anual; crescimento anual do PIB.",Explicação aproximada baseada em coeficientes e valores relativos das features; não representa causalidade direta.
Slovenia,Europe,2023,2024,0.0209394477713394,2.1%,very_low,risco muito baixo,0,0,true_negative,persistência temporal de conflito; indicadores socioeconômicos World Bank; tendência temporal geral,crescimento anual do PIB; desemprego; inflação anual,anos desde o último conflito; PIB per capita; matrícula no ensino secundário,"Slovenia: 2.1% de risco estimado para 2024, classificado como risco muito baixo.","Para Slovenia, o modelo estimou 2.1% de probabilidade de violência organizada em 2024, classificando o caso como risco muito baixo. Os principais grupos associados à estimativa foram: persistência temporal de conflito; indicadores socioeconômicos World Bank; tendência temporal geral. Sinais que elevaram a estimativa: crescimento anual do PIB; desemprego; inflação anual. Sinais que reduziram a estimativa no modelo: anos desde o último conflito; PIB per capita; matrícula no ensino secundário.",Explicação aproximada baseada em coeficientes e valores relativos das features; não representa causalidade direta.
Cyprus,Europe,2023,2024,0.0206253527230931,2.1%,very_low,risco muito baixo,0,0,true_negative,persistência temporal de conflito; indicadores socioeconômicos World Bank; tendência temporal geral,gasto militar como percentual do PIB; população urbana,anos desde o último conflito; PIB per capita; matrícula no ensino secundário,"Cyprus: 2.1% de risco estimado para 2024, classificado como risco muito baixo.","Para Cyprus, o modelo estimou 2.1% de probabilidade de violência organizada em 2024, classificando o caso como risco muito baixo. Os principais grupos associados à estimativa foram: persistência temporal de conflito; indicadores socioeconômicos World Bank; tendência temporal geral. Sinais que elevaram a estimativa: gasto militar como percentual do PIB; população urbana. Sinais que reduziram a estimativa no modelo: anos desde o último conflito; PIB per capita; matrícula no ensino secundário.",Explicação aproximada baseada em coeficientes e valores relativos das features; não representa causalidade direta.
San Marino,Europe,2023,2024,0.0203941503479223,2.0%,very_low,risco muito baixo,0,0,true_negative,persistência temporal de conflito; indicadores socioeconômicos World Bank; tendência temporal geral,matrícula no ensino secundário; crescimento anual do PIB; população urbana,anos desde o último conflito; PIB per capita; crescimento populacional anual,"San Marino: 2.0% de risco estimado para 2024, classificado como risco muito baixo.","Para San Marino, o modelo estimou 2.0% de probabilidade de violência organizada em 2024, classificando o caso como risco muito baixo. Os principais grupos associados à estimativa foram: persistência temporal de conflito; indicadores socioeconômicos World Bank; tendência temporal geral. Sinais que elevaram a estimativa: matrícula no ensino secundário; crescimento anual do PIB; população urbana. Sinais que reduziram a estimativa no modelo: anos desde o último conflito; PIB per capita; crescimento populacional anual.",Explicação aproximada baseada em coeficientes e valores relativos das features; não representa causalidade direta.
Andorra,Europe,2023,2024,0.0196862106251017,2.0%,very_low,risco muito baixo,0,0,true_negative,persistência temporal de conflito; indicadores socioeconômicos World Bank; tendência temporal geral,crescimento populacional anual; crescimento anual do PIB; população urbana,anos desde o último conflito; PIB per capita; matrícula no ensino secundário,"Andorra: 2.0% de risco estimado para 2024, classificado como risco muito baixo.","Para Andorra, o modelo estimou 2.0% de probabilidade de violência organizada em 2024, classificando o caso como risco muito baixo. Os principais grupos associados à estimativa foram: persistência temporal de conflito; indicadores socioeconômicos World Bank; tendência temporal geral. Sinais que elevaram a estimativa: crescimento populacional anual; crescimento anual do PIB; população urbana. Sinais que reduziram a estimativa no modelo: anos desde o último conflito; PIB per capita; matrícula no ensino secundário.",Explicação aproximada baseada em coeficientes e valores relativos das features; não representa causalidade direta.
New Zealand,Asia,2023,2024,0.0195658611840887,2.0%,very_low,risco muito baixo,0,0,true_negative,persistência temporal de conflito; indicadores socioeconômicos World Bank; tendência temporal geral,crescimento populacional anual; crescimento anual do PIB; desemprego,anos desde o último conflito; PIB per capita; matrícula no ensino secundário,"New Zealand: 2.0% de risco estimado para 2024, classificado como risco muito baixo.","Para New Zealand, o modelo estimou 2.0% de probabilidade de violência organizada em 2024, classificando o caso como risco muito baixo. Os principais grupos associados à estimativa foram: persistência temporal de conflito; indicadores socioeconômicos World Bank; tendência temporal geral. Sinais que elevaram a estimativa: crescimento populacional anual; crescimento anual do PIB; desemprego. Sinais que reduziram a estimativa no modelo: anos desde o último conflito; PIB per capita; matrícula no ensino secundário.",Explicação aproximada baseada em coeficientes e valores relativos das features; não representa causalidade direta.
Saint Vincent and the Grenadines,Americas,2023,2024,0.0190573155672387,1.9%,very_low,risco muito baixo,0,0,true_negative,persistência temporal de conflito; indicadores socioeconômicos World Bank; tendência temporal geral,,anos desde o último conflito; matrícula no ensino secundário; crescimento populacional anual,"Saint Vincent and the Grenadines: 1.9% de risco estimado para 2024, classificado como risco muito baixo.","Para Saint Vincent and the Grenadines, o modelo estimou 1.9% de probabilidade de violência organizada em 2024, classificando o caso como risco muito baixo. Os principais grupos associados à estimativa foram: persistência temporal de conflito; indicadores socioeconômicos World Bank; tendência temporal geral. Sinais que reduziram a estimativa no modelo: anos desde o último conflito; matrícula no ensino secundário; crescimento populacional anual.",Explicação aproximada baseada em coeficientes e valores relativos das features; não representa causalidade direta.
Saint Kitts and Nevis,Americas,2023,2024,0.0182541030201539,1.8%,very_low,risco muito baixo,0,0,true_negative,persistência temporal de conflito; indicadores socioeconômicos World Bank; tendência temporal geral,,anos desde o último conflito; matrícula no ensino secundário; PIB per capita,"Saint Kitts and Nevis: 1.8% de risco estimado para 2024, classificado como risco muito baixo.","Para Saint Kitts and Nevis, o modelo estimou 1.8% de probabilidade de violência organizada em 2024, classificando o caso como risco muito baixo. Os principais grupos associados à estimativa foram: persistência temporal de conflito; indicadores socioeconômicos World Bank; tendência temporal geral. Sinais que reduziram a estimativa no modelo: anos desde o último conflito; matrícula no ensino secundário; PIB per capita.",Explicação aproximada baseada em coeficientes e valores relativos das features; não representa causalidade direta.
Singapore,Asia,2023,2024,0.0165646273509724,1.7%,very_low,risco muito baixo,0,0,true_negative,indicadores socioeconômicos World Bank; persistência temporal de conflito; tendência temporal geral,crescimento populacional anual; crescimento anual do PIB; gasto militar como percentual do PIB,anos desde o último conflito; PIB per capita; matrícula no ensino secundário,"Singapore: 1.7% de risco estimado para 2024, classificado como risco muito baixo.","Para Singapore, o modelo estimou 1.7% de probabilidade de violência organizada em 2024, classificando o caso como risco muito baixo. Os principais grupos associados à estimativa foram: indicadores socioeconômicos World Bank; persistência temporal de conflito; tendência temporal geral. Sinais que elevaram a estimativa: crescimento populacional anual; crescimento anual do PIB; gasto militar como percentual do PIB. Sinais que reduziram a estimativa no modelo: anos desde o último conflito; PIB per capita; matrícula no ensino secundário.",Explicação aproximada baseada em coeficientes e valores relativos das features; não representa causalidade direta.
Finland,Europe,2023,2024,0.012999107598731,1.3%,very_low,risco muito baixo,0,0,true_negative,indicadores socioeconômicos World Bank; persistência temporal de conflito; tendência temporal geral,crescimento anual do PIB; gasto militar como percentual do PIB; inflação anual,anos desde o último conflito; PIB per capita; matrícula no ensino secundário,"Finland: 1.3% de risco estimado para 2024, classificado como risco muito baixo.","Para Finland, o modelo estimou 1.3% de probabilidade de violência organizada em 2024, classificando o caso como risco muito baixo. Os principais grupos associados à estimativa foram: indicadores socioeconômicos World Bank; persistência temporal de conflito; tendência temporal geral. Sinais que elevaram a estimativa: crescimento anual do PIB; gasto militar como percentual do PIB; inflação anual. Sinais que reduziram a estimativa no modelo: anos desde o último conflito; PIB per capita; matrícula no ensino secundário.",Explicação aproximada baseada em coeficientes e valores relativos das features; não representa causalidade direta.
Denmark,Europe,2023,2024,0.0118285859585803,1.2%,very_low,risco muito baixo,0,0,true_negative,persistência temporal de conflito; indicadores socioeconômicos World Bank; tendência temporal geral,crescimento anual do PIB; gasto militar como percentual do PIB; população urbana,anos desde o último conflito; PIB per capita; matrícula no ensino secundário,"Denmark: 1.2% de risco estimado para 2024, classificado como risco muito baixo.","Para Denmark, o modelo estimou 1.2% de probabilidade de violência organizada em 2024, classificando o caso como risco muito baixo. Os principais grupos associados à estimativa foram: persistência temporal de conflito; indicadores socioeconômicos World Bank; tendência temporal geral. Sinais que elevaram a estimativa: crescimento anual do PIB; gasto militar como percentual do PIB; população urbana. Sinais que reduziram a estimativa no modelo: anos desde o último conflito; PIB per capita; matrícula no ensino secundário.",Explicação aproximada baseada em coeficientes e valores relativos das features; não representa causalidade direta.
Ireland,Europe,2023,2024,0.0112008614330559,1.1%,very_low,risco muito baixo,0,0,true_negative,indicadores socioeconômicos World Bank; persistência temporal de conflito; tendência temporal geral,crescimento anual do PIB; crescimento populacional anual; desemprego,anos desde o último conflito; PIB per capita; gasto militar como percentual do PIB,"Ireland: 1.1% de risco estimado para 2024, classificado como risco muito baixo.","Para Ireland, o modelo estimou 1.1% de probabilidade de violência organizada em 2024, classificando o caso como risco muito baixo. Os principais grupos associados à estimativa foram: indicadores socioeconômicos World Bank; persistência temporal de conflito; tendência temporal geral. Sinais que elevaram a estimativa: crescimento anual do PIB; crescimento populacional anual; desemprego. Sinais que reduziram a estimativa no modelo: anos desde o último conflito; PIB per capita; gasto militar como percentual do PIB.",Explicação aproximada baseada em coeficientes e valores relativos das features; não representa causalidade direta.
Iceland,Europe,2023,2024,0.0102129479447022,1.0%,very_low,risco muito baixo,0,0,true_negative,persistência temporal de conflito; indicadores socioeconômicos World Bank; tendência temporal geral,desemprego; inflação anual; população urbana,anos desde o último conflito; PIB per capita; matrícula no ensino secundário,"Iceland: 1.0% de risco estimado para 2024, classificado como risco muito baixo.","Para Iceland, o modelo estimou 1.0% de probabilidade de violência organizada em 2024, classificando o caso como risco muito baixo. Os principais grupos associados à estimativa foram: persistência temporal de conflito; indicadores socioeconômicos World Bank; tendência temporal geral. Sinais que elevaram a estimativa: desemprego; inflação anual; população urbana. Sinais que reduziram a estimativa no modelo: anos desde o último conflito; PIB per capita; matrícula no ensino secundário.",Explicação aproximada baseada em coeficientes e valores relativos das features; não representa causalidade direta.
Norway,Europe,2023,2024,0.0101383398396143,1.0%,very_low,risco muito baixo,0,0,true_negative,indicadores socioeconômicos World Bank; persistência temporal de conflito; tendência temporal geral,crescimento anual do PIB; desemprego; gasto militar como percentual do PIB,anos desde o último conflito; PIB per capita; matrícula no ensino secundário,"Norway: 1.0% de risco estimado para 2024, classificado como risco muito baixo.","Para Norway, o modelo estimou 1.0% de probabilidade de violência organizada em 2024, classificando o caso como risco muito baixo. Os principais grupos associados à estimativa foram: indicadores socioeconômicos World Bank; persistência temporal de conflito; tendência temporal geral. Sinais que elevaram a estimativa: crescimento anual do PIB; desemprego; gasto militar como percentual do PIB. Sinais que reduziram a estimativa no modelo: anos desde o último conflito; PIB per capita; matrícula no ensino secundário.",Explicação aproximada baseada em coeficientes e valores relativos das features; não representa causalidade direta.
Switzerland,Europe,2023,2024,0.0091471087883847,0.9%,very_low,risco muito baixo,0,0,true_negative,indicadores socioeconômicos World Bank; persistência temporal de conflito; tendência temporal geral,crescimento anual do PIB; crescimento populacional anual; desemprego,anos desde o último conflito; PIB per capita; matrícula no ensino secundário,"Switzerland: 0.9% de risco estimado para 2024, classificado como risco muito baixo.","Para Switzerland, o modelo estimou 0.9% de probabilidade de violência organizada em 2024, classificando o caso como risco muito baixo. Os principais grupos associados à estimativa foram: indicadores socioeconômicos World Bank; persistência temporal de conflito; tendência temporal geral. Sinais que elevaram a estimativa: crescimento anual do PIB; crescimento populacional anual; desemprego. Sinais que reduziram a estimativa no modelo: anos desde o último conflito; PIB per capita; matrícula no ensino secundário.",Explicação aproximada baseada em coeficientes e valores relativos das features; não representa causalidade direta.
Luxembourg,Europe,2023,2024,0.0059112728107215,0.6%,very_low,risco muito baixo,0,0,true_negative,indicadores socioeconômicos World Bank; persistência temporal de conflito; tendência temporal geral,crescimento populacional anual; crescimento anual do PIB; população urbana,PIB per capita; anos desde o último conflito; matrícula no ensino secundário,"Luxembourg: 0.6% de risco estimado para 2024, classificado como risco muito baixo.","Para Luxembourg, o modelo estimou 0.6% de probabilidade de violência organizada em 2024, classificando o caso como risco muito baixo. Os principais grupos associados à estimativa foram: indicadores socioeconômicos World Bank; persistência temporal de conflito; tendência temporal geral. Sinais que elevaram a estimativa: crescimento populacional anual; crescimento anual do PIB; população urbana. Sinais que reduziram a estimativa no modelo: PIB per capita; anos desde o último conflito; matrícula no ensino secundário.",Explicação aproximada baseada em coeficientes e valores relativos das features; não representa causalidade direta.
Liechtenstein,Europe,2023,2024,0.0020830992890395,0.2%,very_low,risco muito baixo,0,0,true_negative,indicadores socioeconômicos World Bank; persistência temporal de conflito; tendência temporal geral,,PIB per capita; anos desde o último conflito; crescimento populacional anual,"Liechtenstein: 0.2% de risco estimado para 2024, classificado como risco muito baixo.","Para Liechtenstein, o modelo estimou 0.2% de probabilidade de violência organizada em 2024, classificando o caso como risco muito baixo. Os principais grupos associados à estimativa foram: indicadores socioeconômicos World Bank; persistência temporal de conflito; tendência temporal geral. Sinais que reduziram a estimativa no modelo: PIB per capita; anos desde o último conflito; crescimento populacional anual.",Explicação aproximada baseada em coeficientes e valores relativos das features; não representa causalidade direta.
Monaco,Europe,2023,2024,0.0008963354878484,0.1%,very_low,risco muito baixo,0,0,true_negative,indicadores socioeconômicos World Bank; persistência temporal de conflito; tendência temporal geral,população urbana,PIB per capita; anos desde o último conflito; crescimento populacional anual,"Monaco: 0.1% de risco estimado para 2024, classificado como risco muito baixo.","Para Monaco, o modelo estimou 0.1% de probabilidade de violência organizada em 2024, classificando o caso como risco muito baixo. Os principais grupos associados à estimativa foram: indicadores socioeconômicos World Bank; persistência temporal de conflito; tendência temporal geral. Sinais que elevaram a estimativa: população urbana. Sinais que reduziram a estimativa no modelo: PIB per capita; anos desde o último conflito; crescimento populacional anual.",Explicação aproximada baseada em coeficientes e valores relativos das features; não representa causalidade direta.
