country_id,country,year,region,main_government_name,state_based_conflict_exists,state_based_dyad_count,state_based_deaths_best,intrastate_conflict_exists,intrastate_deaths_best,interstate_conflict_exists,interstate_deaths_best,non_state_conflict_exists,non_state_dyad_count,non_state_deaths_best,one_sided_violence_exists,one_sided_dyad_count,one_sided_deaths_best,cumulative_organized_violence_deaths_best,ucdp_version,organized_violence_exists,target_conflict_next_year
2,United States of America,1989,Americas,Government of United States of America,0,0,0,0,0,0,0,0,0,0,0,0,0,0,25.1,0,0
2,United States of America,1990,Americas,Government of United States of America,0,0,0,0,0,0,0,0,0,0,0,0,0,0,25.1,0,0
2,United States of America,1991,Americas,Government of United States of America,0,0,0,0,0,0,0,0,0,0,0,0,0,0,25.1,0,0
2,United States of America,1992,Americas,Government of United States of America,0,0,0,0,0,0,0,0,0,0,0,0,0,0,25.1,0,0
2,United States of America,1993,Americas,Government of United States of America,0,0,0,0,0,0,0,0,0,0,0,0,0,0,25.1,0,0
2,United States of America,1994,Americas,Government of United States of America,0,0,0,0,0,0,0,0,0,0,0,0,0,0,25.1,0,0
2,United States of America,1995,Americas,Government of United States of America,0,0,0,0,0,0,0,0,0,0,0,0,0,0,25.1,0,0
2,United States of America,1996,Americas,Government of United States of America,0,0,0,0,0,0,0,0,0,0,0,0,0,0,25.1,0,0
2,United States of America,1997,Americas,Government of United States of America,0,0,0,0,0,0,0,0,0,0,0,0,0,0,25.1,0,0
2,United States of America,1998,Americas,Government of United States of America,0,0,0,0,0,0,0,0,0,0,0,0,0,0,25.1,0,0
2,United States of America,1999,Americas,Government of United States of America,0,0,0,0,0,0,0,0,0,0,0,0,0,0,25.1,0,0
2,United States of America,2000,Americas,Government of United States of America,0,0,0,0,0,0,0,0,0,0,0,0,0,0,25.1,0,1
2,United States of America,2001,Americas,Government of United States of America,1,1,233,1,233,0,0,0,0,0,1,1,2753,2986,25.1,1,0
2,United States of America,2002,Americas,Government of United States of America,0,0,0,0,0,0,0,0,0,0,0,0,0,0,25.1,0,0
2,United States of America,2003,Americas,Government of United States of America,0,0,0,0,0,0,0,0,0,0,0,0,0,0,25.1,0,0
2,United States of America,2004,Americas,Government of United States of America,0,0,0,0,0,0,0,0,0,0,0,0,0,0,25.1,0,0
2,United States of America,2005,Americas,Government of United States of America,0,0,0,0,0,0,0,0,0,0,0,0,0,0,25.1,0,0
2,United States of America,2006,Americas,Government of United States of America,0,0,0,0,0,0,0,0,0,0,0,0,0,0,25.1,0,0
2,United States of America,2007,Americas,Government of United States of America,0,0,0,0,0,0,0,0,0,0,0,0,0,0,25.1,0,0
2,United States of America,2008,Americas,Government of United States of America,0,0,0,0,0,0,0,0,0,0,0,0,0,0,25.1,0,0
2,United States of America,2009,Americas,Government of United States of America,0,0,0,0,0,0,0,0,0,0,0,0,0,0,25.1,0,1
2,United States of America,2010,Americas,Government of United States of America,0,0,0,0,0,0,0,1,1,2,0,0,0,2,25.1,1,0
2,United States of America,2011,Americas,Government of United States of America,0,0,0,0,0,0,0,0,0,0,0,0,0,0,25.1,0,0
2,United States of America,2012,Americas,Government of United States of America,0,0,0,0,0,0,0,0,0,0,0,0,0,0,25.1,0,0
2,United States of America,2013,Americas,Government of United States of America,0,0,0,0,0,0,0,0,0,0,0,0,0,0,25.1,0,0
2,United States of America,2014,Americas,Government of United States of America,0,0,0,0,0,0,0,0,0,0,0,0,0,0,25.1,0,1
2,United States of America,2015,Americas,Government of United States of America,0,0,0,0,0,0,0,0,0,0,1,1,14,14,25.1,1,0
2,United States of America,2016,Americas,Government of United States of America,0,0,0,0,0,0,0,0,0,0,0,0,0,0,25.1,0,1
2,United States of America,2017,Americas,Government of United States of America,0,0,0,0,0,0,0,0,0,0,1,1,8,8,25.1,1,1
2,United States of America,2018,Americas,Government of United States of America,0,0,0,0,0,0,0,0,0,0,1,1,1,1,25.1,1,1
2,United States of America,2019,Americas,Government of United States of America,0,0,0,0,0,0,0,1,1,4,0,0,0,4,25.1,1,0
2,United States of America,2020,Americas,Government of United States of America,0,0,0,0,0,0,0,0,0,0,0,0,0,0,25.1,0,0
2,United States of America,2021,Americas,Government of United States of America,0,0,0,0,0,0,0,0,0,0,0,0,0,0,25.1,0,1
2,United States of America,2022,Americas,Government of United States of America,0,0,0,0,0,0,0,1,1,1,0,0,0,1,25.1,1,0
2,United States of America,2023,Americas,Government of United States of America,0,0,0,0,0,0,0,0,0,0,0,0,0,0,25.1,0,0
20,Canada,1989,Americas,Government of Canada,0,0,0,0,0,0,0,0,0,0,0,0,0,0,25.1,0,0
20,Canada,1990,Americas,Government of Canada,0,0,0,0,0,0,0,0,0,0,0,0,0,0,25.1,0,0
20,Canada,1991,Americas,Government of Canada,0,0,0,0,0,0,0,0,0,0,0,0,0,0,25.1,0,0
20,Canada,1992,Americas,Government of Canada,0,0,0,0,0,0,0,0,0,0,0,0,0,0,25.1,0,0
20,Canada,1993,Americas,Government of Canada,0,0,0,0,0,0,0,0,0,0,0,0,0,0,25.1,0,1
20,Canada,1994,Americas,Government of Canada,0,0,0,0,0,0,0,1,1,3,0,0,0,3,25.1,1,1
20,Canada,1995,Americas,Government of Canada,0,0,0,0,0,0,0,1,1,24,0,0,0,24,25.1,1,1
20,Canada,1996,Americas,Government of Canada,0,0,0,0,0,0,0,1,1,2,0,0,0,2,25.1,1,1
20,Canada,1997,Americas,Government of Canada,0,0,0,0,0,0,0,1,1,2,0,0,0,2,25.1,1,1
20,Canada,1998,Americas,Government of Canada,0,0,0,0,0,0,0,1,1,27,0,0,0,27,25.1,1,1
20,Canada,1999,Americas,Government of Canada,0,0,0,0,0,0,0,1,1,11,0,0,0,11,25.1,1,1
20,Canada,2000,Americas,Government of Canada,0,0,0,0,0,0,0,1,1,23,0,0,0,23,25.1,1,1
20,Canada,2001,Americas,Government of Canada,0,0,0,0,0,0,0,1,1,1,0,0,0,1,25.1,1,0
20,Canada,2002,Americas,Government of Canada,0,0,0,0,0,0,0,0,0,0,0,0,0,0,25.1,0,0
20,Canada,2003,Americas,Government of Canada,0,0,0,0,0,0,0,0,0,0,0,0,0,0,25.1,0,0
20,Canada,2004,Americas,Government of Canada,0,0,0,0,0,0,0,0,0,0,0,0,0,0,25.1,0,0
20,Canada,2005,Americas,Government of Canada,0,0,0,0,0,0,0,0,0,0,0,0,0,0,25.1,0,0
20,Canada,2006,Americas,Government of Canada,0,0,0,0,0,0,0,0,0,0,0,0,0,0,25.1,0,0
20,Canada,2007,Americas,Government of Canada,0,0,0,0,0,0,0,0,0,0,0,0,0,0,25.1,0,0
20,Canada,2008,Americas,Government of Canada,0,0,0,0,0,0,0,0,0,0,0,0,0,0,25.1,0,0
20,Canada,2009,Americas,Government of Canada,0,0,0,0,0,0,0,0,0,0,0,0,0,0,25.1,0,0
20,Canada,2010,Americas,Government of Canada,0,0,0,0,0,0,0,0,0,0,0,0,0,0,25.1,0,0
20,Canada,2011,Americas,Government of Canada,0,0,0,0,0,0,0,0,0,0,0,0,0,0,25.1,0,0
20,Canada,2012,Americas,Government of Canada,0,0,0,0,0,0,0,0,0,0,0,0,0,0,25.1,0,0
20,Canada,2013,Americas,Government of Canada,0,0,0,0,0,0,0,0,0,0,0,0,0,0,25.1,0,0
20,Canada,2014,Americas,Government of Canada,0,0,0,0,0,0,0,0,0,0,0,0,0,0,25.1,0,0
20,Canada,2015,Americas,Government of Canada,0,0,0,0,0,0,0,0,0,0,0,0,0,0,25.1,0,0
20,Canada,2016,Americas,Government of Canada,0,0,0,0,0,0,0,0,0,0,0,0,0,0,25.1,0,0
20,Canada,2017,Americas,Government of Canada,0,0,0,0,0,0,0,0,0,0,0,0,0,0,25.1,0,0
20,Canada,2018,Americas,Government of Canada,0,0,0,0,0,0,0,0,0,0,0,0,0,0,25.1,0,0
20,Canada,2019,Americas,Government of Canada,0,0,0,0,0,0,0,0,0,0,0,0,0,0,25.1,0,0
20,Canada,2020,Americas,Government of Canada,0,0,0,0,0,0,0,0,0,0,0,0,0,0,25.1,0,0
20,Canada,2021,Americas,Government of Canada,0,0,0,0,0,0,0,0,0,0,0,0,0,0,25.1,0,0
20,Canada,2022,Americas,Government of Canada,0,0,0,0,0,0,0,0,0,0,0,0,0,0,25.1,0,0
20,Canada,2023,Americas,Government of Canada,0,0,0,0,0,0,0,0,0,0,0,0,0,0,25.1,0,0
31,Bahamas,1989,Americas,Government of Bahamas,0,0,0,0,0,0,0,0,0,0,0,0,0,0,25.1,0,0
31,Bahamas,1990,Americas,Government of Bahamas,0,0,0,0,0,0,0,0,0,0,0,0,0,0,25.1,0,0
31,Bahamas,1991,Americas,Government of Bahamas,0,0,0,0,0,0,0,0,0,0,0,0,0,0,25.1,0,0
31,Bahamas,1992,Americas,Government of Bahamas,0,0,0,0,0,0,0,0,0,0,0,0,0,0,25.1,0,0
31,Bahamas,1993,Americas,Government of Bahamas,0,0,0,0,0,0,0,0,0,0,0,0,0,0,25.1,0,0
31,Bahamas,1994,Americas,Government of Bahamas,0,0,0,0,0,0,0,0,0,0,0,0,0,0,25.1,0,0
31,Bahamas,1995,Americas,Government of Bahamas,0,0,0,0,0,0,0,0,0,0,0,0,0,0,25.1,0,0
31,Bahamas,1996,Americas,Government of Bahamas,0,0,0,0,0,0,0,0,0,0,0,0,0,0,25.1,0,0
31,Bahamas,1997,Americas,Government of Bahamas,0,0,0,0,0,0,0,0,0,0,0,0,0,0,25.1,0,0
31,Bahamas,1998,Americas,Government of Bahamas,0,0,0,0,0,0,0,0,0,0,0,0,0,0,25.1,0,0
31,Bahamas,1999,Americas,Government of Bahamas,0,0,0,0,0,0,0,0,0,0,0,0,0,0,25.1,0,0
31,Bahamas,2000,Americas,Government of Bahamas,0,0,0,0,0,0,0,0,0,0,0,0,0,0,25.1,0,0
31,Bahamas,2001,Americas,Government of Bahamas,0,0,0,0,0,0,0,0,0,0,0,0,0,0,25.1,0,0
31,Bahamas,2002,Americas,Government of Bahamas,0,0,0,0,0,0,0,0,0,0,0,0,0,0,25.1,0,0
31,Bahamas,2003,Americas,Government of Bahamas,0,0,0,0,0,0,0,0,0,0,0,0,0,0,25.1,0,0
31,Bahamas,2004,Americas,Government of Bahamas,0,0,0,0,0,0,0,0,0,0,0,0,0,0,25.1,0,0
31,Bahamas,2005,Americas,Government of Bahamas,0,0,0,0,0,0,0,0,0,0,0,0,0,0,25.1,0,0
31,Bahamas,2006,Americas,Government of Bahamas,0,0,0,0,0,0,0,0,0,0,0,0,0,0,25.1,0,0
31,Bahamas,2007,Americas,Government of Bahamas,0,0,0,0,0,0,0,0,0,0,0,0,0,0,25.1,0,0
31,Bahamas,2008,Americas,Government of Bahamas,0,0,0,0,0,0,0,0,0,0,0,0,0,0,25.1,0,0
31,Bahamas,2009,Americas,Government of Bahamas,0,0,0,0,0,0,0,0,0,0,0,0,0,0,25.1,0,0
31,Bahamas,2010,Americas,Government of Bahamas,0,0,0,0,0,0,0,0,0,0,0,0,0,0,25.1,0,0
31,Bahamas,2011,Americas,Government of Bahamas,0,0,0,0,0,0,0,0,0,0,0,0,0,0,25.1,0,0
31,Bahamas,2012,Americas,Government of Bahamas,0,0,0,0,0,0,0,0,0,0,0,0,0,0,25.1,0,0
31,Bahamas,2013,Americas,Government of Bahamas,0,0,0,0,0,0,0,0,0,0,0,0,0,0,25.1,0,0
31,Bahamas,2014,Americas,Government of Bahamas,0,0,0,0,0,0,0,0,0,0,0,0,0,0,25.1,0,0
31,Bahamas,2015,Americas,Government of Bahamas,0,0,0,0,0,0,0,0,0,0,0,0,0,0,25.1,0,0
31,Bahamas,2016,Americas,Government of Bahamas,0,0,0,0,0,0,0,0,0,0,0,0,0,0,25.1,0,0
31,Bahamas,2017,Americas,Government of Bahamas,0,0,0,0,0,0,0,0,0,0,0,0,0,0,25.1,0,0
31,Bahamas,2018,Americas,Government of Bahamas,0,0,0,0,0,0,0,0,0,0,0,0,0,0,25.1,0,0
31,Bahamas,2019,Americas,Government of Bahamas,0,0,0,0,0,0,0,0,0,0,0,0,0,0,25.1,0,0
31,Bahamas,2020,Americas,Government of Bahamas,0,0,0,0,0,0,0,0,0,0,0,0,0,0,25.1,0,0
31,Bahamas,2021,Americas,Government of Bahamas,0,0,0,0,0,0,0,0,0,0,0,0,0,0,25.1,0,0
31,Bahamas,2022,Americas,Government of Bahamas,0,0,0,0,0,0,0,0,0,0,0,0,0,0,25.1,0,0
31,Bahamas,2023,Americas,Government of Bahamas,0,0,0,0,0,0,0,0,0,0,0,0,0,0,25.1,0,0
40,Cuba,1989,Americas,Government of Cuba,0,0,0,0,0,0,0,0,0,0,0,0,0,0,25.1,0,0
40,Cuba,1990,Americas,Government of Cuba,0,0,0,0,0,0,0,0,0,0,0,0,0,0,25.1,0,0
40,Cuba,1991,Americas,Government of Cuba,0,0,0,0,0,0,0,0,0,0,0,0,0,0,25.1,0,0
40,Cuba,1992,Americas,Government of Cuba,0,0,0,0,0,0,0,0,0,0,0,0,0,0,25.1,0,0
40,Cuba,1993,Americas,Government of Cuba,0,0,0,0,0,0,0,0,0,0,0,0,0,0,25.1,0,0
40,Cuba,1994,Americas,Government of Cuba,0,0,0,0,0,0,0,0,0,0,0,0,0,0,25.1,0,0
40,Cuba,1995,Americas,Government of Cuba,0,0,0,0,0,0,0,0,0,0,0,0,0,0,25.1,0,0
40,Cuba,1996,Americas,Government of Cuba,0,0,0,0,0,0,0,0,0,0,0,0,0,0,25.1,0,0
40,Cuba,1997,Americas,Government of Cuba,0,0,0,0,0,0,0,0,0,0,0,0,0,0,25.1,0,0
40,Cuba,1998,Americas,Government of Cuba,0,0,0,0,0,0,0,0,0,0,0,0,0,0,25.1,0,0
40,Cuba,1999,Americas,Government of Cuba,0,0,0,0,0,0,0,0,0,0,0,0,0,0,25.1,0,0
40,Cuba,2000,Americas,Government of Cuba,0,0,0,0,0,0,0,0,0,0,0,0,0,0,25.1,0,0
40,Cuba,2001,Americas,Government of Cuba,0,0,0,0,0,0,0,0,0,0,0,0,0,0,25.1,0,0
40,Cuba,2002,Americas,Government of Cuba,0,0,0,0,0,0,0,0,0,0,0,0,0,0,25.1,0,0
40,Cuba,2003,Americas,Government of Cuba,0,0,0,0,0,0,0,0,0,0,0,0,0,0,25.1,0,0
40,Cuba,2004,Americas,Government of Cuba,0,0,0,0,0,0,0,0,0,0,0,0,0,0,25.1,0,0
40,Cuba,2005,Americas,Government of Cuba,0,0,0,0,0,0,0,0,0,0,0,0,0,0,25.1,0,0
40,Cuba,2006,Americas,Government of Cuba,0,0,0,0,0,0,0,0,0,0,0,0,0,0,25.1,0,0
40,Cuba,2007,Americas,Government of Cuba,0,0,0,0,0,0,0,0,0,0,0,0,0,0,25.1,0,0
40,Cuba,2008,Americas,Government of Cuba,0,0,0,0,0,0,0,0,0,0,0,0,0,0,25.1,0,0
40,Cuba,2009,Americas,Government of Cuba,0,0,0,0,0,0,0,0,0,0,0,0,0,0,25.1,0,0
40,Cuba,2010,Americas,Government of Cuba,0,0,0,0,0,0,0,0,0,0,0,0,0,0,25.1,0,0
40,Cuba,2011,Americas,Government of Cuba,0,0,0,0,0,0,0,0,0,0,0,0,0,0,25.1,0,0
40,Cuba,2012,Americas,Government of Cuba,0,0,0,0,0,0,0,0,0,0,0,0,0,0,25.1,0,0
40,Cuba,2013,Americas,Government of Cuba,0,0,0,0,0,0,0,0,0,0,0,0,0,0,25.1,0,0
40,Cuba,2014,Americas,Government of Cuba,0,0,0,0,0,0,0,0,0,0,0,0,0,0,25.1,0,0
40,Cuba,2015,Americas,Government of Cuba,0,0,0,0,0,0,0,0,0,0,0,0,0,0,25.1,0,0
40,Cuba,2016,Americas,Government of Cuba,0,0,0,0,0,0,0,0,0,0,0,0,0,0,25.1,0,0
40,Cuba,2017,Americas,Government of Cuba,0,0,0,0,0,0,0,0,0,0,0,0,0,0,25.1,0,0
40,Cuba,2018,Americas,Government of Cuba,0,0,0,0,0,0,0,0,0,0,0,0,0,0,25.1,0,0
40,Cuba,2019,Americas,Government of Cuba,0,0,0,0,0,0,0,0,0,0,0,0,0,0,25.1,0,0
40,Cuba,2020,Americas,Government of Cuba,0,0,0,0,0,0,0,0,0,0,0,0,0,0,25.1,0,0
40,Cuba,2021,Americas,Government of Cuba,0,0,0,0,0,0,0,0,0,0,0,0,0,0,25.1,0,0
40,Cuba,2022,Americas,Government of Cuba,0,0,0,0,0,0,0,0,0,0,0,0,0,0,25.1,0,0
40,Cuba,2023,Americas,Government of Cuba,0,0,0,0,0,0,0,0,0,0,0,0,0,0,25.1,0,0
41,Haiti,1989,Americas,Government of Haiti,1,1,48,1,48,0,0,0,0,0,0,0,0,48,25.1,1,1
41,Haiti,1990,Americas,Government of Haiti,0,0,0,0,0,0,0,0,0,0,1,1,2,2,25.1,1,1
41,Haiti,1991,Americas,Government of Haiti,1,1,160,1,160,0,0,1,1,40,1,1,70,270,25.1,1,0
41,Haiti,1992,Americas,Government of Haiti,0,0,0,0,0,0,0,0,0,0,0,0,0,0,25.1,0,1
41,Haiti,1993,Americas,Government of Haiti,0,0,0,0,0,0,0,0,0,0,1,1,37,37,25.1,1,1
41,Haiti,1994,Americas,Government of Haiti,0,0,0,0,0,0,0,0,0,0,1,1,44,44,25.1,1,1
41,Haiti,1995,Americas,Government of Haiti,0,0,0,0,0,0,0,0,0,0,1,1,1,1,25.1,1,0
41,Haiti,1996,Americas,Government of Haiti,0,0,0,0,0,0,0,0,0,0,0,0,0,0,25.1,0,0
41,Haiti,1997,Americas,Government of Haiti,0,0,0,0,0,0,0,0,0,0,0,0,0,0,25.1,0,0
41,Haiti,1998,Americas,Government of Haiti,0,0,0,0,0,0,0,0,0,0,0,0,0,0,25.1,0,1
41,Haiti,1999,Americas,Government of Haiti,0,0,0,0,0,0,0,0,0,0,1,1,11,11,25.1,1,0
41,Haiti,2000,Americas,Government of Haiti,0,0,0,0,0,0,0,0,0,0,0,0,0,0,25.1,0,0
41,Haiti,2001,Americas,Government of Haiti,0,0,0,0,0,0,0,0,0,0,0,0,0,0,25.1,0,0
41,Haiti,2002,Americas,Government of Haiti,0,0,0,0,0,0,0,0,0,0,0,0,0,0,25.1,0,0
41,Haiti,2003,Americas,Government of Haiti,0,0,0,0,0,0,0,0,0,0,0,0,0,0,25.1,0,1
41,Haiti,2004,Americas,Government of Haiti,1,2,207,1,207,0,0,0,0,0,1,1,24,231,25.1,1,1
41,Haiti,2005,Americas,Government of Haiti,0,0,0,0,0,0,0,0,0,0,1,1,40,40,25.1,1,0
41,Haiti,2006,Americas,Government of Haiti,0,0,0,0,0,0,0,0,0,0,0,0,0,0,25.1,0,0
41,Haiti,2007,Americas,Government of Haiti,0,0,0,0,0,0,0,0,0,0,0,0,0,0,25.1,0,0
41,Haiti,2008,Americas,Government of Haiti,0,0,0,0,0,0,0,0,0,0,0,0,0,0,25.1,0,0
41,Haiti,2009,Americas,Government of Haiti,0,0,0,0,0,0,0,0,0,0,0,0,0,0,25.1,0,0
41,Haiti,2010,Americas,Government of Haiti,0,0,0,0,0,0,0,0,0,0,0,0,0,0,25.1,0,0
41,Haiti,2011,Americas,Government of Haiti,0,0,0,0,0,0,0,0,0,0,0,0,0,0,25.1,0,0
41,Haiti,2012,Americas,Government of Haiti,0,0,0,0,0,0,0,0,0,0,0,0,0,0,25.1,0,0
41,Haiti,2013,Americas,Government of Haiti,0,0,0,0,0,0,0,0,0,0,0,0,0,0,25.1,0,0
41,Haiti,2014,Americas,Government of Haiti,0,0,0,0,0,0,0,0,0,0,0,0,0,0,25.1,0,0
41,Haiti,2015,Americas,Government of Haiti,0,0,0,0,0,0,0,0,0,0,0,0,0,0,25.1,0,0
41,Haiti,2016,Americas,Government of Haiti,0,0,0,0,0,0,0,0,0,0,0,0,0,0,25.1,0,1
41,Haiti,2017,Americas,Government of Haiti,0,0,0,0,0,0,0,0,0,0,1,1,8,8,25.1,1,1
41,Haiti,2018,Americas,Government of Haiti,0,0,0,0,0,0,0,0,0,0,1,1,71,71,25.1,1,1
41,Haiti,2019,Americas,Government of Haiti,0,0,0,0,0,0,0,0,0,0,1,1,1,1,25.1,1,1
41,Haiti,2020,Americas,Government of Haiti,0,0,0,0,0,0,0,0,0,0,1,5,166,166,25.1,1,1
41,Haiti,2021,Americas,Government of Haiti,0,0,0,0,0,0,0,1,1,52,1,4,88,140,25.1,1,1
41,Haiti,2022,Americas,Government of Haiti,0,0,0,0,0,0,0,1,2,131,1,3,105,236,25.1,1,1
41,Haiti,2023,Americas,Government of Haiti,0,0,0,0,0,0,0,1,1,76,1,7,378,454,25.1,1,1
42,Dominican Republic,1989,Americas,Government of Dominican Republic,0,0,0,0,0,0,0,0,0,0,0,0,0,0,25.1,0,0
42,Dominican Republic,1990,Americas,Government of Dominican Republic,0,0,0,0,0,0,0,0,0,0,0,0,0,0,25.1,0,0
42,Dominican Republic,1991,Americas,Government of Dominican Republic,0,0,0,0,0,0,0,0,0,0,0,0,0,0,25.1,0,0
42,Dominican Republic,1992,Americas,Government of Dominican Republic,0,0,0,0,0,0,0,0,0,0,0,0,0,0,25.1,0,0
42,Dominican Republic,1993,Americas,Government of Dominican Republic,0,0,0,0,0,0,0,0,0,0,0,0,0,0,25.1,0,0
42,Dominican Republic,1994,Americas,Government of Dominican Republic,0,0,0,0,0,0,0,0,0,0,0,0,0,0,25.1,0,0
42,Dominican Republic,1995,Americas,Government of Dominican Republic,0,0,0,0,0,0,0,0,0,0,0,0,0,0,25.1,0,0
42,Dominican Republic,1996,Americas,Government of Dominican Republic,0,0,0,0,0,0,0,0,0,0,0,0,0,0,25.1,0,0
42,Dominican Republic,1997,Americas,Government of Dominican Republic,0,0,0,0,0,0,0,0,0,0,0,0,0,0,25.1,0,0
42,Dominican Republic,1998,Americas,Government of Dominican Republic,0,0,0,0,0,0,0,0,0,0,0,0,0,0,25.1,0,0
42,Dominican Republic,1999,Americas,Government of Dominican Republic,0,0,0,0,0,0,0,0,0,0,0,0,0,0,25.1,0,0
42,Dominican Republic,2000,Americas,Government of Dominican Republic,0,0,0,0,0,0,0,0,0,0,0,0,0,0,25.1,0,0
42,Dominican Republic,2001,Americas,Government of Dominican Republic,0,0,0,0,0,0,0,0,0,0,0,0,0,0,25.1,0,0
42,Dominican Republic,2002,Americas,Government of Dominican Republic,0,0,0,0,0,0,0,0,0,0,0,0,0,0,25.1,0,0
42,Dominican Republic,2003,Americas,Government of Dominican Republic,0,0,0,0,0,0,0,0,0,0,0,0,0,0,25.1,0,0
42,Dominican Republic,2004,Americas,Government of Dominican Republic,0,0,0,0,0,0,0,0,0,0,0,0,0,0,25.1,0,0
42,Dominican Republic,2005,Americas,Government of Dominican Republic,0,0,0,0,0,0,0,0,0,0,0,0,0,0,25.1,0,0
42,Dominican Republic,2006,Americas,Government of Dominican Republic,0,0,0,0,0,0,0,0,0,0,0,0,0,0,25.1,0,0
42,Dominican Republic,2007,Americas,Government of Dominican Republic,0,0,0,0,0,0,0,0,0,0,0,0,0,0,25.1,0,0
42,Dominican Republic,2008,Americas,Government of Dominican Republic,0,0,0,0,0,0,0,0,0,0,0,0,0,0,25.1,0,0
42,Dominican Republic,2009,Americas,Government of Dominican Republic,0,0,0,0,0,0,0,0,0,0,0,0,0,0,25.1,0,0
42,Dominican Republic,2010,Americas,Government of Dominican Republic,0,0,0,0,0,0,0,0,0,0,0,0,0,0,25.1,0,0
42,Dominican Republic,2011,Americas,Government of Dominican Republic,0,0,0,0,0,0,0,0,0,0,0,0,0,0,25.1,0,0
42,Dominican Republic,2012,Americas,Government of Dominican Republic,0,0,0,0,0,0,0,0,0,0,0,0,0,0,25.1,0,0
42,Dominican Republic,2013,Americas,Government of Dominican Republic,0,0,0,0,0,0,0,0,0,0,0,0,0,0,25.1,0,0
42,Dominican Republic,2014,Americas,Government of Dominican Republic,0,0,0,0,0,0,0,0,0,0,0,0,0,0,25.1,0,0
42,Dominican Republic,2015,Americas,Government of Dominican Republic,0,0,0,0,0,0,0,0,0,0,0,0,0,0,25.1,0,0
42,Dominican Republic,2016,Americas,Government of Dominican Republic,0,0,0,0,0,0,0,0,0,0,0,0,0,0,25.1,0,0
42,Dominican Republic,2017,Americas,Government of Dominican Republic,0,0,0,0,0,0,0,0,0,0,0,0,0,0,25.1,0,0
42,Dominican Republic,2018,Americas,Government of Dominican Republic,0,0,0,0,0,0,0,0,0,0,0,0,0,0,25.1,0,0
42,Dominican Republic,2019,Americas,Government of Dominican Republic,0,0,0,0,0,0,0,0,0,0,0,0,0,0,25.1,0,0
42,Dominican Republic,2020,Americas,Government of Dominican Republic,0,0,0,0,0,0,0,0,0,0,0,0,0,0,25.1,0,0
42,Dominican Republic,2021,Americas,Government of Dominican Republic,0,0,0,0,0,0,0,0,0,0,0,0,0,0,25.1,0,0
42,Dominican Republic,2022,Americas,Government of Dominican Republic,0,0,0,0,0,0,0,0,0,0,0,0,0,0,25.1,0,0
42,Dominican Republic,2023,Americas,Government of Dominican Republic,0,0,0,0,0,0,0,0,0,0,0,0,0,0,25.1,0,0
51,Jamaica,1989,Americas,Government of Jamaica,0,0,0,0,0,0,0,1,1,1,0,0,0,1,25.1,1,0
51,Jamaica,1990,Americas,Government of Jamaica,0,0,0,0,0,0,0,0,0,0,0,0,0,0,25.1,0,0
51,Jamaica,1991,Americas,Government of Jamaica,0,0,0,0,0,0,0,0,0,0,0,0,0,0,25.1,0,0
51,Jamaica,1992,Americas,Government of Jamaica,0,0,0,0,0,0,0,0,0,0,0,0,0,0,25.1,0,0
51,Jamaica,1993,Americas,Government of Jamaica,0,0,0,0,0,0,0,0,0,0,0,0,0,0,25.1,0,1
51,Jamaica,1994,Americas,Government of Jamaica,0,0,0,0,0,0,0,1,1,5,0,0,0,5,25.1,1,0
51,Jamaica,1995,Americas,Government of Jamaica,0,0,0,0,0,0,0,0,0,0,0,0,0,0,25.1,0,0
51,Jamaica,1996,Americas,Government of Jamaica,0,0,0,0,0,0,0,0,0,0,0,0,0,0,25.1,0,0
51,Jamaica,1997,Americas,Government of Jamaica,0,0,0,0,0,0,0,0,0,0,0,0,0,0,25.1,0,0
51,Jamaica,1998,Americas,Government of Jamaica,0,0,0,0,0,0,0,0,0,0,0,0,0,0,25.1,0,0
51,Jamaica,1999,Americas,Government of Jamaica,0,0,0,0,0,0,0,0,0,0,0,0,0,0,25.1,0,0
51,Jamaica,2000,Americas,Government of Jamaica,0,0,0,0,0,0,0,0,0,0,0,0,0,0,25.1,0,1
51,Jamaica,2001,Americas,Government of Jamaica,0,0,0,0,0,0,0,1,1,116,0,0,0,116,25.1,1,1
51,Jamaica,2002,Americas,Government of Jamaica,0,0,0,0,0,0,0,1,1,22,0,0,0,22,25.1,1,0
51,Jamaica,2003,Americas,Government of Jamaica,0,0,0,0,0,0,0,0,0,0,0,0,0,0,25.1,0,0
51,Jamaica,2004,Americas,Government of Jamaica,0,0,0,0,0,0,0,0,0,0,0,0,0,0,25.1,0,0
51,Jamaica,2005,Americas,Government of Jamaica,0,0,0,0,0,0,0,0,0,0,0,0,0,0,25.1,0,0
51,Jamaica,2006,Americas,Government of Jamaica,0,0,0,0,0,0,0,0,0,0,0,0,0,0,25.1,0,0
51,Jamaica,2007,Americas,Government of Jamaica,0,0,0,0,0,0,0,0,0,0,0,0,0,0,25.1,0,0
51,Jamaica,2008,Americas,Government of Jamaica,0,0,0,0,0,0,0,0,0,0,0,0,0,0,25.1,0,0
51,Jamaica,2009,Americas,Government of Jamaica,0,0,0,0,0,0,0,0,0,0,0,0,0,0,25.1,0,0
51,Jamaica,2010,Americas,Government of Jamaica,0,0,0,0,0,0,0,0,0,0,0,0,0,0,25.1,0,0
51,Jamaica,2011,Americas,Government of Jamaica,0,0,0,0,0,0,0,0,0,0,0,0,0,0,25.1,0,0
51,Jamaica,2012,Americas,Government of Jamaica,0,0,0,0,0,0,0,0,0,0,0,0,0,0,25.1,0,0
51,Jamaica,2013,Americas,Government of Jamaica,0,0,0,0,0,0,0,0,0,0,0,0,0,0,25.1,0,0
51,Jamaica,2014,Americas,Government of Jamaica,0,0,0,0,0,0,0,0,0,0,0,0,0,0,25.1,0,0
51,Jamaica,2015,Americas,Government of Jamaica,0,0,0,0,0,0,0,0,0,0,0,0,0,0,25.1,0,0
51,Jamaica,2016,Americas,Government of Jamaica,0,0,0,0,0,0,0,0,0,0,0,0,0,0,25.1,0,0
51,Jamaica,2017,Americas,Government of Jamaica,0,0,0,0,0,0,0,0,0,0,0,0,0,0,25.1,0,0
51,Jamaica,2018,Americas,Government of Jamaica,0,0,0,0,0,0,0,0,0,0,0,0,0,0,25.1,0,0
51,Jamaica,2019,Americas,Government of Jamaica,0,0,0,0,0,0,0,0,0,0,0,0,0,0,25.1,0,0
51,Jamaica,2020,Americas,Government of Jamaica,0,0,0,0,0,0,0,0,0,0,0,0,0,0,25.1,0,0
51,Jamaica,2021,Americas,Government of Jamaica,0,0,0,0,0,0,0,0,0,0,0,0,0,0,25.1,0,0
51,Jamaica,2022,Americas,Government of Jamaica,0,0,0,0,0,0,0,0,0,0,0,0,0,0,25.1,0,0
51,Jamaica,2023,Americas,Government of Jamaica,0,0,0,0,0,0,0,0,0,0,0,0,0,0,25.1,0,0
52,Trinidad and Tobago,1989,Americas,Government of Trinidad and Tobago,0,0,0,0,0,0,0,0,0,0,0,0,0,0,25.1,0,1
52,Trinidad and Tobago,1990,Americas,Government of Trinidad and Tobago,1,1,39,1,39,0,0,0,0,0,0,0,0,39,25.1,1,0
52,Trinidad and Tobago,1991,Americas,Government of Trinidad and Tobago,0,0,0,0,0,0,0,0,0,0,0,0,0,0,25.1,0,0
52,Trinidad and Tobago,1992,Americas,Government of Trinidad and Tobago,0,0,0,0,0,0,0,0,0,0,0,0,0,0,25.1,0,0
52,Trinidad and Tobago,1993,Americas,Government of Trinidad and Tobago,0,0,0,0,0,0,0,0,0,0,0,0,0,0,25.1,0,0
52,Trinidad and Tobago,1994,Americas,Government of Trinidad and Tobago,0,0,0,0,0,0,0,0,0,0,0,0,0,0,25.1,0,0
52,Trinidad and Tobago,1995,Americas,Government of Trinidad and Tobago,0,0,0,0,0,0,0,0,0,0,0,0,0,0,25.1,0,0
52,Trinidad and Tobago,1996,Americas,Government of Trinidad and Tobago,0,0,0,0,0,0,0,0,0,0,0,0,0,0,25.1,0,0
52,Trinidad and Tobago,1997,Americas,Government of Trinidad and Tobago,0,0,0,0,0,0,0,0,0,0,0,0,0,0,25.1,0,0
52,Trinidad and Tobago,1998,Americas,Government of Trinidad and Tobago,0,0,0,0,0,0,0,0,0,0,0,0,0,0,25.1,0,0
52,Trinidad and Tobago,1999,Americas,Government of Trinidad and Tobago,0,0,0,0,0,0,0,0,0,0,0,0,0,0,25.1,0,0
52,Trinidad and Tobago,2000,Americas,Government of Trinidad and Tobago,0,0,0,0,0,0,0,0,0,0,0,0,0,0,25.1,0,0
52,Trinidad and Tobago,2001,Americas,Government of Trinidad and Tobago,0,0,0,0,0,0,0,0,0,0,0,0,0,0,25.1,0,0
52,Trinidad and Tobago,2002,Americas,Government of Trinidad and Tobago,0,0,0,0,0,0,0,0,0,0,0,0,0,0,25.1,0,0
52,Trinidad and Tobago,2003,Americas,Government of Trinidad and Tobago,0,0,0,0,0,0,0,0,0,0,0,0,0,0,25.1,0,0
52,Trinidad and Tobago,2004,Americas,Government of Trinidad and Tobago,0,0,0,0,0,0,0,0,0,0,0,0,0,0,25.1,0,0
52,Trinidad and Tobago,2005,Americas,Government of Trinidad and Tobago,0,0,0,0,0,0,0,0,0,0,0,0,0,0,25.1,0,0
52,Trinidad and Tobago,2006,Americas,Government of Trinidad and Tobago,0,0,0,0,0,0,0,0,0,0,0,0,0,0,25.1,0,0
52,Trinidad and Tobago,2007,Americas,Government of Trinidad and Tobago,0,0,0,0,0,0,0,0,0,0,0,0,0,0,25.1,0,0
52,Trinidad and Tobago,2008,Americas,Government of Trinidad and Tobago,0,0,0,0,0,0,0,0,0,0,0,0,0,0,25.1,0,0
52,Trinidad and Tobago,2009,Americas,Government of Trinidad and Tobago,0,0,0,0,0,0,0,0,0,0,0,0,0,0,25.1,0,0
52,Trinidad and Tobago,2010,Americas,Government of Trinidad and Tobago,0,0,0,0,0,0,0,0,0,0,0,0,0,0,25.1,0,0
52,Trinidad and Tobago,2011,Americas,Government of Trinidad and Tobago,0,0,0,0,0,0,0,0,0,0,0,0,0,0,25.1,0,0
52,Trinidad and Tobago,2012,Americas,Government of Trinidad and Tobago,0,0,0,0,0,0,0,0,0,0,0,0,0,0,25.1,0,0
52,Trinidad and Tobago,2013,Americas,Government of Trinidad and Tobago,0,0,0,0,0,0,0,0,0,0,0,0,0,0,25.1,0,0
52,Trinidad and Tobago,2014,Americas,Government of Trinidad and Tobago,0,0,0,0,0,0,0,0,0,0,0,0,0,0,25.1,0,0
52,Trinidad and Tobago,2015,Americas,Government of Trinidad and Tobago,0,0,0,0,0,0,0,0,0,0,0,0,0,0,25.1,0,0
52,Trinidad and Tobago,2016,Americas,Government of Trinidad and Tobago,0,0,0,0,0,0,0,0,0,0,0,0,0,0,25.1,0,0
52,Trinidad and Tobago,2017,Americas,Government of Trinidad and Tobago,0,0,0,0,0,0,0,0,0,0,0,0,0,0,25.1,0,0
52,Trinidad and Tobago,2018,Americas,Government of Trinidad and Tobago,0,0,0,0,0,0,0,0,0,0,0,0,0,0,25.1,0,0
52,Trinidad and Tobago,2019,Americas,Government of Trinidad and Tobago,0,0,0,0,0,0,0,0,0,0,0,0,0,0,25.1,0,0
52,Trinidad and Tobago,2020,Americas,Government of Trinidad and Tobago,0,0,0,0,0,0,0,0,0,0,0,0,0,0,25.1,0,0
52,Trinidad and Tobago,2021,Americas,Government of Trinidad and Tobago,0,0,0,0,0,0,0,0,0,0,0,0,0,0,25.1,0,0
52,Trinidad and Tobago,2022,Americas,Government of Trinidad and Tobago,0,0,0,0,0,0,0,0,0,0,0,0,0,0,25.1,0,0
52,Trinidad and Tobago,2023,Americas,Government of Trinidad and Tobago,0,0,0,0,0,0,0,0,0,0,0,0,0,0,25.1,0,0
53,Barbados,1989,Americas,Government of Barbados,0,0,0,0,0,0,0,0,0,0,0,0,0,0,25.1,0,0
53,Barbados,1990,Americas,Government of Barbados,0,0,0,0,0,0,0,0,0,0,0,0,0,0,25.1,0,0
53,Barbados,1991,Americas,Government of Barbados,0,0,0,0,0,0,0,0,0,0,0,0,0,0,25.1,0,0
53,Barbados,1992,Americas,Government of Barbados,0,0,0,0,0,0,0,0,0,0,0,0,0,0,25.1,0,0
53,Barbados,1993,Americas,Government of Barbados,0,0,0,0,0,0,0,0,0,0,0,0,0,0,25.1,0,0
53,Barbados,1994,Americas,Government of Barbados,0,0,0,0,0,0,0,0,0,0,0,0,0,0,25.1,0,0
53,Barbados,1995,Americas,Government of Barbados,0,0,0,0,0,0,0,0,0,0,0,0,0,0,25.1,0,0
53,Barbados,1996,Americas,Government of Barbados,0,0,0,0,0,0,0,0,0,0,0,0,0,0,25.1,0,0
53,Barbados,1997,Americas,Government of Barbados,0,0,0,0,0,0,0,0,0,0,0,0,0,0,25.1,0,0
53,Barbados,1998,Americas,Government of Barbados,0,0,0,0,0,0,0,0,0,0,0,0,0,0,25.1,0,0
53,Barbados,1999,Americas,Government of Barbados,0,0,0,0,0,0,0,0,0,0,0,0,0,0,25.1,0,0
53,Barbados,2000,Americas,Government of Barbados,0,0,0,0,0,0,0,0,0,0,0,0,0,0,25.1,0,0
53,Barbados,2001,Americas,Government of Barbados,0,0,0,0,0,0,0,0,0,0,0,0,0,0,25.1,0,0
53,Barbados,2002,Americas,Government of Barbados,0,0,0,0,0,0,0,0,0,0,0,0,0,0,25.1,0,0
53,Barbados,2003,Americas,Government of Barbados,0,0,0,0,0,0,0,0,0,0,0,0,0,0,25.1,0,0
53,Barbados,2004,Americas,Government of Barbados,0,0,0,0,0,0,0,0,0,0,0,0,0,0,25.1,0,0
53,Barbados,2005,Americas,Government of Barbados,0,0,0,0,0,0,0,0,0,0,0,0,0,0,25.1,0,0
53,Barbados,2006,Americas,Government of Barbados,0,0,0,0,0,0,0,0,0,0,0,0,0,0,25.1,0,0
53,Barbados,2007,Americas,Government of Barbados,0,0,0,0,0,0,0,0,0,0,0,0,0,0,25.1,0,0
53,Barbados,2008,Americas,Government of Barbados,0,0,0,0,0,0,0,0,0,0,0,0,0,0,25.1,0,0
53,Barbados,2009,Americas,Government of Barbados,0,0,0,0,0,0,0,0,0,0,0,0,0,0,25.1,0,0
53,Barbados,2010,Americas,Government of Barbados,0,0,0,0,0,0,0,0,0,0,0,0,0,0,25.1,0,0
53,Barbados,2011,Americas,Government of Barbados,0,0,0,0,0,0,0,0,0,0,0,0,0,0,25.1,0,0
53,Barbados,2012,Americas,Government of Barbados,0,0,0,0,0,0,0,0,0,0,0,0,0,0,25.1,0,0
53,Barbados,2013,Americas,Government of Barbados,0,0,0,0,0,0,0,0,0,0,0,0,0,0,25.1,0,0
53,Barbados,2014,Americas,Government of Barbados,0,0,0,0,0,0,0,0,0,0,0,0,0,0,25.1,0,0
53,Barbados,2015,Americas,Government of Barbados,0,0,0,0,0,0,0,0,0,0,0,0,0,0,25.1,0,0
53,Barbados,2016,Americas,Government of Barbados,0,0,0,0,0,0,0,0,0,0,0,0,0,0,25.1,0,0
53,Barbados,2017,Americas,Government of Barbados,0,0,0,0,0,0,0,0,0,0,0,0,0,0,25.1,0,0
53,Barbados,2018,Americas,Government of Barbados,0,0,0,0,0,0,0,0,0,0,0,0,0,0,25.1,0,0
53,Barbados,2019,Americas,Government of Barbados,0,0,0,0,0,0,0,0,0,0,0,0,0,0,25.1,0,0
53,Barbados,2020,Americas,Government of Barbados,0,0,0,0,0,0,0,0,0,0,0,0,0,0,25.1,0,0
53,Barbados,2021,Americas,Government of Barbados,0,0,0,0,0,0,0,0,0,0,0,0,0,0,25.1,0,0
53,Barbados,2022,Americas,Government of Barbados,0,0,0,0,0,0,0,0,0,0,0,0,0,0,25.1,0,0
53,Barbados,2023,Americas,Government of Barbados,0,0,0,0,0,0,0,0,0,0,0,0,0,0,25.1,0,0
54,Dominica,1989,Americas,Government of Dominica,0,0,0,0,0,0,0,0,0,0,0,0,0,0,25.1,0,0
54,Dominica,1990,Americas,Government of Dominica,0,0,0,0,0,0,0,0,0,0,0,0,0,0,25.1,0,0
54,Dominica,1991,Americas,Government of Dominica,0,0,0,0,0,0,0,0,0,0,0,0,0,0,25.1,0,0
54,Dominica,1992,Americas,Government of Dominica,0,0,0,0,0,0,0,0,0,0,0,0,0,0,25.1,0,0
54,Dominica,1993,Americas,Government of Dominica,0,0,0,0,0,0,0,0,0,0,0,0,0,0,25.1,0,0
54,Dominica,1994,Americas,Government of Dominica,0,0,0,0,0,0,0,0,0,0,0,0,0,0,25.1,0,0
54,Dominica,1995,Americas,Government of Dominica,0,0,0,0,0,0,0,0,0,0,0,0,0,0,25.1,0,0
54,Dominica,1996,Americas,Government of Dominica,0,0,0,0,0,0,0,0,0,0,0,0,0,0,25.1,0,0
54,Dominica,1997,Americas,Government of Dominica,0,0,0,0,0,0,0,0,0,0,0,0,0,0,25.1,0,0
54,Dominica,1998,Americas,Government of Dominica,0,0,0,0,0,0,0,0,0,0,0,0,0,0,25.1,0,0
54,Dominica,1999,Americas,Government of Dominica,0,0,0,0,0,0,0,0,0,0,0,0,0,0,25.1,0,0
54,Dominica,2000,Americas,Government of Dominica,0,0,0,0,0,0,0,0,0,0,0,0,0,0,25.1,0,0
54,Dominica,2001,Americas,Government of Dominica,0,0,0,0,0,0,0,0,0,0,0,0,0,0,25.1,0,0
54,Dominica,2002,Americas,Government of Dominica,0,0,0,0,0,0,0,0,0,0,0,0,0,0,25.1,0,0
54,Dominica,2003,Americas,Government of Dominica,0,0,0,0,0,0,0,0,0,0,0,0,0,0,25.1,0,0
54,Dominica,2004,Americas,Government of Dominica,0,0,0,0,0,0,0,0,0,0,0,0,0,0,25.1,0,0
54,Dominica,2005,Americas,Government of Dominica,0,0,0,0,0,0,0,0,0,0,0,0,0,0,25.1,0,0
54,Dominica,2006,Americas,Government of Dominica,0,0,0,0,0,0,0,0,0,0,0,0,0,0,25.1,0,0
54,Dominica,2007,Americas,Government of Dominica,0,0,0,0,0,0,0,0,0,0,0,0,0,0,25.1,0,0
54,Dominica,2008,Americas,Government of Dominica,0,0,0,0,0,0,0,0,0,0,0,0,0,0,25.1,0,0
54,Dominica,2009,Americas,Government of Dominica,0,0,0,0,0,0,0,0,0,0,0,0,0,0,25.1,0,0
54,Dominica,2010,Americas,Government of Dominica,0,0,0,0,0,0,0,0,0,0,0,0,0,0,25.1,0,0
54,Dominica,2011,Americas,Government of Dominica,0,0,0,0,0,0,0,0,0,0,0,0,0,0,25.1,0,0
54,Dominica,2012,Americas,Government of Dominica,0,0,0,0,0,0,0,0,0,0,0,0,0,0,25.1,0,0
54,Dominica,2013,Americas,Government of Dominica,0,0,0,0,0,0,0,0,0,0,0,0,0,0,25.1,0,0
54,Dominica,2014,Americas,Government of Dominica,0,0,0,0,0,0,0,0,0,0,0,0,0,0,25.1,0,0
54,Dominica,2015,Americas,Government of Dominica,0,0,0,0,0,0,0,0,0,0,0,0,0,0,25.1,0,0
54,Dominica,2016,Americas,Government of Dominica,0,0,0,0,0,0,0,0,0,0,0,0,0,0,25.1,0,0
54,Dominica,2017,Americas,Government of Dominica,0,0,0,0,0,0,0,0,0,0,0,0,0,0,25.1,0,0
54,Dominica,2018,Americas,Government of Dominica,0,0,0,0,0,0,0,0,0,0,0,0,0,0,25.1,0,0
54,Dominica,2019,Americas,Government of Dominica,0,0,0,0,0,0,0,0,0,0,0,0,0,0,25.1,0,0
54,Dominica,2020,Americas,Government of Dominica,0,0,0,0,0,0,0,0,0,0,0,0,0,0,25.1,0,0
54,Dominica,2021,Americas,Government of Dominica,0,0,0,0,0,0,0,0,0,0,0,0,0,0,25.1,0,0
54,Dominica,2022,Americas,Government of Dominica,0,0,0,0,0,0,0,0,0,0,0,0,0,0,25.1,0,0
54,Dominica,2023,Americas,Government of Dominica,0,0,0,0,0,0,0,0,0,0,0,0,0,0,25.1,0,0
55,Grenada,1989,Americas,Government of Grenada,0,0,0,0,0,0,0,0,0,0,0,0,0,0,25.1,0,0
55,Grenada,1990,Americas,Government of Grenada,0,0,0,0,0,0,0,0,0,0,0,0,0,0,25.1,0,0
55,Grenada,1991,Americas,Government of Grenada,0,0,0,0,0,0,0,0,0,0,0,0,0,0,25.1,0,0
55,Grenada,1992,Americas,Government of Grenada,0,0,0,0,0,0,0,0,0,0,0,0,0,0,25.1,0,0
55,Grenada,1993,Americas,Government of Grenada,0,0,0,0,0,0,0,0,0,0,0,0,0,0,25.1,0,0
55,Grenada,1994,Americas,Government of Grenada,0,0,0,0,0,0,0,0,0,0,0,0,0,0,25.1,0,0
55,Grenada,1995,Americas,Government of Grenada,0,0,0,0,0,0,0,0,0,0,0,0,0,0,25.1,0,0
55,Grenada,1996,Americas,Government of Grenada,0,0,0,0,0,0,0,0,0,0,0,0,0,0,25.1,0,0
55,Grenada,1997,Americas,Government of Grenada,0,0,0,0,0,0,0,0,0,0,0,0,0,0,25.1,0,0
55,Grenada,1998,Americas,Government of Grenada,0,0,0,0,0,0,0,0,0,0,0,0,0,0,25.1,0,0
55,Grenada,1999,Americas,Government of Grenada,0,0,0,0,0,0,0,0,0,0,0,0,0,0,25.1,0,0
55,Grenada,2000,Americas,Government of Grenada,0,0,0,0,0,0,0,0,0,0,0,0,0,0,25.1,0,0
55,Grenada,2001,Americas,Government of Grenada,0,0,0,0,0,0,0,0,0,0,0,0,0,0,25.1,0,0
55,Grenada,2002,Americas,Government of Grenada,0,0,0,0,0,0,0,0,0,0,0,0,0,0,25.1,0,0
55,Grenada,2003,Americas,Government of Grenada,0,0,0,0,0,0,0,0,0,0,0,0,0,0,25.1,0,0
55,Grenada,2004,Americas,Government of Grenada,0,0,0,0,0,0,0,0,0,0,0,0,0,0,25.1,0,0
55,Grenada,2005,Americas,Government of Grenada,0,0,0,0,0,0,0,0,0,0,0,0,0,0,25.1,0,0
55,Grenada,2006,Americas,Government of Grenada,0,0,0,0,0,0,0,0,0,0,0,0,0,0,25.1,0,0
55,Grenada,2007,Americas,Government of Grenada,0,0,0,0,0,0,0,0,0,0,0,0,0,0,25.1,0,0
55,Grenada,2008,Americas,Government of Grenada,0,0,0,0,0,0,0,0,0,0,0,0,0,0,25.1,0,0
55,Grenada,2009,Americas,Government of Grenada,0,0,0,0,0,0,0,0,0,0,0,0,0,0,25.1,0,0
55,Grenada,2010,Americas,Government of Grenada,0,0,0,0,0,0,0,0,0,0,0,0,0,0,25.1,0,0
55,Grenada,2011,Americas,Government of Grenada,0,0,0,0,0,0,0,0,0,0,0,0,0,0,25.1,0,0
55,Grenada,2012,Americas,Government of Grenada,0,0,0,0,0,0,0,0,0,0,0,0,0,0,25.1,0,0
55,Grenada,2013,Americas,Government of Grenada,0,0,0,0,0,0,0,0,0,0,0,0,0,0,25.1,0,0
55,Grenada,2014,Americas,Government of Grenada,0,0,0,0,0,0,0,0,0,0,0,0,0,0,25.1,0,0
55,Grenada,2015,Americas,Government of Grenada,0,0,0,0,0,0,0,0,0,0,0,0,0,0,25.1,0,0
55,Grenada,2016,Americas,Government of Grenada,0,0,0,0,0,0,0,0,0,0,0,0,0,0,25.1,0,0
55,Grenada,2017,Americas,Government of Grenada,0,0,0,0,0,0,0,0,0,0,0,0,0,0,25.1,0,0
55,Grenada,2018,Americas,Government of Grenada,0,0,0,0,0,0,0,0,0,0,0,0,0,0,25.1,0,0
55,Grenada,2019,Americas,Government of Grenada,0,0,0,0,0,0,0,0,0,0,0,0,0,0,25.1,0,0
55,Grenada,2020,Americas,Government of Grenada,0,0,0,0,0,0,0,0,0,0,0,0,0,0,25.1,0,0
55,Grenada,2021,Americas,Government of Grenada,0,0,0,0,0,0,0,0,0,0,0,0,0,0,25.1,0,0
55,Grenada,2022,Americas,Government of Grenada,0,0,0,0,0,0,0,0,0,0,0,0,0,0,25.1,0,0
55,Grenada,2023,Americas,Government of Grenada,0,0,0,0,0,0,0,0,0,0,0,0,0,0,25.1,0,0
56,Saint Lucia,1989,Americas,Government of Saint Lucia,0,0,0,0,0,0,0,0,0,0,0,0,0,0,25.1,0,0
56,Saint Lucia,1990,Americas,Government of Saint Lucia,0,0,0,0,0,0,0,0,0,0,0,0,0,0,25.1,0,0
56,Saint Lucia,1991,Americas,Government of Saint Lucia,0,0,0,0,0,0,0,0,0,0,0,0,0,0,25.1,0,0
56,Saint Lucia,1992,Americas,Government of Saint Lucia,0,0,0,0,0,0,0,0,0,0,0,0,0,0,25.1,0,0
56,Saint Lucia,1993,Americas,Government of Saint Lucia,0,0,0,0,0,0,0,0,0,0,0,0,0,0,25.1,0,0
56,Saint Lucia,1994,Americas,Government of Saint Lucia,0,0,0,0,0,0,0,0,0,0,0,0,0,0,25.1,0,0
56,Saint Lucia,1995,Americas,Government of Saint Lucia,0,0,0,0,0,0,0,0,0,0,0,0,0,0,25.1,0,0
56,Saint Lucia,1996,Americas,Government of Saint Lucia,0,0,0,0,0,0,0,0,0,0,0,0,0,0,25.1,0,0
56,Saint Lucia,1997,Americas,Government of Saint Lucia,0,0,0,0,0,0,0,0,0,0,0,0,0,0,25.1,0,0
56,Saint Lucia,1998,Americas,Government of Saint Lucia,0,0,0,0,0,0,0,0,0,0,0,0,0,0,25.1,0,0
56,Saint Lucia,1999,Americas,Government of Saint Lucia,0,0,0,0,0,0,0,0,0,0,0,0,0,0,25.1,0,0
56,Saint Lucia,2000,Americas,Government of Saint Lucia,0,0,0,0,0,0,0,0,0,0,0,0,0,0,25.1,0,0
56,Saint Lucia,2001,Americas,Government of Saint Lucia,0,0,0,0,0,0,0,0,0,0,0,0,0,0,25.1,0,0
56,Saint Lucia,2002,Americas,Government of Saint Lucia,0,0,0,0,0,0,0,0,0,0,0,0,0,0,25.1,0,0
56,Saint Lucia,2003,Americas,Government of Saint Lucia,0,0,0,0,0,0,0,0,0,0,0,0,0,0,25.1,0,0
56,Saint Lucia,2004,Americas,Government of Saint Lucia,0,0,0,0,0,0,0,0,0,0,0,0,0,0,25.1,0,0
56,Saint Lucia,2005,Americas,Government of Saint Lucia,0,0,0,0,0,0,0,0,0,0,0,0,0,0,25.1,0,0
56,Saint Lucia,2006,Americas,Government of Saint Lucia,0,0,0,0,0,0,0,0,0,0,0,0,0,0,25.1,0,0
56,Saint Lucia,2007,Americas,Government of Saint Lucia,0,0,0,0,0,0,0,0,0,0,0,0,0,0,25.1,0,0
56,Saint Lucia,2008,Americas,Government of Saint Lucia,0,0,0,0,0,0,0,0,0,0,0,0,0,0,25.1,0,0
56,Saint Lucia,2009,Americas,Government of Saint Lucia,0,0,0,0,0,0,0,0,0,0,0,0,0,0,25.1,0,0
56,Saint Lucia,2010,Americas,Government of Saint Lucia,0,0,0,0,0,0,0,0,0,0,0,0,0,0,25.1,0,0
56,Saint Lucia,2011,Americas,Government of Saint Lucia,0,0,0,0,0,0,0,0,0,0,0,0,0,0,25.1,0,0
56,Saint Lucia,2012,Americas,Government of Saint Lucia,0,0,0,0,0,0,0,0,0,0,0,0,0,0,25.1,0,0
56,Saint Lucia,2013,Americas,Government of Saint Lucia,0,0,0,0,0,0,0,0,0,0,0,0,0,0,25.1,0,0
56,Saint Lucia,2014,Americas,Government of Saint Lucia,0,0,0,0,0,0,0,0,0,0,0,0,0,0,25.1,0,0
56,Saint Lucia,2015,Americas,Government of Saint Lucia,0,0,0,0,0,0,0,0,0,0,0,0,0,0,25.1,0,0
56,Saint Lucia,2016,Americas,Government of Saint Lucia,0,0,0,0,0,0,0,0,0,0,0,0,0,0,25.1,0,0
56,Saint Lucia,2017,Americas,Government of Saint Lucia,0,0,0,0,0,0,0,0,0,0,0,0,0,0,25.1,0,0
56,Saint Lucia,2018,Americas,Government of Saint Lucia,0,0,0,0,0,0,0,0,0,0,0,0,0,0,25.1,0,0
56,Saint Lucia,2019,Americas,Government of Saint Lucia,0,0,0,0,0,0,0,0,0,0,0,0,0,0,25.1,0,0
56,Saint Lucia,2020,Americas,Government of Saint Lucia,0,0,0,0,0,0,0,0,0,0,0,0,0,0,25.1,0,0
56,Saint Lucia,2021,Americas,Government of Saint Lucia,0,0,0,0,0,0,0,0,0,0,0,0,0,0,25.1,0,0
56,Saint Lucia,2022,Americas,Government of Saint Lucia,0,0,0,0,0,0,0,0,0,0,0,0,0,0,25.1,0,0
56,Saint Lucia,2023,Americas,Government of Saint Lucia,0,0,0,0,0,0,0,0,0,0,0,0,0,0,25.1,0,0
57,Saint Vincent and the Grenadines,1989,Americas,Government of Saint Vincent and the Grenadines,0,0,0,0,0,0,0,0,0,0,0,0,0,0,25.1,0,0
57,Saint Vincent and the Grenadines,1990,Americas,Government of Saint Vincent and the Grenadines,0,0,0,0,0,0,0,0,0,0,0,0,0,0,25.1,0,0
57,Saint Vincent and the Grenadines,1991,Americas,Government of Saint Vincent and the Grenadines,0,0,0,0,0,0,0,0,0,0,0,0,0,0,25.1,0,0
57,Saint Vincent and the Grenadines,1992,Americas,Government of Saint Vincent and the Grenadines,0,0,0,0,0,0,0,0,0,0,0,0,0,0,25.1,0,0
57,Saint Vincent and the Grenadines,1993,Americas,Government of Saint Vincent and the Grenadines,0,0,0,0,0,0,0,0,0,0,0,0,0,0,25.1,0,0
57,Saint Vincent and the Grenadines,1994,Americas,Government of Saint Vincent and the Grenadines,0,0,0,0,0,0,0,0,0,0,0,0,0,0,25.1,0,0
57,Saint Vincent and the Grenadines,1995,Americas,Government of Saint Vincent and the Grenadines,0,0,0,0,0,0,0,0,0,0,0,0,0,0,25.1,0,0
57,Saint Vincent and the Grenadines,1996,Americas,Government of Saint Vincent and the Grenadines,0,0,0,0,0,0,0,0,0,0,0,0,0,0,25.1,0,0
57,Saint Vincent and the Grenadines,1997,Americas,Government of Saint Vincent and the Grenadines,0,0,0,0,0,0,0,0,0,0,0,0,0,0,25.1,0,0
57,Saint Vincent and the Grenadines,1998,Americas,Government of Saint Vincent and the Grenadines,0,0,0,0,0,0,0,0,0,0,0,0,0,0,25.1,0,0
57,Saint Vincent and the Grenadines,1999,Americas,Government of Saint Vincent and the Grenadines,0,0,0,0,0,0,0,0,0,0,0,0,0,0,25.1,0,0
57,Saint Vincent and the Grenadines,2000,Americas,Government of Saint Vincent and the Grenadines,0,0,0,0,0,0,0,0,0,0,0,0,0,0,25.1,0,0
57,Saint Vincent and the Grenadines,2001,Americas,Government of Saint Vincent and the Grenadines,0,0,0,0,0,0,0,0,0,0,0,0,0,0,25.1,0,0
57,Saint Vincent and the Grenadines,2002,Americas,Government of Saint Vincent and the Grenadines,0,0,0,0,0,0,0,0,0,0,0,0,0,0,25.1,0,0
57,Saint Vincent and the Grenadines,2003,Americas,Government of Saint Vincent and the Grenadines,0,0,0,0,0,0,0,0,0,0,0,0,0,0,25.1,0,0
57,Saint Vincent and the Grenadines,2004,Americas,Government of Saint Vincent and the Grenadines,0,0,0,0,0,0,0,0,0,0,0,0,0,0,25.1,0,0
57,Saint Vincent and the Grenadines,2005,Americas,Government of Saint Vincent and the Grenadines,0,0,0,0,0,0,0,0,0,0,0,0,0,0,25.1,0,0
57,Saint Vincent and the Grenadines,2006,Americas,Government of Saint Vincent and the Grenadines,0,0,0,0,0,0,0,0,0,0,0,0,0,0,25.1,0,0
57,Saint Vincent and the Grenadines,2007,Americas,Government of Saint Vincent and the Grenadines,0,0,0,0,0,0,0,0,0,0,0,0,0,0,25.1,0,0
57,Saint Vincent and the Grenadines,2008,Americas,Government of Saint Vincent and the Grenadines,0,0,0,0,0,0,0,0,0,0,0,0,0,0,25.1,0,0
57,Saint Vincent and the Grenadines,2009,Americas,Government of Saint Vincent and the Grenadines,0,0,0,0,0,0,0,0,0,0,0,0,0,0,25.1,0,0
57,Saint Vincent and the Grenadines,2010,Americas,Government of Saint Vincent and the Grenadines,0,0,0,0,0,0,0,0,0,0,0,0,0,0,25.1,0,0
57,Saint Vincent and the Grenadines,2011,Americas,Government of Saint Vincent and the Grenadines,0,0,0,0,0,0,0,0,0,0,0,0,0,0,25.1,0,0
57,Saint Vincent and the Grenadines,2012,Americas,Government of Saint Vincent and the Grenadines,0,0,0,0,0,0,0,0,0,0,0,0,0,0,25.1,0,0
57,Saint Vincent and the Grenadines,2013,Americas,Government of Saint Vincent and the Grenadines,0,0,0,0,0,0,0,0,0,0,0,0,0,0,25.1,0,0
57,Saint Vincent and the Grenadines,2014,Americas,Government of Saint Vincent and the Grenadines,0,0,0,0,0,0,0,0,0,0,0,0,0,0,25.1,0,0
57,Saint Vincent and the Grenadines,2015,Americas,Government of Saint Vincent and the Grenadines,0,0,0,0,0,0,0,0,0,0,0,0,0,0,25.1,0,0
57,Saint Vincent and the Grenadines,2016,Americas,Government of Saint Vincent and the Grenadines,0,0,0,0,0,0,0,0,0,0,0,0,0,0,25.1,0,0
57,Saint Vincent and the Grenadines,2017,Americas,Government of Saint Vincent and the Grenadines,0,0,0,0,0,0,0,0,0,0,0,0,0,0,25.1,0,0
57,Saint Vincent and the Grenadines,2018,Americas,Government of Saint Vincent and the Grenadines,0,0,0,0,0,0,0,0,0,0,0,0,0,0,25.1,0,0
57,Saint Vincent and the Grenadines,2019,Americas,Government of Saint Vincent and the Grenadines,0,0,0,0,0,0,0,0,0,0,0,0,0,0,25.1,0,0
57,Saint Vincent and the Grenadines,2020,Americas,Government of Saint Vincent and the Grenadines,0,0,0,0,0,0,0,0,0,0,0,0,0,0,25.1,0,0
57,Saint Vincent and the Grenadines,2021,Americas,Government of Saint Vincent and the Grenadines,0,0,0,0,0,0,0,0,0,0,0,0,0,0,25.1,0,0
57,Saint Vincent and the Grenadines,2022,Americas,Government of Saint Vincent and the Grenadines,0,0,0,0,0,0,0,0,0,0,0,0,0,0,25.1,0,0
57,Saint Vincent and the Grenadines,2023,Americas,Government of Saint Vincent and the Grenadines,0,0,0,0,0,0,0,0,0,0,0,0,0,0,25.1,0,0
58,Antigua & Barbuda,1989,Americas,Government of Antigua & Barbuda,0,0,0,0,0,0,0,0,0,0,0,0,0,0,25.1,0,0
58,Antigua & Barbuda,1990,Americas,Government of Antigua & Barbuda,0,0,0,0,0,0,0,0,0,0,0,0,0,0,25.1,0,0
58,Antigua & Barbuda,1991,Americas,Government of Antigua & Barbuda,0,0,0,0,0,0,0,0,0,0,0,0,0,0,25.1,0,0
58,Antigua & Barbuda,1992,Americas,Government of Antigua & Barbuda,0,0,0,0,0,0,0,0,0,0,0,0,0,0,25.1,0,0
58,Antigua & Barbuda,1993,Americas,Government of Antigua & Barbuda,0,0,0,0,0,0,0,0,0,0,0,0,0,0,25.1,0,0
58,Antigua & Barbuda,1994,Americas,Government of Antigua & Barbuda,0,0,0,0,0,0,0,0,0,0,0,0,0,0,25.1,0,0
58,Antigua & Barbuda,1995,Americas,Government of Antigua & Barbuda,0,0,0,0,0,0,0,0,0,0,0,0,0,0,25.1,0,0
58,Antigua & Barbuda,1996,Americas,Government of Antigua & Barbuda,0,0,0,0,0,0,0,0,0,0,0,0,0,0,25.1,0,0
58,Antigua & Barbuda,1997,Americas,Government of Antigua & Barbuda,0,0,0,0,0,0,0,0,0,0,0,0,0,0,25.1,0,0
58,Antigua & Barbuda,1998,Americas,Government of Antigua & Barbuda,0,0,0,0,0,0,0,0,0,0,0,0,0,0,25.1,0,0
58,Antigua & Barbuda,1999,Americas,Government of Antigua & Barbuda,0,0,0,0,0,0,0,0,0,0,0,0,0,0,25.1,0,0
58,Antigua & Barbuda,2000,Americas,Government of Antigua & Barbuda,0,0,0,0,0,0,0,0,0,0,0,0,0,0,25.1,0,0
58,Antigua & Barbuda,2001,Americas,Government of Antigua & Barbuda,0,0,0,0,0,0,0,0,0,0,0,0,0,0,25.1,0,0
58,Antigua & Barbuda,2002,Americas,Government of Antigua & Barbuda,0,0,0,0,0,0,0,0,0,0,0,0,0,0,25.1,0,0
58,Antigua & Barbuda,2003,Americas,Government of Antigua & Barbuda,0,0,0,0,0,0,0,0,0,0,0,0,0,0,25.1,0,0
58,Antigua & Barbuda,2004,Americas,Government of Antigua & Barbuda,0,0,0,0,0,0,0,0,0,0,0,0,0,0,25.1,0,0
58,Antigua & Barbuda,2005,Americas,Government of Antigua & Barbuda,0,0,0,0,0,0,0,0,0,0,0,0,0,0,25.1,0,0
58,Antigua & Barbuda,2006,Americas,Government of Antigua & Barbuda,0,0,0,0,0,0,0,0,0,0,0,0,0,0,25.1,0,0
58,Antigua & Barbuda,2007,Americas,Government of Antigua & Barbuda,0,0,0,0,0,0,0,0,0,0,0,0,0,0,25.1,0,0
58,Antigua & Barbuda,2008,Americas,Government of Antigua & Barbuda,0,0,0,0,0,0,0,0,0,0,0,0,0,0,25.1,0,0
58,Antigua & Barbuda,2009,Americas,Government of Antigua & Barbuda,0,0,0,0,0,0,0,0,0,0,0,0,0,0,25.1,0,0
58,Antigua & Barbuda,2010,Americas,Government of Antigua & Barbuda,0,0,0,0,0,0,0,0,0,0,0,0,0,0,25.1,0,0
58,Antigua & Barbuda,2011,Americas,Government of Antigua & Barbuda,0,0,0,0,0,0,0,0,0,0,0,0,0,0,25.1,0,0
58,Antigua & Barbuda,2012,Americas,Government of Antigua & Barbuda,0,0,0,0,0,0,0,0,0,0,0,0,0,0,25.1,0,0
58,Antigua & Barbuda,2013,Americas,Government of Antigua & Barbuda,0,0,0,0,0,0,0,0,0,0,0,0,0,0,25.1,0,0
58,Antigua & Barbuda,2014,Americas,Government of Antigua & Barbuda,0,0,0,0,0,0,0,0,0,0,0,0,0,0,25.1,0,0
58,Antigua & Barbuda,2015,Americas,Government of Antigua & Barbuda,0,0,0,0,0,0,0,0,0,0,0,0,0,0,25.1,0,0
58,Antigua & Barbuda,2016,Americas,Government of Antigua & Barbuda,0,0,0,0,0,0,0,0,0,0,0,0,0,0,25.1,0,0
58,Antigua & Barbuda,2017,Americas,Government of Antigua & Barbuda,0,0,0,0,0,0,0,0,0,0,0,0,0,0,25.1,0,0
58,Antigua & Barbuda,2018,Americas,Government of Antigua & Barbuda,0,0,0,0,0,0,0,0,0,0,0,0,0,0,25.1,0,0
58,Antigua & Barbuda,2019,Americas,Government of Antigua & Barbuda,0,0,0,0,0,0,0,0,0,0,0,0,0,0,25.1,0,0
58,Antigua & Barbuda,2020,Americas,Government of Antigua & Barbuda,0,0,0,0,0,0,0,0,0,0,0,0,0,0,25.1,0,0
58,Antigua & Barbuda,2021,Americas,Government of Antigua & Barbuda,0,0,0,0,0,0,0,0,0,0,0,0,0,0,25.1,0,0
58,Antigua & Barbuda,2022,Americas,Government of Antigua & Barbuda,0,0,0,0,0,0,0,0,0,0,0,0,0,0,25.1,0,0
58,Antigua & Barbuda,2023,Americas,Government of Antigua & Barbuda,0,0,0,0,0,0,0,0,0,0,0,0,0,0,25.1,0,0
60,Saint Kitts and Nevis,1989,Americas,Government of Saint Kitts and Nevis,0,0,0,0,0,0,0,0,0,0,0,0,0,0,25.1,0,0
60,Saint Kitts and Nevis,1990,Americas,Government of Saint Kitts and Nevis,0,0,0,0,0,0,0,0,0,0,0,0,0,0,25.1,0,0
60,Saint Kitts and Nevis,1991,Americas,Government of Saint Kitts and Nevis,0,0,0,0,0,0,0,0,0,0,0,0,0,0,25.1,0,0
60,Saint Kitts and Nevis,1992,Americas,Government of Saint Kitts and Nevis,0,0,0,0,0,0,0,0,0,0,0,0,0,0,25.1,0,0
60,Saint Kitts and Nevis,1993,Americas,Government of Saint Kitts and Nevis,0,0,0,0,0,0,0,0,0,0,0,0,0,0,25.1,0,0
60,Saint Kitts and Nevis,1994,Americas,Government of Saint Kitts and Nevis,0,0,0,0,0,0,0,0,0,0,0,0,0,0,25.1,0,0
60,Saint Kitts and Nevis,1995,Americas,Government of Saint Kitts and Nevis,0,0,0,0,0,0,0,0,0,0,0,0,0,0,25.1,0,0
60,Saint Kitts and Nevis,1996,Americas,Government of Saint Kitts and Nevis,0,0,0,0,0,0,0,0,0,0,0,0,0,0,25.1,0,0
60,Saint Kitts and Nevis,1997,Americas,Government of Saint Kitts and Nevis,0,0,0,0,0,0,0,0,0,0,0,0,0,0,25.1,0,0
60,Saint Kitts and Nevis,1998,Americas,Government of Saint Kitts and Nevis,0,0,0,0,0,0,0,0,0,0,0,0,0,0,25.1,0,0
60,Saint Kitts and Nevis,1999,Americas,Government of Saint Kitts and Nevis,0,0,0,0,0,0,0,0,0,0,0,0,0,0,25.1,0,0
60,Saint Kitts and Nevis,2000,Americas,Government of Saint Kitts and Nevis,0,0,0,0,0,0,0,0,0,0,0,0,0,0,25.1,0,0
60,Saint Kitts and Nevis,2001,Americas,Government of Saint Kitts and Nevis,0,0,0,0,0,0,0,0,0,0,0,0,0,0,25.1,0,0
60,Saint Kitts and Nevis,2002,Americas,Government of Saint Kitts and Nevis,0,0,0,0,0,0,0,0,0,0,0,0,0,0,25.1,0,0
60,Saint Kitts and Nevis,2003,Americas,Government of Saint Kitts and Nevis,0,0,0,0,0,0,0,0,0,0,0,0,0,0,25.1,0,0
60,Saint Kitts and Nevis,2004,Americas,Government of Saint Kitts and Nevis,0,0,0,0,0,0,0,0,0,0,0,0,0,0,25.1,0,0
60,Saint Kitts and Nevis,2005,Americas,Government of Saint Kitts and Nevis,0,0,0,0,0,0,0,0,0,0,0,0,0,0,25.1,0,0
60,Saint Kitts and Nevis,2006,Americas,Government of Saint Kitts and Nevis,0,0,0,0,0,0,0,0,0,0,0,0,0,0,25.1,0,0
60,Saint Kitts and Nevis,2007,Americas,Government of Saint Kitts and Nevis,0,0,0,0,0,0,0,0,0,0,0,0,0,0,25.1,0,0
60,Saint Kitts and Nevis,2008,Americas,Government of Saint Kitts and Nevis,0,0,0,0,0,0,0,0,0,0,0,0,0,0,25.1,0,0
60,Saint Kitts and Nevis,2009,Americas,Government of Saint Kitts and Nevis,0,0,0,0,0,0,0,0,0,0,0,0,0,0,25.1,0,0
60,Saint Kitts and Nevis,2010,Americas,Government of Saint Kitts and Nevis,0,0,0,0,0,0,0,0,0,0,0,0,0,0,25.1,0,0
60,Saint Kitts and Nevis,2011,Americas,Government of Saint Kitts and Nevis,0,0,0,0,0,0,0,0,0,0,0,0,0,0,25.1,0,0
60,Saint Kitts and Nevis,2012,Americas,Government of Saint Kitts and Nevis,0,0,0,0,0,0,0,0,0,0,0,0,0,0,25.1,0,0
60,Saint Kitts and Nevis,2013,Americas,Government of Saint Kitts and Nevis,0,0,0,0,0,0,0,0,0,0,0,0,0,0,25.1,0,0
60,Saint Kitts and Nevis,2014,Americas,Government of Saint Kitts and Nevis,0,0,0,0,0,0,0,0,0,0,0,0,0,0,25.1,0,0
60,Saint Kitts and Nevis,2015,Americas,Government of Saint Kitts and Nevis,0,0,0,0,0,0,0,0,0,0,0,0,0,0,25.1,0,0
60,Saint Kitts and Nevis,2016,Americas,Government of Saint Kitts and Nevis,0,0,0,0,0,0,0,0,0,0,0,0,0,0,25.1,0,0
60,Saint Kitts and Nevis,2017,Americas,Government of Saint Kitts and Nevis,0,0,0,0,0,0,0,0,0,0,0,0,0,0,25.1,0,0
60,Saint Kitts and Nevis,2018,Americas,Government of Saint Kitts and Nevis,0,0,0,0,0,0,0,0,0,0,0,0,0,0,25.1,0,0
60,Saint Kitts and Nevis,2019,Americas,Government of Saint Kitts and Nevis,0,0,0,0,0,0,0,0,0,0,0,0,0,0,25.1,0,0
60,Saint Kitts and Nevis,2020,Americas,Government of Saint Kitts and Nevis,0,0,0,0,0,0,0,0,0,0,0,0,0,0,25.1,0,0
60,Saint Kitts and Nevis,2021,Americas,Government of Saint Kitts and Nevis,0,0,0,0,0,0,0,0,0,0,0,0,0,0,25.1,0,0
60,Saint Kitts and Nevis,2022,Americas,Government of Saint Kitts and Nevis,0,0,0,0,0,0,0,0,0,0,0,0,0,0,25.1,0,0
60,Saint Kitts and Nevis,2023,Americas,Government of Saint Kitts and Nevis,0,0,0,0,0,0,0,0,0,0,0,0,0,0,25.1,0,0
70,Mexico,1989,Americas,Government of Mexico,0,0,0,0,0,0,0,0,0,0,1,1,3,3,25.1,1,1
70,Mexico,1990,Americas,Government of Mexico,0,0,0,0,0,0,0,0,0,0,1,1,4,4,25.1,1,0
70,Mexico,1991,Americas,Government of Mexico,0,0,0,0,0,0,0,0,0,0,0,0,0,0,25.1,0,1
70,Mexico,1992,Americas,Government of Mexico,0,0,0,0,0,0,0,1,1,15,1,1,1,16,25.1,1,1
70,Mexico,1993,Americas,Government of Mexico,0,0,0,0,0,0,0,1,2,34,0,0,0,34,25.1,1,1
70,Mexico,1994,Americas,Government of Mexico,1,1,145,1,145,0,0,1,1,5,1,1,3,153,25.1,1,1
70,Mexico,1995,Americas,Government of Mexico,1,1,4,1,4,0,0,1,1,1,1,1,17,22,25.1,1,1
70,Mexico,1996,Americas,Government of Mexico,1,2,43,1,43,0,0,0,0,0,0,0,0,43,25.1,1,1
70,Mexico,1997,Americas,Government of Mexico,1,1,10,1,10,0,0,0,0,0,1,2,48,58,25.1,1,1
70,Mexico,1998,Americas,Government of Mexico,1,1,6,1,6,0,0,0,0,0,1,1,1,7,25.1,1,0
70,Mexico,1999,Americas,Government of Mexico,0,0,0,0,0,0,0,0,0,0,0,0,0,0,25.1,0,0
70,Mexico,2000,Americas,Government of Mexico,0,0,0,0,0,0,0,0,0,0,0,0,0,0,25.1,0,0
70,Mexico,2001,Americas,Government of Mexico,0,0,0,0,0,0,0,0,0,0,0,0,0,0,25.1,0,1
70,Mexico,2002,Americas,Government of Mexico,0,0,0,0,0,0,0,1,2,27,1,1,0,27,25.1,1,0
70,Mexico,2003,Americas,Government of Mexico,0,0,0,0,0,0,0,0,0,0,0,0,0,0,25.1,0,1
70,Mexico,2004,Americas,Government of Mexico,0,0,0,0,0,0,0,1,4,219,1,1,1,220,25.1,1,1
70,Mexico,2005,Americas,Government of Mexico,0,0,0,0,0,0,0,1,2,204,0,0,0,204,25.1,1,1
70,Mexico,2006,Americas,Government of Mexico,0,0,0,0,0,0,0,1,3,669,1,1,1,670,25.1,1,1
70,Mexico,2007,Americas,Government of Mexico,0,0,0,0,0,0,0,1,3,1939,1,2,7,1946,25.1,1,1
70,Mexico,2008,Americas,Government of Mexico,0,0,0,0,0,0,0,1,5,3737,1,1,6,3743,25.1,1,1
70,Mexico,2009,Americas,Government of Mexico,0,0,0,0,0,0,0,1,3,5599,1,2,8,5607,25.1,1,1
70,Mexico,2010,Americas,Government of Mexico,0,0,0,0,0,0,0,1,11,6122,1,3,93,6215,25.1,1,1
70,Mexico,2011,Americas,Government of Mexico,0,0,0,0,0,0,0,1,8,4568,1,2,377,4945,25.1,1,1
70,Mexico,2012,Americas,Government of Mexico,0,0,0,0,0,0,0,1,11,5908,1,4,58,5966,25.1,1,1
70,Mexico,2013,Americas,Government of Mexico,0,0,0,0,0,0,0,1,9,4454,1,3,24,4478,25.1,1,1
70,Mexico,2014,Americas,Government of Mexico,0,0,0,0,0,0,0,1,15,3319,1,3,38,3357,25.1,1,1
70,Mexico,2015,Americas,Government of Mexico,0,0,0,0,0,0,0,1,15,4511,1,3,16,4527,25.1,1,1
70,Mexico,2016,Americas,Government of Mexico,0,0,0,0,0,0,0,1,12,4304,1,2,2,4306,25.1,1,1
70,Mexico,2017,Americas,Government of Mexico,0,0,0,0,0,0,0,1,12,9716,1,2,9,9725,25.1,1,1
70,Mexico,2018,Americas,Government of Mexico,0,0,0,0,0,0,0,1,19,11224,1,5,23,11247,25.1,1,1
70,Mexico,2019,Americas,Government of Mexico,0,0,0,0,0,0,0,1,21,10479,1,4,7,10486,25.1,1,1
70,Mexico,2020,Americas,Government of Mexico,0,0,0,0,0,0,0,1,22,13420,1,4,11,13431,25.1,1,1
70,Mexico,2021,Americas,Government of Mexico,0,0,0,0,0,0,0,1,24,15063,1,4,56,15119,25.1,1,1
70,Mexico,2022,Americas,Government of Mexico,0,0,0,0,0,0,0,1,20,12469,1,4,86,12555,25.1,1,1
70,Mexico,2023,Americas,Government of Mexico,0,0,0,0,0,0,0,1,17,10851,1,2,48,10899,25.1,1,1
80,Belize,1989,Americas,Government of Belize,0,0,0,0,0,0,0,0,0,0,0,0,0,0,25.1,0,0
80,Belize,1990,Americas,Government of Belize,0,0,0,0,0,0,0,0,0,0,0,0,0,0,25.1,0,0
80,Belize,1991,Americas,Government of Belize,0,0,0,0,0,0,0,0,0,0,0,0,0,0,25.1,0,0
80,Belize,1992,Americas,Government of Belize,0,0,0,0,0,0,0,0,0,0,0,0,0,0,25.1,0,0
80,Belize,1993,Americas,Government of Belize,0,0,0,0,0,0,0,0,0,0,0,0,0,0,25.1,0,0
80,Belize,1994,Americas,Government of Belize,0,0,0,0,0,0,0,0,0,0,0,0,0,0,25.1,0,0
80,Belize,1995,Americas,Government of Belize,0,0,0,0,0,0,0,0,0,0,0,0,0,0,25.1,0,0
80,Belize,1996,Americas,Government of Belize,0,0,0,0,0,0,0,0,0,0,0,0,0,0,25.1,0,0
80,Belize,1997,Americas,Government of Belize,0,0,0,0,0,0,0,0,0,0,0,0,0,0,25.1,0,0
80,Belize,1998,Americas,Government of Belize,0,0,0,0,0,0,0,0,0,0,0,0,0,0,25.1,0,0
80,Belize,1999,Americas,Government of Belize,0,0,0,0,0,0,0,0,0,0,0,0,0,0,25.1,0,0
80,Belize,2000,Americas,Government of Belize,0,0,0,0,0,0,0,0,0,0,0,0,0,0,25.1,0,0
80,Belize,2001,Americas,Government of Belize,0,0,0,0,0,0,0,0,0,0,0,0,0,0,25.1,0,0
80,Belize,2002,Americas,Government of Belize,0,0,0,0,0,0,0,0,0,0,0,0,0,0,25.1,0,0
80,Belize,2003,Americas,Government of Belize,0,0,0,0,0,0,0,0,0,0,0,0,0,0,25.1,0,0
80,Belize,2004,Americas,Government of Belize,0,0,0,0,0,0,0,0,0,0,0,0,0,0,25.1,0,0
80,Belize,2005,Americas,Government of Belize,0,0,0,0,0,0,0,0,0,0,0,0,0,0,25.1,0,0
80,Belize,2006,Americas,Government of Belize,0,0,0,0,0,0,0,0,0,0,0,0,0,0,25.1,0,0
80,Belize,2007,Americas,Government of Belize,0,0,0,0,0,0,0,0,0,0,0,0,0,0,25.1,0,0
80,Belize,2008,Americas,Government of Belize,0,0,0,0,0,0,0,0,0,0,0,0,0,0,25.1,0,0
80,Belize,2009,Americas,Government of Belize,0,0,0,0,0,0,0,0,0,0,0,0,0,0,25.1,0,0
80,Belize,2010,Americas,Government of Belize,0,0,0,0,0,0,0,0,0,0,0,0,0,0,25.1,0,0
80,Belize,2011,Americas,Government of Belize,0,0,0,0,0,0,0,0,0,0,0,0,0,0,25.1,0,0
80,Belize,2012,Americas,Government of Belize,0,0,0,0,0,0,0,0,0,0,0,0,0,0,25.1,0,0
80,Belize,2013,Americas,Government of Belize,0,0,0,0,0,0,0,0,0,0,0,0,0,0,25.1,0,0
80,Belize,2014,Americas,Government of Belize,0,0,0,0,0,0,0,0,0,0,0,0,0,0,25.1,0,0
80,Belize,2015,Americas,Government of Belize,0,0,0,0,0,0,0,0,0,0,0,0,0,0,25.1,0,0
80,Belize,2016,Americas,Government of Belize,0,0,0,0,0,0,0,0,0,0,0,0,0,0,25.1,0,0
80,Belize,2017,Americas,Government of Belize,0,0,0,0,0,0,0,0,0,0,0,0,0,0,25.1,0,0
80,Belize,2018,Americas,Government of Belize,0,0,0,0,0,0,0,0,0,0,0,0,0,0,25.1,0,0
80,Belize,2019,Americas,Government of Belize,0,0,0,0,0,0,0,0,0,0,0,0,0,0,25.1,0,0
80,Belize,2020,Americas,Government of Belize,0,0,0,0,0,0,0,0,0,0,0,0,0,0,25.1,0,0
80,Belize,2021,Americas,Government of Belize,0,0,0,0,0,0,0,0,0,0,0,0,0,0,25.1,0,0
80,Belize,2022,Americas,Government of Belize,0,0,0,0,0,0,0,0,0,0,0,0,0,0,25.1,0,0
80,Belize,2023,Americas,Government of Belize,0,0,0,0,0,0,0,0,0,0,0,0,0,0,25.1,0,0
90,Guatemala,1989,Americas,Government of Guatemala,1,1,82,1,82,0,0,0,0,0,1,1,409,491,25.1,1,1
90,Guatemala,1990,Americas,Government of Guatemala,1,1,83,1,83,0,0,0,0,0,1,1,598,681,25.1,1,1
90,Guatemala,1991,Americas,Government of Guatemala,1,1,72,1,72,0,0,0,0,0,1,1,354,426,25.1,1,1
90,Guatemala,1992,Americas,Government of Guatemala,1,1,67,1,67,0,0,0,0,0,1,1,326,393,25.1,1,1
90,Guatemala,1993,Americas,Government of Guatemala,1,1,58,1,58,0,0,0,0,0,1,1,160,218,25.1,1,1
90,Guatemala,1994,Americas,Government of Guatemala,1,1,37,1,37,0,0,0,0,0,1,1,250,287,25.1,1,1
90,Guatemala,1995,Americas,Government of Guatemala,1,1,27,1,27,0,0,0,0,0,1,1,95,122,25.1,1,1
90,Guatemala,1996,Americas,Government of Guatemala,1,1,13,1,13,0,0,0,0,0,1,1,7,20,25.1,1,1
90,Guatemala,1997,Americas,Government of Guatemala,0,0,0,0,0,0,0,0,0,0,1,1,2,2,25.1,1,1
90,Guatemala,1998,Americas,Government of Guatemala,0,0,0,0,0,0,0,0,0,0,1,1,1,1,25.1,1,0
90,Guatemala,1999,Americas,Government of Guatemala,0,0,0,0,0,0,0,0,0,0,0,0,0,0,25.1,0,1
90,Guatemala,2000,Americas,Government of Guatemala,0,0,0,0,0,0,0,0,0,0,1,1,0,0,25.1,1,1
90,Guatemala,2001,Americas,Government of Guatemala,0,0,0,0,0,0,0,1,1,5,0,0,0,5,25.1,1,1
90,Guatemala,2002,Americas,Government of Guatemala,0,0,0,0,0,0,0,0,0,0,1,1,2,2,25.1,1,0
90,Guatemala,2003,Americas,Government of Guatemala,0,0,0,0,0,0,0,0,0,0,0,0,0,0,25.1,0,1
90,Guatemala,2004,Americas,Government of Guatemala,0,0,0,0,0,0,0,0,0,0,1,1,1,1,25.1,1,1
90,Guatemala,2005,Americas,Government of Guatemala,0,0,0,0,0,0,0,1,1,56,1,1,2,58,25.1,1,0
90,Guatemala,2006,Americas,Government of Guatemala,0,0,0,0,0,0,0,0,0,0,0,0,0,0,25.1,0,1
90,Guatemala,2007,Americas,Government of Guatemala,0,0,0,0,0,0,0,0,0,0,1,2,6,6,25.1,1,1
90,Guatemala,2008,Americas,Government of Guatemala,0,0,0,0,0,0,0,1,2,41,0,0,0,41,25.1,1,1
90,Guatemala,2009,Americas,Government of Guatemala,0,0,0,0,0,0,0,1,1,1,0,0,0,1,25.1,1,0
90,Guatemala,2010,Americas,Government of Guatemala,0,0,0,0,0,0,0,0,0,0,0,0,0,0,25.1,0,1
90,Guatemala,2011,Americas,Government of Guatemala,0,0,0,0,0,0,0,0,0,0,1,2,36,36,25.1,1,0
90,Guatemala,2012,Americas,Government of Guatemala,0,0,0,0,0,0,0,0,0,0,0,0,0,0,25.1,0,0
90,Guatemala,2013,Americas,Government of Guatemala,0,0,0,0,0,0,0,0,0,0,0,0,0,0,25.1,0,0
90,Guatemala,2014,Americas,Government of Guatemala,0,0,0,0,0,0,0,0,0,0,0,0,0,0,25.1,0,1
90,Guatemala,2015,Americas,Government of Guatemala,0,0,0,0,0,0,0,1,1,24,0,0,0,24,25.1,1,1
90,Guatemala,2016,Americas,Government of Guatemala,0,0,0,0,0,0,0,0,0,0,1,1,2,2,25.1,1,0
90,Guatemala,2017,Americas,Government of Guatemala,0,0,0,0,0,0,0,0,0,0,0,0,0,0,25.1,0,0
90,Guatemala,2018,Americas,Government of Guatemala,0,0,0,0,0,0,0,0,0,0,0,0,0,0,25.1,0,0
90,Guatemala,2019,Americas,Government of Guatemala,0,0,0,0,0,0,0,0,0,0,0,0,0,0,25.1,0,0
90,Guatemala,2020,Americas,Government of Guatemala,0,0,0,0,0,0,0,0,0,0,0,0,0,0,25.1,0,1
90,Guatemala,2021,Americas,Government of Guatemala,0,0,0,0,0,0,0,0,0,0,1,1,1,1,25.1,1,1
90,Guatemala,2022,Americas,Government of Guatemala,0,0,0,0,0,0,0,1,1,12,1,1,1,13,25.1,1,1
90,Guatemala,2023,Americas,Government of Guatemala,0,0,0,0,0,0,0,1,1,6,1,1,4,10,25.1,1,1
91,Honduras,1989,Americas,Government of Honduras,0,0,0,0,0,0,0,0,0,0,0,0,0,0,25.1,0,0
91,Honduras,1990,Americas,Government of Honduras,0,0,0,0,0,0,0,0,0,0,0,0,0,0,25.1,0,0
91,Honduras,1991,Americas,Government of Honduras,0,0,0,0,0,0,0,0,0,0,0,0,0,0,25.1,0,0
91,Honduras,1992,Americas,Government of Honduras,0,0,0,0,0,0,0,0,0,0,0,0,0,0,25.1,0,0
91,Honduras,1993,Americas,Government of Honduras,0,0,0,0,0,0,0,0,0,0,0,0,0,0,25.1,0,0
91,Honduras,1994,Americas,Government of Honduras,0,0,0,0,0,0,0,0,0,0,0,0,0,0,25.1,0,0
91,Honduras,1995,Americas,Government of Honduras,0,0,0,0,0,0,0,0,0,0,0,0,0,0,25.1,0,0
91,Honduras,1996,Americas,Government of Honduras,0,0,0,0,0,0,0,0,0,0,0,0,0,0,25.1,0,0
91,Honduras,1997,Americas,Government of Honduras,0,0,0,0,0,0,0,0,0,0,0,0,0,0,25.1,0,0
91,Honduras,1998,Americas,Government of Honduras,0,0,0,0,0,0,0,0,0,0,0,0,0,0,25.1,0,1
91,Honduras,1999,Americas,Government of Honduras,0,0,0,0,0,0,0,1,1,9,0,0,0,9,25.1,1,1
91,Honduras,2000,Americas,Government of Honduras,0,0,0,0,0,0,0,1,1,6,0,0,0,6,25.1,1,0
91,Honduras,2001,Americas,Government of Honduras,0,0,0,0,0,0,0,0,0,0,0,0,0,0,25.1,0,1
91,Honduras,2002,Americas,Government of Honduras,0,0,0,0,0,0,0,1,1,1,0,0,0,1,25.1,1,1
91,Honduras,2003,Americas,Government of Honduras,0,0,0,0,0,0,0,1,1,17,1,1,23,40,25.1,1,1
91,Honduras,2004,Americas,Government of Honduras,0,0,0,0,0,0,0,1,1,2,1,1,28,30,25.1,1,0
91,Honduras,2005,Americas,Government of Honduras,0,0,0,0,0,0,0,0,0,0,0,0,0,0,25.1,0,0
91,Honduras,2006,Americas,Government of Honduras,0,0,0,0,0,0,0,0,0,0,0,0,0,0,25.1,0,0
91,Honduras,2007,Americas,Government of Honduras,0,0,0,0,0,0,0,0,0,0,0,0,0,0,25.1,0,0
91,Honduras,2008,Americas,Government of Honduras,0,0,0,0,0,0,0,0,0,0,0,0,0,0,25.1,0,0
91,Honduras,2009,Americas,Government of Honduras,0,0,0,0,0,0,0,0,0,0,0,0,0,0,25.1,0,1
91,Honduras,2010,Americas,Government of Honduras,0,0,0,0,0,0,0,1,2,44,0,0,0,44,25.1,1,0
91,Honduras,2011,Americas,Government of Honduras,0,0,0,0,0,0,0,0,0,0,0,0,0,0,25.1,0,1
91,Honduras,2012,Americas,Government of Honduras,0,0,0,0,0,0,0,1,1,18,0,0,0,18,25.1,1,1
91,Honduras,2013,Americas,Government of Honduras,0,0,0,0,0,0,0,1,1,6,0,0,0,6,25.1,1,1
91,Honduras,2014,Americas,Government of Honduras,0,0,0,0,0,0,0,1,1,21,0,0,0,21,25.1,1,1
91,Honduras,2015,Americas,Government of Honduras,0,0,0,0,0,0,0,1,1,68,1,1,3,71,25.1,1,1
91,Honduras,2016,Americas,Government of Honduras,0,0,0,0,0,0,0,1,1,10,0,0,0,10,25.1,1,0
91,Honduras,2017,Americas,Government of Honduras,0,0,0,0,0,0,0,0,0,0,0,0,0,0,25.1,0,1
91,Honduras,2018,Americas,Government of Honduras,0,0,0,0,0,0,0,1,1,1,1,1,1,2,25.1,1,1
91,Honduras,2019,Americas,Government of Honduras,0,0,0,0,0,0,0,1,1,36,1,1,4,40,25.1,1,1
91,Honduras,2020,Americas,Government of Honduras,0,0,0,0,0,0,0,1,1,1,0,0,0,1,25.1,1,1
91,Honduras,2021,Americas,Government of Honduras,0,0,0,0,0,0,0,1,1,5,1,1,5,10,25.1,1,1
91,Honduras,2022,Americas,Government of Honduras,0,0,0,0,0,0,0,1,1,1,1,1,5,6,25.1,1,1
91,Honduras,2023,Americas,Government of Honduras,0,0,0,0,0,0,0,1,1,102,1,1,3,105,25.1,1,1
92,El Salvador,1989,Americas,Government of El Salvador,1,1,4924,1,4924,0,0,0,0,0,0,0,0,4924,25.1,1,1
92,El Salvador,1990,Americas,Government of El Salvador,1,1,849,1,849,0,0,0,0,0,0,0,0,849,25.1,1,1
92,El Salvador,1991,Americas,Government of El Salvador,1,1,88,1,88,0,0,0,0,0,0,0,0,88,25.1,1,1
92,El Salvador,1992,Americas,Government of El Salvador,1,1,4,1,4,0,0,0,0,0,0,0,0,4,25.1,1,0
92,El Salvador,1993,Americas,Government of El Salvador,0,0,0,0,0,0,0,0,0,0,0,0,0,0,25.1,0,0
92,El Salvador,1994,Americas,Government of El Salvador,0,0,0,0,0,0,0,0,0,0,0,0,0,0,25.1,0,0
92,El Salvador,1995,Americas,Government of El Salvador,0,0,0,0,0,0,0,0,0,0,0,0,0,0,25.1,0,0
92,El Salvador,1996,Americas,Government of El Salvador,0,0,0,0,0,0,0,0,0,0,0,0,0,0,25.1,0,0
92,El Salvador,1997,Americas,Government of El Salvador,0,0,0,0,0,0,0,0,0,0,0,0,0,0,25.1,0,0
92,El Salvador,1998,Americas,Government of El Salvador,0,0,0,0,0,0,0,0,0,0,0,0,0,0,25.1,0,0
92,El Salvador,1999,Americas,Government of El Salvador,0,0,0,0,0,0,0,0,0,0,0,0,0,0,25.1,0,0
92,El Salvador,2000,Americas,Government of El Salvador,0,0,0,0,0,0,0,0,0,0,0,0,0,0,25.1,0,0
92,El Salvador,2001,Americas,Government of El Salvador,0,0,0,0,0,0,0,0,0,0,0,0,0,0,25.1,0,0
92,El Salvador,2002,Americas,Government of El Salvador,0,0,0,0,0,0,0,0,0,0,0,0,0,0,25.1,0,0
92,El Salvador,2003,Americas,Government of El Salvador,0,0,0,0,0,0,0,0,0,0,0,0,0,0,25.1,0,1
92,El Salvador,2004,Americas,Government of El Salvador,0,0,0,0,0,0,0,1,1,34,0,0,0,34,25.1,1,0
92,El Salvador,2005,Americas,Government of El Salvador,0,0,0,0,0,0,0,0,0,0,0,0,0,0,25.1,0,0
92,El Salvador,2006,Americas,Government of El Salvador,0,0,0,0,0,0,0,0,0,0,0,0,0,0,25.1,0,0
92,El Salvador,2007,Americas,Government of El Salvador,0,0,0,0,0,0,0,0,0,0,0,0,0,0,25.1,0,0
92,El Salvador,2008,Americas,Government of El Salvador,0,0,0,0,0,0,0,0,0,0,0,0,0,0,25.1,0,1
92,El Salvador,2009,Americas,Government of El Salvador,0,0,0,0,0,0,0,0,0,0,1,1,5,5,25.1,1,1
92,El Salvador,2010,Americas,Government of El Salvador,0,0,0,0,0,0,0,0,0,0,1,1,2,2,25.1,1,0
92,El Salvador,2011,Americas,Government of El Salvador,0,0,0,0,0,0,0,0,0,0,0,0,0,0,25.1,0,0
92,El Salvador,2012,Americas,Government of El Salvador,0,0,0,0,0,0,0,0,0,0,0,0,0,0,25.1,0,0
92,El Salvador,2013,Americas,Government of El Salvador,0,0,0,0,0,0,0,0,0,0,0,0,0,0,25.1,0,0
92,El Salvador,2014,Americas,Government of El Salvador,0,0,0,0,0,0,0,0,0,0,0,0,0,0,25.1,0,1
92,El Salvador,2015,Americas,Government of El Salvador,0,0,0,0,0,0,0,0,0,0,1,1,1,1,25.1,1,0
92,El Salvador,2016,Americas,Government of El Salvador,0,0,0,0,0,0,0,0,0,0,0,0,0,0,25.1,0,1
92,El Salvador,2017,Americas,Government of El Salvador,0,0,0,0,0,0,0,0,0,0,1,1,1,1,25.1,1,0
92,El Salvador,2018,Americas,Government of El Salvador,0,0,0,0,0,0,0,0,0,0,0,0,0,0,25.1,0,1
92,El Salvador,2019,Americas,Government of El Salvador,0,0,0,0,0,0,0,0,0,0,1,1,1,1,25.1,1,0
92,El Salvador,2020,Americas,Government of El Salvador,0,0,0,0,0,0,0,0,0,0,0,0,0,0,25.1,0,1
92,El Salvador,2021,Americas,Government of El Salvador,0,0,0,0,0,0,0,0,0,0,1,1,9,9,25.1,1,1
92,El Salvador,2022,Americas,Government of El Salvador,0,0,0,0,0,0,0,0,0,0,1,1,88,88,25.1,1,0
92,El Salvador,2023,Americas,Government of El Salvador,0,0,0,0,0,0,0,0,0,0,0,0,0,0,25.1,0,0
93,Nicaragua,1989,Americas,Government of Nicaragua,1,1,526,1,526,0,0,0,0,0,0,0,0,526,25.1,1,1
93,Nicaragua,1990,Americas,Government of Nicaragua,1,1,39,1,39,0,0,0,0,0,0,0,0,39,25.1,1,0
93,Nicaragua,1991,Americas,Government of Nicaragua,0,0,0,0,0,0,0,0,0,0,0,0,0,0,25.1,0,0
93,Nicaragua,1992,Americas,Government of Nicaragua,0,0,0,0,0,0,0,0,0,0,0,0,0,0,25.1,0,0
93,Nicaragua,1993,Americas,Government of Nicaragua,0,0,0,0,0,0,0,0,0,0,0,0,0,0,25.1,0,0
93,Nicaragua,1994,Americas,Government of Nicaragua,0,0,0,0,0,0,0,0,0,0,0,0,0,0,25.1,0,0
93,Nicaragua,1995,Americas,Government of Nicaragua,0,0,0,0,0,0,0,0,0,0,0,0,0,0,25.1,0,0
93,Nicaragua,1996,Americas,Government of Nicaragua,0,0,0,0,0,0,0,0,0,0,0,0,0,0,25.1,0,0
93,Nicaragua,1997,Americas,Government of Nicaragua,0,0,0,0,0,0,0,0,0,0,0,0,0,0,25.1,0,0
93,Nicaragua,1998,Americas,Government of Nicaragua,0,0,0,0,0,0,0,0,0,0,0,0,0,0,25.1,0,0
93,Nicaragua,1999,Americas,Government of Nicaragua,0,0,0,0,0,0,0,0,0,0,0,0,0,0,25.1,0,0
93,Nicaragua,2000,Americas,Government of Nicaragua,0,0,0,0,0,0,0,0,0,0,0,0,0,0,25.1,0,0
93,Nicaragua,2001,Americas,Government of Nicaragua,0,0,0,0,0,0,0,0,0,0,0,0,0,0,25.1,0,0
93,Nicaragua,2002,Americas,Government of Nicaragua,0,0,0,0,0,0,0,0,0,0,0,0,0,0,25.1,0,0
93,Nicaragua,2003,Americas,Government of Nicaragua,0,0,0,0,0,0,0,0,0,0,0,0,0,0,25.1,0,0
93,Nicaragua,2004,Americas,Government of Nicaragua,0,0,0,0,0,0,0,0,0,0,0,0,0,0,25.1,0,0
93,Nicaragua,2005,Americas,Government of Nicaragua,0,0,0,0,0,0,0,0,0,0,0,0,0,0,25.1,0,0
93,Nicaragua,2006,Americas,Government of Nicaragua,0,0,0,0,0,0,0,0,0,0,0,0,0,0,25.1,0,0
93,Nicaragua,2007,Americas,Government of Nicaragua,0,0,0,0,0,0,0,0,0,0,0,0,0,0,25.1,0,0
93,Nicaragua,2008,Americas,Government of Nicaragua,0,0,0,0,0,0,0,0,0,0,0,0,0,0,25.1,0,0
93,Nicaragua,2009,Americas,Government of Nicaragua,0,0,0,0,0,0,0,0,0,0,0,0,0,0,25.1,0,0
93,Nicaragua,2010,Americas,Government of Nicaragua,0,0,0,0,0,0,0,0,0,0,0,0,0,0,25.1,0,0
93,Nicaragua,2011,Americas,Government of Nicaragua,0,0,0,0,0,0,0,0,0,0,0,0,0,0,25.1,0,0
93,Nicaragua,2012,Americas,Government of Nicaragua,0,0,0,0,0,0,0,0,0,0,0,0,0,0,25.1,0,0
93,Nicaragua,2013,Americas,Government of Nicaragua,0,0,0,0,0,0,0,0,0,0,0,0,0,0,25.1,0,0
93,Nicaragua,2014,Americas,Government of Nicaragua,0,0,0,0,0,0,0,0,0,0,0,0,0,0,25.1,0,0
93,Nicaragua,2015,Americas,Government of Nicaragua,0,0,0,0,0,0,0,0,0,0,0,0,0,0,25.1,0,0
93,Nicaragua,2016,Americas,Government of Nicaragua,0,0,0,0,0,0,0,0,0,0,0,0,0,0,25.1,0,0
93,Nicaragua,2017,Americas,Government of Nicaragua,0,0,0,0,0,0,0,0,0,0,0,0,0,0,25.1,0,0
93,Nicaragua,2018,Americas,Government of Nicaragua,0,0,0,0,0,0,0,0,0,0,0,0,0,0,25.1,0,0
93,Nicaragua,2019,Americas,Government of Nicaragua,0,0,0,0,0,0,0,0,0,0,0,0,0,0,25.1,0,0
93,Nicaragua,2020,Americas,Government of Nicaragua,0,0,0,0,0,0,0,0,0,0,0,0,0,0,25.1,0,0
93,Nicaragua,2021,Americas,Government of Nicaragua,0,0,0,0,0,0,0,0,0,0,0,0,0,0,25.1,0,0
93,Nicaragua,2022,Americas,Government of Nicaragua,0,0,0,0,0,0,0,0,0,0,0,0,0,0,25.1,0,0
93,Nicaragua,2023,Americas,Government of Nicaragua,0,0,0,0,0,0,0,0,0,0,0,0,0,0,25.1,0,0
94,Costa Rica,1989,Americas,Government of Costa Rica,0,0,0,0,0,0,0,0,0,0,0,0,0,0,25.1,0,0
94,Costa Rica,1990,Americas,Government of Costa Rica,0,0,0,0,0,0,0,0,0,0,0,0,0,0,25.1,0,0
94,Costa Rica,1991,Americas,Government of Costa Rica,0,0,0,0,0,0,0,0,0,0,0,0,0,0,25.1,0,0
94,Costa Rica,1992,Americas,Government of Costa Rica,0,0,0,0,0,0,0,0,0,0,0,0,0,0,25.1,0,0
94,Costa Rica,1993,Americas,Government of Costa Rica,0,0,0,0,0,0,0,0,0,0,0,0,0,0,25.1,0,0
94,Costa Rica,1994,Americas,Government of Costa Rica,0,0,0,0,0,0,0,0,0,0,0,0,0,0,25.1,0,0
94,Costa Rica,1995,Americas,Government of Costa Rica,0,0,0,0,0,0,0,0,0,0,0,0,0,0,25.1,0,0
94,Costa Rica,1996,Americas,Government of Costa Rica,0,0,0,0,0,0,0,0,0,0,0,0,0,0,25.1,0,0
94,Costa Rica,1997,Americas,Government of Costa Rica,0,0,0,0,0,0,0,0,0,0,0,0,0,0,25.1,0,0
94,Costa Rica,1998,Americas,Government of Costa Rica,0,0,0,0,0,0,0,0,0,0,0,0,0,0,25.1,0,0
94,Costa Rica,1999,Americas,Government of Costa Rica,0,0,0,0,0,0,0,0,0,0,0,0,0,0,25.1,0,0
94,Costa Rica,2000,Americas,Government of Costa Rica,0,0,0,0,0,0,0,0,0,0,0,0,0,0,25.1,0,0
94,Costa Rica,2001,Americas,Government of Costa Rica,0,0,0,0,0,0,0,0,0,0,0,0,0,0,25.1,0,0
94,Costa Rica,2002,Americas,Government of Costa Rica,0,0,0,0,0,0,0,0,0,0,0,0,0,0,25.1,0,0
94,Costa Rica,2003,Americas,Government of Costa Rica,0,0,0,0,0,0,0,0,0,0,0,0,0,0,25.1,0,0
94,Costa Rica,2004,Americas,Government of Costa Rica,0,0,0,0,0,0,0,0,0,0,0,0,0,0,25.1,0,0
94,Costa Rica,2005,Americas,Government of Costa Rica,0,0,0,0,0,0,0,0,0,0,0,0,0,0,25.1,0,0
94,Costa Rica,2006,Americas,Government of Costa Rica,0,0,0,0,0,0,0,0,0,0,0,0,0,0,25.1,0,0
94,Costa Rica,2007,Americas,Government of Costa Rica,0,0,0,0,0,0,0,0,0,0,0,0,0,0,25.1,0,0
94,Costa Rica,2008,Americas,Government of Costa Rica,0,0,0,0,0,0,0,0,0,0,0,0,0,0,25.1,0,0
94,Costa Rica,2009,Americas,Government of Costa Rica,0,0,0,0,0,0,0,0,0,0,0,0,0,0,25.1,0,0
94,Costa Rica,2010,Americas,Government of Costa Rica,0,0,0,0,0,0,0,0,0,0,0,0,0,0,25.1,0,0
94,Costa Rica,2011,Americas,Government of Costa Rica,0,0,0,0,0,0,0,0,0,0,0,0,0,0,25.1,0,0
94,Costa Rica,2012,Americas,Government of Costa Rica,0,0,0,0,0,0,0,0,0,0,0,0,0,0,25.1,0,0
94,Costa Rica,2013,Americas,Government of Costa Rica,0,0,0,0,0,0,0,0,0,0,0,0,0,0,25.1,0,0
94,Costa Rica,2014,Americas,Government of Costa Rica,0,0,0,0,0,0,0,0,0,0,0,0,0,0,25.1,0,0
94,Costa Rica,2015,Americas,Government of Costa Rica,0,0,0,0,0,0,0,0,0,0,0,0,0,0,25.1,0,0
94,Costa Rica,2016,Americas,Government of Costa Rica,0,0,0,0,0,0,0,0,0,0,0,0,0,0,25.1,0,0
94,Costa Rica,2017,Americas,Government of Costa Rica,0,0,0,0,0,0,0,0,0,0,0,0,0,0,25.1,0,0
94,Costa Rica,2018,Americas,Government of Costa Rica,0,0,0,0,0,0,0,0,0,0,0,0,0,0,25.1,0,0
94,Costa Rica,2019,Americas,Government of Costa Rica,0,0,0,0,0,0,0,0,0,0,0,0,0,0,25.1,0,0
94,Costa Rica,2020,Americas,Government of Costa Rica,0,0,0,0,0,0,0,0,0,0,0,0,0,0,25.1,0,0
94,Costa Rica,2021,Americas,Government of Costa Rica,0,0,0,0,0,0,0,0,0,0,0,0,0,0,25.1,0,0
94,Costa Rica,2022,Americas,Government of Costa Rica,0,0,0,0,0,0,0,0,0,0,0,0,0,0,25.1,0,0
94,Costa Rica,2023,Americas,Government of Costa Rica,0,0,0,0,0,0,0,0,0,0,0,0,0,0,25.1,0,0
95,Panama,1989,Americas,Government of Panama,1,2,920,1,77,1,843,0,0,0,0,0,0,920,25.1,1,0
95,Panama,1990,Americas,Government of Panama,0,0,0,0,0,0,0,0,0,0,0,0,0,0,25.1,0,0
95,Panama,1991,Americas,Government of Panama,0,0,0,0,0,0,0,0,0,0,0,0,0,0,25.1,0,0
95,Panama,1992,Americas,Government of Panama,0,0,0,0,0,0,0,0,0,0,0,0,0,0,25.1,0,0
95,Panama,1993,Americas,Government of Panama,0,0,0,0,0,0,0,0,0,0,0,0,0,0,25.1,0,0
95,Panama,1994,Americas,Government of Panama,0,0,0,0,0,0,0,0,0,0,0,0,0,0,25.1,0,0
95,Panama,1995,Americas,Government of Panama,0,0,0,0,0,0,0,0,0,0,0,0,0,0,25.1,0,0
95,Panama,1996,Americas,Government of Panama,0,0,0,0,0,0,0,0,0,0,0,0,0,0,25.1,0,0
95,Panama,1997,Americas,Government of Panama,0,0,0,0,0,0,0,0,0,0,0,0,0,0,25.1,0,0
95,Panama,1998,Americas,Government of Panama,0,0,0,0,0,0,0,0,0,0,0,0,0,0,25.1,0,0
95,Panama,1999,Americas,Government of Panama,0,0,0,0,0,0,0,0,0,0,0,0,0,0,25.1,0,0
95,Panama,2000,Americas,Government of Panama,0,0,0,0,0,0,0,0,0,0,0,0,0,0,25.1,0,0
95,Panama,2001,Americas,Government of Panama,0,0,0,0,0,0,0,0,0,0,0,0,0,0,25.1,0,0
95,Panama,2002,Americas,Government of Panama,0,0,0,0,0,0,0,0,0,0,0,0,0,0,25.1,0,0
95,Panama,2003,Americas,Government of Panama,0,0,0,0,0,0,0,0,0,0,0,0,0,0,25.1,0,0
95,Panama,2004,Americas,Government of Panama,0,0,0,0,0,0,0,0,0,0,0,0,0,0,25.1,0,0
95,Panama,2005,Americas,Government of Panama,0,0,0,0,0,0,0,0,0,0,0,0,0,0,25.1,0,0
95,Panama,2006,Americas,Government of Panama,0,0,0,0,0,0,0,0,0,0,0,0,0,0,25.1,0,0
95,Panama,2007,Americas,Government of Panama,0,0,0,0,0,0,0,0,0,0,0,0,0,0,25.1,0,0
95,Panama,2008,Americas,Government of Panama,0,0,0,0,0,0,0,0,0,0,0,0,0,0,25.1,0,1
95,Panama,2009,Americas,Government of Panama,0,0,0,0,0,0,0,0,0,0,1,1,1,1,25.1,1,0
95,Panama,2010,Americas,Government of Panama,0,0,0,0,0,0,0,0,0,0,0,0,0,0,25.1,0,0
95,Panama,2011,Americas,Government of Panama,0,0,0,0,0,0,0,0,0,0,0,0,0,0,25.1,0,0
95,Panama,2012,Americas,Government of Panama,0,0,0,0,0,0,0,0,0,0,0,0,0,0,25.1,0,0
95,Panama,2013,Americas,Government of Panama,0,0,0,0,0,0,0,0,0,0,0,0,0,0,25.1,0,0
95,Panama,2014,Americas,Government of Panama,0,0,0,0,0,0,0,0,0,0,0,0,0,0,25.1,0,0
95,Panama,2015,Americas,Government of Panama,0,0,0,0,0,0,0,0,0,0,0,0,0,0,25.1,0,0
95,Panama,2016,Americas,Government of Panama,0,0,0,0,0,0,0,0,0,0,0,0,0,0,25.1,0,0
95,Panama,2017,Americas,Government of Panama,0,0,0,0,0,0,0,0,0,0,0,0,0,0,25.1,0,0
95,Panama,2018,Americas,Government of Panama,0,0,0,0,0,0,0,0,0,0,0,0,0,0,25.1,0,0
95,Panama,2019,Americas,Government of Panama,0,0,0,0,0,0,0,0,0,0,0,0,0,0,25.1,0,0
95,Panama,2020,Americas,Government of Panama,0,0,0,0,0,0,0,0,0,0,0,0,0,0,25.1,0,0
95,Panama,2021,Americas,Government of Panama,0,0,0,0,0,0,0,0,0,0,0,0,0,0,25.1,0,0
95,Panama,2022,Americas,Government of Panama,0,0,0,0,0,0,0,0,0,0,0,0,0,0,25.1,0,0
95,Panama,2023,Americas,Government of Panama,0,0,0,0,0,0,0,0,0,0,0,0,0,0,25.1,0,0
100,Colombia,1989,Americas,Government of Colombia,1,3,238,1,238,0,0,0,0,0,1,5,146,384,25.1,1,1
100,Colombia,1990,Americas,Government of Colombia,1,3,501,1,501,0,0,1,1,41,1,5,170,712,25.1,1,1
100,Colombia,1991,Americas,Government of Colombia,1,3,731,1,731,0,0,0,0,0,1,5,141,872,25.1,1,1
100,Colombia,1992,Americas,Government of Colombia,1,2,1479,1,1479,0,0,0,0,0,1,4,21,1500,25.1,1,1
100,Colombia,1993,Americas,Government of Colombia,1,3,186,1,186,0,0,1,1,45,1,5,71,302,25.1,1,1
100,Colombia,1994,Americas,Government of Colombia,1,3,1132,1,1132,0,0,0,0,0,1,4,79,1211,25.1,1,1
100,Colombia,1995,Americas,Government of Colombia,1,2,823,1,823,0,0,0,0,0,1,4,120,943,25.1,1,1
100,Colombia,1996,Americas,Government of Colombia,1,3,1195,1,1195,0,0,0,0,0,1,3,206,1401,25.1,1,1
100,Colombia,1997,Americas,Government of Colombia,1,3,561,1,561,0,0,1,2,64,1,4,266,891,25.1,1,1
100,Colombia,1998,Americas,Government of Colombia,1,3,940,1,940,0,0,1,2,189,1,4,517,1646,25.1,1,1
100,Colombia,1999,Americas,Government of Colombia,1,3,1588,1,1588,0,0,1,2,151,1,5,899,2638,25.1,1,1
100,Colombia,2000,Americas,Government of Colombia,1,3,1879,1,1879,0,0,1,4,447,1,5,2062,4388,25.1,1,1
100,Colombia,2001,Americas,Government of Colombia,1,3,1879,1,1879,0,0,1,3,724,1,4,2008,4611,25.1,1,1
100,Colombia,2002,Americas,Government of Colombia,1,3,3387,1,3387,0,0,1,4,944,1,5,1681,6012,25.1,1,1
100,Colombia,2003,Americas,Government of Colombia,1,3,2098,1,2098,0,0,1,5,293,1,6,2287,4678,25.1,1,1
100,Colombia,2004,Americas,Government of Colombia,1,3,1360,1,1360,0,0,1,3,301,1,6,1719,3380,25.1,1,1
100,Colombia,2005,Americas,Government of Colombia,1,4,1577,1,1577,0,0,1,2,234,1,5,1077,2888,25.1,1,1
100,Colombia,2006,Americas,Government of Colombia,1,3,509,1,509,0,0,1,1,5,1,6,431,945,25.1,1,1
100,Colombia,2007,Americas,Government of Colombia,1,3,331,1,331,0,0,0,0,0,1,7,352,683,25.1,1,1
100,Colombia,2008,Americas,Government of Colombia,1,2,232,1,232,0,0,0,0,0,1,6,411,643,25.1,1,1
100,Colombia,2009,Americas,Government of Colombia,1,2,391,1,391,0,0,0,0,0,1,4,110,501,25.1,1,1
100,Colombia,2010,Americas,Government of Colombia,1,2,419,1,419,0,0,0,0,0,1,1,23,442,25.1,1,1
100,Colombia,2011,Americas,Government of Colombia,1,1,202,1,202,0,0,0,0,0,1,2,25,227,25.1,1,1
100,Colombia,2012,Americas,Government of Colombia,1,1,211,1,211,0,0,0,0,0,1,3,16,227,25.1,1,1
100,Colombia,2013,Americas,Government of Colombia,1,2,140,1,140,0,0,0,0,0,0,0,0,140,25.1,1,1
100,Colombia,2014,Americas,Government of Colombia,1,2,141,1,141,0,0,0,0,0,1,4,16,157,25.1,1,1
100,Colombia,2015,Americas,Government of Colombia,1,3,139,1,139,0,0,0,0,0,1,3,5,144,25.1,1,1
100,Colombia,2016,Americas,Government of Colombia,1,3,35,1,35,0,0,0,0,0,1,4,50,85,25.1,1,1
100,Colombia,2017,Americas,Government of Colombia,1,2,23,1,23,0,0,1,1,3,1,6,81,107,25.1,1,1
100,Colombia,2018,Americas,Government of Colombia,1,3,132,1,132,0,0,1,1,1,1,6,120,253,25.1,1,1
100,Colombia,2019,Americas,Government of Colombia,1,4,126,1,126,0,0,1,2,18,1,7,75,219,25.1,1,1
100,Colombia,2020,Americas,Government of Colombia,1,5,47,1,47,0,0,1,2,3,1,8,146,196,25.1,1,1
100,Colombia,2021,Americas,Government of Colombia,1,3,131,1,131,0,0,1,2,13,1,6,147,291,25.1,1,1
100,Colombia,2022,Americas,Government of Colombia,1,3,133,1,133,0,0,1,2,75,1,7,152,360,25.1,1,1
100,Colombia,2023,Americas,Government of Colombia,1,3,92,1,92,0,0,1,5,140,1,6,302,534,25.1,1,1
101,Venezuela,1989,Americas,Government of Venezuela,0,0,0,0,0,0,0,0,0,0,1,1,58,58,25.1,1,1
101,Venezuela,1990,Americas,Government of Venezuela,0,0,0,0,0,0,0,0,0,0,1,1,64,64,25.1,1,1
101,Venezuela,1991,Americas,Government of Venezuela,0,0,0,0,0,0,0,0,0,0,1,1,30,30,25.1,1,1
101,Venezuela,1992,Americas,Government of Venezuela,1,1,144,1,144,0,0,0,0,0,1,1,79,223,25.1,1,1
101,Venezuela,1993,Americas,Government of Venezuela,0,0,0,0,0,0,0,0,0,0,1,1,63,63,25.1,1,1
101,Venezuela,1994,Americas,Government of Venezuela,0,0,0,0,0,0,0,1,1,127,1,1,37,164,25.1,1,1
101,Venezuela,1995,Americas,Government of Venezuela,0,0,0,0,0,0,0,0,0,0,1,2,28,28,25.1,1,1
101,Venezuela,1996,Americas,Government of Venezuela,0,0,0,0,0,0,0,0,0,0,1,1,33,33,25.1,1,1
101,Venezuela,1997,Americas,Government of Venezuela,0,0,0,0,0,0,0,1,1,30,1,1,3,33,25.1,1,1
101,Venezuela,1998,Americas,Government of Venezuela,0,0,0,0,0,0,0,0,0,0,1,1,10,10,25.1,1,1
101,Venezuela,1999,Americas,Government of Venezuela,0,0,0,0,0,0,0,0,0,0,1,1,26,26,25.1,1,1
101,Venezuela,2000,Americas,Government of Venezuela,0,0,0,0,0,0,0,0,0,0,1,3,27,27,25.1,1,1
101,Venezuela,2001,Americas,Government of Venezuela,0,0,0,0,0,0,0,0,0,0,1,1,27,27,25.1,1,1
101,Venezuela,2002,Americas,Government of Venezuela,0,0,0,0,0,0,0,1,1,7,1,1,20,27,25.1,1,1
101,Venezuela,2003,Americas,Government of Venezuela,0,0,0,0,0,0,0,0,0,0,1,1,25,25,25.1,1,1
101,Venezuela,2004,Americas,Government of Venezuela,0,0,0,0,0,0,0,0,0,0,1,1,31,31,25.1,1,1
101,Venezuela,2005,Americas,Government of Venezuela,0,0,0,0,0,0,0,0,0,0,1,1,30,30,25.1,1,1
101,Venezuela,2006,Americas,Government of Venezuela,0,0,0,0,0,0,0,0,0,0,1,1,22,22,25.1,1,1
101,Venezuela,2007,Americas,Government of Venezuela,1,1,2,1,2,0,0,0,0,0,1,1,15,17,25.1,1,1
101,Venezuela,2008,Americas,Government of Venezuela,0,0,0,0,0,0,0,0,0,0,1,1,27,27,25.1,1,1
101,Venezuela,2009,Americas,Government of Venezuela,0,0,0,0,0,0,0,0,0,0,1,1,27,27,25.1,1,1
101,Venezuela,2010,Americas,Government of Venezuela,0,0,0,0,0,0,0,0,0,0,1,1,23,23,25.1,1,1
101,Venezuela,2011,Americas,Government of Venezuela,0,0,0,0,0,0,0,0,0,0,1,1,11,11,25.1,1,1
101,Venezuela,2012,Americas,Government of Venezuela,0,0,0,0,0,0,0,1,1,25,1,1,8,33,25.1,1,1
101,Venezuela,2013,Americas,Government of Venezuela,0,0,0,0,0,0,0,0,0,0,1,1,9,9,25.1,1,1
101,Venezuela,2014,Americas,Government of Venezuela,0,0,0,0,0,0,0,0,0,0,1,2,49,49,25.1,1,1
101,Venezuela,2015,Americas,Government of Venezuela,0,0,0,0,0,0,0,0,0,0,1,1,32,32,25.1,1,1
101,Venezuela,2016,Americas,Government of Venezuela,0,0,0,0,0,0,0,0,0,0,1,1,60,60,25.1,1,1
101,Venezuela,2017,Americas,Government of Venezuela,0,0,0,0,0,0,0,0,0,0,1,1,76,76,25.1,1,1
101,Venezuela,2018,Americas,Government of Venezuela,0,0,0,0,0,0,0,0,0,0,1,2,94,94,25.1,1,1
101,Venezuela,2019,Americas,Government of Venezuela,0,0,0,0,0,0,0,0,0,0,1,2,83,83,25.1,1,1
101,Venezuela,2020,Americas,Government of Venezuela,0,0,0,0,0,0,0,0,0,0,1,1,5,5,25.1,1,1
101,Venezuela,2021,Americas,Government of Venezuela,1,1,1,1,1,0,0,1,1,7,1,3,12,20,25.1,1,1
101,Venezuela,2022,Americas,Government of Venezuela,1,1,0,1,0,0,0,1,1,9,1,3,30,39,25.1,1,1
101,Venezuela,2023,Americas,Government of Venezuela,0,0,0,0,0,0,0,0,0,0,1,3,16,16,25.1,1,1
110,Guyana,1989,Americas,Government of Guyana,0,0,0,0,0,0,0,0,0,0,0,0,0,0,25.1,0,0
110,Guyana,1990,Americas,Government of Guyana,0,0,0,0,0,0,0,0,0,0,0,0,0,0,25.1,0,0
110,Guyana,1991,Americas,Government of Guyana,0,0,0,0,0,0,0,0,0,0,0,0,0,0,25.1,0,0
110,Guyana,1992,Americas,Government of Guyana,0,0,0,0,0,0,0,0,0,0,0,0,0,0,25.1,0,0
110,Guyana,1993,Americas,Government of Guyana,0,0,0,0,0,0,0,0,0,0,0,0,0,0,25.1,0,0
110,Guyana,1994,Americas,Government of Guyana,0,0,0,0,0,0,0,0,0,0,0,0,0,0,25.1,0,0
110,Guyana,1995,Americas,Government of Guyana,0,0,0,0,0,0,0,0,0,0,0,0,0,0,25.1,0,0
110,Guyana,1996,Americas,Government of Guyana,0,0,0,0,0,0,0,0,0,0,0,0,0,0,25.1,0,0
110,Guyana,1997,Americas,Government of Guyana,0,0,0,0,0,0,0,0,0,0,0,0,0,0,25.1,0,0
110,Guyana,1998,Americas,Government of Guyana,0,0,0,0,0,0,0,0,0,0,0,0,0,0,25.1,0,0
110,Guyana,1999,Americas,Government of Guyana,0,0,0,0,0,0,0,0,0,0,0,0,0,0,25.1,0,0
110,Guyana,2000,Americas,Government of Guyana,0,0,0,0,0,0,0,0,0,0,0,0,0,0,25.1,0,0
110,Guyana,2001,Americas,Government of Guyana,0,0,0,0,0,0,0,0,0,0,0,0,0,0,25.1,0,0
110,Guyana,2002,Americas,Government of Guyana,0,0,0,0,0,0,0,0,0,0,0,0,0,0,25.1,0,0
110,Guyana,2003,Americas,Government of Guyana,0,0,0,0,0,0,0,0,0,0,0,0,0,0,25.1,0,0
110,Guyana,2004,Americas,Government of Guyana,0,0,0,0,0,0,0,0,0,0,0,0,0,0,25.1,0,0
110,Guyana,2005,Americas,Government of Guyana,0,0,0,0,0,0,0,0,0,0,0,0,0,0,25.1,0,0
110,Guyana,2006,Americas,Government of Guyana,0,0,0,0,0,0,0,0,0,0,0,0,0,0,25.1,0,0
110,Guyana,2007,Americas,Government of Guyana,0,0,0,0,0,0,0,0,0,0,0,0,0,0,25.1,0,1
110,Guyana,2008,Americas,Government of Guyana,0,0,0,0,0,0,0,0,0,0,1,1,29,29,25.1,1,0
110,Guyana,2009,Americas,Government of Guyana,0,0,0,0,0,0,0,0,0,0,0,0,0,0,25.1,0,0
110,Guyana,2010,Americas,Government of Guyana,0,0,0,0,0,0,0,0,0,0,0,0,0,0,25.1,0,0
110,Guyana,2011,Americas,Government of Guyana,0,0,0,0,0,0,0,0,0,0,0,0,0,0,25.1,0,0
110,Guyana,2012,Americas,Government of Guyana,0,0,0,0,0,0,0,0,0,0,0,0,0,0,25.1,0,0
110,Guyana,2013,Americas,Government of Guyana,0,0,0,0,0,0,0,0,0,0,0,0,0,0,25.1,0,0
110,Guyana,2014,Americas,Government of Guyana,0,0,0,0,0,0,0,0,0,0,0,0,0,0,25.1,0,0
110,Guyana,2015,Americas,Government of Guyana,0,0,0,0,0,0,0,0,0,0,0,0,0,0,25.1,0,0
110,Guyana,2016,Americas,Government of Guyana,0,0,0,0,0,0,0,0,0,0,0,0,0,0,25.1,0,0
110,Guyana,2017,Americas,Government of Guyana,0,0,0,0,0,0,0,0,0,0,0,0,0,0,25.1,0,0
110,Guyana,2018,Americas,Government of Guyana,0,0,0,0,0,0,0,0,0,0,0,0,0,0,25.1,0,0
110,Guyana,2019,Americas,Government of Guyana,0,0,0,0,0,0,0,0,0,0,0,0,0,0,25.1,0,0
110,Guyana,2020,Americas,Government of Guyana,0,0,0,0,0,0,0,0,0,0,0,0,0,0,25.1,0,0
110,Guyana,2021,Americas,Government of Guyana,0,0,0,0,0,0,0,0,0,0,0,0,0,0,25.1,0,0
110,Guyana,2022,Americas,Government of Guyana,0,0,0,0,0,0,0,0,0,0,0,0,0,0,25.1,0,0
110,Guyana,2023,Americas,Government of Guyana,0,0,0,0,0,0,0,0,0,0,0,0,0,0,25.1,0,0
115,Suriname,1989,Americas,Government of Suriname,0,0,0,0,0,0,0,0,0,0,0,0,0,0,25.1,0,0
115,Suriname,1990,Americas,Government of Suriname,0,0,0,0,0,0,0,0,0,0,0,0,0,0,25.1,0,0
115,Suriname,1991,Americas,Government of Suriname,0,0,0,0,0,0,0,0,0,0,0,0,0,0,25.1,0,0
115,Suriname,1992,Americas,Government of Suriname,0,0,0,0,0,0,0,0,0,0,0,0,0,0,25.1,0,0
115,Suriname,1993,Americas,Government of Suriname,0,0,0,0,0,0,0,0,0,0,0,0,0,0,25.1,0,0
115,Suriname,1994,Americas,Government of Suriname,0,0,0,0,0,0,0,0,0,0,0,0,0,0,25.1,0,0
115,Suriname,1995,Americas,Government of Suriname,0,0,0,0,0,0,0,0,0,0,0,0,0,0,25.1,0,0
115,Suriname,1996,Americas,Government of Suriname,0,0,0,0,0,0,0,0,0,0,0,0,0,0,25.1,0,0
115,Suriname,1997,Americas,Government of Suriname,0,0,0,0,0,0,0,0,0,0,0,0,0,0,25.1,0,0
115,Suriname,1998,Americas,Government of Suriname,0,0,0,0,0,0,0,0,0,0,0,0,0,0,25.1,0,0
115,Suriname,1999,Americas,Government of Suriname,0,0,0,0,0,0,0,0,0,0,0,0,0,0,25.1,0,0
115,Suriname,2000,Americas,Government of Suriname,0,0,0,0,0,0,0,0,0,0,0,0,0,0,25.1,0,0
115,Suriname,2001,Americas,Government of Suriname,0,0,0,0,0,0,0,0,0,0,0,0,0,0,25.1,0,0
115,Suriname,2002,Americas,Government of Suriname,0,0,0,0,0,0,0,0,0,0,0,0,0,0,25.1,0,0
115,Suriname,2003,Americas,Government of Suriname,0,0,0,0,0,0,0,0,0,0,0,0,0,0,25.1,0,0
115,Suriname,2004,Americas,Government of Suriname,0,0,0,0,0,0,0,0,0,0,0,0,0,0,25.1,0,0
115,Suriname,2005,Americas,Government of Suriname,0,0,0,0,0,0,0,0,0,0,0,0,0,0,25.1,0,0
115,Suriname,2006,Americas,Government of Suriname,0,0,0,0,0,0,0,0,0,0,0,0,0,0,25.1,0,0
115,Suriname,2007,Americas,Government of Suriname,0,0,0,0,0,0,0,0,0,0,0,0,0,0,25.1,0,0
115,Suriname,2008,Americas,Government of Suriname,0,0,0,0,0,0,0,0,0,0,0,0,0,0,25.1,0,0
115,Suriname,2009,Americas,Government of Suriname,0,0,0,0,0,0,0,0,0,0,0,0,0,0,25.1,0,0
115,Suriname,2010,Americas,Government of Suriname,0,0,0,0,0,0,0,0,0,0,0,0,0,0,25.1,0,0
115,Suriname,2011,Americas,Government of Suriname,0,0,0,0,0,0,0,0,0,0,0,0,0,0,25.1,0,0
115,Suriname,2012,Americas,Government of Suriname,0,0,0,0,0,0,0,0,0,0,0,0,0,0,25.1,0,0
115,Suriname,2013,Americas,Government of Suriname,0,0,0,0,0,0,0,0,0,0,0,0,0,0,25.1,0,0
115,Suriname,2014,Americas,Government of Suriname,0,0,0,0,0,0,0,0,0,0,0,0,0,0,25.1,0,0
115,Suriname,2015,Americas,Government of Suriname,0,0,0,0,0,0,0,0,0,0,0,0,0,0,25.1,0,0
115,Suriname,2016,Americas,Government of Suriname,0,0,0,0,0,0,0,0,0,0,0,0,0,0,25.1,0,0
115,Suriname,2017,Americas,Government of Suriname,0,0,0,0,0,0,0,0,0,0,0,0,0,0,25.1,0,0
115,Suriname,2018,Americas,Government of Suriname,0,0,0,0,0,0,0,0,0,0,0,0,0,0,25.1,0,0
115,Suriname,2019,Americas,Government of Suriname,0,0,0,0,0,0,0,0,0,0,0,0,0,0,25.1,0,0
115,Suriname,2020,Americas,Government of Suriname,0,0,0,0,0,0,0,0,0,0,0,0,0,0,25.1,0,0
115,Suriname,2021,Americas,Government of Suriname,0,0,0,0,0,0,0,0,0,0,0,0,0,0,25.1,0,0
115,Suriname,2022,Americas,Government of Suriname,0,0,0,0,0,0,0,0,0,0,0,0,0,0,25.1,0,0
115,Suriname,2023,Americas,Government of Suriname,0,0,0,0,0,0,0,0,0,0,0,0,0,0,25.1,0,0
130,Ecuador,1989,Americas,Government of Ecuador,0,0,0,0,0,0,0,0,0,0,0,0,0,0,25.1,0,0
130,Ecuador,1990,Americas,Government of Ecuador,0,0,0,0,0,0,0,0,0,0,0,0,0,0,25.1,0,0
130,Ecuador,1991,Americas,Government of Ecuador,0,0,0,0,0,0,0,0,0,0,0,0,0,0,25.1,0,0
130,Ecuador,1992,Americas,Government of Ecuador,0,0,0,0,0,0,0,0,0,0,0,0,0,0,25.1,0,0
130,Ecuador,1993,Americas,Government of Ecuador,0,0,0,0,0,0,0,0,0,0,0,0,0,0,25.1,0,0
130,Ecuador,1994,Americas,Government of Ecuador,0,0,0,0,0,0,0,0,0,0,0,0,0,0,25.1,0,1
130,Ecuador,1995,Americas,Government of Ecuador,1,1,11,0,0,1,11,0,0,0,0,0,0,11,25.1,1,0
130,Ecuador,1996,Americas,Government of Ecuador,0,0,0,0,0,0,0,0,0,0,0,0,0,0,25.1,0,0
130,Ecuador,1997,Americas,Government of Ecuador,0,0,0,0,0,0,0,0,0,0,0,0,0,0,25.1,0,0
130,Ecuador,1998,Americas,Government of Ecuador,0,0,0,0,0,0,0,0,0,0,0,0,0,0,25.1,0,0
130,Ecuador,1999,Americas,Government of Ecuador,0,0,0,0,0,0,0,0,0,0,0,0,0,0,25.1,0,0
130,Ecuador,2000,Americas,Government of Ecuador,0,0,0,0,0,0,0,0,0,0,0,0,0,0,25.1,0,1
130,Ecuador,2001,Americas,Government of Ecuador,0,0,0,0,0,0,0,1,1,2,0,0,0,2,25.1,1,0
130,Ecuador,2002,Americas,Government of Ecuador,0,0,0,0,0,0,0,0,0,0,0,0,0,0,25.1,0,1
130,Ecuador,2003,Americas,Government of Ecuador,0,0,0,0,0,0,0,1,1,26,0,0,0,26,25.1,1,0
130,Ecuador,2004,Americas,Government of Ecuador,0,0,0,0,0,0,0,0,0,0,0,0,0,0,25.1,0,1
130,Ecuador,2005,Americas,Government of Ecuador,0,0,0,0,0,0,0,0,0,0,1,1,3,3,25.1,1,1
130,Ecuador,2006,Americas,Government of Ecuador,0,0,0,0,0,0,0,0,0,0,1,1,2,2,25.1,1,1
130,Ecuador,2007,Americas,Government of Ecuador,0,0,0,0,0,0,0,0,0,0,1,1,2,2,25.1,1,1
130,Ecuador,2008,Americas,Government of Ecuador,1,1,50,1,50,0,0,0,0,0,1,1,3,53,25.1,1,0
130,Ecuador,2009,Americas,Government of Ecuador,0,0,0,0,0,0,0,0,0,0,0,0,0,0,25.1,0,0
130,Ecuador,2010,Americas,Government of Ecuador,0,0,0,0,0,0,0,0,0,0,0,0,0,0,25.1,0,0
130,Ecuador,2011,Americas,Government of Ecuador,0,0,0,0,0,0,0,0,0,0,0,0,0,0,25.1,0,0
130,Ecuador,2012,Americas,Government of Ecuador,0,0,0,0,0,0,0,0,0,0,0,0,0,0,25.1,0,0
130,Ecuador,2013,Americas,Government of Ecuador,0,0,0,0,0,0,0,0,0,0,0,0,0,0,25.1,0,0
130,Ecuador,2014,Americas,Government of Ecuador,0,0,0,0,0,0,0,0,0,0,0,0,0,0,25.1,0,0
130,Ecuador,2015,Americas,Government of Ecuador,0,0,0,0,0,0,0,0,0,0,0,0,0,0,25.1,0,0
130,Ecuador,2016,Americas,Government of Ecuador,0,0,0,0,0,0,0,0,0,0,0,0,0,0,25.1,0,0
130,Ecuador,2017,Americas,Government of Ecuador,0,0,0,0,0,0,0,0,0,0,0,0,0,0,25.1,0,0
130,Ecuador,2018,Americas,Government of Ecuador,0,0,0,0,0,0,0,0,0,0,0,0,0,0,25.1,0,1
130,Ecuador,2019,Americas,Government of Ecuador,1,1,2,1,2,0,0,0,0,0,0,0,0,2,25.1,1,1
130,Ecuador,2020,Americas,Government of Ecuador,0,0,0,0,0,0,0,1,1,11,0,0,0,11,25.1,1,1
130,Ecuador,2021,Americas,Government of Ecuador,0,0,0,0,0,0,0,1,2,291,0,0,0,291,25.1,1,1
130,Ecuador,2022,Americas,Government of Ecuador,0,0,0,0,0,0,0,1,2,114,1,1,4,118,25.1,1,1
130,Ecuador,2023,Americas,Government of Ecuador,0,0,0,0,0,0,0,1,9,540,0,0,0,540,25.1,1,1
135,Peru,1989,Americas,Government of Peru,1,2,1827,1,1827,0,0,1,1,11,1,2,107,1945,25.1,1,1
135,Peru,1990,Americas,Government of Peru,1,2,1099,1,1099,0,0,1,1,6,1,2,123,1228,25.1,1,1
135,Peru,1991,Americas,Government of Peru,1,2,1138,1,1138,0,0,1,1,50,1,2,162,1350,25.1,1,1
135,Peru,1992,Americas,Government of Peru,1,2,1042,1,1042,0,0,0,0,0,1,2,153,1195,25.1,1,1
135,Peru,1993,Americas,Government of Peru,1,2,672,1,672,0,0,0,0,0,1,2,107,779,25.1,1,1
135,Peru,1994,Americas,Government of Peru,1,2,273,1,273,0,0,0,0,0,1,2,96,369,25.1,1,1
135,Peru,1995,Americas,Government of Peru,1,2,266,1,178,1,88,0,0,0,1,1,8,274,25.1,1,1
135,Peru,1996,Americas,Government of Peru,1,2,96,1,96,0,0,0,0,0,1,1,9,105,25.1,1,1
135,Peru,1997,Americas,Government of Peru,1,2,110,1,110,0,0,0,0,0,1,2,6,116,25.1,1,1
135,Peru,1998,Americas,Government of Peru,1,1,25,1,25,0,0,0,0,0,1,1,8,33,25.1,1,1
135,Peru,1999,Americas,Government of Peru,1,1,75,1,75,0,0,0,0,0,1,1,14,89,25.1,1,1
135,Peru,2000,Americas,Government of Peru,1,1,5,1,5,0,0,0,0,0,0,0,0,5,25.1,1,1
135,Peru,2001,Americas,Government of Peru,1,1,21,1,21,0,0,0,0,0,0,0,0,21,25.1,1,1
135,Peru,2002,Americas,Government of Peru,1,1,12,1,12,0,0,0,0,0,1,2,1,13,25.1,1,1
135,Peru,2003,Americas,Government of Peru,1,1,13,1,13,0,0,0,0,0,0,0,0,13,25.1,1,1
135,Peru,2004,Americas,Government of Peru,1,1,3,1,3,0,0,0,0,0,0,0,0,3,25.1,1,1
135,Peru,2005,Americas,Government of Peru,0,0,0,0,0,0,0,0,0,0,1,1,0,0,25.1,1,1
135,Peru,2006,Americas,Government of Peru,1,1,8,1,8,0,0,0,0,0,1,1,3,11,25.1,1,1
135,Peru,2007,Americas,Government of Peru,1,1,32,1,32,0,0,0,0,0,0,0,0,32,25.1,1,1
135,Peru,2008,Americas,Government of Peru,1,1,40,1,40,0,0,0,0,0,0,0,0,40,25.1,1,1
135,Peru,2009,Americas,Government of Peru,1,1,50,1,50,0,0,0,0,0,1,1,4,54,25.1,1,1
135,Peru,2010,Americas,Government of Peru,1,1,28,1,28,0,0,0,0,0,1,1,1,29,25.1,1,1
135,Peru,2011,Americas,Government of Peru,1,1,12,1,12,0,0,0,0,0,1,2,3,15,25.1,1,0
135,Peru,2012,Americas,Government of Peru,0,0,0,0,0,0,0,0,0,0,0,0,0,0,25.1,0,1
135,Peru,2013,Americas,Government of Peru,1,1,3,1,3,0,0,0,0,0,0,0,0,3,25.1,1,1
135,Peru,2014,Americas,Government of Peru,1,1,6,1,6,0,0,0,0,0,1,1,8,14,25.1,1,1
135,Peru,2015,Americas,Government of Peru,1,1,9,1,9,0,0,0,0,0,0,0,0,9,25.1,1,1
135,Peru,2016,Americas,Government of Peru,1,1,10,1,10,0,0,0,0,0,1,1,1,11,25.1,1,1
135,Peru,2017,Americas,Government of Peru,1,1,7,1,7,0,0,0,0,0,0,0,0,7,25.1,1,0
135,Peru,2018,Americas,Government of Peru,0,0,0,0,0,0,0,0,0,0,0,0,0,0,25.1,0,1
135,Peru,2019,Americas,Government of Peru,0,0,0,0,0,0,0,0,0,0,1,1,2,2,25.1,1,1
135,Peru,2020,Americas,Government of Peru,1,1,5,1,5,0,0,0,0,0,1,1,6,11,25.1,1,1
135,Peru,2021,Americas,Government of Peru,1,1,20,1,20,0,0,0,0,0,0,0,0,20,25.1,1,1
135,Peru,2022,Americas,Government of Peru,1,1,13,1,13,0,0,0,0,0,1,1,1,14,25.1,1,1
135,Peru,2023,Americas,Government of Peru,1,1,12,1,12,0,0,0,0,0,0,0,0,12,25.1,1,0
140,Brazil,1989,Americas,Government of Brazil,0,0,0,0,0,0,0,0,0,0,0,0,0,0,25.1,0,0
140,Brazil,1990,Americas,Government of Brazil,0,0,0,0,0,0,0,0,0,0,0,0,0,0,25.1,0,0
140,Brazil,1991,Americas,Government of Brazil,0,0,0,0,0,0,0,0,0,0,0,0,0,0,25.1,0,0
140,Brazil,1992,Americas,Government of Brazil,0,0,0,0,0,0,0,0,0,0,0,0,0,0,25.1,0,1
140,Brazil,1993,Americas,Government of Brazil,0,0,0,0,0,0,0,1,1,13,1,2,30,43,25.1,1,1
140,Brazil,1994,Americas,Government of Brazil,0,0,0,0,0,0,0,1,1,28,1,2,4,32,25.1,1,1
140,Brazil,1995,Americas,Government of Brazil,0,0,0,0,0,0,0,1,1,40,1,1,11,51,25.1,1,1
140,Brazil,1996,Americas,Government of Brazil,0,0,0,0,0,0,0,1,1,12,1,1,8,20,25.1,1,1
140,Brazil,1997,Americas,Government of Brazil,0,0,0,0,0,0,0,1,2,37,1,2,4,41,25.1,1,1
140,Brazil,1998,Americas,Government of Brazil,0,0,0,0,0,0,0,1,1,14,1,1,2,16,25.1,1,1
140,Brazil,1999,Americas,Government of Brazil,0,0,0,0,0,0,0,1,3,58,1,1,28,86,25.1,1,1
140,Brazil,2000,Americas,Government of Brazil,0,0,0,0,0,0,0,1,3,46,1,2,18,64,25.1,1,1
140,Brazil,2001,Americas,Government of Brazil,0,0,0,0,0,0,0,1,1,74,1,1,7,81,25.1,1,1
140,Brazil,2002,Americas,Government of Brazil,0,0,0,0,0,0,0,1,2,61,1,3,4,65,25.1,1,1
140,Brazil,2003,Americas,Government of Brazil,0,0,0,0,0,0,0,1,2,43,1,1,8,51,25.1,1,1
140,Brazil,2004,Americas,Government of Brazil,0,0,0,0,0,0,0,1,3,86,0,0,0,86,25.1,1,1
140,Brazil,2005,Americas,Government of Brazil,0,0,0,0,0,0,0,1,2,20,1,2,40,60,25.1,1,1
140,Brazil,2006,Americas,Government of Brazil,0,0,0,0,0,0,0,1,3,23,0,0,0,23,25.1,1,1
140,Brazil,2007,Americas,Government of Brazil,0,0,0,0,0,0,0,1,3,36,1,1,4,40,25.1,1,1
140,Brazil,2008,Americas,Government of Brazil,0,0,0,0,0,0,0,1,3,13,1,1,7,20,25.1,1,1
140,Brazil,2009,Americas,Government of Brazil,0,0,0,0,0,0,0,1,1,40,0,0,0,40,25.1,1,1
140,Brazil,2010,Americas,Government of Brazil,0,0,0,0,0,0,0,1,1,4,0,0,0,4,25.1,1,1
140,Brazil,2011,Americas,Government of Brazil,0,0,0,0,0,0,0,1,2,34,0,0,0,34,25.1,1,1
140,Brazil,2012,Americas,Government of Brazil,0,0,0,0,0,0,0,1,4,275,0,0,0,275,25.1,1,1
140,Brazil,2013,Americas,Government of Brazil,0,0,0,0,0,0,0,1,2,27,1,1,1,28,25.1,1,1
140,Brazil,2014,Americas,Government of Brazil,0,0,0,0,0,0,0,1,2,3,1,1,1,4,25.1,1,1
140,Brazil,2015,Americas,Government of Brazil,0,0,0,0,0,0,0,1,4,82,1,1,1,83,25.1,1,1
140,Brazil,2016,Americas,Government of Brazil,0,0,0,0,0,0,0,1,4,149,1,2,7,156,25.1,1,1
140,Brazil,2017,Americas,Government of Brazil,0,0,0,0,0,0,0,1,7,3052,1,3,10,3062,25.1,1,1
140,Brazil,2018,Americas,Government of Brazil,0,0,0,0,0,0,0,1,7,2652,1,4,10,2662,25.1,1,1
140,Brazil,2019,Americas,Government of Brazil,0,0,0,0,0,0,0,1,13,1683,1,5,48,1731,25.1,1,1
140,Brazil,2020,Americas,Government of Brazil,0,0,0,0,0,0,0,1,15,2636,1,4,34,2670,25.1,1,1
140,Brazil,2021,Americas,Government of Brazil,0,0,0,0,0,0,0,1,18,2576,1,5,85,2661,25.1,1,1
140,Brazil,2022,Americas,Government of Brazil,0,0,0,0,0,0,0,1,20,1558,1,5,145,1703,25.1,1,1
140,Brazil,2023,Americas,Government of Brazil,0,0,0,0,0,0,0,1,21,2304,1,5,177,2481,25.1,1,1
145,Bolivia,1989,Americas,Government of Bolivia,0,0,0,0,0,0,0,0,0,0,0,0,0,0,25.1,0,0
145,Bolivia,1990,Americas,Government of Bolivia,0,0,0,0,0,0,0,0,0,0,0,0,0,0,25.1,0,0
145,Bolivia,1991,Americas,Government of Bolivia,0,0,0,0,0,0,0,0,0,0,0,0,0,0,25.1,0,0
145,Bolivia,1992,Americas,Government of Bolivia,0,0,0,0,0,0,0,0,0,0,0,0,0,0,25.1,0,0
145,Bolivia,1993,Americas,Government of Bolivia,0,0,0,0,0,0,0,0,0,0,0,0,0,0,25.1,0,0
145,Bolivia,1994,Americas,Government of Bolivia,0,0,0,0,0,0,0,0,0,0,0,0,0,0,25.1,0,0
145,Bolivia,1995,Americas,Government of Bolivia,0,0,0,0,0,0,0,0,0,0,0,0,0,0,25.1,0,0
145,Bolivia,1996,Americas,Government of Bolivia,0,0,0,0,0,0,0,0,0,0,0,0,0,0,25.1,0,0
145,Bolivia,1997,Americas,Government of Bolivia,0,0,0,0,0,0,0,0,0,0,0,0,0,0,25.1,0,1
145,Bolivia,1998,Americas,Government of Bolivia,0,0,0,0,0,0,0,1,1,2,0,0,0,2,25.1,1,0
145,Bolivia,1999,Americas,Government of Bolivia,0,0,0,0,0,0,0,0,0,0,0,0,0,0,25.1,0,1
145,Bolivia,2000,Americas,Government of Bolivia,0,0,0,0,0,0,0,1,1,50,0,0,0,50,25.1,1,0
145,Bolivia,2001,Americas,Government of Bolivia,0,0,0,0,0,0,0,0,0,0,0,0,0,0,25.1,0,0
145,Bolivia,2002,Americas,Government of Bolivia,0,0,0,0,0,0,0,0,0,0,0,0,0,0,25.1,0,0
145,Bolivia,2003,Americas,Government of Bolivia,0,0,0,0,0,0,0,0,0,0,0,0,0,0,25.1,0,0
145,Bolivia,2004,Americas,Government of Bolivia,0,0,0,0,0,0,0,0,0,0,0,0,0,0,25.1,0,0
145,Bolivia,2005,Americas,Government of Bolivia,0,0,0,0,0,0,0,0,0,0,0,0,0,0,25.1,0,0
145,Bolivia,2006,Americas,Government of Bolivia,0,0,0,0,0,0,0,0,0,0,0,0,0,0,25.1,0,0
145,Bolivia,2007,Americas,Government of Bolivia,0,0,0,0,0,0,0,0,0,0,0,0,0,0,25.1,0,0
145,Bolivia,2008,Americas,Government of Bolivia,0,0,0,0,0,0,0,0,0,0,0,0,0,0,25.1,0,0
145,Bolivia,2009,Americas,Government of Bolivia,0,0,0,0,0,0,0,0,0,0,0,0,0,0,25.1,0,0
145,Bolivia,2010,Americas,Government of Bolivia,0,0,0,0,0,0,0,0,0,0,0,0,0,0,25.1,0,0
145,Bolivia,2011,Americas,Government of Bolivia,0,0,0,0,0,0,0,0,0,0,0,0,0,0,25.1,0,0
145,Bolivia,2012,Americas,Government of Bolivia,0,0,0,0,0,0,0,0,0,0,0,0,0,0,25.1,0,0
145,Bolivia,2013,Americas,Government of Bolivia,0,0,0,0,0,0,0,0,0,0,0,0,0,0,25.1,0,0
145,Bolivia,2014,Americas,Government of Bolivia,0,0,0,0,0,0,0,0,0,0,0,0,0,0,25.1,0,0
145,Bolivia,2015,Americas,Government of Bolivia,0,0,0,0,0,0,0,0,0,0,0,0,0,0,25.1,0,0
145,Bolivia,2016,Americas,Government of Bolivia,0,0,0,0,0,0,0,0,0,0,0,0,0,0,25.1,0,0
145,Bolivia,2017,Americas,Government of Bolivia,0,0,0,0,0,0,0,0,0,0,0,0,0,0,25.1,0,0
145,Bolivia,2018,Americas,Government of Bolivia,0,0,0,0,0,0,0,0,0,0,0,0,0,0,25.1,0,0
145,Bolivia,2019,Americas,Government of Bolivia,0,0,0,0,0,0,0,0,0,0,0,0,0,0,25.1,0,0
145,Bolivia,2020,Americas,Government of Bolivia,0,0,0,0,0,0,0,0,0,0,0,0,0,0,25.1,0,1
145,Bolivia,2021,Americas,Government of Bolivia,0,0,0,0,0,0,0,1,1,1,0,0,0,1,25.1,1,0
145,Bolivia,2022,Americas,Government of Bolivia,0,0,0,0,0,0,0,0,0,0,0,0,0,0,25.1,0,1
145,Bolivia,2023,Americas,Government of Bolivia,0,0,0,0,0,0,0,1,1,1,0,0,0,1,25.1,1,0
150,Paraguay,1989,Americas,Government of Paraguay,1,1,150,1,150,0,0,0,0,0,0,0,0,150,25.1,1,0
150,Paraguay,1990,Americas,Government of Paraguay,0,0,0,0,0,0,0,0,0,0,0,0,0,0,25.1,0,0
150,Paraguay,1991,Americas,Government of Paraguay,0,0,0,0,0,0,0,0,0,0,0,0,0,0,25.1,0,0
150,Paraguay,1992,Americas,Government of Paraguay,0,0,0,0,0,0,0,0,0,0,0,0,0,0,25.1,0,0
150,Paraguay,1993,Americas,Government of Paraguay,0,0,0,0,0,0,0,0,0,0,0,0,0,0,25.1,0,0
150,Paraguay,1994,Americas,Government of Paraguay,0,0,0,0,0,0,0,0,0,0,0,0,0,0,25.1,0,0
150,Paraguay,1995,Americas,Government of Paraguay,0,0,0,0,0,0,0,0,0,0,0,0,0,0,25.1,0,0
150,Paraguay,1996,Americas,Government of Paraguay,0,0,0,0,0,0,0,0,0,0,0,0,0,0,25.1,0,0
150,Paraguay,1997,Americas,Government of Paraguay,0,0,0,0,0,0,0,0,0,0,0,0,0,0,25.1,0,0
150,Paraguay,1998,Americas,Government of Paraguay,0,0,0,0,0,0,0,0,0,0,0,0,0,0,25.1,0,0
150,Paraguay,1999,Americas,Government of Paraguay,0,0,0,0,0,0,0,0,0,0,0,0,0,0,25.1,0,0
150,Paraguay,2000,Americas,Government of Paraguay,0,0,0,0,0,0,0,0,0,0,0,0,0,0,25.1,0,0
150,Paraguay,2001,Americas,Government of Paraguay,0,0,0,0,0,0,0,0,0,0,0,0,0,0,25.1,0,0
150,Paraguay,2002,Americas,Government of Paraguay,0,0,0,0,0,0,0,0,0,0,0,0,0,0,25.1,0,0
150,Paraguay,2003,Americas,Government of Paraguay,0,0,0,0,0,0,0,0,0,0,0,0,0,0,25.1,0,0
150,Paraguay,2004,Americas,Government of Paraguay,0,0,0,0,0,0,0,0,0,0,0,0,0,0,25.1,0,0
150,Paraguay,2005,Americas,Government of Paraguay,0,0,0,0,0,0,0,0,0,0,0,0,0,0,25.1,0,0
150,Paraguay,2006,Americas,Government of Paraguay,0,0,0,0,0,0,0,0,0,0,0,0,0,0,25.1,0,0
150,Paraguay,2007,Americas,Government of Paraguay,0,0,0,0,0,0,0,0,0,0,0,0,0,0,25.1,0,0
150,Paraguay,2008,Americas,Government of Paraguay,0,0,0,0,0,0,0,0,0,0,0,0,0,0,25.1,0,0
150,Paraguay,2009,Americas,Government of Paraguay,0,0,0,0,0,0,0,0,0,0,0,0,0,0,25.1,0,0
150,Paraguay,2010,Americas,Government of Paraguay,0,0,0,0,0,0,0,0,0,0,0,0,0,0,25.1,0,0
150,Paraguay,2011,Americas,Government of Paraguay,0,0,0,0,0,0,0,0,0,0,0,0,0,0,25.1,0,0
150,Paraguay,2012,Americas,Government of Paraguay,0,0,0,0,0,0,0,0,0,0,0,0,0,0,25.1,0,0
150,Paraguay,2013,Americas,Government of Paraguay,0,0,0,0,0,0,0,0,0,0,0,0,0,0,25.1,0,0
150,Paraguay,2014,Americas,Government of Paraguay,0,0,0,0,0,0,0,0,0,0,0,0,0,0,25.1,0,0
150,Paraguay,2015,Americas,Government of Paraguay,0,0,0,0,0,0,0,0,0,0,0,0,0,0,25.1,0,1
150,Paraguay,2016,Americas,Government of Paraguay,0,0,0,0,0,0,0,1,1,1,0,0,0,1,25.1,1,0
150,Paraguay,2017,Americas,Government of Paraguay,0,0,0,0,0,0,0,0,0,0,0,0,0,0,25.1,0,1
150,Paraguay,2018,Americas,Government of Paraguay,0,0,0,0,0,0,0,0,0,0,1,1,1,1,25.1,1,0
150,Paraguay,2019,Americas,Government of Paraguay,0,0,0,0,0,0,0,0,0,0,0,0,0,0,25.1,0,1
150,Paraguay,2020,Americas,Government of Paraguay,0,0,0,0,0,0,0,0,0,0,1,1,1,1,25.1,1,1
150,Paraguay,2021,Americas,Government of Paraguay,0,0,0,0,0,0,0,0,0,0,1,1,4,4,25.1,1,0
150,Paraguay,2022,Americas,Government of Paraguay,0,0,0,0,0,0,0,0,0,0,0,0,0,0,25.1,0,0
150,Paraguay,2023,Americas,Government of Paraguay,0,0,0,0,0,0,0,0,0,0,0,0,0,0,25.1,0,0
155,Chile,1989,Americas,Government of Chile,0,0,0,0,0,0,0,0,0,0,0,0,0,0,25.1,0,0
155,Chile,1990,Americas,Government of Chile,0,0,0,0,0,0,0,0,0,0,0,0,0,0,25.1,0,0
155,Chile,1991,Americas,Government of Chile,0,0,0,0,0,0,0,0,0,0,0,0,0,0,25.1,0,0
155,Chile,1992,Americas,Government of Chile,0,0,0,0,0,0,0,0,0,0,0,0,0,0,25.1,0,0
155,Chile,1993,Americas,Government of Chile,0,0,0,0,0,0,0,0,0,0,0,0,0,0,25.1,0,0
155,Chile,1994,Americas,Government of Chile,0,0,0,0,0,0,0,0,0,0,0,0,0,0,25.1,0,0
155,Chile,1995,Americas,Government of Chile,0,0,0,0,0,0,0,0,0,0,0,0,0,0,25.1,0,0
155,Chile,1996,Americas,Government of Chile,0,0,0,0,0,0,0,0,0,0,0,0,0,0,25.1,0,0
155,Chile,1997,Americas,Government of Chile,0,0,0,0,0,0,0,0,0,0,0,0,0,0,25.1,0,0
155,Chile,1998,Americas,Government of Chile,0,0,0,0,0,0,0,0,0,0,0,0,0,0,25.1,0,0
155,Chile,1999,Americas,Government of Chile,0,0,0,0,0,0,0,0,0,0,0,0,0,0,25.1,0,0
155,Chile,2000,Americas,Government of Chile,0,0,0,0,0,0,0,0,0,0,0,0,0,0,25.1,0,0
155,Chile,2001,Americas,Government of Chile,0,0,0,0,0,0,0,0,0,0,0,0,0,0,25.1,0,0
155,Chile,2002,Americas,Government of Chile,0,0,0,0,0,0,0,0,0,0,0,0,0,0,25.1,0,0
155,Chile,2003,Americas,Government of Chile,0,0,0,0,0,0,0,0,0,0,0,0,0,0,25.1,0,0
155,Chile,2004,Americas,Government of Chile,0,0,0,0,0,0,0,0,0,0,0,0,0,0,25.1,0,0
155,Chile,2005,Americas,Government of Chile,0,0,0,0,0,0,0,0,0,0,0,0,0,0,25.1,0,0
155,Chile,2006,Americas,Government of Chile,0,0,0,0,0,0,0,0,0,0,0,0,0,0,25.1,0,0
155,Chile,2007,Americas,Government of Chile,0,0,0,0,0,0,0,0,0,0,0,0,0,0,25.1,0,0
155,Chile,2008,Americas,Government of Chile,0,0,0,0,0,0,0,0,0,0,0,0,0,0,25.1,0,0
155,Chile,2009,Americas,Government of Chile,0,0,0,0,0,0,0,0,0,0,0,0,0,0,25.1,0,0
155,Chile,2010,Americas,Government of Chile,0,0,0,0,0,0,0,0,0,0,0,0,0,0,25.1,0,0
155,Chile,2011,Americas,Government of Chile,0,0,0,0,0,0,0,0,0,0,0,0,0,0,25.1,0,0
155,Chile,2012,Americas,Government of Chile,0,0,0,0,0,0,0,0,0,0,0,0,0,0,25.1,0,0
155,Chile,2013,Americas,Government of Chile,0,0,0,0,0,0,0,0,0,0,0,0,0,0,25.1,0,0
155,Chile,2014,Americas,Government of Chile,0,0,0,0,0,0,0,0,0,0,0,0,0,0,25.1,0,0
155,Chile,2015,Americas,Government of Chile,0,0,0,0,0,0,0,0,0,0,0,0,0,0,25.1,0,0
155,Chile,2016,Americas,Government of Chile,0,0,0,0,0,0,0,0,0,0,0,0,0,0,25.1,0,0
155,Chile,2017,Americas,Government of Chile,0,0,0,0,0,0,0,0,0,0,0,0,0,0,25.1,0,0
155,Chile,2018,Americas,Government of Chile,0,0,0,0,0,0,0,0,0,0,0,0,0,0,25.1,0,0
155,Chile,2019,Americas,Government of Chile,0,0,0,0,0,0,0,0,0,0,0,0,0,0,25.1,0,0
155,Chile,2020,Americas,Government of Chile,0,0,0,0,0,0,0,0,0,0,0,0,0,0,25.1,0,0
155,Chile,2021,Americas,Government of Chile,0,0,0,0,0,0,0,0,0,0,0,0,0,0,25.1,0,0
155,Chile,2022,Americas,Government of Chile,0,0,0,0,0,0,0,0,0,0,0,0,0,0,25.1,0,0
155,Chile,2023,Americas,Government of Chile,0,0,0,0,0,0,0,0,0,0,0,0,0,0,25.1,0,0
160,Argentina,1989,Americas,Government of Argentina,0,0,0,0,0,0,0,0,0,0,0,0,0,0,25.1,0,0
160,Argentina,1990,Americas,Government of Argentina,0,0,0,0,0,0,0,0,0,0,0,0,0,0,25.1,0,0
160,Argentina,1991,Americas,Government of Argentina,0,0,0,0,0,0,0,0,0,0,0,0,0,0,25.1,0,1
160,Argentina,1992,Americas,Government of Argentina,1,1,0,1,0,0,0,0,0,0,0,0,0,0,25.1,1,0
160,Argentina,1993,Americas,Government of Argentina,0,0,0,0,0,0,0,0,0,0,0,0,0,0,25.1,0,1
160,Argentina,1994,Americas,Government of Argentina,0,0,0,0,0,0,0,0,0,0,1,1,86,86,25.1,1,0
160,Argentina,1995,Americas,Government of Argentina,0,0,0,0,0,0,0,0,0,0,0,0,0,0,25.1,0,0
160,Argentina,1996,Americas,Government of Argentina,0,0,0,0,0,0,0,0,0,0,0,0,0,0,25.1,0,0
160,Argentina,1997,Americas,Government of Argentina,0,0,0,0,0,0,0,0,0,0,0,0,0,0,25.1,0,0
160,Argentina,1998,Americas,Government of Argentina,0,0,0,0,0,0,0,0,0,0,0,0,0,0,25.1,0,0
160,Argentina,1999,Americas,Government of Argentina,0,0,0,0,0,0,0,0,0,0,0,0,0,0,25.1,0,0
160,Argentina,2000,Americas,Government of Argentina,0,0,0,0,0,0,0,0,0,0,0,0,0,0,25.1,0,0
160,Argentina,2001,Americas,Government of Argentina,0,0,0,0,0,0,0,0,0,0,0,0,0,0,25.1,0,0
160,Argentina,2002,Americas,Government of Argentina,0,0,0,0,0,0,0,0,0,0,0,0,0,0,25.1,0,0
160,Argentina,2003,Americas,Government of Argentina,0,0,0,0,0,0,0,0,0,0,0,0,0,0,25.1,0,0
160,Argentina,2004,Americas,Government of Argentina,0,0,0,0,0,0,0,0,0,0,0,0,0,0,25.1,0,0
160,Argentina,2005,Americas,Government of Argentina,0,0,0,0,0,0,0,0,0,0,0,0,0,0,25.1,0,0
160,Argentina,2006,Americas,Government of Argentina,0,0,0,0,0,0,0,0,0,0,0,0,0,0,25.1,0,0
160,Argentina,2007,Americas,Government of Argentina,0,0,0,0,0,0,0,0,0,0,0,0,0,0,25.1,0,0
160,Argentina,2008,Americas,Government of Argentina,0,0,0,0,0,0,0,0,0,0,0,0,0,0,25.1,0,0
160,Argentina,2009,Americas,Government of Argentina,0,0,0,0,0,0,0,0,0,0,0,0,0,0,25.1,0,0
160,Argentina,2010,Americas,Government of Argentina,0,0,0,0,0,0,0,0,0,0,0,0,0,0,25.1,0,0
160,Argentina,2011,Americas,Government of Argentina,0,0,0,0,0,0,0,0,0,0,0,0,0,0,25.1,0,0
160,Argentina,2012,Americas,Government of Argentina,0,0,0,0,0,0,0,0,0,0,0,0,0,0,25.1,0,0
160,Argentina,2013,Americas,Government of Argentina,0,0,0,0,0,0,0,0,0,0,0,0,0,0,25.1,0,0
160,Argentina,2014,Americas,Government of Argentina,0,0,0,0,0,0,0,0,0,0,0,0,0,0,25.1,0,0
160,Argentina,2015,Americas,Government of Argentina,0,0,0,0,0,0,0,0,0,0,0,0,0,0,25.1,0,0
160,Argentina,2016,Americas,Government of Argentina,0,0,0,0,0,0,0,0,0,0,0,0,0,0,25.1,0,0
160,Argentina,2017,Americas,Government of Argentina,0,0,0,0,0,0,0,0,0,0,0,0,0,0,25.1,0,0
160,Argentina,2018,Americas,Government of Argentina,0,0,0,0,0,0,0,0,0,0,0,0,0,0,25.1,0,0
160,Argentina,2019,Americas,Government of Argentina,0,0,0,0,0,0,0,0,0,0,0,0,0,0,25.1,0,0
160,Argentina,2020,Americas,Government of Argentina,0,0,0,0,0,0,0,0,0,0,0,0,0,0,25.1,0,0
160,Argentina,2021,Americas,Government of Argentina,0,0,0,0,0,0,0,0,0,0,0,0,0,0,25.1,0,0
160,Argentina,2022,Americas,Government of Argentina,0,0,0,0,0,0,0,0,0,0,0,0,0,0,25.1,0,0
160,Argentina,2023,Americas,Government of Argentina,0,0,0,0,0,0,0,0,0,0,0,0,0,0,25.1,0,0
165,Uruguay,1989,Americas,Government of Uruguay,0,0,0,0,0,0,0,0,0,0,0,0,0,0,25.1,0,0
165,Uruguay,1990,Americas,Government of Uruguay,0,0,0,0,0,0,0,0,0,0,0,0,0,0,25.1,0,0
165,Uruguay,1991,Americas,Government of Uruguay,0,0,0,0,0,0,0,0,0,0,0,0,0,0,25.1,0,0
165,Uruguay,1992,Americas,Government of Uruguay,0,0,0,0,0,0,0,0,0,0,0,0,0,0,25.1,0,0
165,Uruguay,1993,Americas,Government of Uruguay,0,0,0,0,0,0,0,0,0,0,0,0,0,0,25.1,0,0
165,Uruguay,1994,Americas,Government of Uruguay,0,0,0,0,0,0,0,0,0,0,0,0,0,0,25.1,0,0
165,Uruguay,1995,Americas,Government of Uruguay,0,0,0,0,0,0,0,0,0,0,0,0,0,0,25.1,0,0
165,Uruguay,1996,Americas,Government of Uruguay,0,0,0,0,0,0,0,0,0,0,0,0,0,0,25.1,0,0
165,Uruguay,1997,Americas,Government of Uruguay,0,0,0,0,0,0,0,0,0,0,0,0,0,0,25.1,0,0
165,Uruguay,1998,Americas,Government of Uruguay,0,0,0,0,0,0,0,0,0,0,0,0,0,0,25.1,0,0
165,Uruguay,1999,Americas,Government of Uruguay,0,0,0,0,0,0,0,0,0,0,0,0,0,0,25.1,0,0
165,Uruguay,2000,Americas,Government of Uruguay,0,0,0,0,0,0,0,0,0,0,0,0,0,0,25.1,0,0
165,Uruguay,2001,Americas,Government of Uruguay,0,0,0,0,0,0,0,0,0,0,0,0,0,0,25.1,0,0
165,Uruguay,2002,Americas,Government of Uruguay,0,0,0,0,0,0,0,0,0,0,0,0,0,0,25.1,0,0
165,Uruguay,2003,Americas,Government of Uruguay,0,0,0,0,0,0,0,0,0,0,0,0,0,0,25.1,0,0
165,Uruguay,2004,Americas,Government of Uruguay,0,0,0,0,0,0,0,0,0,0,0,0,0,0,25.1,0,0
165,Uruguay,2005,Americas,Government of Uruguay,0,0,0,0,0,0,0,0,0,0,0,0,0,0,25.1,0,0
165,Uruguay,2006,Americas,Government of Uruguay,0,0,0,0,0,0,0,0,0,0,0,0,0,0,25.1,0,0
165,Uruguay,2007,Americas,Government of Uruguay,0,0,0,0,0,0,0,0,0,0,0,0,0,0,25.1,0,0
165,Uruguay,2008,Americas,Government of Uruguay,0,0,0,0,0,0,0,0,0,0,0,0,0,0,25.1,0,0
165,Uruguay,2009,Americas,Government of Uruguay,0,0,0,0,0,0,0,0,0,0,0,0,0,0,25.1,0,0
165,Uruguay,2010,Americas,Government of Uruguay,0,0,0,0,0,0,0,0,0,0,0,0,0,0,25.1,0,0
165,Uruguay,2011,Americas,Government of Uruguay,0,0,0,0,0,0,0,0,0,0,0,0,0,0,25.1,0,0
165,Uruguay,2012,Americas,Government of Uruguay,0,0,0,0,0,0,0,0,0,0,0,0,0,0,25.1,0,0
165,Uruguay,2013,Americas,Government of Uruguay,0,0,0,0,0,0,0,0,0,0,0,0,0,0,25.1,0,0
165,Uruguay,2014,Americas,Government of Uruguay,0,0,0,0,0,0,0,0,0,0,0,0,0,0,25.1,0,0
165,Uruguay,2015,Americas,Government of Uruguay,0,0,0,0,0,0,0,0,0,0,0,0,0,0,25.1,0,0
165,Uruguay,2016,Americas,Government of Uruguay,0,0,0,0,0,0,0,0,0,0,0,0,0,0,25.1,0,0
165,Uruguay,2017,Americas,Government of Uruguay,0,0,0,0,0,0,0,0,0,0,0,0,0,0,25.1,0,0
165,Uruguay,2018,Americas,Government of Uruguay,0,0,0,0,0,0,0,0,0,0,0,0,0,0,25.1,0,0
165,Uruguay,2019,Americas,Government of Uruguay,0,0,0,0,0,0,0,0,0,0,0,0,0,0,25.1,0,0
165,Uruguay,2020,Americas,Government of Uruguay,0,0,0,0,0,0,0,0,0,0,0,0,0,0,25.1,0,0
165,Uruguay,2021,Americas,Government of Uruguay,0,0,0,0,0,0,0,0,0,0,0,0,0,0,25.1,0,0
165,Uruguay,2022,Americas,Government of Uruguay,0,0,0,0,0,0,0,0,0,0,0,0,0,0,25.1,0,0
165,Uruguay,2023,Americas,Government of Uruguay,0,0,0,0,0,0,0,0,0,0,0,0,0,0,25.1,0,0
200,United Kingdom,1989,Europe,Government of United Kingdom,1,1,35,1,35,0,0,0,0,0,1,1,6,41,25.1,1,1
200,United Kingdom,1990,Europe,Government of United Kingdom,1,1,41,1,41,0,0,0,0,0,1,1,6,47,25.1,1,1
200,United Kingdom,1991,Europe,Government of United Kingdom,1,1,26,1,26,0,0,0,0,0,1,1,12,38,25.1,1,1
200,United Kingdom,1992,Europe,Government of United Kingdom,1,1,17,1,17,0,0,0,0,0,1,1,22,39,25.1,1,1
200,United Kingdom,1993,Europe,Government of United Kingdom,1,1,15,1,15,0,0,0,0,0,1,1,32,47,25.1,1,1
200,United Kingdom,1994,Europe,Government of United Kingdom,1,1,6,1,6,0,0,0,0,0,1,1,10,16,25.1,1,0
200,United Kingdom,1995,Europe,Government of United Kingdom,0,0,0,0,0,0,0,0,0,0,0,0,0,0,25.1,0,1
200,United Kingdom,1996,Europe,Government of United Kingdom,1,1,2,1,2,0,0,0,0,0,0,0,0,2,25.1,1,1
200,United Kingdom,1997,Europe,Government of United Kingdom,1,1,3,1,3,0,0,0,0,0,1,1,2,5,25.1,1,1
200,United Kingdom,1998,Europe,Government of United Kingdom,1,1,29,1,29,0,0,0,0,0,1,1,2,31,25.1,1,0
200,United Kingdom,1999,Europe,Government of United Kingdom,0,0,0,0,0,0,0,0,0,0,0,0,0,0,25.1,0,1
200,United Kingdom,2000,Europe,Government of United Kingdom,0,0,0,0,0,0,0,0,0,0,1,1,1,1,25.1,1,1
200,United Kingdom,2001,Europe,Government of United Kingdom,0,0,0,0,0,0,0,0,0,0,1,1,1,1,25.1,1,1
200,United Kingdom,2002,Europe,Government of United Kingdom,0,0,0,0,0,0,0,0,0,0,1,1,3,3,25.1,1,1
200,United Kingdom,2003,Europe,Government of United Kingdom,0,0,0,0,0,0,0,0,0,0,1,1,1,1,25.1,1,1
200,United Kingdom,2004,Europe,Government of United Kingdom,0,0,0,0,0,0,0,0,0,0,1,1,1,1,25.1,1,1
200,United Kingdom,2005,Europe,Government of United Kingdom,0,0,0,0,0,0,0,0,0,0,1,2,53,53,25.1,1,1
200,United Kingdom,2006,Europe,Government of United Kingdom,0,0,0,0,0,0,0,0,0,0,1,1,0,0,25.1,1,0
200,United Kingdom,2007,Europe,Government of United Kingdom,0,0,0,0,0,0,0,0,0,0,0,0,0,0,25.1,0,0
200,United Kingdom,2008,Europe,Government of United Kingdom,0,0,0,0,0,0,0,0,0,0,0,0,0,0,25.1,0,1
200,United Kingdom,2009,Europe,Government of United Kingdom,1,1,2,1,2,0,0,0,0,0,1,1,0,2,25.1,1,0
200,United Kingdom,2010,Europe,Government of United Kingdom,0,0,0,0,0,0,0,0,0,0,0,0,0,0,25.1,0,1
200,United Kingdom,2011,Europe,Government of United Kingdom,1,1,1,1,1,0,0,0,0,0,0,0,0,1,25.1,1,0
200,United Kingdom,2012,Europe,Government of United Kingdom,0,0,0,0,0,0,0,0,0,0,0,0,0,0,25.1,0,0
200,United Kingdom,2013,Europe,Government of United Kingdom,0,0,0,0,0,0,0,0,0,0,0,0,0,0,25.1,0,0
200,United Kingdom,2014,Europe,Government of United Kingdom,0,0,0,0,0,0,0,0,0,0,0,0,0,0,25.1,0,0
200,United Kingdom,2015,Europe,Government of United Kingdom,0,0,0,0,0,0,0,0,0,0,0,0,0,0,25.1,0,0
200,United Kingdom,2016,Europe,Government of United Kingdom,0,0,0,0,0,0,0,0,0,0,0,0,0,0,25.1,0,0
200,United Kingdom,2017,Europe,Government of United Kingdom,0,0,0,0,0,0,0,0,0,0,0,0,0,0,25.1,0,0
200,United Kingdom,2018,Europe,Government of United Kingdom,0,0,0,0,0,0,0,0,0,0,0,0,0,0,25.1,0,1
200,United Kingdom,2019,Europe,Government of United Kingdom,1,2,2,1,2,0,0,0,0,0,1,1,2,4,25.1,1,0
200,United Kingdom,2020,Europe,Government of United Kingdom,0,0,0,0,0,0,0,0,0,0,0,0,0,0,25.1,0,0
200,United Kingdom,2021,Europe,Government of United Kingdom,0,0,0,0,0,0,0,0,0,0,0,0,0,0,25.1,0,0
200,United Kingdom,2022,Europe,Government of United Kingdom,0,0,0,0,0,0,0,0,0,0,0,0,0,0,25.1,0,0
200,United Kingdom,2023,Europe,Government of United Kingdom,0,0,0,0,0,0,0,0,0,0,0,0,0,0,25.1,0,0
205,Ireland,1989,Europe,Government of Ireland,0,0,0,0,0,0,0,0,0,0,0,0,0,0,25.1,0,0
205,Ireland,1990,Europe,Government of Ireland,0,0,0,0,0,0,0,0,0,0,0,0,0,0,25.1,0,0
205,Ireland,1991,Europe,Government of Ireland,0,0,0,0,0,0,0,0,0,0,0,0,0,0,25.1,0,0
205,Ireland,1992,Europe,Government of Ireland,0,0,0,0,0,0,0,0,0,0,0,0,0,0,25.1,0,0
205,Ireland,1993,Europe,Government of Ireland,0,0,0,0,0,0,0,0,0,0,0,0,0,0,25.1,0,0
205,Ireland,1994,Europe,Government of Ireland,0,0,0,0,0,0,0,0,0,0,0,0,0,0,25.1,0,0
205,Ireland,1995,Europe,Government of Ireland,0,0,0,0,0,0,0,0,0,0,0,0,0,0,25.1,0,0
205,Ireland,1996,Europe,Government of Ireland,0,0,0,0,0,0,0,0,0,0,0,0,0,0,25.1,0,0
205,Ireland,1997,Europe,Government of Ireland,0,0,0,0,0,0,0,0,0,0,0,0,0,0,25.1,0,0
205,Ireland,1998,Europe,Government of Ireland,0,0,0,0,0,0,0,0,0,0,0,0,0,0,25.1,0,0
205,Ireland,1999,Europe,Government of Ireland,0,0,0,0,0,0,0,0,0,0,0,0,0,0,25.1,0,0
205,Ireland,2000,Europe,Government of Ireland,0,0,0,0,0,0,0,0,0,0,0,0,0,0,25.1,0,0
205,Ireland,2001,Europe,Government of Ireland,0,0,0,0,0,0,0,0,0,0,0,0,0,0,25.1,0,0
205,Ireland,2002,Europe,Government of Ireland,0,0,0,0,0,0,0,0,0,0,0,0,0,0,25.1,0,0
205,Ireland,2003,Europe,Government of Ireland,0,0,0,0,0,0,0,0,0,0,0,0,0,0,25.1,0,0
205,Ireland,2004,Europe,Government of Ireland,0,0,0,0,0,0,0,0,0,0,0,0,0,0,25.1,0,0
205,Ireland,2005,Europe,Government of Ireland,0,0,0,0,0,0,0,0,0,0,0,0,0,0,25.1,0,0
205,Ireland,2006,Europe,Government of Ireland,0,0,0,0,0,0,0,0,0,0,0,0,0,0,25.1,0,0
205,Ireland,2007,Europe,Government of Ireland,0,0,0,0,0,0,0,0,0,0,0,0,0,0,25.1,0,0
205,Ireland,2008,Europe,Government of Ireland,0,0,0,0,0,0,0,0,0,0,0,0,0,0,25.1,0,0
205,Ireland,2009,Europe,Government of Ireland,0,0,0,0,0,0,0,0,0,0,0,0,0,0,25.1,0,0
205,Ireland,2010,Europe,Government of Ireland,0,0,0,0,0,0,0,0,0,0,0,0,0,0,25.1,0,0
205,Ireland,2011,Europe,Government of Ireland,0,0,0,0,0,0,0,0,0,0,0,0,0,0,25.1,0,0
205,Ireland,2012,Europe,Government of Ireland,0,0,0,0,0,0,0,0,0,0,0,0,0,0,25.1,0,0
205,Ireland,2013,Europe,Government of Ireland,0,0,0,0,0,0,0,0,0,0,0,0,0,0,25.1,0,0
205,Ireland,2014,Europe,Government of Ireland,0,0,0,0,0,0,0,0,0,0,0,0,0,0,25.1,0,0
205,Ireland,2015,Europe,Government of Ireland,0,0,0,0,0,0,0,0,0,0,0,0,0,0,25.1,0,0
205,Ireland,2016,Europe,Government of Ireland,0,0,0,0,0,0,0,0,0,0,0,0,0,0,25.1,0,0
205,Ireland,2017,Europe,Government of Ireland,0,0,0,0,0,0,0,0,0,0,0,0,0,0,25.1,0,0
205,Ireland,2018,Europe,Government of Ireland,0,0,0,0,0,0,0,0,0,0,0,0,0,0,25.1,0,0
205,Ireland,2019,Europe,Government of Ireland,0,0,0,0,0,0,0,0,0,0,0,0,0,0,25.1,0,0
205,Ireland,2020,Europe,Government of Ireland,0,0,0,0,0,0,0,0,0,0,0,0,0,0,25.1,0,0
205,Ireland,2021,Europe,Government of Ireland,0,0,0,0,0,0,0,0,0,0,0,0,0,0,25.1,0,0
205,Ireland,2022,Europe,Government of Ireland,0,0,0,0,0,0,0,0,0,0,0,0,0,0,25.1,0,0
205,Ireland,2023,Europe,Government of Ireland,0,0,0,0,0,0,0,0,0,0,0,0,0,0,25.1,0,0
210,Netherlands,1989,Europe,Government of Netherlands,0,0,0,0,0,0,0,0,0,0,0,0,0,0,25.1,0,1
210,Netherlands,1990,Europe,Government of Netherlands,1,1,2,1,2,0,0,0,0,0,0,0,0,2,25.1,1,0
210,Netherlands,1991,Europe,Government of Netherlands,0,0,0,0,0,0,0,0,0,0,0,0,0,0,25.1,0,0
210,Netherlands,1992,Europe,Government of Netherlands,0,0,0,0,0,0,0,0,0,0,0,0,0,0,25.1,0,0
210,Netherlands,1993,Europe,Government of Netherlands,0,0,0,0,0,0,0,0,0,0,0,0,0,0,25.1,0,0
210,Netherlands,1994,Europe,Government of Netherlands,0,0,0,0,0,0,0,0,0,0,0,0,0,0,25.1,0,0
210,Netherlands,1995,Europe,Government of Netherlands,0,0,0,0,0,0,0,0,0,0,0,0,0,0,25.1,0,0
210,Netherlands,1996,Europe,Government of Netherlands,0,0,0,0,0,0,0,0,0,0,0,0,0,0,25.1,0,0
210,Netherlands,1997,Europe,Government of Netherlands,0,0,0,0,0,0,0,0,0,0,0,0,0,0,25.1,0,0
210,Netherlands,1998,Europe,Government of Netherlands,0,0,0,0,0,0,0,0,0,0,0,0,0,0,25.1,0,0
210,Netherlands,1999,Europe,Government of Netherlands,0,0,0,0,0,0,0,0,0,0,0,0,0,0,25.1,0,0
210,Netherlands,2000,Europe,Government of Netherlands,0,0,0,0,0,0,0,0,0,0,0,0,0,0,25.1,0,0
210,Netherlands,2001,Europe,Government of Netherlands,0,0,0,0,0,0,0,0,0,0,0,0,0,0,25.1,0,0
210,Netherlands,2002,Europe,Government of Netherlands,0,0,0,0,0,0,0,0,0,0,0,0,0,0,25.1,0,0
210,Netherlands,2003,Europe,Government of Netherlands,0,0,0,0,0,0,0,0,0,0,0,0,0,0,25.1,0,0
210,Netherlands,2004,Europe,Government of Netherlands,0,0,0,0,0,0,0,0,0,0,0,0,0,0,25.1,0,0
210,Netherlands,2005,Europe,Government of Netherlands,0,0,0,0,0,0,0,0,0,0,0,0,0,0,25.1,0,0
210,Netherlands,2006,Europe,Government of Netherlands,0,0,0,0,0,0,0,0,0,0,0,0,0,0,25.1,0,0
210,Netherlands,2007,Europe,Government of Netherlands,0,0,0,0,0,0,0,0,0,0,0,0,0,0,25.1,0,0
210,Netherlands,2008,Europe,Government of Netherlands,0,0,0,0,0,0,0,0,0,0,0,0,0,0,25.1,0,0
210,Netherlands,2009,Europe,Government of Netherlands,0,0,0,0,0,0,0,0,0,0,0,0,0,0,25.1,0,0
210,Netherlands,2010,Europe,Government of Netherlands,0,0,0,0,0,0,0,0,0,0,0,0,0,0,25.1,0,0
210,Netherlands,2011,Europe,Government of Netherlands,0,0,0,0,0,0,0,0,0,0,0,0,0,0,25.1,0,0
210,Netherlands,2012,Europe,Government of Netherlands,0,0,0,0,0,0,0,0,0,0,0,0,0,0,25.1,0,0
210,Netherlands,2013,Europe,Government of Netherlands,0,0,0,0,0,0,0,0,0,0,0,0,0,0,25.1,0,0
210,Netherlands,2014,Europe,Government of Netherlands,0,0,0,0,0,0,0,0,0,0,0,0,0,0,25.1,0,1
210,Netherlands,2015,Europe,Government of Netherlands,1,1,0,1,0,0,0,0,0,0,0,0,0,0,25.1,1,0
210,Netherlands,2016,Europe,Government of Netherlands,0,0,0,0,0,0,0,0,0,0,0,0,0,0,25.1,0,0
210,Netherlands,2017,Europe,Government of Netherlands,0,0,0,0,0,0,0,0,0,0,0,0,0,0,25.1,0,0
210,Netherlands,2018,Europe,Government of Netherlands,0,0,0,0,0,0,0,0,0,0,0,0,0,0,25.1,0,0
210,Netherlands,2019,Europe,Government of Netherlands,0,0,0,0,0,0,0,0,0,0,0,0,0,0,25.1,0,0
210,Netherlands,2020,Europe,Government of Netherlands,0,0,0,0,0,0,0,0,0,0,0,0,0,0,25.1,0,0
210,Netherlands,2021,Europe,Government of Netherlands,0,0,0,0,0,0,0,0,0,0,0,0,0,0,25.1,0,0
210,Netherlands,2022,Europe,Government of Netherlands,0,0,0,0,0,0,0,0,0,0,0,0,0,0,25.1,0,0
210,Netherlands,2023,Europe,Government of Netherlands,0,0,0,0,0,0,0,0,0,0,0,0,0,0,25.1,0,0
211,Belgium,1989,Europe,Government of Belgium,0,0,0,0,0,0,0,0,0,0,0,0,0,0,25.1,0,0
211,Belgium,1990,Europe,Government of Belgium,0,0,0,0,0,0,0,0,0,0,0,0,0,0,25.1,0,0
211,Belgium,1991,Europe,Government of Belgium,0,0,0,0,0,0,0,0,0,0,0,0,0,0,25.1,0,0
211,Belgium,1992,Europe,Government of Belgium,0,0,0,0,0,0,0,0,0,0,0,0,0,0,25.1,0,0
211,Belgium,1993,Europe,Government of Belgium,0,0,0,0,0,0,0,0,0,0,0,0,0,0,25.1,0,0
211,Belgium,1994,Europe,Government of Belgium,0,0,0,0,0,0,0,0,0,0,0,0,0,0,25.1,0,0
211,Belgium,1995,Europe,Government of Belgium,0,0,0,0,0,0,0,0,0,0,0,0,0,0,25.1,0,0
211,Belgium,1996,Europe,Government of Belgium,0,0,0,0,0,0,0,0,0,0,0,0,0,0,25.1,0,0
211,Belgium,1997,Europe,Government of Belgium,0,0,0,0,0,0,0,0,0,0,0,0,0,0,25.1,0,0
211,Belgium,1998,Europe,Government of Belgium,0,0,0,0,0,0,0,0,0,0,0,0,0,0,25.1,0,0
211,Belgium,1999,Europe,Government of Belgium,0,0,0,0,0,0,0,0,0,0,0,0,0,0,25.1,0,0
211,Belgium,2000,Europe,Government of Belgium,0,0,0,0,0,0,0,0,0,0,0,0,0,0,25.1,0,0
211,Belgium,2001,Europe,Government of Belgium,0,0,0,0,0,0,0,0,0,0,0,0,0,0,25.1,0,0
211,Belgium,2002,Europe,Government of Belgium,0,0,0,0,0,0,0,0,0,0,0,0,0,0,25.1,0,0
211,Belgium,2003,Europe,Government of Belgium,0,0,0,0,0,0,0,0,0,0,0,0,0,0,25.1,0,0
211,Belgium,2004,Europe,Government of Belgium,0,0,0,0,0,0,0,0,0,0,0,0,0,0,25.1,0,0
211,Belgium,2005,Europe,Government of Belgium,0,0,0,0,0,0,0,0,0,0,0,0,0,0,25.1,0,0
211,Belgium,2006,Europe,Government of Belgium,0,0,0,0,0,0,0,0,0,0,0,0,0,0,25.1,0,0
211,Belgium,2007,Europe,Government of Belgium,0,0,0,0,0,0,0,0,0,0,0,0,0,0,25.1,0,0
211,Belgium,2008,Europe,Government of Belgium,0,0,0,0,0,0,0,0,0,0,0,0,0,0,25.1,0,0
211,Belgium,2009,Europe,Government of Belgium,0,0,0,0,0,0,0,0,0,0,0,0,0,0,25.1,0,0
211,Belgium,2010,Europe,Government of Belgium,0,0,0,0,0,0,0,0,0,0,0,0,0,0,25.1,0,0
211,Belgium,2011,Europe,Government of Belgium,0,0,0,0,0,0,0,0,0,0,0,0,0,0,25.1,0,0
211,Belgium,2012,Europe,Government of Belgium,0,0,0,0,0,0,0,0,0,0,0,0,0,0,25.1,0,0
211,Belgium,2013,Europe,Government of Belgium,0,0,0,0,0,0,0,0,0,0,0,0,0,0,25.1,0,0
211,Belgium,2014,Europe,Government of Belgium,0,0,0,0,0,0,0,0,0,0,0,0,0,0,25.1,0,0
211,Belgium,2015,Europe,Government of Belgium,0,0,0,0,0,0,0,0,0,0,0,0,0,0,25.1,0,1
211,Belgium,2016,Europe,Government of Belgium,1,1,2,1,2,0,0,0,0,0,1,1,32,34,25.1,1,0
211,Belgium,2017,Europe,Government of Belgium,0,0,0,0,0,0,0,0,0,0,0,0,0,0,25.1,0,1
211,Belgium,2018,Europe,Government of Belgium,1,1,3,1,3,0,0,0,0,0,1,1,1,4,25.1,1,0
211,Belgium,2019,Europe,Government of Belgium,0,0,0,0,0,0,0,0,0,0,0,0,0,0,25.1,0,0
211,Belgium,2020,Europe,Government of Belgium,0,0,0,0,0,0,0,0,0,0,0,0,0,0,25.1,0,0
211,Belgium,2021,Europe,Government of Belgium,0,0,0,0,0,0,0,0,0,0,0,0,0,0,25.1,0,0
211,Belgium,2022,Europe,Government of Belgium,0,0,0,0,0,0,0,0,0,0,0,0,0,0,25.1,0,1
211,Belgium,2023,Europe,Government of Belgium,0,0,0,0,0,0,0,0,0,0,1,1,2,2,25.1,1,0
212,Luxembourg,1989,Europe,Government of Luxembourg,0,0,0,0,0,0,0,0,0,0,0,0,0,0,25.1,0,0
212,Luxembourg,1990,Europe,Government of Luxembourg,0,0,0,0,0,0,0,0,0,0,0,0,0,0,25.1,0,0
212,Luxembourg,1991,Europe,Government of Luxembourg,0,0,0,0,0,0,0,0,0,0,0,0,0,0,25.1,0,0
212,Luxembourg,1992,Europe,Government of Luxembourg,0,0,0,0,0,0,0,0,0,0,0,0,0,0,25.1,0,0
212,Luxembourg,1993,Europe,Government of Luxembourg,0,0,0,0,0,0,0,0,0,0,0,0,0,0,25.1,0,0
212,Luxembourg,1994,Europe,Government of Luxembourg,0,0,0,0,0,0,0,0,0,0,0,0,0,0,25.1,0,0
212,Luxembourg,1995,Europe,Government of Luxembourg,0,0,0,0,0,0,0,0,0,0,0,0,0,0,25.1,0,0
212,Luxembourg,1996,Europe,Government of Luxembourg,0,0,0,0,0,0,0,0,0,0,0,0,0,0,25.1,0,0
212,Luxembourg,1997,Europe,Government of Luxembourg,0,0,0,0,0,0,0,0,0,0,0,0,0,0,25.1,0,0
212,Luxembourg,1998,Europe,Government of Luxembourg,0,0,0,0,0,0,0,0,0,0,0,0,0,0,25.1,0,0
212,Luxembourg,1999,Europe,Government of Luxembourg,0,0,0,0,0,0,0,0,0,0,0,0,0,0,25.1,0,0
212,Luxembourg,2000,Europe,Government of Luxembourg,0,0,0,0,0,0,0,0,0,0,0,0,0,0,25.1,0,0
212,Luxembourg,2001,Europe,Government of Luxembourg,0,0,0,0,0,0,0,0,0,0,0,0,0,0,25.1,0,0
212,Luxembourg,2002,Europe,Government of Luxembourg,0,0,0,0,0,0,0,0,0,0,0,0,0,0,25.1,0,0
212,Luxembourg,2003,Europe,Government of Luxembourg,0,0,0,0,0,0,0,0,0,0,0,0,0,0,25.1,0,0
212,Luxembourg,2004,Europe,Government of Luxembourg,0,0,0,0,0,0,0,0,0,0,0,0,0,0,25.1,0,0
212,Luxembourg,2005,Europe,Government of Luxembourg,0,0,0,0,0,0,0,0,0,0,0,0,0,0,25.1,0,0
212,Luxembourg,2006,Europe,Government of Luxembourg,0,0,0,0,0,0,0,0,0,0,0,0,0,0,25.1,0,0
212,Luxembourg,2007,Europe,Government of Luxembourg,0,0,0,0,0,0,0,0,0,0,0,0,0,0,25.1,0,0
212,Luxembourg,2008,Europe,Government of Luxembourg,0,0,0,0,0,0,0,0,0,0,0,0,0,0,25.1,0,0
212,Luxembourg,2009,Europe,Government of Luxembourg,0,0,0,0,0,0,0,0,0,0,0,0,0,0,25.1,0,0
212,Luxembourg,2010,Europe,Government of Luxembourg,0,0,0,0,0,0,0,0,0,0,0,0,0,0,25.1,0,0
212,Luxembourg,2011,Europe,Government of Luxembourg,0,0,0,0,0,0,0,0,0,0,0,0,0,0,25.1,0,0
212,Luxembourg,2012,Europe,Government of Luxembourg,0,0,0,0,0,0,0,0,0,0,0,0,0,0,25.1,0,0
212,Luxembourg,2013,Europe,Government of Luxembourg,0,0,0,0,0,0,0,0,0,0,0,0,0,0,25.1,0,0
212,Luxembourg,2014,Europe,Government of Luxembourg,0,0,0,0,0,0,0,0,0,0,0,0,0,0,25.1,0,0
212,Luxembourg,2015,Europe,Government of Luxembourg,0,0,0,0,0,0,0,0,0,0,0,0,0,0,25.1,0,0
212,Luxembourg,2016,Europe,Government of Luxembourg,0,0,0,0,0,0,0,0,0,0,0,0,0,0,25.1,0,0
212,Luxembourg,2017,Europe,Government of Luxembourg,0,0,0,0,0,0,0,0,0,0,0,0,0,0,25.1,0,0
212,Luxembourg,2018,Europe,Government of Luxembourg,0,0,0,0,0,0,0,0,0,0,0,0,0,0,25.1,0,0
212,Luxembourg,2019,Europe,Government of Luxembourg,0,0,0,0,0,0,0,0,0,0,0,0,0,0,25.1,0,0
212,Luxembourg,2020,Europe,Government of Luxembourg,0,0,0,0,0,0,0,0,0,0,0,0,0,0,25.1,0,0
212,Luxembourg,2021,Europe,Government of Luxembourg,0,0,0,0,0,0,0,0,0,0,0,0,0,0,25.1,0,0
212,Luxembourg,2022,Europe,Government of Luxembourg,0,0,0,0,0,0,0,0,0,0,0,0,0,0,25.1,0,0
212,Luxembourg,2023,Europe,Government of Luxembourg,0,0,0,0,0,0,0,0,0,0,0,0,0,0,25.1,0,0
220,France,1989,Europe,Government of France,0,0,0,0,0,0,0,0,0,0,0,0,0,0,25.1,0,0
220,France,1990,Europe,Government of France,0,0,0,0,0,0,0,0,0,0,0,0,0,0,25.1,0,0
220,France,1991,Europe,Government of France,0,0,0,0,0,0,0,0,0,0,0,0,0,0,25.1,0,1
220,France,1992,Europe,Government of France,1,1,0,1,0,0,0,0,0,0,0,0,0,0,25.1,1,0
220,France,1993,Europe,Government of France,0,0,0,0,0,0,0,0,0,0,0,0,0,0,25.1,0,0
220,France,1994,Europe,Government of France,0,0,0,0,0,0,0,0,0,0,0,0,0,0,25.1,0,1
220,France,1995,Europe,Government of France,0,0,0,0,0,0,0,0,0,0,1,1,8,8,25.1,1,1
220,France,1996,Europe,Government of France,1,1,0,1,0,0,0,0,0,0,0,0,0,0,25.1,1,0
220,France,1997,Europe,Government of France,0,0,0,0,0,0,0,0,0,0,0,0,0,0,25.1,0,0
220,France,1998,Europe,Government of France,0,0,0,0,0,0,0,0,0,0,0,0,0,0,25.1,0,0
220,France,1999,Europe,Government of France,0,0,0,0,0,0,0,0,0,0,0,0,0,0,25.1,0,0
220,France,2000,Europe,Government of France,0,0,0,0,0,0,0,0,0,0,0,0,0,0,25.1,0,0
220,France,2001,Europe,Government of France,0,0,0,0,0,0,0,0,0,0,0,0,0,0,25.1,0,0
220,France,2002,Europe,Government of France,0,0,0,0,0,0,0,0,0,0,0,0,0,0,25.1,0,0
220,France,2003,Europe,Government of France,0,0,0,0,0,0,0,0,0,0,0,0,0,0,25.1,0,0
220,France,2004,Europe,Government of France,0,0,0,0,0,0,0,0,0,0,0,0,0,0,25.1,0,0
220,France,2005,Europe,Government of France,0,0,0,0,0,0,0,0,0,0,0,0,0,0,25.1,0,0
220,France,2006,Europe,Government of France,0,0,0,0,0,0,0,0,0,0,0,0,0,0,25.1,0,1
220,France,2007,Europe,Government of France,1,1,2,1,2,0,0,0,0,0,0,0,0,2,25.1,1,0
220,France,2008,Europe,Government of France,0,0,0,0,0,0,0,0,0,0,0,0,0,0,25.1,0,0
220,France,2009,Europe,Government of France,0,0,0,0,0,0,0,0,0,0,0,0,0,0,25.1,0,0
220,France,2010,Europe,Government of France,0,0,0,0,0,0,0,0,0,0,0,0,0,0,25.1,0,0
220,France,2011,Europe,Government of France,0,0,0,0,0,0,0,0,0,0,0,0,0,0,25.1,0,1
220,France,2012,Europe,Government of France,0,0,0,0,0,0,0,0,0,0,1,1,4,4,25.1,1,0
220,France,2013,Europe,Government of France,0,0,0,0,0,0,0,0,0,0,0,0,0,0,25.1,0,0
220,France,2014,Europe,Government of France,0,0,0,0,0,0,0,0,0,0,0,0,0,0,25.1,0,1
220,France,2015,Europe,Government of France,1,1,3,1,3,0,0,0,0,0,1,1,130,133,25.1,1,1
220,France,2016,Europe,Government of France,0,0,0,0,0,0,0,0,0,0,1,1,87,87,25.1,1,1
220,France,2017,Europe,Government of France,1,1,2,1,2,0,0,0,0,0,0,0,0,2,25.1,1,1
220,France,2018,Europe,Government of France,1,1,4,1,4,0,0,0,0,0,1,1,9,13,25.1,1,0
220,France,2019,Europe,Government of France,0,0,0,0,0,0,0,0,0,0,0,0,0,0,25.1,0,0
220,France,2020,Europe,Government of France,0,0,0,0,0,0,0,0,0,0,0,0,0,0,25.1,0,0
220,France,2021,Europe,Government of France,0,0,0,0,0,0,0,0,0,0,0,0,0,0,25.1,0,0
220,France,2022,Europe,Government of France,0,0,0,0,0,0,0,0,0,0,0,0,0,0,25.1,0,1
220,France,2023,Europe,Government of France,0,0,0,0,0,0,0,1,1,47,1,1,1,48,25.1,1,1
221,Monaco,1989,Europe,Government of Monaco,0,0,0,0,0,0,0,0,0,0,0,0,0,0,25.1,0,0
221,Monaco,1990,Europe,Government of Monaco,0,0,0,0,0,0,0,0,0,0,0,0,0,0,25.1,0,0
221,Monaco,1991,Europe,Government of Monaco,0,0,0,0,0,0,0,0,0,0,0,0,0,0,25.1,0,0
221,Monaco,1992,Europe,Government of Monaco,0,0,0,0,0,0,0,0,0,0,0,0,0,0,25.1,0,0
221,Monaco,1993,Europe,Government of Monaco,0,0,0,0,0,0,0,0,0,0,0,0,0,0,25.1,0,0
221,Monaco,1994,Europe,Government of Monaco,0,0,0,0,0,0,0,0,0,0,0,0,0,0,25.1,0,0
221,Monaco,1995,Europe,Government of Monaco,0,0,0,0,0,0,0,0,0,0,0,0,0,0,25.1,0,0
221,Monaco,1996,Europe,Government of Monaco,0,0,0,0,0,0,0,0,0,0,0,0,0,0,25.1,0,0
221,Monaco,1997,Europe,Government of Monaco,0,0,0,0,0,0,0,0,0,0,0,0,0,0,25.1,0,0
221,Monaco,1998,Europe,Government of Monaco,0,0,0,0,0,0,0,0,0,0,0,0,0,0,25.1,0,0
221,Monaco,1999,Europe,Government of Monaco,0,0,0,0,0,0,0,0,0,0,0,0,0,0,25.1,0,0
221,Monaco,2000,Europe,Government of Monaco,0,0,0,0,0,0,0,0,0,0,0,0,0,0,25.1,0,0
221,Monaco,2001,Europe,Government of Monaco,0,0,0,0,0,0,0,0,0,0,0,0,0,0,25.1,0,0
221,Monaco,2002,Europe,Government of Monaco,0,0,0,0,0,0,0,0,0,0,0,0,0,0,25.1,0,0
221,Monaco,2003,Europe,Government of Monaco,0,0,0,0,0,0,0,0,0,0,0,0,0,0,25.1,0,0
221,Monaco,2004,Europe,Government of Monaco,0,0,0,0,0,0,0,0,0,0,0,0,0,0,25.1,0,0
221,Monaco,2005,Europe,Government of Monaco,0,0,0,0,0,0,0,0,0,0,0,0,0,0,25.1,0,0
221,Monaco,2006,Europe,Government of Monaco,0,0,0,0,0,0,0,0,0,0,0,0,0,0,25.1,0,0
221,Monaco,2007,Europe,Government of Monaco,0,0,0,0,0,0,0,0,0,0,0,0,0,0,25.1,0,0
221,Monaco,2008,Europe,Government of Monaco,0,0,0,0,0,0,0,0,0,0,0,0,0,0,25.1,0,0
221,Monaco,2009,Europe,Government of Monaco,0,0,0,0,0,0,0,0,0,0,0,0,0,0,25.1,0,0
221,Monaco,2010,Europe,Government of Monaco,0,0,0,0,0,0,0,0,0,0,0,0,0,0,25.1,0,0
221,Monaco,2011,Europe,Government of Monaco,0,0,0,0,0,0,0,0,0,0,0,0,0,0,25.1,0,0
221,Monaco,2012,Europe,Government of Monaco,0,0,0,0,0,0,0,0,0,0,0,0,0,0,25.1,0,0
221,Monaco,2013,Europe,Government of Monaco,0,0,0,0,0,0,0,0,0,0,0,0,0,0,25.1,0,0
221,Monaco,2014,Europe,Government of Monaco,0,0,0,0,0,0,0,0,0,0,0,0,0,0,25.1,0,0
221,Monaco,2015,Europe,Government of Monaco,0,0,0,0,0,0,0,0,0,0,0,0,0,0,25.1,0,0
221,Monaco,2016,Europe,Government of Monaco,0,0,0,0,0,0,0,0,0,0,0,0,0,0,25.1,0,0
221,Monaco,2017,Europe,Government of Monaco,0,0,0,0,0,0,0,0,0,0,0,0,0,0,25.1,0,0
221,Monaco,2018,Europe,Government of Monaco,0,0,0,0,0,0,0,0,0,0,0,0,0,0,25.1,0,0
221,Monaco,2019,Europe,Government of Monaco,0,0,0,0,0,0,0,0,0,0,0,0,0,0,25.1,0,0
221,Monaco,2020,Europe,Government of Monaco,0,0,0,0,0,0,0,0,0,0,0,0,0,0,25.1,0,0
221,Monaco,2021,Europe,Government of Monaco,0,0,0,0,0,0,0,0,0,0,0,0,0,0,25.1,0,0
221,Monaco,2022,Europe,Government of Monaco,0,0,0,0,0,0,0,0,0,0,0,0,0,0,25.1,0,0
221,Monaco,2023,Europe,Government of Monaco,0,0,0,0,0,0,0,0,0,0,0,0,0,0,25.1,0,0
223,Liechtenstein,1989,Europe,Government of Liechtenstein,0,0,0,0,0,0,0,0,0,0,0,0,0,0,25.1,0,0
223,Liechtenstein,1990,Europe,Government of Liechtenstein,0,0,0,0,0,0,0,0,0,0,0,0,0,0,25.1,0,0
223,Liechtenstein,1991,Europe,Government of Liechtenstein,0,0,0,0,0,0,0,0,0,0,0,0,0,0,25.1,0,0
223,Liechtenstein,1992,Europe,Government of Liechtenstein,0,0,0,0,0,0,0,0,0,0,0,0,0,0,25.1,0,0
223,Liechtenstein,1993,Europe,Government of Liechtenstein,0,0,0,0,0,0,0,0,0,0,0,0,0,0,25.1,0,0
223,Liechtenstein,1994,Europe,Government of Liechtenstein,0,0,0,0,0,0,0,0,0,0,0,0,0,0,25.1,0,0
223,Liechtenstein,1995,Europe,Government of Liechtenstein,0,0,0,0,0,0,0,0,0,0,0,0,0,0,25.1,0,0
223,Liechtenstein,1996,Europe,Government of Liechtenstein,0,0,0,0,0,0,0,0,0,0,0,0,0,0,25.1,0,0
223,Liechtenstein,1997,Europe,Government of Liechtenstein,0,0,0,0,0,0,0,0,0,0,0,0,0,0,25.1,0,0
223,Liechtenstein,1998,Europe,Government of Liechtenstein,0,0,0,0,0,0,0,0,0,0,0,0,0,0,25.1,0,0
223,Liechtenstein,1999,Europe,Government of Liechtenstein,0,0,0,0,0,0,0,0,0,0,0,0,0,0,25.1,0,0
223,Liechtenstein,2000,Europe,Government of Liechtenstein,0,0,0,0,0,0,0,0,0,0,0,0,0,0,25.1,0,0
223,Liechtenstein,2001,Europe,Government of Liechtenstein,0,0,0,0,0,0,0,0,0,0,0,0,0,0,25.1,0,0
223,Liechtenstein,2002,Europe,Government of Liechtenstein,0,0,0,0,0,0,0,0,0,0,0,0,0,0,25.1,0,0
223,Liechtenstein,2003,Europe,Government of Liechtenstein,0,0,0,0,0,0,0,0,0,0,0,0,0,0,25.1,0,0
223,Liechtenstein,2004,Europe,Government of Liechtenstein,0,0,0,0,0,0,0,0,0,0,0,0,0,0,25.1,0,0
223,Liechtenstein,2005,Europe,Government of Liechtenstein,0,0,0,0,0,0,0,0,0,0,0,0,0,0,25.1,0,0
223,Liechtenstein,2006,Europe,Government of Liechtenstein,0,0,0,0,0,0,0,0,0,0,0,0,0,0,25.1,0,0
223,Liechtenstein,2007,Europe,Government of Liechtenstein,0,0,0,0,0,0,0,0,0,0,0,0,0,0,25.1,0,0
223,Liechtenstein,2008,Europe,Government of Liechtenstein,0,0,0,0,0,0,0,0,0,0,0,0,0,0,25.1,0,0
223,Liechtenstein,2009,Europe,Government of Liechtenstein,0,0,0,0,0,0,0,0,0,0,0,0,0,0,25.1,0,0
223,Liechtenstein,2010,Europe,Government of Liechtenstein,0,0,0,0,0,0,0,0,0,0,0,0,0,0,25.1,0,0
223,Liechtenstein,2011,Europe,Government of Liechtenstein,0,0,0,0,0,0,0,0,0,0,0,0,0,0,25.1,0,0
223,Liechtenstein,2012,Europe,Government of Liechtenstein,0,0,0,0,0,0,0,0,0,0,0,0,0,0,25.1,0,0
223,Liechtenstein,2013,Europe,Government of Liechtenstein,0,0,0,0,0,0,0,0,0,0,0,0,0,0,25.1,0,0
223,Liechtenstein,2014,Europe,Government of Liechtenstein,0,0,0,0,0,0,0,0,0,0,0,0,0,0,25.1,0,0
223,Liechtenstein,2015,Europe,Government of Liechtenstein,0,0,0,0,0,0,0,0,0,0,0,0,0,0,25.1,0,0
223,Liechtenstein,2016,Europe,Government of Liechtenstein,0,0,0,0,0,0,0,0,0,0,0,0,0,0,25.1,0,0
223,Liechtenstein,2017,Europe,Government of Liechtenstein,0,0,0,0,0,0,0,0,0,0,0,0,0,0,25.1,0,0
223,Liechtenstein,2018,Europe,Government of Liechtenstein,0,0,0,0,0,0,0,0,0,0,0,0,0,0,25.1,0,0
223,Liechtenstein,2019,Europe,Government of Liechtenstein,0,0,0,0,0,0,0,0,0,0,0,0,0,0,25.1,0,0
223,Liechtenstein,2020,Europe,Government of Liechtenstein,0,0,0,0,0,0,0,0,0,0,0,0,0,0,25.1,0,0
223,Liechtenstein,2021,Europe,Government of Liechtenstein,0,0,0,0,0,0,0,0,0,0,0,0,0,0,25.1,0,0
223,Liechtenstein,2022,Europe,Government of Liechtenstein,0,0,0,0,0,0,0,0,0,0,0,0,0,0,25.1,0,0
223,Liechtenstein,2023,Europe,Government of Liechtenstein,0,0,0,0,0,0,0,0,0,0,0,0,0,0,25.1,0,0
225,Switzerland,1989,Europe,Government of Switzerland,0,0,0,0,0,0,0,0,0,0,0,0,0,0,25.1,0,0
225,Switzerland,1990,Europe,Government of Switzerland,0,0,0,0,0,0,0,0,0,0,0,0,0,0,25.1,0,0
225,Switzerland,1991,Europe,Government of Switzerland,0,0,0,0,0,0,0,0,0,0,0,0,0,0,25.1,0,0
225,Switzerland,1992,Europe,Government of Switzerland,0,0,0,0,0,0,0,0,0,0,0,0,0,0,25.1,0,0
225,Switzerland,1993,Europe,Government of Switzerland,0,0,0,0,0,0,0,0,0,0,0,0,0,0,25.1,0,0
225,Switzerland,1994,Europe,Government of Switzerland,0,0,0,0,0,0,0,0,0,0,0,0,0,0,25.1,0,0
225,Switzerland,1995,Europe,Government of Switzerland,0,0,0,0,0,0,0,0,0,0,0,0,0,0,25.1,0,0
225,Switzerland,1996,Europe,Government of Switzerland,0,0,0,0,0,0,0,0,0,0,0,0,0,0,25.1,0,0
225,Switzerland,1997,Europe,Government of Switzerland,0,0,0,0,0,0,0,0,0,0,0,0,0,0,25.1,0,0
225,Switzerland,1998,Europe,Government of Switzerland,0,0,0,0,0,0,0,0,0,0,0,0,0,0,25.1,0,0
225,Switzerland,1999,Europe,Government of Switzerland,0,0,0,0,0,0,0,0,0,0,0,0,0,0,25.1,0,0
225,Switzerland,2000,Europe,Government of Switzerland,0,0,0,0,0,0,0,0,0,0,0,0,0,0,25.1,0,0
225,Switzerland,2001,Europe,Government of Switzerland,0,0,0,0,0,0,0,0,0,0,0,0,0,0,25.1,0,0
225,Switzerland,2002,Europe,Government of Switzerland,0,0,0,0,0,0,0,0,0,0,0,0,0,0,25.1,0,0
225,Switzerland,2003,Europe,Government of Switzerland,0,0,0,0,0,0,0,0,0,0,0,0,0,0,25.1,0,0
225,Switzerland,2004,Europe,Government of Switzerland,0,0,0,0,0,0,0,0,0,0,0,0,0,0,25.1,0,0
225,Switzerland,2005,Europe,Government of Switzerland,0,0,0,0,0,0,0,0,0,0,0,0,0,0,25.1,0,0
225,Switzerland,2006,Europe,Government of Switzerland,0,0,0,0,0,0,0,0,0,0,0,0,0,0,25.1,0,0
225,Switzerland,2007,Europe,Government of Switzerland,0,0,0,0,0,0,0,0,0,0,0,0,0,0,25.1,0,0
225,Switzerland,2008,Europe,Government of Switzerland,0,0,0,0,0,0,0,0,0,0,0,0,0,0,25.1,0,0
225,Switzerland,2009,Europe,Government of Switzerland,0,0,0,0,0,0,0,0,0,0,0,0,0,0,25.1,0,0
225,Switzerland,2010,Europe,Government of Switzerland,0,0,0,0,0,0,0,0,0,0,0,0,0,0,25.1,0,0
225,Switzerland,2011,Europe,Government of Switzerland,0,0,0,0,0,0,0,0,0,0,0,0,0,0,25.1,0,0
225,Switzerland,2012,Europe,Government of Switzerland,0,0,0,0,0,0,0,0,0,0,0,0,0,0,25.1,0,0
225,Switzerland,2013,Europe,Government of Switzerland,0,0,0,0,0,0,0,0,0,0,0,0,0,0,25.1,0,0
225,Switzerland,2014,Europe,Government of Switzerland,0,0,0,0,0,0,0,0,0,0,0,0,0,0,25.1,0,0
225,Switzerland,2015,Europe,Government of Switzerland,0,0,0,0,0,0,0,0,0,0,0,0,0,0,25.1,0,0
225,Switzerland,2016,Europe,Government of Switzerland,0,0,0,0,0,0,0,0,0,0,0,0,0,0,25.1,0,0
225,Switzerland,2017,Europe,Government of Switzerland,0,0,0,0,0,0,0,0,0,0,0,0,0,0,25.1,0,0
225,Switzerland,2018,Europe,Government of Switzerland,0,0,0,0,0,0,0,0,0,0,0,0,0,0,25.1,0,0
225,Switzerland,2019,Europe,Government of Switzerland,0,0,0,0,0,0,0,0,0,0,0,0,0,0,25.1,0,0
225,Switzerland,2020,Europe,Government of Switzerland,0,0,0,0,0,0,0,0,0,0,0,0,0,0,25.1,0,0
225,Switzerland,2021,Europe,Government of Switzerland,0,0,0,0,0,0,0,0,0,0,0,0,0,0,25.1,0,0
225,Switzerland,2022,Europe,Government of Switzerland,0,0,0,0,0,0,0,0,0,0,0,0,0,0,25.1,0,0
225,Switzerland,2023,Europe,Government of Switzerland,0,0,0,0,0,0,0,0,0,0,0,0,0,0,25.1,0,0
230,Spain,1989,Europe,Government of Spain,1,1,17,1,17,0,0,0,0,0,0,0,0,17,25.1,1,1
230,Spain,1990,Europe,Government of Spain,1,1,19,1,19,0,0,0,0,0,0,0,0,19,25.1,1,1
230,Spain,1991,Europe,Government of Spain,1,1,45,1,45,0,0,0,0,0,0,0,0,45,25.1,1,1
230,Spain,1992,Europe,Government of Spain,1,1,23,1,23,0,0,0,0,0,0,0,0,23,25.1,1,1
230,Spain,1993,Europe,Government of Spain,1,1,12,1,12,0,0,0,0,0,0,0,0,12,25.1,1,1
230,Spain,1994,Europe,Government of Spain,1,1,11,1,11,0,0,0,0,0,0,0,0,11,25.1,1,1
230,Spain,1995,Europe,Government of Spain,1,1,13,1,13,0,0,0,0,0,0,0,0,13,25.1,1,1
230,Spain,1996,Europe,Government of Spain,1,1,4,1,4,0,0,0,0,0,0,0,0,4,25.1,1,1
230,Spain,1997,Europe,Government of Spain,1,1,12,1,12,0,0,0,0,0,0,0,0,12,25.1,1,1
230,Spain,1998,Europe,Government of Spain,1,1,7,1,7,0,0,0,0,0,0,0,0,7,25.1,1,0
230,Spain,1999,Europe,Government of Spain,0,0,0,0,0,0,0,0,0,0,0,0,0,0,25.1,0,1
230,Spain,2000,Europe,Government of Spain,1,1,20,1,20,0,0,0,0,0,0,0,0,20,25.1,1,1
230,Spain,2001,Europe,Government of Spain,1,1,13,1,13,0,0,0,0,0,0,0,0,13,25.1,1,1
230,Spain,2002,Europe,Government of Spain,1,1,5,1,5,0,0,0,0,0,0,0,0,5,25.1,1,1
230,Spain,2003,Europe,Government of Spain,1,1,3,1,3,0,0,0,0,0,0,0,0,3,25.1,1,1
230,Spain,2004,Europe,Government of Spain,0,0,0,0,0,0,0,0,0,0,1,1,191,191,25.1,1,0
230,Spain,2005,Europe,Government of Spain,0,0,0,0,0,0,0,0,0,0,0,0,0,0,25.1,0,0
230,Spain,2006,Europe,Government of Spain,0,0,0,0,0,0,0,0,0,0,0,0,0,0,25.1,0,0
230,Spain,2007,Europe,Government of Spain,0,0,0,0,0,0,0,0,0,0,0,0,0,0,25.1,0,1
230,Spain,2008,Europe,Government of Spain,1,1,2,1,2,0,0,0,0,0,0,0,0,2,25.1,1,1
230,Spain,2009,Europe,Government of Spain,1,1,3,1,3,0,0,0,0,0,0,0,0,3,25.1,1,0
230,Spain,2010,Europe,Government of Spain,0,0,0,0,0,0,0,0,0,0,0,0,0,0,25.1,0,0
230,Spain,2011,Europe,Government of Spain,0,0,0,0,0,0,0,0,0,0,0,0,0,0,25.1,0,0
230,Spain,2012,Europe,Government of Spain,0,0,0,0,0,0,0,0,0,0,0,0,0,0,25.1,0,0
230,Spain,2013,Europe,Government of Spain,0,0,0,0,0,0,0,0,0,0,0,0,0,0,25.1,0,0
230,Spain,2014,Europe,Government of Spain,0,0,0,0,0,0,0,0,0,0,0,0,0,0,25.1,0,0
230,Spain,2015,Europe,Government of Spain,0,0,0,0,0,0,0,0,0,0,0,0,0,0,25.1,0,0
230,Spain,2016,Europe,Government of Spain,0,0,0,0,0,0,0,0,0,0,0,0,0,0,25.1,0,1
230,Spain,2017,Europe,Government of Spain,0,0,0,0,0,0,0,0,0,0,1,1,16,16,25.1,1,0
230,Spain,2018,Europe,Government of Spain,0,0,0,0,0,0,0,0,0,0,0,0,0,0,25.1,0,0
230,Spain,2019,Europe,Government of Spain,0,0,0,0,0,0,0,0,0,0,0,0,0,0,25.1,0,0
230,Spain,2020,Europe,Government of Spain,0,0,0,0,0,0,0,0,0,0,0,0,0,0,25.1,0,0
230,Spain,2021,Europe,Government of Spain,0,0,0,0,0,0,0,0,0,0,0,0,0,0,25.1,0,0
230,Spain,2022,Europe,Government of Spain,0,0,0,0,0,0,0,0,0,0,0,0,0,0,25.1,0,1
230,Spain,2023,Europe,Government of Spain,0,0,0,0,0,0,0,1,1,2,0,0,0,2,25.1,1,0
232,Andorra,1989,Europe,Government of Andorra,0,0,0,0,0,0,0,0,0,0,0,0,0,0,25.1,0,0
232,Andorra,1990,Europe,Government of Andorra,0,0,0,0,0,0,0,0,0,0,0,0,0,0,25.1,0,0
232,Andorra,1991,Europe,Government of Andorra,0,0,0,0,0,0,0,0,0,0,0,0,0,0,25.1,0,0
232,Andorra,1992,Europe,Government of Andorra,0,0,0,0,0,0,0,0,0,0,0,0,0,0,25.1,0,0
232,Andorra,1993,Europe,Government of Andorra,0,0,0,0,0,0,0,0,0,0,0,0,0,0,25.1,0,0
232,Andorra,1994,Europe,Government of Andorra,0,0,0,0,0,0,0,0,0,0,0,0,0,0,25.1,0,0
232,Andorra,1995,Europe,Government of Andorra,0,0,0,0,0,0,0,0,0,0,0,0,0,0,25.1,0,0
232,Andorra,1996,Europe,Government of Andorra,0,0,0,0,0,0,0,0,0,0,0,0,0,0,25.1,0,0
232,Andorra,1997,Europe,Government of Andorra,0,0,0,0,0,0,0,0,0,0,0,0,0,0,25.1,0,0
232,Andorra,1998,Europe,Government of Andorra,0,0,0,0,0,0,0,0,0,0,0,0,0,0,25.1,0,0
232,Andorra,1999,Europe,Government of Andorra,0,0,0,0,0,0,0,0,0,0,0,0,0,0,25.1,0,0
232,Andorra,2000,Europe,Government of Andorra,0,0,0,0,0,0,0,0,0,0,0,0,0,0,25.1,0,0
232,Andorra,2001,Europe,Government of Andorra,0,0,0,0,0,0,0,0,0,0,0,0,0,0,25.1,0,0
232,Andorra,2002,Europe,Government of Andorra,0,0,0,0,0,0,0,0,0,0,0,0,0,0,25.1,0,0
232,Andorra,2003,Europe,Government of Andorra,0,0,0,0,0,0,0,0,0,0,0,0,0,0,25.1,0,0
232,Andorra,2004,Europe,Government of Andorra,0,0,0,0,0,0,0,0,0,0,0,0,0,0,25.1,0,0
232,Andorra,2005,Europe,Government of Andorra,0,0,0,0,0,0,0,0,0,0,0,0,0,0,25.1,0,0
232,Andorra,2006,Europe,Government of Andorra,0,0,0,0,0,0,0,0,0,0,0,0,0,0,25.1,0,0
232,Andorra,2007,Europe,Government of Andorra,0,0,0,0,0,0,0,0,0,0,0,0,0,0,25.1,0,0
232,Andorra,2008,Europe,Government of Andorra,0,0,0,0,0,0,0,0,0,0,0,0,0,0,25.1,0,0
232,Andorra,2009,Europe,Government of Andorra,0,0,0,0,0,0,0,0,0,0,0,0,0,0,25.1,0,0
232,Andorra,2010,Europe,Government of Andorra,0,0,0,0,0,0,0,0,0,0,0,0,0,0,25.1,0,0
232,Andorra,2011,Europe,Government of Andorra,0,0,0,0,0,0,0,0,0,0,0,0,0,0,25.1,0,0
232,Andorra,2012,Europe,Government of Andorra,0,0,0,0,0,0,0,0,0,0,0,0,0,0,25.1,0,0
232,Andorra,2013,Europe,Government of Andorra,0,0,0,0,0,0,0,0,0,0,0,0,0,0,25.1,0,0
232,Andorra,2014,Europe,Government of Andorra,0,0,0,0,0,0,0,0,0,0,0,0,0,0,25.1,0,0
232,Andorra,2015,Europe,Government of Andorra,0,0,0,0,0,0,0,0,0,0,0,0,0,0,25.1,0,0
232,Andorra,2016,Europe,Government of Andorra,0,0,0,0,0,0,0,0,0,0,0,0,0,0,25.1,0,0
232,Andorra,2017,Europe,Government of Andorra,0,0,0,0,0,0,0,0,0,0,0,0,0,0,25.1,0,0
232,Andorra,2018,Europe,Government of Andorra,0,0,0,0,0,0,0,0,0,0,0,0,0,0,25.1,0,0
232,Andorra,2019,Europe,Government of Andorra,0,0,0,0,0,0,0,0,0,0,0,0,0,0,25.1,0,0
232,Andorra,2020,Europe,Government of Andorra,0,0,0,0,0,0,0,0,0,0,0,0,0,0,25.1,0,0
232,Andorra,2021,Europe,Government of Andorra,0,0,0,0,0,0,0,0,0,0,0,0,0,0,25.1,0,0
232,Andorra,2022,Europe,Government of Andorra,0,0,0,0,0,0,0,0,0,0,0,0,0,0,25.1,0,0
232,Andorra,2023,Europe,Government of Andorra,0,0,0,0,0,0,0,0,0,0,0,0,0,0,25.1,0,0
235,Portugal,1989,Europe,Government of Portugal,0,0,0,0,0,0,0,0,0,0,0,0,0,0,25.1,0,0
235,Portugal,1990,Europe,Government of Portugal,0,0,0,0,0,0,0,0,0,0,0,0,0,0,25.1,0,0
235,Portugal,1991,Europe,Government of Portugal,0,0,0,0,0,0,0,0,0,0,0,0,0,0,25.1,0,0
235,Portugal,1992,Europe,Government of Portugal,0,0,0,0,0,0,0,0,0,0,0,0,0,0,25.1,0,0
235,Portugal,1993,Europe,Government of Portugal,0,0,0,0,0,0,0,0,0,0,0,0,0,0,25.1,0,0
235,Portugal,1994,Europe,Government of Portugal,0,0,0,0,0,0,0,0,0,0,0,0,0,0,25.1,0,0
235,Portugal,1995,Europe,Government of Portugal,0,0,0,0,0,0,0,0,0,0,0,0,0,0,25.1,0,0
235,Portugal,1996,Europe,Government of Portugal,0,0,0,0,0,0,0,0,0,0,0,0,0,0,25.1,0,0
235,Portugal,1997,Europe,Government of Portugal,0,0,0,0,0,0,0,0,0,0,0,0,0,0,25.1,0,0
235,Portugal,1998,Europe,Government of Portugal,0,0,0,0,0,0,0,0,0,0,0,0,0,0,25.1,0,0
235,Portugal,1999,Europe,Government of Portugal,0,0,0,0,0,0,0,0,0,0,0,0,0,0,25.1,0,0
235,Portugal,2000,Europe,Government of Portugal,0,0,0,0,0,0,0,0,0,0,0,0,0,0,25.1,0,0
235,Portugal,2001,Europe,Government of Portugal,0,0,0,0,0,0,0,0,0,0,0,0,0,0,25.1,0,0
235,Portugal,2002,Europe,Government of Portugal,0,0,0,0,0,0,0,0,0,0,0,0,0,0,25.1,0,0
235,Portugal,2003,Europe,Government of Portugal,0,0,0,0,0,0,0,0,0,0,0,0,0,0,25.1,0,0
235,Portugal,2004,Europe,Government of Portugal,0,0,0,0,0,0,0,0,0,0,0,0,0,0,25.1,0,0
235,Portugal,2005,Europe,Government of Portugal,0,0,0,0,0,0,0,0,0,0,0,0,0,0,25.1,0,0
235,Portugal,2006,Europe,Government of Portugal,0,0,0,0,0,0,0,0,0,0,0,0,0,0,25.1,0,0
235,Portugal,2007,Europe,Government of Portugal,0,0,0,0,0,0,0,0,0,0,0,0,0,0,25.1,0,0
235,Portugal,2008,Europe,Government of Portugal,0,0,0,0,0,0,0,0,0,0,0,0,0,0,25.1,0,0
235,Portugal,2009,Europe,Government of Portugal,0,0,0,0,0,0,0,0,0,0,0,0,0,0,25.1,0,0
235,Portugal,2010,Europe,Government of Portugal,0,0,0,0,0,0,0,0,0,0,0,0,0,0,25.1,0,0
235,Portugal,2011,Europe,Government of Portugal,0,0,0,0,0,0,0,0,0,0,0,0,0,0,25.1,0,0
235,Portugal,2012,Europe,Government of Portugal,0,0,0,0,0,0,0,0,0,0,0,0,0,0,25.1,0,0
235,Portugal,2013,Europe,Government of Portugal,0,0,0,0,0,0,0,0,0,0,0,0,0,0,25.1,0,0
235,Portugal,2014,Europe,Government of Portugal,0,0,0,0,0,0,0,0,0,0,0,0,0,0,25.1,0,0
235,Portugal,2015,Europe,Government of Portugal,0,0,0,0,0,0,0,0,0,0,0,0,0,0,25.1,0,0
235,Portugal,2016,Europe,Government of Portugal,0,0,0,0,0,0,0,0,0,0,0,0,0,0,25.1,0,0
235,Portugal,2017,Europe,Government of Portugal,0,0,0,0,0,0,0,0,0,0,0,0,0,0,25.1,0,0
235,Portugal,2018,Europe,Government of Portugal,0,0,0,0,0,0,0,0,0,0,0,0,0,0,25.1,0,0
235,Portugal,2019,Europe,Government of Portugal,0,0,0,0,0,0,0,0,0,0,0,0,0,0,25.1,0,0
235,Portugal,2020,Europe,Government of Portugal,0,0,0,0,0,0,0,0,0,0,0,0,0,0,25.1,0,0
235,Portugal,2021,Europe,Government of Portugal,0,0,0,0,0,0,0,0,0,0,0,0,0,0,25.1,0,0
235,Portugal,2022,Europe,Government of Portugal,0,0,0,0,0,0,0,0,0,0,0,0,0,0,25.1,0,0
235,Portugal,2023,Europe,Government of Portugal,0,0,0,0,0,0,0,0,0,0,0,0,0,0,25.1,0,0
260,Germany,1989,Europe,Government of Germany,1,1,3,1,3,0,0,0,0,0,0,0,0,3,25.1,1,1
260,Germany,1990,Europe,Government of Germany,1,1,1,1,1,0,0,0,0,0,0,0,0,1,25.1,1,0
260,Germany,1991,Europe,Government of Germany,0,0,0,0,0,0,0,0,0,0,0,0,0,0,25.1,0,1
260,Germany,1992,Europe,Government of Germany,1,1,4,1,4,0,0,0,0,0,0,0,0,4,25.1,1,0
260,Germany,1993,Europe,Government of Germany,0,0,0,0,0,0,0,0,0,0,0,0,0,0,25.1,0,0
260,Germany,1994,Europe,Government of Germany,0,0,0,0,0,0,0,0,0,0,0,0,0,0,25.1,0,0
260,Germany,1995,Europe,Government of Germany,0,0,0,0,0,0,0,0,0,0,0,0,0,0,25.1,0,0
260,Germany,1996,Europe,Government of Germany,0,0,0,0,0,0,0,0,0,0,0,0,0,0,25.1,0,0
260,Germany,1997,Europe,Government of Germany,0,0,0,0,0,0,0,0,0,0,0,0,0,0,25.1,0,0
260,Germany,1998,Europe,Government of Germany,0,0,0,0,0,0,0,0,0,0,0,0,0,0,25.1,0,0
260,Germany,1999,Europe,Government of Germany,0,0,0,0,0,0,0,0,0,0,0,0,0,0,25.1,0,0
260,Germany,2000,Europe,Government of Germany,0,0,0,0,0,0,0,0,0,0,0,0,0,0,25.1,0,0
260,Germany,2001,Europe,Government of Germany,0,0,0,0,0,0,0,0,0,0,0,0,0,0,25.1,0,0
260,Germany,2002,Europe,Government of Germany,0,0,0,0,0,0,0,0,0,0,0,0,0,0,25.1,0,0
260,Germany,2003,Europe,Government of Germany,0,0,0,0,0,0,0,0,0,0,0,0,0,0,25.1,0,0
260,Germany,2004,Europe,Government of Germany,0,0,0,0,0,0,0,0,0,0,0,0,0,0,25.1,0,0
260,Germany,2005,Europe,Government of Germany,0,0,0,0,0,0,0,0,0,0,0,0,0,0,25.1,0,0
260,Germany,2006,Europe,Government of Germany,0,0,0,0,0,0,0,0,0,0,0,0,0,0,25.1,0,0
260,Germany,2007,Europe,Government of Germany,0,0,0,0,0,0,0,0,0,0,0,0,0,0,25.1,0,0
260,Germany,2008,Europe,Government of Germany,0,0,0,0,0,0,0,0,0,0,0,0,0,0,25.1,0,0
260,Germany,2009,Europe,Government of Germany,0,0,0,0,0,0,0,0,0,0,0,0,0,0,25.1,0,0
260,Germany,2010,Europe,Government of Germany,0,0,0,0,0,0,0,0,0,0,0,0,0,0,25.1,0,0
260,Germany,2011,Europe,Government of Germany,0,0,0,0,0,0,0,0,0,0,0,0,0,0,25.1,0,0
260,Germany,2012,Europe,Government of Germany,0,0,0,0,0,0,0,0,0,0,0,0,0,0,25.1,0,0
260,Germany,2013,Europe,Government of Germany,0,0,0,0,0,0,0,0,0,0,0,0,0,0,25.1,0,0
260,Germany,2014,Europe,Government of Germany,0,0,0,0,0,0,0,0,0,0,0,0,0,0,25.1,0,0
260,Germany,2015,Europe,Government of Germany,0,0,0,0,0,0,0,0,0,0,0,0,0,0,25.1,0,1
260,Germany,2016,Europe,Government of Germany,0,0,0,0,0,0,0,0,0,0,1,1,12,12,25.1,1,0
260,Germany,2017,Europe,Government of Germany,0,0,0,0,0,0,0,0,0,0,0,0,0,0,25.1,0,0
260,Germany,2018,Europe,Government of Germany,0,0,0,0,0,0,0,0,0,0,0,0,0,0,25.1,0,0
260,Germany,2019,Europe,Government of Germany,0,0,0,0,0,0,0,0,0,0,0,0,0,0,25.1,0,0
260,Germany,2020,Europe,Government of Germany,0,0,0,0,0,0,0,0,0,0,0,0,0,0,25.1,0,0
260,Germany,2021,Europe,Government of Germany,0,0,0,0,0,0,0,0,0,0,0,0,0,0,25.1,0,0
260,Germany,2022,Europe,Government of Germany,0,0,0,0,0,0,0,0,0,0,0,0,0,0,25.1,0,0
260,Germany,2023,Europe,Government of Germany,0,0,0,0,0,0,0,0,0,0,0,0,0,0,25.1,0,1
265,German Democratic Republic,1989,Europe,Government of German Democratic Republic,0,0,0,0,0,0,0,0,0,0,0,0,0,0,25.1,0,0
290,Poland,1989,Europe,Government of Poland,0,0,0,0,0,0,0,0,0,0,0,0,0,0,25.1,0,0
290,Poland,1990,Europe,Government of Poland,0,0,0,0,0,0,0,0,0,0,0,0,0,0,25.1,0,0
290,Poland,1991,Europe,Government of Poland,0,0,0,0,0,0,0,0,0,0,0,0,0,0,25.1,0,0
290,Poland,1992,Europe,Government of Poland,0,0,0,0,0,0,0,0,0,0,0,0,0,0,25.1,0,0
290,Poland,1993,Europe,Government of Poland,0,0,0,0,0,0,0,0,0,0,0,0,0,0,25.1,0,0
290,Poland,1994,Europe,Government of Poland,0,0,0,0,0,0,0,0,0,0,0,0,0,0,25.1,0,0
290,Poland,1995,Europe,Government of Poland,0,0,0,0,0,0,0,0,0,0,0,0,0,0,25.1,0,0
290,Poland,1996,Europe,Government of Poland,0,0,0,0,0,0,0,0,0,0,0,0,0,0,25.1,0,0
290,Poland,1997,Europe,Government of Poland,0,0,0,0,0,0,0,0,0,0,0,0,0,0,25.1,0,0
290,Poland,1998,Europe,Government of Poland,0,0,0,0,0,0,0,0,0,0,0,0,0,0,25.1,0,0
290,Poland,1999,Europe,Government of Poland,0,0,0,0,0,0,0,0,0,0,0,0,0,0,25.1,0,0
290,Poland,2000,Europe,Government of Poland,0,0,0,0,0,0,0,0,0,0,0,0,0,0,25.1,0,0
290,Poland,2001,Europe,Government of Poland,0,0,0,0,0,0,0,0,0,0,0,0,0,0,25.1,0,0
290,Poland,2002,Europe,Government of Poland,0,0,0,0,0,0,0,0,0,0,0,0,0,0,25.1,0,0
290,Poland,2003,Europe,Government of Poland,0,0,0,0,0,0,0,0,0,0,0,0,0,0,25.1,0,0
290,Poland,2004,Europe,Government of Poland,0,0,0,0,0,0,0,0,0,0,0,0,0,0,25.1,0,0
290,Poland,2005,Europe,Government of Poland,0,0,0,0,0,0,0,0,0,0,0,0,0,0,25.1,0,0
290,Poland,2006,Europe,Government of Poland,0,0,0,0,0,0,0,0,0,0,0,0,0,0,25.1,0,0
290,Poland,2007,Europe,Government of Poland,0,0,0,0,0,0,0,0,0,0,0,0,0,0,25.1,0,0
290,Poland,2008,Europe,Government of Poland,0,0,0,0,0,0,0,0,0,0,0,0,0,0,25.1,0,0
290,Poland,2009,Europe,Government of Poland,0,0,0,0,0,0,0,0,0,0,0,0,0,0,25.1,0,0
290,Poland,2010,Europe,Government of Poland,0,0,0,0,0,0,0,0,0,0,0,0,0,0,25.1,0,0
290,Poland,2011,Europe,Government of Poland,0,0,0,0,0,0,0,0,0,0,0,0,0,0,25.1,0,0
290,Poland,2012,Europe,Government of Poland,0,0,0,0,0,0,0,0,0,0,0,0,0,0,25.1,0,0
290,Poland,2013,Europe,Government of Poland,0,0,0,0,0,0,0,0,0,0,0,0,0,0,25.1,0,0
290,Poland,2014,Europe,Government of Poland,0,0,0,0,0,0,0,0,0,0,0,0,0,0,25.1,0,0
290,Poland,2015,Europe,Government of Poland,0,0,0,0,0,0,0,0,0,0,0,0,0,0,25.1,0,0
290,Poland,2016,Europe,Government of Poland,0,0,0,0,0,0,0,0,0,0,0,0,0,0,25.1,0,0
290,Poland,2017,Europe,Government of Poland,0,0,0,0,0,0,0,0,0,0,0,0,0,0,25.1,0,0
290,Poland,2018,Europe,Government of Poland,0,0,0,0,0,0,0,0,0,0,0,0,0,0,25.1,0,0
290,Poland,2019,Europe,Government of Poland,0,0,0,0,0,0,0,0,0,0,0,0,0,0,25.1,0,0
290,Poland,2020,Europe,Government of Poland,0,0,0,0,0,0,0,0,0,0,0,0,0,0,25.1,0,0
290,Poland,2021,Europe,Government of Poland,0,0,0,0,0,0,0,0,0,0,0,0,0,0,25.1,0,1
290,Poland,2022,Europe,Government of Poland,1,1,2,0,0,1,2,0,0,0,0,0,0,2,25.1,1,0
290,Poland,2023,Europe,Government of Poland,0,0,0,0,0,0,0,0,0,0,0,0,0,0,25.1,0,0
305,Austria,1989,Europe,Government of Austria,0,0,0,0,0,0,0,0,0,0,0,0,0,0,25.1,0,0
305,Austria,1990,Europe,Government of Austria,0,0,0,0,0,0,0,0,0,0,0,0,0,0,25.1,0,0
305,Austria,1991,Europe,Government of Austria,0,0,0,0,0,0,0,0,0,0,0,0,0,0,25.1,0,0
305,Austria,1992,Europe,Government of Austria,0,0,0,0,0,0,0,0,0,0,0,0,0,0,25.1,0,0
305,Austria,1993,Europe,Government of Austria,0,0,0,0,0,0,0,0,0,0,0,0,0,0,25.1,0,0
305,Austria,1994,Europe,Government of Austria,0,0,0,0,0,0,0,0,0,0,0,0,0,0,25.1,0,0
305,Austria,1995,Europe,Government of Austria,0,0,0,0,0,0,0,0,0,0,0,0,0,0,25.1,0,0
305,Austria,1996,Europe,Government of Austria,0,0,0,0,0,0,0,0,0,0,0,0,0,0,25.1,0,0
305,Austria,1997,Europe,Government of Austria,0,0,0,0,0,0,0,0,0,0,0,0,0,0,25.1,0,0
305,Austria,1998,Europe,Government of Austria,0,0,0,0,0,0,0,0,0,0,0,0,0,0,25.1,0,0
305,Austria,1999,Europe,Government of Austria,0,0,0,0,0,0,0,0,0,0,0,0,0,0,25.1,0,0
305,Austria,2000,Europe,Government of Austria,0,0,0,0,0,0,0,0,0,0,0,0,0,0,25.1,0,0
305,Austria,2001,Europe,Government of Austria,0,0,0,0,0,0,0,0,0,0,0,0,0,0,25.1,0,0
305,Austria,2002,Europe,Government of Austria,0,0,0,0,0,0,0,0,0,0,0,0,0,0,25.1,0,0
305,Austria,2003,Europe,Government of Austria,0,0,0,0,0,0,0,0,0,0,0,0,0,0,25.1,0,0
305,Austria,2004,Europe,Government of Austria,0,0,0,0,0,0,0,0,0,0,0,0,0,0,25.1,0,0
305,Austria,2005,Europe,Government of Austria,0,0,0,0,0,0,0,0,0,0,0,0,0,0,25.1,0,0
305,Austria,2006,Europe,Government of Austria,0,0,0,0,0,0,0,0,0,0,0,0,0,0,25.1,0,0
305,Austria,2007,Europe,Government of Austria,0,0,0,0,0,0,0,0,0,0,0,0,0,0,25.1,0,0
305,Austria,2008,Europe,Government of Austria,0,0,0,0,0,0,0,0,0,0,0,0,0,0,25.1,0,0
305,Austria,2009,Europe,Government of Austria,0,0,0,0,0,0,0,0,0,0,0,0,0,0,25.1,0,0
305,Austria,2010,Europe,Government of Austria,0,0,0,0,0,0,0,0,0,0,0,0,0,0,25.1,0,0
305,Austria,2011,Europe,Government of Austria,0,0,0,0,0,0,0,0,0,0,0,0,0,0,25.1,0,0
305,Austria,2012,Europe,Government of Austria,0,0,0,0,0,0,0,0,0,0,0,0,0,0,25.1,0,0
305,Austria,2013,Europe,Government of Austria,0,0,0,0,0,0,0,0,0,0,0,0,0,0,25.1,0,0
305,Austria,2014,Europe,Government of Austria,0,0,0,0,0,0,0,0,0,0,0,0,0,0,25.1,0,0
305,Austria,2015,Europe,Government of Austria,0,0,0,0,0,0,0,0,0,0,0,0,0,0,25.1,0,0
305,Austria,2016,Europe,Government of Austria,0,0,0,0,0,0,0,0,0,0,0,0,0,0,25.1,0,0
305,Austria,2017,Europe,Government of Austria,0,0,0,0,0,0,0,0,0,0,0,0,0,0,25.1,0,0
305,Austria,2018,Europe,Government of Austria,0,0,0,0,0,0,0,0,0,0,0,0,0,0,25.1,0,0
305,Austria,2019,Europe,Government of Austria,0,0,0,0,0,0,0,0,0,0,0,0,0,0,25.1,0,1
305,Austria,2020,Europe,Government of Austria,0,0,0,0,0,0,0,0,0,0,1,1,4,4,25.1,1,0
305,Austria,2021,Europe,Government of Austria,0,0,0,0,0,0,0,0,0,0,0,0,0,0,25.1,0,0
305,Austria,2022,Europe,Government of Austria,0,0,0,0,0,0,0,0,0,0,0,0,0,0,25.1,0,0
305,Austria,2023,Europe,Government of Austria,0,0,0,0,0,0,0,0,0,0,0,0,0,0,25.1,0,0
310,Hungary,1989,Europe,Government of Hungary,0,0,0,0,0,0,0,0,0,0,0,0,0,0,25.1,0,0
310,Hungary,1990,Europe,Government of Hungary,0,0,0,0,0,0,0,0,0,0,0,0,0,0,25.1,0,0
310,Hungary,1991,Europe,Government of Hungary,0,0,0,0,0,0,0,0,0,0,0,0,0,0,25.1,0,0
310,Hungary,1992,Europe,Government of Hungary,0,0,0,0,0,0,0,0,0,0,0,0,0,0,25.1,0,0
310,Hungary,1993,Europe,Government of Hungary,0,0,0,0,0,0,0,0,0,0,0,0,0,0,25.1,0,0
310,Hungary,1994,Europe,Government of Hungary,0,0,0,0,0,0,0,0,0,0,0,0,0,0,25.1,0,0
310,Hungary,1995,Europe,Government of Hungary,0,0,0,0,0,0,0,0,0,0,0,0,0,0,25.1,0,0
310,Hungary,1996,Europe,Government of Hungary,0,0,0,0,0,0,0,0,0,0,0,0,0,0,25.1,0,0
310,Hungary,1997,Europe,Government of Hungary,0,0,0,0,0,0,0,0,0,0,0,0,0,0,25.1,0,0
310,Hungary,1998,Europe,Government of Hungary,0,0,0,0,0,0,0,0,0,0,0,0,0,0,25.1,0,0
310,Hungary,1999,Europe,Government of Hungary,0,0,0,0,0,0,0,0,0,0,0,0,0,0,25.1,0,0
310,Hungary,2000,Europe,Government of Hungary,0,0,0,0,0,0,0,0,0,0,0,0,0,0,25.1,0,0
310,Hungary,2001,Europe,Government of Hungary,0,0,0,0,0,0,0,0,0,0,0,0,0,0,25.1,0,0
310,Hungary,2002,Europe,Government of Hungary,0,0,0,0,0,0,0,0,0,0,0,0,0,0,25.1,0,0
310,Hungary,2003,Europe,Government of Hungary,0,0,0,0,0,0,0,0,0,0,0,0,0,0,25.1,0,0
310,Hungary,2004,Europe,Government of Hungary,0,0,0,0,0,0,0,0,0,0,0,0,0,0,25.1,0,0
310,Hungary,2005,Europe,Government of Hungary,0,0,0,0,0,0,0,0,0,0,0,0,0,0,25.1,0,0
310,Hungary,2006,Europe,Government of Hungary,0,0,0,0,0,0,0,0,0,0,0,0,0,0,25.1,0,0
310,Hungary,2007,Europe,Government of Hungary,0,0,0,0,0,0,0,0,0,0,0,0,0,0,25.1,0,0
310,Hungary,2008,Europe,Government of Hungary,0,0,0,0,0,0,0,0,0,0,0,0,0,0,25.1,0,0
310,Hungary,2009,Europe,Government of Hungary,0,0,0,0,0,0,0,0,0,0,0,0,0,0,25.1,0,0
310,Hungary,2010,Europe,Government of Hungary,0,0,0,0,0,0,0,0,0,0,0,0,0,0,25.1,0,0
310,Hungary,2011,Europe,Government of Hungary,0,0,0,0,0,0,0,0,0,0,0,0,0,0,25.1,0,0
310,Hungary,2012,Europe,Government of Hungary,0,0,0,0,0,0,0,0,0,0,0,0,0,0,25.1,0,0
310,Hungary,2013,Europe,Government of Hungary,0,0,0,0,0,0,0,0,0,0,0,0,0,0,25.1,0,0
310,Hungary,2014,Europe,Government of Hungary,0,0,0,0,0,0,0,0,0,0,0,0,0,0,25.1,0,0
310,Hungary,2015,Europe,Government of Hungary,0,0,0,0,0,0,0,0,0,0,0,0,0,0,25.1,0,0
310,Hungary,2016,Europe,Government of Hungary,0,0,0,0,0,0,0,0,0,0,0,0,0,0,25.1,0,0
310,Hungary,2017,Europe,Government of Hungary,0,0,0,0,0,0,0,0,0,0,0,0,0,0,25.1,0,0
310,Hungary,2018,Europe,Government of Hungary,0,0,0,0,0,0,0,0,0,0,0,0,0,0,25.1,0,0
310,Hungary,2019,Europe,Government of Hungary,0,0,0,0,0,0,0,0,0,0,0,0,0,0,25.1,0,0
310,Hungary,2020,Europe,Government of Hungary,0,0,0,0,0,0,0,0,0,0,0,0,0,0,25.1,0,0
310,Hungary,2021,Europe,Government of Hungary,0,0,0,0,0,0,0,0,0,0,0,0,0,0,25.1,0,0
310,Hungary,2022,Europe,Government of Hungary,0,0,0,0,0,0,0,0,0,0,0,0,0,0,25.1,0,0
310,Hungary,2023,Europe,Government of Hungary,0,0,0,0,0,0,0,0,0,0,0,0,0,0,25.1,0,0
315,Czechoslovakia,1989,Europe,Government of Czechoslovakia,0,0,0,0,0,0,0,0,0,0,0,0,0,0,25.1,0,0
315,Czechoslovakia,1990,Europe,Government of Czechoslovakia,0,0,0,0,0,0,0,0,0,0,0,0,0,0,25.1,0,0
315,Czechoslovakia,1991,Europe,Government of Czechoslovakia,0,0,0,0,0,0,0,0,0,0,0,0,0,0,25.1,0,0
316,Czech Republic,1993,Europe,Government of Czech Republic,0,0,0,0,0,0,0,0,0,0,0,0,0,0,25.1,0,0
316,Czech Republic,1994,Europe,Government of Czech Republic,0,0,0,0,0,0,0,0,0,0,0,0,0,0,25.1,0,0
316,Czech Republic,1995,Europe,Government of Czech Republic,0,0,0,0,0,0,0,0,0,0,0,0,0,0,25.1,0,0
316,Czech Republic,1996,Europe,Government of Czech Republic,0,0,0,0,0,0,0,0,0,0,0,0,0,0,25.1,0,0
316,Czech Republic,1997,Europe,Government of Czech Republic,0,0,0,0,0,0,0,0,0,0,0,0,0,0,25.1,0,0
316,Czech Republic,1998,Europe,Government of Czech Republic,0,0,0,0,0,0,0,0,0,0,0,0,0,0,25.1,0,0
316,Czech Republic,1999,Europe,Government of Czech Republic,0,0,0,0,0,0,0,0,0,0,0,0,0,0,25.1,0,0
316,Czech Republic,2000,Europe,Government of Czech Republic,0,0,0,0,0,0,0,0,0,0,0,0,0,0,25.1,0,0
316,Czech Republic,2001,Europe,Government of Czech Republic,0,0,0,0,0,0,0,0,0,0,0,0,0,0,25.1,0,0
316,Czech Republic,2002,Europe,Government of Czech Republic,0,0,0,0,0,0,0,0,0,0,0,0,0,0,25.1,0,0
316,Czech Republic,2003,Europe,Government of Czech Republic,0,0,0,0,0,0,0,0,0,0,0,0,0,0,25.1,0,0
316,Czech Republic,2004,Europe,Government of Czech Republic,0,0,0,0,0,0,0,0,0,0,0,0,0,0,25.1,0,0
316,Czech Republic,2005,Europe,Government of Czech Republic,0,0,0,0,0,0,0,0,0,0,0,0,0,0,25.1,0,0
316,Czech Republic,2006,Europe,Government of Czech Republic,0,0,0,0,0,0,0,0,0,0,0,0,0,0,25.1,0,0
316,Czech Republic,2007,Europe,Government of Czech Republic,0,0,0,0,0,0,0,0,0,0,0,0,0,0,25.1,0,0
316,Czech Republic,2008,Europe,Government of Czech Republic,0,0,0,0,0,0,0,0,0,0,0,0,0,0,25.1,0,0
316,Czech Republic,2009,Europe,Government of Czech Republic,0,0,0,0,0,0,0,0,0,0,0,0,0,0,25.1,0,0
316,Czech Republic,2010,Europe,Government of Czech Republic,0,0,0,0,0,0,0,0,0,0,0,0,0,0,25.1,0,0
316,Czech Republic,2011,Europe,Government of Czech Republic,0,0,0,0,0,0,0,0,0,0,0,0,0,0,25.1,0,0
316,Czech Republic,2012,Europe,Government of Czech Republic,0,0,0,0,0,0,0,0,0,0,0,0,0,0,25.1,0,0
316,Czech Republic,2013,Europe,Government of Czech Republic,0,0,0,0,0,0,0,0,0,0,0,0,0,0,25.1,0,0
316,Czech Republic,2014,Europe,Government of Czech Republic,0,0,0,0,0,0,0,0,0,0,0,0,0,0,25.1,0,0
316,Czech Republic,2015,Europe,Government of Czech Republic,0,0,0,0,0,0,0,0,0,0,0,0,0,0,25.1,0,0
316,Czech Republic,2016,Europe,Government of Czech Republic,0,0,0,0,0,0,0,0,0,0,0,0,0,0,25.1,0,0
316,Czech Republic,2017,Europe,Government of Czech Republic,0,0,0,0,0,0,0,0,0,0,0,0,0,0,25.1,0,0
316,Czech Republic,2018,Europe,Government of Czech Republic,0,0,0,0,0,0,0,0,0,0,0,0,0,0,25.1,0,0
316,Czech Republic,2019,Europe,Government of Czech Republic,0,0,0,0,0,0,0,0,0,0,0,0,0,0,25.1,0,0
316,Czech Republic,2020,Europe,Government of Czech Republic,0,0,0,0,0,0,0,0,0,0,0,0,0,0,25.1,0,0
316,Czech Republic,2021,Europe,Government of Czech Republic,0,0,0,0,0,0,0,0,0,0,0,0,0,0,25.1,0,0
316,Czech Republic,2022,Europe,Government of Czech Republic,0,0,0,0,0,0,0,0,0,0,0,0,0,0,25.1,0,0
316,Czech Republic,2023,Europe,Government of Czech Republic,0,0,0,0,0,0,0,0,0,0,0,0,0,0,25.1,0,0
317,Slovakia,1993,Europe,Government of Slovakia,0,0,0,0,0,0,0,0,0,0,0,0,0,0,25.1,0,0
317,Slovakia,1994,Europe,Government of Slovakia,0,0,0,0,0,0,0,0,0,0,0,0,0,0,25.1,0,0
317,Slovakia,1995,Europe,Government of Slovakia,0,0,0,0,0,0,0,0,0,0,0,0,0,0,25.1,0,0
317,Slovakia,1996,Europe,Government of Slovakia,0,0,0,0,0,0,0,0,0,0,0,0,0,0,25.1,0,0
317,Slovakia,1997,Europe,Government of Slovakia,0,0,0,0,0,0,0,0,0,0,0,0,0,0,25.1,0,0
317,Slovakia,1998,Europe,Government of Slovakia,0,0,0,0,0,0,0,0,0,0,0,0,0,0,25.1,0,0
317,Slovakia,1999,Europe,Government of Slovakia,0,0,0,0,0,0,0,0,0,0,0,0,0,0,25.1,0,0
317,Slovakia,2000,Europe,Government of Slovakia,0,0,0,0,0,0,0,0,0,0,0,0,0,0,25.1,0,0
317,Slovakia,2001,Europe,Government of Slovakia,0,0,0,0,0,0,0,0,0,0,0,0,0,0,25.1,0,0
317,Slovakia,2002,Europe,Government of Slovakia,0,0,0,0,0,0,0,0,0,0,0,0,0,0,25.1,0,0
317,Slovakia,2003,Europe,Government of Slovakia,0,0,0,0,0,0,0,0,0,0,0,0,0,0,25.1,0,0
317,Slovakia,2004,Europe,Government of Slovakia,0,0,0,0,0,0,0,0,0,0,0,0,0,0,25.1,0,0
317,Slovakia,2005,Europe,Government of Slovakia,0,0,0,0,0,0,0,0,0,0,0,0,0,0,25.1,0,0
317,Slovakia,2006,Europe,Government of Slovakia,0,0,0,0,0,0,0,0,0,0,0,0,0,0,25.1,0,0
317,Slovakia,2007,Europe,Government of Slovakia,0,0,0,0,0,0,0,0,0,0,0,0,0,0,25.1,0,0
317,Slovakia,2008,Europe,Government of Slovakia,0,0,0,0,0,0,0,0,0,0,0,0,0,0,25.1,0,0
317,Slovakia,2009,Europe,Government of Slovakia,0,0,0,0,0,0,0,0,0,0,0,0,0,0,25.1,0,0
317,Slovakia,2010,Europe,Government of Slovakia,0,0,0,0,0,0,0,0,0,0,0,0,0,0,25.1,0,0
317,Slovakia,2011,Europe,Government of Slovakia,0,0,0,0,0,0,0,0,0,0,0,0,0,0,25.1,0,0
317,Slovakia,2012,Europe,Government of Slovakia,0,0,0,0,0,0,0,0,0,0,0,0,0,0,25.1,0,0
317,Slovakia,2013,Europe,Government of Slovakia,0,0,0,0,0,0,0,0,0,0,0,0,0,0,25.1,0,0
317,Slovakia,2014,Europe,Government of Slovakia,0,0,0,0,0,0,0,0,0,0,0,0,0,0,25.1,0,0
317,Slovakia,2015,Europe,Government of Slovakia,0,0,0,0,0,0,0,0,0,0,0,0,0,0,25.1,0,0
317,Slovakia,2016,Europe,Government of Slovakia,0,0,0,0,0,0,0,0,0,0,0,0,0,0,25.1,0,0
317,Slovakia,2017,Europe,Government of Slovakia,0,0,0,0,0,0,0,0,0,0,0,0,0,0,25.1,0,0
317,Slovakia,2018,Europe,Government of Slovakia,0,0,0,0,0,0,0,0,0,0,0,0,0,0,25.1,0,0
317,Slovakia,2019,Europe,Government of Slovakia,0,0,0,0,0,0,0,0,0,0,0,0,0,0,25.1,0,0
317,Slovakia,2020,Europe,Government of Slovakia,0,0,0,0,0,0,0,0,0,0,0,0,0,0,25.1,0,0
317,Slovakia,2021,Europe,Government of Slovakia,0,0,0,0,0,0,0,0,0,0,0,0,0,0,25.1,0,0
317,Slovakia,2022,Europe,Government of Slovakia,0,0,0,0,0,0,0,0,0,0,0,0,0,0,25.1,0,0
317,Slovakia,2023,Europe,Government of Slovakia,0,0,0,0,0,0,0,0,0,0,0,0,0,0,25.1,0,0
325,Italy,1989,Europe,Government of Italy,0,0,0,0,0,0,0,0,0,0,0,0,0,0,25.1,0,0
325,Italy,1990,Europe,Government of Italy,0,0,0,0,0,0,0,0,0,0,0,0,0,0,25.1,0,0
325,Italy,1991,Europe,Government of Italy,0,0,0,0,0,0,0,0,0,0,0,0,0,0,25.1,0,0
325,Italy,1992,Europe,Government of Italy,0,0,0,0,0,0,0,0,0,0,0,0,0,0,25.1,0,1
325,Italy,1993,Europe,Government of Italy,1,1,0,1,0,0,0,0,0,0,0,0,0,0,25.1,1,0
325,Italy,1994,Europe,Government of Italy,0,0,0,0,0,0,0,0,0,0,0,0,0,0,25.1,0,0
325,Italy,1995,Europe,Government of Italy,0,0,0,0,0,0,0,0,0,0,0,0,0,0,25.1,0,0
325,Italy,1996,Europe,Government of Italy,0,0,0,0,0,0,0,0,0,0,0,0,0,0,25.1,0,0
325,Italy,1997,Europe,Government of Italy,0,0,0,0,0,0,0,0,0,0,0,0,0,0,25.1,0,0
325,Italy,1998,Europe,Government of Italy,0,0,0,0,0,0,0,0,0,0,0,0,0,0,25.1,0,0
325,Italy,1999,Europe,Government of Italy,0,0,0,0,0,0,0,0,0,0,0,0,0,0,25.1,0,0
325,Italy,2000,Europe,Government of Italy,0,0,0,0,0,0,0,0,0,0,0,0,0,0,25.1,0,0
325,Italy,2001,Europe,Government of Italy,0,0,0,0,0,0,0,0,0,0,0,0,0,0,25.1,0,0
325,Italy,2002,Europe,Government of Italy,0,0,0,0,0,0,0,0,0,0,0,0,0,0,25.1,0,0
325,Italy,2003,Europe,Government of Italy,0,0,0,0,0,0,0,0,0,0,0,0,0,0,25.1,0,0
325,Italy,2004,Europe,Government of Italy,0,0,0,0,0,0,0,0,0,0,0,0,0,0,25.1,0,0
325,Italy,2005,Europe,Government of Italy,0,0,0,0,0,0,0,0,0,0,0,0,0,0,25.1,0,0
325,Italy,2006,Europe,Government of Italy,0,0,0,0,0,0,0,0,0,0,0,0,0,0,25.1,0,0
325,Italy,2007,Europe,Government of Italy,0,0,0,0,0,0,0,0,0,0,0,0,0,0,25.1,0,0
325,Italy,2008,Europe,Government of Italy,0,0,0,0,0,0,0,0,0,0,0,0,0,0,25.1,0,0
325,Italy,2009,Europe,Government of Italy,0,0,0,0,0,0,0,0,0,0,0,0,0,0,25.1,0,0
325,Italy,2010,Europe,Government of Italy,0,0,0,0,0,0,0,0,0,0,0,0,0,0,25.1,0,0
325,Italy,2011,Europe,Government of Italy,0,0,0,0,0,0,0,0,0,0,0,0,0,0,25.1,0,0
325,Italy,2012,Europe,Government of Italy,0,0,0,0,0,0,0,0,0,0,0,0,0,0,25.1,0,0
325,Italy,2013,Europe,Government of Italy,0,0,0,0,0,0,0,0,0,0,0,0,0,0,25.1,0,0
325,Italy,2014,Europe,Government of Italy,0,0,0,0,0,0,0,0,0,0,0,0,0,0,25.1,0,0
325,Italy,2015,Europe,Government of Italy,0,0,0,0,0,0,0,0,0,0,0,0,0,0,25.1,0,0
325,Italy,2016,Europe,Government of Italy,0,0,0,0,0,0,0,0,0,0,0,0,0,0,25.1,0,0
325,Italy,2017,Europe,Government of Italy,0,0,0,0,0,0,0,0,0,0,0,0,0,0,25.1,0,0
325,Italy,2018,Europe,Government of Italy,0,0,0,0,0,0,0,0,0,0,0,0,0,0,25.1,0,0
325,Italy,2019,Europe,Government of Italy,0,0,0,0,0,0,0,0,0,0,0,0,0,0,25.1,0,0
325,Italy,2020,Europe,Government of Italy,0,0,0,0,0,0,0,0,0,0,0,0,0,0,25.1,0,0
325,Italy,2021,Europe,Government of Italy,0,0,0,0,0,0,0,0,0,0,0,0,0,0,25.1,0,0
325,Italy,2022,Europe,Government of Italy,0,0,0,0,0,0,0,0,0,0,0,0,0,0,25.1,0,0
325,Italy,2023,Europe,Government of Italy,0,0,0,0,0,0,0,0,0,0,0,0,0,0,25.1,0,0
327,Vatican City State,1989,Europe,Government of Vatican City State,0,0,0,0,0,0,0,0,0,0,0,0,0,0,25.1,0,0
327,Vatican City State,1990,Europe,Government of Vatican City State,0,0,0,0,0,0,0,0,0,0,0,0,0,0,25.1,0,0
327,Vatican City State,1991,Europe,Government of Vatican City State,0,0,0,0,0,0,0,0,0,0,0,0,0,0,25.1,0,0
327,Vatican City State,1992,Europe,Government of Vatican City State,0,0,0,0,0,0,0,0,0,0,0,0,0,0,25.1,0,0
327,Vatican City State,1993,Europe,Government of Vatican City State,0,0,0,0,0,0,0,0,0,0,0,0,0,0,25.1,0,0
327,Vatican City State,1994,Europe,Government of Vatican City State,0,0,0,0,0,0,0,0,0,0,0,0,0,0,25.1,0,0
327,Vatican City State,1995,Europe,Government of Vatican City State,0,0,0,0,0,0,0,0,0,0,0,0,0,0,25.1,0,0
327,Vatican City State,1996,Europe,Government of Vatican City State,0,0,0,0,0,0,0,0,0,0,0,0,0,0,25.1,0,0
327,Vatican City State,1997,Europe,Government of Vatican City State,0,0,0,0,0,0,0,0,0,0,0,0,0,0,25.1,0,0
327,Vatican City State,1998,Europe,Government of Vatican City State,0,0,0,0,0,0,0,0,0,0,0,0,0,0,25.1,0,0
327,Vatican City State,1999,Europe,Government of Vatican City State,0,0,0,0,0,0,0,0,0,0,0,0,0,0,25.1,0,0
327,Vatican City State,2000,Europe,Government of Vatican City State,0,0,0,0,0,0,0,0,0,0,0,0,0,0,25.1,0,0
327,Vatican City State,2001,Europe,Government of Vatican City State,0,0,0,0,0,0,0,0,0,0,0,0,0,0,25.1,0,0
327,Vatican City State,2002,Europe,Government of Vatican City State,0,0,0,0,0,0,0,0,0,0,0,0,0,0,25.1,0,0
327,Vatican City State,2003,Europe,Government of Vatican City State,0,0,0,0,0,0,0,0,0,0,0,0,0,0,25.1,0,0
327,Vatican City State,2004,Europe,Government of Vatican City State,0,0,0,0,0,0,0,0,0,0,0,0,0,0,25.1,0,0
327,Vatican City State,2005,Europe,Government of Vatican City State,0,0,0,0,0,0,0,0,0,0,0,0,0,0,25.1,0,0
327,Vatican City State,2006,Europe,Government of Vatican City State,0,0,0,0,0,0,0,0,0,0,0,0,0,0,25.1,0,0
327,Vatican City State,2007,Europe,Government of Vatican City State,0,0,0,0,0,0,0,0,0,0,0,0,0,0,25.1,0,0
327,Vatican City State,2008,Europe,Government of Vatican City State,0,0,0,0,0,0,0,0,0,0,0,0,0,0,25.1,0,0
327,Vatican City State,2009,Europe,Government of Vatican City State,0,0,0,0,0,0,0,0,0,0,0,0,0,0,25.1,0,0
327,Vatican City State,2010,Europe,Government of Vatican City State,0,0,0,0,0,0,0,0,0,0,0,0,0,0,25.1,0,0
327,Vatican City State,2011,Europe,Government of Vatican City State,0,0,0,0,0,0,0,0,0,0,0,0,0,0,25.1,0,0
327,Vatican City State,2012,Europe,Government of Vatican City State,0,0,0,0,0,0,0,0,0,0,0,0,0,0,25.1,0,0
327,Vatican City State,2013,Europe,Government of Vatican City State,0,0,0,0,0,0,0,0,0,0,0,0,0,0,25.1,0,0
327,Vatican City State,2014,Europe,Government of Vatican City State,0,0,0,0,0,0,0,0,0,0,0,0,0,0,25.1,0,0
327,Vatican City State,2015,Europe,Government of Vatican City State,0,0,0,0,0,0,0,0,0,0,0,0,0,0,25.1,0,0
327,Vatican City State,2016,Europe,Government of Vatican City State,0,0,0,0,0,0,0,0,0,0,0,0,0,0,25.1,0,0
327,Vatican City State,2017,Europe,Government of Vatican City State,0,0,0,0,0,0,0,0,0,0,0,0,0,0,25.1,0,0
327,Vatican City State,2018,Europe,Government of Vatican City State,0,0,0,0,0,0,0,0,0,0,0,0,0,0,25.1,0,0
327,Vatican City State,2019,Europe,Government of Vatican City State,0,0,0,0,0,0,0,0,0,0,0,0,0,0,25.1,0,0
327,Vatican City State,2020,Europe,Government of Vatican City State,0,0,0,0,0,0,0,0,0,0,0,0,0,0,25.1,0,0
327,Vatican City State,2021,Europe,Government of Vatican City State,0,0,0,0,0,0,0,0,0,0,0,0,0,0,25.1,0,0
327,Vatican City State,2022,Europe,Government of Vatican City State,0,0,0,0,0,0,0,0,0,0,0,0,0,0,25.1,0,0
327,Vatican City State,2023,Europe,Government of Vatican City State,0,0,0,0,0,0,0,0,0,0,0,0,0,0,25.1,0,0
331,San Marino,1989,Europe,Government of San Marino,0,0,0,0,0,0,0,0,0,0,0,0,0,0,25.1,0,0
331,San Marino,1990,Europe,Government of San Marino,0,0,0,0,0,0,0,0,0,0,0,0,0,0,25.1,0,0
331,San Marino,1991,Europe,Government of San Marino,0,0,0,0,0,0,0,0,0,0,0,0,0,0,25.1,0,0
331,San Marino,1992,Europe,Government of San Marino,0,0,0,0,0,0,0,0,0,0,0,0,0,0,25.1,0,0
331,San Marino,1993,Europe,Government of San Marino,0,0,0,0,0,0,0,0,0,0,0,0,0,0,25.1,0,0
331,San Marino,1994,Europe,Government of San Marino,0,0,0,0,0,0,0,0,0,0,0,0,0,0,25.1,0,0
331,San Marino,1995,Europe,Government of San Marino,0,0,0,0,0,0,0,0,0,0,0,0,0,0,25.1,0,0
331,San Marino,1996,Europe,Government of San Marino,0,0,0,0,0,0,0,0,0,0,0,0,0,0,25.1,0,0
331,San Marino,1997,Europe,Government of San Marino,0,0,0,0,0,0,0,0,0,0,0,0,0,0,25.1,0,0
331,San Marino,1998,Europe,Government of San Marino,0,0,0,0,0,0,0,0,0,0,0,0,0,0,25.1,0,0
331,San Marino,1999,Europe,Government of San Marino,0,0,0,0,0,0,0,0,0,0,0,0,0,0,25.1,0,0
331,San Marino,2000,Europe,Government of San Marino,0,0,0,0,0,0,0,0,0,0,0,0,0,0,25.1,0,0
331,San Marino,2001,Europe,Government of San Marino,0,0,0,0,0,0,0,0,0,0,0,0,0,0,25.1,0,0
331,San Marino,2002,Europe,Government of San Marino,0,0,0,0,0,0,0,0,0,0,0,0,0,0,25.1,0,0
331,San Marino,2003,Europe,Government of San Marino,0,0,0,0,0,0,0,0,0,0,0,0,0,0,25.1,0,0
331,San Marino,2004,Europe,Government of San Marino,0,0,0,0,0,0,0,0,0,0,0,0,0,0,25.1,0,0
331,San Marino,2005,Europe,Government of San Marino,0,0,0,0,0,0,0,0,0,0,0,0,0,0,25.1,0,0
331,San Marino,2006,Europe,Government of San Marino,0,0,0,0,0,0,0,0,0,0,0,0,0,0,25.1,0,0
331,San Marino,2007,Europe,Government of San Marino,0,0,0,0,0,0,0,0,0,0,0,0,0,0,25.1,0,0
331,San Marino,2008,Europe,Government of San Marino,0,0,0,0,0,0,0,0,0,0,0,0,0,0,25.1,0,0
331,San Marino,2009,Europe,Government of San Marino,0,0,0,0,0,0,0,0,0,0,0,0,0,0,25.1,0,0
331,San Marino,2010,Europe,Government of San Marino,0,0,0,0,0,0,0,0,0,0,0,0,0,0,25.1,0,0
331,San Marino,2011,Europe,Government of San Marino,0,0,0,0,0,0,0,0,0,0,0,0,0,0,25.1,0,0
331,San Marino,2012,Europe,Government of San Marino,0,0,0,0,0,0,0,0,0,0,0,0,0,0,25.1,0,0
331,San Marino,2013,Europe,Government of San Marino,0,0,0,0,0,0,0,0,0,0,0,0,0,0,25.1,0,0
331,San Marino,2014,Europe,Government of San Marino,0,0,0,0,0,0,0,0,0,0,0,0,0,0,25.1,0,0
331,San Marino,2015,Europe,Government of San Marino,0,0,0,0,0,0,0,0,0,0,0,0,0,0,25.1,0,0
331,San Marino,2016,Europe,Government of San Marino,0,0,0,0,0,0,0,0,0,0,0,0,0,0,25.1,0,0
331,San Marino,2017,Europe,Government of San Marino,0,0,0,0,0,0,0,0,0,0,0,0,0,0,25.1,0,0
331,San Marino,2018,Europe,Government of San Marino,0,0,0,0,0,0,0,0,0,0,0,0,0,0,25.1,0,0
331,San Marino,2019,Europe,Government of San Marino,0,0,0,0,0,0,0,0,0,0,0,0,0,0,25.1,0,0
331,San Marino,2020,Europe,Government of San Marino,0,0,0,0,0,0,0,0,0,0,0,0,0,0,25.1,0,0
331,San Marino,2021,Europe,Government of San Marino,0,0,0,0,0,0,0,0,0,0,0,0,0,0,25.1,0,0
331,San Marino,2022,Europe,Government of San Marino,0,0,0,0,0,0,0,0,0,0,0,0,0,0,25.1,0,0
331,San Marino,2023,Europe,Government of San Marino,0,0,0,0,0,0,0,0,0,0,0,0,0,0,25.1,0,0
338,Malta,1989,Europe,Government of Malta,0,0,0,0,0,0,0,0,0,0,0,0,0,0,25.1,0,0
338,Malta,1990,Europe,Government of Malta,0,0,0,0,0,0,0,0,0,0,0,0,0,0,25.1,0,0
338,Malta,1991,Europe,Government of Malta,0,0,0,0,0,0,0,0,0,0,0,0,0,0,25.1,0,0
338,Malta,1992,Europe,Government of Malta,0,0,0,0,0,0,0,0,0,0,0,0,0,0,25.1,0,0
338,Malta,1993,Europe,Government of Malta,0,0,0,0,0,0,0,0,0,0,0,0,0,0,25.1,0,0
338,Malta,1994,Europe,Government of Malta,0,0,0,0,0,0,0,0,0,0,0,0,0,0,25.1,0,1
338,Malta,1995,Europe,Government of Malta,1,1,0,1,0,0,0,0,0,0,0,0,0,0,25.1,1,0
338,Malta,1996,Europe,Government of Malta,0,0,0,0,0,0,0,0,0,0,0,0,0,0,25.1,0,0
338,Malta,1997,Europe,Government of Malta,0,0,0,0,0,0,0,0,0,0,0,0,0,0,25.1,0,0
338,Malta,1998,Europe,Government of Malta,0,0,0,0,0,0,0,0,0,0,0,0,0,0,25.1,0,0
338,Malta,1999,Europe,Government of Malta,0,0,0,0,0,0,0,0,0,0,0,0,0,0,25.1,0,0
338,Malta,2000,Europe,Government of Malta,0,0,0,0,0,0,0,0,0,0,0,0,0,0,25.1,0,0
338,Malta,2001,Europe,Government of Malta,0,0,0,0,0,0,0,0,0,0,0,0,0,0,25.1,0,0
338,Malta,2002,Europe,Government of Malta,0,0,0,0,0,0,0,0,0,0,0,0,0,0,25.1,0,0
338,Malta,2003,Europe,Government of Malta,0,0,0,0,0,0,0,0,0,0,0,0,0,0,25.1,0,0
338,Malta,2004,Europe,Government of Malta,0,0,0,0,0,0,0,0,0,0,0,0,0,0,25.1,0,0
338,Malta,2005,Europe,Government of Malta,0,0,0,0,0,0,0,0,0,0,0,0,0,0,25.1,0,0
338,Malta,2006,Europe,Government of Malta,0,0,0,0,0,0,0,0,0,0,0,0,0,0,25.1,0,0
338,Malta,2007,Europe,Government of Malta,0,0,0,0,0,0,0,0,0,0,0,0,0,0,25.1,0,0
338,Malta,2008,Europe,Government of Malta,0,0,0,0,0,0,0,0,0,0,0,0,0,0,25.1,0,0
338,Malta,2009,Europe,Government of Malta,0,0,0,0,0,0,0,0,0,0,0,0,0,0,25.1,0,0
338,Malta,2010,Europe,Government of Malta,0,0,0,0,0,0,0,0,0,0,0,0,0,0,25.1,0,0
338,Malta,2011,Europe,Government of Malta,0,0,0,0,0,0,0,0,0,0,0,0,0,0,25.1,0,0
338,Malta,2012,Europe,Government of Malta,0,0,0,0,0,0,0,0,0,0,0,0,0,0,25.1,0,0
338,Malta,2013,Europe,Government of Malta,0,0,0,0,0,0,0,0,0,0,0,0,0,0,25.1,0,0
338,Malta,2014,Europe,Government of Malta,0,0,0,0,0,0,0,0,0,0,0,0,0,0,25.1,0,0
338,Malta,2015,Europe,Government of Malta,0,0,0,0,0,0,0,0,0,0,0,0,0,0,25.1,0,0
338,Malta,2016,Europe,Government of Malta,0,0,0,0,0,0,0,0,0,0,0,0,0,0,25.1,0,0
338,Malta,2017,Europe,Government of Malta,0,0,0,0,0,0,0,0,0,0,0,0,0,0,25.1,0,0
338,Malta,2018,Europe,Government of Malta,0,0,0,0,0,0,0,0,0,0,0,0,0,0,25.1,0,0
338,Malta,2019,Europe,Government of Malta,0,0,0,0,0,0,0,0,0,0,0,0,0,0,25.1,0,0
338,Malta,2020,Europe,Government of Malta,0,0,0,0,0,0,0,0,0,0,0,0,0,0,25.1,0,0
338,Malta,2021,Europe,Government of Malta,0,0,0,0,0,0,0,0,0,0,0,0,0,0,25.1,0,0
338,Malta,2022,Europe,Government of Malta,0,0,0,0,0,0,0,0,0,0,0,0,0,0,25.1,0,0
338,Malta,2023,Europe,Government of Malta,0,0,0,0,0,0,0,0,0,0,0,0,0,0,25.1,0,0
339,Albania,1989,Europe,Government of Albania,0,0,0,0,0,0,0,0,0,0,0,0,0,0,25.1,0,0
339,Albania,1990,Europe,Government of Albania,0,0,0,0,0,0,0,0,0,0,0,0,0,0,25.1,0,0
339,Albania,1991,Europe,Government of Albania,0,0,0,0,0,0,0,0,0,0,0,0,0,0,25.1,0,0
339,Albania,1992,Europe,Government of Albania,0,0,0,0,0,0,0,0,0,0,0,0,0,0,25.1,0,0
339,Albania,1993,Europe,Government of Albania,0,0,0,0,0,0,0,0,0,0,0,0,0,0,25.1,0,0
339,Albania,1994,Europe,Government of Albania,0,0,0,0,0,0,0,0,0,0,0,0,0,0,25.1,0,0
339,Albania,1995,Europe,Government of Albania,0,0,0,0,0,0,0,0,0,0,0,0,0,0,25.1,0,0
339,Albania,1996,Europe,Government of Albania,0,0,0,0,0,0,0,0,0,0,0,0,0,0,25.1,0,0
339,Albania,1997,Europe,Government of Albania,0,0,0,0,0,0,0,0,0,0,0,0,0,0,25.1,0,0
339,Albania,1998,Europe,Government of Albania,0,0,0,0,0,0,0,0,0,0,0,0,0,0,25.1,0,1
339,Albania,1999,Europe,Government of Albania,1,1,26,1,26,0,0,0,0,0,0,0,0,26,25.1,1,0
339,Albania,2000,Europe,Government of Albania,0,0,0,0,0,0,0,0,0,0,0,0,0,0,25.1,0,0
339,Albania,2001,Europe,Government of Albania,0,0,0,0,0,0,0,0,0,0,0,0,0,0,25.1,0,0
339,Albania,2002,Europe,Government of Albania,0,0,0,0,0,0,0,0,0,0,0,0,0,0,25.1,0,0
339,Albania,2003,Europe,Government of Albania,0,0,0,0,0,0,0,0,0,0,0,0,0,0,25.1,0,0
339,Albania,2004,Europe,Government of Albania,0,0,0,0,0,0,0,0,0,0,0,0,0,0,25.1,0,0
339,Albania,2005,Europe,Government of Albania,0,0,0,0,0,0,0,0,0,0,0,0,0,0,25.1,0,0
339,Albania,2006,Europe,Government of Albania,0,0,0,0,0,0,0,0,0,0,0,0,0,0,25.1,0,0
339,Albania,2007,Europe,Government of Albania,0,0,0,0,0,0,0,0,0,0,0,0,0,0,25.1,0,0
339,Albania,2008,Europe,Government of Albania,0,0,0,0,0,0,0,0,0,0,0,0,0,0,25.1,0,0
339,Albania,2009,Europe,Government of Albania,0,0,0,0,0,0,0,0,0,0,0,0,0,0,25.1,0,0
339,Albania,2010,Europe,Government of Albania,0,0,0,0,0,0,0,0,0,0,0,0,0,0,25.1,0,0
339,Albania,2011,Europe,Government of Albania,0,0,0,0,0,0,0,0,0,0,0,0,0,0,25.1,0,0
339,Albania,2012,Europe,Government of Albania,0,0,0,0,0,0,0,0,0,0,0,0,0,0,25.1,0,0
339,Albania,2013,Europe,Government of Albania,0,0,0,0,0,0,0,0,0,0,0,0,0,0,25.1,0,0
339,Albania,2014,Europe,Government of Albania,0,0,0,0,0,0,0,0,0,0,0,0,0,0,25.1,0,0
339,Albania,2015,Europe,Government of Albania,0,0,0,0,0,0,0,0,0,0,0,0,0,0,25.1,0,0
339,Albania,2016,Europe,Government of Albania,0,0,0,0,0,0,0,0,0,0,0,0,0,0,25.1,0,0
339,Albania,2017,Europe,Government of Albania,0,0,0,0,0,0,0,0,0,0,0,0,0,0,25.1,0,0
339,Albania,2018,Europe,Government of Albania,0,0,0,0,0,0,0,0,0,0,0,0,0,0,25.1,0,0
339,Albania,2019,Europe,Government of Albania,0,0,0,0,0,0,0,0,0,0,0,0,0,0,25.1,0,0
339,Albania,2020,Europe,Government of Albania,0,0,0,0,0,0,0,0,0,0,0,0,0,0,25.1,0,0
339,Albania,2021,Europe,Government of Albania,0,0,0,0,0,0,0,0,0,0,0,0,0,0,25.1,0,0
339,Albania,2022,Europe,Government of Albania,0,0,0,0,0,0,0,0,0,0,0,0,0,0,25.1,0,0
339,Albania,2023,Europe,Government of Albania,0,0,0,0,0,0,0,0,0,0,0,0,0,0,25.1,0,0
341,Montenegro,2006,Europe,Government of Montenegro,0,0,0,0,0,0,0,0,0,0,0,0,0,0,25.1,0,0
341,Montenegro,2007,Europe,Government of Montenegro,0,0,0,0,0,0,0,0,0,0,0,0,0,0,25.1,0,0
341,Montenegro,2008,Europe,Government of Montenegro,0,0,0,0,0,0,0,0,0,0,0,0,0,0,25.1,0,0
341,Montenegro,2009,Europe,Government of Montenegro,0,0,0,0,0,0,0,0,0,0,0,0,0,0,25.1,0,0
341,Montenegro,2010,Europe,Government of Montenegro,0,0,0,0,0,0,0,0,0,0,0,0,0,0,25.1,0,0
341,Montenegro,2011,Europe,Government of Montenegro,0,0,0,0,0,0,0,0,0,0,0,0,0,0,25.1,0,0
341,Montenegro,2012,Europe,Government of Montenegro,0,0,0,0,0,0,0,0,0,0,0,0,0,0,25.1,0,0
341,Montenegro,2013,Europe,Government of Montenegro,0,0,0,0,0,0,0,0,0,0,0,0,0,0,25.1,0,0
341,Montenegro,2014,Europe,Government of Montenegro,0,0,0,0,0,0,0,0,0,0,0,0,0,0,25.1,0,0
341,Montenegro,2015,Europe,Government of Montenegro,0,0,0,0,0,0,0,0,0,0,0,0,0,0,25.1,0,0
341,Montenegro,2016,Europe,Government of Montenegro,0,0,0,0,0,0,0,0,0,0,0,0,0,0,25.1,0,0
341,Montenegro,2017,Europe,Government of Montenegro,0,0,0,0,0,0,0,0,0,0,0,0,0,0,25.1,0,0
341,Montenegro,2018,Europe,Government of Montenegro,0,0,0,0,0,0,0,0,0,0,0,0,0,0,25.1,0,0
341,Montenegro,2019,Europe,Government of Montenegro,0,0,0,0,0,0,0,0,0,0,0,0,0,0,25.1,0,0
341,Montenegro,2020,Europe,Government of Montenegro,0,0,0,0,0,0,0,0,0,0,0,0,0,0,25.1,0,0
341,Montenegro,2021,Europe,Government of Montenegro,0,0,0,0,0,0,0,0,0,0,0,0,0,0,25.1,0,0
341,Montenegro,2022,Europe,Government of Montenegro,0,0,0,0,0,0,0,0,0,0,0,0,0,0,25.1,0,0
341,Montenegro,2023,Europe,Government of Montenegro,0,0,0,0,0,0,0,0,0,0,0,0,0,0,25.1,0,0
343,North Macedonia,1991,Europe,Government of North Macedonia,0,0,0,0,0,0,0,0,0,0,0,0,0,0,25.1,0,0
343,North Macedonia,1992,Europe,Government of North Macedonia,0,0,0,0,0,0,0,0,0,0,0,0,0,0,25.1,0,0
343,North Macedonia,1993,Europe,Government of North Macedonia,0,0,0,0,0,0,0,0,0,0,0,0,0,0,25.1,0,0
343,North Macedonia,1994,Europe,Government of North Macedonia,0,0,0,0,0,0,0,0,0,0,0,0,0,0,25.1,0,0
343,North Macedonia,1995,Europe,Government of North Macedonia,0,0,0,0,0,0,0,0,0,0,0,0,0,0,25.1,0,0
343,North Macedonia,1996,Europe,Government of North Macedonia,0,0,0,0,0,0,0,0,0,0,0,0,0,0,25.1,0,0
343,North Macedonia,1997,Europe,Government of North Macedonia,0,0,0,0,0,0,0,0,0,0,0,0,0,0,25.1,0,0
343,North Macedonia,1998,Europe,Government of North Macedonia,0,0,0,0,0,0,0,0,0,0,0,0,0,0,25.1,0,1
343,North Macedonia,1999,Europe,Government of North Macedonia,0,0,0,0,0,0,0,0,0,0,1,1,6,6,25.1,1,1
343,North Macedonia,2000,Europe,Government of North Macedonia,1,1,3,1,3,0,0,0,0,0,0,0,0,3,25.1,1,1
343,North Macedonia,2001,Europe,Government of North Macedonia,1,1,72,1,72,0,0,0,0,0,0,0,0,72,25.1,1,0
343,North Macedonia,2002,Europe,Government of North Macedonia,0,0,0,0,0,0,0,0,0,0,0,0,0,0,25.1,0,0
343,North Macedonia,2003,Europe,Government of North Macedonia,0,0,0,0,0,0,0,0,0,0,0,0,0,0,25.1,0,0
343,North Macedonia,2004,Europe,Government of North Macedonia,0,0,0,0,0,0,0,0,0,0,0,0,0,0,25.1,0,0
343,North Macedonia,2005,Europe,Government of North Macedonia,0,0,0,0,0,0,0,0,0,0,0,0,0,0,25.1,0,0
343,North Macedonia,2006,Europe,Government of North Macedonia,0,0,0,0,0,0,0,0,0,0,0,0,0,0,25.1,0,0
343,North Macedonia,2007,Europe,Government of North Macedonia,0,0,0,0,0,0,0,0,0,0,0,0,0,0,25.1,0,0
343,North Macedonia,2008,Europe,Government of North Macedonia,0,0,0,0,0,0,0,0,0,0,0,0,0,0,25.1,0,0
343,North Macedonia,2009,Europe,Government of North Macedonia,0,0,0,0,0,0,0,0,0,0,0,0,0,0,25.1,0,0
343,North Macedonia,2010,Europe,Government of North Macedonia,0,0,0,0,0,0,0,0,0,0,0,0,0,0,25.1,0,0
343,North Macedonia,2011,Europe,Government of North Macedonia,0,0,0,0,0,0,0,0,0,0,0,0,0,0,25.1,0,0
343,North Macedonia,2012,Europe,Government of North Macedonia,0,0,0,0,0,0,0,0,0,0,0,0,0,0,25.1,0,0
343,North Macedonia,2013,Europe,Government of North Macedonia,0,0,0,0,0,0,0,0,0,0,0,0,0,0,25.1,0,0
343,North Macedonia,2014,Europe,Government of North Macedonia,0,0,0,0,0,0,0,0,0,0,0,0,0,0,25.1,0,0
343,North Macedonia,2015,Europe,Government of North Macedonia,0,0,0,0,0,0,0,0,0,0,0,0,0,0,25.1,0,0
343,North Macedonia,2016,Europe,Government of North Macedonia,0,0,0,0,0,0,0,0,0,0,0,0,0,0,25.1,0,0
343,North Macedonia,2017,Europe,Government of North Macedonia,0,0,0,0,0,0,0,0,0,0,0,0,0,0,25.1,0,0
343,North Macedonia,2018,Europe,Government of North Macedonia,0,0,0,0,0,0,0,0,0,0,0,0,0,0,25.1,0,0
343,North Macedonia,2019,Europe,Government of North Macedonia,0,0,0,0,0,0,0,0,0,0,0,0,0,0,25.1,0,0
343,North Macedonia,2020,Europe,Government of North Macedonia,0,0,0,0,0,0,0,0,0,0,0,0,0,0,25.1,0,0
343,North Macedonia,2021,Europe,Government of North Macedonia,0,0,0,0,0,0,0,0,0,0,0,0,0,0,25.1,0,0
343,North Macedonia,2022,Europe,Government of North Macedonia,0,0,0,0,0,0,0,0,0,0,0,0,0,0,25.1,0,0
343,North Macedonia,2023,Europe,Government of North Macedonia,0,0,0,0,0,0,0,0,0,0,0,0,0,0,25.1,0,0
344,Croatia,1992,Europe,Government of Croatia,1,3,142,1,142,0,0,0,0,0,0,0,0,142,25.1,1,1
344,Croatia,1993,Europe,Government of Croatia,1,1,345,1,345,0,0,0,0,0,1,1,28,373,25.1,1,0
344,Croatia,1994,Europe,Government of Croatia,0,0,0,0,0,0,0,0,0,0,0,0,0,0,25.1,0,1
344,Croatia,1995,Europe,Government of Croatia,1,2,826,1,826,0,0,0,0,0,1,1,137,963,25.1,1,0
344,Croatia,1996,Europe,Government of Croatia,0,0,0,0,0,0,0,0,0,0,0,0,0,0,25.1,0,0
344,Croatia,1997,Europe,Government of Croatia,0,0,0,0,0,0,0,0,0,0,0,0,0,0,25.1,0,0
344,Croatia,1998,Europe,Government of Croatia,0,0,0,0,0,0,0,0,0,0,0,0,0,0,25.1,0,0
344,Croatia,1999,Europe,Government of Croatia,0,0,0,0,0,0,0,0,0,0,0,0,0,0,25.1,0,0
344,Croatia,2000,Europe,Government of Croatia,0,0,0,0,0,0,0,0,0,0,0,0,0,0,25.1,0,0
344,Croatia,2001,Europe,Government of Croatia,0,0,0,0,0,0,0,0,0,0,0,0,0,0,25.1,0,0
344,Croatia,2002,Europe,Government of Croatia,0,0,0,0,0,0,0,0,0,0,0,0,0,0,25.1,0,0
344,Croatia,2003,Europe,Government of Croatia,0,0,0,0,0,0,0,0,0,0,0,0,0,0,25.1,0,0
344,Croatia,2004,Europe,Government of Croatia,0,0,0,0,0,0,0,0,0,0,0,0,0,0,25.1,0,0
344,Croatia,2005,Europe,Government of Croatia,0,0,0,0,0,0,0,0,0,0,0,0,0,0,25.1,0,0
344,Croatia,2006,Europe,Government of Croatia,0,0,0,0,0,0,0,0,0,0,0,0,0,0,25.1,0,0
344,Croatia,2007,Europe,Government of Croatia,0,0,0,0,0,0,0,0,0,0,0,0,0,0,25.1,0,0
344,Croatia,2008,Europe,Government of Croatia,0,0,0,0,0,0,0,0,0,0,0,0,0,0,25.1,0,0
344,Croatia,2009,Europe,Government of Croatia,0,0,0,0,0,0,0,0,0,0,0,0,0,0,25.1,0,0
344,Croatia,2010,Europe,Government of Croatia,0,0,0,0,0,0,0,0,0,0,0,0,0,0,25.1,0,0
344,Croatia,2011,Europe,Government of Croatia,0,0,0,0,0,0,0,0,0,0,0,0,0,0,25.1,0,0
344,Croatia,2012,Europe,Government of Croatia,0,0,0,0,0,0,0,0,0,0,0,0,0,0,25.1,0,0
344,Croatia,2013,Europe,Government of Croatia,0,0,0,0,0,0,0,0,0,0,0,0,0,0,25.1,0,0
344,Croatia,2014,Europe,Government of Croatia,0,0,0,0,0,0,0,0,0,0,0,0,0,0,25.1,0,0
344,Croatia,2015,Europe,Government of Croatia,0,0,0,0,0,0,0,0,0,0,0,0,0,0,25.1,0,0
344,Croatia,2016,Europe,Government of Croatia,0,0,0,0,0,0,0,0,0,0,0,0,0,0,25.1,0,0
344,Croatia,2017,Europe,Government of Croatia,0,0,0,0,0,0,0,0,0,0,0,0,0,0,25.1,0,0
344,Croatia,2018,Europe,Government of Croatia,0,0,0,0,0,0,0,0,0,0,0,0,0,0,25.1,0,0
344,Croatia,2019,Europe,Government of Croatia,0,0,0,0,0,0,0,0,0,0,0,0,0,0,25.1,0,0
344,Croatia,2020,Europe,Government of Croatia,0,0,0,0,0,0,0,0,0,0,0,0,0,0,25.1,0,0
344,Croatia,2021,Europe,Government of Croatia,0,0,0,0,0,0,0,0,0,0,0,0,0,0,25.1,0,0
344,Croatia,2022,Europe,Government of Croatia,0,0,0,0,0,0,0,0,0,0,0,0,0,0,25.1,0,0
344,Croatia,2023,Europe,Government of Croatia,0,0,0,0,0,0,0,0,0,0,0,0,0,0,25.1,0,0
345,Serbia (Yugoslavia),1989,Europe,Government of Serbia (Yugoslavia),0,0,0,0,0,0,0,0,0,0,0,0,0,0,25.1,0,0
345,Serbia (Yugoslavia),1990,Europe,Government of Serbia (Yugoslavia),0,0,0,0,0,0,0,0,0,0,0,0,0,0,25.1,0,1
345,Serbia (Yugoslavia),1991,Europe,Government of Serbia (Yugoslavia),1,3,3022,1,3022,0,0,1,2,272,1,1,1,3295,25.1,1,1
345,Serbia (Yugoslavia),1992,Europe,Government of Serbia (Yugoslavia),1,3,207,1,207,0,0,1,3,1631,1,3,30,1868,25.1,1,0
345,Serbia (Yugoslavia),1993,Europe,Government of Serbia (Yugoslavia),0,0,0,0,0,0,0,0,0,0,0,0,0,0,25.1,0,0
345,Serbia (Yugoslavia),1994,Europe,Government of Serbia (Yugoslavia),0,0,0,0,0,0,0,0,0,0,0,0,0,0,25.1,0,1
345,Serbia (Yugoslavia),1995,Europe,Government of Serbia (Yugoslavia),0,0,0,0,0,0,0,0,0,0,1,2,0,0,25.1,1,1
345,Serbia (Yugoslavia),1996,Europe,Government of Serbia (Yugoslavia),1,1,2,1,2,0,0,0,0,0,0,0,0,2,25.1,1,1
345,Serbia (Yugoslavia),1997,Europe,Government of Serbia (Yugoslavia),1,1,7,1,7,0,0,0,0,0,1,1,2,9,25.1,1,1
345,Serbia (Yugoslavia),1998,Europe,Government of Serbia (Yugoslavia),1,1,1235,1,1235,0,0,0,0,0,1,1,211,1446,25.1,1,1
345,Serbia (Yugoslavia),1999,Europe,Government of Serbia (Yugoslavia),1,1,1378,1,1378,0,0,0,0,0,1,1,775,2153,25.1,1,0
345,Serbia (Yugoslavia),2000,Europe,Government of Serbia (Yugoslavia),0,0,0,0,0,0,0,0,0,0,0,0,0,0,25.1,0,1
345,Serbia (Yugoslavia),2001,Europe,Government of Serbia (Yugoslavia),1,1,0,1,0,0,0,0,0,0,0,0,0,0,25.1,1,0
345,Serbia (Yugoslavia),2002,Europe,Government of Serbia (Yugoslavia),0,0,0,0,0,0,0,0,0,0,0,0,0,0,25.1,0,0
345,Serbia (Yugoslavia),2003,Europe,Government of Serbia (Yugoslavia),0,0,0,0,0,0,0,0,0,0,0,0,0,0,25.1,0,0
345,Serbia (Yugoslavia),2004,Europe,Government of Serbia (Yugoslavia),0,0,0,0,0,0,0,0,0,0,0,0,0,0,25.1,0,0
345,Serbia (Yugoslavia),2005,Europe,Government of Serbia (Yugoslavia),0,0,0,0,0,0,0,0,0,0,0,0,0,0,25.1,0,0
345,Serbia (Yugoslavia),2006,Europe,Government of Serbia (Yugoslavia),0,0,0,0,0,0,0,0,0,0,0,0,0,0,25.1,0,0
345,Serbia (Yugoslavia),2007,Europe,Government of Serbia (Yugoslavia),0,0,0,0,0,0,0,0,0,0,0,0,0,0,25.1,0,0
345,Serbia (Yugoslavia),2008,Europe,Government of Serbia (Yugoslavia),0,0,0,0,0,0,0,0,0,0,0,0,0,0,25.1,0,0
345,Serbia (Yugoslavia),2009,Europe,Government of Serbia (Yugoslavia),0,0,0,0,0,0,0,0,0,0,0,0,0,0,25.1,0,0
345,Serbia (Yugoslavia),2010,Europe,Government of Serbia (Yugoslavia),0,0,0,0,0,0,0,0,0,0,0,0,0,0,25.1,0,0
345,Serbia (Yugoslavia),2011,Europe,Government of Serbia (Yugoslavia),0,0,0,0,0,0,0,0,0,0,0,0,0,0,25.1,0,0
345,Serbia (Yugoslavia),2012,Europe,Government of Serbia (Yugoslavia),0,0,0,0,0,0,0,0,0,0,0,0,0,0,25.1,0,0
345,Serbia (Yugoslavia),2013,Europe,Government of Serbia (Yugoslavia),0,0,0,0,0,0,0,0,0,0,0,0,0,0,25.1,0,0
345,Serbia (Yugoslavia),2014,Europe,Government of Serbia (Yugoslavia),0,0,0,0,0,0,0,0,0,0,0,0,0,0,25.1,0,0
345,Serbia (Yugoslavia),2015,Europe,Government of Serbia (Yugoslavia),0,0,0,0,0,0,0,0,0,0,0,0,0,0,25.1,0,0
345,Serbia (Yugoslavia),2016,Europe,Government of Serbia (Yugoslavia),0,0,0,0,0,0,0,0,0,0,0,0,0,0,25.1,0,0
345,Serbia (Yugoslavia),2017,Europe,Government of Serbia (Yugoslavia),0,0,0,0,0,0,0,0,0,0,0,0,0,0,25.1,0,0
345,Serbia (Yugoslavia),2018,Europe,Government of Serbia (Yugoslavia),0,0,0,0,0,0,0,0,0,0,0,0,0,0,25.1,0,0
345,Serbia (Yugoslavia),2019,Europe,Government of Serbia (Yugoslavia),0,0,0,0,0,0,0,0,0,0,0,0,0,0,25.1,0,0
345,Serbia (Yugoslavia),2020,Europe,Government of Serbia (Yugoslavia),0,0,0,0,0,0,0,0,0,0,0,0,0,0,25.1,0,0
345,Serbia (Yugoslavia),2021,Europe,Government of Serbia (Yugoslavia),0,0,0,0,0,0,0,0,0,0,0,0,0,0,25.1,0,0
345,Serbia (Yugoslavia),2022,Europe,Government of Serbia (Yugoslavia),0,0,0,0,0,0,0,0,0,0,0,0,0,0,25.1,0,0
345,Serbia (Yugoslavia),2023,Europe,Government of Serbia (Yugoslavia),0,0,0,0,0,0,0,0,0,0,0,0,0,0,25.1,0,0
346,Bosnia-Herzegovina,1992,Europe,Government of Bosnia-Herzegovina,1,5,20724,1,20724,0,0,0,0,0,1,4,4447,25171,25.1,1,1
346,Bosnia-Herzegovina,1993,Europe,Government of Bosnia-Herzegovina,1,6,13233,1,13233,0,0,1,1,1,1,3,553,13787,25.1,1,1
346,Bosnia-Herzegovina,1994,Europe,Government of Bosnia-Herzegovina,1,6,7022,1,7022,0,0,0,0,0,1,3,290,7312,25.1,1,1
346,Bosnia-Herzegovina,1995,Europe,Government of Bosnia-Herzegovina,1,4,8855,1,8855,0,0,0,0,0,1,4,8410,17265,25.1,1,0
346,Bosnia-Herzegovina,1996,Europe,Government of Bosnia-Herzegovina,0,0,0,0,0,0,0,0,0,0,0,0,0,0,25.1,0,0
346,Bosnia-Herzegovina,1997,Europe,Government of Bosnia-Herzegovina,0,0,0,0,0,0,0,0,0,0,0,0,0,0,25.1,0,0
346,Bosnia-Herzegovina,1998,Europe,Government of Bosnia-Herzegovina,0,0,0,0,0,0,0,0,0,0,0,0,0,0,25.1,0,0
346,Bosnia-Herzegovina,1999,Europe,Government of Bosnia-Herzegovina,0,0,0,0,0,0,0,0,0,0,0,0,0,0,25.1,0,0
346,Bosnia-Herzegovina,2000,Europe,Government of Bosnia-Herzegovina,0,0,0,0,0,0,0,0,0,0,0,0,0,0,25.1,0,0
346,Bosnia-Herzegovina,2001,Europe,Government of Bosnia-Herzegovina,0,0,0,0,0,0,0,0,0,0,0,0,0,0,25.1,0,0
346,Bosnia-Herzegovina,2002,Europe,Government of Bosnia-Herzegovina,0,0,0,0,0,0,0,0,0,0,0,0,0,0,25.1,0,0
346,Bosnia-Herzegovina,2003,Europe,Government of Bosnia-Herzegovina,0,0,0,0,0,0,0,0,0,0,0,0,0,0,25.1,0,0
346,Bosnia-Herzegovina,2004,Europe,Government of Bosnia-Herzegovina,0,0,0,0,0,0,0,0,0,0,0,0,0,0,25.1,0,0
346,Bosnia-Herzegovina,2005,Europe,Government of Bosnia-Herzegovina,0,0,0,0,0,0,0,0,0,0,0,0,0,0,25.1,0,0
346,Bosnia-Herzegovina,2006,Europe,Government of Bosnia-Herzegovina,0,0,0,0,0,0,0,0,0,0,0,0,0,0,25.1,0,0
346,Bosnia-Herzegovina,2007,Europe,Government of Bosnia-Herzegovina,0,0,0,0,0,0,0,0,0,0,0,0,0,0,25.1,0,0
346,Bosnia-Herzegovina,2008,Europe,Government of Bosnia-Herzegovina,0,0,0,0,0,0,0,0,0,0,0,0,0,0,25.1,0,0
346,Bosnia-Herzegovina,2009,Europe,Government of Bosnia-Herzegovina,0,0,0,0,0,0,0,0,0,0,0,0,0,0,25.1,0,0
346,Bosnia-Herzegovina,2010,Europe,Government of Bosnia-Herzegovina,0,0,0,0,0,0,0,0,0,0,0,0,0,0,25.1,0,0
346,Bosnia-Herzegovina,2011,Europe,Government of Bosnia-Herzegovina,0,0,0,0,0,0,0,0,0,0,0,0,0,0,25.1,0,0
346,Bosnia-Herzegovina,2012,Europe,Government of Bosnia-Herzegovina,0,0,0,0,0,0,0,0,0,0,0,0,0,0,25.1,0,0
346,Bosnia-Herzegovina,2013,Europe,Government of Bosnia-Herzegovina,0,0,0,0,0,0,0,0,0,0,0,0,0,0,25.1,0,0
346,Bosnia-Herzegovina,2014,Europe,Government of Bosnia-Herzegovina,0,0,0,0,0,0,0,0,0,0,0,0,0,0,25.1,0,0
346,Bosnia-Herzegovina,2015,Europe,Government of Bosnia-Herzegovina,0,0,0,0,0,0,0,0,0,0,0,0,0,0,25.1,0,0
346,Bosnia-Herzegovina,2016,Europe,Government of Bosnia-Herzegovina,0,0,0,0,0,0,0,0,0,0,0,0,0,0,25.1,0,0
346,Bosnia-Herzegovina,2017,Europe,Government of Bosnia-Herzegovina,0,0,0,0,0,0,0,0,0,0,0,0,0,0,25.1,0,0
346,Bosnia-Herzegovina,2018,Europe,Government of Bosnia-Herzegovina,0,0,0,0,0,0,0,0,0,0,0,0,0,0,25.1,0,0
346,Bosnia-Herzegovina,2019,Europe,Government of Bosnia-Herzegovina,0,0,0,0,0,0,0,0,0,0,0,0,0,0,25.1,0,0
346,Bosnia-Herzegovina,2020,Europe,Government of Bosnia-Herzegovina,0,0,0,0,0,0,0,0,0,0,0,0,0,0,25.1,0,0
346,Bosnia-Herzegovina,2021,Europe,Government of Bosnia-Herzegovina,0,0,0,0,0,0,0,0,0,0,0,0,0,0,25.1,0,0
346,Bosnia-Herzegovina,2022,Europe,Government of Bosnia-Herzegovina,0,0,0,0,0,0,0,0,0,0,0,0,0,0,25.1,0,0
346,Bosnia-Herzegovina,2023,Europe,Government of Bosnia-Herzegovina,0,0,0,0,0,0,0,0,0,0,0,0,0,0,25.1,0,0
347,Kosovo,2008,Europe,Government of Kosovo,0,0,0,0,0,0,0,0,0,0,0,0,0,0,25.1,0,0
347,Kosovo,2009,Europe,Government of Kosovo,0,0,0,0,0,0,0,0,0,0,0,0,0,0,25.1,0,0
347,Kosovo,2010,Europe,Government of Kosovo,0,0,0,0,0,0,0,0,0,0,0,0,0,0,25.1,0,0
347,Kosovo,2011,Europe,Government of Kosovo,0,0,0,0,0,0,0,0,0,0,0,0,0,0,25.1,0,0
347,Kosovo,2012,Europe,Government of Kosovo,0,0,0,0,0,0,0,0,0,0,0,0,0,0,25.1,0,0
347,Kosovo,2013,Europe,Government of Kosovo,0,0,0,0,0,0,0,0,0,0,0,0,0,0,25.1,0,0
347,Kosovo,2014,Europe,Government of Kosovo,0,0,0,0,0,0,0,0,0,0,0,0,0,0,25.1,0,0
347,Kosovo,2015,Europe,Government of Kosovo,0,0,0,0,0,0,0,0,0,0,0,0,0,0,25.1,0,0
347,Kosovo,2016,Europe,Government of Kosovo,0,0,0,0,0,0,0,0,0,0,0,0,0,0,25.1,0,0
347,Kosovo,2017,Europe,Government of Kosovo,0,0,0,0,0,0,0,0,0,0,0,0,0,0,25.1,0,0
347,Kosovo,2018,Europe,Government of Kosovo,0,0,0,0,0,0,0,0,0,0,0,0,0,0,25.1,0,0
347,Kosovo,2019,Europe,Government of Kosovo,0,0,0,0,0,0,0,0,0,0,0,0,0,0,25.1,0,0
347,Kosovo,2020,Europe,Government of Kosovo,0,0,0,0,0,0,0,0,0,0,0,0,0,0,25.1,0,0
347,Kosovo,2021,Europe,Government of Kosovo,0,0,0,0,0,0,0,0,0,0,0,0,0,0,25.1,0,0
347,Kosovo,2022,Europe,Government of Kosovo,0,0,0,0,0,0,0,0,0,0,0,0,0,0,25.1,0,0
347,Kosovo,2023,Europe,Government of Kosovo,0,0,0,0,0,0,0,0,0,0,0,0,0,0,25.1,0,0
349,Slovenia,1992,Europe,Government of Slovenia,0,0,0,0,0,0,0,0,0,0,0,0,0,0,25.1,0,0
349,Slovenia,1993,Europe,Government of Slovenia,0,0,0,0,0,0,0,0,0,0,0,0,0,0,25.1,0,0
349,Slovenia,1994,Europe,Government of Slovenia,0,0,0,0,0,0,0,0,0,0,0,0,0,0,25.1,0,0
349,Slovenia,1995,Europe,Government of Slovenia,0,0,0,0,0,0,0,0,0,0,0,0,0,0,25.1,0,0
349,Slovenia,1996,Europe,Government of Slovenia,0,0,0,0,0,0,0,0,0,0,0,0,0,0,25.1,0,0
349,Slovenia,1997,Europe,Government of Slovenia,0,0,0,0,0,0,0,0,0,0,0,0,0,0,25.1,0,0
349,Slovenia,1998,Europe,Government of Slovenia,0,0,0,0,0,0,0,0,0,0,0,0,0,0,25.1,0,0
349,Slovenia,1999,Europe,Government of Slovenia,0,0,0,0,0,0,0,0,0,0,0,0,0,0,25.1,0,0
349,Slovenia,2000,Europe,Government of Slovenia,0,0,0,0,0,0,0,0,0,0,0,0,0,0,25.1,0,0
349,Slovenia,2001,Europe,Government of Slovenia,0,0,0,0,0,0,0,0,0,0,0,0,0,0,25.1,0,0
349,Slovenia,2002,Europe,Government of Slovenia,0,0,0,0,0,0,0,0,0,0,0,0,0,0,25.1,0,0
349,Slovenia,2003,Europe,Government of Slovenia,0,0,0,0,0,0,0,0,0,0,0,0,0,0,25.1,0,0
349,Slovenia,2004,Europe,Government of Slovenia,0,0,0,0,0,0,0,0,0,0,0,0,0,0,25.1,0,0
349,Slovenia,2005,Europe,Government of Slovenia,0,0,0,0,0,0,0,0,0,0,0,0,0,0,25.1,0,0
349,Slovenia,2006,Europe,Government of Slovenia,0,0,0,0,0,0,0,0,0,0,0,0,0,0,25.1,0,0
349,Slovenia,2007,Europe,Government of Slovenia,0,0,0,0,0,0,0,0,0,0,0,0,0,0,25.1,0,0
349,Slovenia,2008,Europe,Government of Slovenia,0,0,0,0,0,0,0,0,0,0,0,0,0,0,25.1,0,0
349,Slovenia,2009,Europe,Government of Slovenia,0,0,0,0,0,0,0,0,0,0,0,0,0,0,25.1,0,0
349,Slovenia,2010,Europe,Government of Slovenia,0,0,0,0,0,0,0,0,0,0,0,0,0,0,25.1,0,0
349,Slovenia,2011,Europe,Government of Slovenia,0,0,0,0,0,0,0,0,0,0,0,0,0,0,25.1,0,0
349,Slovenia,2012,Europe,Government of Slovenia,0,0,0,0,0,0,0,0,0,0,0,0,0,0,25.1,0,0
349,Slovenia,2013,Europe,Government of Slovenia,0,0,0,0,0,0,0,0,0,0,0,0,0,0,25.1,0,0
349,Slovenia,2014,Europe,Government of Slovenia,0,0,0,0,0,0,0,0,0,0,0,0,0,0,25.1,0,0
349,Slovenia,2015,Europe,Government of Slovenia,0,0,0,0,0,0,0,0,0,0,0,0,0,0,25.1,0,0
349,Slovenia,2016,Europe,Government of Slovenia,0,0,0,0,0,0,0,0,0,0,0,0,0,0,25.1,0,0
349,Slovenia,2017,Europe,Government of Slovenia,0,0,0,0,0,0,0,0,0,0,0,0,0,0,25.1,0,0
349,Slovenia,2018,Europe,Government of Slovenia,0,0,0,0,0,0,0,0,0,0,0,0,0,0,25.1,0,0
349,Slovenia,2019,Europe,Government of Slovenia,0,0,0,0,0,0,0,0,0,0,0,0,0,0,25.1,0,0
349,Slovenia,2020,Europe,Government of Slovenia,0,0,0,0,0,0,0,0,0,0,0,0,0,0,25.1,0,0
349,Slovenia,2021,Europe,Government of Slovenia,0,0,0,0,0,0,0,0,0,0,0,0,0,0,25.1,0,0
349,Slovenia,2022,Europe,Government of Slovenia,0,0,0,0,0,0,0,0,0,0,0,0,0,0,25.1,0,0
349,Slovenia,2023,Europe,Government of Slovenia,0,0,0,0,0,0,0,0,0,0,0,0,0,0,25.1,0,0
350,Greece,1989,Europe,Government of Greece,0,0,0,0,0,0,0,0,0,0,0,0,0,0,25.1,0,0
350,Greece,1990,Europe,Government of Greece,0,0,0,0,0,0,0,0,0,0,0,0,0,0,25.1,0,0
350,Greece,1991,Europe,Government of Greece,0,0,0,0,0,0,0,0,0,0,0,0,0,0,25.1,0,0
350,Greece,1992,Europe,Government of Greece,0,0,0,0,0,0,0,0,0,0,0,0,0,0,25.1,0,0
350,Greece,1993,Europe,Government of Greece,0,0,0,0,0,0,0,0,0,0,0,0,0,0,25.1,0,0
350,Greece,1994,Europe,Government of Greece,0,0,0,0,0,0,0,0,0,0,0,0,0,0,25.1,0,0
350,Greece,1995,Europe,Government of Greece,0,0,0,0,0,0,0,0,0,0,0,0,0,0,25.1,0,0
350,Greece,1996,Europe,Government of Greece,0,0,0,0,0,0,0,0,0,0,0,0,0,0,25.1,0,0
350,Greece,1997,Europe,Government of Greece,0,0,0,0,0,0,0,0,0,0,0,0,0,0,25.1,0,0
350,Greece,1998,Europe,Government of Greece,0,0,0,0,0,0,0,0,0,0,0,0,0,0,25.1,0,0
350,Greece,1999,Europe,Government of Greece,0,0,0,0,0,0,0,0,0,0,0,0,0,0,25.1,0,0
350,Greece,2000,Europe,Government of Greece,0,0,0,0,0,0,0,0,0,0,0,0,0,0,25.1,0,0
350,Greece,2001,Europe,Government of Greece,0,0,0,0,0,0,0,0,0,0,0,0,0,0,25.1,0,0
350,Greece,2002,Europe,Government of Greece,0,0,0,0,0,0,0,0,0,0,0,0,0,0,25.1,0,0
350,Greece,2003,Europe,Government of Greece,0,0,0,0,0,0,0,0,0,0,0,0,0,0,25.1,0,0
350,Greece,2004,Europe,Government of Greece,0,0,0,0,0,0,0,0,0,0,0,0,0,0,25.1,0,0
350,Greece,2005,Europe,Government of Greece,0,0,0,0,0,0,0,0,0,0,0,0,0,0,25.1,0,0
350,Greece,2006,Europe,Government of Greece,0,0,0,0,0,0,0,0,0,0,0,0,0,0,25.1,0,0
350,Greece,2007,Europe,Government of Greece,0,0,0,0,0,0,0,0,0,0,0,0,0,0,25.1,0,0
350,Greece,2008,Europe,Government of Greece,0,0,0,0,0,0,0,0,0,0,0,0,0,0,25.1,0,0
350,Greece,2009,Europe,Government of Greece,0,0,0,0,0,0,0,0,0,0,0,0,0,0,25.1,0,0
350,Greece,2010,Europe,Government of Greece,0,0,0,0,0,0,0,0,0,0,0,0,0,0,25.1,0,0
350,Greece,2011,Europe,Government of Greece,0,0,0,0,0,0,0,0,0,0,0,0,0,0,25.1,0,0
350,Greece,2012,Europe,Government of Greece,0,0,0,0,0,0,0,0,0,0,0,0,0,0,25.1,0,0
350,Greece,2013,Europe,Government of Greece,0,0,0,0,0,0,0,0,0,0,0,0,0,0,25.1,0,0
350,Greece,2014,Europe,Government of Greece,0,0,0,0,0,0,0,0,0,0,0,0,0,0,25.1,0,0
350,Greece,2015,Europe,Government of Greece,0,0,0,0,0,0,0,0,0,0,0,0,0,0,25.1,0,0
350,Greece,2016,Europe,Government of Greece,0,0,0,0,0,0,0,0,0,0,0,0,0,0,25.1,0,0
350,Greece,2017,Europe,Government of Greece,0,0,0,0,0,0,0,0,0,0,0,0,0,0,25.1,0,0
350,Greece,2018,Europe,Government of Greece,0,0,0,0,0,0,0,0,0,0,0,0,0,0,25.1,0,0
350,Greece,2019,Europe,Government of Greece,0,0,0,0,0,0,0,0,0,0,0,0,0,0,25.1,0,0
350,Greece,2020,Europe,Government of Greece,0,0,0,0,0,0,0,0,0,0,0,0,0,0,25.1,0,0
350,Greece,2021,Europe,Government of Greece,0,0,0,0,0,0,0,0,0,0,0,0,0,0,25.1,0,0
350,Greece,2022,Europe,Government of Greece,0,0,0,0,0,0,0,0,0,0,0,0,0,0,25.1,0,0
350,Greece,2023,Europe,Government of Greece,0,0,0,0,0,0,0,0,0,0,0,0,0,0,25.1,0,0
352,Cyprus,1989,Europe,Government of Cyprus,0,0,0,0,0,0,0,0,0,0,0,0,0,0,25.1,0,0
352,Cyprus,1990,Europe,Government of Cyprus,0,0,0,0,0,0,0,0,0,0,0,0,0,0,25.1,0,0
352,Cyprus,1991,Europe,Government of Cyprus,0,0,0,0,0,0,0,0,0,0,0,0,0,0,25.1,0,0
352,Cyprus,1992,Europe,Government of Cyprus,0,0,0,0,0,0,0,0,0,0,0,0,0,0,25.1,0,0
352,Cyprus,1993,Europe,Government of Cyprus,0,0,0,0,0,0,0,0,0,0,0,0,0,0,25.1,0,0
352,Cyprus,1994,Europe,Government of Cyprus,0,0,0,0,0,0,0,0,0,0,0,0,0,0,25.1,0,0
352,Cyprus,1995,Europe,Government of Cyprus,0,0,0,0,0,0,0,0,0,0,0,0,0,0,25.1,0,0
352,Cyprus,1996,Europe,Government of Cyprus,0,0,0,0,0,0,0,0,0,0,0,0,0,0,25.1,0,0
352,Cyprus,1997,Europe,Government of Cyprus,0,0,0,0,0,0,0,0,0,0,0,0,0,0,25.1,0,0
352,Cyprus,1998,Europe,Government of Cyprus,0,0,0,0,0,0,0,0,0,0,0,0,0,0,25.1,0,0
352,Cyprus,1999,Europe,Government of Cyprus,0,0,0,0,0,0,0,0,0,0,0,0,0,0,25.1,0,0
352,Cyprus,2000,Europe,Government of Cyprus,0,0,0,0,0,0,0,0,0,0,0,0,0,0,25.1,0,0
352,Cyprus,2001,Europe,Government of Cyprus,0,0,0,0,0,0,0,0,0,0,0,0,0,0,25.1,0,0
352,Cyprus,2002,Europe,Government of Cyprus,0,0,0,0,0,0,0,0,0,0,0,0,0,0,25.1,0,0
352,Cyprus,2003,Europe,Government of Cyprus,0,0,0,0,0,0,0,0,0,0,0,0,0,0,25.1,0,0
352,Cyprus,2004,Europe,Government of Cyprus,0,0,0,0,0,0,0,0,0,0,0,0,0,0,25.1,0,0
352,Cyprus,2005,Europe,Government of Cyprus,0,0,0,0,0,0,0,0,0,0,0,0,0,0,25.1,0,0
352,Cyprus,2006,Europe,Government of Cyprus,0,0,0,0,0,0,0,0,0,0,0,0,0,0,25.1,0,0
352,Cyprus,2007,Europe,Government of Cyprus,0,0,0,0,0,0,0,0,0,0,0,0,0,0,25.1,0,0
352,Cyprus,2008,Europe,Government of Cyprus,0,0,0,0,0,0,0,0,0,0,0,0,0,0,25.1,0,0
352,Cyprus,2009,Europe,Government of Cyprus,0,0,0,0,0,0,0,0,0,0,0,0,0,0,25.1,0,0
352,Cyprus,2010,Europe,Government of Cyprus,0,0,0,0,0,0,0,0,0,0,0,0,0,0,25.1,0,0
352,Cyprus,2011,Europe,Government of Cyprus,0,0,0,0,0,0,0,0,0,0,0,0,0,0,25.1,0,0
352,Cyprus,2012,Europe,Government of Cyprus,0,0,0,0,0,0,0,0,0,0,0,0,0,0,25.1,0,0
352,Cyprus,2013,Europe,Government of Cyprus,0,0,0,0,0,0,0,0,0,0,0,0,0,0,25.1,0,0
352,Cyprus,2014,Europe,Government of Cyprus,0,0,0,0,0,0,0,0,0,0,0,0,0,0,25.1,0,0
352,Cyprus,2015,Europe,Government of Cyprus,0,0,0,0,0,0,0,0,0,0,0,0,0,0,25.1,0,0
352,Cyprus,2016,Europe,Government of Cyprus,0,0,0,0,0,0,0,0,0,0,0,0,0,0,25.1,0,0
352,Cyprus,2017,Europe,Government of Cyprus,0,0,0,0,0,0,0,0,0,0,0,0,0,0,25.1,0,0
352,Cyprus,2018,Europe,Government of Cyprus,0,0,0,0,0,0,0,0,0,0,0,0,0,0,25.1,0,0
352,Cyprus,2019,Europe,Government of Cyprus,0,0,0,0,0,0,0,0,0,0,0,0,0,0,25.1,0,0
352,Cyprus,2020,Europe,Government of Cyprus,0,0,0,0,0,0,0,0,0,0,0,0,0,0,25.1,0,0
352,Cyprus,2021,Europe,Government of Cyprus,0,0,0,0,0,0,0,0,0,0,0,0,0,0,25.1,0,0
352,Cyprus,2022,Europe,Government of Cyprus,0,0,0,0,0,0,0,0,0,0,0,0,0,0,25.1,0,0
352,Cyprus,2023,Europe,Government of Cyprus,0,0,0,0,0,0,0,0,0,0,0,0,0,0,25.1,0,0
355,Bulgaria,1989,Europe,Government of Bulgaria,0,0,0,0,0,0,0,0,0,0,0,0,0,0,25.1,0,0
355,Bulgaria,1990,Europe,Government of Bulgaria,0,0,0,0,0,0,0,0,0,0,0,0,0,0,25.1,0,0
355,Bulgaria,1991,Europe,Government of Bulgaria,0,0,0,0,0,0,0,0,0,0,0,0,0,0,25.1,0,0
355,Bulgaria,1992,Europe,Government of Bulgaria,0,0,0,0,0,0,0,0,0,0,0,0,0,0,25.1,0,0
355,Bulgaria,1993,Europe,Government of Bulgaria,0,0,0,0,0,0,0,0,0,0,0,0,0,0,25.1,0,0
355,Bulgaria,1994,Europe,Government of Bulgaria,0,0,0,0,0,0,0,0,0,0,0,0,0,0,25.1,0,0
355,Bulgaria,1995,Europe,Government of Bulgaria,0,0,0,0,0,0,0,0,0,0,0,0,0,0,25.1,0,0
355,Bulgaria,1996,Europe,Government of Bulgaria,0,0,0,0,0,0,0,0,0,0,0,0,0,0,25.1,0,0
355,Bulgaria,1997,Europe,Government of Bulgaria,0,0,0,0,0,0,0,0,0,0,0,0,0,0,25.1,0,0
355,Bulgaria,1998,Europe,Government of Bulgaria,0,0,0,0,0,0,0,0,0,0,0,0,0,0,25.1,0,0
355,Bulgaria,1999,Europe,Government of Bulgaria,0,0,0,0,0,0,0,0,0,0,0,0,0,0,25.1,0,0
355,Bulgaria,2000,Europe,Government of Bulgaria,0,0,0,0,0,0,0,0,0,0,0,0,0,0,25.1,0,0
355,Bulgaria,2001,Europe,Government of Bulgaria,0,0,0,0,0,0,0,0,0,0,0,0,0,0,25.1,0,0
355,Bulgaria,2002,Europe,Government of Bulgaria,0,0,0,0,0,0,0,0,0,0,0,0,0,0,25.1,0,0
355,Bulgaria,2003,Europe,Government of Bulgaria,0,0,0,0,0,0,0,0,0,0,0,0,0,0,25.1,0,0
355,Bulgaria,2004,Europe,Government of Bulgaria,0,0,0,0,0,0,0,0,0,0,0,0,0,0,25.1,0,0
355,Bulgaria,2005,Europe,Government of Bulgaria,0,0,0,0,0,0,0,0,0,0,0,0,0,0,25.1,0,0
355,Bulgaria,2006,Europe,Government of Bulgaria,0,0,0,0,0,0,0,0,0,0,0,0,0,0,25.1,0,0
355,Bulgaria,2007,Europe,Government of Bulgaria,0,0,0,0,0,0,0,0,0,0,0,0,0,0,25.1,0,0
355,Bulgaria,2008,Europe,Government of Bulgaria,0,0,0,0,0,0,0,0,0,0,0,0,0,0,25.1,0,0
355,Bulgaria,2009,Europe,Government of Bulgaria,0,0,0,0,0,0,0,0,0,0,0,0,0,0,25.1,0,0
355,Bulgaria,2010,Europe,Government of Bulgaria,0,0,0,0,0,0,0,0,0,0,0,0,0,0,25.1,0,0
355,Bulgaria,2011,Europe,Government of Bulgaria,0,0,0,0,0,0,0,0,0,0,0,0,0,0,25.1,0,0
355,Bulgaria,2012,Europe,Government of Bulgaria,0,0,0,0,0,0,0,0,0,0,0,0,0,0,25.1,0,0
355,Bulgaria,2013,Europe,Government of Bulgaria,0,0,0,0,0,0,0,0,0,0,0,0,0,0,25.1,0,0
355,Bulgaria,2014,Europe,Government of Bulgaria,0,0,0,0,0,0,0,0,0,0,0,0,0,0,25.1,0,0
355,Bulgaria,2015,Europe,Government of Bulgaria,0,0,0,0,0,0,0,0,0,0,0,0,0,0,25.1,0,0
355,Bulgaria,2016,Europe,Government of Bulgaria,0,0,0,0,0,0,0,0,0,0,0,0,0,0,25.1,0,0
355,Bulgaria,2017,Europe,Government of Bulgaria,0,0,0,0,0,0,0,0,0,0,0,0,0,0,25.1,0,0
355,Bulgaria,2018,Europe,Government of Bulgaria,0,0,0,0,0,0,0,0,0,0,0,0,0,0,25.1,0,0
355,Bulgaria,2019,Europe,Government of Bulgaria,0,0,0,0,0,0,0,0,0,0,0,0,0,0,25.1,0,0
355,Bulgaria,2020,Europe,Government of Bulgaria,0,0,0,0,0,0,0,0,0,0,0,0,0,0,25.1,0,0
355,Bulgaria,2021,Europe,Government of Bulgaria,0,0,0,0,0,0,0,0,0,0,0,0,0,0,25.1,0,0
355,Bulgaria,2022,Europe,Government of Bulgaria,0,0,0,0,0,0,0,0,0,0,0,0,0,0,25.1,0,0
355,Bulgaria,2023,Europe,Government of Bulgaria,0,0,0,0,0,0,0,0,0,0,0,0,0,0,25.1,0,0
359,Moldova,1991,Europe,Government of Moldova,0,0,0,0,0,0,0,0,0,0,0,0,0,0,25.1,0,1
359,Moldova,1992,Europe,Government of Moldova,1,1,585,1,585,0,0,0,0,0,0,0,0,585,25.1,1,0
359,Moldova,1993,Europe,Government of Moldova,0,0,0,0,0,0,0,0,0,0,0,0,0,0,25.1,0,0
359,Moldova,1994,Europe,Government of Moldova,0,0,0,0,0,0,0,0,0,0,0,0,0,0,25.1,0,0
359,Moldova,1995,Europe,Government of Moldova,0,0,0,0,0,0,0,0,0,0,0,0,0,0,25.1,0,0
359,Moldova,1996,Europe,Government of Moldova,0,0,0,0,0,0,0,0,0,0,0,0,0,0,25.1,0,0
359,Moldova,1997,Europe,Government of Moldova,0,0,0,0,0,0,0,0,0,0,0,0,0,0,25.1,0,0
359,Moldova,1998,Europe,Government of Moldova,0,0,0,0,0,0,0,0,0,0,0,0,0,0,25.1,0,0
359,Moldova,1999,Europe,Government of Moldova,0,0,0,0,0,0,0,0,0,0,0,0,0,0,25.1,0,0
359,Moldova,2000,Europe,Government of Moldova,0,0,0,0,0,0,0,0,0,0,0,0,0,0,25.1,0,0
359,Moldova,2001,Europe,Government of Moldova,0,0,0,0,0,0,0,0,0,0,0,0,0,0,25.1,0,0
359,Moldova,2002,Europe,Government of Moldova,0,0,0,0,0,0,0,0,0,0,0,0,0,0,25.1,0,0
359,Moldova,2003,Europe,Government of Moldova,0,0,0,0,0,0,0,0,0,0,0,0,0,0,25.1,0,0
359,Moldova,2004,Europe,Government of Moldova,0,0,0,0,0,0,0,0,0,0,0,0,0,0,25.1,0,0
359,Moldova,2005,Europe,Government of Moldova,0,0,0,0,0,0,0,0,0,0,0,0,0,0,25.1,0,0
359,Moldova,2006,Europe,Government of Moldova,0,0,0,0,0,0,0,0,0,0,0,0,0,0,25.1,0,0
359,Moldova,2007,Europe,Government of Moldova,0,0,0,0,0,0,0,0,0,0,0,0,0,0,25.1,0,0
359,Moldova,2008,Europe,Government of Moldova,0,0,0,0,0,0,0,0,0,0,0,0,0,0,25.1,0,0
359,Moldova,2009,Europe,Government of Moldova,0,0,0,0,0,0,0,0,0,0,0,0,0,0,25.1,0,0
359,Moldova,2010,Europe,Government of Moldova,0,0,0,0,0,0,0,0,0,0,0,0,0,0,25.1,0,0
359,Moldova,2011,Europe,Government of Moldova,0,0,0,0,0,0,0,0,0,0,0,0,0,0,25.1,0,0
359,Moldova,2012,Europe,Government of Moldova,0,0,0,0,0,0,0,0,0,0,0,0,0,0,25.1,0,0
359,Moldova,2013,Europe,Government of Moldova,0,0,0,0,0,0,0,0,0,0,0,0,0,0,25.1,0,0
359,Moldova,2014,Europe,Government of Moldova,0,0,0,0,0,0,0,0,0,0,0,0,0,0,25.1,0,0
359,Moldova,2015,Europe,Government of Moldova,0,0,0,0,0,0,0,0,0,0,0,0,0,0,25.1,0,0
359,Moldova,2016,Europe,Government of Moldova,0,0,0,0,0,0,0,0,0,0,0,0,0,0,25.1,0,0
359,Moldova,2017,Europe,Government of Moldova,0,0,0,0,0,0,0,0,0,0,0,0,0,0,25.1,0,0
359,Moldova,2018,Europe,Government of Moldova,0,0,0,0,0,0,0,0,0,0,0,0,0,0,25.1,0,0
359,Moldova,2019,Europe,Government of Moldova,0,0,0,0,0,0,0,0,0,0,0,0,0,0,25.1,0,0
359,Moldova,2020,Europe,Government of Moldova,0,0,0,0,0,0,0,0,0,0,0,0,0,0,25.1,0,0
359,Moldova,2021,Europe,Government of Moldova,0,0,0,0,0,0,0,0,0,0,0,0,0,0,25.1,0,0
359,Moldova,2022,Europe,Government of Moldova,0,0,0,0,0,0,0,0,0,0,0,0,0,0,25.1,0,0
359,Moldova,2023,Europe,Government of Moldova,0,0,0,0,0,0,0,0,0,0,0,0,0,0,25.1,0,0
360,Romania,1989,Europe,Government of Romania,1,2,249,1,249,0,0,0,0,0,1,1,199,448,25.1,1,0
360,Romania,1990,Europe,Government of Romania,0,0,0,0,0,0,0,0,0,0,0,0,0,0,25.1,0,0
360,Romania,1991,Europe,Government of Romania,0,0,0,0,0,0,0,0,0,0,0,0,0,0,25.1,0,0
360,Romania,1992,Europe,Government of Romania,0,0,0,0,0,0,0,0,0,0,0,0,0,0,25.1,0,0
360,Romania,1993,Europe,Government of Romania,0,0,0,0,0,0,0,0,0,0,0,0,0,0,25.1,0,0
360,Romania,1994,Europe,Government of Romania,0,0,0,0,0,0,0,0,0,0,0,0,0,0,25.1,0,0
360,Romania,1995,Europe,Government of Romania,0,0,0,0,0,0,0,0,0,0,0,0,0,0,25.1,0,0
360,Romania,1996,Europe,Government of Romania,0,0,0,0,0,0,0,0,0,0,0,0,0,0,25.1,0,0
360,Romania,1997,Europe,Government of Romania,0,0,0,0,0,0,0,0,0,0,0,0,0,0,25.1,0,0
360,Romania,1998,Europe,Government of Romania,0,0,0,0,0,0,0,0,0,0,0,0,0,0,25.1,0,0
360,Romania,1999,Europe,Government of Romania,0,0,0,0,0,0,0,0,0,0,0,0,0,0,25.1,0,0
360,Romania,2000,Europe,Government of Romania,0,0,0,0,0,0,0,0,0,0,0,0,0,0,25.1,0,0
360,Romania,2001,Europe,Government of Romania,0,0,0,0,0,0,0,0,0,0,0,0,0,0,25.1,0,0
360,Romania,2002,Europe,Government of Romania,0,0,0,0,0,0,0,0,0,0,0,0,0,0,25.1,0,0
360,Romania,2003,Europe,Government of Romania,0,0,0,0,0,0,0,0,0,0,0,0,0,0,25.1,0,0
360,Romania,2004,Europe,Government of Romania,0,0,0,0,0,0,0,0,0,0,0,0,0,0,25.1,0,0
360,Romania,2005,Europe,Government of Romania,0,0,0,0,0,0,0,0,0,0,0,0,0,0,25.1,0,0
360,Romania,2006,Europe,Government of Romania,0,0,0,0,0,0,0,0,0,0,0,0,0,0,25.1,0,0
360,Romania,2007,Europe,Government of Romania,0,0,0,0,0,0,0,0,0,0,0,0,0,0,25.1,0,0
360,Romania,2008,Europe,Government of Romania,0,0,0,0,0,0,0,0,0,0,0,0,0,0,25.1,0,0
360,Romania,2009,Europe,Government of Romania,0,0,0,0,0,0,0,0,0,0,0,0,0,0,25.1,0,0
360,Romania,2010,Europe,Government of Romania,0,0,0,0,0,0,0,0,0,0,0,0,0,0,25.1,0,0
360,Romania,2011,Europe,Government of Romania,0,0,0,0,0,0,0,0,0,0,0,0,0,0,25.1,0,0
360,Romania,2012,Europe,Government of Romania,0,0,0,0,0,0,0,0,0,0,0,0,0,0,25.1,0,0
360,Romania,2013,Europe,Government of Romania,0,0,0,0,0,0,0,0,0,0,0,0,0,0,25.1,0,0
360,Romania,2014,Europe,Government of Romania,0,0,0,0,0,0,0,0,0,0,0,0,0,0,25.1,0,0
360,Romania,2015,Europe,Government of Romania,0,0,0,0,0,0,0,0,0,0,0,0,0,0,25.1,0,0
360,Romania,2016,Europe,Government of Romania,0,0,0,0,0,0,0,0,0,0,0,0,0,0,25.1,0,0
360,Romania,2017,Europe,Government of Romania,0,0,0,0,0,0,0,0,0,0,0,0,0,0,25.1,0,0
360,Romania,2018,Europe,Government of Romania,0,0,0,0,0,0,0,0,0,0,0,0,0,0,25.1,0,0
360,Romania,2019,Europe,Government of Romania,0,0,0,0,0,0,0,0,0,0,0,0,0,0,25.1,0,0
360,Romania,2020,Europe,Government of Romania,0,0,0,0,0,0,0,0,0,0,0,0,0,0,25.1,0,0
360,Romania,2021,Europe,Government of Romania,0,0,0,0,0,0,0,0,0,0,0,0,0,0,25.1,0,0
360,Romania,2022,Europe,Government of Romania,0,0,0,0,0,0,0,0,0,0,0,0,0,0,25.1,0,0
360,Romania,2023,Europe,Government of Romania,0,0,0,0,0,0,0,0,0,0,0,0,0,0,25.1,0,0
365,Russia (Soviet Union),1989,Europe,Government of Russia (Soviet Union),0,0,0,0,0,0,0,1,2,139,1,1,21,160,25.1,1,1
365,Russia (Soviet Union),1990,Europe,Government of Russia (Soviet Union),1,2,192,1,192,0,0,1,3,201,0,0,0,393,25.1,1,1
365,Russia (Soviet Union),1991,Europe,Government of Russia (Soviet Union),1,1,220,1,220,0,0,1,1,87,1,1,33,340,25.1,1,1
365,Russia (Soviet Union),1992,Europe,Government of Russia (Soviet Union),0,0,0,0,0,0,0,0,0,0,1,1,1,1,25.1,1,1
365,Russia (Soviet Union),1993,Europe,Government of Russia (Soviet Union),1,1,145,1,145,0,0,0,0,0,0,0,0,145,25.1,1,1
365,Russia (Soviet Union),1994,Europe,Government of Russia (Soviet Union),1,1,229,1,229,0,0,1,2,244,1,1,12,485,25.1,1,1
365,Russia (Soviet Union),1995,Europe,Government of Russia (Soviet Union),1,1,1754,1,1754,0,0,0,0,0,1,2,156,1910,25.1,1,1
365,Russia (Soviet Union),1996,Europe,Government of Russia (Soviet Union),1,1,2721,1,2721,0,0,0,0,0,1,2,43,2764,25.1,1,1
365,Russia (Soviet Union),1997,Europe,Government of Russia (Soviet Union),1,1,11,1,11,0,0,0,0,0,1,1,2,13,25.1,1,1
365,Russia (Soviet Union),1998,Europe,Government of Russia (Soviet Union),1,1,7,1,7,0,0,0,0,0,1,1,0,7,25.1,1,1
365,Russia (Soviet Union),1999,Europe,Government of Russia (Soviet Union),1,2,5854,1,5854,0,0,0,0,0,1,2,343,6197,25.1,1,1
365,Russia (Soviet Union),2000,Europe,Government of Russia (Soviet Union),1,1,2907,1,2907,0,0,0,0,0,1,2,1426,4333,25.1,1,1
365,Russia (Soviet Union),2001,Europe,Government of Russia (Soviet Union),1,1,791,1,791,0,0,0,0,0,1,2,201,992,25.1,1,1
365,Russia (Soviet Union),2002,Europe,Government of Russia (Soviet Union),1,1,1289,1,1289,0,0,0,0,0,1,2,219,1508,25.1,1,1
365,Russia (Soviet Union),2003,Europe,Government of Russia (Soviet Union),1,1,480,1,480,0,0,0,0,0,1,1,68,548,25.1,1,1
365,Russia (Soviet Union),2004,Europe,Government of Russia (Soviet Union),1,1,1151,1,1151,0,0,0,0,0,1,3,166,1317,25.1,1,1
365,Russia (Soviet Union),2005,Europe,Government of Russia (Soviet Union),1,1,682,1,682,0,0,0,0,0,1,2,6,688,25.1,1,1
365,Russia (Soviet Union),2006,Europe,Government of Russia (Soviet Union),1,1,259,1,259,0,0,0,0,0,1,1,1,260,25.1,1,1
365,Russia (Soviet Union),2007,Europe,Government of Russia (Soviet Union),1,2,176,1,176,0,0,0,0,0,1,3,6,182,25.1,1,1
365,Russia (Soviet Union),2008,Europe,Government of Russia (Soviet Union),1,1,404,1,404,0,0,0,0,0,1,1,6,410,25.1,1,1
365,Russia (Soviet Union),2009,Europe,Government of Russia (Soviet Union),1,1,697,1,697,0,0,0,0,0,1,1,1,698,25.1,1,1
365,Russia (Soviet Union),2010,Europe,Government of Russia (Soviet Union),1,1,418,1,418,0,0,0,0,0,1,2,63,481,25.1,1,1
365,Russia (Soviet Union),2011,Europe,Government of Russia (Soviet Union),1,1,356,1,356,0,0,0,0,0,1,2,40,396,25.1,1,1
365,Russia (Soviet Union),2012,Europe,Government of Russia (Soviet Union),1,1,516,1,516,0,0,0,0,0,1,2,9,525,25.1,1,1
365,Russia (Soviet Union),2013,Europe,Government of Russia (Soviet Union),1,1,321,1,321,0,0,0,0,0,1,2,44,365,25.1,1,1
365,Russia (Soviet Union),2014,Europe,Government of Russia (Soviet Union),1,2,174,1,174,0,0,0,0,0,1,1,2,176,25.1,1,1
365,Russia (Soviet Union),2015,Europe,Government of Russia (Soviet Union),1,2,84,1,84,0,0,0,0,0,1,1,2,86,25.1,1,1
365,Russia (Soviet Union),2016,Europe,Government of Russia (Soviet Union),1,2,77,1,77,0,0,0,0,0,1,1,1,78,25.1,1,1
365,Russia (Soviet Union),2017,Europe,Government of Russia (Soviet Union),1,2,53,1,53,0,0,0,0,0,0,0,0,53,25.1,1,1
365,Russia (Soviet Union),2018,Europe,Government of Russia (Soviet Union),1,2,32,1,32,0,0,0,0,0,1,1,6,38,25.1,1,1
365,Russia (Soviet Union),2019,Europe,Government of Russia (Soviet Union),1,1,26,1,26,0,0,0,0,0,0,0,0,26,25.1,1,1
365,Russia (Soviet Union),2020,Europe,Government of Russia (Soviet Union),1,2,32,1,32,0,0,0,0,0,1,1,1,33,25.1,1,1
365,Russia (Soviet Union),2021,Europe,Government of Russia (Soviet Union),1,1,2,1,2,0,0,0,0,0,0,0,0,2,25.1,1,1
365,Russia (Soviet Union),2022,Europe,Government of Russia (Soviet Union),1,2,67,1,2,1,65,0,0,0,0,0,0,67,25.1,1,1
365,Russia (Soviet Union),2023,Europe,Government of Russia (Soviet Union),1,6,204,1,104,1,100,0,0,0,0,0,0,204,25.1,1,1
366,Estonia,1991,Europe,Government of Estonia,0,0,0,0,0,0,0,0,0,0,0,0,0,0,25.1,0,0
366,Estonia,1992,Europe,Government of Estonia,0,0,0,0,0,0,0,0,0,0,0,0,0,0,25.1,0,0
366,Estonia,1993,Europe,Government of Estonia,0,0,0,0,0,0,0,0,0,0,0,0,0,0,25.1,0,0
366,Estonia,1994,Europe,Government of Estonia,0,0,0,0,0,0,0,0,0,0,0,0,0,0,25.1,0,0
366,Estonia,1995,Europe,Government of Estonia,0,0,0,0,0,0,0,0,0,0,0,0,0,0,25.1,0,0
366,Estonia,1996,Europe,Government of Estonia,0,0,0,0,0,0,0,0,0,0,0,0,0,0,25.1,0,0
366,Estonia,1997,Europe,Government of Estonia,0,0,0,0,0,0,0,0,0,0,0,0,0,0,25.1,0,0
366,Estonia,1998,Europe,Government of Estonia,0,0,0,0,0,0,0,0,0,0,0,0,0,0,25.1,0,0
366,Estonia,1999,Europe,Government of Estonia,0,0,0,0,0,0,0,0,0,0,0,0,0,0,25.1,0,0
366,Estonia,2000,Europe,Government of Estonia,0,0,0,0,0,0,0,0,0,0,0,0,0,0,25.1,0,0
366,Estonia,2001,Europe,Government of Estonia,0,0,0,0,0,0,0,0,0,0,0,0,0,0,25.1,0,0
366,Estonia,2002,Europe,Government of Estonia,0,0,0,0,0,0,0,0,0,0,0,0,0,0,25.1,0,0
366,Estonia,2003,Europe,Government of Estonia,0,0,0,0,0,0,0,0,0,0,0,0,0,0,25.1,0,0
366,Estonia,2004,Europe,Government of Estonia,0,0,0,0,0,0,0,0,0,0,0,0,0,0,25.1,0,0
366,Estonia,2005,Europe,Government of Estonia,0,0,0,0,0,0,0,0,0,0,0,0,0,0,25.1,0,0
366,Estonia,2006,Europe,Government of Estonia,0,0,0,0,0,0,0,0,0,0,0,0,0,0,25.1,0,0
366,Estonia,2007,Europe,Government of Estonia,0,0,0,0,0,0,0,0,0,0,0,0,0,0,25.1,0,0
366,Estonia,2008,Europe,Government of Estonia,0,0,0,0,0,0,0,0,0,0,0,0,0,0,25.1,0,0
366,Estonia,2009,Europe,Government of Estonia,0,0,0,0,0,0,0,0,0,0,0,0,0,0,25.1,0,0
366,Estonia,2010,Europe,Government of Estonia,0,0,0,0,0,0,0,0,0,0,0,0,0,0,25.1,0,0
366,Estonia,2011,Europe,Government of Estonia,0,0,0,0,0,0,0,0,0,0,0,0,0,0,25.1,0,0
366,Estonia,2012,Europe,Government of Estonia,0,0,0,0,0,0,0,0,0,0,0,0,0,0,25.1,0,0
366,Estonia,2013,Europe,Government of Estonia,0,0,0,0,0,0,0,0,0,0,0,0,0,0,25.1,0,0
366,Estonia,2014,Europe,Government of Estonia,0,0,0,0,0,0,0,0,0,0,0,0,0,0,25.1,0,0
366,Estonia,2015,Europe,Government of Estonia,0,0,0,0,0,0,0,0,0,0,0,0,0,0,25.1,0,0
366,Estonia,2016,Europe,Government of Estonia,0,0,0,0,0,0,0,0,0,0,0,0,0,0,25.1,0,0
366,Estonia,2017,Europe,Government of Estonia,0,0,0,0,0,0,0,0,0,0,0,0,0,0,25.1,0,0
366,Estonia,2018,Europe,Government of Estonia,0,0,0,0,0,0,0,0,0,0,0,0,0,0,25.1,0,0
366,Estonia,2019,Europe,Government of Estonia,0,0,0,0,0,0,0,0,0,0,0,0,0,0,25.1,0,0
366,Estonia,2020,Europe,Government of Estonia,0,0,0,0,0,0,0,0,0,0,0,0,0,0,25.1,0,0
366,Estonia,2021,Europe,Government of Estonia,0,0,0,0,0,0,0,0,0,0,0,0,0,0,25.1,0,0
366,Estonia,2022,Europe,Government of Estonia,0,0,0,0,0,0,0,0,0,0,0,0,0,0,25.1,0,0
366,Estonia,2023,Europe,Government of Estonia,0,0,0,0,0,0,0,0,0,0,0,0,0,0,25.1,0,0
367,Latvia,1991,Europe,Government of Latvia,0,0,0,0,0,0,0,0,0,0,0,0,0,0,25.1,0,0
367,Latvia,1992,Europe,Government of Latvia,0,0,0,0,0,0,0,0,0,0,0,0,0,0,25.1,0,0
367,Latvia,1993,Europe,Government of Latvia,0,0,0,0,0,0,0,0,0,0,0,0,0,0,25.1,0,0
367,Latvia,1994,Europe,Government of Latvia,0,0,0,0,0,0,0,0,0,0,0,0,0,0,25.1,0,0
367,Latvia,1995,Europe,Government of Latvia,0,0,0,0,0,0,0,0,0,0,0,0,0,0,25.1,0,0
367,Latvia,1996,Europe,Government of Latvia,0,0,0,0,0,0,0,0,0,0,0,0,0,0,25.1,0,0
367,Latvia,1997,Europe,Government of Latvia,0,0,0,0,0,0,0,0,0,0,0,0,0,0,25.1,0,0
367,Latvia,1998,Europe,Government of Latvia,0,0,0,0,0,0,0,0,0,0,0,0,0,0,25.1,0,0
367,Latvia,1999,Europe,Government of Latvia,0,0,0,0,0,0,0,0,0,0,0,0,0,0,25.1,0,0
367,Latvia,2000,Europe,Government of Latvia,0,0,0,0,0,0,0,0,0,0,0,0,0,0,25.1,0,0
367,Latvia,2001,Europe,Government of Latvia,0,0,0,0,0,0,0,0,0,0,0,0,0,0,25.1,0,0
367,Latvia,2002,Europe,Government of Latvia,0,0,0,0,0,0,0,0,0,0,0,0,0,0,25.1,0,0
367,Latvia,2003,Europe,Government of Latvia,0,0,0,0,0,0,0,0,0,0,0,0,0,0,25.1,0,0
367,Latvia,2004,Europe,Government of Latvia,0,0,0,0,0,0,0,0,0,0,0,0,0,0,25.1,0,0
367,Latvia,2005,Europe,Government of Latvia,0,0,0,0,0,0,0,0,0,0,0,0,0,0,25.1,0,0
367,Latvia,2006,Europe,Government of Latvia,0,0,0,0,0,0,0,0,0,0,0,0,0,0,25.1,0,0
367,Latvia,2007,Europe,Government of Latvia,0,0,0,0,0,0,0,0,0,0,0,0,0,0,25.1,0,0
367,Latvia,2008,Europe,Government of Latvia,0,0,0,0,0,0,0,0,0,0,0,0,0,0,25.1,0,0
367,Latvia,2009,Europe,Government of Latvia,0,0,0,0,0,0,0,0,0,0,0,0,0,0,25.1,0,0
367,Latvia,2010,Europe,Government of Latvia,0,0,0,0,0,0,0,0,0,0,0,0,0,0,25.1,0,0
367,Latvia,2011,Europe,Government of Latvia,0,0,0,0,0,0,0,0,0,0,0,0,0,0,25.1,0,0
367,Latvia,2012,Europe,Government of Latvia,0,0,0,0,0,0,0,0,0,0,0,0,0,0,25.1,0,0
367,Latvia,2013,Europe,Government of Latvia,0,0,0,0,0,0,0,0,0,0,0,0,0,0,25.1,0,0
367,Latvia,2014,Europe,Government of Latvia,0,0,0,0,0,0,0,0,0,0,0,0,0,0,25.1,0,0
367,Latvia,2015,Europe,Government of Latvia,0,0,0,0,0,0,0,0,0,0,0,0,0,0,25.1,0,0
367,Latvia,2016,Europe,Government of Latvia,0,0,0,0,0,0,0,0,0,0,0,0,0,0,25.1,0,0
367,Latvia,2017,Europe,Government of Latvia,0,0,0,0,0,0,0,0,0,0,0,0,0,0,25.1,0,0
367,Latvia,2018,Europe,Government of Latvia,0,0,0,0,0,0,0,0,0,0,0,0,0,0,25.1,0,0
367,Latvia,2019,Europe,Government of Latvia,0,0,0,0,0,0,0,0,0,0,0,0,0,0,25.1,0,0
367,Latvia,2020,Europe,Government of Latvia,0,0,0,0,0,0,0,0,0,0,0,0,0,0,25.1,0,0
367,Latvia,2021,Europe,Government of Latvia,0,0,0,0,0,0,0,0,0,0,0,0,0,0,25.1,0,0
367,Latvia,2022,Europe,Government of Latvia,0,0,0,0,0,0,0,0,0,0,0,0,0,0,25.1,0,0
367,Latvia,2023,Europe,Government of Latvia,0,0,0,0,0,0,0,0,0,0,0,0,0,0,25.1,0,0
368,Lithuania,1991,Europe,Government of Lithuania,0,0,0,0,0,0,0,0,0,0,0,0,0,0,25.1,0,0
368,Lithuania,1992,Europe,Government of Lithuania,0,0,0,0,0,0,0,0,0,0,0,0,0,0,25.1,0,0
368,Lithuania,1993,Europe,Government of Lithuania,0,0,0,0,0,0,0,0,0,0,0,0,0,0,25.1,0,0
368,Lithuania,1994,Europe,Government of Lithuania,0,0,0,0,0,0,0,0,0,0,0,0,0,0,25.1,0,0
368,Lithuania,1995,Europe,Government of Lithuania,0,0,0,0,0,0,0,0,0,0,0,0,0,0,25.1,0,0
368,Lithuania,1996,Europe,Government of Lithuania,0,0,0,0,0,0,0,0,0,0,0,0,0,0,25.1,0,0
368,Lithuania,1997,Europe,Government of Lithuania,0,0,0,0,0,0,0,0,0,0,0,0,0,0,25.1,0,0
368,Lithuania,1998,Europe,Government of Lithuania,0,0,0,0,0,0,0,0,0,0,0,0,0,0,25.1,0,0
368,Lithuania,1999,Europe,Government of Lithuania,0,0,0,0,0,0,0,0,0,0,0,0,0,0,25.1,0,0
368,Lithuania,2000,Europe,Government of Lithuania,0,0,0,0,0,0,0,0,0,0,0,0,0,0,25.1,0,0
368,Lithuania,2001,Europe,Government of Lithuania,0,0,0,0,0,0,0,0,0,0,0,0,0,0,25.1,0,0
368,Lithuania,2002,Europe,Government of Lithuania,0,0,0,0,0,0,0,0,0,0,0,0,0,0,25.1,0,0
368,Lithuania,2003,Europe,Government of Lithuania,0,0,0,0,0,0,0,0,0,0,0,0,0,0,25.1,0,0
368,Lithuania,2004,Europe,Government of Lithuania,0,0,0,0,0,0,0,0,0,0,0,0,0,0,25.1,0,0
368,Lithuania,2005,Europe,Government of Lithuania,0,0,0,0,0,0,0,0,0,0,0,0,0,0,25.1,0,0
368,Lithuania,2006,Europe,Government of Lithuania,0,0,0,0,0,0,0,0,0,0,0,0,0,0,25.1,0,0
368,Lithuania,2007,Europe,Government of Lithuania,0,0,0,0,0,0,0,0,0,0,0,0,0,0,25.1,0,0
368,Lithuania,2008,Europe,Government of Lithuania,0,0,0,0,0,0,0,0,0,0,0,0,0,0,25.1,0,0
368,Lithuania,2009,Europe,Government of Lithuania,0,0,0,0,0,0,0,0,0,0,0,0,0,0,25.1,0,0
368,Lithuania,2010,Europe,Government of Lithuania,0,0,0,0,0,0,0,0,0,0,0,0,0,0,25.1,0,0
368,Lithuania,2011,Europe,Government of Lithuania,0,0,0,0,0,0,0,0,0,0,0,0,0,0,25.1,0,0
368,Lithuania,2012,Europe,Government of Lithuania,0,0,0,0,0,0,0,0,0,0,0,0,0,0,25.1,0,0
368,Lithuania,2013,Europe,Government of Lithuania,0,0,0,0,0,0,0,0,0,0,0,0,0,0,25.1,0,0
368,Lithuania,2014,Europe,Government of Lithuania,0,0,0,0,0,0,0,0,0,0,0,0,0,0,25.1,0,0
368,Lithuania,2015,Europe,Government of Lithuania,0,0,0,0,0,0,0,0,0,0,0,0,0,0,25.1,0,0
368,Lithuania,2016,Europe,Government of Lithuania,0,0,0,0,0,0,0,0,0,0,0,0,0,0,25.1,0,0
368,Lithuania,2017,Europe,Government of Lithuania,0,0,0,0,0,0,0,0,0,0,0,0,0,0,25.1,0,0
368,Lithuania,2018,Europe,Government of Lithuania,0,0,0,0,0,0,0,0,0,0,0,0,0,0,25.1,0,0
368,Lithuania,2019,Europe,Government of Lithuania,0,0,0,0,0,0,0,0,0,0,0,0,0,0,25.1,0,0
368,Lithuania,2020,Europe,Government of Lithuania,0,0,0,0,0,0,0,0,0,0,0,0,0,0,25.1,0,0
368,Lithuania,2021,Europe,Government of Lithuania,0,0,0,0,0,0,0,0,0,0,0,0,0,0,25.1,0,0
368,Lithuania,2022,Europe,Government of Lithuania,0,0,0,0,0,0,0,0,0,0,0,0,0,0,25.1,0,0
368,Lithuania,2023,Europe,Government of Lithuania,0,0,0,0,0,0,0,0,0,0,0,0,0,0,25.1,0,0
369,Ukraine,1991,Europe,Government of Ukraine,0,0,0,0,0,0,0,0,0,0,0,0,0,0,25.1,0,0
369,Ukraine,1992,Europe,Government of Ukraine,0,0,0,0,0,0,0,0,0,0,0,0,0,0,25.1,0,0
369,Ukraine,1993,Europe,Government of Ukraine,0,0,0,0,0,0,0,0,0,0,0,0,0,0,25.1,0,0
369,Ukraine,1994,Europe,Government of Ukraine,0,0,0,0,0,0,0,0,0,0,0,0,0,0,25.1,0,0
369,Ukraine,1995,Europe,Government of Ukraine,0,0,0,0,0,0,0,0,0,0,0,0,0,0,25.1,0,0
369,Ukraine,1996,Europe,Government of Ukraine,0,0,0,0,0,0,0,0,0,0,0,0,0,0,25.1,0,0
369,Ukraine,1997,Europe,Government of Ukraine,0,0,0,0,0,0,0,0,0,0,0,0,0,0,25.1,0,0
369,Ukraine,1998,Europe,Government of Ukraine,0,0,0,0,0,0,0,0,0,0,0,0,0,0,25.1,0,0
369,Ukraine,1999,Europe,Government of Ukraine,0,0,0,0,0,0,0,0,0,0,0,0,0,0,25.1,0,0
369,Ukraine,2000,Europe,Government of Ukraine,0,0,0,0,0,0,0,0,0,0,0,0,0,0,25.1,0,0
369,Ukraine,2001,Europe,Government of Ukraine,0,0,0,0,0,0,0,0,0,0,0,0,0,0,25.1,0,0
369,Ukraine,2002,Europe,Government of Ukraine,0,0,0,0,0,0,0,0,0,0,0,0,0,0,25.1,0,0
369,Ukraine,2003,Europe,Government of Ukraine,0,0,0,0,0,0,0,0,0,0,0,0,0,0,25.1,0,0
369,Ukraine,2004,Europe,Government of Ukraine,0,0,0,0,0,0,0,0,0,0,0,0,0,0,25.1,0,0
369,Ukraine,2005,Europe,Government of Ukraine,0,0,0,0,0,0,0,0,0,0,0,0,0,0,25.1,0,0
369,Ukraine,2006,Europe,Government of Ukraine,0,0,0,0,0,0,0,0,0,0,0,0,0,0,25.1,0,0
369,Ukraine,2007,Europe,Government of Ukraine,0,0,0,0,0,0,0,0,0,0,0,0,0,0,25.1,0,0
369,Ukraine,2008,Europe,Government of Ukraine,0,0,0,0,0,0,0,0,0,0,0,0,0,0,25.1,0,0
369,Ukraine,2009,Europe,Government of Ukraine,0,0,0,0,0,0,0,0,0,0,0,0,0,0,25.1,0,0
369,Ukraine,2010,Europe,Government of Ukraine,0,0,0,0,0,0,0,0,0,0,0,0,0,0,25.1,0,0
369,Ukraine,2011,Europe,Government of Ukraine,0,0,0,0,0,0,0,0,0,0,0,0,0,0,25.1,0,0
369,Ukraine,2012,Europe,Government of Ukraine,0,0,0,0,0,0,0,0,0,0,0,0,0,0,25.1,0,0
369,Ukraine,2013,Europe,Government of Ukraine,0,0,0,0,0,0,0,0,0,0,0,0,0,0,25.1,0,1
369,Ukraine,2014,Europe,Government of Ukraine,1,7,4901,1,4898,1,3,1,1,45,0,0,0,4946,25.1,1,1
369,Ukraine,2015,Europe,Government of Ukraine,1,4,1894,1,1894,0,0,0,0,0,0,0,0,1894,25.1,1,1
369,Ukraine,2016,Europe,Government of Ukraine,1,3,699,1,697,1,2,0,0,0,0,0,0,699,25.1,1,1
369,Ukraine,2017,Europe,Government of Ukraine,1,2,447,1,447,0,0,0,0,0,0,0,0,447,25.1,1,1
369,Ukraine,2018,Europe,Government of Ukraine,1,2,243,1,243,0,0,0,0,0,0,0,0,243,25.1,1,1
369,Ukraine,2019,Europe,Government of Ukraine,1,2,311,1,311,0,0,0,0,0,0,0,0,311,25.1,1,1
369,Ukraine,2020,Europe,Government of Ukraine,1,2,196,1,196,0,0,0,0,0,0,0,0,196,25.1,1,1
369,Ukraine,2021,Europe,Government of Ukraine,1,2,208,1,208,0,0,0,0,0,0,0,0,208,25.1,1,1
369,Ukraine,2022,Europe,Government of Ukraine,1,4,91485,1,50,1,91435,0,0,0,1,1,1130,92615,25.1,1,1
369,Ukraine,2023,Europe,Government of Ukraine,1,1,75080,0,0,1,75080,0,0,0,1,1,313,75393,25.1,1,1
370,Belarus,1991,Europe,Government of Belarus,0,0,0,0,0,0,0,0,0,0,0,0,0,0,25.1,0,0
370,Belarus,1992,Europe,Government of Belarus,0,0,0,0,0,0,0,0,0,0,0,0,0,0,25.1,0,0
370,Belarus,1993,Europe,Government of Belarus,0,0,0,0,0,0,0,0,0,0,0,0,0,0,25.1,0,0
370,Belarus,1994,Europe,Government of Belarus,0,0,0,0,0,0,0,0,0,0,0,0,0,0,25.1,0,0
370,Belarus,1995,Europe,Government of Belarus,0,0,0,0,0,0,0,0,0,0,0,0,0,0,25.1,0,0
370,Belarus,1996,Europe,Government of Belarus,0,0,0,0,0,0,0,0,0,0,0,0,0,0,25.1,0,0
370,Belarus,1997,Europe,Government of Belarus,0,0,0,0,0,0,0,0,0,0,0,0,0,0,25.1,0,0
370,Belarus,1998,Europe,Government of Belarus,0,0,0,0,0,0,0,0,0,0,0,0,0,0,25.1,0,0
370,Belarus,1999,Europe,Government of Belarus,0,0,0,0,0,0,0,0,0,0,0,0,0,0,25.1,0,0
370,Belarus,2000,Europe,Government of Belarus,0,0,0,0,0,0,0,0,0,0,0,0,0,0,25.1,0,0
370,Belarus,2001,Europe,Government of Belarus,0,0,0,0,0,0,0,0,0,0,0,0,0,0,25.1,0,0
370,Belarus,2002,Europe,Government of Belarus,0,0,0,0,0,0,0,0,0,0,0,0,0,0,25.1,0,0
370,Belarus,2003,Europe,Government of Belarus,0,0,0,0,0,0,0,0,0,0,0,0,0,0,25.1,0,0
370,Belarus,2004,Europe,Government of Belarus,0,0,0,0,0,0,0,0,0,0,0,0,0,0,25.1,0,0
370,Belarus,2005,Europe,Government of Belarus,0,0,0,0,0,0,0,0,0,0,0,0,0,0,25.1,0,0
370,Belarus,2006,Europe,Government of Belarus,0,0,0,0,0,0,0,0,0,0,0,0,0,0,25.1,0,0
370,Belarus,2007,Europe,Government of Belarus,0,0,0,0,0,0,0,0,0,0,0,0,0,0,25.1,0,0
370,Belarus,2008,Europe,Government of Belarus,0,0,0,0,0,0,0,0,0,0,0,0,0,0,25.1,0,0
370,Belarus,2009,Europe,Government of Belarus,0,0,0,0,0,0,0,0,0,0,0,0,0,0,25.1,0,0
370,Belarus,2010,Europe,Government of Belarus,0,0,0,0,0,0,0,0,0,0,0,0,0,0,25.1,0,0
370,Belarus,2011,Europe,Government of Belarus,0,0,0,0,0,0,0,0,0,0,0,0,0,0,25.1,0,0
370,Belarus,2012,Europe,Government of Belarus,0,0,0,0,0,0,0,0,0,0,0,0,0,0,25.1,0,0
370,Belarus,2013,Europe,Government of Belarus,0,0,0,0,0,0,0,0,0,0,0,0,0,0,25.1,0,0
370,Belarus,2014,Europe,Government of Belarus,0,0,0,0,0,0,0,0,0,0,0,0,0,0,25.1,0,0
370,Belarus,2015,Europe,Government of Belarus,0,0,0,0,0,0,0,0,0,0,0,0,0,0,25.1,0,0
370,Belarus,2016,Europe,Government of Belarus,0,0,0,0,0,0,0,0,0,0,0,0,0,0,25.1,0,0
370,Belarus,2017,Europe,Government of Belarus,0,0,0,0,0,0,0,0,0,0,0,0,0,0,25.1,0,0
370,Belarus,2018,Europe,Government of Belarus,0,0,0,0,0,0,0,0,0,0,0,0,0,0,25.1,0,0
370,Belarus,2019,Europe,Government of Belarus,0,0,0,0,0,0,0,0,0,0,0,0,0,0,25.1,0,0
370,Belarus,2020,Europe,Government of Belarus,0,0,0,0,0,0,0,0,0,0,0,0,0,0,25.1,0,0
370,Belarus,2021,Europe,Government of Belarus,0,0,0,0,0,0,0,0,0,0,0,0,0,0,25.1,0,0
370,Belarus,2022,Europe,Government of Belarus,0,0,0,0,0,0,0,0,0,0,0,0,0,0,25.1,0,0
370,Belarus,2023,Europe,Government of Belarus,0,0,0,0,0,0,0,0,0,0,0,0,0,0,25.1,0,0
371,Armenia,1991,Europe,Government of Armenia,0,0,0,0,0,0,0,0,0,0,0,0,0,0,25.1,0,1
371,Armenia,1992,Europe,Government of Armenia,1,1,85,1,85,0,0,0,0,0,0,0,0,85,25.1,1,1
371,Armenia,1993,Europe,Government of Armenia,1,1,37,1,37,0,0,0,0,0,0,0,0,37,25.1,1,1
371,Armenia,1994,Europe,Government of Armenia,1,1,30,1,30,0,0,0,0,0,0,0,0,30,25.1,1,1
371,Armenia,1995,Europe,Government of Armenia,1,1,7,1,7,0,0,0,0,0,0,0,0,7,25.1,1,0
371,Armenia,1996,Europe,Government of Armenia,0,0,0,0,0,0,0,0,0,0,0,0,0,0,25.1,0,0
371,Armenia,1997,Europe,Government of Armenia,0,0,0,0,0,0,0,0,0,0,0,0,0,0,25.1,0,0
371,Armenia,1998,Europe,Government of Armenia,0,0,0,0,0,0,0,0,0,0,0,0,0,0,25.1,0,0
371,Armenia,1999,Europe,Government of Armenia,0,0,0,0,0,0,0,0,0,0,0,0,0,0,25.1,0,0
371,Armenia,2000,Europe,Government of Armenia,0,0,0,0,0,0,0,0,0,0,0,0,0,0,25.1,0,0
371,Armenia,2001,Europe,Government of Armenia,0,0,0,0,0,0,0,0,0,0,0,0,0,0,25.1,0,0
371,Armenia,2002,Europe,Government of Armenia,0,0,0,0,0,0,0,0,0,0,0,0,0,0,25.1,0,0
371,Armenia,2003,Europe,Government of Armenia,0,0,0,0,0,0,0,0,0,0,0,0,0,0,25.1,0,0
371,Armenia,2004,Europe,Government of Armenia,0,0,0,0,0,0,0,0,0,0,0,0,0,0,25.1,0,1
371,Armenia,2005,Europe,Government of Armenia,1,1,1,1,1,0,0,0,0,0,0,0,0,1,25.1,1,1
371,Armenia,2006,Europe,Government of Armenia,1,1,2,1,2,0,0,0,0,0,0,0,0,2,25.1,1,0
371,Armenia,2007,Europe,Government of Armenia,0,0,0,0,0,0,0,0,0,0,0,0,0,0,25.1,0,0
371,Armenia,2008,Europe,Government of Armenia,0,0,0,0,0,0,0,0,0,0,0,0,0,0,25.1,0,0
371,Armenia,2009,Europe,Government of Armenia,0,0,0,0,0,0,0,0,0,0,0,0,0,0,25.1,0,0
371,Armenia,2010,Europe,Government of Armenia,0,0,0,0,0,0,0,0,0,0,0,0,0,0,25.1,0,0
371,Armenia,2011,Europe,Government of Armenia,0,0,0,0,0,0,0,0,0,0,0,0,0,0,25.1,0,1
371,Armenia,2012,Europe,Government of Armenia,1,1,9,1,9,0,0,0,0,0,0,0,0,9,25.1,1,1
371,Armenia,2013,Europe,Government of Armenia,1,1,1,1,1,0,0,0,0,0,0,0,0,1,25.1,1,0
371,Armenia,2014,Europe,Government of Armenia,0,0,0,0,0,0,0,0,0,0,0,0,0,0,25.1,0,1
371,Armenia,2015,Europe,Government of Armenia,1,1,9,1,9,0,0,0,0,0,1,1,7,16,25.1,1,1
371,Armenia,2016,Europe,Government of Armenia,1,1,4,1,4,0,0,0,0,0,0,0,0,4,25.1,1,0
371,Armenia,2017,Europe,Government of Armenia,0,0,0,0,0,0,0,0,0,0,0,0,0,0,25.1,0,1
371,Armenia,2018,Europe,Government of Armenia,1,1,1,1,1,0,0,0,0,0,0,0,0,1,25.1,1,1
371,Armenia,2019,Europe,Government of Armenia,1,1,2,1,2,0,0,0,0,0,0,0,0,2,25.1,1,1
371,Armenia,2020,Europe,Government of Armenia,1,1,10,1,10,0,0,0,0,0,0,0,0,10,25.1,1,1
371,Armenia,2021,Europe,Government of Armenia,1,1,10,1,10,0,0,0,0,0,0,0,0,10,25.1,1,1
371,Armenia,2022,Europe,Government of Armenia,1,1,154,1,154,0,0,0,0,0,0,0,0,154,25.1,1,1
371,Armenia,2023,Europe,Government of Armenia,1,1,20,1,20,0,0,0,0,0,0,0,0,20,25.1,1,0
372,Georgia,1991,Europe,Government of Georgia,1,1,52,1,52,0,0,0,0,0,0,0,0,52,25.1,1,1
372,Georgia,1992,Europe,Government of Georgia,1,4,775,1,775,0,0,0,0,0,0,0,0,775,25.1,1,1
372,Georgia,1993,Europe,Government of Georgia,1,2,1763,1,1763,0,0,0,0,0,1,1,74,1837,25.1,1,0
372,Georgia,1994,Europe,Government of Georgia,0,0,0,0,0,0,0,0,0,0,0,0,0,0,25.1,0,1
372,Georgia,1995,Europe,Government of Georgia,0,0,0,0,0,0,0,0,0,0,1,1,52,52,25.1,1,0
372,Georgia,1996,Europe,Government of Georgia,0,0,0,0,0,0,0,0,0,0,0,0,0,0,25.1,0,1
372,Georgia,1997,Europe,Government of Georgia,0,0,0,0,0,0,0,1,1,26,0,0,0,26,25.1,1,1
372,Georgia,1998,Europe,Government of Georgia,0,0,0,0,0,0,0,1,1,38,0,0,0,38,25.1,1,0
372,Georgia,1999,Europe,Government of Georgia,0,0,0,0,0,0,0,0,0,0,0,0,0,0,25.1,0,0
372,Georgia,2000,Europe,Government of Georgia,0,0,0,0,0,0,0,0,0,0,0,0,0,0,25.1,0,0
372,Georgia,2001,Europe,Government of Georgia,0,0,0,0,0,0,0,0,0,0,0,0,0,0,25.1,0,1
372,Georgia,2002,Europe,Government of Georgia,1,1,0,1,0,0,0,0,0,0,0,0,0,0,25.1,1,0
372,Georgia,2003,Europe,Government of Georgia,0,0,0,0,0,0,0,0,0,0,0,0,0,0,25.1,0,1
372,Georgia,2004,Europe,Government of Georgia,1,1,27,1,27,0,0,0,0,0,0,0,0,27,25.1,1,0
372,Georgia,2005,Europe,Government of Georgia,0,0,0,0,0,0,0,0,0,0,0,0,0,0,25.1,0,0
372,Georgia,2006,Europe,Government of Georgia,0,0,0,0,0,0,0,0,0,0,0,0,0,0,25.1,0,0
372,Georgia,2007,Europe,Government of Georgia,0,0,0,0,0,0,0,0,0,0,0,0,0,0,25.1,0,1
372,Georgia,2008,Europe,Government of Georgia,1,1,621,1,621,0,0,0,0,0,0,0,0,621,25.1,1,0
372,Georgia,2009,Europe,Government of Georgia,0,0,0,0,0,0,0,0,0,0,0,0,0,0,25.1,0,1
372,Georgia,2010,Europe,Government of Georgia,1,1,3,1,3,0,0,0,0,0,0,0,0,3,25.1,1,1
372,Georgia,2011,Europe,Government of Georgia,1,1,0,1,0,0,0,0,0,0,0,0,0,0,25.1,1,0
372,Georgia,2012,Europe,Government of Georgia,0,0,0,0,0,0,0,0,0,0,0,0,0,0,25.1,0,0
372,Georgia,2013,Europe,Government of Georgia,0,0,0,0,0,0,0,0,0,0,0,0,0,0,25.1,0,0
372,Georgia,2014,Europe,Government of Georgia,0,0,0,0,0,0,0,0,0,0,0,0,0,0,25.1,0,0
372,Georgia,2015,Europe,Government of Georgia,0,0,0,0,0,0,0,0,0,0,0,0,0,0,25.1,0,0
372,Georgia,2016,Europe,Government of Georgia,0,0,0,0,0,0,0,0,0,0,0,0,0,0,25.1,0,0
372,Georgia,2017,Europe,Government of Georgia,0,0,0,0,0,0,0,0,0,0,0,0,0,0,25.1,0,0
372,Georgia,2018,Europe,Government of Georgia,0,0,0,0,0,0,0,0,0,0,0,0,0,0,25.1,0,0
372,Georgia,2019,Europe,Government of Georgia,0,0,0,0,0,0,0,0,0,0,0,0,0,0,25.1,0,0
372,Georgia,2020,Europe,Government of Georgia,0,0,0,0,0,0,0,0,0,0,0,0,0,0,25.1,0,0
372,Georgia,2021,Europe,Government of Georgia,0,0,0,0,0,0,0,0,0,0,0,0,0,0,25.1,0,0
372,Georgia,2022,Europe,Government of Georgia,0,0,0,0,0,0,0,0,0,0,0,0,0,0,25.1,0,1
372,Georgia,2023,Europe,Government of Georgia,0,0,0,0,0,0,0,0,0,0,1,1,1,1,25.1,1,0
373,Azerbaijan,1991,Europe,Government of Azerbaijan,1,1,35,1,35,0,0,0,0,0,0,0,0,35,25.1,1,1
373,Azerbaijan,1992,Europe,Government of Azerbaijan,1,1,2082,1,2082,0,0,0,0,0,1,1,774,2856,25.1,1,1
373,Azerbaijan,1993,Europe,Government of Azerbaijan,1,2,1194,1,1194,0,0,0,0,0,0,0,0,1194,25.1,1,1
373,Azerbaijan,1994,Europe,Government of Azerbaijan,1,3,1489,1,1489,0,0,0,0,0,0,0,0,1489,25.1,1,1
373,Azerbaijan,1995,Europe,Government of Azerbaijan,1,2,55,1,55,0,0,0,0,0,0,0,0,55,25.1,1,1
373,Azerbaijan,1996,Europe,Government of Azerbaijan,1,1,5,1,5,0,0,0,0,0,0,0,0,5,25.1,1,1
373,Azerbaijan,1997,Europe,Government of Azerbaijan,1,1,29,1,29,0,0,0,0,0,0,0,0,29,25.1,1,1
373,Azerbaijan,1998,Europe,Government of Azerbaijan,1,1,34,1,34,0,0,0,0,0,0,0,0,34,25.1,1,1
373,Azerbaijan,1999,Europe,Government of Azerbaijan,1,1,18,1,18,0,0,0,0,0,0,0,0,18,25.1,1,1
373,Azerbaijan,2000,Europe,Government of Azerbaijan,1,1,13,1,13,0,0,0,0,0,0,0,0,13,25.1,1,1
373,Azerbaijan,2001,Europe,Government of Azerbaijan,1,1,6,1,6,0,0,0,0,0,0,0,0,6,25.1,1,0
373,Azerbaijan,2002,Europe,Government of Azerbaijan,0,0,0,0,0,0,0,0,0,0,0,0,0,0,25.1,0,0
373,Azerbaijan,2003,Europe,Government of Azerbaijan,0,0,0,0,0,0,0,0,0,0,0,0,0,0,25.1,0,1
373,Azerbaijan,2004,Europe,Government of Azerbaijan,1,1,8,1,8,0,0,0,0,0,0,0,0,8,25.1,1,1
373,Azerbaijan,2005,Europe,Government of Azerbaijan,1,1,24,1,24,0,0,0,0,0,0,0,0,24,25.1,1,1
373,Azerbaijan,2006,Europe,Government of Azerbaijan,1,1,5,1,5,0,0,0,0,0,0,0,0,5,25.1,1,1
373,Azerbaijan,2007,Europe,Government of Azerbaijan,1,1,12,1,12,0,0,0,0,0,0,0,0,12,25.1,1,1
373,Azerbaijan,2008,Europe,Government of Azerbaijan,1,1,30,1,30,0,0,0,0,0,0,0,0,30,25.1,1,1
373,Azerbaijan,2009,Europe,Government of Azerbaijan,1,1,7,1,7,0,0,0,0,0,0,0,0,7,25.1,1,1
373,Azerbaijan,2010,Europe,Government of Azerbaijan,1,1,20,1,20,0,0,0,0,0,0,0,0,20,25.1,1,1
373,Azerbaijan,2011,Europe,Government of Azerbaijan,1,1,21,1,21,0,0,0,0,0,0,0,0,21,25.1,1,1
373,Azerbaijan,2012,Europe,Government of Azerbaijan,1,1,16,1,16,0,0,0,0,0,0,0,0,16,25.1,1,1
373,Azerbaijan,2013,Europe,Government of Azerbaijan,1,1,11,1,11,0,0,0,0,0,0,0,0,11,25.1,1,1
373,Azerbaijan,2014,Europe,Government of Azerbaijan,1,1,46,1,46,0,0,0,0,0,0,0,0,46,25.1,1,1
373,Azerbaijan,2015,Europe,Government of Azerbaijan,1,1,63,1,63,0,0,0,0,0,0,0,0,63,25.1,1,1
373,Azerbaijan,2016,Europe,Government of Azerbaijan,1,1,137,1,137,0,0,0,0,0,0,0,0,137,25.1,1,1
373,Azerbaijan,2017,Europe,Government of Azerbaijan,1,1,36,1,36,0,0,0,0,0,0,0,0,36,25.1,1,1
373,Azerbaijan,2018,Europe,Government of Azerbaijan,1,1,16,1,16,0,0,0,0,0,0,0,0,16,25.1,1,1
373,Azerbaijan,2019,Europe,Government of Azerbaijan,1,1,9,1,9,0,0,0,0,0,0,0,0,9,25.1,1,1
373,Azerbaijan,2020,Europe,Government of Azerbaijan,1,1,7636,1,7636,0,0,0,0,0,0,0,0,7636,25.1,1,1
373,Azerbaijan,2021,Europe,Government of Azerbaijan,1,1,30,1,30,0,0,0,0,0,0,0,0,30,25.1,1,1
373,Azerbaijan,2022,Europe,Government of Azerbaijan,1,1,154,1,154,0,0,0,0,0,0,0,0,154,25.1,1,1
373,Azerbaijan,2023,Europe,Government of Azerbaijan,1,1,442,1,442,0,0,0,0,0,0,0,0,442,25.1,1,0
375,Finland,1989,Europe,Government of Finland,0,0,0,0,0,0,0,0,0,0,0,0,0,0,25.1,0,0
375,Finland,1990,Europe,Government of Finland,0,0,0,0,0,0,0,0,0,0,0,0,0,0,25.1,0,0
375,Finland,1991,Europe,Government of Finland,0,0,0,0,0,0,0,0,0,0,0,0,0,0,25.1,0,0
375,Finland,1992,Europe,Government of Finland,0,0,0,0,0,0,0,0,0,0,0,0,0,0,25.1,0,0
375,Finland,1993,Europe,Government of Finland,0,0,0,0,0,0,0,0,0,0,0,0,0,0,25.1,0,0
375,Finland,1994,Europe,Government of Finland,0,0,0,0,0,0,0,0,0,0,0,0,0,0,25.1,0,0
375,Finland,1995,Europe,Government of Finland,0,0,0,0,0,0,0,0,0,0,0,0,0,0,25.1,0,0
375,Finland,1996,Europe,Government of Finland,0,0,0,0,0,0,0,0,0,0,0,0,0,0,25.1,0,0
375,Finland,1997,Europe,Government of Finland,0,0,0,0,0,0,0,0,0,0,0,0,0,0,25.1,0,0
375,Finland,1998,Europe,Government of Finland,0,0,0,0,0,0,0,0,0,0,0,0,0,0,25.1,0,0
375,Finland,1999,Europe,Government of Finland,0,0,0,0,0,0,0,0,0,0,0,0,0,0,25.1,0,0
375,Finland,2000,Europe,Government of Finland,0,0,0,0,0,0,0,0,0,0,0,0,0,0,25.1,0,0
375,Finland,2001,Europe,Government of Finland,0,0,0,0,0,0,0,0,0,0,0,0,0,0,25.1,0,0
375,Finland,2002,Europe,Government of Finland,0,0,0,0,0,0,0,0,0,0,0,0,0,0,25.1,0,0
375,Finland,2003,Europe,Government of Finland,0,0,0,0,0,0,0,0,0,0,0,0,0,0,25.1,0,0
375,Finland,2004,Europe,Government of Finland,0,0,0,0,0,0,0,0,0,0,0,0,0,0,25.1,0,0
375,Finland,2005,Europe,Government of Finland,0,0,0,0,0,0,0,0,0,0,0,0,0,0,25.1,0,0
375,Finland,2006,Europe,Government of Finland,0,0,0,0,0,0,0,0,0,0,0,0,0,0,25.1,0,0
375,Finland,2007,Europe,Government of Finland,0,0,0,0,0,0,0,0,0,0,0,0,0,0,25.1,0,0
375,Finland,2008,Europe,Government of Finland,0,0,0,0,0,0,0,0,0,0,0,0,0,0,25.1,0,0
375,Finland,2009,Europe,Government of Finland,0,0,0,0,0,0,0,0,0,0,0,0,0,0,25.1,0,0
375,Finland,2010,Europe,Government of Finland,0,0,0,0,0,0,0,0,0,0,0,0,0,0,25.1,0,0
375,Finland,2011,Europe,Government of Finland,0,0,0,0,0,0,0,0,0,0,0,0,0,0,25.1,0,0
375,Finland,2012,Europe,Government of Finland,0,0,0,0,0,0,0,0,0,0,0,0,0,0,25.1,0,0
375,Finland,2013,Europe,Government of Finland,0,0,0,0,0,0,0,0,0,0,0,0,0,0,25.1,0,0
375,Finland,2014,Europe,Government of Finland,0,0,0,0,0,0,0,0,0,0,0,0,0,0,25.1,0,0
375,Finland,2015,Europe,Government of Finland,0,0,0,0,0,0,0,0,0,0,0,0,0,0,25.1,0,0
375,Finland,2016,Europe,Government of Finland,0,0,0,0,0,0,0,0,0,0,0,0,0,0,25.1,0,0
375,Finland,2017,Europe,Government of Finland,0,0,0,0,0,0,0,0,0,0,0,0,0,0,25.1,0,0
375,Finland,2018,Europe,Government of Finland,0,0,0,0,0,0,0,0,0,0,0,0,0,0,25.1,0,0
375,Finland,2019,Europe,Government of Finland,0,0,0,0,0,0,0,0,0,0,0,0,0,0,25.1,0,0
375,Finland,2020,Europe,Government of Finland,0,0,0,0,0,0,0,0,0,0,0,0,0,0,25.1,0,0
375,Finland,2021,Europe,Government of Finland,0,0,0,0,0,0,0,0,0,0,0,0,0,0,25.1,0,0
375,Finland,2022,Europe,Government of Finland,0,0,0,0,0,0,0,0,0,0,0,0,0,0,25.1,0,0
375,Finland,2023,Europe,Government of Finland,0,0,0,0,0,0,0,0,0,0,0,0,0,0,25.1,0,0
380,Sweden,1989,Europe,Government of Sweden,0,0,0,0,0,0,0,0,0,0,0,0,0,0,25.1,0,0
380,Sweden,1990,Europe,Government of Sweden,0,0,0,0,0,0,0,0,0,0,0,0,0,0,25.1,0,0
380,Sweden,1991,Europe,Government of Sweden,0,0,0,0,0,0,0,0,0,0,0,0,0,0,25.1,0,0
380,Sweden,1992,Europe,Government of Sweden,0,0,0,0,0,0,0,0,0,0,0,0,0,0,25.1,0,0
380,Sweden,1993,Europe,Government of Sweden,0,0,0,0,0,0,0,0,0,0,0,0,0,0,25.1,0,0
380,Sweden,1994,Europe,Government of Sweden,0,0,0,0,0,0,0,0,0,0,0,0,0,0,25.1,0,0
380,Sweden,1995,Europe,Government of Sweden,0,0,0,0,0,0,0,0,0,0,0,0,0,0,25.1,0,0
380,Sweden,1996,Europe,Government of Sweden,0,0,0,0,0,0,0,0,0,0,0,0,0,0,25.1,0,0
380,Sweden,1997,Europe,Government of Sweden,0,0,0,0,0,0,0,0,0,0,0,0,0,0,25.1,0,0
380,Sweden,1998,Europe,Government of Sweden,0,0,0,0,0,0,0,0,0,0,0,0,0,0,25.1,0,0
380,Sweden,1999,Europe,Government of Sweden,0,0,0,0,0,0,0,0,0,0,0,0,0,0,25.1,0,0
380,Sweden,2000,Europe,Government of Sweden,0,0,0,0,0,0,0,0,0,0,0,0,0,0,25.1,0,0
380,Sweden,2001,Europe,Government of Sweden,0,0,0,0,0,0,0,0,0,0,0,0,0,0,25.1,0,0
380,Sweden,2002,Europe,Government of Sweden,0,0,0,0,0,0,0,0,0,0,0,0,0,0,25.1,0,0
380,Sweden,2003,Europe,Government of Sweden,0,0,0,0,0,0,0,0,0,0,0,0,0,0,25.1,0,0
380,Sweden,2004,Europe,Government of Sweden,0,0,0,0,0,0,0,0,0,0,0,0,0,0,25.1,0,0
380,Sweden,2005,Europe,Government of Sweden,0,0,0,0,0,0,0,0,0,0,0,0,0,0,25.1,0,0
380,Sweden,2006,Europe,Government of Sweden,0,0,0,0,0,0,0,0,0,0,0,0,0,0,25.1,0,0
380,Sweden,2007,Europe,Government of Sweden,0,0,0,0,0,0,0,0,0,0,0,0,0,0,25.1,0,0
380,Sweden,2008,Europe,Government of Sweden,0,0,0,0,0,0,0,0,0,0,0,0,0,0,25.1,0,0
380,Sweden,2009,Europe,Government of Sweden,0,0,0,0,0,0,0,0,0,0,0,0,0,0,25.1,0,0
380,Sweden,2010,Europe,Government of Sweden,0,0,0,0,0,0,0,0,0,0,0,0,0,0,25.1,0,0
380,Sweden,2011,Europe,Government of Sweden,0,0,0,0,0,0,0,0,0,0,0,0,0,0,25.1,0,0
380,Sweden,2012,Europe,Government of Sweden,0,0,0,0,0,0,0,0,0,0,0,0,0,0,25.1,0,0
380,Sweden,2013,Europe,Government of Sweden,0,0,0,0,0,0,0,0,0,0,0,0,0,0,25.1,0,0
380,Sweden,2014,Europe,Government of Sweden,0,0,0,0,0,0,0,0,0,0,0,0,0,0,25.1,0,0
380,Sweden,2015,Europe,Government of Sweden,0,0,0,0,0,0,0,0,0,0,0,0,0,0,25.1,0,0
380,Sweden,2016,Europe,Government of Sweden,0,0,0,0,0,0,0,0,0,0,0,0,0,0,25.1,0,1
380,Sweden,2017,Europe,Government of Sweden,0,0,0,0,0,0,0,0,0,0,1,1,5,5,25.1,1,0
380,Sweden,2018,Europe,Government of Sweden,0,0,0,0,0,0,0,0,0,0,0,0,0,0,25.1,0,0
380,Sweden,2019,Europe,Government of Sweden,0,0,0,0,0,0,0,0,0,0,0,0,0,0,25.1,0,0
380,Sweden,2020,Europe,Government of Sweden,0,0,0,0,0,0,0,0,0,0,0,0,0,0,25.1,0,0
380,Sweden,2021,Europe,Government of Sweden,0,0,0,0,0,0,0,0,0,0,0,0,0,0,25.1,0,0
380,Sweden,2022,Europe,Government of Sweden,0,0,0,0,0,0,0,0,0,0,0,0,0,0,25.1,0,0
380,Sweden,2023,Europe,Government of Sweden,0,0,0,0,0,0,0,0,0,0,0,0,0,0,25.1,0,0
385,Norway,1989,Europe,Government of Norway,0,0,0,0,0,0,0,0,0,0,0,0,0,0,25.1,0,0
385,Norway,1990,Europe,Government of Norway,0,0,0,0,0,0,0,0,0,0,0,0,0,0,25.1,0,0
385,Norway,1991,Europe,Government of Norway,0,0,0,0,0,0,0,0,0,0,0,0,0,0,25.1,0,0
385,Norway,1992,Europe,Government of Norway,0,0,0,0,0,0,0,0,0,0,0,0,0,0,25.1,0,0
385,Norway,1993,Europe,Government of Norway,0,0,0,0,0,0,0,0,0,0,0,0,0,0,25.1,0,0
385,Norway,1994,Europe,Government of Norway,0,0,0,0,0,0,0,0,0,0,0,0,0,0,25.1,0,0
385,Norway,1995,Europe,Government of Norway,0,0,0,0,0,0,0,0,0,0,0,0,0,0,25.1,0,0
385,Norway,1996,Europe,Government of Norway,0,0,0,0,0,0,0,0,0,0,0,0,0,0,25.1,0,0
385,Norway,1997,Europe,Government of Norway,0,0,0,0,0,0,0,0,0,0,0,0,0,0,25.1,0,0
385,Norway,1998,Europe,Government of Norway,0,0,0,0,0,0,0,0,0,0,0,0,0,0,25.1,0,0
385,Norway,1999,Europe,Government of Norway,0,0,0,0,0,0,0,0,0,0,0,0,0,0,25.1,0,0
385,Norway,2000,Europe,Government of Norway,0,0,0,0,0,0,0,0,0,0,0,0,0,0,25.1,0,0
385,Norway,2001,Europe,Government of Norway,0,0,0,0,0,0,0,0,0,0,0,0,0,0,25.1,0,0
385,Norway,2002,Europe,Government of Norway,0,0,0,0,0,0,0,0,0,0,0,0,0,0,25.1,0,0
385,Norway,2003,Europe,Government of Norway,0,0,0,0,0,0,0,0,0,0,0,0,0,0,25.1,0,0
385,Norway,2004,Europe,Government of Norway,0,0,0,0,0,0,0,0,0,0,0,0,0,0,25.1,0,0
385,Norway,2005,Europe,Government of Norway,0,0,0,0,0,0,0,0,0,0,0,0,0,0,25.1,0,0
385,Norway,2006,Europe,Government of Norway,0,0,0,0,0,0,0,0,0,0,0,0,0,0,25.1,0,0
385,Norway,2007,Europe,Government of Norway,0,0,0,0,0,0,0,0,0,0,0,0,0,0,25.1,0,0
385,Norway,2008,Europe,Government of Norway,0,0,0,0,0,0,0,0,0,0,0,0,0,0,25.1,0,0
385,Norway,2009,Europe,Government of Norway,0,0,0,0,0,0,0,0,0,0,0,0,0,0,25.1,0,0
385,Norway,2010,Europe,Government of Norway,0,0,0,0,0,0,0,0,0,0,0,0,0,0,25.1,0,0
385,Norway,2011,Europe,Government of Norway,0,0,0,0,0,0,0,0,0,0,0,0,0,0,25.1,0,0
385,Norway,2012,Europe,Government of Norway,0,0,0,0,0,0,0,0,0,0,0,0,0,0,25.1,0,0
385,Norway,2013,Europe,Government of Norway,0,0,0,0,0,0,0,0,0,0,0,0,0,0,25.1,0,0
385,Norway,2014,Europe,Government of Norway,0,0,0,0,0,0,0,0,0,0,0,0,0,0,25.1,0,0
385,Norway,2015,Europe,Government of Norway,0,0,0,0,0,0,0,0,0,0,0,0,0,0,25.1,0,0
385,Norway,2016,Europe,Government of Norway,0,0,0,0,0,0,0,0,0,0,0,0,0,0,25.1,0,0
385,Norway,2017,Europe,Government of Norway,0,0,0,0,0,0,0,0,0,0,0,0,0,0,25.1,0,0
385,Norway,2018,Europe,Government of Norway,0,0,0,0,0,0,0,0,0,0,0,0,0,0,25.1,0,0
385,Norway,2019,Europe,Government of Norway,0,0,0,0,0,0,0,0,0,0,0,0,0,0,25.1,0,0
385,Norway,2020,Europe,Government of Norway,0,0,0,0,0,0,0,0,0,0,0,0,0,0,25.1,0,0
385,Norway,2021,Europe,Government of Norway,0,0,0,0,0,0,0,0,0,0,0,0,0,0,25.1,0,0
385,Norway,2022,Europe,Government of Norway,0,0,0,0,0,0,0,0,0,0,0,0,0,0,25.1,0,0
385,Norway,2023,Europe,Government of Norway,0,0,0,0,0,0,0,0,0,0,0,0,0,0,25.1,0,0
390,Denmark,1989,Europe,Government of Denmark,0,0,0,0,0,0,0,0,0,0,0,0,0,0,25.1,0,0
390,Denmark,1990,Europe,Government of Denmark,0,0,0,0,0,0,0,0,0,0,0,0,0,0,25.1,0,0
390,Denmark,1991,Europe,Government of Denmark,0,0,0,0,0,0,0,0,0,0,0,0,0,0,25.1,0,0
390,Denmark,1992,Europe,Government of Denmark,0,0,0,0,0,0,0,0,0,0,0,0,0,0,25.1,0,0
390,Denmark,1993,Europe,Government of Denmark,0,0,0,0,0,0,0,0,0,0,0,0,0,0,25.1,0,0
390,Denmark,1994,Europe,Government of Denmark,0,0,0,0,0,0,0,0,0,0,0,0,0,0,25.1,0,0
390,Denmark,1995,Europe,Government of Denmark,0,0,0,0,0,0,0,0,0,0,0,0,0,0,25.1,0,0
390,Denmark,1996,Europe,Government of Denmark,0,0,0,0,0,0,0,0,0,0,0,0,0,0,25.1,0,0
390,Denmark,1997,Europe,Government of Denmark,0,0,0,0,0,0,0,0,0,0,0,0,0,0,25.1,0,0
390,Denmark,1998,Europe,Government of Denmark,0,0,0,0,0,0,0,0,0,0,0,0,0,0,25.1,0,0
390,Denmark,1999,Europe,Government of Denmark,0,0,0,0,0,0,0,0,0,0,0,0,0,0,25.1,0,0
390,Denmark,2000,Europe,Government of Denmark,0,0,0,0,0,0,0,0,0,0,0,0,0,0,25.1,0,0
390,Denmark,2001,Europe,Government of Denmark,0,0,0,0,0,0,0,0,0,0,0,0,0,0,25.1,0,0
390,Denmark,2002,Europe,Government of Denmark,0,0,0,0,0,0,0,0,0,0,0,0,0,0,25.1,0,0
390,Denmark,2003,Europe,Government of Denmark,0,0,0,0,0,0,0,0,0,0,0,0,0,0,25.1,0,0
390,Denmark,2004,Europe,Government of Denmark,0,0,0,0,0,0,0,0,0,0,0,0,0,0,25.1,0,0
390,Denmark,2005,Europe,Government of Denmark,0,0,0,0,0,0,0,0,0,0,0,0,0,0,25.1,0,0
390,Denmark,2006,Europe,Government of Denmark,0,0,0,0,0,0,0,0,0,0,0,0,0,0,25.1,0,0
390,Denmark,2007,Europe,Government of Denmark,0,0,0,0,0,0,0,0,0,0,0,0,0,0,25.1,0,0
390,Denmark,2008,Europe,Government of Denmark,0,0,0,0,0,0,0,0,0,0,0,0,0,0,25.1,0,0
390,Denmark,2009,Europe,Government of Denmark,0,0,0,0,0,0,0,0,0,0,0,0,0,0,25.1,0,0
390,Denmark,2010,Europe,Government of Denmark,0,0,0,0,0,0,0,0,0,0,0,0,0,0,25.1,0,0
390,Denmark,2011,Europe,Government of Denmark,0,0,0,0,0,0,0,0,0,0,0,0,0,0,25.1,0,0
390,Denmark,2012,Europe,Government of Denmark,0,0,0,0,0,0,0,0,0,0,0,0,0,0,25.1,0,0
390,Denmark,2013,Europe,Government of Denmark,0,0,0,0,0,0,0,0,0,0,0,0,0,0,25.1,0,0
390,Denmark,2014,Europe,Government of Denmark,0,0,0,0,0,0,0,0,0,0,0,0,0,0,25.1,0,0
390,Denmark,2015,Europe,Government of Denmark,0,0,0,0,0,0,0,0,0,0,0,0,0,0,25.1,0,0
390,Denmark,2016,Europe,Government of Denmark,0,0,0,0,0,0,0,0,0,0,0,0,0,0,25.1,0,0
390,Denmark,2017,Europe,Government of Denmark,0,0,0,0,0,0,0,0,0,0,0,0,0,0,25.1,0,0
390,Denmark,2018,Europe,Government of Denmark,0,0,0,0,0,0,0,0,0,0,0,0,0,0,25.1,0,0
390,Denmark,2019,Europe,Government of Denmark,0,0,0,0,0,0,0,0,0,0,0,0,0,0,25.1,0,0
390,Denmark,2020,Europe,Government of Denmark,0,0,0,0,0,0,0,0,0,0,0,0,0,0,25.1,0,0
390,Denmark,2021,Europe,Government of Denmark,0,0,0,0,0,0,0,0,0,0,0,0,0,0,25.1,0,0
390,Denmark,2022,Europe,Government of Denmark,0,0,0,0,0,0,0,0,0,0,0,0,0,0,25.1,0,0
390,Denmark,2023,Europe,Government of Denmark,0,0,0,0,0,0,0,0,0,0,0,0,0,0,25.1,0,0
395,Iceland,1989,Europe,Government of Iceland,0,0,0,0,0,0,0,0,0,0,0,0,0,0,25.1,0,0
395,Iceland,1990,Europe,Government of Iceland,0,0,0,0,0,0,0,0,0,0,0,0,0,0,25.1,0,0
395,Iceland,1991,Europe,Government of Iceland,0,0,0,0,0,0,0,0,0,0,0,0,0,0,25.1,0,0
395,Iceland,1992,Europe,Government of Iceland,0,0,0,0,0,0,0,0,0,0,0,0,0,0,25.1,0,0
395,Iceland,1993,Europe,Government of Iceland,0,0,0,0,0,0,0,0,0,0,0,0,0,0,25.1,0,0
395,Iceland,1994,Europe,Government of Iceland,0,0,0,0,0,0,0,0,0,0,0,0,0,0,25.1,0,0
395,Iceland,1995,Europe,Government of Iceland,0,0,0,0,0,0,0,0,0,0,0,0,0,0,25.1,0,0
395,Iceland,1996,Europe,Government of Iceland,0,0,0,0,0,0,0,0,0,0,0,0,0,0,25.1,0,0
395,Iceland,1997,Europe,Government of Iceland,0,0,0,0,0,0,0,0,0,0,0,0,0,0,25.1,0,0
395,Iceland,1998,Europe,Government of Iceland,0,0,0,0,0,0,0,0,0,0,0,0,0,0,25.1,0,0
395,Iceland,1999,Europe,Government of Iceland,0,0,0,0,0,0,0,0,0,0,0,0,0,0,25.1,0,0
395,Iceland,2000,Europe,Government of Iceland,0,0,0,0,0,0,0,0,0,0,0,0,0,0,25.1,0,0
395,Iceland,2001,Europe,Government of Iceland,0,0,0,0,0,0,0,0,0,0,0,0,0,0,25.1,0,0
395,Iceland,2002,Europe,Government of Iceland,0,0,0,0,0,0,0,0,0,0,0,0,0,0,25.1,0,0
395,Iceland,2003,Europe,Government of Iceland,0,0,0,0,0,0,0,0,0,0,0,0,0,0,25.1,0,0
395,Iceland,2004,Europe,Government of Iceland,0,0,0,0,0,0,0,0,0,0,0,0,0,0,25.1,0,0
395,Iceland,2005,Europe,Government of Iceland,0,0,0,0,0,0,0,0,0,0,0,0,0,0,25.1,0,0
395,Iceland,2006,Europe,Government of Iceland,0,0,0,0,0,0,0,0,0,0,0,0,0,0,25.1,0,0
395,Iceland,2007,Europe,Government of Iceland,0,0,0,0,0,0,0,0,0,0,0,0,0,0,25.1,0,0
395,Iceland,2008,Europe,Government of Iceland,0,0,0,0,0,0,0,0,0,0,0,0,0,0,25.1,0,0
395,Iceland,2009,Europe,Government of Iceland,0,0,0,0,0,0,0,0,0,0,0,0,0,0,25.1,0,0
395,Iceland,2010,Europe,Government of Iceland,0,0,0,0,0,0,0,0,0,0,0,0,0,0,25.1,0,0
395,Iceland,2011,Europe,Government of Iceland,0,0,0,0,0,0,0,0,0,0,0,0,0,0,25.1,0,0
395,Iceland,2012,Europe,Government of Iceland,0,0,0,0,0,0,0,0,0,0,0,0,0,0,25.1,0,0
395,Iceland,2013,Europe,Government of Iceland,0,0,0,0,0,0,0,0,0,0,0,0,0,0,25.1,0,0
395,Iceland,2014,Europe,Government of Iceland,0,0,0,0,0,0,0,0,0,0,0,0,0,0,25.1,0,0
395,Iceland,2015,Europe,Government of Iceland,0,0,0,0,0,0,0,0,0,0,0,0,0,0,25.1,0,0
395,Iceland,2016,Europe,Government of Iceland,0,0,0,0,0,0,0,0,0,0,0,0,0,0,25.1,0,0
395,Iceland,2017,Europe,Government of Iceland,0,0,0,0,0,0,0,0,0,0,0,0,0,0,25.1,0,0
395,Iceland,2018,Europe,Government of Iceland,0,0,0,0,0,0,0,0,0,0,0,0,0,0,25.1,0,0
395,Iceland,2019,Europe,Government of Iceland,0,0,0,0,0,0,0,0,0,0,0,0,0,0,25.1,0,0
395,Iceland,2020,Europe,Government of Iceland,0,0,0,0,0,0,0,0,0,0,0,0,0,0,25.1,0,0
395,Iceland,2021,Europe,Government of Iceland,0,0,0,0,0,0,0,0,0,0,0,0,0,0,25.1,0,0
395,Iceland,2022,Europe,Government of Iceland,0,0,0,0,0,0,0,0,0,0,0,0,0,0,25.1,0,0
395,Iceland,2023,Europe,Government of Iceland,0,0,0,0,0,0,0,0,0,0,0,0,0,0,25.1,0,0
402,Cape Verde,1989,Africa,Government of Cape Verde,0,0,0,0,0,0,0,0,0,0,0,0,0,0,25.1,0,0
402,Cape Verde,1990,Africa,Government of Cape Verde,0,0,0,0,0,0,0,0,0,0,0,0,0,0,25.1,0,0
402,Cape Verde,1991,Africa,Government of Cape Verde,0,0,0,0,0,0,0,0,0,0,0,0,0,0,25.1,0,0
402,Cape Verde,1992,Africa,Government of Cape Verde,0,0,0,0,0,0,0,0,0,0,0,0,0,0,25.1,0,0
402,Cape Verde,1993,Africa,Government of Cape Verde,0,0,0,0,0,0,0,0,0,0,0,0,0,0,25.1,0,0
402,Cape Verde,1994,Africa,Government of Cape Verde,0,0,0,0,0,0,0,0,0,0,0,0,0,0,25.1,0,0
402,Cape Verde,1995,Africa,Government of Cape Verde,0,0,0,0,0,0,0,0,0,0,0,0,0,0,25.1,0,0
402,Cape Verde,1996,Africa,Government of Cape Verde,0,0,0,0,0,0,0,0,0,0,0,0,0,0,25.1,0,0
402,Cape Verde,1997,Africa,Government of Cape Verde,0,0,0,0,0,0,0,0,0,0,0,0,0,0,25.1,0,0
402,Cape Verde,1998,Africa,Government of Cape Verde,0,0,0,0,0,0,0,0,0,0,0,0,0,0,25.1,0,0
402,Cape Verde,1999,Africa,Government of Cape Verde,0,0,0,0,0,0,0,0,0,0,0,0,0,0,25.1,0,0
402,Cape Verde,2000,Africa,Government of Cape Verde,0,0,0,0,0,0,0,0,0,0,0,0,0,0,25.1,0,0
402,Cape Verde,2001,Africa,Government of Cape Verde,0,0,0,0,0,0,0,0,0,0,0,0,0,0,25.1,0,0
402,Cape Verde,2002,Africa,Government of Cape Verde,0,0,0,0,0,0,0,0,0,0,0,0,0,0,25.1,0,0
402,Cape Verde,2003,Africa,Government of Cape Verde,0,0,0,0,0,0,0,0,0,0,0,0,0,0,25.1,0,0
402,Cape Verde,2004,Africa,Government of Cape Verde,0,0,0,0,0,0,0,0,0,0,0,0,0,0,25.1,0,0
402,Cape Verde,2005,Africa,Government of Cape Verde,0,0,0,0,0,0,0,0,0,0,0,0,0,0,25.1,0,0
402,Cape Verde,2006,Africa,Government of Cape Verde,0,0,0,0,0,0,0,0,0,0,0,0,0,0,25.1,0,0
402,Cape Verde,2007,Africa,Government of Cape Verde,0,0,0,0,0,0,0,0,0,0,0,0,0,0,25.1,0,0
402,Cape Verde,2008,Africa,Government of Cape Verde,0,0,0,0,0,0,0,0,0,0,0,0,0,0,25.1,0,0
402,Cape Verde,2009,Africa,Government of Cape Verde,0,0,0,0,0,0,0,0,0,0,0,0,0,0,25.1,0,0
402,Cape Verde,2010,Africa,Government of Cape Verde,0,0,0,0,0,0,0,0,0,0,0,0,0,0,25.1,0,0
402,Cape Verde,2011,Africa,Government of Cape Verde,0,0,0,0,0,0,0,0,0,0,0,0,0,0,25.1,0,0
402,Cape Verde,2012,Africa,Government of Cape Verde,0,0,0,0,0,0,0,0,0,0,0,0,0,0,25.1,0,0
402,Cape Verde,2013,Africa,Government of Cape Verde,0,0,0,0,0,0,0,0,0,0,0,0,0,0,25.1,0,0
402,Cape Verde,2014,Africa,Government of Cape Verde,0,0,0,0,0,0,0,0,0,0,0,0,0,0,25.1,0,0
402,Cape Verde,2015,Africa,Government of Cape Verde,0,0,0,0,0,0,0,0,0,0,0,0,0,0,25.1,0,0
402,Cape Verde,2016,Africa,Government of Cape Verde,0,0,0,0,0,0,0,0,0,0,0,0,0,0,25.1,0,0
402,Cape Verde,2017,Africa,Government of Cape Verde,0,0,0,0,0,0,0,0,0,0,0,0,0,0,25.1,0,0
402,Cape Verde,2018,Africa,Government of Cape Verde,0,0,0,0,0,0,0,0,0,0,0,0,0,0,25.1,0,0
402,Cape Verde,2019,Africa,Government of Cape Verde,0,0,0,0,0,0,0,0,0,0,0,0,0,0,25.1,0,0
402,Cape Verde,2020,Africa,Government of Cape Verde,0,0,0,0,0,0,0,0,0,0,0,0,0,0,25.1,0,0
402,Cape Verde,2021,Africa,Government of Cape Verde,0,0,0,0,0,0,0,0,0,0,0,0,0,0,25.1,0,0
402,Cape Verde,2022,Africa,Government of Cape Verde,0,0,0,0,0,0,0,0,0,0,0,0,0,0,25.1,0,0
402,Cape Verde,2023,Africa,Government of Cape Verde,0,0,0,0,0,0,0,0,0,0,0,0,0,0,25.1,0,0
403,Sao Tome and Principe,1989,Africa,Government of Sao Tome and Principe,0,0,0,0,0,0,0,0,0,0,0,0,0,0,25.1,0,0
403,Sao Tome and Principe,1990,Africa,Government of Sao Tome and Principe,0,0,0,0,0,0,0,0,0,0,0,0,0,0,25.1,0,0
403,Sao Tome and Principe,1991,Africa,Government of Sao Tome and Principe,0,0,0,0,0,0,0,0,0,0,0,0,0,0,25.1,0,0
403,Sao Tome and Principe,1992,Africa,Government of Sao Tome and Principe,0,0,0,0,0,0,0,0,0,0,0,0,0,0,25.1,0,0
403,Sao Tome and Principe,1993,Africa,Government of Sao Tome and Principe,0,0,0,0,0,0,0,0,0,0,0,0,0,0,25.1,0,0
403,Sao Tome and Principe,1994,Africa,Government of Sao Tome and Principe,0,0,0,0,0,0,0,0,0,0,0,0,0,0,25.1,0,0
403,Sao Tome and Principe,1995,Africa,Government of Sao Tome and Principe,0,0,0,0,0,0,0,0,0,0,0,0,0,0,25.1,0,0
403,Sao Tome and Principe,1996,Africa,Government of Sao Tome and Principe,0,0,0,0,0,0,0,0,0,0,0,0,0,0,25.1,0,0
403,Sao Tome and Principe,1997,Africa,Government of Sao Tome and Principe,0,0,0,0,0,0,0,0,0,0,0,0,0,0,25.1,0,0
403,Sao Tome and Principe,1998,Africa,Government of Sao Tome and Principe,0,0,0,0,0,0,0,0,0,0,0,0,0,0,25.1,0,0
403,Sao Tome and Principe,1999,Africa,Government of Sao Tome and Principe,0,0,0,0,0,0,0,0,0,0,0,0,0,0,25.1,0,0
403,Sao Tome and Principe,2000,Africa,Government of Sao Tome and Principe,0,0,0,0,0,0,0,0,0,0,0,0,0,0,25.1,0,0
403,Sao Tome and Principe,2001,Africa,Government of Sao Tome and Principe,0,0,0,0,0,0,0,0,0,0,0,0,0,0,25.1,0,0
403,Sao Tome and Principe,2002,Africa,Government of Sao Tome and Principe,0,0,0,0,0,0,0,0,0,0,0,0,0,0,25.1,0,0
403,Sao Tome and Principe,2003,Africa,Government of Sao Tome and Principe,0,0,0,0,0,0,0,0,0,0,0,0,0,0,25.1,0,0
403,Sao Tome and Principe,2004,Africa,Government of Sao Tome and Principe,0,0,0,0,0,0,0,0,0,0,0,0,0,0,25.1,0,0
403,Sao Tome and Principe,2005,Africa,Government of Sao Tome and Principe,0,0,0,0,0,0,0,0,0,0,0,0,0,0,25.1,0,0
403,Sao Tome and Principe,2006,Africa,Government of Sao Tome and Principe,0,0,0,0,0,0,0,0,0,0,0,0,0,0,25.1,0,0
403,Sao Tome and Principe,2007,Africa,Government of Sao Tome and Principe,0,0,0,0,0,0,0,0,0,0,0,0,0,0,25.1,0,0
403,Sao Tome and Principe,2008,Africa,Government of Sao Tome and Principe,0,0,0,0,0,0,0,0,0,0,0,0,0,0,25.1,0,0
403,Sao Tome and Principe,2009,Africa,Government of Sao Tome and Principe,0,0,0,0,0,0,0,0,0,0,0,0,0,0,25.1,0,0
403,Sao Tome and Principe,2010,Africa,Government of Sao Tome and Principe,0,0,0,0,0,0,0,0,0,0,0,0,0,0,25.1,0,0
403,Sao Tome and Principe,2011,Africa,Government of Sao Tome and Principe,0,0,0,0,0,0,0,0,0,0,0,0,0,0,25.1,0,0
403,Sao Tome and Principe,2012,Africa,Government of Sao Tome and Principe,0,0,0,0,0,0,0,0,0,0,0,0,0,0,25.1,0,0
403,Sao Tome and Principe,2013,Africa,Government of Sao Tome and Principe,0,0,0,0,0,0,0,0,0,0,0,0,0,0,25.1,0,0
403,Sao Tome and Principe,2014,Africa,Government of Sao Tome and Principe,0,0,0,0,0,0,0,0,0,0,0,0,0,0,25.1,0,0
403,Sao Tome and Principe,2015,Africa,Government of Sao Tome and Principe,0,0,0,0,0,0,0,0,0,0,0,0,0,0,25.1,0,0
403,Sao Tome and Principe,2016,Africa,Government of Sao Tome and Principe,0,0,0,0,0,0,0,0,0,0,0,0,0,0,25.1,0,0
403,Sao Tome and Principe,2017,Africa,Government of Sao Tome and Principe,0,0,0,0,0,0,0,0,0,0,0,0,0,0,25.1,0,0
403,Sao Tome and Principe,2018,Africa,Government of Sao Tome and Principe,0,0,0,0,0,0,0,0,0,0,0,0,0,0,25.1,0,0
403,Sao Tome and Principe,2019,Africa,Government of Sao Tome and Principe,0,0,0,0,0,0,0,0,0,0,0,0,0,0,25.1,0,0
403,Sao Tome and Principe,2020,Africa,Government of Sao Tome and Principe,0,0,0,0,0,0,0,0,0,0,0,0,0,0,25.1,0,0
403,Sao Tome and Principe,2021,Africa,Government of Sao Tome and Principe,0,0,0,0,0,0,0,0,0,0,0,0,0,0,25.1,0,0
403,Sao Tome and Principe,2022,Africa,Government of Sao Tome and Principe,0,0,0,0,0,0,0,0,0,0,0,0,0,0,25.1,0,0
403,Sao Tome and Principe,2023,Africa,Government of Sao Tome and Principe,0,0,0,0,0,0,0,0,0,0,0,0,0,0,25.1,0,0
404,Guinea-Bissau,1989,Africa,Government of Guinea-Bissau,0,0,0,0,0,0,0,0,0,0,0,0,0,0,25.1,0,0
404,Guinea-Bissau,1990,Africa,Government of Guinea-Bissau,0,0,0,0,0,0,0,0,0,0,0,0,0,0,25.1,0,0
404,Guinea-Bissau,1991,Africa,Government of Guinea-Bissau,0,0,0,0,0,0,0,0,0,0,0,0,0,0,25.1,0,1
404,Guinea-Bissau,1992,Africa,Government of Guinea-Bissau,1,1,2,1,2,0,0,0,0,0,0,0,0,2,25.1,1,0
404,Guinea-Bissau,1993,Africa,Government of Guinea-Bissau,0,0,0,0,0,0,0,0,0,0,0,0,0,0,25.1,0,0
404,Guinea-Bissau,1994,Africa,Government of Guinea-Bissau,0,0,0,0,0,0,0,0,0,0,0,0,0,0,25.1,0,0
404,Guinea-Bissau,1995,Africa,Government of Guinea-Bissau,0,0,0,0,0,0,0,0,0,0,0,0,0,0,25.1,0,0
404,Guinea-Bissau,1996,Africa,Government of Guinea-Bissau,0,0,0,0,0,0,0,0,0,0,0,0,0,0,25.1,0,0
404,Guinea-Bissau,1997,Africa,Government of Guinea-Bissau,0,0,0,0,0,0,0,0,0,0,0,0,0,0,25.1,0,1
404,Guinea-Bissau,1998,Africa,Government of Guinea-Bissau,1,1,505,1,505,0,0,0,0,0,0,0,0,505,25.1,1,1
404,Guinea-Bissau,1999,Africa,Government of Guinea-Bissau,1,1,199,1,199,0,0,0,0,0,0,0,0,199,25.1,1,1
404,Guinea-Bissau,2000,Africa,Government of Guinea-Bissau,1,1,0,1,0,0,0,0,0,0,0,0,0,0,25.1,1,0
404,Guinea-Bissau,2001,Africa,Government of Guinea-Bissau,0,0,0,0,0,0,0,0,0,0,0,0,0,0,25.1,0,0
404,Guinea-Bissau,2002,Africa,Government of Guinea-Bissau,0,0,0,0,0,0,0,0,0,0,0,0,0,0,25.1,0,0
404,Guinea-Bissau,2003,Africa,Government of Guinea-Bissau,0,0,0,0,0,0,0,0,0,0,0,0,0,0,25.1,0,0
404,Guinea-Bissau,2004,Africa,Government of Guinea-Bissau,0,0,0,0,0,0,0,0,0,0,0,0,0,0,25.1,0,0
404,Guinea-Bissau,2005,Africa,Government of Guinea-Bissau,0,0,0,0,0,0,0,0,0,0,0,0,0,0,25.1,0,0
404,Guinea-Bissau,2006,Africa,Government of Guinea-Bissau,0,0,0,0,0,0,0,0,0,0,0,0,0,0,25.1,0,0
404,Guinea-Bissau,2007,Africa,Government of Guinea-Bissau,0,0,0,0,0,0,0,0,0,0,0,0,0,0,25.1,0,0
404,Guinea-Bissau,2008,Africa,Government of Guinea-Bissau,0,0,0,0,0,0,0,0,0,0,0,0,0,0,25.1,0,0
404,Guinea-Bissau,2009,Africa,Government of Guinea-Bissau,0,0,0,0,0,0,0,0,0,0,0,0,0,0,25.1,0,0
404,Guinea-Bissau,2010,Africa,Government of Guinea-Bissau,0,0,0,0,0,0,0,0,0,0,0,0,0,0,25.1,0,0
404,Guinea-Bissau,2011,Africa,Government of Guinea-Bissau,0,0,0,0,0,0,0,0,0,0,0,0,0,0,25.1,0,0
404,Guinea-Bissau,2012,Africa,Government of Guinea-Bissau,0,0,0,0,0,0,0,0,0,0,0,0,0,0,25.1,0,0
404,Guinea-Bissau,2013,Africa,Government of Guinea-Bissau,0,0,0,0,0,0,0,0,0,0,0,0,0,0,25.1,0,0
404,Guinea-Bissau,2014,Africa,Government of Guinea-Bissau,0,0,0,0,0,0,0,0,0,0,0,0,0,0,25.1,0,0
404,Guinea-Bissau,2015,Africa,Government of Guinea-Bissau,0,0,0,0,0,0,0,0,0,0,0,0,0,0,25.1,0,0
404,Guinea-Bissau,2016,Africa,Government of Guinea-Bissau,0,0,0,0,0,0,0,0,0,0,0,0,0,0,25.1,0,0
404,Guinea-Bissau,2017,Africa,Government of Guinea-Bissau,0,0,0,0,0,0,0,0,0,0,0,0,0,0,25.1,0,0
404,Guinea-Bissau,2018,Africa,Government of Guinea-Bissau,0,0,0,0,0,0,0,0,0,0,0,0,0,0,25.1,0,0
404,Guinea-Bissau,2019,Africa,Government of Guinea-Bissau,0,0,0,0,0,0,0,0,0,0,0,0,0,0,25.1,0,0
404,Guinea-Bissau,2020,Africa,Government of Guinea-Bissau,0,0,0,0,0,0,0,0,0,0,0,0,0,0,25.1,0,0
404,Guinea-Bissau,2021,Africa,Government of Guinea-Bissau,0,0,0,0,0,0,0,0,0,0,0,0,0,0,25.1,0,0
404,Guinea-Bissau,2022,Africa,Government of Guinea-Bissau,0,0,0,0,0,0,0,0,0,0,0,0,0,0,25.1,0,0
404,Guinea-Bissau,2023,Africa,Government of Guinea-Bissau,0,0,0,0,0,0,0,0,0,0,0,0,0,0,25.1,0,0
411,Equatorial Guinea,1989,Africa,Government of Equatorial Guinea,0,0,0,0,0,0,0,0,0,0,0,0,0,0,25.1,0,0
411,Equatorial Guinea,1990,Africa,Government of Equatorial Guinea,0,0,0,0,0,0,0,0,0,0,0,0,0,0,25.1,0,0
411,Equatorial Guinea,1991,Africa,Government of Equatorial Guinea,0,0,0,0,0,0,0,0,0,0,0,0,0,0,25.1,0,0
411,Equatorial Guinea,1992,Africa,Government of Equatorial Guinea,0,0,0,0,0,0,0,0,0,0,0,0,0,0,25.1,0,0
411,Equatorial Guinea,1993,Africa,Government of Equatorial Guinea,0,0,0,0,0,0,0,0,0,0,0,0,0,0,25.1,0,0
411,Equatorial Guinea,1994,Africa,Government of Equatorial Guinea,0,0,0,0,0,0,0,0,0,0,0,0,0,0,25.1,0,0
411,Equatorial Guinea,1995,Africa,Government of Equatorial Guinea,0,0,0,0,0,0,0,0,0,0,0,0,0,0,25.1,0,0
411,Equatorial Guinea,1996,Africa,Government of Equatorial Guinea,0,0,0,0,0,0,0,0,0,0,0,0,0,0,25.1,0,0
411,Equatorial Guinea,1997,Africa,Government of Equatorial Guinea,0,0,0,0,0,0,0,0,0,0,0,0,0,0,25.1,0,0
411,Equatorial Guinea,1998,Africa,Government of Equatorial Guinea,0,0,0,0,0,0,0,0,0,0,0,0,0,0,25.1,0,0
411,Equatorial Guinea,1999,Africa,Government of Equatorial Guinea,0,0,0,0,0,0,0,0,0,0,0,0,0,0,25.1,0,0
411,Equatorial Guinea,2000,Africa,Government of Equatorial Guinea,0,0,0,0,0,0,0,0,0,0,0,0,0,0,25.1,0,0
411,Equatorial Guinea,2001,Africa,Government of Equatorial Guinea,0,0,0,0,0,0,0,0,0,0,0,0,0,0,25.1,0,0
411,Equatorial Guinea,2002,Africa,Government of Equatorial Guinea,0,0,0,0,0,0,0,0,0,0,0,0,0,0,25.1,0,0
411,Equatorial Guinea,2003,Africa,Government of Equatorial Guinea,0,0,0,0,0,0,0,0,0,0,0,0,0,0,25.1,0,0
411,Equatorial Guinea,2004,Africa,Government of Equatorial Guinea,0,0,0,0,0,0,0,0,0,0,0,0,0,0,25.1,0,0
411,Equatorial Guinea,2005,Africa,Government of Equatorial Guinea,0,0,0,0,0,0,0,0,0,0,0,0,0,0,25.1,0,0
411,Equatorial Guinea,2006,Africa,Government of Equatorial Guinea,0,0,0,0,0,0,0,0,0,0,0,0,0,0,25.1,0,0
411,Equatorial Guinea,2007,Africa,Government of Equatorial Guinea,0,0,0,0,0,0,0,0,0,0,0,0,0,0,25.1,0,0
411,Equatorial Guinea,2008,Africa,Government of Equatorial Guinea,0,0,0,0,0,0,0,0,0,0,0,0,0,0,25.1,0,0
411,Equatorial Guinea,2009,Africa,Government of Equatorial Guinea,0,0,0,0,0,0,0,0,0,0,0,0,0,0,25.1,0,0
411,Equatorial Guinea,2010,Africa,Government of Equatorial Guinea,0,0,0,0,0,0,0,0,0,0,0,0,0,0,25.1,0,0
411,Equatorial Guinea,2011,Africa,Government of Equatorial Guinea,0,0,0,0,0,0,0,0,0,0,0,0,0,0,25.1,0,0
411,Equatorial Guinea,2012,Africa,Government of Equatorial Guinea,0,0,0,0,0,0,0,0,0,0,0,0,0,0,25.1,0,0
411,Equatorial Guinea,2013,Africa,Government of Equatorial Guinea,0,0,0,0,0,0,0,0,0,0,0,0,0,0,25.1,0,0
411,Equatorial Guinea,2014,Africa,Government of Equatorial Guinea,0,0,0,0,0,0,0,0,0,0,0,0,0,0,25.1,0,0
411,Equatorial Guinea,2015,Africa,Government of Equatorial Guinea,0,0,0,0,0,0,0,0,0,0,0,0,0,0,25.1,0,0
411,Equatorial Guinea,2016,Africa,Government of Equatorial Guinea,0,0,0,0,0,0,0,0,0,0,0,0,0,0,25.1,0,0
411,Equatorial Guinea,2017,Africa,Government of Equatorial Guinea,0,0,0,0,0,0,0,0,0,0,0,0,0,0,25.1,0,0
411,Equatorial Guinea,2018,Africa,Government of Equatorial Guinea,0,0,0,0,0,0,0,0,0,0,0,0,0,0,25.1,0,0
411,Equatorial Guinea,2019,Africa,Government of Equatorial Guinea,0,0,0,0,0,0,0,0,0,0,0,0,0,0,25.1,0,0
411,Equatorial Guinea,2020,Africa,Government of Equatorial Guinea,0,0,0,0,0,0,0,0,0,0,0,0,0,0,25.1,0,0
411,Equatorial Guinea,2021,Africa,Government of Equatorial Guinea,0,0,0,0,0,0,0,0,0,0,0,0,0,0,25.1,0,0
411,Equatorial Guinea,2022,Africa,Government of Equatorial Guinea,0,0,0,0,0,0,0,0,0,0,0,0,0,0,25.1,0,0
411,Equatorial Guinea,2023,Africa,Government of Equatorial Guinea,0,0,0,0,0,0,0,0,0,0,0,0,0,0,25.1,0,0
420,Gambia,1989,Africa,Government of Gambia,0,0,0,0,0,0,0,0,0,0,0,0,0,0,25.1,0,0
420,Gambia,1990,Africa,Government of Gambia,0,0,0,0,0,0,0,0,0,0,0,0,0,0,25.1,0,0
420,Gambia,1991,Africa,Government of Gambia,0,0,0,0,0,0,0,0,0,0,0,0,0,0,25.1,0,0
420,Gambia,1992,Africa,Government of Gambia,0,0,0,0,0,0,0,0,0,0,0,0,0,0,25.1,0,0
420,Gambia,1993,Africa,Government of Gambia,0,0,0,0,0,0,0,0,0,0,0,0,0,0,25.1,0,0
420,Gambia,1994,Africa,Government of Gambia,0,0,0,0,0,0,0,0,0,0,0,0,0,0,25.1,0,0
420,Gambia,1995,Africa,Government of Gambia,0,0,0,0,0,0,0,0,0,0,0,0,0,0,25.1,0,1
420,Gambia,1996,Africa,Government of Gambia,0,0,0,0,0,0,0,0,0,0,1,1,0,0,25.1,1,0
420,Gambia,1997,Africa,Government of Gambia,0,0,0,0,0,0,0,0,0,0,0,0,0,0,25.1,0,0
420,Gambia,1998,Africa,Government of Gambia,0,0,0,0,0,0,0,0,0,0,0,0,0,0,25.1,0,0
420,Gambia,1999,Africa,Government of Gambia,0,0,0,0,0,0,0,0,0,0,0,0,0,0,25.1,0,0
420,Gambia,2000,Africa,Government of Gambia,0,0,0,0,0,0,0,0,0,0,0,0,0,0,25.1,0,0
420,Gambia,2001,Africa,Government of Gambia,0,0,0,0,0,0,0,0,0,0,0,0,0,0,25.1,0,0
420,Gambia,2002,Africa,Government of Gambia,0,0,0,0,0,0,0,0,0,0,0,0,0,0,25.1,0,0
420,Gambia,2003,Africa,Government of Gambia,0,0,0,0,0,0,0,0,0,0,0,0,0,0,25.1,0,1
420,Gambia,2004,Africa,Government of Gambia,0,0,0,0,0,0,0,0,0,0,1,1,1,1,25.1,1,1
420,Gambia,2005,Africa,Government of Gambia,0,0,0,0,0,0,0,0,0,0,1,1,8,8,25.1,1,0
420,Gambia,2006,Africa,Government of Gambia,0,0,0,0,0,0,0,0,0,0,0,0,0,0,25.1,0,0
420,Gambia,2007,Africa,Government of Gambia,0,0,0,0,0,0,0,0,0,0,0,0,0,0,25.1,0,0
420,Gambia,2008,Africa,Government of Gambia,0,0,0,0,0,0,0,0,0,0,0,0,0,0,25.1,0,0
420,Gambia,2009,Africa,Government of Gambia,0,0,0,0,0,0,0,0,0,0,0,0,0,0,25.1,0,0
420,Gambia,2010,Africa,Government of Gambia,0,0,0,0,0,0,0,0,0,0,0,0,0,0,25.1,0,0
420,Gambia,2011,Africa,Government of Gambia,0,0,0,0,0,0,0,0,0,0,0,0,0,0,25.1,0,1
420,Gambia,2012,Africa,Government of Gambia,0,0,0,0,0,0,0,0,0,0,1,1,1,1,25.1,1,0
420,Gambia,2013,Africa,Government of Gambia,0,0,0,0,0,0,0,0,0,0,0,0,0,0,25.1,0,0
420,Gambia,2014,Africa,Government of Gambia,0,0,0,0,0,0,0,0,0,0,0,0,0,0,25.1,0,0
420,Gambia,2015,Africa,Government of Gambia,0,0,0,0,0,0,0,0,0,0,0,0,0,0,25.1,0,0
420,Gambia,2016,Africa,Government of Gambia,0,0,0,0,0,0,0,0,0,0,0,0,0,0,25.1,0,0
420,Gambia,2017,Africa,Government of Gambia,0,0,0,0,0,0,0,0,0,0,0,0,0,0,25.1,0,0
420,Gambia,2018,Africa,Government of Gambia,0,0,0,0,0,0,0,0,0,0,0,0,0,0,25.1,0,0
420,Gambia,2019,Africa,Government of Gambia,0,0,0,0,0,0,0,0,0,0,0,0,0,0,25.1,0,0
420,Gambia,2020,Africa,Government of Gambia,0,0,0,0,0,0,0,0,0,0,0,0,0,0,25.1,0,0
420,Gambia,2021,Africa,Government of Gambia,0,0,0,0,0,0,0,0,0,0,0,0,0,0,25.1,0,0
420,Gambia,2022,Africa,Government of Gambia,0,0,0,0,0,0,0,0,0,0,0,0,0,0,25.1,0,0
420,Gambia,2023,Africa,Government of Gambia,0,0,0,0,0,0,0,0,0,0,0,0,0,0,25.1,0,1
432,Mali,1989,Africa,Government of Mali,0,0,0,0,0,0,0,0,0,0,0,0,0,0,25.1,0,1
432,Mali,1990,Africa,Government of Mali,1,1,457,1,457,0,0,0,0,0,1,1,125,582,25.1,1,1
432,Mali,1991,Africa,Government of Mali,1,2,71,1,71,0,0,0,0,0,1,1,176,247,25.1,1,1
432,Mali,1992,Africa,Government of Mali,1,1,9,1,9,0,0,0,0,0,1,1,77,86,25.1,1,1
432,Mali,1993,Africa,Government of Mali,0,0,0,0,0,0,0,0,0,0,1,1,0,0,25.1,1,1
432,Mali,1994,Africa,Government of Mali,1,1,106,1,106,0,0,1,1,30,1,3,593,729,25.1,1,1
432,Mali,1995,Africa,Government of Mali,1,1,2,1,2,0,0,0,0,0,1,1,2,4,25.1,1,0
432,Mali,1996,Africa,Government of Mali,0,0,0,0,0,0,0,0,0,0,0,0,0,0,25.1,0,1
432,Mali,1997,Africa,Government of Mali,0,0,0,0,0,0,0,1,1,22,0,0,0,22,25.1,1,0
432,Mali,1998,Africa,Government of Mali,0,0,0,0,0,0,0,0,0,0,0,0,0,0,25.1,0,1
432,Mali,1999,Africa,Government of Mali,0,0,0,0,0,0,0,1,1,59,0,0,0,59,25.1,1,0
432,Mali,2000,Africa,Government of Mali,0,0,0,0,0,0,0,0,0,0,0,0,0,0,25.1,0,0
432,Mali,2001,Africa,Government of Mali,0,0,0,0,0,0,0,0,0,0,0,0,0,0,25.1,0,1
432,Mali,2002,Africa,Government of Mali,0,0,0,0,0,0,0,1,1,5,0,0,0,5,25.1,1,0
432,Mali,2003,Africa,Government of Mali,0,0,0,0,0,0,0,0,0,0,0,0,0,0,25.1,0,1
432,Mali,2004,Africa,Government of Mali,0,0,0,0,0,0,0,1,1,20,0,0,0,20,25.1,1,1
432,Mali,2005,Africa,Government of Mali,1,1,12,1,12,0,0,0,0,0,0,0,0,12,25.1,1,0
432,Mali,2006,Africa,Government of Mali,0,0,0,0,0,0,0,0,0,0,0,0,0,0,25.1,0,1
432,Mali,2007,Africa,Government of Mali,1,1,39,1,39,0,0,0,0,0,0,0,0,39,25.1,1,1
432,Mali,2008,Africa,Government of Mali,1,1,112,1,112,0,0,0,0,0,1,1,1,113,25.1,1,1
432,Mali,2009,Africa,Government of Mali,1,2,126,1,126,0,0,0,0,0,1,1,1,127,25.1,1,1
432,Mali,2010,Africa,Government of Mali,1,1,28,1,28,0,0,0,0,0,0,0,0,28,25.1,1,1
432,Mali,2011,Africa,Government of Mali,1,1,22,1,22,0,0,0,0,0,1,1,1,23,25.1,1,1
432,Mali,2012,Africa,Government of Mali,1,3,218,1,218,0,0,1,5,118,1,2,23,359,25.1,1,1
432,Mali,2013,Africa,Government of Mali,1,7,823,1,823,0,0,1,1,28,1,2,30,881,25.1,1,1
432,Mali,2014,Africa,Government of Mali,1,4,193,1,193,0,0,1,3,95,1,1,3,291,25.1,1,1
432,Mali,2015,Africa,Government of Mali,1,5,185,1,185,0,0,1,3,69,1,1,2,256,25.1,1,1
432,Mali,2016,Africa,Government of Mali,1,3,100,1,100,0,0,1,2,68,1,3,30,198,25.1,1,1
432,Mali,2017,Africa,Government of Mali,1,6,383,1,383,0,0,1,8,176,1,6,53,612,25.1,1,1
432,Mali,2018,Africa,Government of Mali,1,2,521,1,521,0,0,1,7,209,1,6,551,1281,25.1,1,1
432,Mali,2019,Africa,Government of Mali,1,2,603,1,603,0,0,1,8,169,1,5,455,1227,25.1,1,1
432,Mali,2020,Africa,Government of Mali,1,2,583,1,583,0,0,1,5,448,1,6,512,1543,25.1,1,1
432,Mali,2021,Africa,Government of Mali,1,2,726,1,726,0,0,1,4,345,1,5,216,1287,25.1,1,1
432,Mali,2022,Africa,Government of Mali,1,2,1440,1,1440,0,0,1,7,755,1,5,1461,3656,25.1,1,1
432,Mali,2023,Africa,Government of Mali,1,3,1238,1,1238,0,0,1,5,375,1,5,505,2118,25.1,1,1
433,Senegal,1989,Africa,Government of Senegal,0,0,0,0,0,0,0,1,1,119,1,1,2,121,25.1,1,1
433,Senegal,1990,Africa,Government of Senegal,1,1,58,1,58,0,0,0,0,0,1,2,26,84,25.1,1,1
433,Senegal,1991,Africa,Government of Senegal,0,0,0,0,0,0,0,0,0,0,1,1,16,16,25.1,1,1
433,Senegal,1992,Africa,Government of Senegal,1,1,76,1,76,0,0,0,0,0,1,2,59,135,25.1,1,1
433,Senegal,1993,Africa,Government of Senegal,1,1,233,1,233,0,0,0,0,0,1,2,52,285,25.1,1,0
433,Senegal,1994,Africa,Government of Senegal,0,0,0,0,0,0,0,0,0,0,0,0,0,0,25.1,0,1
433,Senegal,1995,Africa,Government of Senegal,1,1,299,1,299,0,0,0,0,0,1,2,30,329,25.1,1,1
433,Senegal,1996,Africa,Government of Senegal,1,1,3,1,3,0,0,0,0,0,1,1,2,5,25.1,1,1
433,Senegal,1997,Africa,Government of Senegal,1,1,319,1,319,0,0,0,0,0,1,2,47,366,25.1,1,1
433,Senegal,1998,Africa,Government of Senegal,1,1,242,1,242,0,0,1,1,7,1,2,94,343,25.1,1,1
433,Senegal,1999,Africa,Government of Senegal,1,1,23,1,23,0,0,0,0,0,1,2,8,31,25.1,1,1
433,Senegal,2000,Africa,Government of Senegal,1,1,47,1,47,0,0,0,0,0,1,2,9,56,25.1,1,1
433,Senegal,2001,Africa,Government of Senegal,1,1,33,1,33,0,0,0,0,0,1,1,14,47,25.1,1,1
433,Senegal,2002,Africa,Government of Senegal,1,1,20,1,20,0,0,0,0,0,1,1,25,45,25.1,1,1
433,Senegal,2003,Africa,Government of Senegal,1,1,39,1,39,0,0,0,0,0,0,0,0,39,25.1,1,1
433,Senegal,2004,Africa,Government of Senegal,1,1,3,1,3,0,0,0,0,0,0,0,0,3,25.1,1,1
433,Senegal,2005,Africa,Government of Senegal,1,1,1,1,1,0,0,0,0,0,1,1,45,46,25.1,1,1
433,Senegal,2006,Africa,Government of Senegal,1,1,2,1,2,0,0,1,1,124,0,0,0,126,25.1,1,0
433,Senegal,2007,Africa,Government of Senegal,0,0,0,0,0,0,0,0,0,0,0,0,0,0,25.1,0,1
433,Senegal,2008,Africa,Government of Senegal,1,1,11,1,11,0,0,0,0,0,0,0,0,11,25.1,1,1
433,Senegal,2009,Africa,Government of Senegal,1,1,10,1,10,0,0,0,0,0,1,1,9,19,25.1,1,1
433,Senegal,2010,Africa,Government of Senegal,1,1,16,1,16,0,0,0,0,0,1,1,3,19,25.1,1,1
433,Senegal,2011,Africa,Government of Senegal,1,1,25,1,25,0,0,0,0,0,1,1,12,37,25.1,1,1
433,Senegal,2012,Africa,Government of Senegal,1,1,19,1,19,0,0,0,0,0,1,1,4,23,25.1,1,1
433,Senegal,2013,Africa,Government of Senegal,1,1,8,1,8,0,0,0,0,0,0,0,0,8,25.1,1,0
433,Senegal,2014,Africa,Government of Senegal,0,0,0,0,0,0,0,0,0,0,0,0,0,0,25.1,0,0
433,Senegal,2015,Africa,Government of Senegal,0,0,0,0,0,0,0,0,0,0,0,0,0,0,25.1,0,0
433,Senegal,2016,Africa,Government of Senegal,0,0,0,0,0,0,0,0,0,0,0,0,0,0,25.1,0,0
433,Senegal,2017,Africa,Government of Senegal,0,0,0,0,0,0,0,0,0,0,0,0,0,0,25.1,0,1
433,Senegal,2018,Africa,Government of Senegal,0,0,0,0,0,0,0,0,0,0,1,1,1,1,25.1,1,0
433,Senegal,2019,Africa,Government of Senegal,0,0,0,0,0,0,0,0,0,0,0,0,0,0,25.1,0,1
433,Senegal,2020,Africa,Government of Senegal,1,1,0,1,0,0,0,0,0,0,0,0,0,0,25.1,1,1
433,Senegal,2021,Africa,Government of Senegal,1,1,0,1,0,0,0,0,0,0,0,0,0,0,25.1,1,0
433,Senegal,2022,Africa,Government of Senegal,0,0,0,0,0,0,0,0,0,0,0,0,0,0,25.1,0,0
433,Senegal,2023,Africa,Government of Senegal,0,0,0,0,0,0,0,0,0,0,0,0,0,0,25.1,0,0
434,Benin,1989,Africa,Government of Benin,0,0,0,0,0,0,0,0,0,0,0,0,0,0,25.1,0,0
434,Benin,1990,Africa,Government of Benin,0,0,0,0,0,0,0,0,0,0,0,0,0,0,25.1,0,0
434,Benin,1991,Africa,Government of Benin,0,0,0,0,0,0,0,0,0,0,0,0,0,0,25.1,0,0
434,Benin,1992,Africa,Government of Benin,0,0,0,0,0,0,0,0,0,0,0,0,0,0,25.1,0,0
434,Benin,1993,Africa,Government of Benin,0,0,0,0,0,0,0,0,0,0,0,0,0,0,25.1,0,0
434,Benin,1994,Africa,Government of Benin,0,0,0,0,0,0,0,0,0,0,0,0,0,0,25.1,0,0
434,Benin,1995,Africa,Government of Benin,0,0,0,0,0,0,0,0,0,0,0,0,0,0,25.1,0,0
434,Benin,1996,Africa,Government of Benin,0,0,0,0,0,0,0,0,0,0,0,0,0,0,25.1,0,0
434,Benin,1997,Africa,Government of Benin,0,0,0,0,0,0,0,0,0,0,0,0,0,0,25.1,0,0
434,Benin,1998,Africa,Government of Benin,0,0,0,0,0,0,0,0,0,0,0,0,0,0,25.1,0,0
434,Benin,1999,Africa,Government of Benin,0,0,0,0,0,0,0,0,0,0,0,0,0,0,25.1,0,0
434,Benin,2000,Africa,Government of Benin,0,0,0,0,0,0,0,0,0,0,0,0,0,0,25.1,0,0
434,Benin,2001,Africa,Government of Benin,0,0,0,0,0,0,0,0,0,0,0,0,0,0,25.1,0,0
434,Benin,2002,Africa,Government of Benin,0,0,0,0,0,0,0,0,0,0,0,0,0,0,25.1,0,0
434,Benin,2003,Africa,Government of Benin,0,0,0,0,0,0,0,0,0,0,0,0,0,0,25.1,0,0
434,Benin,2004,Africa,Government of Benin,0,0,0,0,0,0,0,0,0,0,0,0,0,0,25.1,0,0
434,Benin,2005,Africa,Government of Benin,0,0,0,0,0,0,0,0,0,0,0,0,0,0,25.1,0,0
434,Benin,2006,Africa,Government of Benin,0,0,0,0,0,0,0,0,0,0,0,0,0,0,25.1,0,0
434,Benin,2007,Africa,Government of Benin,0,0,0,0,0,0,0,0,0,0,0,0,0,0,25.1,0,0
434,Benin,2008,Africa,Government of Benin,0,0,0,0,0,0,0,0,0,0,0,0,0,0,25.1,0,0
434,Benin,2009,Africa,Government of Benin,0,0,0,0,0,0,0,0,0,0,0,0,0,0,25.1,0,0
434,Benin,2010,Africa,Government of Benin,0,0,0,0,0,0,0,0,0,0,0,0,0,0,25.1,0,0
434,Benin,2011,Africa,Government of Benin,0,0,0,0,0,0,0,0,0,0,0,0,0,0,25.1,0,0
434,Benin,2012,Africa,Government of Benin,0,0,0,0,0,0,0,0,0,0,0,0,0,0,25.1,0,0
434,Benin,2013,Africa,Government of Benin,0,0,0,0,0,0,0,0,0,0,0,0,0,0,25.1,0,0
434,Benin,2014,Africa,Government of Benin,0,0,0,0,0,0,0,0,0,0,0,0,0,0,25.1,0,0
434,Benin,2015,Africa,Government of Benin,0,0,0,0,0,0,0,0,0,0,0,0,0,0,25.1,0,0
434,Benin,2016,Africa,Government of Benin,0,0,0,0,0,0,0,0,0,0,0,0,0,0,25.1,0,0
434,Benin,2017,Africa,Government of Benin,0,0,0,0,0,0,0,0,0,0,0,0,0,0,25.1,0,0
434,Benin,2018,Africa,Government of Benin,0,0,0,0,0,0,0,0,0,0,0,0,0,0,25.1,0,1
434,Benin,2019,Africa,Government of Benin,0,0,0,0,0,0,0,0,0,0,1,1,1,1,25.1,1,1
434,Benin,2020,Africa,Government of Benin,1,1,1,1,1,0,0,0,0,0,0,0,0,1,25.1,1,1
434,Benin,2021,Africa,Government of Benin,1,1,11,1,11,0,0,0,0,0,0,0,0,11,25.1,1,1
434,Benin,2022,Africa,Government of Benin,1,1,30,1,30,0,0,0,0,0,0,0,0,30,25.1,1,1
434,Benin,2023,Africa,Government of Benin,1,1,28,1,28,0,0,0,0,0,1,1,18,46,25.1,1,1
435,Mauritania,1989,Africa,Government of Mauritania,0,0,0,0,0,0,0,1,1,102,1,1,26,128,25.1,1,1
435,Mauritania,1990,Africa,Government of Mauritania,0,0,0,0,0,0,0,0,0,0,1,1,29,29,25.1,1,0
435,Mauritania,1991,Africa,Government of Mauritania,0,0,0,0,0,0,0,0,0,0,0,0,0,0,25.1,0,1
435,Mauritania,1992,Africa,Government of Mauritania,0,0,0,0,0,0,0,0,0,0,1,1,0,0,25.1,1,0
435,Mauritania,1993,Africa,Government of Mauritania,0,0,0,0,0,0,0,0,0,0,0,0,0,0,25.1,0,0
435,Mauritania,1994,Africa,Government of Mauritania,0,0,0,0,0,0,0,0,0,0,0,0,0,0,25.1,0,0
435,Mauritania,1995,Africa,Government of Mauritania,0,0,0,0,0,0,0,0,0,0,0,0,0,0,25.1,0,0
435,Mauritania,1996,Africa,Government of Mauritania,0,0,0,0,0,0,0,0,0,0,0,0,0,0,25.1,0,0
435,Mauritania,1997,Africa,Government of Mauritania,0,0,0,0,0,0,0,0,0,0,0,0,0,0,25.1,0,0
435,Mauritania,1998,Africa,Government of Mauritania,0,0,0,0,0,0,0,0,0,0,0,0,0,0,25.1,0,0
435,Mauritania,1999,Africa,Government of Mauritania,0,0,0,0,0,0,0,0,0,0,0,0,0,0,25.1,0,0
435,Mauritania,2000,Africa,Government of Mauritania,0,0,0,0,0,0,0,0,0,0,0,0,0,0,25.1,0,0
435,Mauritania,2001,Africa,Government of Mauritania,0,0,0,0,0,0,0,0,0,0,0,0,0,0,25.1,0,0
435,Mauritania,2002,Africa,Government of Mauritania,0,0,0,0,0,0,0,0,0,0,0,0,0,0,25.1,0,0
435,Mauritania,2003,Africa,Government of Mauritania,0,0,0,0,0,0,0,0,0,0,0,0,0,0,25.1,0,0
435,Mauritania,2004,Africa,Government of Mauritania,0,0,0,0,0,0,0,0,0,0,0,0,0,0,25.1,0,0
435,Mauritania,2005,Africa,Government of Mauritania,0,0,0,0,0,0,0,0,0,0,0,0,0,0,25.1,0,0
435,Mauritania,2006,Africa,Government of Mauritania,0,0,0,0,0,0,0,0,0,0,0,0,0,0,25.1,0,1
435,Mauritania,2007,Africa,Government of Mauritania,0,0,0,0,0,0,0,0,0,0,1,1,4,4,25.1,1,1
435,Mauritania,2008,Africa,Government of Mauritania,1,1,12,1,12,0,0,0,0,0,0,0,0,12,25.1,1,1
435,Mauritania,2009,Africa,Government of Mauritania,0,0,0,0,0,0,0,0,0,0,1,1,1,1,25.1,1,1
435,Mauritania,2010,Africa,Government of Mauritania,1,1,1,1,1,0,0,0,0,0,0,0,0,1,25.1,1,1
435,Mauritania,2011,Africa,Government of Mauritania,1,1,12,1,12,0,0,0,0,0,1,1,1,13,25.1,1,1
435,Mauritania,2012,Africa,Government of Mauritania,0,0,0,0,0,0,0,0,0,0,1,1,1,1,25.1,1,0
435,Mauritania,2013,Africa,Government of Mauritania,0,0,0,0,0,0,0,0,0,0,0,0,0,0,25.1,0,0
435,Mauritania,2014,Africa,Government of Mauritania,0,0,0,0,0,0,0,0,0,0,0,0,0,0,25.1,0,0
435,Mauritania,2015,Africa,Government of Mauritania,0,0,0,0,0,0,0,0,0,0,0,0,0,0,25.1,0,0
435,Mauritania,2016,Africa,Government of Mauritania,0,0,0,0,0,0,0,0,0,0,0,0,0,0,25.1,0,0
435,Mauritania,2017,Africa,Government of Mauritania,0,0,0,0,0,0,0,0,0,0,0,0,0,0,25.1,0,0
435,Mauritania,2018,Africa,Government of Mauritania,0,0,0,0,0,0,0,0,0,0,0,0,0,0,25.1,0,1
435,Mauritania,2019,Africa,Government of Mauritania,0,0,0,0,0,0,0,0,0,0,1,1,1,1,25.1,1,1
435,Mauritania,2020,Africa,Government of Mauritania,0,0,0,0,0,0,0,0,0,0,1,1,0,0,25.1,1,0
435,Mauritania,2021,Africa,Government of Mauritania,0,0,0,0,0,0,0,0,0,0,0,0,0,0,25.1,0,0
435,Mauritania,2022,Africa,Government of Mauritania,0,0,0,0,0,0,0,0,0,0,0,0,0,0,25.1,0,1
435,Mauritania,2023,Africa,Government of Mauritania,1,1,6,1,6,0,0,0,0,0,0,0,0,6,25.1,1,1
436,Niger,1989,Africa,Government of Niger,0,0,0,0,0,0,0,0,0,0,1,1,170,170,25.1,1,1
436,Niger,1990,Africa,Government of Niger,0,0,0,0,0,0,0,0,0,0,1,1,200,200,25.1,1,1
436,Niger,1991,Africa,Government of Niger,1,1,40,1,40,0,0,0,0,0,1,1,0,40,25.1,1,1
436,Niger,1992,Africa,Government of Niger,1,1,29,1,29,0,0,0,0,0,0,0,0,29,25.1,1,1
436,Niger,1993,Africa,Government of Niger,1,1,6,1,6,0,0,0,0,0,0,0,0,6,25.1,1,1
436,Niger,1994,Africa,Government of Niger,1,1,50,1,50,0,0,0,0,0,1,1,0,50,25.1,1,1
436,Niger,1995,Africa,Government of Niger,1,2,36,1,36,0,0,0,0,0,1,1,31,67,25.1,1,1
436,Niger,1996,Africa,Government of Niger,1,2,14,1,14,0,0,0,0,0,0,0,0,14,25.1,1,1
436,Niger,1997,Africa,Government of Niger,1,2,69,1,69,0,0,1,1,12,0,0,0,81,25.1,1,1
436,Niger,1998,Africa,Government of Niger,0,0,0,0,0,0,0,0,0,0,1,1,147,147,25.1,1,0
436,Niger,1999,Africa,Government of Niger,0,0,0,0,0,0,0,0,0,0,0,0,0,0,25.1,0,0
436,Niger,2000,Africa,Government of Niger,0,0,0,0,0,0,0,0,0,0,0,0,0,0,25.1,0,0
436,Niger,2001,Africa,Government of Niger,0,0,0,0,0,0,0,0,0,0,0,0,0,0,25.1,0,0
436,Niger,2002,Africa,Government of Niger,0,0,0,0,0,0,0,0,0,0,0,0,0,0,25.1,0,0
436,Niger,2003,Africa,Government of Niger,0,0,0,0,0,0,0,0,0,0,0,0,0,0,25.1,0,1
436,Niger,2004,Africa,Government of Niger,1,1,4,1,4,0,0,0,0,0,0,0,0,4,25.1,1,0
436,Niger,2005,Africa,Government of Niger,0,0,0,0,0,0,0,0,0,0,0,0,0,0,25.1,0,0
436,Niger,2006,Africa,Government of Niger,0,0,0,0,0,0,0,0,0,0,0,0,0,0,25.1,0,1
436,Niger,2007,Africa,Government of Niger,1,1,81,1,81,0,0,0,0,0,1,1,17,98,25.1,1,1
436,Niger,2008,Africa,Government of Niger,1,1,47,1,47,0,0,1,1,12,1,1,9,68,25.1,1,0
436,Niger,2009,Africa,Government of Niger,0,0,0,0,0,0,0,0,0,0,0,0,0,0,25.1,0,0
436,Niger,2010,Africa,Government of Niger,0,0,0,0,0,0,0,0,0,0,0,0,0,0,25.1,0,0
436,Niger,2011,Africa,Government of Niger,0,0,0,0,0,0,0,0,0,0,0,0,0,0,25.1,0,1
436,Niger,2012,Africa,Government of Niger,1,1,1,1,1,0,0,0,0,0,0,0,0,1,25.1,1,1
436,Niger,2013,Africa,Government of Niger,1,2,31,1,31,0,0,0,0,0,0,0,0,31,25.1,1,1
436,Niger,2014,Africa,Government of Niger,0,0,0,0,0,0,0,1,1,5,0,0,0,5,25.1,1,1
436,Niger,2015,Africa,Government of Niger,1,2,368,1,368,0,0,1,1,6,1,2,159,533,25.1,1,1
436,Niger,2016,Africa,Government of Niger,1,1,274,1,274,0,0,0,0,0,1,1,25,299,25.1,1,1
436,Niger,2017,Africa,Government of Niger,1,2,234,1,234,0,0,0,0,0,1,2,14,248,25.1,1,1
436,Niger,2018,Africa,Government of Niger,1,2,76,1,76,0,0,1,3,29,1,3,76,181,25.1,1,1
436,Niger,2019,Africa,Government of Niger,1,3,300,1,300,0,0,0,0,0,1,2,154,454,25.1,1,1
436,Niger,2020,Africa,Government of Niger,1,3,537,1,537,0,0,0,0,0,1,3,283,820,25.1,1,1
436,Niger,2021,Africa,Government of Niger,1,3,459,1,459,0,0,1,2,105,1,2,566,1130,25.1,1,1
436,Niger,2022,Africa,Government of Niger,1,3,516,1,516,0,0,1,2,52,1,3,96,664,25.1,1,1
436,Niger,2023,Africa,Government of Niger,1,4,337,1,337,0,0,1,1,21,1,3,155,513,25.1,1,1
437,Ivory Coast,1989,Africa,Government of Ivory Coast,0,0,0,0,0,0,0,0,0,0,0,0,0,0,25.1,0,1
437,Ivory Coast,1990,Africa,Government of Ivory Coast,1,1,8,1,8,0,0,0,0,0,1,1,1,9,25.1,1,1
437,Ivory Coast,1991,Africa,Government of Ivory Coast,0,0,0,0,0,0,0,0,0,0,1,1,0,0,25.1,1,0
437,Ivory Coast,1992,Africa,Government of Ivory Coast,0,0,0,0,0,0,0,0,0,0,0,0,0,0,25.1,0,1
437,Ivory Coast,1993,Africa,Government of Ivory Coast,0,0,0,0,0,0,0,0,0,0,1,1,1,1,25.1,1,1
437,Ivory Coast,1994,Africa,Government of Ivory Coast,0,0,0,0,0,0,0,0,0,0,1,1,4,4,25.1,1,1
437,Ivory Coast,1995,Africa,Government of Ivory Coast,0,0,0,0,0,0,0,1,1,32,1,1,5,37,25.1,1,1
437,Ivory Coast,1996,Africa,Government of Ivory Coast,0,0,0,0,0,0,0,1,1,16,1,2,19,35,25.1,1,0
437,Ivory Coast,1997,Africa,Government of Ivory Coast,0,0,0,0,0,0,0,0,0,0,0,0,0,0,25.1,0,1
437,Ivory Coast,1998,Africa,Government of Ivory Coast,0,0,0,0,0,0,0,0,0,0,1,1,0,0,25.1,1,1
437,Ivory Coast,1999,Africa,Government of Ivory Coast,0,0,0,0,0,0,0,0,0,0,1,1,0,0,25.1,1,1
437,Ivory Coast,2000,Africa,Government of Ivory Coast,0,0,0,0,0,0,0,1,1,31,1,1,101,132,25.1,1,1
437,Ivory Coast,2001,Africa,Government of Ivory Coast,0,0,0,0,0,0,0,1,1,2,0,0,0,2,25.1,1,1
437,Ivory Coast,2002,Africa,Government of Ivory Coast,1,3,677,1,677,0,0,1,2,48,1,3,338,1063,25.1,1,1
437,Ivory Coast,2003,Africa,Government of Ivory Coast,1,2,140,1,140,0,0,1,2,165,1,3,188,493,25.1,1,1
437,Ivory Coast,2004,Africa,Government of Ivory Coast,1,1,47,1,47,0,0,1,3,197,1,2,60,304,25.1,1,1
437,Ivory Coast,2005,Africa,Government of Ivory Coast,0,0,0,0,0,0,0,1,4,144,1,2,9,153,25.1,1,1
437,Ivory Coast,2006,Africa,Government of Ivory Coast,0,0,0,0,0,0,0,1,1,2,1,2,9,11,25.1,1,1
437,Ivory Coast,2007,Africa,Government of Ivory Coast,0,0,0,0,0,0,0,0,0,0,1,1,3,3,25.1,1,1
437,Ivory Coast,2008,Africa,Government of Ivory Coast,0,0,0,0,0,0,0,0,0,0,1,2,4,4,25.1,1,1
437,Ivory Coast,2009,Africa,Government of Ivory Coast,0,0,0,0,0,0,0,0,0,0,1,1,1,1,25.1,1,1
437,Ivory Coast,2010,Africa,Government of Ivory Coast,1,1,6,1,6,0,0,1,2,25,1,2,49,80,25.1,1,1
437,Ivory Coast,2011,Africa,Government of Ivory Coast,1,2,98,1,98,0,0,1,2,59,1,4,1099,1256,25.1,1,1
437,Ivory Coast,2012,Africa,Government of Ivory Coast,0,0,0,0,0,0,0,1,1,2,1,1,19,21,25.1,1,1
437,Ivory Coast,2013,Africa,Government of Ivory Coast,0,0,0,0,0,0,0,0,0,0,1,2,4,4,25.1,1,0
437,Ivory Coast,2014,Africa,Government of Ivory Coast,0,0,0,0,0,0,0,0,0,0,0,0,0,0,25.1,0,0
437,Ivory Coast,2015,Africa,Government of Ivory Coast,0,0,0,0,0,0,0,0,0,0,0,0,0,0,25.1,0,1
437,Ivory Coast,2016,Africa,Government of Ivory Coast,0,0,0,0,0,0,0,1,1,33,1,1,16,49,25.1,1,0
437,Ivory Coast,2017,Africa,Government of Ivory Coast,0,0,0,0,0,0,0,0,0,0,0,0,0,0,25.1,0,0
437,Ivory Coast,2018,Africa,Government of Ivory Coast,0,0,0,0,0,0,0,0,0,0,0,0,0,0,25.1,0,0
437,Ivory Coast,2019,Africa,Government of Ivory Coast,0,0,0,0,0,0,0,0,0,0,0,0,0,0,25.1,0,1
437,Ivory Coast,2020,Africa,Government of Ivory Coast,0,0,0,0,0,0,0,0,0,0,1,1,3,3,25.1,1,0
437,Ivory Coast,2021,Africa,Government of Ivory Coast,0,0,0,0,0,0,0,0,0,0,0,0,0,0,25.1,0,0
437,Ivory Coast,2022,Africa,Government of Ivory Coast,0,0,0,0,0,0,0,0,0,0,0,0,0,0,25.1,0,0
437,Ivory Coast,2023,Africa,Government of Ivory Coast,0,0,0,0,0,0,0,0,0,0,0,0,0,0,25.1,0,0
438,Guinea,1989,Africa,Government of Guinea,0,0,0,0,0,0,0,0,0,0,0,0,0,0,25.1,0,0
438,Guinea,1990,Africa,Government of Guinea,0,0,0,0,0,0,0,0,0,0,0,0,0,0,25.1,0,0
438,Guinea,1991,Africa,Government of Guinea,0,0,0,0,0,0,0,0,0,0,0,0,0,0,25.1,0,0
438,Guinea,1992,Africa,Government of Guinea,0,0,0,0,0,0,0,0,0,0,0,0,0,0,25.1,0,0
438,Guinea,1993,Africa,Government of Guinea,0,0,0,0,0,0,0,0,0,0,0,0,0,0,25.1,0,1
438,Guinea,1994,Africa,Government of Guinea,0,0,0,0,0,0,0,0,0,0,1,1,0,0,25.1,1,0
438,Guinea,1995,Africa,Government of Guinea,0,0,0,0,0,0,0,0,0,0,0,0,0,0,25.1,0,1
438,Guinea,1996,Africa,Government of Guinea,0,0,0,0,0,0,0,0,0,0,1,1,27,27,25.1,1,0
438,Guinea,1997,Africa,Government of Guinea,0,0,0,0,0,0,0,0,0,0,0,0,0,0,25.1,0,1
438,Guinea,1998,Africa,Government of Guinea,0,0,0,0,0,0,0,0,0,0,1,2,12,12,25.1,1,1
438,Guinea,1999,Africa,Government of Guinea,0,0,0,0,0,0,0,0,0,0,1,1,13,13,25.1,1,1
438,Guinea,2000,Africa,Government of Guinea,1,1,217,1,217,0,0,1,1,31,1,1,8,256,25.1,1,1
438,Guinea,2001,Africa,Government of Guinea,1,1,430,1,430,0,0,0,0,0,0,0,0,430,25.1,1,0
438,Guinea,2002,Africa,Government of Guinea,0,0,0,0,0,0,0,0,0,0,0,0,0,0,25.1,0,0
438,Guinea,2003,Africa,Government of Guinea,0,0,0,0,0,0,0,0,0,0,0,0,0,0,25.1,0,0
438,Guinea,2004,Africa,Government of Guinea,0,0,0,0,0,0,0,0,0,0,0,0,0,0,25.1,0,1
438,Guinea,2005,Africa,Government of Guinea,0,0,0,0,0,0,0,0,0,0,1,1,3,3,25.1,1,1
438,Guinea,2006,Africa,Government of Guinea,0,0,0,0,0,0,0,0,0,0,1,1,15,15,25.1,1,1
438,Guinea,2007,Africa,Government of Guinea,0,0,0,0,0,0,0,0,0,0,1,1,45,45,25.1,1,0
438,Guinea,2008,Africa,Government of Guinea,0,0,0,0,0,0,0,0,0,0,0,0,0,0,25.1,0,1
438,Guinea,2009,Africa,Government of Guinea,0,0,0,0,0,0,0,0,0,0,1,1,160,160,25.1,1,1
438,Guinea,2010,Africa,Government of Guinea,0,0,0,0,0,0,0,0,0,0,1,1,1,1,25.1,1,1
438,Guinea,2011,Africa,Government of Guinea,0,0,0,0,0,0,0,1,1,25,0,0,0,25,25.1,1,1
438,Guinea,2012,Africa,Government of Guinea,0,0,0,0,0,0,0,0,0,0,1,1,9,9,25.1,1,1
438,Guinea,2013,Africa,Government of Guinea,0,0,0,0,0,0,0,1,1,98,0,0,0,98,25.1,1,0
438,Guinea,2014,Africa,Government of Guinea,0,0,0,0,0,0,0,0,0,0,0,0,0,0,25.1,0,1
438,Guinea,2015,Africa,Government of Guinea,0,0,0,0,0,0,0,0,0,0,1,1,3,3,25.1,1,0
438,Guinea,2016,Africa,Government of Guinea,0,0,0,0,0,0,0,0,0,0,0,0,0,0,25.1,0,0
438,Guinea,2017,Africa,Government of Guinea,0,0,0,0,0,0,0,0,0,0,0,0,0,0,25.1,0,0
438,Guinea,2018,Africa,Government of Guinea,0,0,0,0,0,0,0,0,0,0,0,0,0,0,25.1,0,1
438,Guinea,2019,Africa,Government of Guinea,0,0,0,0,0,0,0,0,0,0,1,1,1,1,25.1,1,1
438,Guinea,2020,Africa,Government of Guinea,0,0,0,0,0,0,0,1,2,49,0,0,0,49,25.1,1,1
438,Guinea,2021,Africa,Government of Guinea,0,0,0,0,0,0,0,1,1,1,0,0,0,1,25.1,1,0
438,Guinea,2022,Africa,Government of Guinea,0,0,0,0,0,0,0,0,0,0,0,0,0,0,25.1,0,0
438,Guinea,2023,Africa,Government of Guinea,0,0,0,0,0,0,0,0,0,0,0,0,0,0,25.1,0,0
439,Burkina Faso,1989,Africa,Government of Burkina Faso,0,0,0,0,0,0,0,0,0,0,0,0,0,0,25.1,0,0
439,Burkina Faso,1990,Africa,Government of Burkina Faso,0,0,0,0,0,0,0,0,0,0,0,0,0,0,25.1,0,0
439,Burkina Faso,1991,Africa,Government of Burkina Faso,0,0,0,0,0,0,0,0,0,0,0,0,0,0,25.1,0,0
439,Burkina Faso,1992,Africa,Government of Burkina Faso,0,0,0,0,0,0,0,0,0,0,0,0,0,0,25.1,0,0
439,Burkina Faso,1993,Africa,Government of Burkina Faso,0,0,0,0,0,0,0,0,0,0,0,0,0,0,25.1,0,0
439,Burkina Faso,1994,Africa,Government of Burkina Faso,0,0,0,0,0,0,0,0,0,0,0,0,0,0,25.1,0,0
439,Burkina Faso,1995,Africa,Government of Burkina Faso,0,0,0,0,0,0,0,0,0,0,0,0,0,0,25.1,0,0
439,Burkina Faso,1996,Africa,Government of Burkina Faso,0,0,0,0,0,0,0,0,0,0,0,0,0,0,25.1,0,0
439,Burkina Faso,1997,Africa,Government of Burkina Faso,0,0,0,0,0,0,0,0,0,0,0,0,0,0,25.1,0,0
439,Burkina Faso,1998,Africa,Government of Burkina Faso,0,0,0,0,0,0,0,0,0,0,0,0,0,0,25.1,0,0
439,Burkina Faso,1999,Africa,Government of Burkina Faso,0,0,0,0,0,0,0,0,0,0,0,0,0,0,25.1,0,0
439,Burkina Faso,2000,Africa,Government of Burkina Faso,0,0,0,0,0,0,0,0,0,0,0,0,0,0,25.1,0,0
439,Burkina Faso,2001,Africa,Government of Burkina Faso,0,0,0,0,0,0,0,0,0,0,0,0,0,0,25.1,0,0
439,Burkina Faso,2002,Africa,Government of Burkina Faso,0,0,0,0,0,0,0,0,0,0,0,0,0,0,25.1,0,0
439,Burkina Faso,2003,Africa,Government of Burkina Faso,0,0,0,0,0,0,0,0,0,0,0,0,0,0,25.1,0,0
439,Burkina Faso,2004,Africa,Government of Burkina Faso,0,0,0,0,0,0,0,0,0,0,0,0,0,0,25.1,0,0
439,Burkina Faso,2005,Africa,Government of Burkina Faso,0,0,0,0,0,0,0,0,0,0,0,0,0,0,25.1,0,0
439,Burkina Faso,2006,Africa,Government of Burkina Faso,0,0,0,0,0,0,0,0,0,0,0,0,0,0,25.1,0,0
439,Burkina Faso,2007,Africa,Government of Burkina Faso,0,0,0,0,0,0,0,0,0,0,0,0,0,0,25.1,0,0
439,Burkina Faso,2008,Africa,Government of Burkina Faso,0,0,0,0,0,0,0,0,0,0,0,0,0,0,25.1,0,0
439,Burkina Faso,2009,Africa,Government of Burkina Faso,0,0,0,0,0,0,0,0,0,0,0,0,0,0,25.1,0,0
439,Burkina Faso,2010,Africa,Government of Burkina Faso,0,0,0,0,0,0,0,0,0,0,0,0,0,0,25.1,0,0
439,Burkina Faso,2011,Africa,Government of Burkina Faso,0,0,0,0,0,0,0,0,0,0,0,0,0,0,25.1,0,0
439,Burkina Faso,2012,Africa,Government of Burkina Faso,0,0,0,0,0,0,0,0,0,0,0,0,0,0,25.1,0,0
439,Burkina Faso,2013,Africa,Government of Burkina Faso,0,0,0,0,0,0,0,0,0,0,0,0,0,0,25.1,0,0
439,Burkina Faso,2014,Africa,Government of Burkina Faso,0,0,0,0,0,0,0,0,0,0,0,0,0,0,25.1,0,0
439,Burkina Faso,2015,Africa,Government of Burkina Faso,0,0,0,0,0,0,0,0,0,0,0,0,0,0,25.1,0,1
439,Burkina Faso,2016,Africa,Government of Burkina Faso,0,0,0,0,0,0,0,0,0,0,1,2,26,26,25.1,1,1
439,Burkina Faso,2017,Africa,Government of Burkina Faso,1,2,12,1,12,0,0,1,1,6,1,4,36,54,25.1,1,1
439,Burkina Faso,2018,Africa,Government of Burkina Faso,1,2,98,1,98,0,0,1,1,5,1,3,92,195,25.1,1,1
439,Burkina Faso,2019,Africa,Government of Burkina Faso,1,2,349,1,349,0,0,1,2,29,1,4,868,1246,25.1,1,1
439,Burkina Faso,2020,Africa,Government of Burkina Faso,1,2,512,1,512,0,0,1,2,152,1,4,503,1167,25.1,1,1
439,Burkina Faso,2021,Africa,Government of Burkina Faso,1,2,991,1,991,0,0,1,1,82,1,3,385,1458,25.1,1,1
439,Burkina Faso,2022,Africa,Government of Burkina Faso,1,2,2093,1,2093,0,0,1,2,44,1,3,567,2704,25.1,1,1
439,Burkina Faso,2023,Africa,Government of Burkina Faso,1,2,4608,1,4608,0,0,1,1,178,1,3,1336,6122,25.1,1,1
450,Liberia,1989,Africa,Government of Liberia,1,1,27,1,27,0,0,0,0,0,1,2,18,45,25.1,1,1
450,Liberia,1990,Africa,Government of Liberia,1,2,339,1,339,0,0,1,1,45,1,3,3345,3729,25.1,1,1
450,Liberia,1991,Africa,Government of Liberia,0,0,0,0,0,0,0,1,1,306,1,2,272,578,25.1,1,1
450,Liberia,1992,Africa,Government of Liberia,0,0,0,0,0,0,0,1,1,55,1,2,398,453,25.1,1,1
450,Liberia,1993,Africa,Government of Liberia,1,1,5,1,5,0,0,1,3,108,1,4,2560,2673,25.1,1,1
450,Liberia,1994,Africa,Government of Liberia,0,0,0,0,0,0,0,1,2,489,1,5,3678,4167,25.1,1,1
450,Liberia,1995,Africa,Government of Liberia,0,0,0,0,0,0,0,1,2,23,1,4,2267,2290,25.1,1,1
450,Liberia,1996,Africa,Government of Liberia,0,0,0,0,0,0,0,1,1,2000,1,4,1077,3077,25.1,1,1
450,Liberia,1997,Africa,Government of Liberia,0,0,0,0,0,0,0,0,0,0,1,2,13,13,25.1,1,1
450,Liberia,1998,Africa,Government of Liberia,0,0,0,0,0,0,0,0,0,0,1,1,13,13,25.1,1,1
450,Liberia,1999,Africa,Government of Liberia,0,0,0,0,0,0,0,0,0,0,1,1,70,70,25.1,1,1
450,Liberia,2000,Africa,Government of Liberia,1,1,57,1,57,0,0,0,0,0,1,1,44,101,25.1,1,1
450,Liberia,2001,Africa,Government of Liberia,1,2,341,1,341,0,0,0,0,0,1,2,140,481,25.1,1,1
450,Liberia,2002,Africa,Government of Liberia,1,1,492,1,492,0,0,0,0,0,1,2,1767,2259,25.1,1,1
450,Liberia,2003,Africa,Government of Liberia,1,2,1787,1,1787,0,0,0,0,0,1,2,1494,3281,25.1,1,0
450,Liberia,2004,Africa,Government of Liberia,0,0,0,0,0,0,0,0,0,0,0,0,0,0,25.1,0,0
450,Liberia,2005,Africa,Government of Liberia,0,0,0,0,0,0,0,0,0,0,0,0,0,0,25.1,0,0
450,Liberia,2006,Africa,Government of Liberia,0,0,0,0,0,0,0,0,0,0,0,0,0,0,25.1,0,0
450,Liberia,2007,Africa,Government of Liberia,0,0,0,0,0,0,0,0,0,0,0,0,0,0,25.1,0,0
450,Liberia,2008,Africa,Government of Liberia,0,0,0,0,0,0,0,0,0,0,0,0,0,0,25.1,0,0
450,Liberia,2009,Africa,Government of Liberia,0,0,0,0,0,0,0,0,0,0,0,0,0,0,25.1,0,0
450,Liberia,2010,Africa,Government of Liberia,0,0,0,0,0,0,0,0,0,0,0,0,0,0,25.1,0,0
450,Liberia,2011,Africa,Government of Liberia,0,0,0,0,0,0,0,0,0,0,0,0,0,0,25.1,0,0
450,Liberia,2012,Africa,Government of Liberia,0,0,0,0,0,0,0,0,0,0,0,0,0,0,25.1,0,0
450,Liberia,2013,Africa,Government of Liberia,0,0,0,0,0,0,0,0,0,0,0,0,0,0,25.1,0,0
450,Liberia,2014,Africa,Government of Liberia,0,0,0,0,0,0,0,0,0,0,0,0,0,0,25.1,0,0
450,Liberia,2015,Africa,Government of Liberia,0,0,0,0,0,0,0,0,0,0,0,0,0,0,25.1,0,0
450,Liberia,2016,Africa,Government of Liberia,0,0,0,0,0,0,0,0,0,0,0,0,0,0,25.1,0,0
450,Liberia,2017,Africa,Government of Liberia,0,0,0,0,0,0,0,0,0,0,0,0,0,0,25.1,0,0
450,Liberia,2018,Africa,Government of Liberia,0,0,0,0,0,0,0,0,0,0,0,0,0,0,25.1,0,1
450,Liberia,2019,Africa,Government of Liberia,0,0,0,0,0,0,0,0,0,0,1,1,1,1,25.1,1,1
450,Liberia,2020,Africa,Government of Liberia,0,0,0,0,0,0,0,0,0,0,1,1,2,2,25.1,1,0
450,Liberia,2021,Africa,Government of Liberia,0,0,0,0,0,0,0,0,0,0,0,0,0,0,25.1,0,0
450,Liberia,2022,Africa,Government of Liberia,0,0,0,0,0,0,0,0,0,0,0,0,0,0,25.1,0,0
450,Liberia,2023,Africa,Government of Liberia,0,0,0,0,0,0,0,0,0,0,0,0,0,0,25.1,0,1
451,Sierra Leone,1989,Africa,Government of Sierra Leone,0,0,0,0,0,0,0,0,0,0,0,0,0,0,25.1,0,0
451,Sierra Leone,1990,Africa,Government of Sierra Leone,0,0,0,0,0,0,0,0,0,0,0,0,0,0,25.1,0,1
451,Sierra Leone,1991,Africa,Government of Sierra Leone,1,1,552,1,552,0,0,1,2,9,1,4,664,1225,25.1,1,1
451,Sierra Leone,1992,Africa,Government of Sierra Leone,1,1,218,1,218,0,0,1,1,1,1,3,312,531,25.1,1,1
451,Sierra Leone,1993,Africa,Government of Sierra Leone,1,1,410,1,410,0,0,1,1,2,1,4,230,642,25.1,1,1
451,Sierra Leone,1994,Africa,Government of Sierra Leone,1,1,628,1,628,0,0,1,2,25,1,3,1444,2097,25.1,1,1
451,Sierra Leone,1995,Africa,Government of Sierra Leone,1,1,1472,1,1472,0,0,1,1,40,1,2,1682,3194,25.1,1,1
451,Sierra Leone,1996,Africa,Government of Sierra Leone,1,1,570,1,570,0,0,1,1,4,1,3,369,943,25.1,1,1
451,Sierra Leone,1997,Africa,Government of Sierra Leone,1,3,748,1,748,0,0,0,0,0,1,4,485,1233,25.1,1,1
451,Sierra Leone,1998,Africa,Government of Sierra Leone,1,3,3287,1,3287,0,0,0,0,0,1,4,1868,5155,25.1,1,1
451,Sierra Leone,1999,Africa,Government of Sierra Leone,1,2,3153,1,3153,0,0,0,0,0,1,4,1340,4493,25.1,1,1
451,Sierra Leone,2000,Africa,Government of Sierra Leone,1,2,382,1,382,0,0,0,0,0,1,3,474,856,25.1,1,1
451,Sierra Leone,2001,Africa,Government of Sierra Leone,1,2,50,1,50,0,0,0,0,0,1,2,23,73,25.1,1,1
451,Sierra Leone,2002,Africa,Government of Sierra Leone,0,0,0,0,0,0,0,0,0,0,1,1,1,1,25.1,1,0
451,Sierra Leone,2003,Africa,Government of Sierra Leone,0,0,0,0,0,0,0,0,0,0,0,0,0,0,25.1,0,0
451,Sierra Leone,2004,Africa,Government of Sierra Leone,0,0,0,0,0,0,0,0,0,0,0,0,0,0,25.1,0,0
451,Sierra Leone,2005,Africa,Government of Sierra Leone,0,0,0,0,0,0,0,0,0,0,0,0,0,0,25.1,0,0
451,Sierra Leone,2006,Africa,Government of Sierra Leone,0,0,0,0,0,0,0,0,0,0,0,0,0,0,25.1,0,0
451,Sierra Leone,2007,Africa,Government of Sierra Leone,0,0,0,0,0,0,0,0,0,0,0,0,0,0,25.1,0,0
451,Sierra Leone,2008,Africa,Government of Sierra Leone,0,0,0,0,0,0,0,0,0,0,0,0,0,0,25.1,0,0
451,Sierra Leone,2009,Africa,Government of Sierra Leone,0,0,0,0,0,0,0,0,0,0,0,0,0,0,25.1,0,0
451,Sierra Leone,2010,Africa,Government of Sierra Leone,0,0,0,0,0,0,0,0,0,0,0,0,0,0,25.1,0,0
451,Sierra Leone,2011,Africa,Government of Sierra Leone,0,0,0,0,0,0,0,0,0,0,0,0,0,0,25.1,0,0
451,Sierra Leone,2012,Africa,Government of Sierra Leone,0,0,0,0,0,0,0,0,0,0,0,0,0,0,25.1,0,0
451,Sierra Leone,2013,Africa,Government of Sierra Leone,0,0,0,0,0,0,0,0,0,0,0,0,0,0,25.1,0,0
451,Sierra Leone,2014,Africa,Government of Sierra Leone,0,0,0,0,0,0,0,0,0,0,0,0,0,0,25.1,0,0
451,Sierra Leone,2015,Africa,Government of Sierra Leone,0,0,0,0,0,0,0,0,0,0,0,0,0,0,25.1,0,0
451,Sierra Leone,2016,Africa,Government of Sierra Leone,0,0,0,0,0,0,0,0,0,0,0,0,0,0,25.1,0,0
451,Sierra Leone,2017,Africa,Government of Sierra Leone,0,0,0,0,0,0,0,0,0,0,0,0,0,0,25.1,0,0
451,Sierra Leone,2018,Africa,Government of Sierra Leone,0,0,0,0,0,0,0,0,0,0,0,0,0,0,25.1,0,0
451,Sierra Leone,2019,Africa,Government of Sierra Leone,0,0,0,0,0,0,0,0,0,0,0,0,0,0,25.1,0,0
451,Sierra Leone,2020,Africa,Government of Sierra Leone,0,0,0,0,0,0,0,0,0,0,0,0,0,0,25.1,0,1
451,Sierra Leone,2021,Africa,Government of Sierra Leone,0,0,0,0,0,0,0,0,0,0,1,1,1,1,25.1,1,0
451,Sierra Leone,2022,Africa,Government of Sierra Leone,0,0,0,0,0,0,0,0,0,0,0,0,0,0,25.1,0,0
451,Sierra Leone,2023,Africa,Government of Sierra Leone,0,0,0,0,0,0,0,0,0,0,0,0,0,0,25.1,0,0
452,Ghana,1989,Africa,Government of Ghana,0,0,0,0,0,0,0,0,0,0,0,0,0,0,25.1,0,0
452,Ghana,1990,Africa,Government of Ghana,0,0,0,0,0,0,0,0,0,0,0,0,0,0,25.1,0,1
452,Ghana,1991,Africa,Government of Ghana,0,0,0,0,0,0,0,1,1,30,0,0,0,30,25.1,1,1
452,Ghana,1992,Africa,Government of Ghana,0,0,0,0,0,0,0,1,1,63,0,0,0,63,25.1,1,1
452,Ghana,1993,Africa,Government of Ghana,0,0,0,0,0,0,0,1,1,2,0,0,0,2,25.1,1,1
452,Ghana,1994,Africa,Government of Ghana,0,0,0,0,0,0,0,1,1,2004,0,0,0,2004,25.1,1,1
452,Ghana,1995,Africa,Government of Ghana,0,0,0,0,0,0,0,1,1,155,0,0,0,155,25.1,1,0
452,Ghana,1996,Africa,Government of Ghana,0,0,0,0,0,0,0,0,0,0,0,0,0,0,25.1,0,0
452,Ghana,1997,Africa,Government of Ghana,0,0,0,0,0,0,0,0,0,0,0,0,0,0,25.1,0,0
452,Ghana,1998,Africa,Government of Ghana,0,0,0,0,0,0,0,0,0,0,0,0,0,0,25.1,0,0
452,Ghana,1999,Africa,Government of Ghana,0,0,0,0,0,0,0,0,0,0,0,0,0,0,25.1,0,1
452,Ghana,2000,Africa,Government of Ghana,0,0,0,0,0,0,0,1,1,30,0,0,0,30,25.1,1,1
452,Ghana,2001,Africa,Government of Ghana,0,0,0,0,0,0,0,1,1,50,0,0,0,50,25.1,1,1
452,Ghana,2002,Africa,Government of Ghana,0,0,0,0,0,0,0,1,1,36,0,0,0,36,25.1,1,0
452,Ghana,2003,Africa,Government of Ghana,0,0,0,0,0,0,0,0,0,0,0,0,0,0,25.1,0,0
452,Ghana,2004,Africa,Government of Ghana,0,0,0,0,0,0,0,0,0,0,0,0,0,0,25.1,0,0
452,Ghana,2005,Africa,Government of Ghana,0,0,0,0,0,0,0,0,0,0,0,0,0,0,25.1,0,0
452,Ghana,2006,Africa,Government of Ghana,0,0,0,0,0,0,0,0,0,0,0,0,0,0,25.1,0,0
452,Ghana,2007,Africa,Government of Ghana,0,0,0,0,0,0,0,0,0,0,0,0,0,0,25.1,0,1
452,Ghana,2008,Africa,Government of Ghana,0,0,0,0,0,0,0,1,1,55,0,0,0,55,25.1,1,1
452,Ghana,2009,Africa,Government of Ghana,0,0,0,0,0,0,0,1,1,8,0,0,0,8,25.1,1,1
452,Ghana,2010,Africa,Government of Ghana,0,0,0,0,0,0,0,1,1,1,0,0,0,1,25.1,1,0
452,Ghana,2011,Africa,Government of Ghana,0,0,0,0,0,0,0,0,0,0,0,0,0,0,25.1,0,0
452,Ghana,2012,Africa,Government of Ghana,0,0,0,0,0,0,0,0,0,0,0,0,0,0,25.1,0,0
452,Ghana,2013,Africa,Government of Ghana,0,0,0,0,0,0,0,0,0,0,0,0,0,0,25.1,0,0
452,Ghana,2014,Africa,Government of Ghana,0,0,0,0,0,0,0,0,0,0,0,0,0,0,25.1,0,0
452,Ghana,2015,Africa,Government of Ghana,0,0,0,0,0,0,0,0,0,0,0,0,0,0,25.1,0,0
452,Ghana,2016,Africa,Government of Ghana,0,0,0,0,0,0,0,0,0,0,0,0,0,0,25.1,0,0
452,Ghana,2017,Africa,Government of Ghana,0,0,0,0,0,0,0,0,0,0,0,0,0,0,25.1,0,0
452,Ghana,2018,Africa,Government of Ghana,0,0,0,0,0,0,0,0,0,0,0,0,0,0,25.1,0,0
452,Ghana,2019,Africa,Government of Ghana,0,0,0,0,0,0,0,0,0,0,0,0,0,0,25.1,0,0
452,Ghana,2020,Africa,Government of Ghana,0,0,0,0,0,0,0,0,0,0,0,0,0,0,25.1,0,0
452,Ghana,2021,Africa,Government of Ghana,0,0,0,0,0,0,0,0,0,0,0,0,0,0,25.1,0,1
452,Ghana,2022,Africa,Government of Ghana,0,0,0,0,0,0,0,1,1,16,0,0,0,16,25.1,1,1
452,Ghana,2023,Africa,Government of Ghana,0,0,0,0,0,0,0,1,1,15,0,0,0,15,25.1,1,1
461,Togo,1989,Africa,Government of Togo,0,0,0,0,0,0,0,0,0,0,0,0,0,0,25.1,0,0
461,Togo,1990,Africa,Government of Togo,0,0,0,0,0,0,0,0,0,0,0,0,0,0,25.1,0,1
461,Togo,1991,Africa,Government of Togo,0,0,0,0,0,0,0,1,1,31,1,1,32,63,25.1,1,1
461,Togo,1992,Africa,Government of Togo,0,0,0,0,0,0,0,0,0,0,1,1,5,5,25.1,1,1
461,Togo,1993,Africa,Government of Togo,0,0,0,0,0,0,0,0,0,0,1,1,48,48,25.1,1,0
461,Togo,1994,Africa,Government of Togo,0,0,0,0,0,0,0,0,0,0,0,0,0,0,25.1,0,0
461,Togo,1995,Africa,Government of Togo,0,0,0,0,0,0,0,0,0,0,0,0,0,0,25.1,0,0
461,Togo,1996,Africa,Government of Togo,0,0,0,0,0,0,0,0,0,0,0,0,0,0,25.1,0,0
461,Togo,1997,Africa,Government of Togo,0,0,0,0,0,0,0,0,0,0,0,0,0,0,25.1,0,1
461,Togo,1998,Africa,Government of Togo,0,0,0,0,0,0,0,0,0,0,1,1,9,9,25.1,1,0
461,Togo,1999,Africa,Government of Togo,0,0,0,0,0,0,0,0,0,0,0,0,0,0,25.1,0,0
461,Togo,2000,Africa,Government of Togo,0,0,0,0,0,0,0,0,0,0,0,0,0,0,25.1,0,0
461,Togo,2001,Africa,Government of Togo,0,0,0,0,0,0,0,0,0,0,0,0,0,0,25.1,0,0
461,Togo,2002,Africa,Government of Togo,0,0,0,0,0,0,0,0,0,0,0,0,0,0,25.1,0,0
461,Togo,2003,Africa,Government of Togo,0,0,0,0,0,0,0,0,0,0,0,0,0,0,25.1,0,0
461,Togo,2004,Africa,Government of Togo,0,0,0,0,0,0,0,0,0,0,0,0,0,0,25.1,0,1
461,Togo,2005,Africa,Government of Togo,0,0,0,0,0,0,0,0,0,0,1,1,436,436,25.1,1,0
461,Togo,2006,Africa,Government of Togo,0,0,0,0,0,0,0,0,0,0,0,0,0,0,25.1,0,0
461,Togo,2007,Africa,Government of Togo,0,0,0,0,0,0,0,0,0,0,0,0,0,0,25.1,0,0
461,Togo,2008,Africa,Government of Togo,0,0,0,0,0,0,0,0,0,0,0,0,0,0,25.1,0,0
461,Togo,2009,Africa,Government of Togo,0,0,0,0,0,0,0,0,0,0,0,0,0,0,25.1,0,0
461,Togo,2010,Africa,Government of Togo,0,0,0,0,0,0,0,0,0,0,0,0,0,0,25.1,0,0
461,Togo,2011,Africa,Government of Togo,0,0,0,0,0,0,0,0,0,0,0,0,0,0,25.1,0,0
461,Togo,2012,Africa,Government of Togo,0,0,0,0,0,0,0,0,0,0,0,0,0,0,25.1,0,0
461,Togo,2013,Africa,Government of Togo,0,0,0,0,0,0,0,0,0,0,0,0,0,0,25.1,0,0
461,Togo,2014,Africa,Government of Togo,0,0,0,0,0,0,0,0,0,0,0,0,0,0,25.1,0,0
461,Togo,2015,Africa,Government of Togo,0,0,0,0,0,0,0,0,0,0,0,0,0,0,25.1,0,0
461,Togo,2016,Africa,Government of Togo,0,0,0,0,0,0,0,0,0,0,0,0,0,0,25.1,0,0
461,Togo,2017,Africa,Government of Togo,0,0,0,0,0,0,0,0,0,0,0,0,0,0,25.1,0,0
461,Togo,2018,Africa,Government of Togo,0,0,0,0,0,0,0,0,0,0,0,0,0,0,25.1,0,1
461,Togo,2019,Africa,Government of Togo,0,0,0,0,0,0,0,0,0,0,1,1,1,1,25.1,1,0
461,Togo,2020,Africa,Government of Togo,0,0,0,0,0,0,0,0,0,0,0,0,0,0,25.1,0,0
461,Togo,2021,Africa,Government of Togo,0,0,0,0,0,0,0,0,0,0,0,0,0,0,25.1,0,1
461,Togo,2022,Africa,Government of Togo,1,1,34,1,34,0,0,0,0,0,1,1,28,62,25.1,1,1
461,Togo,2023,Africa,Government of Togo,1,1,29,1,29,0,0,0,0,0,1,1,47,76,25.1,1,1
471,Cameroon,1989,Africa,Government of Cameroon,0,0,0,0,0,0,0,0,0,0,0,0,0,0,25.1,0,1
471,Cameroon,1990,Africa,Government of Cameroon,0,0,0,0,0,0,0,0,0,0,1,1,6,6,25.1,1,1
471,Cameroon,1991,Africa,Government of Cameroon,0,0,0,0,0,0,0,1,1,50,0,0,0,50,25.1,1,1
471,Cameroon,1992,Africa,Government of Cameroon,0,0,0,0,0,0,0,1,1,25,1,1,0,25,25.1,1,1
471,Cameroon,1993,Africa,Government of Cameroon,0,0,0,0,0,0,0,1,1,47,1,1,0,47,25.1,1,1
471,Cameroon,1994,Africa,Government of Cameroon,1,1,13,0,0,1,13,1,1,34,1,1,55,102,25.1,1,0
471,Cameroon,1995,Africa,Government of Cameroon,0,0,0,0,0,0,0,0,0,0,0,0,0,0,25.1,0,1
471,Cameroon,1996,Africa,Government of Cameroon,1,1,56,0,0,1,56,0,0,0,0,0,0,56,25.1,1,0
471,Cameroon,1997,Africa,Government of Cameroon,0,0,0,0,0,0,0,0,0,0,0,0,0,0,25.1,0,1
471,Cameroon,1998,Africa,Government of Cameroon,1,1,1,0,0,1,1,1,1,51,0,0,0,52,25.1,1,0
471,Cameroon,1999,Africa,Government of Cameroon,0,0,0,0,0,0,0,0,0,0,0,0,0,0,25.1,0,1
471,Cameroon,2000,Africa,Government of Cameroon,0,0,0,0,0,0,0,0,0,0,1,1,2,2,25.1,1,1
471,Cameroon,2001,Africa,Government of Cameroon,0,0,0,0,0,0,0,0,0,0,1,1,0,0,25.1,1,0
471,Cameroon,2002,Africa,Government of Cameroon,0,0,0,0,0,0,0,0,0,0,0,0,0,0,25.1,0,0
471,Cameroon,2003,Africa,Government of Cameroon,0,0,0,0,0,0,0,0,0,0,0,0,0,0,25.1,0,1
471,Cameroon,2004,Africa,Government of Cameroon,0,0,0,0,0,0,0,0,0,0,1,1,0,0,25.1,1,1
471,Cameroon,2005,Africa,Government of Cameroon,1,1,0,0,0,1,0,0,0,0,1,1,0,0,25.1,1,0
471,Cameroon,2006,Africa,Government of Cameroon,0,0,0,0,0,0,0,0,0,0,0,0,0,0,25.1,0,0
471,Cameroon,2007,Africa,Government of Cameroon,0,0,0,0,0,0,0,0,0,0,0,0,0,0,25.1,0,1
471,Cameroon,2008,Africa,Government of Cameroon,0,0,0,0,0,0,0,0,0,0,1,1,0,0,25.1,1,1
471,Cameroon,2009,Africa,Government of Cameroon,0,0,0,0,0,0,0,0,0,0,1,1,0,0,25.1,1,0
471,Cameroon,2010,Africa,Government of Cameroon,0,0,0,0,0,0,0,0,0,0,0,0,0,0,25.1,0,0
471,Cameroon,2011,Africa,Government of Cameroon,0,0,0,0,0,0,0,0,0,0,0,0,0,0,25.1,0,0
471,Cameroon,2012,Africa,Government of Cameroon,0,0,0,0,0,0,0,0,0,0,0,0,0,0,25.1,0,1
471,Cameroon,2013,Africa,Government of Cameroon,0,0,0,0,0,0,0,0,0,0,1,1,1,1,25.1,1,1
471,Cameroon,2014,Africa,Government of Cameroon,1,1,969,1,969,0,0,0,0,0,1,2,78,1047,25.1,1,1
471,Cameroon,2015,Africa,Government of Cameroon,1,2,924,1,924,0,0,0,0,0,1,3,339,1263,25.1,1,1
471,Cameroon,2016,Africa,Government of Cameroon,1,2,181,1,181,0,0,1,1,4,1,3,306,491,25.1,1,1
471,Cameroon,2017,Africa,Government of Cameroon,1,3,121,1,121,0,0,1,1,62,1,2,227,410,25.1,1,1
471,Cameroon,2018,Africa,Government of Cameroon,1,3,800,1,800,0,0,1,1,1,1,4,212,1013,25.1,1,1
471,Cameroon,2019,Africa,Government of Cameroon,1,3,714,1,714,0,0,1,1,7,1,4,147,868,25.1,1,1
471,Cameroon,2020,Africa,Government of Cameroon,1,3,440,1,440,0,0,1,1,1,1,4,351,792,25.1,1,1
471,Cameroon,2021,Africa,Government of Cameroon,1,3,603,1,603,0,0,1,3,34,1,3,190,827,25.1,1,1
471,Cameroon,2022,Africa,Government of Cameroon,1,3,415,1,415,0,0,1,1,1,1,4,251,667,25.1,1,1
471,Cameroon,2023,Africa,Government of Cameroon,1,3,358,1,358,0,0,1,3,17,1,4,263,638,25.1,1,1
475,Nigeria,1989,Africa,Government of Nigeria,0,0,0,0,0,0,0,0,0,0,0,0,0,0,25.1,0,1
475,Nigeria,1990,Africa,Government of Nigeria,0,0,0,0,0,0,0,1,1,9,1,1,80,89,25.1,1,1
475,Nigeria,1991,Africa,Government of Nigeria,0,0,0,0,0,0,0,1,2,380,0,0,0,380,25.1,1,1
475,Nigeria,1992,Africa,Government of Nigeria,0,0,0,0,0,0,0,1,5,942,1,1,1,943,25.1,1,1
475,Nigeria,1993,Africa,Government of Nigeria,0,0,0,0,0,0,0,1,3,1182,1,1,3,1185,25.1,1,1
475,Nigeria,1994,Africa,Government of Nigeria,0,0,0,0,0,0,0,1,2,34,1,2,56,90,25.1,1,1
475,Nigeria,1995,Africa,Government of Nigeria,0,0,0,0,0,0,0,0,0,0,1,1,1,1,25.1,1,1
475,Nigeria,1996,Africa,Government of Nigeria,0,0,0,0,0,0,0,1,2,82,1,1,5,87,25.1,1,1
475,Nigeria,1997,Africa,Government of Nigeria,0,0,0,0,0,0,0,1,4,591,1,1,4,595,25.1,1,1
475,Nigeria,1998,Africa,Government of Nigeria,0,0,0,0,0,0,0,1,9,315,1,1,42,357,25.1,1,1
475,Nigeria,1999,Africa,Government of Nigeria,0,0,0,0,0,0,0,1,9,1014,1,1,2505,3519,25.1,1,1
475,Nigeria,2000,Africa,Government of Nigeria,0,0,0,0,0,0,0,1,7,2062,1,2,42,2104,25.1,1,1
475,Nigeria,2001,Africa,Government of Nigeria,0,0,0,0,0,0,0,1,9,2051,1,2,386,2437,25.1,1,1
475,Nigeria,2002,Africa,Government of Nigeria,0,0,0,0,0,0,0,1,10,517,1,1,112,629,25.1,1,1
475,Nigeria,2003,Africa,Government of Nigeria,1,1,1,1,1,0,0,1,9,353,1,2,95,449,25.1,1,1
475,Nigeria,2004,Africa,Government of Nigeria,1,2,151,1,151,0,0,1,8,1947,1,1,38,2136,25.1,1,1
475,Nigeria,2005,Africa,Government of Nigeria,0,0,0,0,0,0,0,1,7,221,1,1,12,233,25.1,1,1
475,Nigeria,2006,Africa,Government of Nigeria,0,0,0,0,0,0,0,1,6,221,1,1,10,231,25.1,1,1
475,Nigeria,2007,Africa,Government of Nigeria,0,0,0,0,0,0,0,1,7,152,1,1,5,157,25.1,1,1
475,Nigeria,2008,Africa,Government of Nigeria,0,0,0,0,0,0,0,1,7,286,1,1,146,432,25.1,1,1
475,Nigeria,2009,Africa,Government of Nigeria,1,2,405,1,405,0,0,1,9,114,1,2,14,533,25.1,1,1
475,Nigeria,2010,Africa,Government of Nigeria,1,1,18,1,18,0,0,1,12,869,1,2,93,980,25.1,1,1
475,Nigeria,2011,Africa,Government of Nigeria,1,1,325,1,325,0,0,1,13,1385,1,3,121,1831,25.1,1,1
475,Nigeria,2012,Africa,Government of Nigeria,1,1,811,1,811,0,0,1,13,544,1,2,667,2022,25.1,1,1
475,Nigeria,2013,Africa,Government of Nigeria,1,1,1629,1,1629,0,0,1,17,918,1,3,844,3391,25.1,1,1
475,Nigeria,2014,Africa,Government of Nigeria,1,1,3819,1,3819,0,0,1,19,1423,1,2,5104,10346,25.1,1,1
475,Nigeria,2015,Africa,Government of Nigeria,1,3,4637,1,4637,0,0,1,18,822,1,3,3662,9121,25.1,1,1
475,Nigeria,2016,Africa,Government of Nigeria,1,3,2491,1,2491,0,0,1,21,824,1,3,634,3949,25.1,1,1
475,Nigeria,2017,Africa,Government of Nigeria,1,2,1879,1,1879,0,0,1,25,969,1,3,741,3589,25.1,1,1
475,Nigeria,2018,Africa,Government of Nigeria,1,3,1173,1,1173,0,0,1,22,1534,1,4,536,3243,25.1,1,1
475,Nigeria,2019,Africa,Government of Nigeria,1,2,1326,1,1326,0,0,1,25,740,1,4,389,2455,25.1,1,1
475,Nigeria,2020,Africa,Government of Nigeria,1,2,2001,1,2001,0,0,1,29,593,1,5,485,3079,25.1,1,1
475,Nigeria,2021,Africa,Government of Nigeria,1,3,1999,1,1999,0,0,1,16,963,1,8,209,3171,25.1,1,1
475,Nigeria,2022,Africa,Government of Nigeria,1,3,1535,1,1535,0,0,1,26,989,1,6,393,2917,25.1,1,1
475,Nigeria,2023,Africa,Government of Nigeria,1,4,2084,1,2084,0,0,1,21,1472,1,6,415,3971,25.1,1,1
481,Gabon,1989,Africa,Government of Gabon,0,0,0,0,0,0,0,0,0,0,0,0,0,0,25.1,0,0
481,Gabon,1990,Africa,Government of Gabon,0,0,0,0,0,0,0,0,0,0,0,0,0,0,25.1,0,0
481,Gabon,1991,Africa,Government of Gabon,0,0,0,0,0,0,0,0,0,0,0,0,0,0,25.1,0,0
481,Gabon,1992,Africa,Government of Gabon,0,0,0,0,0,0,0,0,0,0,0,0,0,0,25.1,0,0
481,Gabon,1993,Africa,Government of Gabon,0,0,0,0,0,0,0,0,0,0,0,0,0,0,25.1,0,0
481,Gabon,1994,Africa,Government of Gabon,0,0,0,0,0,0,0,0,0,0,0,0,0,0,25.1,0,0
481,Gabon,1995,Africa,Government of Gabon,0,0,0,0,0,0,0,0,0,0,0,0,0,0,25.1,0,0
481,Gabon,1996,Africa,Government of Gabon,0,0,0,0,0,0,0,0,0,0,0,0,0,0,25.1,0,0
481,Gabon,1997,Africa,Government of Gabon,0,0,0,0,0,0,0,0,0,0,0,0,0,0,25.1,0,0
481,Gabon,1998,Africa,Government of Gabon,0,0,0,0,0,0,0,0,0,0,0,0,0,0,25.1,0,0
481,Gabon,1999,Africa,Government of Gabon,0,0,0,0,0,0,0,0,0,0,0,0,0,0,25.1,0,0
481,Gabon,2000,Africa,Government of Gabon,0,0,0,0,0,0,0,0,0,0,0,0,0,0,25.1,0,0
481,Gabon,2001,Africa,Government of Gabon,0,0,0,0,0,0,0,0,0,0,0,0,0,0,25.1,0,0
481,Gabon,2002,Africa,Government of Gabon,0,0,0,0,0,0,0,0,0,0,0,0,0,0,25.1,0,0
481,Gabon,2003,Africa,Government of Gabon,0,0,0,0,0,0,0,0,0,0,0,0,0,0,25.1,0,0
481,Gabon,2004,Africa,Government of Gabon,0,0,0,0,0,0,0,0,0,0,0,0,0,0,25.1,0,0
481,Gabon,2005,Africa,Government of Gabon,0,0,0,0,0,0,0,0,0,0,0,0,0,0,25.1,0,0
481,Gabon,2006,Africa,Government of Gabon,0,0,0,0,0,0,0,0,0,0,0,0,0,0,25.1,0,0
481,Gabon,2007,Africa,Government of Gabon,0,0,0,0,0,0,0,0,0,0,0,0,0,0,25.1,0,0
481,Gabon,2008,Africa,Government of Gabon,0,0,0,0,0,0,0,0,0,0,0,0,0,0,25.1,0,0
481,Gabon,2009,Africa,Government of Gabon,0,0,0,0,0,0,0,0,0,0,0,0,0,0,25.1,0,0
481,Gabon,2010,Africa,Government of Gabon,0,0,0,0,0,0,0,0,0,0,0,0,0,0,25.1,0,0
481,Gabon,2011,Africa,Government of Gabon,0,0,0,0,0,0,0,0,0,0,0,0,0,0,25.1,0,0
481,Gabon,2012,Africa,Government of Gabon,0,0,0,0,0,0,0,0,0,0,0,0,0,0,25.1,0,0
481,Gabon,2013,Africa,Government of Gabon,0,0,0,0,0,0,0,0,0,0,0,0,0,0,25.1,0,0
481,Gabon,2014,Africa,Government of Gabon,0,0,0,0,0,0,0,0,0,0,0,0,0,0,25.1,0,0
481,Gabon,2015,Africa,Government of Gabon,0,0,0,0,0,0,0,0,0,0,0,0,0,0,25.1,0,0
481,Gabon,2016,Africa,Government of Gabon,0,0,0,0,0,0,0,0,0,0,0,0,0,0,25.1,0,0
481,Gabon,2017,Africa,Government of Gabon,0,0,0,0,0,0,0,0,0,0,0,0,0,0,25.1,0,0
481,Gabon,2018,Africa,Government of Gabon,0,0,0,0,0,0,0,0,0,0,0,0,0,0,25.1,0,0
481,Gabon,2019,Africa,Government of Gabon,0,0,0,0,0,0,0,0,0,0,0,0,0,0,25.1,0,0
481,Gabon,2020,Africa,Government of Gabon,0,0,0,0,0,0,0,0,0,0,0,0,0,0,25.1,0,0
481,Gabon,2021,Africa,Government of Gabon,0,0,0,0,0,0,0,0,0,0,0,0,0,0,25.1,0,0
481,Gabon,2022,Africa,Government of Gabon,0,0,0,0,0,0,0,0,0,0,0,0,0,0,25.1,0,0
481,Gabon,2023,Africa,Government of Gabon,0,0,0,0,0,0,0,0,0,0,0,0,0,0,25.1,0,0
482,Central African Republic,1989,Africa,Government of Central African Republic,0,0,0,0,0,0,0,0,0,0,0,0,0,0,25.1,0,0
482,Central African Republic,1990,Africa,Government of Central African Republic,0,0,0,0,0,0,0,0,0,0,0,0,0,0,25.1,0,1
482,Central African Republic,1991,Africa,Government of Central African Republic,0,0,0,0,0,0,0,0,0,0,1,1,0,0,25.1,1,1
482,Central African Republic,1992,Africa,Government of Central African Republic,0,0,0,0,0,0,0,0,0,0,1,1,3,3,25.1,1,1
482,Central African Republic,1993,Africa,Government of Central African Republic,0,0,0,0,0,0,0,0,0,0,1,1,4,4,25.1,1,0
482,Central African Republic,1994,Africa,Government of Central African Republic,0,0,0,0,0,0,0,0,0,0,0,0,0,0,25.1,0,0
482,Central African Republic,1995,Africa,Government of Central African Republic,0,0,0,0,0,0,0,0,0,0,0,0,0,0,25.1,0,0
482,Central African Republic,1996,Africa,Government of Central African Republic,0,0,0,0,0,0,0,0,0,0,0,0,0,0,25.1,0,0
482,Central African Republic,1997,Africa,Government of Central African Republic,0,0,0,0,0,0,0,0,0,0,0,0,0,0,25.1,0,0
482,Central African Republic,1998,Africa,Government of Central African Republic,0,0,0,0,0,0,0,0,0,0,0,0,0,0,25.1,0,1
482,Central African Republic,1999,Africa,Government of Central African Republic,0,0,0,0,0,0,0,0,0,0,1,1,5,5,25.1,1,1
482,Central African Republic,2000,Africa,Government of Central African Republic,0,0,0,0,0,0,0,0,0,0,1,1,6,6,25.1,1,1
482,Central African Republic,2001,Africa,Government of Central African Republic,1,1,195,1,195,0,0,0,0,0,1,1,21,216,25.1,1,1
482,Central African Republic,2002,Africa,Government of Central African Republic,1,1,131,1,131,0,0,0,0,0,1,1,21,152,25.1,1,1
482,Central African Republic,2003,Africa,Government of Central African Republic,1,1,13,1,13,0,0,0,0,0,1,1,6,19,25.1,1,1
482,Central African Republic,2004,Africa,Government of Central African Republic,0,0,0,0,0,0,0,0,0,0,1,2,23,23,25.1,1,1
482,Central African Republic,2005,Africa,Government of Central African Republic,0,0,0,0,0,0,0,0,0,0,1,1,8,8,25.1,1,1
482,Central African Republic,2006,Africa,Government of Central African Republic,1,1,46,1,46,0,0,0,0,0,1,2,144,190,25.1,1,1
482,Central African Republic,2007,Africa,Government of Central African Republic,1,1,11,1,11,0,0,1,1,4,1,2,128,143,25.1,1,1
482,Central African Republic,2008,Africa,Government of Central African Republic,0,0,0,0,0,0,0,0,0,0,1,3,8,8,25.1,1,1
482,Central African Republic,2009,Africa,Government of Central African Republic,1,2,88,1,88,0,0,0,0,0,1,2,156,244,25.1,1,1
482,Central African Republic,2010,Africa,Government of Central African Republic,1,2,47,1,47,0,0,0,0,0,1,3,101,148,25.1,1,1
482,Central African Republic,2011,Africa,Government of Central African Republic,1,2,48,1,48,0,0,1,2,64,1,1,83,195,25.1,1,1
482,Central African Republic,2012,Africa,Government of Central African Republic,1,2,59,1,59,0,0,0,0,0,1,4,73,132,25.1,1,1
482,Central African Republic,2013,Africa,Government of Central African Republic,1,3,417,1,417,0,0,1,2,289,1,5,2690,3396,25.1,1,1
482,Central African Republic,2014,Africa,Government of Central African Republic,1,2,153,1,153,0,0,1,3,1045,1,8,2295,3493,25.1,1,1
482,Central African Republic,2015,Africa,Government of Central African Republic,1,4,35,1,35,0,0,1,3,278,1,9,432,745,25.1,1,1
482,Central African Republic,2016,Africa,Government of Central African Republic,0,0,0,0,0,0,0,1,6,214,1,8,474,688,25.1,1,1
482,Central African Republic,2017,Africa,Government of Central African Republic,1,5,73,1,73,0,0,1,10,1084,1,8,708,1865,25.1,1,1
482,Central African Republic,2018,Africa,Government of Central African Republic,1,2,103,1,103,0,0,1,5,315,1,8,222,640,25.1,1,1
482,Central African Republic,2019,Africa,Government of Central African Republic,1,4,68,1,68,0,0,1,3,283,1,8,150,501,25.1,1,1
482,Central African Republic,2020,Africa,Government of Central African Republic,1,4,78,1,78,0,0,1,7,185,1,6,36,299,25.1,1,1
482,Central African Republic,2021,Africa,Government of Central African Republic,1,2,906,1,906,0,0,0,0,0,1,3,174,1080,25.1,1,1
482,Central African Republic,2022,Africa,Government of Central African Republic,1,2,677,1,677,0,0,0,0,0,1,3,96,773,25.1,1,1
482,Central African Republic,2023,Africa,Government of Central African Republic,1,3,284,1,284,0,0,1,1,101,1,3,38,423,25.1,1,1
483,Chad,1989,Africa,Government of Chad,1,2,50,1,50,0,0,0,0,0,0,0,0,50,25.1,1,1
483,Chad,1990,Africa,Government of Chad,1,2,652,1,652,0,0,0,0,0,1,1,34,686,25.1,1,1
483,Chad,1991,Africa,Government of Chad,1,2,68,1,68,0,0,0,0,0,1,1,27,95,25.1,1,1
483,Chad,1992,Africa,Government of Chad,1,4,899,1,899,0,0,0,0,0,1,1,291,1190,25.1,1,1
483,Chad,1993,Africa,Government of Chad,1,4,120,1,120,0,0,0,0,0,1,1,193,313,25.1,1,1
483,Chad,1994,Africa,Government of Chad,1,5,167,1,167,0,0,0,0,0,1,2,354,521,25.1,1,1
483,Chad,1995,Africa,Government of Chad,1,1,4,1,4,0,0,0,0,0,1,2,49,53,25.1,1,1
483,Chad,1996,Africa,Government of Chad,0,0,0,0,0,0,0,0,0,0,1,1,4,4,25.1,1,1
483,Chad,1997,Africa,Government of Chad,1,2,97,1,97,0,0,0,0,0,1,2,37,134,25.1,1,1
483,Chad,1998,Africa,Government of Chad,1,1,34,1,34,0,0,0,0,0,1,2,164,198,25.1,1,1
483,Chad,1999,Africa,Government of Chad,1,1,394,1,394,0,0,1,1,0,1,1,0,394,25.1,1,1
483,Chad,2000,Africa,Government of Chad,1,2,993,1,993,0,0,1,1,72,1,1,5,1070,25.1,1,1
483,Chad,2001,Africa,Government of Chad,1,1,226,1,226,0,0,0,0,0,1,2,4,230,25.1,1,1
483,Chad,2002,Africa,Government of Chad,1,1,294,1,294,0,0,0,0,0,1,1,3,297,25.1,1,1
483,Chad,2003,Africa,Government of Chad,1,1,37,1,37,0,0,0,0,0,0,0,0,37,25.1,1,1
483,Chad,2004,Africa,Government of Chad,1,2,52,1,52,0,0,0,0,0,1,1,28,80,25.1,1,1
483,Chad,2005,Africa,Government of Chad,1,1,100,1,100,0,0,0,0,0,1,2,167,267,25.1,1,1
483,Chad,2006,Africa,Government of Chad,1,3,1250,1,1250,0,0,1,2,214,1,3,492,1956,25.1,1,1
483,Chad,2007,Africa,Government of Chad,1,4,100,1,100,0,0,1,1,126,1,3,205,431,25.1,1,1
483,Chad,2008,Africa,Government of Chad,1,1,991,1,991,0,0,0,0,0,1,1,3,994,25.1,1,1
483,Chad,2009,Africa,Government of Chad,1,2,135,1,135,0,0,0,0,0,0,0,0,135,25.1,1,1
483,Chad,2010,Africa,Government of Chad,1,1,4,1,4,0,0,0,0,0,0,0,0,4,25.1,1,0
483,Chad,2011,Africa,Government of Chad,0,0,0,0,0,0,0,0,0,0,0,0,0,0,25.1,0,0
483,Chad,2012,Africa,Government of Chad,0,0,0,0,0,0,0,0,0,0,0,0,0,0,25.1,0,0
483,Chad,2013,Africa,Government of Chad,0,0,0,0,0,0,0,0,0,0,0,0,0,0,25.1,0,1
483,Chad,2014,Africa,Government of Chad,0,0,0,0,0,0,0,1,1,10,1,1,6,16,25.1,1,1
483,Chad,2015,Africa,Government of Chad,1,2,275,1,275,0,0,1,1,3,1,3,119,397,25.1,1,1
483,Chad,2016,Africa,Government of Chad,1,1,18,1,18,0,0,1,1,4,1,2,4,26,25.1,1,1
483,Chad,2017,Africa,Government of Chad,1,2,60,1,60,0,0,1,1,28,1,1,3,91,25.1,1,1
483,Chad,2018,Africa,Government of Chad,1,2,150,1,150,0,0,0,0,0,1,1,18,168,25.1,1,1
483,Chad,2019,Africa,Government of Chad,1,2,146,1,146,0,0,1,1,65,1,2,42,253,25.1,1,1
483,Chad,2020,Africa,Government of Chad,1,2,196,1,196,0,0,1,1,25,1,2,28,249,25.1,1,1
483,Chad,2021,Africa,Government of Chad,1,2,486,1,486,0,0,1,1,159,1,2,22,667,25.1,1,1
483,Chad,2022,Africa,Government of Chad,1,2,45,1,45,0,0,1,1,56,1,1,13,114,25.1,1,1
483,Chad,2023,Africa,Government of Chad,1,1,61,1,61,0,0,1,1,42,1,1,9,112,25.1,1,1
484,Congo,1989,Africa,Government of Congo,0,0,0,0,0,0,0,0,0,0,0,0,0,0,25.1,0,0
484,Congo,1990,Africa,Government of Congo,0,0,0,0,0,0,0,0,0,0,0,0,0,0,25.1,0,0
484,Congo,1991,Africa,Government of Congo,0,0,0,0,0,0,0,0,0,0,0,0,0,0,25.1,0,1
484,Congo,1992,Africa,Government of Congo,0,0,0,0,0,0,0,0,0,0,1,1,2,2,25.1,1,1
484,Congo,1993,Africa,Government of Congo,1,1,53,1,53,0,0,0,0,0,1,1,82,135,25.1,1,1
484,Congo,1994,Africa,Government of Congo,1,2,14,1,14,0,0,0,0,0,1,1,4,18,25.1,1,1
484,Congo,1995,Africa,Government of Congo,1,1,2,1,2,0,0,0,0,0,0,0,0,2,25.1,1,1
484,Congo,1996,Africa,Government of Congo,0,0,0,0,0,0,0,0,0,0,1,1,1,1,25.1,1,1
484,Congo,1997,Africa,Government of Congo,1,2,10000,1,10000,0,0,0,0,0,1,3,412,10412,25.1,1,1
484,Congo,1998,Africa,Government of Congo,1,3,3272,1,3272,0,0,0,0,0,1,3,491,3763,25.1,1,1
484,Congo,1999,Africa,Government of Congo,1,2,626,1,626,0,0,0,0,0,1,2,322,948,25.1,1,0
484,Congo,2000,Africa,Government of Congo,0,0,0,0,0,0,0,0,0,0,0,0,0,0,25.1,0,1
484,Congo,2001,Africa,Government of Congo,1,1,3,1,3,0,0,0,0,0,0,0,0,3,25.1,1,1
484,Congo,2002,Africa,Government of Congo,1,1,167,1,167,0,0,0,0,0,1,2,67,234,25.1,1,1
484,Congo,2003,Africa,Government of Congo,1,1,22,1,22,0,0,0,0,0,1,1,11,33,25.1,1,0
484,Congo,2004,Africa,Government of Congo,0,0,0,0,0,0,0,0,0,0,0,0,0,0,25.1,0,1
484,Congo,2005,Africa,Government of Congo,1,1,11,1,11,0,0,0,0,0,1,1,4,15,25.1,1,0
484,Congo,2006,Africa,Government of Congo,0,0,0,0,0,0,0,0,0,0,0,0,0,0,25.1,0,1
484,Congo,2007,Africa,Government of Congo,1,1,2,1,2,0,0,0,0,0,0,0,0,2,25.1,1,1
484,Congo,2008,Africa,Government of Congo,1,1,1,1,1,0,0,0,0,0,0,0,0,1,25.1,1,0
484,Congo,2009,Africa,Government of Congo,0,0,0,0,0,0,0,0,0,0,0,0,0,0,25.1,0,0
484,Congo,2010,Africa,Government of Congo,0,0,0,0,0,0,0,0,0,0,0,0,0,0,25.1,0,1
484,Congo,2011,Africa,Government of Congo,1,1,1,1,1,0,0,0,0,0,0,0,0,1,25.1,1,1
484,Congo,2012,Africa,Government of Congo,1,1,2,1,2,0,0,0,0,0,0,0,0,2,25.1,1,0
484,Congo,2013,Africa,Government of Congo,0,0,0,0,0,0,0,0,0,0,0,0,0,0,25.1,0,0
484,Congo,2014,Africa,Government of Congo,0,0,0,0,0,0,0,0,0,0,0,0,0,0,25.1,0,1
484,Congo,2015,Africa,Government of Congo,1,1,0,1,0,0,0,0,0,0,0,0,0,0,25.1,1,1
484,Congo,2016,Africa,Government of Congo,1,1,73,1,73,0,0,0,0,0,0,0,0,73,25.1,1,1
484,Congo,2017,Africa,Government of Congo,1,1,20,1,20,0,0,0,0,0,0,0,0,20,25.1,1,0
484,Congo,2018,Africa,Government of Congo,0,0,0,0,0,0,0,0,0,0,0,0,0,0,25.1,0,1
484,Congo,2019,Africa,Government of Congo,1,1,0,1,0,0,0,0,0,0,1,1,0,0,25.1,1,1
484,Congo,2020,Africa,Government of Congo,1,1,0,1,0,0,0,0,0,0,0,0,0,0,25.1,1,0
484,Congo,2021,Africa,Government of Congo,0,0,0,0,0,0,0,0,0,0,0,0,0,0,25.1,0,1
484,Congo,2022,Africa,Government of Congo,1,1,3,1,3,0,0,0,0,0,0,0,0,3,25.1,1,0
484,Congo,2023,Africa,Government of Congo,0,0,0,0,0,0,0,0,0,0,0,0,0,0,25.1,0,0
490,DR Congo (Zaire),1989,Africa,Government of DR Congo (Zaire),0,0,0,0,0,0,0,0,0,0,1,1,28,28,25.1,1,1
490,DR Congo (Zaire),1990,Africa,Government of DR Congo (Zaire),0,0,0,0,0,0,0,0,0,0,1,1,147,147,25.1,1,1
490,DR Congo (Zaire),1991,Africa,Government of DR Congo (Zaire),0,0,0,0,0,0,0,0,0,0,1,1,32,32,25.1,1,1
490,DR Congo (Zaire),1992,Africa,Government of DR Congo (Zaire),0,0,0,0,0,0,0,0,0,0,1,1,67,67,25.1,1,1
490,DR Congo (Zaire),1993,Africa,Government of DR Congo (Zaire),0,0,0,0,0,0,0,1,2,3109,1,3,228,3337,25.1,1,1
490,DR Congo (Zaire),1994,Africa,Government of DR Congo (Zaire),1,2,3,1,3,0,0,1,1,146,1,4,183,332,25.1,1,1
490,DR Congo (Zaire),1995,Africa,Government of DR Congo (Zaire),0,0,0,0,0,0,0,1,1,465,1,3,61,526,25.1,1,1
490,DR Congo (Zaire),1996,Africa,Government of DR Congo (Zaire),1,2,1371,1,1371,0,0,1,3,171,1,11,32765,34307,25.1,1,1
490,DR Congo (Zaire),1997,Africa,Government of DR Congo (Zaire),1,3,4599,1,4599,0,0,1,2,153,1,4,9145,13897,25.1,1,1
490,DR Congo (Zaire),1998,Africa,Government of DR Congo (Zaire),1,5,3439,1,3439,0,0,1,3,326,1,7,3952,7717,25.1,1,1
490,DR Congo (Zaire),1999,Africa,Government of DR Congo (Zaire),1,4,3282,1,3282,0,0,1,4,1698,1,9,2869,7849,25.1,1,1
490,DR Congo (Zaire),2000,Africa,Government of DR Congo (Zaire),1,4,1473,1,1473,0,0,1,7,1050,1,7,532,3055,25.1,1,1
490,DR Congo (Zaire),2001,Africa,Government of DR Congo (Zaire),1,4,509,1,509,0,0,1,7,608,1,8,373,1490,25.1,1,1
490,DR Congo (Zaire),2002,Africa,Government of DR Congo (Zaire),1,4,114,1,114,0,0,1,8,2980,1,12,4851,7945,25.1,1,1
490,DR Congo (Zaire),2003,Africa,Government of DR Congo (Zaire),0,0,0,0,0,0,0,1,6,956,1,11,3368,4324,25.1,1,1
490,DR Congo (Zaire),2004,Africa,Government of DR Congo (Zaire),0,0,0,0,0,0,0,1,1,47,1,11,735,782,25.1,1,1
490,DR Congo (Zaire),2005,Africa,Government of DR Congo (Zaire),1,1,34,1,34,0,0,0,0,0,1,5,271,305,25.1,1,1
490,DR Congo (Zaire),2006,Africa,Government of DR Congo (Zaire),1,2,177,1,177,0,0,1,1,8,1,5,205,390,25.1,1,1
490,DR Congo (Zaire),2007,Africa,Government of DR Congo (Zaire),1,3,633,1,633,0,0,1,2,29,1,8,217,879,25.1,1,1
490,DR Congo (Zaire),2008,Africa,Government of DR Congo (Zaire),1,4,770,1,770,0,0,1,2,87,1,7,883,1740,25.1,1,1
490,DR Congo (Zaire),2009,Africa,Government of DR Congo (Zaire),1,2,1961,1,1961,0,0,1,2,10,1,5,3337,5308,25.1,1,1
490,DR Congo (Zaire),2010,Africa,Government of DR Congo (Zaire),1,4,310,1,310,0,0,0,0,0,1,6,778,1088,25.1,1,1
490,DR Congo (Zaire),2011,Africa,Government of DR Congo (Zaire),1,6,330,1,330,0,0,1,3,48,1,6,174,552,25.1,1,1
490,DR Congo (Zaire),2012,Africa,Government of DR Congo (Zaire),1,11,861,1,861,0,0,1,3,233,1,12,744,1838,25.1,1,1
490,DR Congo (Zaire),2013,Africa,Government of DR Congo (Zaire),1,7,1543,1,1543,0,0,1,3,115,1,10,539,2197,25.1,1,1
490,DR Congo (Zaire),2014,Africa,Government of DR Congo (Zaire),1,6,1004,1,1004,0,0,1,4,150,1,9,470,1624,25.1,1,1
490,DR Congo (Zaire),2015,Africa,Government of DR Congo (Zaire),1,7,256,1,256,0,0,1,2,5,1,7,476,737,25.1,1,1
490,DR Congo (Zaire),2016,Africa,Government of DR Congo (Zaire),1,7,838,1,838,0,0,1,6,692,1,9,664,2194,25.1,1,1
490,DR Congo (Zaire),2017,Africa,Government of DR Congo (Zaire),1,13,3718,1,3718,0,0,1,10,763,1,17,1494,5975,25.1,1,1
490,DR Congo (Zaire),2018,Africa,Government of DR Congo (Zaire),1,9,858,1,858,0,0,1,13,1777,1,16,512,3147,25.1,1,1
490,DR Congo (Zaire),2019,Africa,Government of DR Congo (Zaire),1,14,796,1,796,0,0,1,9,741,1,16,992,2529,25.1,1,1
490,DR Congo (Zaire),2020,Africa,Government of DR Congo (Zaire),1,16,1232,1,1232,0,0,1,16,725,1,25,2051,4008,25.1,1,1
490,DR Congo (Zaire),2021,Africa,Government of DR Congo (Zaire),1,15,1080,1,1080,0,0,1,14,394,1,16,2249,3723,25.1,1,1
490,DR Congo (Zaire),2022,Africa,Government of DR Congo (Zaire),1,15,1755,1,1755,0,0,1,12,822,1,26,3390,5967,25.1,1,1
490,DR Congo (Zaire),2023,Africa,Government of DR Congo (Zaire),1,10,729,1,729,0,0,1,12,501,1,16,2706,3936,25.1,1,1
500,Uganda,1989,Africa,Government of Uganda,1,3,1022,1,1022,0,0,0,0,0,1,2,35,1057,25.1,1,1
500,Uganda,1990,Africa,Government of Uganda,1,3,626,1,626,0,0,0,0,0,1,3,183,809,25.1,1,1
500,Uganda,1991,Africa,Government of Uganda,1,3,857,1,857,0,0,0,0,0,1,2,161,1018,25.1,1,1
500,Uganda,1992,Africa,Government of Uganda,1,1,72,1,72,0,0,1,1,4,0,0,0,76,25.1,1,0
500,Uganda,1993,Africa,Government of Uganda,0,0,0,0,0,0,0,0,0,0,0,0,0,0,25.1,0,1
500,Uganda,1994,Africa,Government of Uganda,1,2,150,1,150,0,0,0,0,0,1,1,10,160,25.1,1,1
500,Uganda,1995,Africa,Government of Uganda,1,2,265,1,265,0,0,0,0,0,1,1,272,537,25.1,1,1
500,Uganda,1996,Africa,Government of Uganda,1,4,1186,1,1186,0,0,0,0,0,1,4,612,1798,25.1,1,1
500,Uganda,1997,Africa,Government of Uganda,1,3,738,1,738,0,0,0,0,0,1,4,616,1354,25.1,1,1
500,Uganda,1998,Africa,Government of Uganda,1,4,767,1,767,0,0,1,2,138,1,3,309,1214,25.1,1,1
500,Uganda,1999,Africa,Government of Uganda,1,2,352,1,352,0,0,1,2,388,1,3,284,1024,25.1,1,1
500,Uganda,2000,Africa,Government of Uganda,1,2,364,1,364,0,0,1,10,701,1,2,173,1238,25.1,1,1
500,Uganda,2001,Africa,Government of Uganda,1,2,108,1,108,0,0,1,5,43,1,3,61,212,25.1,1,1
500,Uganda,2002,Africa,Government of Uganda,1,2,722,1,722,0,0,1,1,17,1,2,577,1316,25.1,1,1
500,Uganda,2003,Africa,Government of Uganda,1,1,633,1,633,0,0,1,11,360,1,2,635,1628,25.1,1,1
500,Uganda,2004,Africa,Government of Uganda,1,1,1215,1,1215,0,0,1,4,42,1,1,747,2004,25.1,1,1
500,Uganda,2005,Africa,Government of Uganda,1,1,610,1,610,0,0,1,5,91,1,2,221,922,25.1,1,1
500,Uganda,2006,Africa,Government of Uganda,1,3,220,1,220,0,0,1,5,65,1,4,49,334,25.1,1,1
500,Uganda,2007,Africa,Government of Uganda,1,2,93,1,93,0,0,1,2,43,1,3,20,156,25.1,1,1
500,Uganda,2008,Africa,Government of Uganda,0,0,0,0,0,0,0,1,6,31,1,1,1,32,25.1,1,1
500,Uganda,2009,Africa,Government of Uganda,0,0,0,0,0,0,0,1,2,39,1,1,20,59,25.1,1,1
500,Uganda,2010,Africa,Government of Uganda,0,0,0,0,0,0,0,0,0,0,1,1,74,74,25.1,1,0
500,Uganda,2011,Africa,Government of Uganda,0,0,0,0,0,0,0,0,0,0,0,0,0,0,25.1,0,0
500,Uganda,2012,Africa,Government of Uganda,0,0,0,0,0,0,0,0,0,0,0,0,0,0,25.1,0,0
500,Uganda,2013,Africa,Government of Uganda,0,0,0,0,0,0,0,0,0,0,0,0,0,0,25.1,0,1
500,Uganda,2014,Africa,Government of Uganda,0,0,0,0,0,0,0,0,0,0,1,1,7,7,25.1,1,0
500,Uganda,2015,Africa,Government of Uganda,0,0,0,0,0,0,0,0,0,0,0,0,0,0,25.1,0,1
500,Uganda,2016,Africa,Government of Uganda,0,0,0,0,0,0,0,1,1,30,0,0,0,30,25.1,1,1
500,Uganda,2017,Africa,Government of Uganda,1,1,0,1,0,0,0,0,0,0,0,0,0,0,25.1,1,1
500,Uganda,2018,Africa,Government of Uganda,0,0,0,0,0,0,0,0,0,0,1,1,2,2,25.1,1,1
500,Uganda,2019,Africa,Government of Uganda,0,0,0,0,0,0,0,0,0,0,1,1,2,2,25.1,1,0
500,Uganda,2020,Africa,Government of Uganda,0,0,0,0,0,0,0,0,0,0,0,0,0,0,25.1,0,1
500,Uganda,2021,Africa,Government of Uganda,1,1,22,1,22,0,0,0,0,0,1,2,1,23,25.1,1,1
500,Uganda,2022,Africa,Government of Uganda,1,1,25,1,25,0,0,0,0,0,0,0,0,25,25.1,1,1
500,Uganda,2023,Africa,Government of Uganda,1,1,22,1,22,0,0,0,0,0,1,1,57,79,25.1,1,1
501,Kenya,1989,Africa,Government of Kenya,0,0,0,0,0,0,0,1,2,60,1,1,3,63,25.1,1,1
501,Kenya,1990,Africa,Government of Kenya,0,0,0,0,0,0,0,0,0,0,1,1,7,7,25.1,1,1
501,Kenya,1991,Africa,Government of Kenya,0,0,0,0,0,0,0,1,2,17,0,0,0,17,25.1,1,1
501,Kenya,1992,Africa,Government of Kenya,0,0,0,0,0,0,0,1,5,156,1,1,3,159,25.1,1,1
501,Kenya,1993,Africa,Government of Kenya,0,0,0,0,0,0,0,1,5,286,1,1,1,287,25.1,1,1
501,Kenya,1994,Africa,Government of Kenya,0,0,0,0,0,0,0,1,1,28,1,1,6,34,25.1,1,1
501,Kenya,1995,Africa,Government of Kenya,0,0,0,0,0,0,0,1,2,56,1,1,4,60,25.1,1,1
501,Kenya,1996,Africa,Government of Kenya,0,0,0,0,0,0,0,1,6,167,1,1,3,170,25.1,1,1
501,Kenya,1997,Africa,Government of Kenya,0,0,0,0,0,0,0,1,4,202,1,1,10,212,25.1,1,1
501,Kenya,1998,Africa,Government of Kenya,0,0,0,0,0,0,0,1,4,322,0,0,0,322,25.1,1,1
501,Kenya,1999,Africa,Government of Kenya,1,1,18,1,18,0,0,1,4,211,0,0,0,229,25.1,1,1
501,Kenya,2000,Africa,Government of Kenya,0,0,0,0,0,0,0,1,4,253,1,2,8,261,25.1,1,1
501,Kenya,2001,Africa,Government of Kenya,1,1,10,1,10,0,0,1,4,181,1,1,1,192,25.1,1,1
501,Kenya,2002,Africa,Government of Kenya,0,0,0,0,0,0,0,1,2,32,1,1,13,45,25.1,1,1
501,Kenya,2003,Africa,Government of Kenya,0,0,0,0,0,0,0,1,1,7,0,0,0,7,25.1,1,1
501,Kenya,2004,Africa,Government of Kenya,0,0,0,0,0,0,0,1,3,20,0,0,0,20,25.1,1,1
501,Kenya,2005,Africa,Government of Kenya,0,0,0,0,0,0,0,1,7,208,1,1,7,215,25.1,1,1
501,Kenya,2006,Africa,Government of Kenya,0,0,0,0,0,0,0,1,6,195,1,2,24,219,25.1,1,1
501,Kenya,2007,Africa,Government of Kenya,1,1,1,1,1,0,0,1,4,65,1,3,134,200,25.1,1,1
501,Kenya,2008,Africa,Government of Kenya,0,0,0,0,0,0,0,1,15,483,1,4,300,783,25.1,1,1
501,Kenya,2009,Africa,Government of Kenya,0,0,0,0,0,0,0,1,5,130,1,2,40,170,25.1,1,1
501,Kenya,2010,Africa,Government of Kenya,0,0,0,0,0,0,0,1,5,87,0,0,0,87,25.1,1,1
501,Kenya,2011,Africa,Government of Kenya,1,2,2,1,2,0,0,1,5,133,1,2,9,144,25.1,1,1
501,Kenya,2012,Africa,Government of Kenya,1,1,29,1,29,0,0,1,8,247,1,1,33,309,25.1,1,1
501,Kenya,2013,Africa,Government of Kenya,1,1,29,1,29,0,0,1,7,175,1,2,63,267,25.1,1,1
501,Kenya,2014,Africa,Government of Kenya,1,1,42,1,42,0,0,1,6,156,1,2,146,344,25.1,1,1
501,Kenya,2015,Africa,Government of Kenya,1,3,48,1,48,0,0,1,3,167,1,1,174,389,25.1,1,1
501,Kenya,2016,Africa,Government of Kenya,1,1,49,1,49,0,0,1,4,45,1,2,36,130,25.1,1,1
501,Kenya,2017,Africa,Government of Kenya,1,1,85,1,85,0,0,1,6,69,1,3,74,228,25.1,1,1
501,Kenya,2018,Africa,Government of Kenya,1,1,69,1,69,0,0,1,6,58,1,2,37,164,25.1,1,1
501,Kenya,2019,Africa,Government of Kenya,1,1,61,1,61,0,0,1,6,97,1,2,30,188,25.1,1,1
501,Kenya,2020,Africa,Government of Kenya,1,1,94,1,94,0,0,1,3,27,1,2,30,151,25.1,1,1
501,Kenya,2021,Africa,Government of Kenya,1,1,75,1,75,0,0,1,5,49,1,2,11,135,25.1,1,1
501,Kenya,2022,Africa,Government of Kenya,1,2,72,1,72,0,0,1,1,5,1,2,24,101,25.1,1,1
501,Kenya,2023,Africa,Government of Kenya,1,2,202,1,202,0,0,0,0,0,1,2,22,224,25.1,1,1
510,Tanzania,1989,Africa,Government of Tanzania,0,0,0,0,0,0,0,0,0,0,0,0,0,0,25.1,0,0
510,Tanzania,1990,Africa,Government of Tanzania,0,0,0,0,0,0,0,0,0,0,0,0,0,0,25.1,0,0
510,Tanzania,1991,Africa,Government of Tanzania,0,0,0,0,0,0,0,0,0,0,0,0,0,0,25.1,0,1
510,Tanzania,1992,Africa,Government of Tanzania,0,0,0,0,0,0,0,0,0,0,1,1,1,1,25.1,1,0
510,Tanzania,1993,Africa,Government of Tanzania,0,0,0,0,0,0,0,0,0,0,0,0,0,0,25.1,0,0
510,Tanzania,1994,Africa,Government of Tanzania,0,0,0,0,0,0,0,0,0,0,0,0,0,0,25.1,0,0
510,Tanzania,1995,Africa,Government of Tanzania,0,0,0,0,0,0,0,0,0,0,0,0,0,0,25.1,0,1
510,Tanzania,1996,Africa,Government of Tanzania,0,0,0,0,0,0,0,1,1,10,0,0,0,10,25.1,1,1
510,Tanzania,1997,Africa,Government of Tanzania,0,0,0,0,0,0,0,0,0,0,1,1,3,3,25.1,1,0
510,Tanzania,1998,Africa,Government of Tanzania,0,0,0,0,0,0,0,0,0,0,0,0,0,0,25.1,0,1
510,Tanzania,1999,Africa,Government of Tanzania,0,0,0,0,0,0,0,0,0,0,1,1,0,0,25.1,1,0
510,Tanzania,2000,Africa,Government of Tanzania,0,0,0,0,0,0,0,0,0,0,0,0,0,0,25.1,0,1
510,Tanzania,2001,Africa,Government of Tanzania,0,0,0,0,0,0,0,0,0,0,1,1,37,37,25.1,1,0
510,Tanzania,2002,Africa,Government of Tanzania,0,0,0,0,0,0,0,0,0,0,0,0,0,0,25.1,0,0
510,Tanzania,2003,Africa,Government of Tanzania,0,0,0,0,0,0,0,0,0,0,0,0,0,0,25.1,0,0
510,Tanzania,2004,Africa,Government of Tanzania,0,0,0,0,0,0,0,0,0,0,0,0,0,0,25.1,0,0
510,Tanzania,2005,Africa,Government of Tanzania,0,0,0,0,0,0,0,0,0,0,0,0,0,0,25.1,0,0
510,Tanzania,2006,Africa,Government of Tanzania,0,0,0,0,0,0,0,0,0,0,0,0,0,0,25.1,0,1
510,Tanzania,2007,Africa,Government of Tanzania,0,0,0,0,0,0,0,0,0,0,1,1,3,3,25.1,1,0
510,Tanzania,2008,Africa,Government of Tanzania,0,0,0,0,0,0,0,0,0,0,0,0,0,0,25.1,0,0
510,Tanzania,2009,Africa,Government of Tanzania,0,0,0,0,0,0,0,0,0,0,0,0,0,0,25.1,0,0
510,Tanzania,2010,Africa,Government of Tanzania,0,0,0,0,0,0,0,0,0,0,0,0,0,0,25.1,0,0
510,Tanzania,2011,Africa,Government of Tanzania,0,0,0,0,0,0,0,0,0,0,0,0,0,0,25.1,0,1
510,Tanzania,2012,Africa,Government of Tanzania,0,0,0,0,0,0,0,0,0,0,1,1,1,1,25.1,1,0
510,Tanzania,2013,Africa,Government of Tanzania,0,0,0,0,0,0,0,0,0,0,0,0,0,0,25.1,0,1
510,Tanzania,2014,Africa,Government of Tanzania,0,0,0,0,0,0,0,0,0,0,1,1,10,10,25.1,1,0
510,Tanzania,2015,Africa,Government of Tanzania,0,0,0,0,0,0,0,0,0,0,0,0,0,0,25.1,0,0
510,Tanzania,2016,Africa,Government of Tanzania,0,0,0,0,0,0,0,0,0,0,0,0,0,0,25.1,0,1
510,Tanzania,2017,Africa,Government of Tanzania,0,0,0,0,0,0,0,0,0,0,1,1,1,1,25.1,1,1
510,Tanzania,2018,Africa,Government of Tanzania,0,0,0,0,0,0,0,0,0,0,1,1,1,1,25.1,1,1
510,Tanzania,2019,Africa,Government of Tanzania,0,0,0,0,0,0,0,0,0,0,1,2,8,8,25.1,1,1
510,Tanzania,2020,Africa,Government of Tanzania,1,1,25,1,25,0,0,0,0,0,1,1,19,44,25.1,1,1
510,Tanzania,2021,Africa,Government of Tanzania,1,1,14,1,14,0,0,0,0,0,1,1,12,26,25.1,1,1
510,Tanzania,2022,Africa,Government of Tanzania,1,1,2,1,2,0,0,0,0,0,1,1,2,4,25.1,1,0
510,Tanzania,2023,Africa,Government of Tanzania,0,0,0,0,0,0,0,0,0,0,0,0,0,0,25.1,0,1
516,Burundi,1989,Africa,Government of Burundi,0,0,0,0,0,0,0,0,0,0,0,0,0,0,25.1,0,1
516,Burundi,1990,Africa,Government of Burundi,1,1,7,1,7,0,0,0,0,0,0,0,0,7,25.1,1,1
516,Burundi,1991,Africa,Government of Burundi,1,1,272,1,272,0,0,0,0,0,1,2,70,342,25.1,1,1
516,Burundi,1992,Africa,Government of Burundi,1,1,61,1,61,0,0,0,0,0,0,0,0,61,25.1,1,1
516,Burundi,1993,Africa,Government of Burundi,1,2,6,1,6,0,0,1,1,4082,1,2,6130,10218,25.1,1,1
516,Burundi,1994,Africa,Government of Burundi,1,1,56,1,56,0,0,1,1,107,1,7,734,897,25.1,1,1
516,Burundi,1995,Africa,Government of Burundi,1,3,386,1,386,0,0,1,1,31,1,4,2411,2828,25.1,1,1
516,Burundi,1996,Africa,Government of Burundi,1,3,988,1,988,0,0,1,1,35,1,5,17161,18184,25.1,1,1
516,Burundi,1997,Africa,Government of Burundi,1,3,1159,1,1159,0,0,1,1,1024,1,4,2212,4395,25.1,1,1
516,Burundi,1998,Africa,Government of Burundi,1,3,843,1,843,0,0,0,0,0,1,4,954,1797,25.1,1,1
516,Burundi,1999,Africa,Government of Burundi,1,2,781,1,781,0,0,1,1,20,1,3,1051,1852,25.1,1,1
516,Burundi,2000,Africa,Government of Burundi,1,3,1530,1,1530,0,0,1,1,100,1,3,812,2442,25.1,1,1
516,Burundi,2001,Africa,Government of Burundi,1,2,1231,1,1231,0,0,0,0,0,1,3,403,1634,25.1,1,1
516,Burundi,2002,Africa,Government of Burundi,1,3,1349,1,1349,0,0,0,0,0,1,3,641,1990,25.1,1,1
516,Burundi,2003,Africa,Government of Burundi,1,3,913,1,913,0,0,1,1,64,1,3,306,1283,25.1,1,1
516,Burundi,2004,Africa,Government of Burundi,1,3,437,1,437,0,0,1,1,58,1,3,239,734,25.1,1,1
516,Burundi,2005,Africa,Government of Burundi,1,1,298,1,298,0,0,1,1,1,1,3,186,485,25.1,1,1
516,Burundi,2006,Africa,Government of Burundi,1,1,141,1,141,0,0,0,0,0,1,2,110,251,25.1,1,1
516,Burundi,2007,Africa,Government of Burundi,1,1,5,1,5,0,0,1,1,52,1,2,22,79,25.1,1,1
516,Burundi,2008,Africa,Government of Burundi,1,1,226,1,226,0,0,0,0,0,1,2,31,257,25.1,1,1
516,Burundi,2009,Africa,Government of Burundi,0,0,0,0,0,0,0,0,0,0,1,2,0,0,25.1,1,0
516,Burundi,2010,Africa,Government of Burundi,0,0,0,0,0,0,0,0,0,0,0,0,0,0,25.1,0,1
516,Burundi,2011,Africa,Government of Burundi,1,1,2,1,2,0,0,0,0,0,1,1,2,4,25.1,1,1
516,Burundi,2012,Africa,Government of Burundi,1,1,9,1,9,0,0,0,0,0,1,1,5,14,25.1,1,1
516,Burundi,2013,Africa,Government of Burundi,0,0,0,0,0,0,0,0,0,0,1,1,16,16,25.1,1,1
516,Burundi,2014,Africa,Government of Burundi,1,2,61,1,61,0,0,0,0,0,0,0,0,61,25.1,1,1
516,Burundi,2015,Africa,Government of Burundi,1,3,185,1,185,0,0,0,0,0,1,1,80,265,25.1,1,1
516,Burundi,2016,Africa,Government of Burundi,1,1,8,1,8,0,0,0,0,0,1,1,85,93,25.1,1,1
516,Burundi,2017,Africa,Government of Burundi,1,1,5,1,5,0,0,0,0,0,1,1,38,43,25.1,1,1
516,Burundi,2018,Africa,Government of Burundi,1,2,7,1,7,0,0,0,0,0,1,2,109,116,25.1,1,1
516,Burundi,2019,Africa,Government of Burundi,1,1,16,1,16,0,0,0,0,0,1,1,59,75,25.1,1,1
516,Burundi,2020,Africa,Government of Burundi,1,1,63,1,63,0,0,0,0,0,1,2,82,145,25.1,1,1
516,Burundi,2021,Africa,Government of Burundi,1,1,24,1,24,0,0,0,0,0,1,2,57,81,25.1,1,1
516,Burundi,2022,Africa,Government of Burundi,1,1,10,1,10,0,0,0,0,0,1,1,38,48,25.1,1,1
516,Burundi,2023,Africa,Government of Burundi,1,1,86,1,86,0,0,0,0,0,1,2,39,125,25.1,1,1
517,Rwanda,1989,Africa,Government of Rwanda,0,0,0,0,0,0,0,0,0,0,0,0,0,0,25.1,0,1
517,Rwanda,1990,Africa,Government of Rwanda,1,1,1126,1,1126,0,0,0,0,0,1,2,1521,2647,25.1,1,1
517,Rwanda,1991,Africa,Government of Rwanda,1,1,153,1,153,0,0,0,0,0,1,2,949,1102,25.1,1,1
517,Rwanda,1992,Africa,Government of Rwanda,1,1,87,1,87,0,0,0,0,0,1,2,560,647,25.1,1,1
517,Rwanda,1993,Africa,Government of Rwanda,1,1,353,1,353,0,0,0,0,0,1,2,624,977,25.1,1,1
517,Rwanda,1994,Africa,Government of Rwanda,1,1,1882,1,1882,0,0,0,0,0,1,3,770581,772463,25.1,1,1
517,Rwanda,1995,Africa,Government of Rwanda,0,0,0,0,0,0,0,0,0,0,1,3,4232,4232,25.1,1,1
517,Rwanda,1996,Africa,Government of Rwanda,1,1,124,1,124,0,0,1,1,11,1,2,741,876,25.1,1,1
517,Rwanda,1997,Africa,Government of Rwanda,1,1,985,1,985,0,0,1,1,81,1,2,6135,7201,25.1,1,1
517,Rwanda,1998,Africa,Government of Rwanda,1,1,1095,1,1095,0,0,0,0,0,1,2,679,1774,25.1,1,1
517,Rwanda,1999,Africa,Government of Rwanda,0,0,0,0,0,0,0,0,0,0,1,1,29,29,25.1,1,0
517,Rwanda,2000,Africa,Government of Rwanda,0,0,0,0,0,0,0,0,0,0,0,0,0,0,25.1,0,1
517,Rwanda,2001,Africa,Government of Rwanda,1,1,2044,1,2044,0,0,0,0,0,0,0,0,2044,25.1,1,0
517,Rwanda,2002,Africa,Government of Rwanda,0,0,0,0,0,0,0,0,0,0,0,0,0,0,25.1,0,0
517,Rwanda,2003,Africa,Government of Rwanda,0,0,0,0,0,0,0,0,0,0,0,0,0,0,25.1,0,1
517,Rwanda,2004,Africa,Government of Rwanda,1,1,16,1,16,0,0,0,0,0,0,0,0,16,25.1,1,0
517,Rwanda,2005,Africa,Government of Rwanda,0,0,0,0,0,0,0,0,0,0,0,0,0,0,25.1,0,0
517,Rwanda,2006,Africa,Government of Rwanda,0,0,0,0,0,0,0,0,0,0,0,0,0,0,25.1,0,0
517,Rwanda,2007,Africa,Government of Rwanda,0,0,0,0,0,0,0,0,0,0,0,0,0,0,25.1,0,0
517,Rwanda,2008,Africa,Government of Rwanda,0,0,0,0,0,0,0,0,0,0,0,0,0,0,25.1,0,1
517,Rwanda,2009,Africa,Government of Rwanda,0,0,0,0,0,0,0,0,0,0,1,1,2,2,25.1,1,0
517,Rwanda,2010,Africa,Government of Rwanda,0,0,0,0,0,0,0,0,0,0,0,0,0,0,25.1,0,1
517,Rwanda,2011,Africa,Government of Rwanda,0,0,0,0,0,0,0,0,0,0,1,1,0,0,25.1,1,1
517,Rwanda,2012,Africa,Government of Rwanda,1,2,13,1,13,0,0,0,0,0,0,0,0,13,25.1,1,1
517,Rwanda,2013,Africa,Government of Rwanda,1,1,1,1,1,0,0,0,0,0,1,1,3,4,25.1,1,0
517,Rwanda,2014,Africa,Government of Rwanda,0,0,0,0,0,0,0,0,0,0,0,0,0,0,25.1,0,0
517,Rwanda,2015,Africa,Government of Rwanda,0,0,0,0,0,0,0,0,0,0,0,0,0,0,25.1,0,1
517,Rwanda,2016,Africa,Government of Rwanda,0,0,0,0,0,0,0,0,0,0,1,1,27,27,25.1,1,1
517,Rwanda,2017,Africa,Government of Rwanda,0,0,0,0,0,0,0,0,0,0,1,1,10,10,25.1,1,1
517,Rwanda,2018,Africa,Government of Rwanda,1,2,9,1,9,0,0,0,0,0,1,1,9,18,25.1,1,1
517,Rwanda,2019,Africa,Government of Rwanda,1,1,19,1,19,0,0,0,0,0,0,0,0,19,25.1,1,0
517,Rwanda,2020,Africa,Government of Rwanda,0,0,0,0,0,0,0,0,0,0,0,0,0,0,25.1,0,1
517,Rwanda,2021,Africa,Government of Rwanda,1,1,7,1,7,0,0,0,0,0,0,0,0,7,25.1,1,1
517,Rwanda,2022,Africa,Government of Rwanda,1,2,6,1,6,0,0,0,0,0,1,1,2,8,25.1,1,0
517,Rwanda,2023,Africa,Government of Rwanda,0,0,0,0,0,0,0,0,0,0,0,0,0,0,25.1,0,1
520,Somalia,1989,Africa,Government of Somalia,1,2,373,1,373,0,0,0,0,0,1,1,688,1061,25.1,1,1
520,Somalia,1990,Africa,Government of Somalia,1,3,2650,1,2650,0,0,1,1,50,1,1,0,2700,25.1,1,1
520,Somalia,1991,Africa,Government of Somalia,1,4,8005,1,8005,0,0,0,0,0,1,2,450,8455,25.1,1,1
520,Somalia,1992,Africa,Government of Somalia,1,1,1154,1,1154,0,0,1,4,3485,1,1,90,4729,25.1,1,1
520,Somalia,1993,Africa,Government of Somalia,1,1,25,1,25,0,0,1,5,458,0,0,0,483,25.1,1,1
520,Somalia,1994,Africa,Government of Somalia,1,1,237,1,237,0,0,1,4,389,0,0,0,626,25.1,1,1
520,Somalia,1995,Africa,Government of Somalia,1,1,104,1,104,0,0,1,5,339,1,1,1,444,25.1,1,1
520,Somalia,1996,Africa,Government of Somalia,1,2,440,1,440,0,0,1,4,509,0,0,0,949,25.1,1,1
520,Somalia,1997,Africa,Government of Somalia,0,0,0,0,0,0,0,1,4,277,0,0,0,277,25.1,1,1
520,Somalia,1998,Africa,Government of Somalia,0,0,0,0,0,0,0,1,4,330,0,0,0,330,25.1,1,1
520,Somalia,1999,Africa,Government of Somalia,1,2,0,1,0,0,0,1,8,505,1,2,37,542,25.1,1,1
520,Somalia,2000,Africa,Government of Somalia,0,0,0,0,0,0,0,1,6,183,1,1,2,185,25.1,1,1
520,Somalia,2001,Africa,Government of Somalia,1,1,228,1,228,0,0,1,10,250,1,2,5,483,25.1,1,1
520,Somalia,2002,Africa,Government of Somalia,1,1,114,1,114,0,0,1,9,524,0,0,0,638,25.1,1,1
520,Somalia,2003,Africa,Government of Somalia,0,0,0,0,0,0,0,1,7,401,1,1,4,405,25.1,1,1
520,Somalia,2004,Africa,Government of Somalia,1,1,0,1,0,0,0,1,11,670,0,0,0,670,25.1,1,1
520,Somalia,2005,Africa,Government of Somalia,0,0,0,0,0,0,0,1,6,340,0,0,0,340,25.1,1,1
520,Somalia,2006,Africa,Government of Somalia,1,1,547,1,547,0,0,1,3,656,1,1,1,1204,25.1,1,1
520,Somalia,2007,Africa,Government of Somalia,1,2,1575,1,1575,0,0,1,2,20,1,2,25,1620,25.1,1,1
520,Somalia,2008,Africa,Government of Somalia,1,3,1521,1,1521,0,0,1,4,145,1,3,85,1751,25.1,1,1
520,Somalia,2009,Africa,Government of Somalia,1,4,1490,1,1490,0,0,1,4,681,1,2,33,2204,25.1,1,1
520,Somalia,2010,Africa,Government of Somalia,1,3,2150,1,2150,0,0,1,8,554,1,2,18,2722,25.1,1,1
520,Somalia,2011,Africa,Government of Somalia,1,2,1937,1,1937,0,0,1,3,109,1,2,72,2118,25.1,1,1
520,Somalia,2012,Africa,Government of Somalia,1,2,2624,1,2624,0,0,1,4,257,1,2,108,2989,25.1,1,1
520,Somalia,2013,Africa,Government of Somalia,1,2,913,1,913,0,0,0,0,0,1,3,132,1045,25.1,1,1
520,Somalia,2014,Africa,Government of Somalia,1,1,1111,1,1111,0,0,1,1,9,1,2,127,1247,25.1,1,1
520,Somalia,2015,Africa,Government of Somalia,1,2,1201,1,1201,0,0,1,1,2,1,5,51,1254,25.1,1,1
520,Somalia,2016,Africa,Government of Somalia,1,3,1943,1,1943,0,0,1,1,41,1,3,89,2073,25.1,1,1
520,Somalia,2017,Africa,Government of Somalia,1,1,1918,1,1918,0,0,1,2,49,1,2,104,2071,25.1,1,1
520,Somalia,2018,Africa,Government of Somalia,1,3,2213,1,2213,0,0,1,5,160,1,6,134,2507,25.1,1,1
520,Somalia,2019,Africa,Government of Somalia,1,3,1946,1,1946,0,0,1,7,172,1,2,101,2219,25.1,1,1
520,Somalia,2020,Africa,Government of Somalia,1,3,1945,1,1945,0,0,1,3,82,1,4,93,2120,25.1,1,1
520,Somalia,2021,Africa,Government of Somalia,1,3,2174,1,2174,0,0,1,1,3,1,4,92,2269,25.1,1,1
520,Somalia,2022,Africa,Government of Somalia,1,2,3040,1,3040,0,0,1,2,4,1,2,71,3115,25.1,1,1
520,Somalia,2023,Africa,Government of Somalia,1,2,3862,1,3862,0,0,1,3,312,1,3,42,4216,25.1,1,1
522,Djibouti,1989,Africa,Government of Djibouti,1,1,6,1,6,0,0,0,0,0,0,0,0,6,25.1,1,1
522,Djibouti,1990,Africa,Government of Djibouti,1,1,60,1,60,0,0,0,0,0,0,0,0,60,25.1,1,1
522,Djibouti,1991,Africa,Government of Djibouti,1,1,60,1,60,0,0,1,1,15,1,1,59,134,25.1,1,1
522,Djibouti,1992,Africa,Government of Djibouti,1,1,129,1,129,0,0,0,0,0,1,1,0,129,25.1,1,1
522,Djibouti,1993,Africa,Government of Djibouti,1,1,33,1,33,0,0,0,0,0,1,1,0,33,25.1,1,1
522,Djibouti,1994,Africa,Government of Djibouti,1,1,39,1,39,0,0,0,0,0,1,1,0,39,25.1,1,1
522,Djibouti,1995,Africa,Government of Djibouti,1,1,0,1,0,0,0,1,1,17,1,1,1,18,25.1,1,1
522,Djibouti,1996,Africa,Government of Djibouti,0,0,0,0,0,0,0,0,0,0,1,1,0,0,25.1,1,1
522,Djibouti,1997,Africa,Government of Djibouti,1,1,11,1,11,0,0,0,0,0,0,0,0,11,25.1,1,1
522,Djibouti,1998,Africa,Government of Djibouti,1,1,16,1,16,0,0,0,0,0,0,0,0,16,25.1,1,1
522,Djibouti,1999,Africa,Government of Djibouti,1,1,25,1,25,0,0,0,0,0,0,0,0,25,25.1,1,0
522,Djibouti,2000,Africa,Government of Djibouti,0,0,0,0,0,0,0,0,0,0,0,0,0,0,25.1,0,0
522,Djibouti,2001,Africa,Government of Djibouti,0,0,0,0,0,0,0,0,0,0,0,0,0,0,25.1,0,0
522,Djibouti,2002,Africa,Government of Djibouti,0,0,0,0,0,0,0,0,0,0,0,0,0,0,25.1,0,0
522,Djibouti,2003,Africa,Government of Djibouti,0,0,0,0,0,0,0,0,0,0,0,0,0,0,25.1,0,0
522,Djibouti,2004,Africa,Government of Djibouti,0,0,0,0,0,0,0,0,0,0,0,0,0,0,25.1,0,0
522,Djibouti,2005,Africa,Government of Djibouti,0,0,0,0,0,0,0,0,0,0,0,0,0,0,25.1,0,0
522,Djibouti,2006,Africa,Government of Djibouti,0,0,0,0,0,0,0,0,0,0,0,0,0,0,25.1,0,0
522,Djibouti,2007,Africa,Government of Djibouti,0,0,0,0,0,0,0,0,0,0,0,0,0,0,25.1,0,1
522,Djibouti,2008,Africa,Government of Djibouti,1,1,35,0,0,1,35,0,0,0,0,0,0,35,25.1,1,0
522,Djibouti,2009,Africa,Government of Djibouti,0,0,0,0,0,0,0,0,0,0,0,0,0,0,25.1,0,0
522,Djibouti,2010,Africa,Government of Djibouti,0,0,0,0,0,0,0,0,0,0,0,0,0,0,25.1,0,0
522,Djibouti,2011,Africa,Government of Djibouti,0,0,0,0,0,0,0,0,0,0,0,0,0,0,25.1,0,0
522,Djibouti,2012,Africa,Government of Djibouti,0,0,0,0,0,0,0,0,0,0,0,0,0,0,25.1,0,0
522,Djibouti,2013,Africa,Government of Djibouti,0,0,0,0,0,0,0,0,0,0,0,0,0,0,25.1,0,1
522,Djibouti,2014,Africa,Government of Djibouti,0,0,0,0,0,0,0,0,0,0,1,1,1,1,25.1,1,0
522,Djibouti,2015,Africa,Government of Djibouti,0,0,0,0,0,0,0,0,0,0,0,0,0,0,25.1,0,0
522,Djibouti,2016,Africa,Government of Djibouti,0,0,0,0,0,0,0,0,0,0,0,0,0,0,25.1,0,0
522,Djibouti,2017,Africa,Government of Djibouti,0,0,0,0,0,0,0,0,0,0,0,0,0,0,25.1,0,1
522,Djibouti,2018,Africa,Government of Djibouti,0,0,0,0,0,0,0,1,1,6,0,0,0,6,25.1,1,0
522,Djibouti,2019,Africa,Government of Djibouti,0,0,0,0,0,0,0,0,0,0,0,0,0,0,25.1,0,0
522,Djibouti,2020,Africa,Government of Djibouti,0,0,0,0,0,0,0,0,0,0,0,0,0,0,25.1,0,1
522,Djibouti,2021,Africa,Government of Djibouti,0,0,0,0,0,0,0,1,1,3,0,0,0,3,25.1,1,0
522,Djibouti,2022,Africa,Government of Djibouti,0,0,0,0,0,0,0,0,0,0,0,0,0,0,25.1,0,0
522,Djibouti,2023,Africa,Government of Djibouti,0,0,0,0,0,0,0,0,0,0,0,0,0,0,25.1,0,0
530,Ethiopia,1989,Africa,Government of Ethiopia,1,4,24358,1,24358,0,0,1,1,16,1,2,1011,25385,25.1,1,1
530,Ethiopia,1990,Africa,Government of Ethiopia,1,3,49698,1,49698,0,0,0,0,0,1,1,158,49856,25.1,1,1
530,Ethiopia,1991,Africa,Government of Ethiopia,1,5,12225,1,12225,0,0,1,5,178,1,1,37,12440,25.1,1,1
530,Ethiopia,1992,Africa,Government of Ethiopia,1,2,174,1,174,0,0,1,6,852,0,0,0,1026,25.1,1,1
530,Ethiopia,1993,Africa,Government of Ethiopia,1,2,36,1,36,0,0,1,3,71,1,1,26,133,25.1,1,1
530,Ethiopia,1994,Africa,Government of Ethiopia,1,3,76,1,76,0,0,0,0,0,0,0,0,76,25.1,1,1
530,Ethiopia,1995,Africa,Government of Ethiopia,1,3,43,1,43,0,0,1,1,1000,0,0,0,1043,25.1,1,1
530,Ethiopia,1996,Africa,Government of Ethiopia,1,3,52,1,52,0,0,1,1,13,0,0,0,65,25.1,1,1
530,Ethiopia,1997,Africa,Government of Ethiopia,1,1,6,1,6,0,0,1,2,6,0,0,0,12,25.1,1,1
530,Ethiopia,1998,Africa,Government of Ethiopia,1,3,258,1,50,1,208,1,2,766,1,1,3,1027,25.1,1,1
530,Ethiopia,1999,Africa,Government of Ethiopia,1,4,30729,1,715,1,30014,1,2,57,1,1,0,30786,25.1,1,1
530,Ethiopia,2000,Africa,Government of Ethiopia,1,3,48257,1,50,1,48207,1,8,409,1,2,0,48666,25.1,1,1
530,Ethiopia,2001,Africa,Government of Ethiopia,1,2,40,1,40,0,0,1,8,348,1,1,0,388,25.1,1,1
530,Ethiopia,2002,Africa,Government of Ethiopia,1,2,50,1,50,0,0,1,8,724,1,1,35,809,25.1,1,1
530,Ethiopia,2003,Africa,Government of Ethiopia,1,2,50,1,50,0,0,1,9,532,1,2,511,1093,25.1,1,1
530,Ethiopia,2004,Africa,Government of Ethiopia,1,2,50,1,50,0,0,1,6,181,1,1,244,475,25.1,1,1
530,Ethiopia,2005,Africa,Government of Ethiopia,1,2,83,1,83,0,0,1,5,183,1,2,24,290,25.1,1,1
530,Ethiopia,2006,Africa,Government of Ethiopia,1,2,50,1,50,0,0,1,7,360,1,1,20,430,25.1,1,1
530,Ethiopia,2007,Africa,Government of Ethiopia,1,2,177,1,177,0,0,1,7,88,1,2,235,500,25.1,1,1
530,Ethiopia,2008,Africa,Government of Ethiopia,1,2,50,1,50,0,0,1,8,260,1,1,1,311,25.1,1,1
530,Ethiopia,2009,Africa,Government of Ethiopia,1,2,515,1,515,0,0,1,6,75,0,0,0,590,25.1,1,1
530,Ethiopia,2010,Africa,Government of Ethiopia,1,2,151,1,151,0,0,1,1,1,1,1,0,152,25.1,1,1
530,Ethiopia,2011,Africa,Government of Ethiopia,1,3,51,1,51,0,0,1,1,15,0,0,0,66,25.1,1,1
530,Ethiopia,2012,Africa,Government of Ethiopia,1,2,50,1,50,0,0,1,4,253,1,1,88,391,25.1,1,1
530,Ethiopia,2013,Africa,Government of Ethiopia,1,3,77,1,77,0,0,0,0,0,1,1,11,88,25.1,1,1
530,Ethiopia,2014,Africa,Government of Ethiopia,1,3,30,1,30,0,0,1,1,100,1,1,9,139,25.1,1,1
530,Ethiopia,2015,Africa,Government of Ethiopia,1,2,49,1,49,0,0,0,0,0,1,1,258,307,25.1,1,1
530,Ethiopia,2016,Africa,Government of Ethiopia,1,2,50,1,50,0,0,1,2,178,1,1,301,529,25.1,1,1
530,Ethiopia,2017,Africa,Government of Ethiopia,1,1,0,1,0,0,0,1,5,315,1,1,173,488,25.1,1,1
530,Ethiopia,2018,Africa,Government of Ethiopia,1,2,18,1,18,0,0,1,10,509,1,1,186,713,25.1,1,1
530,Ethiopia,2019,Africa,Government of Ethiopia,1,3,67,1,67,0,0,1,5,213,1,2,145,425,25.1,1,1
530,Ethiopia,2020,Africa,Government of Ethiopia,1,2,20916,1,20916,0,0,1,11,583,1,5,2930,24429,25.1,1,1
530,Ethiopia,2021,Africa,Government of Ethiopia,1,4,124553,1,124553,0,0,1,3,157,1,6,4806,129516,25.1,1,1
530,Ethiopia,2022,Africa,Government of Ethiopia,1,4,163210,1,163210,0,0,1,4,21,1,7,1794,165025,25.1,1,1
530,Ethiopia,2023,Africa,Government of Ethiopia,1,3,1688,1,1688,0,0,1,5,189,1,3,469,2346,25.1,1,1
531,Eritrea,1993,Africa,Government of Eritrea,1,1,21,1,21,0,0,0,0,0,0,0,0,21,25.1,1,0
531,Eritrea,1994,Africa,Government of Eritrea,0,0,0,0,0,0,0,0,0,0,0,0,0,0,25.1,0,0
531,Eritrea,1995,Africa,Government of Eritrea,0,0,0,0,0,0,0,0,0,0,0,0,0,0,25.1,0,1
531,Eritrea,1996,Africa,Government of Eritrea,1,1,14,1,14,0,0,0,0,0,0,0,0,14,25.1,1,1
531,Eritrea,1997,Africa,Government of Eritrea,1,1,31,1,31,0,0,0,0,0,0,0,0,31,25.1,1,1
531,Eritrea,1998,Africa,Government of Eritrea,1,1,792,0,0,1,792,0,0,0,0,0,0,792,25.1,1,1
531,Eritrea,1999,Africa,Government of Eritrea,1,2,17203,1,25,1,17178,0,0,0,0,0,0,17203,25.1,1,1
531,Eritrea,2000,Africa,Government of Eritrea,1,1,1793,0,0,1,1793,0,0,0,1,1,0,1793,25.1,1,0
531,Eritrea,2001,Africa,Government of Eritrea,0,0,0,0,0,0,0,0,0,0,0,0,0,0,25.1,0,0
531,Eritrea,2002,Africa,Government of Eritrea,0,0,0,0,0,0,0,0,0,0,0,0,0,0,25.1,0,1
531,Eritrea,2003,Africa,Government of Eritrea,1,1,57,1,57,0,0,0,0,0,0,0,0,57,25.1,1,0
531,Eritrea,2004,Africa,Government of Eritrea,0,0,0,0,0,0,0,0,0,0,0,0,0,0,25.1,0,0
531,Eritrea,2005,Africa,Government of Eritrea,0,0,0,0,0,0,0,0,0,0,0,0,0,0,25.1,0,0
531,Eritrea,2006,Africa,Government of Eritrea,0,0,0,0,0,0,0,0,0,0,0,0,0,0,25.1,0,0
531,Eritrea,2007,Africa,Government of Eritrea,0,0,0,0,0,0,0,0,0,0,0,0,0,0,25.1,0,1
531,Eritrea,2008,Africa,Government of Eritrea,0,0,0,0,0,0,0,0,0,0,1,1,0,0,25.1,1,0
531,Eritrea,2009,Africa,Government of Eritrea,0,0,0,0,0,0,0,0,0,0,0,0,0,0,25.1,0,0
531,Eritrea,2010,Africa,Government of Eritrea,0,0,0,0,0,0,0,0,0,0,0,0,0,0,25.1,0,0
531,Eritrea,2011,Africa,Government of Eritrea,0,0,0,0,0,0,0,0,0,0,0,0,0,0,25.1,0,0
531,Eritrea,2012,Africa,Government of Eritrea,0,0,0,0,0,0,0,0,0,0,0,0,0,0,25.1,0,0
531,Eritrea,2013,Africa,Government of Eritrea,0,0,0,0,0,0,0,0,0,0,0,0,0,0,25.1,0,0
531,Eritrea,2014,Africa,Government of Eritrea,0,0,0,0,0,0,0,0,0,0,0,0,0,0,25.1,0,0
531,Eritrea,2015,Africa,Government of Eritrea,0,0,0,0,0,0,0,0,0,0,0,0,0,0,25.1,0,1
531,Eritrea,2016,Africa,Government of Eritrea,1,1,25,0,0,1,25,0,0,0,0,0,0,25,25.1,1,0
531,Eritrea,2017,Africa,Government of Eritrea,0,0,0,0,0,0,0,0,0,0,0,0,0,0,25.1,0,0
531,Eritrea,2018,Africa,Government of Eritrea,0,0,0,0,0,0,0,0,0,0,0,0,0,0,25.1,0,0
531,Eritrea,2019,Africa,Government of Eritrea,0,0,0,0,0,0,0,0,0,0,0,0,0,0,25.1,0,0
531,Eritrea,2020,Africa,Government of Eritrea,0,0,0,0,0,0,0,0,0,0,0,0,0,0,25.1,0,0
531,Eritrea,2021,Africa,Government of Eritrea,0,0,0,0,0,0,0,0,0,0,0,0,0,0,25.1,0,1
531,Eritrea,2022,Africa,Government of Eritrea,1,1,4,1,4,0,0,0,0,0,0,0,0,4,25.1,1,0
531,Eritrea,2023,Africa,Government of Eritrea,0,0,0,0,0,0,0,0,0,0,0,0,0,0,25.1,0,0
540,Angola,1989,Africa,Government of Angola,1,2,2810,1,2810,0,0,0,0,0,1,2,63,2873,25.1,1,1
540,Angola,1990,Africa,Government of Angola,1,1,2558,1,2558,0,0,0,0,0,1,1,51,2609,25.1,1,1
540,Angola,1991,Africa,Government of Angola,1,2,516,1,516,0,0,0,0,0,0,0,0,516,25.1,1,1
540,Angola,1992,Africa,Government of Angola,1,3,2346,1,2346,0,0,0,0,0,1,2,6,2352,25.1,1,1
540,Angola,1993,Africa,Government of Angola,1,1,12054,1,12054,0,0,0,0,0,1,2,344,12398,25.1,1,1
540,Angola,1994,Africa,Government of Angola,1,3,3974,1,3974,0,0,0,0,0,1,2,35,4009,25.1,1,1
540,Angola,1995,Africa,Government of Angola,1,3,191,1,191,0,0,0,0,0,1,1,47,238,25.1,1,1
540,Angola,1996,Africa,Government of Angola,1,2,31,1,31,0,0,0,0,0,1,2,1,32,25.1,1,1
540,Angola,1997,Africa,Government of Angola,1,3,51,1,51,0,0,0,0,0,1,2,54,105,25.1,1,1
540,Angola,1998,Africa,Government of Angola,1,3,1087,1,1087,0,0,0,0,0,1,2,104,1191,25.1,1,1
540,Angola,1999,Africa,Government of Angola,1,2,2272,1,2272,0,0,0,0,0,1,2,394,2666,25.1,1,1
540,Angola,2000,Africa,Government of Angola,1,2,951,1,951,0,0,0,0,0,1,2,258,1209,25.1,1,1
540,Angola,2001,Africa,Government of Angola,1,3,1125,1,1125,0,0,0,0,0,1,1,1033,2158,25.1,1,1
540,Angola,2002,Africa,Government of Angola,1,3,521,1,521,0,0,0,0,0,1,2,58,579,25.1,1,1
540,Angola,2003,Africa,Government of Angola,1,1,25,1,25,0,0,0,0,0,1,1,59,84,25.1,1,1
540,Angola,2004,Africa,Government of Angola,1,2,25,1,25,0,0,0,0,0,1,1,13,38,25.1,1,1
540,Angola,2005,Africa,Government of Angola,1,1,8,1,8,0,0,0,0,0,1,1,7,15,25.1,1,1
540,Angola,2006,Africa,Government of Angola,1,1,3,1,3,0,0,0,0,0,1,1,0,3,25.1,1,1
540,Angola,2007,Africa,Government of Angola,1,1,25,1,25,0,0,0,0,0,1,1,1,26,25.1,1,1
540,Angola,2008,Africa,Government of Angola,1,1,4,1,4,0,0,0,0,0,0,0,0,4,25.1,1,1
540,Angola,2009,Africa,Government of Angola,1,1,25,1,25,0,0,0,0,0,0,0,0,25,25.1,1,1
540,Angola,2010,Africa,Government of Angola,1,2,7,1,7,0,0,0,0,0,1,1,3,10,25.1,1,1
540,Angola,2011,Africa,Government of Angola,1,2,1,1,1,0,0,0,0,0,0,0,0,1,25.1,1,0
540,Angola,2012,Africa,Government of Angola,0,0,0,0,0,0,0,0,0,0,0,0,0,0,25.1,0,1
540,Angola,2013,Africa,Government of Angola,1,1,2,1,2,0,0,0,0,0,0,0,0,2,25.1,1,1
540,Angola,2014,Africa,Government of Angola,1,1,0,1,0,0,0,0,0,0,0,0,0,0,25.1,1,1
540,Angola,2015,Africa,Government of Angola,1,2,1,1,1,0,0,0,0,0,0,0,0,1,25.1,1,1
540,Angola,2016,Africa,Government of Angola,1,1,25,1,25,0,0,0,0,0,1,1,1,26,25.1,1,1
540,Angola,2017,Africa,Government of Angola,1,1,25,1,25,0,0,0,0,0,1,1,1,26,25.1,1,1
540,Angola,2018,Africa,Government of Angola,1,1,1,1,1,0,0,0,0,0,1,1,23,24,25.1,1,1
540,Angola,2019,Africa,Government of Angola,1,2,25,1,25,0,0,0,0,0,1,1,1,26,25.1,1,1
540,Angola,2020,Africa,Government of Angola,1,2,21,1,21,0,0,0,0,0,1,1,8,29,25.1,1,1
540,Angola,2021,Africa,Government of Angola,0,0,0,0,0,0,0,0,0,0,1,1,13,13,25.1,1,1
540,Angola,2022,Africa,Government of Angola,1,2,20,1,20,0,0,0,0,0,1,1,1,21,25.1,1,1
540,Angola,2023,Africa,Government of Angola,1,1,0,1,0,0,0,0,0,0,0,0,0,0,25.1,1,1
541,Mozambique,1989,Africa,Government of Mozambique,1,1,1149,1,1149,0,0,0,0,0,1,1,403,1552,25.1,1,1
541,Mozambique,1990,Africa,Government of Mozambique,1,1,1577,1,1577,0,0,0,0,0,1,1,182,1759,25.1,1,1
541,Mozambique,1991,Africa,Government of Mozambique,1,1,1326,1,1326,0,0,1,1,88,1,1,547,1961,25.1,1,1
541,Mozambique,1992,Africa,Government of Mozambique,1,1,309,1,309,0,0,0,0,0,1,1,212,521,25.1,1,1
541,Mozambique,1993,Africa,Government of Mozambique,0,0,0,0,0,0,0,0,0,0,1,1,2,2,25.1,1,1
541,Mozambique,1994,Africa,Government of Mozambique,0,0,0,0,0,0,0,0,0,0,1,1,2,2,25.1,1,1
541,Mozambique,1995,Africa,Government of Mozambique,0,0,0,0,0,0,0,0,0,0,1,1,1,1,25.1,1,0
541,Mozambique,1996,Africa,Government of Mozambique,0,0,0,0,0,0,0,0,0,0,0,0,0,0,25.1,0,0
541,Mozambique,1997,Africa,Government of Mozambique,0,0,0,0,0,0,0,0,0,0,0,0,0,0,25.1,0,0
541,Mozambique,1998,Africa,Government of Mozambique,0,0,0,0,0,0,0,0,0,0,0,0,0,0,25.1,0,0
541,Mozambique,1999,Africa,Government of Mozambique,0,0,0,0,0,0,0,0,0,0,0,0,0,0,25.1,0,0
541,Mozambique,2000,Africa,Government of Mozambique,0,0,0,0,0,0,0,0,0,0,0,0,0,0,25.1,0,0
541,Mozambique,2001,Africa,Government of Mozambique,0,0,0,0,0,0,0,0,0,0,0,0,0,0,25.1,0,0
541,Mozambique,2002,Africa,Government of Mozambique,0,0,0,0,0,0,0,0,0,0,0,0,0,0,25.1,0,0
541,Mozambique,2003,Africa,Government of Mozambique,0,0,0,0,0,0,0,0,0,0,0,0,0,0,25.1,0,1
541,Mozambique,2004,Africa,Government of Mozambique,1,1,1,1,1,0,0,0,0,0,0,0,0,1,25.1,1,1
541,Mozambique,2005,Africa,Government of Mozambique,1,1,12,1,12,0,0,0,0,0,1,1,1,13,25.1,1,0
541,Mozambique,2006,Africa,Government of Mozambique,0,0,0,0,0,0,0,0,0,0,0,0,0,0,25.1,0,0
541,Mozambique,2007,Africa,Government of Mozambique,0,0,0,0,0,0,0,0,0,0,0,0,0,0,25.1,0,0
541,Mozambique,2008,Africa,Government of Mozambique,0,0,0,0,0,0,0,0,0,0,0,0,0,0,25.1,0,0
541,Mozambique,2009,Africa,Government of Mozambique,0,0,0,0,0,0,0,0,0,0,0,0,0,0,25.1,0,1
541,Mozambique,2010,Africa,Government of Mozambique,0,0,0,0,0,0,0,0,0,0,1,1,7,7,25.1,1,0
541,Mozambique,2011,Africa,Government of Mozambique,0,0,0,0,0,0,0,0,0,0,0,0,0,0,25.1,0,1
541,Mozambique,2012,Africa,Government of Mozambique,1,1,2,1,2,0,0,0,0,0,0,0,0,2,25.1,1,1
541,Mozambique,2013,Africa,Government of Mozambique,1,1,42,1,42,0,0,0,0,0,1,2,3,45,25.1,1,1
541,Mozambique,2014,Africa,Government of Mozambique,1,1,30,1,30,0,0,0,0,0,1,1,3,33,25.1,1,0
541,Mozambique,2015,Africa,Government of Mozambique,0,0,0,0,0,0,0,0,0,0,0,0,0,0,25.1,0,1
541,Mozambique,2016,Africa,Government of Mozambique,1,1,55,1,55,0,0,0,0,0,1,2,13,68,25.1,1,1
541,Mozambique,2017,Africa,Government of Mozambique,0,0,0,0,0,0,0,0,0,0,1,2,3,3,25.1,1,1
541,Mozambique,2018,Africa,Government of Mozambique,1,1,51,1,51,0,0,0,0,0,1,2,120,171,25.1,1,1
541,Mozambique,2019,Africa,Government of Mozambique,1,2,291,1,291,0,0,0,0,0,1,3,306,597,25.1,1,1
541,Mozambique,2020,Africa,Government of Mozambique,1,1,939,1,939,0,0,0,0,0,1,2,688,1627,25.1,1,1
541,Mozambique,2021,Africa,Government of Mozambique,1,1,867,1,867,0,0,0,0,0,1,2,1051,1918,25.1,1,1
541,Mozambique,2022,Africa,Government of Mozambique,1,1,378,1,378,0,0,1,1,25,1,4,314,717,25.1,1,1
541,Mozambique,2023,Africa,Government of Mozambique,1,2,176,1,176,0,0,1,1,30,1,2,65,271,25.1,1,1
551,Zambia,1989,Africa,Government of Zambia,0,0,0,0,0,0,0,0,0,0,1,1,87,87,25.1,1,1
551,Zambia,1990,Africa,Government of Zambia,0,0,0,0,0,0,0,0,0,0,1,1,40,40,25.1,1,0
551,Zambia,1991,Africa,Government of Zambia,0,0,0,0,0,0,0,0,0,0,0,0,0,0,25.1,0,0
551,Zambia,1992,Africa,Government of Zambia,0,0,0,0,0,0,0,0,0,0,0,0,0,0,25.1,0,1
551,Zambia,1993,Africa,Government of Zambia,0,0,0,0,0,0,0,0,0,0,1,1,1,1,25.1,1,0
551,Zambia,1994,Africa,Government of Zambia,0,0,0,0,0,0,0,0,0,0,0,0,0,0,25.1,0,0
551,Zambia,1995,Africa,Government of Zambia,0,0,0,0,0,0,0,0,0,0,0,0,0,0,25.1,0,0
551,Zambia,1996,Africa,Government of Zambia,0,0,0,0,0,0,0,0,0,0,0,0,0,0,25.1,0,0
551,Zambia,1997,Africa,Government of Zambia,0,0,0,0,0,0,0,0,0,0,0,0,0,0,25.1,0,0
551,Zambia,1998,Africa,Government of Zambia,0,0,0,0,0,0,0,0,0,0,0,0,0,0,25.1,0,0
551,Zambia,1999,Africa,Government of Zambia,0,0,0,0,0,0,0,0,0,0,0,0,0,0,25.1,0,1
551,Zambia,2000,Africa,Government of Zambia,0,0,0,0,0,0,0,0,0,0,1,1,1,1,25.1,1,1
551,Zambia,2001,Africa,Government of Zambia,0,0,0,0,0,0,0,0,0,0,1,1,7,7,25.1,1,0
551,Zambia,2002,Africa,Government of Zambia,0,0,0,0,0,0,0,0,0,0,0,0,0,0,25.1,0,0
551,Zambia,2003,Africa,Government of Zambia,0,0,0,0,0,0,0,0,0,0,0,0,0,0,25.1,0,0
551,Zambia,2004,Africa,Government of Zambia,0,0,0,0,0,0,0,0,0,0,0,0,0,0,25.1,0,0
551,Zambia,2005,Africa,Government of Zambia,0,0,0,0,0,0,0,0,0,0,0,0,0,0,25.1,0,0
551,Zambia,2006,Africa,Government of Zambia,0,0,0,0,0,0,0,0,0,0,0,0,0,0,25.1,0,0
551,Zambia,2007,Africa,Government of Zambia,0,0,0,0,0,0,0,0,0,0,0,0,0,0,25.1,0,0
551,Zambia,2008,Africa,Government of Zambia,0,0,0,0,0,0,0,0,0,0,0,0,0,0,25.1,0,0
551,Zambia,2009,Africa,Government of Zambia,0,0,0,0,0,0,0,0,0,0,0,0,0,0,25.1,0,0
551,Zambia,2010,Africa,Government of Zambia,0,0,0,0,0,0,0,0,0,0,0,0,0,0,25.1,0,0
551,Zambia,2011,Africa,Government of Zambia,0,0,0,0,0,0,0,0,0,0,0,0,0,0,25.1,0,0
551,Zambia,2012,Africa,Government of Zambia,0,0,0,0,0,0,0,0,0,0,0,0,0,0,25.1,0,0
551,Zambia,2013,Africa,Government of Zambia,0,0,0,0,0,0,0,0,0,0,0,0,0,0,25.1,0,0
551,Zambia,2014,Africa,Government of Zambia,0,0,0,0,0,0,0,0,0,0,0,0,0,0,25.1,0,0
551,Zambia,2015,Africa,Government of Zambia,0,0,0,0,0,0,0,0,0,0,0,0,0,0,25.1,0,0
551,Zambia,2016,Africa,Government of Zambia,0,0,0,0,0,0,0,0,0,0,0,0,0,0,25.1,0,0
551,Zambia,2017,Africa,Government of Zambia,0,0,0,0,0,0,0,0,0,0,0,0,0,0,25.1,0,0
551,Zambia,2018,Africa,Government of Zambia,0,0,0,0,0,0,0,0,0,0,0,0,0,0,25.1,0,0
551,Zambia,2019,Africa,Government of Zambia,0,0,0,0,0,0,0,0,0,0,0,0,0,0,25.1,0,0
551,Zambia,2020,Africa,Government of Zambia,0,0,0,0,0,0,0,0,0,0,0,0,0,0,25.1,0,0
551,Zambia,2021,Africa,Government of Zambia,0,0,0,0,0,0,0,0,0,0,0,0,0,0,25.1,0,0
551,Zambia,2022,Africa,Government of Zambia,0,0,0,0,0,0,0,0,0,0,0,0,0,0,25.1,0,0
551,Zambia,2023,Africa,Government of Zambia,0,0,0,0,0,0,0,0,0,0,0,0,0,0,25.1,0,0
552,Zimbabwe (Rhodesia),1989,Africa,Government of Zimbabwe (Rhodesia),0,0,0,0,0,0,0,0,0,0,1,1,37,37,25.1,1,1
552,Zimbabwe (Rhodesia),1990,Africa,Government of Zimbabwe (Rhodesia),0,0,0,0,0,0,0,0,0,0,1,1,14,14,25.1,1,0
552,Zimbabwe (Rhodesia),1991,Africa,Government of Zimbabwe (Rhodesia),0,0,0,0,0,0,0,0,0,0,0,0,0,0,25.1,0,0
552,Zimbabwe (Rhodesia),1992,Africa,Government of Zimbabwe (Rhodesia),0,0,0,0,0,0,0,0,0,0,0,0,0,0,25.1,0,0
552,Zimbabwe (Rhodesia),1993,Africa,Government of Zimbabwe (Rhodesia),0,0,0,0,0,0,0,0,0,0,0,0,0,0,25.1,0,0
552,Zimbabwe (Rhodesia),1994,Africa,Government of Zimbabwe (Rhodesia),0,0,0,0,0,0,0,0,0,0,0,0,0,0,25.1,0,1
552,Zimbabwe (Rhodesia),1995,Africa,Government of Zimbabwe (Rhodesia),0,0,0,0,0,0,0,0,0,0,1,1,4,4,25.1,1,0
552,Zimbabwe (Rhodesia),1996,Africa,Government of Zimbabwe (Rhodesia),0,0,0,0,0,0,0,0,0,0,0,0,0,0,25.1,0,0
552,Zimbabwe (Rhodesia),1997,Africa,Government of Zimbabwe (Rhodesia),0,0,0,0,0,0,0,0,0,0,0,0,0,0,25.1,0,1
552,Zimbabwe (Rhodesia),1998,Africa,Government of Zimbabwe (Rhodesia),0,0,0,0,0,0,0,0,0,0,1,1,1,1,25.1,1,1
552,Zimbabwe (Rhodesia),1999,Africa,Government of Zimbabwe (Rhodesia),0,0,0,0,0,0,0,0,0,0,1,1,1,1,25.1,1,0
552,Zimbabwe (Rhodesia),2000,Africa,Government of Zimbabwe (Rhodesia),0,0,0,0,0,0,0,0,0,0,0,0,0,0,25.1,0,1
552,Zimbabwe (Rhodesia),2001,Africa,Government of Zimbabwe (Rhodesia),0,0,0,0,0,0,0,0,0,0,1,1,0,0,25.1,1,0
552,Zimbabwe (Rhodesia),2002,Africa,Government of Zimbabwe (Rhodesia),0,0,0,0,0,0,0,0,0,0,0,0,0,0,25.1,0,1
552,Zimbabwe (Rhodesia),2003,Africa,Government of Zimbabwe (Rhodesia),0,0,0,0,0,0,0,0,0,0,1,1,0,0,25.1,1,0
552,Zimbabwe (Rhodesia),2004,Africa,Government of Zimbabwe (Rhodesia),0,0,0,0,0,0,0,0,0,0,0,0,0,0,25.1,0,0
552,Zimbabwe (Rhodesia),2005,Africa,Government of Zimbabwe (Rhodesia),0,0,0,0,0,0,0,0,0,0,0,0,0,0,25.1,0,0
552,Zimbabwe (Rhodesia),2006,Africa,Government of Zimbabwe (Rhodesia),0,0,0,0,0,0,0,0,0,0,0,0,0,0,25.1,0,1
552,Zimbabwe (Rhodesia),2007,Africa,Government of Zimbabwe (Rhodesia),0,0,0,0,0,0,0,0,0,0,1,1,0,0,25.1,1,1
552,Zimbabwe (Rhodesia),2008,Africa,Government of Zimbabwe (Rhodesia),0,0,0,0,0,0,0,0,0,0,1,1,253,253,25.1,1,1
552,Zimbabwe (Rhodesia),2009,Africa,Government of Zimbabwe (Rhodesia),0,0,0,0,0,0,0,0,0,0,1,1,0,0,25.1,1,0
552,Zimbabwe (Rhodesia),2010,Africa,Government of Zimbabwe (Rhodesia),0,0,0,0,0,0,0,0,0,0,0,0,0,0,25.1,0,1
552,Zimbabwe (Rhodesia),2011,Africa,Government of Zimbabwe (Rhodesia),0,0,0,0,0,0,0,0,0,0,1,1,1,1,25.1,1,1
552,Zimbabwe (Rhodesia),2012,Africa,Government of Zimbabwe (Rhodesia),0,0,0,0,0,0,0,0,0,0,1,1,1,1,25.1,1,0
552,Zimbabwe (Rhodesia),2013,Africa,Government of Zimbabwe (Rhodesia),0,0,0,0,0,0,0,0,0,0,0,0,0,0,25.1,0,0
552,Zimbabwe (Rhodesia),2014,Africa,Government of Zimbabwe (Rhodesia),0,0,0,0,0,0,0,0,0,0,0,0,0,0,25.1,0,0
552,Zimbabwe (Rhodesia),2015,Africa,Government of Zimbabwe (Rhodesia),0,0,0,0,0,0,0,0,0,0,0,0,0,0,25.1,0,0
552,Zimbabwe (Rhodesia),2016,Africa,Government of Zimbabwe (Rhodesia),0,0,0,0,0,0,0,0,0,0,0,0,0,0,25.1,0,0
552,Zimbabwe (Rhodesia),2017,Africa,Government of Zimbabwe (Rhodesia),0,0,0,0,0,0,0,0,0,0,0,0,0,0,25.1,0,1
552,Zimbabwe (Rhodesia),2018,Africa,Government of Zimbabwe (Rhodesia),0,0,0,0,0,0,0,0,0,0,1,1,4,4,25.1,1,1
552,Zimbabwe (Rhodesia),2019,Africa,Government of Zimbabwe (Rhodesia),0,0,0,0,0,0,0,0,0,0,1,1,8,8,25.1,1,1
552,Zimbabwe (Rhodesia),2020,Africa,Government of Zimbabwe (Rhodesia),0,0,0,0,0,0,0,0,0,0,1,1,2,2,25.1,1,0
552,Zimbabwe (Rhodesia),2021,Africa,Government of Zimbabwe (Rhodesia),0,0,0,0,0,0,0,0,0,0,0,0,0,0,25.1,0,0
552,Zimbabwe (Rhodesia),2022,Africa,Government of Zimbabwe (Rhodesia),0,0,0,0,0,0,0,0,0,0,0,0,0,0,25.1,0,0
552,Zimbabwe (Rhodesia),2023,Africa,Government of Zimbabwe (Rhodesia),0,0,0,0,0,0,0,0,0,0,0,0,0,0,25.1,0,0
553,Malawi,1989,Africa,Government of Malawi,0,0,0,0,0,0,0,0,0,0,0,0,0,0,25.1,0,0
553,Malawi,1990,Africa,Government of Malawi,0,0,0,0,0,0,0,0,0,0,0,0,0,0,25.1,0,0
553,Malawi,1991,Africa,Government of Malawi,0,0,0,0,0,0,0,0,0,0,0,0,0,0,25.1,0,0
553,Malawi,1992,Africa,Government of Malawi,0,0,0,0,0,0,0,0,0,0,0,0,0,0,25.1,0,0
553,Malawi,1993,Africa,Government of Malawi,0,0,0,0,0,0,0,0,0,0,0,0,0,0,25.1,0,0
553,Malawi,1994,Africa,Government of Malawi,0,0,0,0,0,0,0,0,0,0,0,0,0,0,25.1,0,0
553,Malawi,1995,Africa,Government of Malawi,0,0,0,0,0,0,0,0,0,0,0,0,0,0,25.1,0,0
553,Malawi,1996,Africa,Government of Malawi,0,0,0,0,0,0,0,0,0,0,0,0,0,0,25.1,0,0
553,Malawi,1997,Africa,Government of Malawi,0,0,0,0,0,0,0,0,0,0,0,0,0,0,25.1,0,0
553,Malawi,1998,Africa,Government of Malawi,0,0,0,0,0,0,0,0,0,0,0,0,0,0,25.1,0,0
553,Malawi,1999,Africa,Government of Malawi,0,0,0,0,0,0,0,0,0,0,0,0,0,0,25.1,0,0
553,Malawi,2000,Africa,Government of Malawi,0,0,0,0,0,0,0,0,0,0,0,0,0,0,25.1,0,0
553,Malawi,2001,Africa,Government of Malawi,0,0,0,0,0,0,0,0,0,0,0,0,0,0,25.1,0,0
553,Malawi,2002,Africa,Government of Malawi,0,0,0,0,0,0,0,0,0,0,0,0,0,0,25.1,0,0
553,Malawi,2003,Africa,Government of Malawi,0,0,0,0,0,0,0,0,0,0,0,0,0,0,25.1,0,0
553,Malawi,2004,Africa,Government of Malawi,0,0,0,0,0,0,0,0,0,0,0,0,0,0,25.1,0,0
553,Malawi,2005,Africa,Government of Malawi,0,0,0,0,0,0,0,0,0,0,0,0,0,0,25.1,0,0
553,Malawi,2006,Africa,Government of Malawi,0,0,0,0,0,0,0,0,0,0,0,0,0,0,25.1,0,0
553,Malawi,2007,Africa,Government of Malawi,0,0,0,0,0,0,0,0,0,0,0,0,0,0,25.1,0,0
553,Malawi,2008,Africa,Government of Malawi,0,0,0,0,0,0,0,0,0,0,0,0,0,0,25.1,0,0
553,Malawi,2009,Africa,Government of Malawi,0,0,0,0,0,0,0,0,0,0,0,0,0,0,25.1,0,0
553,Malawi,2010,Africa,Government of Malawi,0,0,0,0,0,0,0,0,0,0,0,0,0,0,25.1,0,0
553,Malawi,2011,Africa,Government of Malawi,0,0,0,0,0,0,0,0,0,0,0,0,0,0,25.1,0,0
553,Malawi,2012,Africa,Government of Malawi,0,0,0,0,0,0,0,0,0,0,0,0,0,0,25.1,0,0
553,Malawi,2013,Africa,Government of Malawi,0,0,0,0,0,0,0,0,0,0,0,0,0,0,25.1,0,0
553,Malawi,2014,Africa,Government of Malawi,0,0,0,0,0,0,0,0,0,0,0,0,0,0,25.1,0,0
553,Malawi,2015,Africa,Government of Malawi,0,0,0,0,0,0,0,0,0,0,0,0,0,0,25.1,0,0
553,Malawi,2016,Africa,Government of Malawi,0,0,0,0,0,0,0,0,0,0,0,0,0,0,25.1,0,0
553,Malawi,2017,Africa,Government of Malawi,0,0,0,0,0,0,0,0,0,0,0,0,0,0,25.1,0,0
553,Malawi,2018,Africa,Government of Malawi,0,0,0,0,0,0,0,0,0,0,0,0,0,0,25.1,0,0
553,Malawi,2019,Africa,Government of Malawi,0,0,0,0,0,0,0,0,0,0,0,0,0,0,25.1,0,0
553,Malawi,2020,Africa,Government of Malawi,0,0,0,0,0,0,0,0,0,0,0,0,0,0,25.1,0,0
553,Malawi,2021,Africa,Government of Malawi,0,0,0,0,0,0,0,0,0,0,0,0,0,0,25.1,0,0
553,Malawi,2022,Africa,Government of Malawi,0,0,0,0,0,0,0,0,0,0,0,0,0,0,25.1,0,0
553,Malawi,2023,Africa,Government of Malawi,0,0,0,0,0,0,0,0,0,0,0,0,0,0,25.1,0,0
560,South Africa,1989,Africa,Government of South Africa,1,1,361,1,361,0,0,1,3,227,1,2,57,645,25.1,1,1
560,South Africa,1990,Africa,Government of South Africa,0,0,0,0,0,0,0,1,3,1243,1,5,216,1459,25.1,1,1
560,South Africa,1991,Africa,Government of South Africa,0,0,0,0,0,0,0,1,4,659,1,5,78,737,25.1,1,1
560,South Africa,1992,Africa,Government of South Africa,0,0,0,0,0,0,0,1,3,665,1,5,96,761,25.1,1,1
560,South Africa,1993,Africa,Government of South Africa,0,0,0,0,0,0,0,1,4,669,1,5,226,895,25.1,1,1
560,South Africa,1994,Africa,Government of South Africa,0,0,0,0,0,0,0,1,2,457,1,4,75,532,25.1,1,1
560,South Africa,1995,Africa,Government of South Africa,0,0,0,0,0,0,0,1,1,143,0,0,0,143,25.1,1,1
560,South Africa,1996,Africa,Government of South Africa,0,0,0,0,0,0,0,1,3,156,0,0,0,156,25.1,1,1
560,South Africa,1997,Africa,Government of South Africa,0,0,0,0,0,0,0,1,3,30,0,0,0,30,25.1,1,1
560,South Africa,1998,Africa,Government of South Africa,0,0,0,0,0,0,0,1,2,44,0,0,0,44,25.1,1,1
560,South Africa,1999,Africa,Government of South Africa,0,0,0,0,0,0,0,1,2,19,0,0,0,19,25.1,1,1
560,South Africa,2000,Africa,Government of South Africa,0,0,0,0,0,0,0,1,1,0,0,0,0,0,25.1,1,0
560,South Africa,2001,Africa,Government of South Africa,0,0,0,0,0,0,0,0,0,0,0,0,0,0,25.1,0,1
560,South Africa,2002,Africa,Government of South Africa,0,0,0,0,0,0,0,0,0,0,1,1,2,2,25.1,1,0
560,South Africa,2003,Africa,Government of South Africa,0,0,0,0,0,0,0,0,0,0,0,0,0,0,25.1,0,1
560,South Africa,2004,Africa,Government of South Africa,0,0,0,0,0,0,0,1,1,0,0,0,0,0,25.1,1,0
560,South Africa,2005,Africa,Government of South Africa,0,0,0,0,0,0,0,0,0,0,0,0,0,0,25.1,0,0
560,South Africa,2006,Africa,Government of South Africa,0,0,0,0,0,0,0,0,0,0,0,0,0,0,25.1,0,0
560,South Africa,2007,Africa,Government of South Africa,0,0,0,0,0,0,0,0,0,0,0,0,0,0,25.1,0,0
560,South Africa,2008,Africa,Government of South Africa,0,0,0,0,0,0,0,0,0,0,0,0,0,0,25.1,0,0
560,South Africa,2009,Africa,Government of South Africa,0,0,0,0,0,0,0,0,0,0,0,0,0,0,25.1,0,1
560,South Africa,2010,Africa,Government of South Africa,0,0,0,0,0,0,0,0,0,0,1,1,1,1,25.1,1,0
560,South Africa,2011,Africa,Government of South Africa,0,0,0,0,0,0,0,0,0,0,0,0,0,0,25.1,0,0
560,South Africa,2012,Africa,Government of South Africa,0,0,0,0,0,0,0,0,0,0,0,0,0,0,25.1,0,0
560,South Africa,2013,Africa,Government of South Africa,0,0,0,0,0,0,0,0,0,0,0,0,0,0,25.1,0,0
560,South Africa,2014,Africa,Government of South Africa,0,0,0,0,0,0,0,0,0,0,0,0,0,0,25.1,0,1
560,South Africa,2015,Africa,Government of South Africa,0,0,0,0,0,0,0,0,0,0,1,1,0,0,25.1,1,1
560,South Africa,2016,Africa,Government of South Africa,0,0,0,0,0,0,0,1,1,3,1,1,0,3,25.1,1,0
560,South Africa,2017,Africa,Government of South Africa,0,0,0,0,0,0,0,0,0,0,0,0,0,0,25.1,0,1
560,South Africa,2018,Africa,Government of South Africa,0,0,0,0,0,0,0,1,1,11,1,1,1,12,25.1,1,1
560,South Africa,2019,Africa,Government of South Africa,0,0,0,0,0,0,0,1,1,7,1,1,1,8,25.1,1,1
560,South Africa,2020,Africa,Government of South Africa,0,0,0,0,0,0,0,1,1,24,1,1,5,29,25.1,1,1
560,South Africa,2021,Africa,Government of South Africa,0,0,0,0,0,0,0,1,2,123,0,0,0,123,25.1,1,1
560,South Africa,2022,Africa,Government of South Africa,0,0,0,0,0,0,0,1,1,4,0,0,0,4,25.1,1,1
560,South Africa,2023,Africa,Government of South Africa,0,0,0,0,0,0,0,1,1,3,1,1,2,5,25.1,1,1
565,Namibia,1990,Africa,Government of Namibia,0,0,0,0,0,0,0,0,0,0,0,0,0,0,25.1,0,0
565,Namibia,1991,Africa,Government of Namibia,0,0,0,0,0,0,0,0,0,0,0,0,0,0,25.1,0,0
565,Namibia,1992,Africa,Government of Namibia,0,0,0,0,0,0,0,0,0,0,0,0,0,0,25.1,0,0
565,Namibia,1993,Africa,Government of Namibia,0,0,0,0,0,0,0,0,0,0,0,0,0,0,25.1,0,1
565,Namibia,1994,Africa,Government of Namibia,0,0,0,0,0,0,0,0,0,0,1,1,0,0,25.1,1,0
565,Namibia,1995,Africa,Government of Namibia,0,0,0,0,0,0,0,0,0,0,0,0,0,0,25.1,0,1
565,Namibia,1996,Africa,Government of Namibia,0,0,0,0,0,0,0,0,0,0,1,1,2,2,25.1,1,0
565,Namibia,1997,Africa,Government of Namibia,0,0,0,0,0,0,0,0,0,0,0,0,0,0,25.1,0,0
565,Namibia,1998,Africa,Government of Namibia,0,0,0,0,0,0,0,0,0,0,0,0,0,0,25.1,0,1
565,Namibia,1999,Africa,Government of Namibia,1,1,1,1,1,0,0,0,0,0,0,0,0,1,25.1,1,1
565,Namibia,2000,Africa,Government of Namibia,1,1,54,1,54,0,0,0,0,0,1,1,6,60,25.1,1,0
565,Namibia,2001,Africa,Government of Namibia,0,0,0,0,0,0,0,0,0,0,0,0,0,0,25.1,0,1
565,Namibia,2002,Africa,Government of Namibia,0,0,0,0,0,0,0,0,0,0,1,1,0,0,25.1,1,0
565,Namibia,2003,Africa,Government of Namibia,0,0,0,0,0,0,0,0,0,0,0,0,0,0,25.1,0,0
565,Namibia,2004,Africa,Government of Namibia,0,0,0,0,0,0,0,0,0,0,0,0,0,0,25.1,0,0
565,Namibia,2005,Africa,Government of Namibia,0,0,0,0,0,0,0,0,0,0,0,0,0,0,25.1,0,0
565,Namibia,2006,Africa,Government of Namibia,0,0,0,0,0,0,0,0,0,0,0,0,0,0,25.1,0,0
565,Namibia,2007,Africa,Government of Namibia,0,0,0,0,0,0,0,0,0,0,0,0,0,0,25.1,0,0
565,Namibia,2008,Africa,Government of Namibia,0,0,0,0,0,0,0,0,0,0,0,0,0,0,25.1,0,0
565,Namibia,2009,Africa,Government of Namibia,0,0,0,0,0,0,0,0,0,0,0,0,0,0,25.1,0,0
565,Namibia,2010,Africa,Government of Namibia,0,0,0,0,0,0,0,0,0,0,0,0,0,0,25.1,0,0
565,Namibia,2011,Africa,Government of Namibia,0,0,0,0,0,0,0,0,0,0,0,0,0,0,25.1,0,0
565,Namibia,2012,Africa,Government of Namibia,0,0,0,0,0,0,0,0,0,0,0,0,0,0,25.1,0,0
565,Namibia,2013,Africa,Government of Namibia,0,0,0,0,0,0,0,0,0,0,0,0,0,0,25.1,0,0
565,Namibia,2014,Africa,Government of Namibia,0,0,0,0,0,0,0,0,0,0,0,0,0,0,25.1,0,0
565,Namibia,2015,Africa,Government of Namibia,0,0,0,0,0,0,0,0,0,0,0,0,0,0,25.1,0,0
565,Namibia,2016,Africa,Government of Namibia,0,0,0,0,0,0,0,0,0,0,0,0,0,0,25.1,0,0
565,Namibia,2017,Africa,Government of Namibia,0,0,0,0,0,0,0,0,0,0,0,0,0,0,25.1,0,0
565,Namibia,2018,Africa,Government of Namibia,0,0,0,0,0,0,0,0,0,0,0,0,0,0,25.1,0,0
565,Namibia,2019,Africa,Government of Namibia,0,0,0,0,0,0,0,0,0,0,0,0,0,0,25.1,0,0
565,Namibia,2020,Africa,Government of Namibia,0,0,0,0,0,0,0,0,0,0,0,0,0,0,25.1,0,0
565,Namibia,2021,Africa,Government of Namibia,0,0,0,0,0,0,0,0,0,0,0,0,0,0,25.1,0,0
565,Namibia,2022,Africa,Government of Namibia,0,0,0,0,0,0,0,0,0,0,0,0,0,0,25.1,0,0
565,Namibia,2023,Africa,Government of Namibia,0,0,0,0,0,0,0,0,0,0,0,0,0,0,25.1,0,0
570,Lesotho,1989,Africa,Government of Lesotho,0,0,0,0,0,0,0,0,0,0,0,0,0,0,25.1,0,0
570,Lesotho,1990,Africa,Government of Lesotho,0,0,0,0,0,0,0,0,0,0,0,0,0,0,25.1,0,0
570,Lesotho,1991,Africa,Government of Lesotho,0,0,0,0,0,0,0,0,0,0,0,0,0,0,25.1,0,0
570,Lesotho,1992,Africa,Government of Lesotho,0,0,0,0,0,0,0,0,0,0,0,0,0,0,25.1,0,0
570,Lesotho,1993,Africa,Government of Lesotho,0,0,0,0,0,0,0,0,0,0,0,0,0,0,25.1,0,0
570,Lesotho,1994,Africa,Government of Lesotho,0,0,0,0,0,0,0,0,0,0,0,0,0,0,25.1,0,0
570,Lesotho,1995,Africa,Government of Lesotho,0,0,0,0,0,0,0,0,0,0,0,0,0,0,25.1,0,0
570,Lesotho,1996,Africa,Government of Lesotho,0,0,0,0,0,0,0,0,0,0,0,0,0,0,25.1,0,0
570,Lesotho,1997,Africa,Government of Lesotho,0,0,0,0,0,0,0,0,0,0,0,0,0,0,25.1,0,1
570,Lesotho,1998,Africa,Government of Lesotho,1,1,78,1,78,0,0,0,0,0,0,0,0,78,25.1,1,0
570,Lesotho,1999,Africa,Government of Lesotho,0,0,0,0,0,0,0,0,0,0,0,0,0,0,25.1,0,0
570,Lesotho,2000,Africa,Government of Lesotho,0,0,0,0,0,0,0,0,0,0,0,0,0,0,25.1,0,0
570,Lesotho,2001,Africa,Government of Lesotho,0,0,0,0,0,0,0,0,0,0,0,0,0,0,25.1,0,0
570,Lesotho,2002,Africa,Government of Lesotho,0,0,0,0,0,0,0,0,0,0,0,0,0,0,25.1,0,0
570,Lesotho,2003,Africa,Government of Lesotho,0,0,0,0,0,0,0,0,0,0,0,0,0,0,25.1,0,0
570,Lesotho,2004,Africa,Government of Lesotho,0,0,0,0,0,0,0,0,0,0,0,0,0,0,25.1,0,0
570,Lesotho,2005,Africa,Government of Lesotho,0,0,0,0,0,0,0,0,0,0,0,0,0,0,25.1,0,0
570,Lesotho,2006,Africa,Government of Lesotho,0,0,0,0,0,0,0,0,0,0,0,0,0,0,25.1,0,0
570,Lesotho,2007,Africa,Government of Lesotho,0,0,0,0,0,0,0,0,0,0,0,0,0,0,25.1,0,0
570,Lesotho,2008,Africa,Government of Lesotho,0,0,0,0,0,0,0,0,0,0,0,0,0,0,25.1,0,0
570,Lesotho,2009,Africa,Government of Lesotho,0,0,0,0,0,0,0,0,0,0,0,0,0,0,25.1,0,0
570,Lesotho,2010,Africa,Government of Lesotho,0,0,0,0,0,0,0,0,0,0,0,0,0,0,25.1,0,0
570,Lesotho,2011,Africa,Government of Lesotho,0,0,0,0,0,0,0,0,0,0,0,0,0,0,25.1,0,0
570,Lesotho,2012,Africa,Government of Lesotho,0,0,0,0,0,0,0,0,0,0,0,0,0,0,25.1,0,0
570,Lesotho,2013,Africa,Government of Lesotho,0,0,0,0,0,0,0,0,0,0,0,0,0,0,25.1,0,0
570,Lesotho,2014,Africa,Government of Lesotho,0,0,0,0,0,0,0,0,0,0,0,0,0,0,25.1,0,0
570,Lesotho,2015,Africa,Government of Lesotho,0,0,0,0,0,0,0,0,0,0,0,0,0,0,25.1,0,0
570,Lesotho,2016,Africa,Government of Lesotho,0,0,0,0,0,0,0,0,0,0,0,0,0,0,25.1,0,0
570,Lesotho,2017,Africa,Government of Lesotho,0,0,0,0,0,0,0,0,0,0,0,0,0,0,25.1,0,0
570,Lesotho,2018,Africa,Government of Lesotho,0,0,0,0,0,0,0,0,0,0,0,0,0,0,25.1,0,0
570,Lesotho,2019,Africa,Government of Lesotho,0,0,0,0,0,0,0,0,0,0,0,0,0,0,25.1,0,0
570,Lesotho,2020,Africa,Government of Lesotho,0,0,0,0,0,0,0,0,0,0,0,0,0,0,25.1,0,0
570,Lesotho,2021,Africa,Government of Lesotho,0,0,0,0,0,0,0,0,0,0,0,0,0,0,25.1,0,0
570,Lesotho,2022,Africa,Government of Lesotho,0,0,0,0,0,0,0,0,0,0,0,0,0,0,25.1,0,0
570,Lesotho,2023,Africa,Government of Lesotho,0,0,0,0,0,0,0,0,0,0,0,0,0,0,25.1,0,0
571,Botswana,1989,Africa,Government of Botswana,0,0,0,0,0,0,0,0,0,0,0,0,0,0,25.1,0,1
571,Botswana,1990,Africa,Government of Botswana,0,0,0,0,0,0,0,0,0,0,1,1,1,1,25.1,1,0
571,Botswana,1991,Africa,Government of Botswana,0,0,0,0,0,0,0,0,0,0,0,0,0,0,25.1,0,0
571,Botswana,1992,Africa,Government of Botswana,0,0,0,0,0,0,0,0,0,0,0,0,0,0,25.1,0,0
571,Botswana,1993,Africa,Government of Botswana,0,0,0,0,0,0,0,0,0,0,0,0,0,0,25.1,0,0
571,Botswana,1994,Africa,Government of Botswana,0,0,0,0,0,0,0,0,0,0,0,0,0,0,25.1,0,0
571,Botswana,1995,Africa,Government of Botswana,0,0,0,0,0,0,0,0,0,0,0,0,0,0,25.1,0,0
571,Botswana,1996,Africa,Government of Botswana,0,0,0,0,0,0,0,0,0,0,0,0,0,0,25.1,0,0
571,Botswana,1997,Africa,Government of Botswana,0,0,0,0,0,0,0,0,0,0,0,0,0,0,25.1,0,0
571,Botswana,1998,Africa,Government of Botswana,0,0,0,0,0,0,0,0,0,0,0,0,0,0,25.1,0,0
571,Botswana,1999,Africa,Government of Botswana,0,0,0,0,0,0,0,0,0,0,0,0,0,0,25.1,0,0
571,Botswana,2000,Africa,Government of Botswana,0,0,0,0,0,0,0,0,0,0,0,0,0,0,25.1,0,0
571,Botswana,2001,Africa,Government of Botswana,0,0,0,0,0,0,0,0,0,0,0,0,0,0,25.1,0,0
571,Botswana,2002,Africa,Government of Botswana,0,0,0,0,0,0,0,0,0,0,0,0,0,0,25.1,0,0
571,Botswana,2003,Africa,Government of Botswana,0,0,0,0,0,0,0,0,0,0,0,0,0,0,25.1,0,0
571,Botswana,2004,Africa,Government of Botswana,0,0,0,0,0,0,0,0,0,0,0,0,0,0,25.1,0,0
571,Botswana,2005,Africa,Government of Botswana,0,0,0,0,0,0,0,0,0,0,0,0,0,0,25.1,0,0
571,Botswana,2006,Africa,Government of Botswana,0,0,0,0,0,0,0,0,0,0,0,0,0,0,25.1,0,0
571,Botswana,2007,Africa,Government of Botswana,0,0,0,0,0,0,0,0,0,0,0,0,0,0,25.1,0,0
571,Botswana,2008,Africa,Government of Botswana,0,0,0,0,0,0,0,0,0,0,0,0,0,0,25.1,0,0
571,Botswana,2009,Africa,Government of Botswana,0,0,0,0,0,0,0,0,0,0,0,0,0,0,25.1,0,0
571,Botswana,2010,Africa,Government of Botswana,0,0,0,0,0,0,0,0,0,0,0,0,0,0,25.1,0,0
571,Botswana,2011,Africa,Government of Botswana,0,0,0,0,0,0,0,0,0,0,0,0,0,0,25.1,0,0
571,Botswana,2012,Africa,Government of Botswana,0,0,0,0,0,0,0,0,0,0,0,0,0,0,25.1,0,0
571,Botswana,2013,Africa,Government of Botswana,0,0,0,0,0,0,0,0,0,0,0,0,0,0,25.1,0,0
571,Botswana,2014,Africa,Government of Botswana,0,0,0,0,0,0,0,0,0,0,0,0,0,0,25.1,0,0
571,Botswana,2015,Africa,Government of Botswana,0,0,0,0,0,0,0,0,0,0,0,0,0,0,25.1,0,0
571,Botswana,2016,Africa,Government of Botswana,0,0,0,0,0,0,0,0,0,0,0,0,0,0,25.1,0,0
571,Botswana,2017,Africa,Government of Botswana,0,0,0,0,0,0,0,0,0,0,0,0,0,0,25.1,0,0
571,Botswana,2018,Africa,Government of Botswana,0,0,0,0,0,0,0,0,0,0,0,0,0,0,25.1,0,0
571,Botswana,2019,Africa,Government of Botswana,0,0,0,0,0,0,0,0,0,0,0,0,0,0,25.1,0,0
571,Botswana,2020,Africa,Government of Botswana,0,0,0,0,0,0,0,0,0,0,0,0,0,0,25.1,0,0
571,Botswana,2021,Africa,Government of Botswana,0,0,0,0,0,0,0,0,0,0,0,0,0,0,25.1,0,0
571,Botswana,2022,Africa,Government of Botswana,0,0,0,0,0,0,0,0,0,0,0,0,0,0,25.1,0,0
571,Botswana,2023,Africa,Government of Botswana,0,0,0,0,0,0,0,0,0,0,0,0,0,0,25.1,0,0
572,Kingdom of eSwatini (Swaziland),1989,Africa,Government of Kingdom of eSwatini (Swaziland),0,0,0,0,0,0,0,0,0,0,1,1,2,2,25.1,1,0
572,Kingdom of eSwatini (Swaziland),1990,Africa,Government of Kingdom of eSwatini (Swaziland),0,0,0,0,0,0,0,0,0,0,0,0,0,0,25.1,0,0
572,Kingdom of eSwatini (Swaziland),1991,Africa,Government of Kingdom of eSwatini (Swaziland),0,0,0,0,0,0,0,0,0,0,0,0,0,0,25.1,0,0
572,Kingdom of eSwatini (Swaziland),1992,Africa,Government of Kingdom of eSwatini (Swaziland),0,0,0,0,0,0,0,0,0,0,0,0,0,0,25.1,0,0
572,Kingdom of eSwatini (Swaziland),1993,Africa,Government of Kingdom of eSwatini (Swaziland),0,0,0,0,0,0,0,0,0,0,0,0,0,0,25.1,0,0
572,Kingdom of eSwatini (Swaziland),1994,Africa,Government of Kingdom of eSwatini (Swaziland),0,0,0,0,0,0,0,0,0,0,0,0,0,0,25.1,0,0
572,Kingdom of eSwatini (Swaziland),1995,Africa,Government of Kingdom of eSwatini (Swaziland),0,0,0,0,0,0,0,0,0,0,0,0,0,0,25.1,0,0
572,Kingdom of eSwatini (Swaziland),1996,Africa,Government of Kingdom of eSwatini (Swaziland),0,0,0,0,0,0,0,0,0,0,0,0,0,0,25.1,0,0
572,Kingdom of eSwatini (Swaziland),1997,Africa,Government of Kingdom of eSwatini (Swaziland),0,0,0,0,0,0,0,0,0,0,0,0,0,0,25.1,0,0
572,Kingdom of eSwatini (Swaziland),1998,Africa,Government of Kingdom of eSwatini (Swaziland),0,0,0,0,0,0,0,0,0,0,0,0,0,0,25.1,0,0
572,Kingdom of eSwatini (Swaziland),1999,Africa,Government of Kingdom of eSwatini (Swaziland),0,0,0,0,0,0,0,0,0,0,0,0,0,0,25.1,0,0
572,Kingdom of eSwatini (Swaziland),2000,Africa,Government of Kingdom of eSwatini (Swaziland),0,0,0,0,0,0,0,0,0,0,0,0,0,0,25.1,0,0
572,Kingdom of eSwatini (Swaziland),2001,Africa,Government of Kingdom of eSwatini (Swaziland),0,0,0,0,0,0,0,0,0,0,0,0,0,0,25.1,0,0
572,Kingdom of eSwatini (Swaziland),2002,Africa,Government of Kingdom of eSwatini (Swaziland),0,0,0,0,0,0,0,0,0,0,0,0,0,0,25.1,0,0
572,Kingdom of eSwatini (Swaziland),2003,Africa,Government of Kingdom of eSwatini (Swaziland),0,0,0,0,0,0,0,0,0,0,0,0,0,0,25.1,0,0
572,Kingdom of eSwatini (Swaziland),2004,Africa,Government of Kingdom of eSwatini (Swaziland),0,0,0,0,0,0,0,0,0,0,0,0,0,0,25.1,0,0
572,Kingdom of eSwatini (Swaziland),2005,Africa,Government of Kingdom of eSwatini (Swaziland),0,0,0,0,0,0,0,0,0,0,0,0,0,0,25.1,0,0
572,Kingdom of eSwatini (Swaziland),2006,Africa,Government of Kingdom of eSwatini (Swaziland),0,0,0,0,0,0,0,0,0,0,0,0,0,0,25.1,0,0
572,Kingdom of eSwatini (Swaziland),2007,Africa,Government of Kingdom of eSwatini (Swaziland),0,0,0,0,0,0,0,0,0,0,0,0,0,0,25.1,0,0
572,Kingdom of eSwatini (Swaziland),2008,Africa,Government of Kingdom of eSwatini (Swaziland),0,0,0,0,0,0,0,0,0,0,0,0,0,0,25.1,0,0
572,Kingdom of eSwatini (Swaziland),2009,Africa,Government of Kingdom of eSwatini (Swaziland),0,0,0,0,0,0,0,0,0,0,0,0,0,0,25.1,0,0
572,Kingdom of eSwatini (Swaziland),2010,Africa,Government of Kingdom of eSwatini (Swaziland),0,0,0,0,0,0,0,0,0,0,0,0,0,0,25.1,0,0
572,Kingdom of eSwatini (Swaziland),2011,Africa,Government of Kingdom of eSwatini (Swaziland),0,0,0,0,0,0,0,0,0,0,0,0,0,0,25.1,0,0
572,Kingdom of eSwatini (Swaziland),2012,Africa,Government of Kingdom of eSwatini (Swaziland),0,0,0,0,0,0,0,0,0,0,0,0,0,0,25.1,0,0
572,Kingdom of eSwatini (Swaziland),2013,Africa,Government of Kingdom of eSwatini (Swaziland),0,0,0,0,0,0,0,0,0,0,0,0,0,0,25.1,0,0
572,Kingdom of eSwatini (Swaziland),2014,Africa,Government of Kingdom of eSwatini (Swaziland),0,0,0,0,0,0,0,0,0,0,0,0,0,0,25.1,0,0
572,Kingdom of eSwatini (Swaziland),2015,Africa,Government of Kingdom of eSwatini (Swaziland),0,0,0,0,0,0,0,0,0,0,0,0,0,0,25.1,0,0
572,Kingdom of eSwatini (Swaziland),2016,Africa,Government of Kingdom of eSwatini (Swaziland),0,0,0,0,0,0,0,0,0,0,0,0,0,0,25.1,0,0
572,Kingdom of eSwatini (Swaziland),2017,Africa,Government of Kingdom of eSwatini (Swaziland),0,0,0,0,0,0,0,0,0,0,0,0,0,0,25.1,0,0
572,Kingdom of eSwatini (Swaziland),2018,Africa,Government of Kingdom of eSwatini (Swaziland),0,0,0,0,0,0,0,0,0,0,0,0,0,0,25.1,0,1
572,Kingdom of eSwatini (Swaziland),2019,Africa,Government of Kingdom of eSwatini (Swaziland),0,0,0,0,0,0,0,0,0,0,1,1,1,1,25.1,1,1
572,Kingdom of eSwatini (Swaziland),2020,Africa,Government of Kingdom of eSwatini (Swaziland),0,0,0,0,0,0,0,0,0,0,1,1,2,2,25.1,1,1
572,Kingdom of eSwatini (Swaziland),2021,Africa,Government of Kingdom of eSwatini (Swaziland),0,0,0,0,0,0,0,0,0,0,1,1,48,48,25.1,1,1
572,Kingdom of eSwatini (Swaziland),2022,Africa,Government of Kingdom of eSwatini (Swaziland),0,0,0,0,0,0,0,0,0,0,1,1,2,2,25.1,1,1
572,Kingdom of eSwatini (Swaziland),2023,Africa,Government of Kingdom of eSwatini (Swaziland),0,0,0,0,0,0,0,0,0,0,1,1,3,3,25.1,1,0
580,Madagascar (Malagasy),1989,Africa,Government of Madagascar (Malagasy),0,0,0,0,0,0,0,0,0,0,0,0,0,0,25.1,0,0
580,Madagascar (Malagasy),1990,Africa,Government of Madagascar (Malagasy),0,0,0,0,0,0,0,0,0,0,0,0,0,0,25.1,0,0
580,Madagascar (Malagasy),1991,Africa,Government of Madagascar (Malagasy),0,0,0,0,0,0,0,0,0,0,0,0,0,0,25.1,0,0
580,Madagascar (Malagasy),1992,Africa,Government of Madagascar (Malagasy),0,0,0,0,0,0,0,0,0,0,0,0,0,0,25.1,0,0
580,Madagascar (Malagasy),1993,Africa,Government of Madagascar (Malagasy),0,0,0,0,0,0,0,0,0,0,0,0,0,0,25.1,0,0
580,Madagascar (Malagasy),1994,Africa,Government of Madagascar (Malagasy),0,0,0,0,0,0,0,0,0,0,0,0,0,0,25.1,0,0
580,Madagascar (Malagasy),1995,Africa,Government of Madagascar (Malagasy),0,0,0,0,0,0,0,0,0,0,0,0,0,0,25.1,0,0
580,Madagascar (Malagasy),1996,Africa,Government of Madagascar (Malagasy),0,0,0,0,0,0,0,0,0,0,0,0,0,0,25.1,0,0
580,Madagascar (Malagasy),1997,Africa,Government of Madagascar (Malagasy),0,0,0,0,0,0,0,0,0,0,0,0,0,0,25.1,0,0
580,Madagascar (Malagasy),1998,Africa,Government of Madagascar (Malagasy),0,0,0,0,0,0,0,0,0,0,0,0,0,0,25.1,0,0
580,Madagascar (Malagasy),1999,Africa,Government of Madagascar (Malagasy),0,0,0,0,0,0,0,0,0,0,0,0,0,0,25.1,0,0
580,Madagascar (Malagasy),2000,Africa,Government of Madagascar (Malagasy),0,0,0,0,0,0,0,0,0,0,0,0,0,0,25.1,0,0
580,Madagascar (Malagasy),2001,Africa,Government of Madagascar (Malagasy),0,0,0,0,0,0,0,0,0,0,0,0,0,0,25.1,0,1
580,Madagascar (Malagasy),2002,Africa,Government of Madagascar (Malagasy),0,0,0,0,0,0,0,1,1,79,0,0,0,79,25.1,1,0
580,Madagascar (Malagasy),2003,Africa,Government of Madagascar (Malagasy),0,0,0,0,0,0,0,0,0,0,0,0,0,0,25.1,0,0
580,Madagascar (Malagasy),2004,Africa,Government of Madagascar (Malagasy),0,0,0,0,0,0,0,0,0,0,0,0,0,0,25.1,0,0
580,Madagascar (Malagasy),2005,Africa,Government of Madagascar (Malagasy),0,0,0,0,0,0,0,0,0,0,0,0,0,0,25.1,0,0
580,Madagascar (Malagasy),2006,Africa,Government of Madagascar (Malagasy),0,0,0,0,0,0,0,0,0,0,0,0,0,0,25.1,0,0
580,Madagascar (Malagasy),2007,Africa,Government of Madagascar (Malagasy),0,0,0,0,0,0,0,0,0,0,0,0,0,0,25.1,0,0
580,Madagascar (Malagasy),2008,Africa,Government of Madagascar (Malagasy),0,0,0,0,0,0,0,0,0,0,0,0,0,0,25.1,0,1
580,Madagascar (Malagasy),2009,Africa,Government of Madagascar (Malagasy),0,0,0,0,0,0,0,1,1,82,1,1,31,113,25.1,1,0
580,Madagascar (Malagasy),2010,Africa,Government of Madagascar (Malagasy),0,0,0,0,0,0,0,0,0,0,0,0,0,0,25.1,0,0
580,Madagascar (Malagasy),2011,Africa,Government of Madagascar (Malagasy),0,0,0,0,0,0,0,0,0,0,0,0,0,0,25.1,0,1
580,Madagascar (Malagasy),2012,Africa,Government of Madagascar (Malagasy),0,0,0,0,0,0,0,0,0,0,1,1,15,15,25.1,1,0
580,Madagascar (Malagasy),2013,Africa,Government of Madagascar (Malagasy),0,0,0,0,0,0,0,0,0,0,0,0,0,0,25.1,0,0
580,Madagascar (Malagasy),2014,Africa,Government of Madagascar (Malagasy),0,0,0,0,0,0,0,0,0,0,0,0,0,0,25.1,0,0
580,Madagascar (Malagasy),2015,Africa,Government of Madagascar (Malagasy),0,0,0,0,0,0,0,0,0,0,0,0,0,0,25.1,0,0
580,Madagascar (Malagasy),2016,Africa,Government of Madagascar (Malagasy),0,0,0,0,0,0,0,0,0,0,0,0,0,0,25.1,0,1
580,Madagascar (Malagasy),2017,Africa,Government of Madagascar (Malagasy),0,0,0,0,0,0,0,0,0,0,1,1,1,1,25.1,1,0
580,Madagascar (Malagasy),2018,Africa,Government of Madagascar (Malagasy),0,0,0,0,0,0,0,0,0,0,0,0,0,0,25.1,0,1
580,Madagascar (Malagasy),2019,Africa,Government of Madagascar (Malagasy),0,0,0,0,0,0,0,0,0,0,1,1,3,3,25.1,1,1
580,Madagascar (Malagasy),2020,Africa,Government of Madagascar (Malagasy),0,0,0,0,0,0,0,0,0,0,1,1,23,23,25.1,1,0
580,Madagascar (Malagasy),2021,Africa,Government of Madagascar (Malagasy),0,0,0,0,0,0,0,0,0,0,0,0,0,0,25.1,0,0
580,Madagascar (Malagasy),2022,Africa,Government of Madagascar (Malagasy),0,0,0,0,0,0,0,0,0,0,0,0,0,0,25.1,0,0
580,Madagascar (Malagasy),2023,Africa,Government of Madagascar (Malagasy),0,0,0,0,0,0,0,0,0,0,0,0,0,0,25.1,0,0
581,Comoros,1989,Africa,Government of Comoros,1,1,29,1,29,0,0,0,0,0,0,0,0,29,25.1,1,0
581,Comoros,1990,Africa,Government of Comoros,0,0,0,0,0,0,0,0,0,0,0,0,0,0,25.1,0,0
581,Comoros,1991,Africa,Government of Comoros,0,0,0,0,0,0,0,0,0,0,0,0,0,0,25.1,0,0
581,Comoros,1992,Africa,Government of Comoros,0,0,0,0,0,0,0,0,0,0,0,0,0,0,25.1,0,0
581,Comoros,1993,Africa,Government of Comoros,0,0,0,0,0,0,0,0,0,0,0,0,0,0,25.1,0,0
581,Comoros,1994,Africa,Government of Comoros,0,0,0,0,0,0,0,0,0,0,0,0,0,0,25.1,0,0
581,Comoros,1995,Africa,Government of Comoros,0,0,0,0,0,0,0,0,0,0,0,0,0,0,25.1,0,0
581,Comoros,1996,Africa,Government of Comoros,0,0,0,0,0,0,0,0,0,0,0,0,0,0,25.1,0,1
581,Comoros,1997,Africa,Government of Comoros,1,1,56,1,56,0,0,0,0,0,0,0,0,56,25.1,1,1
581,Comoros,1998,Africa,Government of Comoros,0,0,0,0,0,0,0,1,1,40,0,0,0,40,25.1,1,0
581,Comoros,1999,Africa,Government of Comoros,0,0,0,0,0,0,0,0,0,0,0,0,0,0,25.1,0,0
581,Comoros,2000,Africa,Government of Comoros,0,0,0,0,0,0,0,0,0,0,0,0,0,0,25.1,0,0
581,Comoros,2001,Africa,Government of Comoros,0,0,0,0,0,0,0,0,0,0,0,0,0,0,25.1,0,0
581,Comoros,2002,Africa,Government of Comoros,0,0,0,0,0,0,0,0,0,0,0,0,0,0,25.1,0,0
581,Comoros,2003,Africa,Government of Comoros,0,0,0,0,0,0,0,0,0,0,0,0,0,0,25.1,0,0
581,Comoros,2004,Africa,Government of Comoros,0,0,0,0,0,0,0,0,0,0,0,0,0,0,25.1,0,0
581,Comoros,2005,Africa,Government of Comoros,0,0,0,0,0,0,0,0,0,0,0,0,0,0,25.1,0,0
581,Comoros,2006,Africa,Government of Comoros,0,0,0,0,0,0,0,0,0,0,0,0,0,0,25.1,0,0
581,Comoros,2007,Africa,Government of Comoros,0,0,0,0,0,0,0,0,0,0,0,0,0,0,25.1,0,0
581,Comoros,2008,Africa,Government of Comoros,0,0,0,0,0,0,0,0,0,0,0,0,0,0,25.1,0,0
581,Comoros,2009,Africa,Government of Comoros,0,0,0,0,0,0,0,0,0,0,0,0,0,0,25.1,0,0
581,Comoros,2010,Africa,Government of Comoros,0,0,0,0,0,0,0,0,0,0,0,0,0,0,25.1,0,0
581,Comoros,2011,Africa,Government of Comoros,0,0,0,0,0,0,0,0,0,0,0,0,0,0,25.1,0,0
581,Comoros,2012,Africa,Government of Comoros,0,0,0,0,0,0,0,0,0,0,0,0,0,0,25.1,0,0
581,Comoros,2013,Africa,Government of Comoros,0,0,0,0,0,0,0,0,0,0,0,0,0,0,25.1,0,0
581,Comoros,2014,Africa,Government of Comoros,0,0,0,0,0,0,0,0,0,0,0,0,0,0,25.1,0,0
581,Comoros,2015,Africa,Government of Comoros,0,0,0,0,0,0,0,0,0,0,0,0,0,0,25.1,0,0
581,Comoros,2016,Africa,Government of Comoros,0,0,0,0,0,0,0,0,0,0,0,0,0,0,25.1,0,0
581,Comoros,2017,Africa,Government of Comoros,0,0,0,0,0,0,0,0,0,0,0,0,0,0,25.1,0,0
581,Comoros,2018,Africa,Government of Comoros,0,0,0,0,0,0,0,0,0,0,0,0,0,0,25.1,0,0
581,Comoros,2019,Africa,Government of Comoros,0,0,0,0,0,0,0,0,0,0,0,0,0,0,25.1,0,0
581,Comoros,2020,Africa,Government of Comoros,0,0,0,0,0,0,0,0,0,0,0,0,0,0,25.1,0,0
581,Comoros,2021,Africa,Government of Comoros,0,0,0,0,0,0,0,0,0,0,0,0,0,0,25.1,0,0
581,Comoros,2022,Africa,Government of Comoros,0,0,0,0,0,0,0,0,0,0,0,0,0,0,25.1,0,0
581,Comoros,2023,Africa,Government of Comoros,0,0,0,0,0,0,0,0,0,0,0,0,0,0,25.1,0,0
590,Mauritius,1989,Africa,Government of Mauritius,0,0,0,0,0,0,0,0,0,0,0,0,0,0,25.1,0,0
590,Mauritius,1990,Africa,Government of Mauritius,0,0,0,0,0,0,0,0,0,0,0,0,0,0,25.1,0,0
590,Mauritius,1991,Africa,Government of Mauritius,0,0,0,0,0,0,0,0,0,0,0,0,0,0,25.1,0,0
590,Mauritius,1992,Africa,Government of Mauritius,0,0,0,0,0,0,0,0,0,0,0,0,0,0,25.1,0,0
590,Mauritius,1993,Africa,Government of Mauritius,0,0,0,0,0,0,0,0,0,0,0,0,0,0,25.1,0,0
590,Mauritius,1994,Africa,Government of Mauritius,0,0,0,0,0,0,0,0,0,0,0,0,0,0,25.1,0,0
590,Mauritius,1995,Africa,Government of Mauritius,0,0,0,0,0,0,0,0,0,0,0,0,0,0,25.1,0,0
590,Mauritius,1996,Africa,Government of Mauritius,0,0,0,0,0,0,0,0,0,0,0,0,0,0,25.1,0,0
590,Mauritius,1997,Africa,Government of Mauritius,0,0,0,0,0,0,0,0,0,0,0,0,0,0,25.1,0,0
590,Mauritius,1998,Africa,Government of Mauritius,0,0,0,0,0,0,0,0,0,0,0,0,0,0,25.1,0,0
590,Mauritius,1999,Africa,Government of Mauritius,0,0,0,0,0,0,0,0,0,0,0,0,0,0,25.1,0,0
590,Mauritius,2000,Africa,Government of Mauritius,0,0,0,0,0,0,0,0,0,0,0,0,0,0,25.1,0,0
590,Mauritius,2001,Africa,Government of Mauritius,0,0,0,0,0,0,0,0,0,0,0,0,0,0,25.1,0,0
590,Mauritius,2002,Africa,Government of Mauritius,0,0,0,0,0,0,0,0,0,0,0,0,0,0,25.1,0,0
590,Mauritius,2003,Africa,Government of Mauritius,0,0,0,0,0,0,0,0,0,0,0,0,0,0,25.1,0,0
590,Mauritius,2004,Africa,Government of Mauritius,0,0,0,0,0,0,0,0,0,0,0,0,0,0,25.1,0,0
590,Mauritius,2005,Africa,Government of Mauritius,0,0,0,0,0,0,0,0,0,0,0,0,0,0,25.1,0,0
590,Mauritius,2006,Africa,Government of Mauritius,0,0,0,0,0,0,0,0,0,0,0,0,0,0,25.1,0,0
590,Mauritius,2007,Africa,Government of Mauritius,0,0,0,0,0,0,0,0,0,0,0,0,0,0,25.1,0,0
590,Mauritius,2008,Africa,Government of Mauritius,0,0,0,0,0,0,0,0,0,0,0,0,0,0,25.1,0,0
590,Mauritius,2009,Africa,Government of Mauritius,0,0,0,0,0,0,0,0,0,0,0,0,0,0,25.1,0,0
590,Mauritius,2010,Africa,Government of Mauritius,0,0,0,0,0,0,0,0,0,0,0,0,0,0,25.1,0,0
590,Mauritius,2011,Africa,Government of Mauritius,0,0,0,0,0,0,0,0,0,0,0,0,0,0,25.1,0,0
590,Mauritius,2012,Africa,Government of Mauritius,0,0,0,0,0,0,0,0,0,0,0,0,0,0,25.1,0,0
590,Mauritius,2013,Africa,Government of Mauritius,0,0,0,0,0,0,0,0,0,0,0,0,0,0,25.1,0,0
590,Mauritius,2014,Africa,Government of Mauritius,0,0,0,0,0,0,0,0,0,0,0,0,0,0,25.1,0,0
590,Mauritius,2015,Africa,Government of Mauritius,0,0,0,0,0,0,0,0,0,0,0,0,0,0,25.1,0,0
590,Mauritius,2016,Africa,Government of Mauritius,0,0,0,0,0,0,0,0,0,0,0,0,0,0,25.1,0,0
590,Mauritius,2017,Africa,Government of Mauritius,0,0,0,0,0,0,0,0,0,0,0,0,0,0,25.1,0,0
590,Mauritius,2018,Africa,Government of Mauritius,0,0,0,0,0,0,0,0,0,0,0,0,0,0,25.1,0,0
590,Mauritius,2019,Africa,Government of Mauritius,0,0,0,0,0,0,0,0,0,0,0,0,0,0,25.1,0,0
590,Mauritius,2020,Africa,Government of Mauritius,0,0,0,0,0,0,0,0,0,0,0,0,0,0,25.1,0,0
590,Mauritius,2021,Africa,Government of Mauritius,0,0,0,0,0,0,0,0,0,0,0,0,0,0,25.1,0,0
590,Mauritius,2022,Africa,Government of Mauritius,0,0,0,0,0,0,0,0,0,0,0,0,0,0,25.1,0,0
590,Mauritius,2023,Africa,Government of Mauritius,0,0,0,0,0,0,0,0,0,0,0,0,0,0,25.1,0,0
591,Seychelles,1989,Africa,Government of Seychelles,0,0,0,0,0,0,0,0,0,0,0,0,0,0,25.1,0,0
591,Seychelles,1990,Africa,Government of Seychelles,0,0,0,0,0,0,0,0,0,0,0,0,0,0,25.1,0,0
591,Seychelles,1991,Africa,Government of Seychelles,0,0,0,0,0,0,0,0,0,0,0,0,0,0,25.1,0,0
591,Seychelles,1992,Africa,Government of Seychelles,0,0,0,0,0,0,0,0,0,0,0,0,0,0,25.1,0,0
591,Seychelles,1993,Africa,Government of Seychelles,0,0,0,0,0,0,0,0,0,0,0,0,0,0,25.1,0,0
591,Seychelles,1994,Africa,Government of Seychelles,0,0,0,0,0,0,0,0,0,0,0,0,0,0,25.1,0,0
591,Seychelles,1995,Africa,Government of Seychelles,0,0,0,0,0,0,0,0,0,0,0,0,0,0,25.1,0,0
591,Seychelles,1996,Africa,Government of Seychelles,0,0,0,0,0,0,0,0,0,0,0,0,0,0,25.1,0,0
591,Seychelles,1997,Africa,Government of Seychelles,0,0,0,0,0,0,0,0,0,0,0,0,0,0,25.1,0,0
591,Seychelles,1998,Africa,Government of Seychelles,0,0,0,0,0,0,0,0,0,0,0,0,0,0,25.1,0,0
591,Seychelles,1999,Africa,Government of Seychelles,0,0,0,0,0,0,0,0,0,0,0,0,0,0,25.1,0,0
591,Seychelles,2000,Africa,Government of Seychelles,0,0,0,0,0,0,0,0,0,0,0,0,0,0,25.1,0,0
591,Seychelles,2001,Africa,Government of Seychelles,0,0,0,0,0,0,0,0,0,0,0,0,0,0,25.1,0,0
591,Seychelles,2002,Africa,Government of Seychelles,0,0,0,0,0,0,0,0,0,0,0,0,0,0,25.1,0,0
591,Seychelles,2003,Africa,Government of Seychelles,0,0,0,0,0,0,0,0,0,0,0,0,0,0,25.1,0,0
591,Seychelles,2004,Africa,Government of Seychelles,0,0,0,0,0,0,0,0,0,0,0,0,0,0,25.1,0,0
591,Seychelles,2005,Africa,Government of Seychelles,0,0,0,0,0,0,0,0,0,0,0,0,0,0,25.1,0,0
591,Seychelles,2006,Africa,Government of Seychelles,0,0,0,0,0,0,0,0,0,0,0,0,0,0,25.1,0,0
591,Seychelles,2007,Africa,Government of Seychelles,0,0,0,0,0,0,0,0,0,0,0,0,0,0,25.1,0,0
591,Seychelles,2008,Africa,Government of Seychelles,0,0,0,0,0,0,0,0,0,0,0,0,0,0,25.1,0,0
591,Seychelles,2009,Africa,Government of Seychelles,0,0,0,0,0,0,0,0,0,0,0,0,0,0,25.1,0,0
591,Seychelles,2010,Africa,Government of Seychelles,0,0,0,0,0,0,0,0,0,0,0,0,0,0,25.1,0,0
591,Seychelles,2011,Africa,Government of Seychelles,0,0,0,0,0,0,0,0,0,0,0,0,0,0,25.1,0,0
591,Seychelles,2012,Africa,Government of Seychelles,0,0,0,0,0,0,0,0,0,0,0,0,0,0,25.1,0,0
591,Seychelles,2013,Africa,Government of Seychelles,0,0,0,0,0,0,0,0,0,0,0,0,0,0,25.1,0,0
591,Seychelles,2014,Africa,Government of Seychelles,0,0,0,0,0,0,0,0,0,0,0,0,0,0,25.1,0,0
591,Seychelles,2015,Africa,Government of Seychelles,0,0,0,0,0,0,0,0,0,0,0,0,0,0,25.1,0,0
591,Seychelles,2016,Africa,Government of Seychelles,0,0,0,0,0,0,0,0,0,0,0,0,0,0,25.1,0,0
591,Seychelles,2017,Africa,Government of Seychelles,0,0,0,0,0,0,0,0,0,0,0,0,0,0,25.1,0,0
591,Seychelles,2018,Africa,Government of Seychelles,0,0,0,0,0,0,0,0,0,0,0,0,0,0,25.1,0,0
591,Seychelles,2019,Africa,Government of Seychelles,0,0,0,0,0,0,0,0,0,0,0,0,0,0,25.1,0,0
591,Seychelles,2020,Africa,Government of Seychelles,0,0,0,0,0,0,0,0,0,0,0,0,0,0,25.1,0,0
591,Seychelles,2021,Africa,Government of Seychelles,0,0,0,0,0,0,0,0,0,0,0,0,0,0,25.1,0,0
591,Seychelles,2022,Africa,Government of Seychelles,0,0,0,0,0,0,0,0,0,0,0,0,0,0,25.1,0,0
591,Seychelles,2023,Africa,Government of Seychelles,0,0,0,0,0,0,0,0,0,0,0,0,0,0,25.1,0,0
600,Morocco,1989,Africa,Government of Morocco,1,1,207,1,207,0,0,0,0,0,0,0,0,207,25.1,1,0
600,Morocco,1990,Africa,Government of Morocco,0,0,0,0,0,0,0,0,0,0,0,0,0,0,25.1,0,1
600,Morocco,1991,Africa,Government of Morocco,1,1,19,1,19,0,0,0,0,0,0,0,0,19,25.1,1,0
600,Morocco,1992,Africa,Government of Morocco,0,0,0,0,0,0,0,0,0,0,0,0,0,0,25.1,0,0
600,Morocco,1993,Africa,Government of Morocco,0,0,0,0,0,0,0,0,0,0,0,0,0,0,25.1,0,0
600,Morocco,1994,Africa,Government of Morocco,0,0,0,0,0,0,0,0,0,0,0,0,0,0,25.1,0,0
600,Morocco,1995,Africa,Government of Morocco,0,0,0,0,0,0,0,0,0,0,0,0,0,0,25.1,0,0
600,Morocco,1996,Africa,Government of Morocco,0,0,0,0,0,0,0,0,0,0,0,0,0,0,25.1,0,0
600,Morocco,1997,Africa,Government of Morocco,0,0,0,0,0,0,0,0,0,0,0,0,0,0,25.1,0,0
600,Morocco,1998,Africa,Government of Morocco,0,0,0,0,0,0,0,0,0,0,0,0,0,0,25.1,0,0
600,Morocco,1999,Africa,Government of Morocco,0,0,0,0,0,0,0,0,0,0,0,0,0,0,25.1,0,0
600,Morocco,2000,Africa,Government of Morocco,0,0,0,0,0,0,0,0,0,0,0,0,0,0,25.1,0,0
600,Morocco,2001,Africa,Government of Morocco,0,0,0,0,0,0,0,0,0,0,0,0,0,0,25.1,0,0
600,Morocco,2002,Africa,Government of Morocco,0,0,0,0,0,0,0,0,0,0,0,0,0,0,25.1,0,1
600,Morocco,2003,Africa,Government of Morocco,0,0,0,0,0,0,0,0,0,0,1,1,34,34,25.1,1,0
600,Morocco,2004,Africa,Government of Morocco,0,0,0,0,0,0,0,0,0,0,0,0,0,0,25.1,0,0
600,Morocco,2005,Africa,Government of Morocco,0,0,0,0,0,0,0,0,0,0,0,0,0,0,25.1,0,0
600,Morocco,2006,Africa,Government of Morocco,0,0,0,0,0,0,0,0,0,0,0,0,0,0,25.1,0,0
600,Morocco,2007,Africa,Government of Morocco,0,0,0,0,0,0,0,0,0,0,0,0,0,0,25.1,0,0
600,Morocco,2008,Africa,Government of Morocco,0,0,0,0,0,0,0,0,0,0,0,0,0,0,25.1,0,0
600,Morocco,2009,Africa,Government of Morocco,0,0,0,0,0,0,0,0,0,0,0,0,0,0,25.1,0,0
600,Morocco,2010,Africa,Government of Morocco,0,0,0,0,0,0,0,0,0,0,0,0,0,0,25.1,0,1
600,Morocco,2011,Africa,Government of Morocco,0,0,0,0,0,0,0,0,0,0,1,1,17,17,25.1,1,0
600,Morocco,2012,Africa,Government of Morocco,0,0,0,0,0,0,0,0,0,0,0,0,0,0,25.1,0,0
600,Morocco,2013,Africa,Government of Morocco,0,0,0,0,0,0,0,0,0,0,0,0,0,0,25.1,0,0
600,Morocco,2014,Africa,Government of Morocco,0,0,0,0,0,0,0,0,0,0,0,0,0,0,25.1,0,0
600,Morocco,2015,Africa,Government of Morocco,0,0,0,0,0,0,0,0,0,0,0,0,0,0,25.1,0,0
600,Morocco,2016,Africa,Government of Morocco,0,0,0,0,0,0,0,0,0,0,0,0,0,0,25.1,0,0
600,Morocco,2017,Africa,Government of Morocco,0,0,0,0,0,0,0,0,0,0,0,0,0,0,25.1,0,0
600,Morocco,2018,Africa,Government of Morocco,0,0,0,0,0,0,0,0,0,0,0,0,0,0,25.1,0,0
600,Morocco,2019,Africa,Government of Morocco,0,0,0,0,0,0,0,0,0,0,0,0,0,0,25.1,0,1
600,Morocco,2020,Africa,Government of Morocco,1,1,2,1,2,0,0,0,0,0,0,0,0,2,25.1,1,1
600,Morocco,2021,Africa,Government of Morocco,1,1,6,1,6,0,0,0,0,0,0,0,0,6,25.1,1,1
600,Morocco,2022,Africa,Government of Morocco,1,1,14,1,14,0,0,0,0,0,0,0,0,14,25.1,1,1
600,Morocco,2023,Africa,Government of Morocco,1,1,5,1,5,0,0,0,0,0,0,0,0,5,25.1,1,1
615,Algeria,1989,Africa,Government of Algeria,0,0,0,0,0,0,0,0,0,0,0,0,0,0,25.1,0,1
615,Algeria,1990,Africa,Government of Algeria,1,1,1,1,1,0,0,0,0,0,0,0,0,1,25.1,1,1
615,Algeria,1991,Africa,Government of Algeria,1,1,34,1,34,0,0,0,0,0,0,0,0,34,25.1,1,1
615,Algeria,1992,Africa,Government of Algeria,1,3,274,1,274,0,0,0,0,0,0,0,0,274,25.1,1,1
615,Algeria,1993,Africa,Government of Algeria,1,2,800,1,800,0,0,0,0,0,1,1,26,826,25.1,1,1
615,Algeria,1994,Africa,Government of Algeria,1,2,1916,1,1916,0,0,1,1,15,1,1,12,1943,25.1,1,1
615,Algeria,1995,Africa,Government of Algeria,1,2,3008,1,3008,0,0,1,1,51,0,0,0,3059,25.1,1,1
615,Algeria,1996,Africa,Government of Algeria,1,2,1084,1,1084,0,0,0,0,0,1,1,7,1091,25.1,1,1
615,Algeria,1997,Africa,Government of Algeria,1,2,1403,1,1403,0,0,1,1,250,1,1,355,2008,25.1,1,1
615,Algeria,1998,Africa,Government of Algeria,1,2,3032,1,3032,0,0,1,3,143,1,1,109,3284,25.1,1,1
615,Algeria,1999,Africa,Government of Algeria,1,3,1040,1,1040,0,0,1,1,3,1,1,125,1168,25.1,1,1
615,Algeria,2000,Africa,Government of Algeria,1,2,947,1,947,0,0,0,0,0,1,2,246,1193,25.1,1,1
615,Algeria,2001,Africa,Government of Algeria,1,2,642,1,642,0,0,0,0,0,1,1,32,674,25.1,1,1
615,Algeria,2002,Africa,Government of Algeria,1,2,539,1,539,0,0,0,0,0,1,2,519,1058,25.1,1,1
615,Algeria,2003,Africa,Government of Algeria,1,2,670,1,670,0,0,0,0,0,1,2,44,714,25.1,1,1
615,Algeria,2004,Africa,Government of Algeria,1,2,410,1,410,0,0,0,0,0,1,2,90,500,25.1,1,1
615,Algeria,2005,Africa,Government of Algeria,1,1,217,1,217,0,0,0,0,0,1,1,15,232,25.1,1,1
615,Algeria,2006,Africa,Government of Algeria,1,1,255,1,255,0,0,0,0,0,1,1,37,292,25.1,1,1
615,Algeria,2007,Africa,Government of Algeria,1,1,472,1,472,0,0,0,0,0,1,1,23,495,25.1,1,1
615,Algeria,2008,Africa,Government of Algeria,1,1,339,1,339,0,0,0,0,0,1,1,6,345,25.1,1,1
615,Algeria,2009,Africa,Government of Algeria,1,1,505,1,505,0,0,0,0,0,1,1,36,541,25.1,1,1
615,Algeria,2010,Africa,Government of Algeria,1,1,236,1,236,0,0,0,0,0,1,1,16,252,25.1,1,1
615,Algeria,2011,Africa,Government of Algeria,1,1,267,1,267,0,0,0,0,0,1,1,9,276,25.1,1,1
615,Algeria,2012,Africa,Government of Algeria,1,2,256,1,256,0,0,0,0,0,1,1,8,264,25.1,1,1
615,Algeria,2013,Africa,Government of Algeria,1,2,169,1,169,0,0,1,1,27,1,1,26,222,25.1,1,1
615,Algeria,2014,Africa,Government of Algeria,1,2,111,1,111,0,0,0,0,0,0,0,0,111,25.1,1,1
615,Algeria,2015,Africa,Government of Algeria,1,2,110,1,110,0,0,0,0,0,0,0,0,110,25.1,1,1
615,Algeria,2016,Africa,Government of Algeria,1,2,89,1,89,0,0,0,0,0,0,0,0,89,25.1,1,1
615,Algeria,2017,Africa,Government of Algeria,1,2,77,1,77,0,0,0,0,0,0,0,0,77,25.1,1,1
615,Algeria,2018,Africa,Government of Algeria,1,1,33,1,33,0,0,0,0,0,1,1,2,35,25.1,1,1
615,Algeria,2019,Africa,Government of Algeria,1,2,14,1,14,0,0,0,0,0,1,1,1,15,25.1,1,1
615,Algeria,2020,Africa,Government of Algeria,1,2,28,1,28,0,0,0,0,0,0,0,0,28,25.1,1,1
615,Algeria,2021,Africa,Government of Algeria,1,1,18,1,18,0,0,0,0,0,0,0,0,18,25.1,1,1
615,Algeria,2022,Africa,Government of Algeria,1,1,14,1,14,0,0,0,0,0,0,0,0,14,25.1,1,1
615,Algeria,2023,Africa,Government of Algeria,1,1,1,1,1,0,0,0,0,0,0,0,0,1,25.1,1,1
616,Tunisia,1989,Africa,Government of Tunisia,0,0,0,0,0,0,0,0,0,0,0,0,0,0,25.1,0,0
616,Tunisia,1990,Africa,Government of Tunisia,0,0,0,0,0,0,0,0,0,0,0,0,0,0,25.1,0,0
616,Tunisia,1991,Africa,Government of Tunisia,0,0,0,0,0,0,0,0,0,0,0,0,0,0,25.1,0,0
616,Tunisia,1992,Africa,Government of Tunisia,0,0,0,0,0,0,0,0,0,0,0,0,0,0,25.1,0,0
616,Tunisia,1993,Africa,Government of Tunisia,0,0,0,0,0,0,0,0,0,0,0,0,0,0,25.1,0,0
616,Tunisia,1994,Africa,Government of Tunisia,0,0,0,0,0,0,0,0,0,0,0,0,0,0,25.1,0,0
616,Tunisia,1995,Africa,Government of Tunisia,0,0,0,0,0,0,0,0,0,0,0,0,0,0,25.1,0,0
616,Tunisia,1996,Africa,Government of Tunisia,0,0,0,0,0,0,0,0,0,0,0,0,0,0,25.1,0,0
616,Tunisia,1997,Africa,Government of Tunisia,0,0,0,0,0,0,0,0,0,0,0,0,0,0,25.1,0,0
616,Tunisia,1998,Africa,Government of Tunisia,0,0,0,0,0,0,0,0,0,0,0,0,0,0,25.1,0,0
616,Tunisia,1999,Africa,Government of Tunisia,0,0,0,0,0,0,0,0,0,0,0,0,0,0,25.1,0,0
616,Tunisia,2000,Africa,Government of Tunisia,0,0,0,0,0,0,0,0,0,0,0,0,0,0,25.1,0,0
616,Tunisia,2001,Africa,Government of Tunisia,0,0,0,0,0,0,0,0,0,0,0,0,0,0,25.1,0,1
616,Tunisia,2002,Africa,Government of Tunisia,0,0,0,0,0,0,0,0,0,0,1,1,21,21,25.1,1,0
616,Tunisia,2003,Africa,Government of Tunisia,0,0,0,0,0,0,0,0,0,0,0,0,0,0,25.1,0,0
616,Tunisia,2004,Africa,Government of Tunisia,0,0,0,0,0,0,0,0,0,0,0,0,0,0,25.1,0,0
616,Tunisia,2005,Africa,Government of Tunisia,0,0,0,0,0,0,0,0,0,0,0,0,0,0,25.1,0,0
616,Tunisia,2006,Africa,Government of Tunisia,0,0,0,0,0,0,0,0,0,0,0,0,0,0,25.1,0,0
616,Tunisia,2007,Africa,Government of Tunisia,0,0,0,0,0,0,0,0,0,0,0,0,0,0,25.1,0,0
616,Tunisia,2008,Africa,Government of Tunisia,0,0,0,0,0,0,0,0,0,0,0,0,0,0,25.1,0,0
616,Tunisia,2009,Africa,Government of Tunisia,0,0,0,0,0,0,0,0,0,0,0,0,0,0,25.1,0,0
616,Tunisia,2010,Africa,Government of Tunisia,0,0,0,0,0,0,0,0,0,0,0,0,0,0,25.1,0,1
616,Tunisia,2011,Africa,Government of Tunisia,1,1,8,1,8,0,0,0,0,0,0,0,0,8,25.1,1,1
616,Tunisia,2012,Africa,Government of Tunisia,1,1,3,1,3,0,0,0,0,0,0,0,0,3,25.1,1,1
616,Tunisia,2013,Africa,Government of Tunisia,1,1,29,1,29,0,0,0,0,0,0,0,0,29,25.1,1,1
616,Tunisia,2014,Africa,Government of Tunisia,1,2,51,1,51,0,0,0,0,0,0,0,0,51,25.1,1,1
616,Tunisia,2015,Africa,Government of Tunisia,1,3,77,1,77,0,0,0,0,0,1,2,60,137,25.1,1,1
616,Tunisia,2016,Africa,Government of Tunisia,1,3,88,1,88,0,0,0,0,0,0,0,0,88,25.1,1,1
616,Tunisia,2017,Africa,Government of Tunisia,1,2,15,1,15,0,0,0,0,0,0,0,0,15,25.1,1,1
616,Tunisia,2018,Africa,Government of Tunisia,1,2,24,1,24,0,0,0,0,0,1,1,1,25,25.1,1,1
616,Tunisia,2019,Africa,Government of Tunisia,1,3,20,1,20,0,0,0,0,0,0,0,0,20,25.1,1,1
616,Tunisia,2020,Africa,Government of Tunisia,1,3,12,1,12,0,0,0,0,0,0,0,0,12,25.1,1,1
616,Tunisia,2021,Africa,Government of Tunisia,1,2,18,1,18,0,0,0,0,0,0,0,0,18,25.1,1,1
616,Tunisia,2022,Africa,Government of Tunisia,1,1,3,1,3,0,0,0,0,0,0,0,0,3,25.1,1,1
616,Tunisia,2023,Africa,Government of Tunisia,1,1,3,1,3,0,0,0,0,0,0,0,0,3,25.1,1,0
620,Libya,1989,Africa,Government of Libya,0,0,0,0,0,0,0,0,0,0,0,0,0,0,25.1,0,0
620,Libya,1990,Africa,Government of Libya,0,0,0,0,0,0,0,0,0,0,0,0,0,0,25.1,0,0
620,Libya,1991,Africa,Government of Libya,0,0,0,0,0,0,0,0,0,0,0,0,0,0,25.1,0,0
620,Libya,1992,Africa,Government of Libya,0,0,0,0,0,0,0,0,0,0,0,0,0,0,25.1,0,0
620,Libya,1993,Africa,Government of Libya,0,0,0,0,0,0,0,0,0,0,0,0,0,0,25.1,0,0
620,Libya,1994,Africa,Government of Libya,0,0,0,0,0,0,0,0,0,0,0,0,0,0,25.1,0,0
620,Libya,1995,Africa,Government of Libya,0,0,0,0,0,0,0,0,0,0,0,0,0,0,25.1,0,0
620,Libya,1996,Africa,Government of Libya,0,0,0,0,0,0,0,0,0,0,0,0,0,0,25.1,0,0
620,Libya,1997,Africa,Government of Libya,0,0,0,0,0,0,0,0,0,0,0,0,0,0,25.1,0,0
620,Libya,1998,Africa,Government of Libya,0,0,0,0,0,0,0,0,0,0,0,0,0,0,25.1,0,0
620,Libya,1999,Africa,Government of Libya,0,0,0,0,0,0,0,0,0,0,0,0,0,0,25.1,0,0
620,Libya,2000,Africa,Government of Libya,0,0,0,0,0,0,0,0,0,0,0,0,0,0,25.1,0,0
620,Libya,2001,Africa,Government of Libya,0,0,0,0,0,0,0,0,0,0,0,0,0,0,25.1,0,0
620,Libya,2002,Africa,Government of Libya,0,0,0,0,0,0,0,0,0,0,0,0,0,0,25.1,0,0
620,Libya,2003,Africa,Government of Libya,0,0,0,0,0,0,0,0,0,0,0,0,0,0,25.1,0,0
620,Libya,2004,Africa,Government of Libya,0,0,0,0,0,0,0,0,0,0,0,0,0,0,25.1,0,0
620,Libya,2005,Africa,Government of Libya,0,0,0,0,0,0,0,0,0,0,0,0,0,0,25.1,0,0
620,Libya,2006,Africa,Government of Libya,0,0,0,0,0,0,0,0,0,0,0,0,0,0,25.1,0,0
620,Libya,2007,Africa,Government of Libya,0,0,0,0,0,0,0,0,0,0,0,0,0,0,25.1,0,1
620,Libya,2008,Africa,Government of Libya,0,0,0,0,0,0,0,1,1,6,0,0,0,6,25.1,1,0
620,Libya,2009,Africa,Government of Libya,0,0,0,0,0,0,0,0,0,0,0,0,0,0,25.1,0,0
620,Libya,2010,Africa,Government of Libya,0,0,0,0,0,0,0,0,0,0,0,0,0,0,25.1,0,1
620,Libya,2011,Africa,Government of Libya,1,2,3762,1,3762,0,0,0,0,0,1,1,152,3914,25.1,1,1
620,Libya,2012,Africa,Government of Libya,1,1,1,1,1,0,0,1,3,377,0,0,0,378,25.1,1,1
620,Libya,2013,Africa,Government of Libya,1,1,31,1,31,0,0,1,2,5,0,0,0,36,25.1,1,1
620,Libya,2014,Africa,Government of Libya,1,3,286,1,286,0,0,1,9,1169,0,0,0,1455,25.1,1,1
620,Libya,2015,Africa,Government of Libya,1,3,275,1,275,0,0,1,8,1201,1,1,118,1594,25.1,1,1
620,Libya,2016,Africa,Government of Libya,1,4,1742,1,1742,0,0,1,9,591,1,1,16,2349,25.1,1,1
620,Libya,2017,Africa,Government of Libya,1,4,404,1,404,0,0,1,6,691,1,1,1,1096,25.1,1,1
620,Libya,2018,Africa,Government of Libya,1,1,44,1,44,0,0,1,9,620,1,1,6,670,25.1,1,1
620,Libya,2019,Africa,Government of Libya,1,2,1631,1,1631,0,0,1,3,152,1,2,3,1786,25.1,1,1
620,Libya,2020,Africa,Government of Libya,1,1,668,1,668,0,0,1,1,17,1,1,5,690,25.1,1,1
620,Libya,2021,Africa,Government of Libya,1,2,10,1,10,0,0,1,1,2,0,0,0,12,25.1,1,1
620,Libya,2022,Africa,Government of Libya,1,2,2,1,2,0,0,1,1,11,0,0,0,13,25.1,1,1
620,Libya,2023,Africa,Government of Libya,1,1,2,1,2,0,0,0,0,0,0,0,0,2,25.1,1,1
625,Sudan,1989,Africa,Government of Sudan,1,3,4515,1,4515,0,0,1,2,2018,1,1,1000,7533,25.1,1,1
625,Sudan,1990,Africa,Government of Sudan,1,2,5030,1,5030,0,0,1,1,35,1,2,270,5335,25.1,1,1
625,Sudan,1991,Africa,Government of Sudan,1,1,1313,1,1313,0,0,1,1,1002,1,2,2251,4566,25.1,1,1
625,Sudan,1992,Africa,Government of Sudan,1,1,1083,1,1083,0,0,1,3,1241,1,3,1990,4314,25.1,1,1
625,Sudan,1993,Africa,Government of Sudan,1,1,942,1,942,0,0,1,5,4010,1,3,1090,6042,25.1,1,1
625,Sudan,1994,Africa,Government of Sudan,1,1,337,1,337,0,0,1,2,167,1,2,473,977,25.1,1,1
625,Sudan,1995,Africa,Government of Sudan,1,2,1036,1,1036,0,0,1,2,100,1,3,358,1494,25.1,1,1
625,Sudan,1996,Africa,Government of Sudan,1,2,2289,1,2289,0,0,1,4,385,1,3,61,2735,25.1,1,1
625,Sudan,1997,Africa,Government of Sudan,1,3,3859,1,3859,0,0,1,5,645,1,3,368,4872,25.1,1,1
625,Sudan,1998,Africa,Government of Sudan,1,2,4891,1,4891,0,0,1,3,407,1,3,660,5958,25.1,1,1
625,Sudan,1999,Africa,Government of Sudan,1,2,1408,1,1408,0,0,1,3,544,1,2,115,2067,25.1,1,1
625,Sudan,2000,Africa,Government of Sudan,1,2,2841,1,2841,0,0,1,2,401,1,2,295,3537,25.1,1,1
625,Sudan,2001,Africa,Government of Sudan,1,3,3457,1,3457,0,0,1,1,70,1,3,192,3719,25.1,1,1
625,Sudan,2002,Africa,Government of Sudan,1,3,2312,1,2312,0,0,1,3,173,1,4,722,3207,25.1,1,1
625,Sudan,2003,Africa,Government of Sudan,1,4,2008,1,2008,0,0,1,1,186,1,5,2816,5010,25.1,1,1
625,Sudan,2004,Africa,Government of Sudan,1,4,3671,1,3671,0,0,1,3,212,1,5,5829,9712,25.1,1,1
625,Sudan,2005,Africa,Government of Sudan,1,2,246,1,246,0,0,1,5,500,1,5,759,1505,25.1,1,1
625,Sudan,2006,Africa,Government of Sudan,1,4,1030,1,1030,0,0,1,4,417,1,5,740,2187,25.1,1,1
625,Sudan,2007,Africa,Government of Sudan,1,5,242,1,242,0,0,1,7,754,1,4,184,1180,25.1,1,1
625,Sudan,2008,Africa,Government of Sudan,1,4,620,1,620,0,0,1,4,289,1,5,332,1241,25.1,1,1
625,Sudan,2009,Africa,Government of Sudan,1,3,373,1,373,0,0,1,11,2127,1,3,189,2689,25.1,1,1
625,Sudan,2010,Africa,Government of Sudan,1,6,1056,1,1056,0,0,1,6,652,1,3,82,1790,25.1,1,1
625,Sudan,2011,Africa,Government of Sudan,1,9,1404,1,1404,0,0,1,6,983,1,3,180,2567,25.1,1,1
625,Sudan,2012,Africa,Government of Sudan,1,2,1411,1,1173,1,238,1,2,64,1,2,50,1525,25.1,1,1
625,Sudan,2013,Africa,Government of Sudan,1,3,597,1,597,1,0,1,8,1335,1,1,27,1959,25.1,1,1
625,Sudan,2014,Africa,Government of Sudan,1,3,849,1,849,0,0,1,7,969,1,1,94,1912,25.1,1,1
625,Sudan,2015,Africa,Government of Sudan,1,3,1264,1,1264,0,0,1,12,923,1,1,371,2558,25.1,1,1
625,Sudan,2016,Africa,Government of Sudan,1,3,1316,1,1316,0,0,1,14,232,1,2,449,1997,25.1,1,1
625,Sudan,2017,Africa,Government of Sudan,1,4,166,1,166,0,0,1,11,316,1,2,66,548,25.1,1,1
625,Sudan,2018,Africa,Government of Sudan,1,3,254,1,254,0,0,1,7,103,1,1,75,432,25.1,1,1
625,Sudan,2019,Africa,Government of Sudan,1,1,23,1,23,0,0,1,5,193,1,2,219,435,25.1,1,1
625,Sudan,2020,Africa,Government of Sudan,1,2,48,1,48,0,0,1,9,518,1,3,61,627,25.1,1,1
625,Sudan,2021,Africa,Government of Sudan,1,1,31,1,31,0,0,1,11,726,1,3,105,862,25.1,1,1
625,Sudan,2022,Africa,Government of Sudan,1,2,54,1,54,0,0,1,14,1279,1,1,74,1407,25.1,1,1
625,Sudan,2023,Africa,Government of Sudan,1,2,5353,1,5353,0,0,1,9,692,1,2,1792,7837,25.1,1,1
626,South Sudan,2011,Africa,Government of South Sudan,1,3,220,1,220,0,0,1,4,974,0,0,0,1194,25.1,1,1
626,South Sudan,2012,Africa,Government of South Sudan,1,2,266,1,137,1,129,1,6,528,1,3,70,864,25.1,1,1
626,South Sudan,2013,Africa,Government of South Sudan,1,3,927,1,926,1,1,1,4,215,1,4,685,1827,25.1,1,1
626,South Sudan,2014,Africa,Government of South Sudan,1,3,1674,1,1674,1,0,1,3,30,1,2,787,2491,25.1,1,1
626,South Sudan,2015,Africa,Government of South Sudan,1,3,493,1,493,0,0,1,6,291,1,3,353,1137,25.1,1,1
626,South Sudan,2016,Africa,Government of South Sudan,1,1,735,1,735,0,0,1,5,333,1,3,235,1303,25.1,1,1
626,South Sudan,2017,Africa,Government of South Sudan,1,1,484,1,484,0,0,1,10,533,1,2,254,1271,25.1,1,1
626,South Sudan,2018,Africa,Government of South Sudan,1,2,543,1,543,0,0,1,12,492,1,3,194,1229,25.1,1,1
626,South Sudan,2019,Africa,Government of South Sudan,1,2,115,1,115,0,0,1,11,409,1,2,118,642,25.1,1,1
626,South Sudan,2020,Africa,Government of South Sudan,1,2,64,1,64,0,0,1,13,656,1,1,28,748,25.1,1,1
626,South Sudan,2021,Africa,Government of South Sudan,1,2,188,1,188,0,0,1,11,657,1,1,46,891,25.1,1,1
626,South Sudan,2022,Africa,Government of South Sudan,1,1,23,1,23,0,0,1,10,612,1,1,93,728,25.1,1,1
626,South Sudan,2023,Africa,Government of South Sudan,1,1,2,1,2,0,0,1,4,184,1,1,38,224,25.1,1,1
630,Iran,1989,Middle East,Government of Iran,0,0,0,0,0,0,0,0,0,0,0,0,0,0,25.1,0,1
630,Iran,1990,Middle East,Government of Iran,1,1,31,1,31,0,0,0,0,0,0,0,0,31,25.1,1,1
630,Iran,1991,Middle East,Government of Iran,1,2,44,1,44,0,0,0,0,0,0,0,0,44,25.1,1,1
630,Iran,1992,Middle East,Government of Iran,1,1,4,1,4,0,0,0,0,0,0,0,0,4,25.1,1,1
630,Iran,1993,Middle East,Government of Iran,1,2,153,1,153,0,0,0,0,0,0,0,0,153,25.1,1,1
630,Iran,1994,Middle East,Government of Iran,1,1,16,1,16,0,0,0,0,0,0,0,0,16,25.1,1,1
630,Iran,1995,Middle East,Government of Iran,1,1,17,1,17,0,0,0,0,0,0,0,0,17,25.1,1,1
630,Iran,1996,Middle East,Government of Iran,1,2,34,1,34,0,0,0,0,0,0,0,0,34,25.1,1,1
630,Iran,1997,Middle East,Government of Iran,1,1,37,1,37,0,0,0,0,0,0,0,0,37,25.1,1,1
630,Iran,1998,Middle East,Government of Iran,1,1,13,1,13,0,0,0,0,0,0,0,0,13,25.1,1,1
630,Iran,1999,Middle East,Government of Iran,1,1,19,1,19,0,0,0,0,0,0,0,0,19,25.1,1,1
630,Iran,2000,Middle East,Government of Iran,1,1,40,1,40,0,0,0,0,0,1,1,1,41,25.1,1,1
630,Iran,2001,Middle East,Government of Iran,1,1,112,1,112,0,0,0,0,0,0,0,0,112,25.1,1,0
630,Iran,2002,Middle East,Government of Iran,0,0,0,0,0,0,0,0,0,0,0,0,0,0,25.1,0,1
630,Iran,2003,Middle East,Government of Iran,1,1,2,1,2,0,0,0,0,0,0,0,0,2,25.1,1,0
630,Iran,2004,Middle East,Government of Iran,0,0,0,0,0,0,0,0,0,0,0,0,0,0,25.1,0,1
630,Iran,2005,Middle East,Government of Iran,1,2,29,1,29,0,0,0,0,0,1,1,25,54,25.1,1,1
630,Iran,2006,Middle East,Government of Iran,1,2,52,1,52,0,0,0,0,0,1,1,9,61,25.1,1,1
630,Iran,2007,Middle East,Government of Iran,1,2,86,1,86,0,0,0,0,0,0,0,0,86,25.1,1,1
630,Iran,2008,Middle East,Government of Iran,1,2,117,1,117,0,0,0,0,0,1,1,1,118,25.1,1,1
630,Iran,2009,Middle East,Government of Iran,1,2,133,1,133,0,0,0,0,0,1,2,75,208,25.1,1,1
630,Iran,2010,Middle East,Government of Iran,1,2,96,1,96,0,0,0,0,0,1,1,5,101,25.1,1,1
630,Iran,2011,Middle East,Government of Iran,1,2,220,1,220,0,0,0,0,0,0,0,0,220,25.1,1,1
630,Iran,2012,Middle East,Government of Iran,1,2,17,1,17,0,0,0,0,0,0,0,0,17,25.1,1,1
630,Iran,2013,Middle East,Government of Iran,1,1,11,1,11,0,0,0,0,0,0,0,0,11,25.1,1,1
630,Iran,2014,Middle East,Government of Iran,1,2,5,1,5,0,0,0,0,0,0,0,0,5,25.1,1,1
630,Iran,2015,Middle East,Government of Iran,1,2,25,1,25,0,0,0,0,0,0,0,0,25,25.1,1,1
630,Iran,2016,Middle East,Government of Iran,1,4,69,1,69,0,0,0,0,0,0,0,0,69,25.1,1,1
630,Iran,2017,Middle East,Government of Iran,1,4,58,1,58,0,0,0,0,0,0,0,0,58,25.1,1,1
630,Iran,2018,Middle East,Government of Iran,1,5,91,1,91,0,0,0,0,0,1,1,1,92,25.1,1,1
630,Iran,2019,Middle East,Government of Iran,1,3,61,1,61,0,0,0,0,0,1,1,252,313,25.1,1,1
630,Iran,2020,Middle East,Government of Iran,1,5,219,1,42,1,177,0,0,0,1,1,27,246,25.1,1,1
630,Iran,2021,Middle East,Government of Iran,1,4,56,1,56,0,0,0,0,0,1,1,26,82,25.1,1,1
630,Iran,2022,Middle East,Government of Iran,1,3,40,1,40,0,0,0,0,0,1,1,211,251,25.1,1,1
630,Iran,2023,Middle East,Government of Iran,1,3,40,1,40,0,0,0,0,0,1,1,3,43,25.1,1,1
640,Turkey,1989,Middle East,Government of Turkey,1,1,442,1,442,0,0,0,0,0,1,1,96,538,25.1,1,1
640,Turkey,1990,Middle East,Government of Turkey,1,3,544,1,544,0,0,0,0,0,1,1,86,630,25.1,1,1
640,Turkey,1991,Middle East,Government of Turkey,1,3,397,1,397,0,0,0,0,0,1,2,51,448,25.1,1,1
640,Turkey,1992,Middle East,Government of Turkey,1,3,1710,1,1710,0,0,0,0,0,1,1,216,1926,25.1,1,1
640,Turkey,1993,Middle East,Government of Turkey,1,3,2346,1,2346,0,0,0,0,0,1,1,419,2765,25.1,1,1
640,Turkey,1994,Middle East,Government of Turkey,1,4,3975,1,3975,0,0,0,0,0,1,1,207,4182,25.1,1,1
640,Turkey,1995,Middle East,Government of Turkey,1,3,3586,1,3586,0,0,0,0,0,1,1,64,3650,25.1,1,1
640,Turkey,1996,Middle East,Government of Turkey,1,4,3776,1,3776,0,0,0,0,0,1,1,35,3811,25.1,1,1
640,Turkey,1997,Middle East,Government of Turkey,1,2,2581,1,2581,0,0,0,0,0,1,1,19,2600,25.1,1,1
640,Turkey,1998,Middle East,Government of Turkey,1,3,2033,1,2033,0,0,0,0,0,1,1,25,2058,25.1,1,1
640,Turkey,1999,Middle East,Government of Turkey,1,3,1116,1,1116,0,0,0,0,0,1,1,39,1155,25.1,1,1
640,Turkey,2000,Middle East,Government of Turkey,1,2,153,1,153,0,0,0,0,0,0,0,0,153,25.1,1,1
640,Turkey,2001,Middle East,Government of Turkey,1,3,120,1,120,0,0,0,0,0,0,0,0,120,25.1,1,1
640,Turkey,2002,Middle East,Government of Turkey,1,3,34,1,34,0,0,0,0,0,0,0,0,34,25.1,1,1
640,Turkey,2003,Middle East,Government of Turkey,1,4,105,1,105,0,0,0,0,0,1,2,45,150,25.1,1,1
640,Turkey,2004,Middle East,Government of Turkey,1,4,220,1,220,0,0,0,0,0,1,1,1,221,25.1,1,1
640,Turkey,2005,Middle East,Government of Turkey,1,4,295,1,295,0,0,0,0,0,0,0,0,295,25.1,1,1
640,Turkey,2006,Middle East,Government of Turkey,1,2,226,1,226,0,0,0,0,0,0,0,0,226,25.1,1,1
640,Turkey,2007,Middle East,Government of Turkey,1,2,495,1,495,0,0,0,0,0,1,1,7,502,25.1,1,1
640,Turkey,2008,Middle East,Government of Turkey,1,2,474,1,474,0,0,0,0,0,1,1,17,491,25.1,1,1
640,Turkey,2009,Middle East,Government of Turkey,1,1,138,1,138,0,0,0,0,0,0,0,0,138,25.1,1,1
640,Turkey,2010,Middle East,Government of Turkey,1,3,234,1,234,0,0,0,0,0,0,0,0,234,25.1,1,1
640,Turkey,2011,Middle East,Government of Turkey,1,5,410,1,410,0,0,0,0,0,0,0,0,410,25.1,1,1
640,Turkey,2012,Middle East,Government of Turkey,1,3,788,1,788,0,0,0,0,0,1,1,1,789,25.1,1,1
640,Turkey,2013,Middle East,Government of Turkey,1,1,20,1,20,0,0,1,1,3,1,1,52,75,25.1,1,1
640,Turkey,2014,Middle East,Government of Turkey,1,2,11,1,11,0,0,0,0,0,0,0,0,11,25.1,1,1
640,Turkey,2015,Middle East,Government of Turkey,1,4,915,1,915,0,0,0,0,0,1,2,146,1061,25.1,1,1
640,Turkey,2016,Middle East,Government of Turkey,1,6,1445,1,1445,0,0,0,0,0,1,2,116,1561,25.1,1,1
640,Turkey,2017,Middle East,Government of Turkey,1,4,415,1,415,0,0,0,0,0,1,2,47,462,25.1,1,1
640,Turkey,2018,Middle East,Government of Turkey,1,1,454,1,454,0,0,1,2,7,0,0,0,461,25.1,1,1
640,Turkey,2019,Middle East,Government of Turkey,1,1,281,1,281,0,0,1,1,21,1,1,9,311,25.1,1,1
640,Turkey,2020,Middle East,Government of Turkey,1,2,214,1,214,0,0,0,0,0,1,1,12,226,25.1,1,1
640,Turkey,2021,Middle East,Government of Turkey,1,1,130,1,130,0,0,1,1,2,0,0,0,132,25.1,1,1
640,Turkey,2022,Middle East,Government of Turkey,1,1,96,1,96,0,0,1,1,4,1,1,7,107,25.1,1,1
640,Turkey,2023,Middle East,Government of Turkey,1,1,106,1,106,0,0,0,0,0,1,1,2,108,25.1,1,1
645,Iraq,1989,Middle East,Government of Iraq,1,2,50,1,50,0,0,0,0,0,0,0,0,50,25.1,1,1
645,Iraq,1990,Middle East,Government of Iraq,1,2,94,1,94,0,0,0,0,0,1,1,23,117,25.1,1,1
645,Iraq,1991,Middle East,Government of Iraq,1,6,22758,1,1506,1,21252,0,0,0,1,1,1743,24501,25.1,1,1
645,Iraq,1992,Middle East,Government of Iraq,1,5,343,1,343,0,0,1,3,345,1,1,158,846,25.1,1,1
645,Iraq,1993,Middle East,Government of Iraq,1,4,110,1,110,0,0,1,2,125,1,1,133,368,25.1,1,1
645,Iraq,1994,Middle East,Government of Iraq,1,3,243,1,243,0,0,1,2,708,1,1,44,995,25.1,1,1
645,Iraq,1995,Middle East,Government of Iraq,1,4,766,1,766,0,0,1,2,668,1,2,103,1537,25.1,1,1
645,Iraq,1996,Middle East,Government of Iraq,1,4,597,1,597,0,0,1,1,130,1,1,105,832,25.1,1,1
645,Iraq,1997,Middle East,Government of Iraq,1,2,1300,1,1300,0,0,1,2,328,1,1,0,1628,25.1,1,1
645,Iraq,1998,Middle East,Government of Iraq,1,2,50,1,50,0,0,1,1,3,1,1,43,96,25.1,1,1
645,Iraq,1999,Middle East,Government of Iraq,1,2,271,1,271,0,0,0,0,0,1,2,37,308,25.1,1,1
645,Iraq,2000,Middle East,Government of Iraq,1,2,53,1,53,0,0,1,2,132,1,1,8,193,25.1,1,1
645,Iraq,2001,Middle East,Government of Iraq,1,2,36,1,36,0,0,1,1,20,0,0,0,56,25.1,1,1
645,Iraq,2002,Middle East,Government of Iraq,1,1,26,1,26,0,0,1,1,85,0,0,0,111,25.1,1,1
645,Iraq,2003,Middle East,Government of Iraq,1,3,7929,1,2,1,7927,1,1,66,1,2,26,8021,25.1,1,1
645,Iraq,2004,Middle East,Government of Iraq,1,6,4105,1,4105,0,0,1,1,126,1,3,135,4366,25.1,1,1
645,Iraq,2005,Middle East,Government of Iraq,1,4,2617,1,2617,0,0,1,1,1,1,4,903,3521,25.1,1,1
645,Iraq,2006,Middle East,Government of Iraq,1,4,3928,1,3928,0,0,1,1,2,1,5,668,4598,25.1,1,1
645,Iraq,2007,Middle East,Government of Iraq,1,6,2217,1,2217,0,0,1,2,148,1,3,2124,4489,25.1,1,1
645,Iraq,2008,Middle East,Government of Iraq,1,5,2239,1,2239,0,0,0,0,0,1,1,526,2765,25.1,1,1
645,Iraq,2009,Middle East,Government of Iraq,1,4,1049,1,1049,0,0,0,0,0,1,2,671,1720,25.1,1,1
645,Iraq,2010,Middle East,Government of Iraq,1,3,1119,1,1119,0,0,0,0,0,1,1,738,1857,25.1,1,1
645,Iraq,2011,Middle East,Government of Iraq,1,4,1043,1,1043,0,0,0,0,0,1,1,322,1365,25.1,1,1
645,Iraq,2012,Middle East,Government of Iraq,1,2,638,1,638,0,0,0,0,0,1,1,769,1407,25.1,1,1
645,Iraq,2013,Middle East,Government of Iraq,1,3,1882,1,1882,0,0,1,1,13,1,1,2115,4010,25.1,1,1
645,Iraq,2014,Middle East,Government of Iraq,1,1,13168,1,13168,0,0,1,1,64,1,1,3205,16437,25.1,1,1
645,Iraq,2015,Middle East,Government of Iraq,1,2,10139,1,10139,0,0,1,1,26,1,2,1139,11304,25.1,1,1
645,Iraq,2016,Middle East,Government of Iraq,1,4,9622,1,9622,0,0,0,0,0,1,2,2403,12025,25.1,1,1
645,Iraq,2017,Middle East,Government of Iraq,1,2,10228,1,10228,0,0,0,0,0,1,2,1189,11417,25.1,1,1
645,Iraq,2018,Middle East,Government of Iraq,1,4,1274,1,1274,0,0,0,0,0,1,2,174,1448,25.1,1,1
645,Iraq,2019,Middle East,Government of Iraq,1,3,787,1,787,0,0,0,0,0,1,2,173,960,25.1,1,1
645,Iraq,2020,Middle East,Government of Iraq,1,5,889,1,878,1,11,0,0,0,1,2,56,945,25.1,1,1
645,Iraq,2021,Middle East,Government of Iraq,1,4,861,1,861,0,0,0,0,0,1,2,153,1014,25.1,1,1
645,Iraq,2022,Middle East,Government of Iraq,1,4,1013,1,1012,1,1,0,0,0,1,2,14,1027,25.1,1,1
645,Iraq,2023,Middle East,Government of Iraq,1,2,469,1,469,0,0,0,0,0,1,1,29,498,25.1,1,1
651,Egypt,1989,Middle East,Government of Egypt,0,0,0,0,0,0,0,0,0,0,0,0,0,0,25.1,0,1
651,Egypt,1990,Middle East,Government of Egypt,0,0,0,0,0,0,0,0,0,0,1,1,4,4,25.1,1,0
651,Egypt,1991,Middle East,Government of Egypt,0,0,0,0,0,0,0,0,0,0,0,0,0,0,25.1,0,1
651,Egypt,1992,Middle East,Government of Egypt,1,1,11,1,11,0,0,0,0,0,1,1,2,13,25.1,1,1
651,Egypt,1993,Middle East,Government of Egypt,1,1,103,1,103,0,0,0,0,0,1,1,5,108,25.1,1,1
651,Egypt,1994,Middle East,Government of Egypt,1,1,145,1,145,0,0,0,0,0,1,2,17,162,25.1,1,1
651,Egypt,1995,Middle East,Government of Egypt,1,1,187,1,187,0,0,1,1,6,1,1,40,233,25.1,1,1
651,Egypt,1996,Middle East,Government of Egypt,1,1,85,1,85,0,0,0,0,0,1,1,64,149,25.1,1,1
651,Egypt,1997,Middle East,Government of Egypt,1,1,66,1,66,0,0,0,0,0,1,1,77,143,25.1,1,1
651,Egypt,1998,Middle East,Government of Egypt,1,1,27,1,27,0,0,0,0,0,1,1,2,29,25.1,1,1
651,Egypt,1999,Middle East,Government of Egypt,1,1,4,1,4,0,0,0,0,0,0,0,0,4,25.1,1,1
651,Egypt,2000,Middle East,Government of Egypt,1,1,2,1,2,0,0,1,1,3,0,0,0,5,25.1,1,0
651,Egypt,2001,Middle East,Government of Egypt,0,0,0,0,0,0,0,0,0,0,0,0,0,0,25.1,0,0
651,Egypt,2002,Middle East,Government of Egypt,0,0,0,0,0,0,0,0,0,0,0,0,0,0,25.1,0,0
651,Egypt,2003,Middle East,Government of Egypt,0,0,0,0,0,0,0,0,0,0,0,0,0,0,25.1,0,1
651,Egypt,2004,Middle East,Government of Egypt,0,0,0,0,0,0,0,1,1,1,1,1,34,35,25.1,1,1
651,Egypt,2005,Middle East,Government of Egypt,0,0,0,0,0,0,0,0,0,0,1,2,124,124,25.1,1,1
651,Egypt,2006,Middle East,Government of Egypt,0,0,0,0,0,0,0,1,1,2,0,0,0,2,25.1,1,0
651,Egypt,2007,Middle East,Government of Egypt,0,0,0,0,0,0,0,0,0,0,0,0,0,0,25.1,0,1
651,Egypt,2008,Middle East,Government of Egypt,0,0,0,0,0,0,0,1,1,2,0,0,0,2,25.1,1,1
651,Egypt,2009,Middle East,Government of Egypt,0,0,0,0,0,0,0,1,1,1,0,0,0,1,25.1,1,1
651,Egypt,2010,Middle East,Government of Egypt,1,1,1,1,1,0,0,0,0,0,0,0,0,1,25.1,1,1
651,Egypt,2011,Middle East,Government of Egypt,0,0,0,0,0,0,0,1,1,31,0,0,0,31,25.1,1,1
651,Egypt,2012,Middle East,Government of Egypt,0,0,0,0,0,0,0,1,2,75,0,0,0,75,25.1,1,1
651,Egypt,2013,Middle East,Government of Egypt,0,0,0,0,0,0,0,1,2,130,1,1,5,135,25.1,1,1
651,Egypt,2014,Middle East,Government of Egypt,1,2,208,1,208,0,0,1,3,41,0,0,0,249,25.1,1,1
651,Egypt,2015,Middle East,Government of Egypt,1,1,767,1,767,0,0,0,0,0,1,1,224,991,25.1,1,1
651,Egypt,2016,Middle East,Government of Egypt,1,2,367,1,367,0,0,1,1,1,1,1,36,404,25.1,1,1
651,Egypt,2017,Middle East,Government of Egypt,1,3,497,1,497,0,0,0,0,0,1,1,405,902,25.1,1,1
651,Egypt,2018,Middle East,Government of Egypt,1,2,680,1,680,0,0,0,0,0,1,2,12,692,25.1,1,1
651,Egypt,2019,Middle East,Government of Egypt,1,2,637,1,637,0,0,0,0,0,1,1,27,664,25.1,1,1
651,Egypt,2020,Middle East,Government of Egypt,1,1,527,1,527,0,0,0,0,0,1,2,20,547,25.1,1,1
651,Egypt,2021,Middle East,Government of Egypt,1,1,112,1,112,0,0,0,0,0,1,1,12,124,25.1,1,1
651,Egypt,2022,Middle East,Government of Egypt,1,1,231,1,231,0,0,0,0,0,1,1,5,236,25.1,1,1
651,Egypt,2023,Middle East,Government of Egypt,1,1,1,1,1,0,0,0,0,0,1,1,5,6,25.1,1,0
652,Syria,1989,Middle East,Government of Syria,0,0,0,0,0,0,0,0,0,0,0,0,0,0,25.1,0,0
652,Syria,1990,Middle East,Government of Syria,0,0,0,0,0,0,0,0,0,0,0,0,0,0,25.1,0,0
652,Syria,1991,Middle East,Government of Syria,0,0,0,0,0,0,0,0,0,0,0,0,0,0,25.1,0,0
652,Syria,1992,Middle East,Government of Syria,0,0,0,0,0,0,0,0,0,0,0,0,0,0,25.1,0,0
652,Syria,1993,Middle East,Government of Syria,0,0,0,0,0,0,0,0,0,0,0,0,0,0,25.1,0,0
652,Syria,1994,Middle East,Government of Syria,0,0,0,0,0,0,0,0,0,0,0,0,0,0,25.1,0,0
652,Syria,1995,Middle East,Government of Syria,0,0,0,0,0,0,0,0,0,0,0,0,0,0,25.1,0,0
652,Syria,1996,Middle East,Government of Syria,0,0,0,0,0,0,0,0,0,0,0,0,0,0,25.1,0,0
652,Syria,1997,Middle East,Government of Syria,0,0,0,0,0,0,0,0,0,0,0,0,0,0,25.1,0,0
652,Syria,1998,Middle East,Government of Syria,0,0,0,0,0,0,0,0,0,0,0,0,0,0,25.1,0,0
652,Syria,1999,Middle East,Government of Syria,0,0,0,0,0,0,0,0,0,0,0,0,0,0,25.1,0,0
652,Syria,2000,Middle East,Government of Syria,0,0,0,0,0,0,0,0,0,0,0,0,0,0,25.1,0,0
652,Syria,2001,Middle East,Government of Syria,0,0,0,0,0,0,0,0,0,0,0,0,0,0,25.1,0,0
652,Syria,2002,Middle East,Government of Syria,0,0,0,0,0,0,0,0,0,0,0,0,0,0,25.1,0,0
652,Syria,2003,Middle East,Government of Syria,0,0,0,0,0,0,0,0,0,0,0,0,0,0,25.1,0,1
652,Syria,2004,Middle East,Government of Syria,1,1,1,1,1,0,0,0,0,0,1,1,7,8,25.1,1,0
652,Syria,2005,Middle East,Government of Syria,0,0,0,0,0,0,0,0,0,0,0,0,0,0,25.1,0,0
652,Syria,2006,Middle East,Government of Syria,0,0,0,0,0,0,0,0,0,0,0,0,0,0,25.1,0,0
652,Syria,2007,Middle East,Government of Syria,0,0,0,0,0,0,0,0,0,0,0,0,0,0,25.1,0,1
652,Syria,2008,Middle East,Government of Syria,1,1,1,1,1,0,0,0,0,0,0,0,0,1,25.1,1,0
652,Syria,2009,Middle East,Government of Syria,0,0,0,0,0,0,0,0,0,0,0,0,0,0,25.1,0,0
652,Syria,2010,Middle East,Government of Syria,0,0,0,0,0,0,0,0,0,0,0,0,0,0,25.1,0,1
652,Syria,2011,Middle East,Government of Syria,1,2,1206,1,1206,0,0,1,1,30,1,2,3111,4347,25.1,1,1
652,Syria,2012,Middle East,Government of Syria,1,2,50485,1,50485,0,0,1,2,110,1,3,3104,53699,25.1,1,1
652,Syria,2013,Middle East,Government of Syria,1,4,72013,1,72013,0,0,1,17,1227,1,5,3260,76500,25.1,1,1
652,Syria,2014,Middle East,Government of Syria,1,6,66071,1,66071,0,0,1,35,10413,1,4,2205,78689,25.1,1,1
652,Syria,2015,Middle East,Government of Syria,1,9,51098,1,51098,0,0,1,23,6509,1,5,2002,59609,25.1,1,1
652,Syria,2016,Middle East,Government of Syria,1,7,44939,1,44939,0,0,1,24,7939,1,4,1013,53891,25.1,1,1
652,Syria,2017,Middle East,Government of Syria,1,8,25044,1,25042,1,2,1,21,12496,1,4,977,38517,25.1,1,1
652,Syria,2018,Middle East,Government of Syria,1,5,13246,1,13135,1,111,1,20,7689,1,4,795,21730,25.1,1,1
652,Syria,2019,Middle East,Government of Syria,1,7,7550,1,7412,1,138,1,5,3485,1,4,173,11208,25.1,1,1
652,Syria,2020,Middle East,Government of Syria,1,7,4875,1,4603,1,272,1,5,716,1,4,99,5690,25.1,1,1
652,Syria,2021,Middle East,Government of Syria,1,5,1542,1,1376,1,166,1,4,318,1,4,88,1948,25.1,1,1
652,Syria,2022,Middle East,Government of Syria,1,4,973,1,918,1,55,1,2,612,1,4,86,1671,25.1,1,1
652,Syria,2023,Middle East,Government of Syria,1,4,1660,1,1500,1,160,1,4,471,1,4,56,2187,25.1,1,1
660,Lebanon,1989,Middle East,Government of Lebanon,1,5,780,1,780,0,0,1,5,317,0,0,0,1097,25.1,1,1
660,Lebanon,1990,Middle East,Government of Lebanon,1,5,765,1,765,0,0,1,4,1138,0,0,0,1903,25.1,1,1
660,Lebanon,1991,Middle East,Government of Lebanon,1,4,45,1,45,0,0,1,1,23,0,0,0,68,25.1,1,1
660,Lebanon,1992,Middle East,Government of Lebanon,1,4,102,1,102,0,0,1,1,30,0,0,0,132,25.1,1,1
660,Lebanon,1993,Middle East,Government of Lebanon,1,4,137,1,137,0,0,1,1,26,1,1,2,165,25.1,1,1
660,Lebanon,1994,Middle East,Government of Lebanon,1,4,95,1,95,0,0,1,1,48,1,1,1,144,25.1,1,1
660,Lebanon,1995,Middle East,Government of Lebanon,1,2,90,1,90,0,0,1,1,36,0,0,0,126,25.1,1,1
660,Lebanon,1996,Middle East,Government of Lebanon,1,2,93,1,93,0,0,1,1,19,1,2,102,214,25.1,1,1
660,Lebanon,1997,Middle East,Government of Lebanon,1,2,89,1,89,0,0,1,1,16,1,1,0,105,25.1,1,1
660,Lebanon,1998,Middle East,Government of Lebanon,1,1,54,1,54,0,0,1,1,31,1,1,0,85,25.1,1,1
660,Lebanon,1999,Middle East,Government of Lebanon,1,2,43,1,43,0,0,1,2,31,0,0,0,74,25.1,1,1
660,Lebanon,2000,Middle East,Government of Lebanon,1,2,29,1,29,0,0,1,2,29,1,1,1,59,25.1,1,1
660,Lebanon,2001,Middle East,Government of Lebanon,1,2,4,1,4,0,0,0,0,0,0,0,0,4,25.1,1,1
660,Lebanon,2002,Middle East,Government of Lebanon,1,1,0,1,0,0,0,0,0,0,0,0,0,0,25.1,1,1
660,Lebanon,2003,Middle East,Government of Lebanon,1,1,1,1,1,0,0,0,0,0,0,0,0,1,25.1,1,0
660,Lebanon,2004,Middle East,Government of Lebanon,0,0,0,0,0,0,0,0,0,0,0,0,0,0,25.1,0,1
660,Lebanon,2005,Middle East,Government of Lebanon,1,1,3,1,3,0,0,0,0,0,0,0,0,3,25.1,1,1
660,Lebanon,2006,Middle East,Government of Lebanon,1,3,1189,1,1189,0,0,0,0,0,1,1,5,1194,25.1,1,0
660,Lebanon,2007,Middle East,Government of Lebanon,0,0,0,0,0,0,0,0,0,0,0,0,0,0,25.1,0,1
660,Lebanon,2008,Middle East,Government of Lebanon,0,0,0,0,0,0,0,1,1,38,0,0,0,38,25.1,1,0
660,Lebanon,2009,Middle East,Government of Lebanon,0,0,0,0,0,0,0,0,0,0,0,0,0,0,25.1,0,0
660,Lebanon,2010,Middle East,Government of Lebanon,0,0,0,0,0,0,0,0,0,0,0,0,0,0,25.1,0,1
660,Lebanon,2011,Middle East,Government of Lebanon,0,0,0,0,0,0,0,0,0,0,1,1,4,4,25.1,1,1
660,Lebanon,2012,Middle East,Government of Lebanon,0,0,0,0,0,0,0,1,1,52,1,1,1,53,25.1,1,1
660,Lebanon,2013,Middle East,Government of Lebanon,1,1,2,1,2,0,0,1,3,130,1,1,47,179,25.1,1,1
660,Lebanon,2014,Middle East,Government of Lebanon,1,2,140,1,140,0,0,1,3,91,0,0,0,231,25.1,1,1
660,Lebanon,2015,Middle East,Government of Lebanon,1,2,79,1,79,0,0,1,2,121,0,0,0,200,25.1,1,1
660,Lebanon,2016,Middle East,Government of Lebanon,1,1,17,1,17,0,0,1,3,34,1,1,5,56,25.1,1,1
660,Lebanon,2017,Middle East,Government of Lebanon,1,2,74,1,74,0,0,1,2,223,0,0,0,297,25.1,1,1
660,Lebanon,2018,Middle East,Government of Lebanon,1,1,2,1,2,0,0,0,0,0,0,0,0,2,25.1,1,0
660,Lebanon,2019,Middle East,Government of Lebanon,0,0,0,0,0,0,0,0,0,0,0,0,0,0,25.1,0,1
660,Lebanon,2020,Middle East,Government of Lebanon,1,1,20,1,20,0,0,0,0,0,0,0,0,20,25.1,1,0
660,Lebanon,2021,Middle East,Government of Lebanon,0,0,0,0,0,0,0,0,0,0,0,0,0,0,25.1,0,0
660,Lebanon,2022,Middle East,Government of Lebanon,0,0,0,0,0,0,0,0,0,0,0,0,0,0,25.1,0,1
660,Lebanon,2023,Middle East,Government of Lebanon,1,2,123,1,123,0,0,0,0,0,0,0,0,123,25.1,1,1
663,Jordan,1989,Middle East,Government of Jordan,0,0,0,0,0,0,0,0,0,0,0,0,0,0,25.1,0,0
663,Jordan,1990,Middle East,Government of Jordan,0,0,0,0,0,0,0,0,0,0,0,0,0,0,25.1,0,0
663,Jordan,1991,Middle East,Government of Jordan,0,0,0,0,0,0,0,0,0,0,0,0,0,0,25.1,0,1
663,Jordan,1992,Middle East,Government of Jordan,0,0,0,0,0,0,0,0,0,0,1,1,1,1,25.1,1,0
663,Jordan,1993,Middle East,Government of Jordan,0,0,0,0,0,0,0,0,0,0,0,0,0,0,25.1,0,0
663,Jordan,1994,Middle East,Government of Jordan,0,0,0,0,0,0,0,0,0,0,0,0,0,0,25.1,0,0
663,Jordan,1995,Middle East,Government of Jordan,0,0,0,0,0,0,0,0,0,0,0,0,0,0,25.1,0,0
663,Jordan,1996,Middle East,Government of Jordan,0,0,0,0,0,0,0,0,0,0,0,0,0,0,25.1,0,0
663,Jordan,1997,Middle East,Government of Jordan,0,0,0,0,0,0,0,0,0,0,0,0,0,0,25.1,0,0
663,Jordan,1998,Middle East,Government of Jordan,0,0,0,0,0,0,0,0,0,0,0,0,0,0,25.1,0,0
663,Jordan,1999,Middle East,Government of Jordan,0,0,0,0,0,0,0,0,0,0,0,0,0,0,25.1,0,0
663,Jordan,2000,Middle East,Government of Jordan,0,0,0,0,0,0,0,0,0,0,0,0,0,0,25.1,0,0
663,Jordan,2001,Middle East,Government of Jordan,0,0,0,0,0,0,0,0,0,0,0,0,0,0,25.1,0,0
663,Jordan,2002,Middle East,Government of Jordan,0,0,0,0,0,0,0,0,0,0,0,0,0,0,25.1,0,0
663,Jordan,2003,Middle East,Government of Jordan,0,0,0,0,0,0,0,0,0,0,0,0,0,0,25.1,0,0
663,Jordan,2004,Middle East,Government of Jordan,0,0,0,0,0,0,0,0,0,0,0,0,0,0,25.1,0,1
663,Jordan,2005,Middle East,Government of Jordan,0,0,0,0,0,0,0,0,0,0,1,1,59,59,25.1,1,0
663,Jordan,2006,Middle East,Government of Jordan,0,0,0,0,0,0,0,0,0,0,0,0,0,0,25.1,0,0
663,Jordan,2007,Middle East,Government of Jordan,0,0,0,0,0,0,0,0,0,0,0,0,0,0,25.1,0,0
663,Jordan,2008,Middle East,Government of Jordan,0,0,0,0,0,0,0,0,0,0,0,0,0,0,25.1,0,0
663,Jordan,2009,Middle East,Government of Jordan,0,0,0,0,0,0,0,0,0,0,0,0,0,0,25.1,0,0
663,Jordan,2010,Middle East,Government of Jordan,0,0,0,0,0,0,0,0,0,0,0,0,0,0,25.1,0,0
663,Jordan,2011,Middle East,Government of Jordan,0,0,0,0,0,0,0,0,0,0,0,0,0,0,25.1,0,0
663,Jordan,2012,Middle East,Government of Jordan,0,0,0,0,0,0,0,0,0,0,0,0,0,0,25.1,0,0
663,Jordan,2013,Middle East,Government of Jordan,0,0,0,0,0,0,0,0,0,0,0,0,0,0,25.1,0,0
663,Jordan,2014,Middle East,Government of Jordan,0,0,0,0,0,0,0,0,0,0,0,0,0,0,25.1,0,1
663,Jordan,2015,Middle East,Government of Jordan,1,1,1,1,1,0,0,0,0,0,0,0,0,1,25.1,1,1
663,Jordan,2016,Middle East,Government of Jordan,1,1,34,1,34,0,0,1,1,3,0,0,0,37,25.1,1,0
663,Jordan,2017,Middle East,Government of Jordan,0,0,0,0,0,0,0,0,0,0,0,0,0,0,25.1,0,0
663,Jordan,2018,Middle East,Government of Jordan,0,0,0,0,0,0,0,0,0,0,0,0,0,0,25.1,0,0
663,Jordan,2019,Middle East,Government of Jordan,0,0,0,0,0,0,0,0,0,0,0,0,0,0,25.1,0,0
663,Jordan,2020,Middle East,Government of Jordan,0,0,0,0,0,0,0,0,0,0,0,0,0,0,25.1,0,0
663,Jordan,2021,Middle East,Government of Jordan,0,0,0,0,0,0,0,0,0,0,0,0,0,0,25.1,0,0
663,Jordan,2022,Middle East,Government of Jordan,0,0,0,0,0,0,0,0,0,0,0,0,0,0,25.1,0,0
663,Jordan,2023,Middle East,Government of Jordan,0,0,0,0,0,0,0,0,0,0,0,0,0,0,25.1,0,1
666,Israel,1989,Middle East,Government of Israel,1,4,13,1,13,0,0,0,0,0,1,2,80,93,25.1,1,1
666,Israel,1990,Middle East,Government of Israel,1,3,20,1,20,0,0,0,0,0,1,2,23,43,25.1,1,1
666,Israel,1991,Middle East,Government of Israel,1,3,27,1,27,0,0,1,1,2,1,3,18,47,25.1,1,1
666,Israel,1992,Middle East,Government of Israel,1,5,59,1,59,0,0,1,1,2,1,3,11,72,25.1,1,1
666,Israel,1993,Middle East,Government of Israel,1,5,73,1,73,0,0,0,0,0,1,3,15,88,25.1,1,1
666,Israel,1994,Middle East,Government of Israel,1,4,59,1,59,0,0,0,0,0,1,3,57,116,25.1,1,1
666,Israel,1995,Middle East,Government of Israel,1,6,57,1,57,0,0,0,0,0,1,4,21,78,25.1,1,1
666,Israel,1996,Middle East,Government of Israel,1,3,75,1,75,0,0,0,0,0,1,2,57,132,25.1,1,1
666,Israel,1997,Middle East,Government of Israel,1,2,1,1,1,0,0,0,0,0,1,1,24,25,25.1,1,1
666,Israel,1998,Middle East,Government of Israel,1,2,5,1,5,0,0,0,0,0,1,1,1,6,25.1,1,1
666,Israel,1999,Middle East,Government of Israel,1,1,2,1,2,0,0,0,0,0,1,1,0,2,25.1,1,1
666,Israel,2000,Middle East,Government of Israel,1,6,102,1,102,0,0,0,0,0,1,3,7,109,25.1,1,1
666,Israel,2001,Middle East,Government of Israel,1,7,253,1,253,0,0,0,0,0,1,3,103,356,25.1,1,1
666,Israel,2002,Middle East,Government of Israel,1,8,627,1,627,0,0,1,1,2,1,4,263,892,25.1,1,1
666,Israel,2003,Middle East,Government of Israel,1,5,314,1,314,0,0,0,0,0,1,4,154,468,25.1,1,1
666,Israel,2004,Middle East,Government of Israel,1,7,431,1,431,0,0,0,0,0,1,4,91,522,25.1,1,1
666,Israel,2005,Middle East,Government of Israel,1,7,146,1,146,0,0,0,0,0,1,3,68,214,25.1,1,1
666,Israel,2006,Middle East,Government of Israel,1,7,477,1,477,0,0,1,1,36,1,4,44,557,25.1,1,1
666,Israel,2007,Middle East,Government of Israel,1,5,286,1,286,0,0,1,1,235,1,3,17,538,25.1,1,1
666,Israel,2008,Middle East,Government of Israel,1,5,708,1,708,0,0,1,1,18,1,3,12,738,25.1,1,1
666,Israel,2009,Middle East,Government of Israel,1,5,709,1,709,0,0,1,1,28,1,2,14,751,25.1,1,1
666,Israel,2010,Middle East,Government of Israel,1,5,65,1,65,0,0,0,0,0,1,2,10,75,25.1,1,1
666,Israel,2011,Middle East,Government of Israel,1,3,101,1,101,0,0,0,0,0,1,1,1,102,25.1,1,1
666,Israel,2012,Middle East,Government of Israel,1,4,252,1,252,0,0,0,0,0,1,1,1,253,25.1,1,1
666,Israel,2013,Middle East,Government of Israel,1,3,12,1,12,0,0,0,0,0,0,0,0,12,25.1,1,1
666,Israel,2014,Middle East,Government of Israel,1,5,2408,1,2408,0,0,0,0,0,1,3,3,2411,25.1,1,1
666,Israel,2015,Middle East,Government of Israel,1,3,10,1,10,0,0,0,0,0,1,2,6,16,25.1,1,1
666,Israel,2016,Middle East,Government of Israel,1,2,7,1,7,0,0,0,0,0,1,2,4,11,25.1,1,1
666,Israel,2017,Middle East,Government of Israel,1,4,24,1,24,0,0,0,0,0,1,1,1,25,25.1,1,1
666,Israel,2018,Middle East,Government of Israel,1,5,65,1,65,0,0,0,0,0,1,2,10,75,25.1,1,1
666,Israel,2019,Middle East,Government of Israel,1,5,80,1,80,0,0,0,0,0,1,1,3,83,25.1,1,1
666,Israel,2020,Middle East,Government of Israel,1,3,6,1,6,0,0,0,0,0,1,1,2,8,25.1,1,1
666,Israel,2021,Middle East,Government of Israel,1,4,273,1,273,0,0,0,0,0,1,2,7,280,25.1,1,1
666,Israel,2022,Middle East,Government of Israel,1,4,96,1,96,0,0,0,0,0,1,1,2,98,25.1,1,1
666,Israel,2023,Middle East,Government of Israel,1,6,26722,1,26722,0,0,0,0,0,1,2,712,27434,25.1,1,1
670,Saudi Arabia,1989,Middle East,Government of Saudi Arabia,0,0,0,0,0,0,0,0,0,0,0,0,0,0,25.1,0,0
670,Saudi Arabia,1990,Middle East,Government of Saudi Arabia,0,0,0,0,0,0,0,0,0,0,0,0,0,0,25.1,0,1
670,Saudi Arabia,1991,Middle East,Government of Saudi Arabia,1,1,91,0,0,1,91,0,0,0,0,0,0,91,25.1,1,0
670,Saudi Arabia,1992,Middle East,Government of Saudi Arabia,0,0,0,0,0,0,0,0,0,0,0,0,0,0,25.1,0,0
670,Saudi Arabia,1993,Middle East,Government of Saudi Arabia,0,0,0,0,0,0,0,0,0,0,0,0,0,0,25.1,0,0
670,Saudi Arabia,1994,Middle East,Government of Saudi Arabia,0,0,0,0,0,0,0,0,0,0,0,0,0,0,25.1,0,0
670,Saudi Arabia,1995,Middle East,Government of Saudi Arabia,0,0,0,0,0,0,0,0,0,0,0,0,0,0,25.1,0,0
670,Saudi Arabia,1996,Middle East,Government of Saudi Arabia,0,0,0,0,0,0,0,0,0,0,0,0,0,0,25.1,0,0
670,Saudi Arabia,1997,Middle East,Government of Saudi Arabia,0,0,0,0,0,0,0,0,0,0,0,0,0,0,25.1,0,0
670,Saudi Arabia,1998,Middle East,Government of Saudi Arabia,0,0,0,0,0,0,0,0,0,0,0,0,0,0,25.1,0,0
670,Saudi Arabia,1999,Middle East,Government of Saudi Arabia,0,0,0,0,0,0,0,0,0,0,0,0,0,0,25.1,0,0
670,Saudi Arabia,2000,Middle East,Government of Saudi Arabia,0,0,0,0,0,0,0,0,0,0,0,0,0,0,25.1,0,0
670,Saudi Arabia,2001,Middle East,Government of Saudi Arabia,0,0,0,0,0,0,0,0,0,0,0,0,0,0,25.1,0,0
670,Saudi Arabia,2002,Middle East,Government of Saudi Arabia,0,0,0,0,0,0,0,0,0,0,0,0,0,0,25.1,0,1
670,Saudi Arabia,2003,Middle East,Government of Saudi Arabia,0,0,0,0,0,0,0,0,0,0,1,1,26,26,25.1,1,1
670,Saudi Arabia,2004,Middle East,Government of Saudi Arabia,1,1,58,1,58,0,0,0,0,0,1,1,33,91,25.1,1,1
670,Saudi Arabia,2005,Middle East,Government of Saudi Arabia,1,1,31,1,31,0,0,0,0,0,0,0,0,31,25.1,1,1
670,Saudi Arabia,2006,Middle East,Government of Saudi Arabia,1,1,11,1,11,0,0,0,0,0,0,0,0,11,25.1,1,1
670,Saudi Arabia,2007,Middle East,Government of Saudi Arabia,1,1,2,1,2,0,0,0,0,0,1,1,0,2,25.1,1,0
670,Saudi Arabia,2008,Middle East,Government of Saudi Arabia,0,0,0,0,0,0,0,0,0,0,0,0,0,0,25.1,0,0
670,Saudi Arabia,2009,Middle East,Government of Saudi Arabia,0,0,0,0,0,0,0,0,0,0,0,0,0,0,25.1,0,0
670,Saudi Arabia,2010,Middle East,Government of Saudi Arabia,0,0,0,0,0,0,0,0,0,0,0,0,0,0,25.1,0,0
670,Saudi Arabia,2011,Middle East,Government of Saudi Arabia,0,0,0,0,0,0,0,0,0,0,0,0,0,0,25.1,0,0
670,Saudi Arabia,2012,Middle East,Government of Saudi Arabia,0,0,0,0,0,0,0,0,0,0,0,0,0,0,25.1,0,0
670,Saudi Arabia,2013,Middle East,Government of Saudi Arabia,0,0,0,0,0,0,0,0,0,0,0,0,0,0,25.1,0,0
670,Saudi Arabia,2014,Middle East,Government of Saudi Arabia,0,0,0,0,0,0,0,0,0,0,0,0,0,0,25.1,0,1
670,Saudi Arabia,2015,Middle East,Government of Saudi Arabia,1,1,81,1,81,0,0,0,0,0,1,1,32,113,25.1,1,1
670,Saudi Arabia,2016,Middle East,Government of Saudi Arabia,1,1,120,1,120,0,0,0,0,0,1,1,5,125,25.1,1,1
670,Saudi Arabia,2017,Middle East,Government of Saudi Arabia,1,1,45,1,45,0,0,0,0,0,0,0,0,45,25.1,1,1
670,Saudi Arabia,2018,Middle East,Government of Saudi Arabia,1,1,11,1,11,0,0,0,0,0,0,0,0,11,25.1,1,1
670,Saudi Arabia,2019,Middle East,Government of Saudi Arabia,1,1,5,1,5,0,0,0,0,0,1,1,1,6,25.1,1,1
670,Saudi Arabia,2020,Middle East,Government of Saudi Arabia,1,1,0,1,0,0,0,0,0,0,0,0,0,0,25.1,1,1
670,Saudi Arabia,2021,Middle East,Government of Saudi Arabia,1,1,6,1,6,0,0,0,0,0,0,0,0,6,25.1,1,0
670,Saudi Arabia,2022,Middle East,Government of Saudi Arabia,0,0,0,0,0,0,0,0,0,0,0,0,0,0,25.1,0,1
670,Saudi Arabia,2023,Middle East,Government of Saudi Arabia,1,1,9,1,9,0,0,0,0,0,0,0,0,9,25.1,1,0
678,Yemen (North Yemen),1989,Middle East,Government of Yemen (North Yemen),0,0,0,0,0,0,0,0,0,0,0,0,0,0,25.1,0,0
678,Yemen (North Yemen),1990,Middle East,Government of Yemen (North Yemen),0,0,0,0,0,0,0,0,0,0,0,0,0,0,25.1,0,0
678,Yemen (North Yemen),1991,Middle East,Government of Yemen (North Yemen),0,0,0,0,0,0,0,0,0,0,0,0,0,0,25.1,0,0
678,Yemen (North Yemen),1992,Middle East,Government of Yemen (North Yemen),0,0,0,0,0,0,0,0,0,0,0,0,0,0,25.1,0,0
678,Yemen (North Yemen),1993,Middle East,Government of Yemen (North Yemen),0,0,0,0,0,0,0,0,0,0,0,0,0,0,25.1,0,1
678,Yemen (North Yemen),1994,Middle East,Government of Yemen (North Yemen),1,1,1489,1,1489,0,0,0,0,0,0,0,0,1489,25.1,1,0
678,Yemen (North Yemen),1995,Middle East,Government of Yemen (North Yemen),0,0,0,0,0,0,0,0,0,0,0,0,0,0,25.1,0,0
678,Yemen (North Yemen),1996,Middle East,Government of Yemen (North Yemen),0,0,0,0,0,0,0,0,0,0,0,0,0,0,25.1,0,0
678,Yemen (North Yemen),1997,Middle East,Government of Yemen (North Yemen),0,0,0,0,0,0,0,0,0,0,0,0,0,0,25.1,0,0
678,Yemen (North Yemen),1998,Middle East,Government of Yemen (North Yemen),0,0,0,0,0,0,0,0,0,0,0,0,0,0,25.1,0,0
678,Yemen (North Yemen),1999,Middle East,Government of Yemen (North Yemen),0,0,0,0,0,0,0,0,0,0,0,0,0,0,25.1,0,1
678,Yemen (North Yemen),2000,Middle East,Government of Yemen (North Yemen),1,1,19,1,19,0,0,0,0,0,0,0,0,19,25.1,1,0
678,Yemen (North Yemen),2001,Middle East,Government of Yemen (North Yemen),0,0,0,0,0,0,0,0,0,0,0,0,0,0,25.1,0,1
678,Yemen (North Yemen),2002,Middle East,Government of Yemen (North Yemen),1,1,2,1,2,0,0,0,0,0,0,0,0,2,25.1,1,1
678,Yemen (North Yemen),2003,Middle East,Government of Yemen (North Yemen),0,0,0,0,0,0,0,1,1,6,0,0,0,6,25.1,1,1
678,Yemen (North Yemen),2004,Middle East,Government of Yemen (North Yemen),0,0,0,0,0,0,0,1,1,29,0,0,0,29,25.1,1,0
678,Yemen (North Yemen),2005,Middle East,Government of Yemen (North Yemen),0,0,0,0,0,0,0,0,0,0,0,0,0,0,25.1,0,0
678,Yemen (North Yemen),2006,Middle East,Government of Yemen (North Yemen),0,0,0,0,0,0,0,0,0,0,0,0,0,0,25.1,0,0
678,Yemen (North Yemen),2007,Middle East,Government of Yemen (North Yemen),0,0,0,0,0,0,0,0,0,0,0,0,0,0,25.1,0,1
678,Yemen (North Yemen),2008,Middle East,Government of Yemen (North Yemen),1,1,21,1,21,0,0,0,0,0,0,0,0,21,25.1,1,1
678,Yemen (North Yemen),2009,Middle East,Government of Yemen (North Yemen),1,1,94,1,94,0,0,0,0,0,0,0,0,94,25.1,1,1
678,Yemen (North Yemen),2010,Middle East,Government of Yemen (North Yemen),1,1,175,1,175,0,0,1,1,26,0,0,0,201,25.1,1,1
678,Yemen (North Yemen),2011,Middle East,Government of Yemen (North Yemen),1,1,1143,1,1143,0,0,1,2,109,1,1,178,1430,25.1,1,1
678,Yemen (North Yemen),2012,Middle East,Government of Yemen (North Yemen),1,1,2366,1,2366,0,0,1,2,95,0,0,0,2461,25.1,1,1
678,Yemen (North Yemen),2013,Middle East,Government of Yemen (North Yemen),1,1,578,1,578,0,0,0,0,0,0,0,0,578,25.1,1,1
678,Yemen (North Yemen),2014,Middle East,Government of Yemen (North Yemen),1,2,1826,1,1826,0,0,1,1,538,0,0,0,2364,25.1,1,1
678,Yemen (North Yemen),2015,Middle East,Government of Yemen (North Yemen),1,4,7720,1,7720,0,0,1,3,386,1,2,19,8125,25.1,1,1
678,Yemen (North Yemen),2016,Middle East,Government of Yemen (North Yemen),1,3,3019,1,3019,0,0,1,2,1005,1,1,3,4027,25.1,1,1
678,Yemen (North Yemen),2017,Middle East,Government of Yemen (North Yemen),1,4,3145,1,3145,0,0,1,3,473,1,1,2,3620,25.1,1,1
678,Yemen (North Yemen),2018,Middle East,Government of Yemen (North Yemen),1,3,4648,1,4648,0,0,1,5,346,1,1,2,4996,25.1,1,1
678,Yemen (North Yemen),2019,Middle East,Government of Yemen (North Yemen),1,3,2638,1,2638,0,0,1,5,319,1,1,2,2959,25.1,1,1
678,Yemen (North Yemen),2020,Middle East,Government of Yemen (North Yemen),1,4,6307,1,6306,1,1,1,3,395,1,1,52,6754,25.1,1,1
678,Yemen (North Yemen),2021,Middle East,Government of Yemen (North Yemen),1,3,23366,1,23366,0,0,1,2,62,1,2,35,23463,25.1,1,1
678,Yemen (North Yemen),2022,Middle East,Government of Yemen (North Yemen),1,4,2940,1,2940,1,0,1,2,259,1,1,21,3220,25.1,1,1
678,Yemen (North Yemen),2023,Middle East,Government of Yemen (North Yemen),1,2,812,1,795,1,17,1,1,107,1,1,12,931,25.1,1,1
680,Yemen (South Yemen),1989,Middle East,Government of Yemen (South Yemen),0,0,0,0,0,0,0,0,0,0,0,0,0,0,25.1,0,0
690,Kuwait,1989,Middle East,Government of Kuwait,0,0,0,0,0,0,0,0,0,0,0,0,0,0,25.1,0,1
690,Kuwait,1990,Middle East,Government of Kuwait,1,1,1058,0,0,1,1058,0,0,0,1,1,271,1329,25.1,1,1
690,Kuwait,1991,Middle East,Government of Kuwait,1,1,446,0,0,1,446,0,0,0,1,1,14,460,25.1,1,0
690,Kuwait,1992,Middle East,Government of Kuwait,0,0,0,0,0,0,0,0,0,0,0,0,0,0,25.1,0,0
690,Kuwait,1993,Middle East,Government of Kuwait,0,0,0,0,0,0,0,0,0,0,0,0,0,0,25.1,0,0
690,Kuwait,1994,Middle East,Government of Kuwait,0,0,0,0,0,0,0,0,0,0,0,0,0,0,25.1,0,0
690,Kuwait,1995,Middle East,Government of Kuwait,0,0,0,0,0,0,0,0,0,0,0,0,0,0,25.1,0,1
690,Kuwait,1996,Middle East,Government of Kuwait,0,0,0,0,0,0,0,0,0,0,1,1,1,1,25.1,1,0
690,Kuwait,1997,Middle East,Government of Kuwait,0,0,0,0,0,0,0,0,0,0,0,0,0,0,25.1,0,0
690,Kuwait,1998,Middle East,Government of Kuwait,0,0,0,0,0,0,0,0,0,0,0,0,0,0,25.1,0,0
690,Kuwait,1999,Middle East,Government of Kuwait,0,0,0,0,0,0,0,0,0,0,0,0,0,0,25.1,0,0
690,Kuwait,2000,Middle East,Government of Kuwait,0,0,0,0,0,0,0,0,0,0,0,0,0,0,25.1,0,0
690,Kuwait,2001,Middle East,Government of Kuwait,0,0,0,0,0,0,0,0,0,0,0,0,0,0,25.1,0,0
690,Kuwait,2002,Middle East,Government of Kuwait,0,0,0,0,0,0,0,0,0,0,0,0,0,0,25.1,0,0
690,Kuwait,2003,Middle East,Government of Kuwait,0,0,0,0,0,0,0,0,0,0,0,0,0,0,25.1,0,0
690,Kuwait,2004,Middle East,Government of Kuwait,0,0,0,0,0,0,0,0,0,0,0,0,0,0,25.1,0,0
690,Kuwait,2005,Middle East,Government of Kuwait,0,0,0,0,0,0,0,0,0,0,0,0,0,0,25.1,0,0
690,Kuwait,2006,Middle East,Government of Kuwait,0,0,0,0,0,0,0,0,0,0,0,0,0,0,25.1,0,0
690,Kuwait,2007,Middle East,Government of Kuwait,0,0,0,0,0,0,0,0,0,0,0,0,0,0,25.1,0,0
690,Kuwait,2008,Middle East,Government of Kuwait,0,0,0,0,0,0,0,0,0,0,0,0,0,0,25.1,0,0
690,Kuwait,2009,Middle East,Government of Kuwait,0,0,0,0,0,0,0,0,0,0,0,0,0,0,25.1,0,0
690,Kuwait,2010,Middle East,Government of Kuwait,0,0,0,0,0,0,0,0,0,0,0,0,0,0,25.1,0,0
690,Kuwait,2011,Middle East,Government of Kuwait,0,0,0,0,0,0,0,0,0,0,0,0,0,0,25.1,0,0
690,Kuwait,2012,Middle East,Government of Kuwait,0,0,0,0,0,0,0,0,0,0,0,0,0,0,25.1,0,0
690,Kuwait,2013,Middle East,Government of Kuwait,0,0,0,0,0,0,0,0,0,0,0,0,0,0,25.1,0,0
690,Kuwait,2014,Middle East,Government of Kuwait,0,0,0,0,0,0,0,0,0,0,0,0,0,0,25.1,0,1
690,Kuwait,2015,Middle East,Government of Kuwait,0,0,0,0,0,0,0,0,0,0,1,1,26,26,25.1,1,0
690,Kuwait,2016,Middle East,Government of Kuwait,0,0,0,0,0,0,0,0,0,0,0,0,0,0,25.1,0,0
690,Kuwait,2017,Middle East,Government of Kuwait,0,0,0,0,0,0,0,0,0,0,0,0,0,0,25.1,0,0
690,Kuwait,2018,Middle East,Government of Kuwait,0,0,0,0,0,0,0,0,0,0,0,0,0,0,25.1,0,0
690,Kuwait,2019,Middle East,Government of Kuwait,0,0,0,0,0,0,0,0,0,0,0,0,0,0,25.1,0,0
690,Kuwait,2020,Middle East,Government of Kuwait,0,0,0,0,0,0,0,0,0,0,0,0,0,0,25.1,0,0
690,Kuwait,2021,Middle East,Government of Kuwait,0,0,0,0,0,0,0,0,0,0,0,0,0,0,25.1,0,0
690,Kuwait,2022,Middle East,Government of Kuwait,0,0,0,0,0,0,0,0,0,0,0,0,0,0,25.1,0,0
690,Kuwait,2023,Middle East,Government of Kuwait,0,0,0,0,0,0,0,0,0,0,0,0,0,0,25.1,0,0
692,Bahrain,1989,Middle East,Government of Bahrain,0,0,0,0,0,0,0,0,0,0,0,0,0,0,25.1,0,0
692,Bahrain,1990,Middle East,Government of Bahrain,0,0,0,0,0,0,0,0,0,0,0,0,0,0,25.1,0,0
692,Bahrain,1991,Middle East,Government of Bahrain,0,0,0,0,0,0,0,0,0,0,0,0,0,0,25.1,0,0
692,Bahrain,1992,Middle East,Government of Bahrain,0,0,0,0,0,0,0,0,0,0,0,0,0,0,25.1,0,0
692,Bahrain,1993,Middle East,Government of Bahrain,0,0,0,0,0,0,0,0,0,0,0,0,0,0,25.1,0,0
692,Bahrain,1994,Middle East,Government of Bahrain,0,0,0,0,0,0,0,0,0,0,0,0,0,0,25.1,0,0
692,Bahrain,1995,Middle East,Government of Bahrain,0,0,0,0,0,0,0,0,0,0,0,0,0,0,25.1,0,0
692,Bahrain,1996,Middle East,Government of Bahrain,0,0,0,0,0,0,0,0,0,0,0,0,0,0,25.1,0,0
692,Bahrain,1997,Middle East,Government of Bahrain,0,0,0,0,0,0,0,0,0,0,0,0,0,0,25.1,0,0
692,Bahrain,1998,Middle East,Government of Bahrain,0,0,0,0,0,0,0,0,0,0,0,0,0,0,25.1,0,0
692,Bahrain,1999,Middle East,Government of Bahrain,0,0,0,0,0,0,0,0,0,0,0,0,0,0,25.1,0,0
692,Bahrain,2000,Middle East,Government of Bahrain,0,0,0,0,0,0,0,0,0,0,0,0,0,0,25.1,0,0
692,Bahrain,2001,Middle East,Government of Bahrain,0,0,0,0,0,0,0,0,0,0,0,0,0,0,25.1,0,0
692,Bahrain,2002,Middle East,Government of Bahrain,0,0,0,0,0,0,0,0,0,0,0,0,0,0,25.1,0,0
692,Bahrain,2003,Middle East,Government of Bahrain,0,0,0,0,0,0,0,0,0,0,0,0,0,0,25.1,0,0
692,Bahrain,2004,Middle East,Government of Bahrain,0,0,0,0,0,0,0,0,0,0,0,0,0,0,25.1,0,0
692,Bahrain,2005,Middle East,Government of Bahrain,0,0,0,0,0,0,0,0,0,0,0,0,0,0,25.1,0,0
692,Bahrain,2006,Middle East,Government of Bahrain,0,0,0,0,0,0,0,0,0,0,0,0,0,0,25.1,0,0
692,Bahrain,2007,Middle East,Government of Bahrain,0,0,0,0,0,0,0,0,0,0,0,0,0,0,25.1,0,0
692,Bahrain,2008,Middle East,Government of Bahrain,0,0,0,0,0,0,0,0,0,0,0,0,0,0,25.1,0,0
692,Bahrain,2009,Middle East,Government of Bahrain,0,0,0,0,0,0,0,0,0,0,0,0,0,0,25.1,0,0
692,Bahrain,2010,Middle East,Government of Bahrain,0,0,0,0,0,0,0,0,0,0,0,0,0,0,25.1,0,1
692,Bahrain,2011,Middle East,Government of Bahrain,0,0,0,0,0,0,0,0,0,0,1,1,26,26,25.1,1,0
692,Bahrain,2012,Middle East,Government of Bahrain,0,0,0,0,0,0,0,0,0,0,0,0,0,0,25.1,0,0
692,Bahrain,2013,Middle East,Government of Bahrain,0,0,0,0,0,0,0,0,0,0,0,0,0,0,25.1,0,0
692,Bahrain,2014,Middle East,Government of Bahrain,0,0,0,0,0,0,0,0,0,0,0,0,0,0,25.1,0,0
692,Bahrain,2015,Middle East,Government of Bahrain,0,0,0,0,0,0,0,0,0,0,0,0,0,0,25.1,0,0
692,Bahrain,2016,Middle East,Government of Bahrain,0,0,0,0,0,0,0,0,0,0,0,0,0,0,25.1,0,0
692,Bahrain,2017,Middle East,Government of Bahrain,0,0,0,0,0,0,0,0,0,0,0,0,0,0,25.1,0,0
692,Bahrain,2018,Middle East,Government of Bahrain,0,0,0,0,0,0,0,0,0,0,0,0,0,0,25.1,0,0
692,Bahrain,2019,Middle East,Government of Bahrain,0,0,0,0,0,0,0,0,0,0,0,0,0,0,25.1,0,0
692,Bahrain,2020,Middle East,Government of Bahrain,0,0,0,0,0,0,0,0,0,0,0,0,0,0,25.1,0,0
692,Bahrain,2021,Middle East,Government of Bahrain,0,0,0,0,0,0,0,0,0,0,0,0,0,0,25.1,0,0
692,Bahrain,2022,Middle East,Government of Bahrain,0,0,0,0,0,0,0,0,0,0,0,0,0,0,25.1,0,0
692,Bahrain,2023,Middle East,Government of Bahrain,0,0,0,0,0,0,0,0,0,0,0,0,0,0,25.1,0,0
694,Qatar,1989,Middle East,Government of Qatar,0,0,0,0,0,0,0,0,0,0,0,0,0,0,25.1,0,0
694,Qatar,1990,Middle East,Government of Qatar,0,0,0,0,0,0,0,0,0,0,0,0,0,0,25.1,0,0
694,Qatar,1991,Middle East,Government of Qatar,0,0,0,0,0,0,0,0,0,0,0,0,0,0,25.1,0,0
694,Qatar,1992,Middle East,Government of Qatar,0,0,0,0,0,0,0,0,0,0,0,0,0,0,25.1,0,0
694,Qatar,1993,Middle East,Government of Qatar,0,0,0,0,0,0,0,0,0,0,0,0,0,0,25.1,0,0
694,Qatar,1994,Middle East,Government of Qatar,0,0,0,0,0,0,0,0,0,0,0,0,0,0,25.1,0,0
694,Qatar,1995,Middle East,Government of Qatar,0,0,0,0,0,0,0,0,0,0,0,0,0,0,25.1,0,0
694,Qatar,1996,Middle East,Government of Qatar,0,0,0,0,0,0,0,0,0,0,0,0,0,0,25.1,0,0
694,Qatar,1997,Middle East,Government of Qatar,0,0,0,0,0,0,0,0,0,0,0,0,0,0,25.1,0,0
694,Qatar,1998,Middle East,Government of Qatar,0,0,0,0,0,0,0,0,0,0,0,0,0,0,25.1,0,0
694,Qatar,1999,Middle East,Government of Qatar,0,0,0,0,0,0,0,0,0,0,0,0,0,0,25.1,0,0
694,Qatar,2000,Middle East,Government of Qatar,0,0,0,0,0,0,0,0,0,0,0,0,0,0,25.1,0,0
694,Qatar,2001,Middle East,Government of Qatar,0,0,0,0,0,0,0,0,0,0,0,0,0,0,25.1,0,0
694,Qatar,2002,Middle East,Government of Qatar,0,0,0,0,0,0,0,0,0,0,0,0,0,0,25.1,0,0
694,Qatar,2003,Middle East,Government of Qatar,0,0,0,0,0,0,0,0,0,0,0,0,0,0,25.1,0,1
694,Qatar,2004,Middle East,Government of Qatar,1,1,0,1,0,0,0,0,0,0,0,0,0,0,25.1,1,0
694,Qatar,2005,Middle East,Government of Qatar,0,0,0,0,0,0,0,0,0,0,0,0,0,0,25.1,0,0
694,Qatar,2006,Middle East,Government of Qatar,0,0,0,0,0,0,0,0,0,0,0,0,0,0,25.1,0,0
694,Qatar,2007,Middle East,Government of Qatar,0,0,0,0,0,0,0,0,0,0,0,0,0,0,25.1,0,0
694,Qatar,2008,Middle East,Government of Qatar,0,0,0,0,0,0,0,0,0,0,0,0,0,0,25.1,0,0
694,Qatar,2009,Middle East,Government of Qatar,0,0,0,0,0,0,0,0,0,0,0,0,0,0,25.1,0,0
694,Qatar,2010,Middle East,Government of Qatar,0,0,0,0,0,0,0,0,0,0,0,0,0,0,25.1,0,0
694,Qatar,2011,Middle East,Government of Qatar,0,0,0,0,0,0,0,0,0,0,0,0,0,0,25.1,0,0
694,Qatar,2012,Middle East,Government of Qatar,0,0,0,0,0,0,0,0,0,0,0,0,0,0,25.1,0,0
694,Qatar,2013,Middle East,Government of Qatar,0,0,0,0,0,0,0,0,0,0,0,0,0,0,25.1,0,0
694,Qatar,2014,Middle East,Government of Qatar,0,0,0,0,0,0,0,0,0,0,0,0,0,0,25.1,0,0
694,Qatar,2015,Middle East,Government of Qatar,0,0,0,0,0,0,0,0,0,0,0,0,0,0,25.1,0,0
694,Qatar,2016,Middle East,Government of Qatar,0,0,0,0,0,0,0,0,0,0,0,0,0,0,25.1,0,0
694,Qatar,2017,Middle East,Government of Qatar,0,0,0,0,0,0,0,0,0,0,0,0,0,0,25.1,0,0
694,Qatar,2018,Middle East,Government of Qatar,0,0,0,0,0,0,0,0,0,0,0,0,0,0,25.1,0,0
694,Qatar,2019,Middle East,Government of Qatar,0,0,0,0,0,0,0,0,0,0,0,0,0,0,25.1,0,0
694,Qatar,2020,Middle East,Government of Qatar,0,0,0,0,0,0,0,0,0,0,0,0,0,0,25.1,0,0
694,Qatar,2021,Middle East,Government of Qatar,0,0,0,0,0,0,0,0,0,0,0,0,0,0,25.1,0,0
694,Qatar,2022,Middle East,Government of Qatar,0,0,0,0,0,0,0,0,0,0,0,0,0,0,25.1,0,0
694,Qatar,2023,Middle East,Government of Qatar,0,0,0,0,0,0,0,0,0,0,0,0,0,0,25.1,0,0
696,United Arab Emirates,1989,Middle East,Government of United Arab Emirates,0,0,0,0,0,0,0,0,0,0,0,0,0,0,25.1,0,0
696,United Arab Emirates,1990,Middle East,Government of United Arab Emirates,0,0,0,0,0,0,0,0,0,0,0,0,0,0,25.1,0,0
696,United Arab Emirates,1991,Middle East,Government of United Arab Emirates,0,0,0,0,0,0,0,0,0,0,0,0,0,0,25.1,0,0
696,United Arab Emirates,1992,Middle East,Government of United Arab Emirates,0,0,0,0,0,0,0,0,0,0,0,0,0,0,25.1,0,0
696,United Arab Emirates,1993,Middle East,Government of United Arab Emirates,0,0,0,0,0,0,0,0,0,0,0,0,0,0,25.1,0,0
696,United Arab Emirates,1994,Middle East,Government of United Arab Emirates,0,0,0,0,0,0,0,0,0,0,0,0,0,0,25.1,0,0
696,United Arab Emirates,1995,Middle East,Government of United Arab Emirates,0,0,0,0,0,0,0,0,0,0,0,0,0,0,25.1,0,0
696,United Arab Emirates,1996,Middle East,Government of United Arab Emirates,0,0,0,0,0,0,0,0,0,0,0,0,0,0,25.1,0,0
696,United Arab Emirates,1997,Middle East,Government of United Arab Emirates,0,0,0,0,0,0,0,0,0,0,0,0,0,0,25.1,0,0
696,United Arab Emirates,1998,Middle East,Government of United Arab Emirates,0,0,0,0,0,0,0,0,0,0,0,0,0,0,25.1,0,0
696,United Arab Emirates,1999,Middle East,Government of United Arab Emirates,0,0,0,0,0,0,0,0,0,0,0,0,0,0,25.1,0,0
696,United Arab Emirates,2000,Middle East,Government of United Arab Emirates,0,0,0,0,0,0,0,0,0,0,0,0,0,0,25.1,0,0
696,United Arab Emirates,2001,Middle East,Government of United Arab Emirates,0,0,0,0,0,0,0,0,0,0,0,0,0,0,25.1,0,0
696,United Arab Emirates,2002,Middle East,Government of United Arab Emirates,0,0,0,0,0,0,0,0,0,0,0,0,0,0,25.1,0,0
696,United Arab Emirates,2003,Middle East,Government of United Arab Emirates,0,0,0,0,0,0,0,0,0,0,0,0,0,0,25.1,0,0
696,United Arab Emirates,2004,Middle East,Government of United Arab Emirates,0,0,0,0,0,0,0,0,0,0,0,0,0,0,25.1,0,0
696,United Arab Emirates,2005,Middle East,Government of United Arab Emirates,0,0,0,0,0,0,0,0,0,0,0,0,0,0,25.1,0,0
696,United Arab Emirates,2006,Middle East,Government of United Arab Emirates,0,0,0,0,0,0,0,0,0,0,0,0,0,0,25.1,0,0
696,United Arab Emirates,2007,Middle East,Government of United Arab Emirates,0,0,0,0,0,0,0,0,0,0,0,0,0,0,25.1,0,0
696,United Arab Emirates,2008,Middle East,Government of United Arab Emirates,0,0,0,0,0,0,0,0,0,0,0,0,0,0,25.1,0,0
696,United Arab Emirates,2009,Middle East,Government of United Arab Emirates,0,0,0,0,0,0,0,0,0,0,0,0,0,0,25.1,0,1
696,United Arab Emirates,2010,Middle East,Government of United Arab Emirates,1,1,1,1,1,0,0,0,0,0,0,0,0,1,25.1,1,0
696,United Arab Emirates,2011,Middle East,Government of United Arab Emirates,0,0,0,0,0,0,0,0,0,0,0,0,0,0,25.1,0,0
696,United Arab Emirates,2012,Middle East,Government of United Arab Emirates,0,0,0,0,0,0,0,0,0,0,0,0,0,0,25.1,0,0
696,United Arab Emirates,2013,Middle East,Government of United Arab Emirates,0,0,0,0,0,0,0,0,0,0,0,0,0,0,25.1,0,0
696,United Arab Emirates,2014,Middle East,Government of United Arab Emirates,0,0,0,0,0,0,0,0,0,0,0,0,0,0,25.1,0,0
696,United Arab Emirates,2015,Middle East,Government of United Arab Emirates,0,0,0,0,0,0,0,0,0,0,0,0,0,0,25.1,0,0
696,United Arab Emirates,2016,Middle East,Government of United Arab Emirates,0,0,0,0,0,0,0,0,0,0,0,0,0,0,25.1,0,0
696,United Arab Emirates,2017,Middle East,Government of United Arab Emirates,0,0,0,0,0,0,0,0,0,0,0,0,0,0,25.1,0,0
696,United Arab Emirates,2018,Middle East,Government of United Arab Emirates,0,0,0,0,0,0,0,0,0,0,0,0,0,0,25.1,0,0
696,United Arab Emirates,2019,Middle East,Government of United Arab Emirates,0,0,0,0,0,0,0,0,0,0,0,0,0,0,25.1,0,0
696,United Arab Emirates,2020,Middle East,Government of United Arab Emirates,0,0,0,0,0,0,0,0,0,0,0,0,0,0,25.1,0,0
696,United Arab Emirates,2021,Middle East,Government of United Arab Emirates,0,0,0,0,0,0,0,0,0,0,0,0,0,0,25.1,0,1
696,United Arab Emirates,2022,Middle East,Government of United Arab Emirates,1,1,3,1,3,0,0,0,0,0,0,0,0,3,25.1,1,0
696,United Arab Emirates,2023,Middle East,Government of United Arab Emirates,0,0,0,0,0,0,0,0,0,0,0,0,0,0,25.1,0,0
698,Oman,1989,Middle East,Government of Oman,0,0,0,0,0,0,0,0,0,0,0,0,0,0,25.1,0,0
698,Oman,1990,Middle East,Government of Oman,0,0,0,0,0,0,0,0,0,0,0,0,0,0,25.1,0,0
698,Oman,1991,Middle East,Government of Oman,0,0,0,0,0,0,0,0,0,0,0,0,0,0,25.1,0,0
698,Oman,1992,Middle East,Government of Oman,0,0,0,0,0,0,0,0,0,0,0,0,0,0,25.1,0,0
698,Oman,1993,Middle East,Government of Oman,0,0,0,0,0,0,0,0,0,0,0,0,0,0,25.1,0,0
698,Oman,1994,Middle East,Government of Oman,0,0,0,0,0,0,0,0,0,0,0,0,0,0,25.1,0,0
698,Oman,1995,Middle East,Government of Oman,0,0,0,0,0,0,0,0,0,0,0,0,0,0,25.1,0,0
698,Oman,1996,Middle East,Government of Oman,0,0,0,0,0,0,0,0,0,0,0,0,0,0,25.1,0,0
698,Oman,1997,Middle East,Government of Oman,0,0,0,0,0,0,0,0,0,0,0,0,0,0,25.1,0,0
698,Oman,1998,Middle East,Government of Oman,0,0,0,0,0,0,0,0,0,0,0,0,0,0,25.1,0,0
698,Oman,1999,Middle East,Government of Oman,0,0,0,0,0,0,0,0,0,0,0,0,0,0,25.1,0,0
698,Oman,2000,Middle East,Government of Oman,0,0,0,0,0,0,0,0,0,0,0,0,0,0,25.1,0,0
698,Oman,2001,Middle East,Government of Oman,0,0,0,0,0,0,0,0,0,0,0,0,0,0,25.1,0,0
698,Oman,2002,Middle East,Government of Oman,0,0,0,0,0,0,0,0,0,0,0,0,0,0,25.1,0,0
698,Oman,2003,Middle East,Government of Oman,0,0,0,0,0,0,0,0,0,0,0,0,0,0,25.1,0,0
698,Oman,2004,Middle East,Government of Oman,0,0,0,0,0,0,0,0,0,0,0,0,0,0,25.1,0,0
698,Oman,2005,Middle East,Government of Oman,0,0,0,0,0,0,0,0,0,0,0,0,0,0,25.1,0,0
698,Oman,2006,Middle East,Government of Oman,0,0,0,0,0,0,0,0,0,0,0,0,0,0,25.1,0,0
698,Oman,2007,Middle East,Government of Oman,0,0,0,0,0,0,0,0,0,0,0,0,0,0,25.1,0,0
698,Oman,2008,Middle East,Government of Oman,0,0,0,0,0,0,0,0,0,0,0,0,0,0,25.1,0,0
698,Oman,2009,Middle East,Government of Oman,0,0,0,0,0,0,0,0,0,0,0,0,0,0,25.1,0,0
698,Oman,2010,Middle East,Government of Oman,0,0,0,0,0,0,0,0,0,0,0,0,0,0,25.1,0,0
698,Oman,2011,Middle East,Government of Oman,0,0,0,0,0,0,0,0,0,0,0,0,0,0,25.1,0,0
698,Oman,2012,Middle East,Government of Oman,0,0,0,0,0,0,0,0,0,0,0,0,0,0,25.1,0,0
698,Oman,2013,Middle East,Government of Oman,0,0,0,0,0,0,0,0,0,0,0,0,0,0,25.1,0,0
698,Oman,2014,Middle East,Government of Oman,0,0,0,0,0,0,0,0,0,0,0,0,0,0,25.1,0,0
698,Oman,2015,Middle East,Government of Oman,0,0,0,0,0,0,0,0,0,0,0,0,0,0,25.1,0,0
698,Oman,2016,Middle East,Government of Oman,0,0,0,0,0,0,0,0,0,0,0,0,0,0,25.1,0,0
698,Oman,2017,Middle East,Government of Oman,0,0,0,0,0,0,0,0,0,0,0,0,0,0,25.1,0,0
698,Oman,2018,Middle East,Government of Oman,0,0,0,0,0,0,0,0,0,0,0,0,0,0,25.1,0,0
698,Oman,2019,Middle East,Government of Oman,0,0,0,0,0,0,0,0,0,0,0,0,0,0,25.1,0,0
698,Oman,2020,Middle East,Government of Oman,0,0,0,0,0,0,0,0,0,0,0,0,0,0,25.1,0,0
698,Oman,2021,Middle East,Government of Oman,0,0,0,0,0,0,0,0,0,0,0,0,0,0,25.1,0,0
698,Oman,2022,Middle East,Government of Oman,0,0,0,0,0,0,0,0,0,0,0,0,0,0,25.1,0,0
698,Oman,2023,Middle East,Government of Oman,0,0,0,0,0,0,0,0,0,0,0,0,0,0,25.1,0,0
700,Afghanistan,1989,Asia,Government of Afghanistan,1,5,5174,1,5174,0,0,1,2,237,0,0,0,5411,25.1,1,1
700,Afghanistan,1990,Asia,Government of Afghanistan,1,5,1478,1,1478,0,0,1,1,36,0,0,0,1514,25.1,1,1
700,Afghanistan,1991,Asia,Government of Afghanistan,1,4,3302,1,3302,0,0,1,2,251,0,0,0,3553,25.1,1,1
700,Afghanistan,1992,Asia,Government of Afghanistan,1,4,4287,1,4287,0,0,1,1,90,1,1,8,4385,25.1,1,1
700,Afghanistan,1993,Asia,Government of Afghanistan,1,4,4071,1,4071,0,0,1,1,8,1,1,26,4105,25.1,1,1
700,Afghanistan,1994,Asia,Government of Afghanistan,1,3,8937,1,8937,0,0,1,4,119,0,0,0,9056,25.1,1,1
700,Afghanistan,1995,Asia,Government of Afghanistan,1,5,5499,1,5499,0,0,1,4,115,1,1,4,5618,25.1,1,1
700,Afghanistan,1996,Asia,Government of Afghanistan,1,3,3177,1,3177,0,0,1,6,371,1,2,47,3595,25.1,1,1
700,Afghanistan,1997,Asia,Government of Afghanistan,1,1,6396,1,6396,0,0,1,1,2,1,1,323,6721,25.1,1,1
700,Afghanistan,1998,Asia,Government of Afghanistan,1,1,6256,1,6256,0,0,1,2,109,1,2,5809,12174,25.1,1,1
700,Afghanistan,1999,Asia,Government of Afghanistan,1,1,4629,1,4629,0,0,0,0,0,1,1,436,5065,25.1,1,1
700,Afghanistan,2000,Asia,Government of Afghanistan,1,1,5235,1,5235,0,0,1,1,3,1,2,156,5394,25.1,1,1
700,Afghanistan,2001,Asia,Government of Afghanistan,1,3,5055,1,3658,1,1397,0,0,0,1,2,498,5553,25.1,1,1
700,Afghanistan,2002,Asia,Government of Afghanistan,1,3,900,1,900,0,0,1,2,246,1,1,11,1157,25.1,1,1
700,Afghanistan,2003,Asia,Government of Afghanistan,1,3,687,1,687,0,0,1,4,243,1,1,14,944,25.1,1,1
700,Afghanistan,2004,Asia,Government of Afghanistan,1,2,715,1,715,0,0,1,2,49,1,2,53,817,25.1,1,1
700,Afghanistan,2005,Asia,Government of Afghanistan,1,2,1595,1,1595,0,0,0,0,0,1,2,116,1711,25.1,1,1
700,Afghanistan,2006,Asia,Government of Afghanistan,1,3,4750,1,4750,0,0,1,1,36,1,1,196,4982,25.1,1,1
700,Afghanistan,2007,Asia,Government of Afghanistan,1,3,6923,1,6911,1,12,1,1,1,1,1,113,7037,25.1,1,1
700,Afghanistan,2008,Asia,Government of Afghanistan,1,4,5553,1,5552,1,1,0,0,0,1,1,108,5661,25.1,1,1
700,Afghanistan,2009,Asia,Government of Afghanistan,1,3,6341,1,6341,0,0,0,0,0,1,2,158,6499,25.1,1,1
700,Afghanistan,2010,Asia,Government of Afghanistan,1,3,6864,1,6864,0,0,1,1,99,1,2,188,7151,25.1,1,1
700,Afghanistan,2011,Asia,Government of Afghanistan,1,4,7403,1,7403,0,0,1,1,25,1,2,135,7563,25.1,1,1
700,Afghanistan,2012,Asia,Government of Afghanistan,1,3,7690,1,7690,0,0,1,1,10,1,2,83,7783,25.1,1,1
700,Afghanistan,2013,Asia,Government of Afghanistan,1,3,8056,1,8056,0,0,1,1,10,1,2,65,8131,25.1,1,1
700,Afghanistan,2014,Asia,Government of Afghanistan,1,3,12294,1,12294,0,0,1,1,13,1,2,242,12549,25.1,1,1
700,Afghanistan,2015,Asia,Government of Afghanistan,1,5,17304,1,17303,1,1,1,5,534,1,3,180,18018,25.1,1,1
700,Afghanistan,2016,Asia,Government of Afghanistan,1,7,17993,1,17987,1,6,1,3,676,1,3,356,19025,25.1,1,1
700,Afghanistan,2017,Asia,Government of Afghanistan,1,6,19022,1,19014,1,8,1,5,419,1,3,343,19784,25.1,1,1
700,Afghanistan,2018,Asia,Government of Afghanistan,1,5,25702,1,25696,1,6,1,2,631,1,3,562,26895,25.1,1,1
700,Afghanistan,2019,Asia,Government of Afghanistan,1,3,29940,1,29940,0,0,1,2,113,1,4,382,30435,25.1,1,1
700,Afghanistan,2020,Asia,Government of Afghanistan,1,4,20489,1,20489,0,0,1,1,0,1,3,345,20834,25.1,1,1
700,Afghanistan,2021,Asia,Government of Afghanistan,1,5,35787,1,35787,0,0,1,2,11,1,3,588,36386,25.1,1,1
700,Afghanistan,2022,Asia,Government of Afghanistan,1,8,932,1,926,1,6,0,0,0,1,2,642,1574,25.1,1,1
700,Afghanistan,2023,Asia,Government of Afghanistan,1,6,252,1,237,1,15,0,0,0,1,2,108,360,25.1,1,1
701,Turkmenistan,1991,Asia,Government of Turkmenistan,0,0,0,0,0,0,0,0,0,0,0,0,0,0,25.1,0,0
701,Turkmenistan,1992,Asia,Government of Turkmenistan,0,0,0,0,0,0,0,0,0,0,0,0,0,0,25.1,0,0
701,Turkmenistan,1993,Asia,Government of Turkmenistan,0,0,0,0,0,0,0,0,0,0,0,0,0,0,25.1,0,0
701,Turkmenistan,1994,Asia,Government of Turkmenistan,0,0,0,0,0,0,0,0,0,0,0,0,0,0,25.1,0,0
701,Turkmenistan,1995,Asia,Government of Turkmenistan,0,0,0,0,0,0,0,0,0,0,0,0,0,0,25.1,0,0
701,Turkmenistan,1996,Asia,Government of Turkmenistan,0,0,0,0,0,0,0,0,0,0,0,0,0,0,25.1,0,0
701,Turkmenistan,1997,Asia,Government of Turkmenistan,0,0,0,0,0,0,0,0,0,0,0,0,0,0,25.1,0,0
701,Turkmenistan,1998,Asia,Government of Turkmenistan,0,0,0,0,0,0,0,0,0,0,0,0,0,0,25.1,0,0
701,Turkmenistan,1999,Asia,Government of Turkmenistan,0,0,0,0,0,0,0,0,0,0,0,0,0,0,25.1,0,0
701,Turkmenistan,2000,Asia,Government of Turkmenistan,0,0,0,0,0,0,0,0,0,0,0,0,0,0,25.1,0,0
701,Turkmenistan,2001,Asia,Government of Turkmenistan,0,0,0,0,0,0,0,0,0,0,0,0,0,0,25.1,0,0
701,Turkmenistan,2002,Asia,Government of Turkmenistan,0,0,0,0,0,0,0,0,0,0,0,0,0,0,25.1,0,0
701,Turkmenistan,2003,Asia,Government of Turkmenistan,0,0,0,0,0,0,0,0,0,0,0,0,0,0,25.1,0,0
701,Turkmenistan,2004,Asia,Government of Turkmenistan,0,0,0,0,0,0,0,0,0,0,0,0,0,0,25.1,0,0
701,Turkmenistan,2005,Asia,Government of Turkmenistan,0,0,0,0,0,0,0,0,0,0,0,0,0,0,25.1,0,0
701,Turkmenistan,2006,Asia,Government of Turkmenistan,0,0,0,0,0,0,0,0,0,0,0,0,0,0,25.1,0,0
701,Turkmenistan,2007,Asia,Government of Turkmenistan,0,0,0,0,0,0,0,0,0,0,0,0,0,0,25.1,0,0
701,Turkmenistan,2008,Asia,Government of Turkmenistan,0,0,0,0,0,0,0,0,0,0,0,0,0,0,25.1,0,0
701,Turkmenistan,2009,Asia,Government of Turkmenistan,0,0,0,0,0,0,0,0,0,0,0,0,0,0,25.1,0,0
701,Turkmenistan,2010,Asia,Government of Turkmenistan,0,0,0,0,0,0,0,0,0,0,0,0,0,0,25.1,0,0
701,Turkmenistan,2011,Asia,Government of Turkmenistan,0,0,0,0,0,0,0,0,0,0,0,0,0,0,25.1,0,0
701,Turkmenistan,2012,Asia,Government of Turkmenistan,0,0,0,0,0,0,0,0,0,0,0,0,0,0,25.1,0,0
701,Turkmenistan,2013,Asia,Government of Turkmenistan,0,0,0,0,0,0,0,0,0,0,0,0,0,0,25.1,0,0
701,Turkmenistan,2014,Asia,Government of Turkmenistan,0,0,0,0,0,0,0,0,0,0,0,0,0,0,25.1,0,0
701,Turkmenistan,2015,Asia,Government of Turkmenistan,0,0,0,0,0,0,0,0,0,0,0,0,0,0,25.1,0,0
701,Turkmenistan,2016,Asia,Government of Turkmenistan,0,0,0,0,0,0,0,0,0,0,0,0,0,0,25.1,0,0
701,Turkmenistan,2017,Asia,Government of Turkmenistan,0,0,0,0,0,0,0,0,0,0,0,0,0,0,25.1,0,0
701,Turkmenistan,2018,Asia,Government of Turkmenistan,0,0,0,0,0,0,0,0,0,0,0,0,0,0,25.1,0,0
701,Turkmenistan,2019,Asia,Government of Turkmenistan,0,0,0,0,0,0,0,0,0,0,0,0,0,0,25.1,0,0
701,Turkmenistan,2020,Asia,Government of Turkmenistan,0,0,0,0,0,0,0,0,0,0,0,0,0,0,25.1,0,0
701,Turkmenistan,2021,Asia,Government of Turkmenistan,0,0,0,0,0,0,0,0,0,0,0,0,0,0,25.1,0,0
701,Turkmenistan,2022,Asia,Government of Turkmenistan,0,0,0,0,0,0,0,0,0,0,0,0,0,0,25.1,0,0
701,Turkmenistan,2023,Asia,Government of Turkmenistan,0,0,0,0,0,0,0,0,0,0,0,0,0,0,25.1,0,0
702,Tajikistan,1991,Asia,Government of Tajikistan,0,0,0,0,0,0,0,0,0,0,0,0,0,0,25.1,0,1
702,Tajikistan,1992,Asia,Government of Tajikistan,1,2,3355,1,3355,0,0,1,1,408,1,2,96,3859,25.1,1,1
702,Tajikistan,1993,Asia,Government of Tajikistan,1,1,1045,1,1045,0,0,0,0,0,0,0,0,1045,25.1,1,1
702,Tajikistan,1994,Asia,Government of Tajikistan,1,1,356,1,356,0,0,0,0,0,1,1,10,366,25.1,1,1
702,Tajikistan,1995,Asia,Government of Tajikistan,1,1,368,1,368,0,0,0,0,0,0,0,0,368,25.1,1,1
702,Tajikistan,1996,Asia,Government of Tajikistan,1,1,2790,1,2790,0,0,0,0,0,1,1,7,2797,25.1,1,1
702,Tajikistan,1997,Asia,Government of Tajikistan,1,2,97,1,97,0,0,0,0,0,0,0,0,97,25.1,1,1
702,Tajikistan,1998,Asia,Government of Tajikistan,1,2,600,1,600,0,0,0,0,0,0,0,0,600,25.1,1,1
702,Tajikistan,1999,Asia,Government of Tajikistan,1,2,4,1,4,0,0,0,0,0,0,0,0,4,25.1,1,1
702,Tajikistan,2000,Asia,Government of Tajikistan,1,1,46,1,46,0,0,0,0,0,0,0,0,46,25.1,1,0
702,Tajikistan,2001,Asia,Government of Tajikistan,0,0,0,0,0,0,0,0,0,0,0,0,0,0,25.1,0,0
702,Tajikistan,2002,Asia,Government of Tajikistan,0,0,0,0,0,0,0,0,0,0,0,0,0,0,25.1,0,0
702,Tajikistan,2003,Asia,Government of Tajikistan,0,0,0,0,0,0,0,0,0,0,0,0,0,0,25.1,0,0
702,Tajikistan,2004,Asia,Government of Tajikistan,0,0,0,0,0,0,0,0,0,0,0,0,0,0,25.1,0,1
702,Tajikistan,2005,Asia,Government of Tajikistan,1,1,1,1,1,0,0,0,0,0,0,0,0,1,25.1,1,1
702,Tajikistan,2006,Asia,Government of Tajikistan,1,2,8,1,8,0,0,0,0,0,0,0,0,8,25.1,1,0
702,Tajikistan,2007,Asia,Government of Tajikistan,0,0,0,0,0,0,0,0,0,0,0,0,0,0,25.1,0,0
702,Tajikistan,2008,Asia,Government of Tajikistan,0,0,0,0,0,0,0,0,0,0,0,0,0,0,25.1,0,1
702,Tajikistan,2009,Asia,Government of Tajikistan,1,1,17,1,17,0,0,0,0,0,0,0,0,17,25.1,1,1
702,Tajikistan,2010,Asia,Government of Tajikistan,1,2,98,1,98,0,0,0,0,0,0,0,0,98,25.1,1,1
702,Tajikistan,2011,Asia,Government of Tajikistan,1,1,28,1,28,0,0,0,0,0,0,0,0,28,25.1,1,0
702,Tajikistan,2012,Asia,Government of Tajikistan,0,0,0,0,0,0,0,0,0,0,0,0,0,0,25.1,0,1
702,Tajikistan,2013,Asia,Government of Tajikistan,1,1,3,1,3,0,0,0,0,0,0,0,0,3,25.1,1,1
702,Tajikistan,2014,Asia,Government of Tajikistan,1,1,3,0,0,1,3,0,0,0,0,0,0,3,25.1,1,0
702,Tajikistan,2015,Asia,Government of Tajikistan,0,0,0,0,0,0,0,0,0,0,0,0,0,0,25.1,0,0
702,Tajikistan,2016,Asia,Government of Tajikistan,0,0,0,0,0,0,0,0,0,0,0,0,0,0,25.1,0,0
702,Tajikistan,2017,Asia,Government of Tajikistan,0,0,0,0,0,0,0,0,0,0,0,0,0,0,25.1,0,1
702,Tajikistan,2018,Asia,Government of Tajikistan,1,1,52,1,52,0,0,0,0,0,1,1,4,56,25.1,1,1
702,Tajikistan,2019,Asia,Government of Tajikistan,1,2,53,1,49,1,4,0,0,0,0,0,0,53,25.1,1,0
702,Tajikistan,2020,Asia,Government of Tajikistan,0,0,0,0,0,0,0,0,0,0,0,0,0,0,25.1,0,1
702,Tajikistan,2021,Asia,Government of Tajikistan,1,1,16,0,0,1,16,0,0,0,0,0,0,16,25.1,1,1
702,Tajikistan,2022,Asia,Government of Tajikistan,1,1,87,0,0,1,87,0,0,0,0,0,0,87,25.1,1,0
702,Tajikistan,2023,Asia,Government of Tajikistan,0,0,0,0,0,0,0,0,0,0,0,0,0,0,25.1,0,0
703,Kyrgyzstan,1991,Asia,Government of Kyrgyzstan,0,0,0,0,0,0,0,0,0,0,0,0,0,0,25.1,0,0
703,Kyrgyzstan,1992,Asia,Government of Kyrgyzstan,0,0,0,0,0,0,0,0,0,0,0,0,0,0,25.1,0,0
703,Kyrgyzstan,1993,Asia,Government of Kyrgyzstan,0,0,0,0,0,0,0,0,0,0,0,0,0,0,25.1,0,0
703,Kyrgyzstan,1994,Asia,Government of Kyrgyzstan,0,0,0,0,0,0,0,0,0,0,0,0,0,0,25.1,0,0
703,Kyrgyzstan,1995,Asia,Government of Kyrgyzstan,0,0,0,0,0,0,0,0,0,0,0,0,0,0,25.1,0,0
703,Kyrgyzstan,1996,Asia,Government of Kyrgyzstan,0,0,0,0,0,0,0,0,0,0,0,0,0,0,25.1,0,0
703,Kyrgyzstan,1997,Asia,Government of Kyrgyzstan,0,0,0,0,0,0,0,0,0,0,0,0,0,0,25.1,0,0
703,Kyrgyzstan,1998,Asia,Government of Kyrgyzstan,0,0,0,0,0,0,0,0,0,0,0,0,0,0,25.1,0,1
703,Kyrgyzstan,1999,Asia,Government of Kyrgyzstan,1,1,14,1,14,0,0,0,0,0,0,0,0,14,25.1,1,1
703,Kyrgyzstan,2000,Asia,Government of Kyrgyzstan,1,1,174,1,174,0,0,0,0,0,0,0,0,174,25.1,1,0
703,Kyrgyzstan,2001,Asia,Government of Kyrgyzstan,0,0,0,0,0,0,0,0,0,0,0,0,0,0,25.1,0,0
703,Kyrgyzstan,2002,Asia,Government of Kyrgyzstan,0,0,0,0,0,0,0,0,0,0,0,0,0,0,25.1,0,0
703,Kyrgyzstan,2003,Asia,Government of Kyrgyzstan,0,0,0,0,0,0,0,0,0,0,0,0,0,0,25.1,0,0
703,Kyrgyzstan,2004,Asia,Government of Kyrgyzstan,0,0,0,0,0,0,0,0,0,0,0,0,0,0,25.1,0,0
703,Kyrgyzstan,2005,Asia,Government of Kyrgyzstan,0,0,0,0,0,0,0,0,0,0,0,0,0,0,25.1,0,1
703,Kyrgyzstan,2006,Asia,Government of Kyrgyzstan,1,1,6,1,6,0,0,0,0,0,0,0,0,6,25.1,1,0
703,Kyrgyzstan,2007,Asia,Government of Kyrgyzstan,0,0,0,0,0,0,0,0,0,0,0,0,0,0,25.1,0,0
703,Kyrgyzstan,2008,Asia,Government of Kyrgyzstan,0,0,0,0,0,0,0,0,0,0,0,0,0,0,25.1,0,0
703,Kyrgyzstan,2009,Asia,Government of Kyrgyzstan,0,0,0,0,0,0,0,0,0,0,0,0,0,0,25.1,0,1
703,Kyrgyzstan,2010,Asia,Government of Kyrgyzstan,0,0,0,0,0,0,0,1,1,44,0,0,0,44,25.1,1,0
703,Kyrgyzstan,2011,Asia,Government of Kyrgyzstan,0,0,0,0,0,0,0,0,0,0,0,0,0,0,25.1,0,0
703,Kyrgyzstan,2012,Asia,Government of Kyrgyzstan,0,0,0,0,0,0,0,0,0,0,0,0,0,0,25.1,0,0
703,Kyrgyzstan,2013,Asia,Government of Kyrgyzstan,0,0,0,0,0,0,0,0,0,0,0,0,0,0,25.1,0,0
703,Kyrgyzstan,2014,Asia,Government of Kyrgyzstan,0,0,0,0,0,0,0,0,0,0,0,0,0,0,25.1,0,1
703,Kyrgyzstan,2015,Asia,Government of Kyrgyzstan,1,1,1,0,0,1,1,0,0,0,0,0,0,1,25.1,1,0
703,Kyrgyzstan,2016,Asia,Government of Kyrgyzstan,0,0,0,0,0,0,0,0,0,0,0,0,0,0,25.1,0,0
703,Kyrgyzstan,2017,Asia,Government of Kyrgyzstan,0,0,0,0,0,0,0,0,0,0,0,0,0,0,25.1,0,0
703,Kyrgyzstan,2018,Asia,Government of Kyrgyzstan,0,0,0,0,0,0,0,0,0,0,0,0,0,0,25.1,0,0
703,Kyrgyzstan,2019,Asia,Government of Kyrgyzstan,0,0,0,0,0,0,0,0,0,0,0,0,0,0,25.1,0,0
703,Kyrgyzstan,2020,Asia,Government of Kyrgyzstan,0,0,0,0,0,0,0,0,0,0,0,0,0,0,25.1,0,1
703,Kyrgyzstan,2021,Asia,Government of Kyrgyzstan,1,1,40,0,0,1,40,0,0,0,0,0,0,40,25.1,1,1
703,Kyrgyzstan,2022,Asia,Government of Kyrgyzstan,1,1,63,0,0,1,63,0,0,0,1,1,5,68,25.1,1,0
703,Kyrgyzstan,2023,Asia,Government of Kyrgyzstan,0,0,0,0,0,0,0,0,0,0,0,0,0,0,25.1,0,0
704,Uzbekistan,1991,Asia,Government of Uzbekistan,0,0,0,0,0,0,0,0,0,0,0,0,0,0,25.1,0,0
704,Uzbekistan,1992,Asia,Government of Uzbekistan,0,0,0,0,0,0,0,0,0,0,0,0,0,0,25.1,0,0
704,Uzbekistan,1993,Asia,Government of Uzbekistan,0,0,0,0,0,0,0,0,0,0,0,0,0,0,25.1,0,0
704,Uzbekistan,1994,Asia,Government of Uzbekistan,0,0,0,0,0,0,0,0,0,0,0,0,0,0,25.1,0,0
704,Uzbekistan,1995,Asia,Government of Uzbekistan,0,0,0,0,0,0,0,0,0,0,0,0,0,0,25.1,0,0
704,Uzbekistan,1996,Asia,Government of Uzbekistan,0,0,0,0,0,0,0,0,0,0,0,0,0,0,25.1,0,0
704,Uzbekistan,1997,Asia,Government of Uzbekistan,0,0,0,0,0,0,0,0,0,0,0,0,0,0,25.1,0,0
704,Uzbekistan,1998,Asia,Government of Uzbekistan,0,0,0,0,0,0,0,0,0,0,0,0,0,0,25.1,0,1
704,Uzbekistan,1999,Asia,Government of Uzbekistan,1,1,50,1,50,0,0,0,0,0,0,0,0,50,25.1,1,1
704,Uzbekistan,2000,Asia,Government of Uzbekistan,1,1,297,1,297,0,0,0,0,0,0,0,0,297,25.1,1,0
704,Uzbekistan,2001,Asia,Government of Uzbekistan,0,0,0,0,0,0,0,0,0,0,0,0,0,0,25.1,0,0
704,Uzbekistan,2002,Asia,Government of Uzbekistan,0,0,0,0,0,0,0,0,0,0,0,0,0,0,25.1,0,0
704,Uzbekistan,2003,Asia,Government of Uzbekistan,0,0,0,0,0,0,0,0,0,0,0,0,0,0,25.1,0,1
704,Uzbekistan,2004,Asia,Government of Uzbekistan,1,1,37,1,37,0,0,0,0,0,0,0,0,37,25.1,1,0
704,Uzbekistan,2005,Asia,Government of Uzbekistan,0,0,0,0,0,0,0,0,0,0,0,0,0,0,25.1,0,0
704,Uzbekistan,2006,Asia,Government of Uzbekistan,0,0,0,0,0,0,0,0,0,0,0,0,0,0,25.1,0,0
704,Uzbekistan,2007,Asia,Government of Uzbekistan,0,0,0,0,0,0,0,0,0,0,0,0,0,0,25.1,0,0
704,Uzbekistan,2008,Asia,Government of Uzbekistan,0,0,0,0,0,0,0,0,0,0,0,0,0,0,25.1,0,1
704,Uzbekistan,2009,Asia,Government of Uzbekistan,1,1,16,1,16,0,0,0,0,0,0,0,0,16,25.1,1,0
704,Uzbekistan,2010,Asia,Government of Uzbekistan,0,0,0,0,0,0,0,0,0,0,0,0,0,0,25.1,0,0
704,Uzbekistan,2011,Asia,Government of Uzbekistan,0,0,0,0,0,0,0,0,0,0,0,0,0,0,25.1,0,0
704,Uzbekistan,2012,Asia,Government of Uzbekistan,0,0,0,0,0,0,0,0,0,0,0,0,0,0,25.1,0,0
704,Uzbekistan,2013,Asia,Government of Uzbekistan,0,0,0,0,0,0,0,0,0,0,0,0,0,0,25.1,0,0
704,Uzbekistan,2014,Asia,Government of Uzbekistan,0,0,0,0,0,0,0,0,0,0,0,0,0,0,25.1,0,0
704,Uzbekistan,2015,Asia,Government of Uzbekistan,0,0,0,0,0,0,0,0,0,0,0,0,0,0,25.1,0,0
704,Uzbekistan,2016,Asia,Government of Uzbekistan,0,0,0,0,0,0,0,0,0,0,0,0,0,0,25.1,0,0
704,Uzbekistan,2017,Asia,Government of Uzbekistan,0,0,0,0,0,0,0,0,0,0,0,0,0,0,25.1,0,0
704,Uzbekistan,2018,Asia,Government of Uzbekistan,0,0,0,0,0,0,0,0,0,0,0,0,0,0,25.1,0,0
704,Uzbekistan,2019,Asia,Government of Uzbekistan,0,0,0,0,0,0,0,0,0,0,0,0,0,0,25.1,0,0
704,Uzbekistan,2020,Asia,Government of Uzbekistan,0,0,0,0,0,0,0,0,0,0,0,0,0,0,25.1,0,0
704,Uzbekistan,2021,Asia,Government of Uzbekistan,0,0,0,0,0,0,0,0,0,0,0,0,0,0,25.1,0,0
704,Uzbekistan,2022,Asia,Government of Uzbekistan,0,0,0,0,0,0,0,0,0,0,0,0,0,0,25.1,0,0
704,Uzbekistan,2023,Asia,Government of Uzbekistan,0,0,0,0,0,0,0,0,0,0,0,0,0,0,25.1,0,0
705,Kazakhstan,1991,Asia,Government of Kazakhstan,0,0,0,0,0,0,0,0,0,0,0,0,0,0,25.1,0,0
705,Kazakhstan,1992,Asia,Government of Kazakhstan,0,0,0,0,0,0,0,0,0,0,0,0,0,0,25.1,0,0
705,Kazakhstan,1993,Asia,Government of Kazakhstan,0,0,0,0,0,0,0,0,0,0,0,0,0,0,25.1,0,0
705,Kazakhstan,1994,Asia,Government of Kazakhstan,0,0,0,0,0,0,0,0,0,0,0,0,0,0,25.1,0,0
705,Kazakhstan,1995,Asia,Government of Kazakhstan,0,0,0,0,0,0,0,0,0,0,0,0,0,0,25.1,0,0
705,Kazakhstan,1996,Asia,Government of Kazakhstan,0,0,0,0,0,0,0,0,0,0,0,0,0,0,25.1,0,0
705,Kazakhstan,1997,Asia,Government of Kazakhstan,0,0,0,0,0,0,0,0,0,0,0,0,0,0,25.1,0,0
705,Kazakhstan,1998,Asia,Government of Kazakhstan,0,0,0,0,0,0,0,0,0,0,0,0,0,0,25.1,0,0
705,Kazakhstan,1999,Asia,Government of Kazakhstan,0,0,0,0,0,0,0,0,0,0,0,0,0,0,25.1,0,0
705,Kazakhstan,2000,Asia,Government of Kazakhstan,0,0,0,0,0,0,0,0,0,0,0,0,0,0,25.1,0,0
705,Kazakhstan,2001,Asia,Government of Kazakhstan,0,0,0,0,0,0,0,0,0,0,0,0,0,0,25.1,0,0
705,Kazakhstan,2002,Asia,Government of Kazakhstan,0,0,0,0,0,0,0,0,0,0,0,0,0,0,25.1,0,0
705,Kazakhstan,2003,Asia,Government of Kazakhstan,0,0,0,0,0,0,0,0,0,0,0,0,0,0,25.1,0,0
705,Kazakhstan,2004,Asia,Government of Kazakhstan,0,0,0,0,0,0,0,0,0,0,0,0,0,0,25.1,0,0
705,Kazakhstan,2005,Asia,Government of Kazakhstan,0,0,0,0,0,0,0,0,0,0,0,0,0,0,25.1,0,0
705,Kazakhstan,2006,Asia,Government of Kazakhstan,0,0,0,0,0,0,0,0,0,0,0,0,0,0,25.1,0,0
705,Kazakhstan,2007,Asia,Government of Kazakhstan,0,0,0,0,0,0,0,0,0,0,0,0,0,0,25.1,0,0
705,Kazakhstan,2008,Asia,Government of Kazakhstan,0,0,0,0,0,0,0,0,0,0,0,0,0,0,25.1,0,0
705,Kazakhstan,2009,Asia,Government of Kazakhstan,0,0,0,0,0,0,0,0,0,0,0,0,0,0,25.1,0,0
705,Kazakhstan,2010,Asia,Government of Kazakhstan,0,0,0,0,0,0,0,0,0,0,0,0,0,0,25.1,0,0
705,Kazakhstan,2011,Asia,Government of Kazakhstan,0,0,0,0,0,0,0,0,0,0,0,0,0,0,25.1,0,0
705,Kazakhstan,2012,Asia,Government of Kazakhstan,0,0,0,0,0,0,0,0,0,0,0,0,0,0,25.1,0,0
705,Kazakhstan,2013,Asia,Government of Kazakhstan,0,0,0,0,0,0,0,0,0,0,0,0,0,0,25.1,0,0
705,Kazakhstan,2014,Asia,Government of Kazakhstan,0,0,0,0,0,0,0,0,0,0,0,0,0,0,25.1,0,0
705,Kazakhstan,2015,Asia,Government of Kazakhstan,0,0,0,0,0,0,0,0,0,0,0,0,0,0,25.1,0,0
705,Kazakhstan,2016,Asia,Government of Kazakhstan,0,0,0,0,0,0,0,0,0,0,0,0,0,0,25.1,0,0
705,Kazakhstan,2017,Asia,Government of Kazakhstan,0,0,0,0,0,0,0,0,0,0,0,0,0,0,25.1,0,0
705,Kazakhstan,2018,Asia,Government of Kazakhstan,0,0,0,0,0,0,0,0,0,0,0,0,0,0,25.1,0,0
705,Kazakhstan,2019,Asia,Government of Kazakhstan,0,0,0,0,0,0,0,0,0,0,0,0,0,0,25.1,0,0
705,Kazakhstan,2020,Asia,Government of Kazakhstan,0,0,0,0,0,0,0,0,0,0,0,0,0,0,25.1,0,0
705,Kazakhstan,2021,Asia,Government of Kazakhstan,0,0,0,0,0,0,0,0,0,0,0,0,0,0,25.1,0,0
705,Kazakhstan,2022,Asia,Government of Kazakhstan,0,0,0,0,0,0,0,0,0,0,0,0,0,0,25.1,0,0
705,Kazakhstan,2023,Asia,Government of Kazakhstan,0,0,0,0,0,0,0,0,0,0,0,0,0,0,25.1,0,0
710,China,1989,Asia,Government of China,0,0,0,0,0,0,0,0,0,0,1,1,2600,2600,25.1,1,1
710,China,1990,Asia,Government of China,1,1,22,1,22,0,0,0,0,0,0,0,0,22,25.1,1,0
710,China,1991,Asia,Government of China,0,0,0,0,0,0,0,0,0,0,0,0,0,0,25.1,0,0
710,China,1992,Asia,Government of China,0,0,0,0,0,0,0,0,0,0,0,0,0,0,25.1,0,0
710,China,1993,Asia,Government of China,0,0,0,0,0,0,0,0,0,0,0,0,0,0,25.1,0,0
710,China,1994,Asia,Government of China,0,0,0,0,0,0,0,0,0,0,0,0,0,0,25.1,0,0
710,China,1995,Asia,Government of China,0,0,0,0,0,0,0,0,0,0,0,0,0,0,25.1,0,0
710,China,1996,Asia,Government of China,0,0,0,0,0,0,0,0,0,0,0,0,0,0,25.1,0,1
710,China,1997,Asia,Government of China,0,0,0,0,0,0,0,0,0,0,1,1,4,4,25.1,1,0
710,China,1998,Asia,Government of China,0,0,0,0,0,0,0,0,0,0,0,0,0,0,25.1,0,1
710,China,1999,Asia,Government of China,1,1,0,1,0,0,0,0,0,0,0,0,0,0,25.1,1,0
710,China,2000,Asia,Government of China,0,0,0,0,0,0,0,0,0,0,0,0,0,0,25.1,0,0
710,China,2001,Asia,Government of China,0,0,0,0,0,0,0,0,0,0,0,0,0,0,25.1,0,0
710,China,2002,Asia,Government of China,0,0,0,0,0,0,0,0,0,0,0,0,0,0,25.1,0,0
710,China,2003,Asia,Government of China,0,0,0,0,0,0,0,0,0,0,0,0,0,0,25.1,0,0
710,China,2004,Asia,Government of China,0,0,0,0,0,0,0,0,0,0,0,0,0,0,25.1,0,1
710,China,2005,Asia,Government of China,0,0,0,0,0,0,0,0,0,0,1,1,12,12,25.1,1,0
710,China,2006,Asia,Government of China,0,0,0,0,0,0,0,0,0,0,0,0,0,0,25.1,0,1
710,China,2007,Asia,Government of China,1,1,0,1,0,0,0,0,0,0,0,0,0,0,25.1,1,1
710,China,2008,Asia,Government of China,1,1,36,1,36,0,0,0,0,0,1,1,51,87,25.1,1,1
710,China,2009,Asia,Government of China,1,1,2,1,2,0,0,1,1,187,0,0,0,189,25.1,1,0
710,China,2010,Asia,Government of China,0,0,0,0,0,0,0,0,0,0,0,0,0,0,25.1,0,0
710,China,2011,Asia,Government of China,0,0,0,0,0,0,0,0,0,0,0,0,0,0,25.1,0,0
710,China,2012,Asia,Government of China,0,0,0,0,0,0,0,0,0,0,0,0,0,0,25.1,0,0
710,China,2013,Asia,Government of China,0,0,0,0,0,0,0,0,0,0,0,0,0,0,25.1,0,0
710,China,2014,Asia,Government of China,0,0,0,0,0,0,0,0,0,0,0,0,0,0,25.1,0,1
710,China,2015,Asia,Government of China,1,1,5,1,5,0,0,0,0,0,0,0,0,5,25.1,1,0
710,China,2016,Asia,Government of China,0,0,0,0,0,0,0,0,0,0,0,0,0,0,25.1,0,1
710,China,2017,Asia,Government of China,1,1,6,1,6,0,0,0,0,0,0,0,0,6,25.1,1,0
710,China,2018,Asia,Government of China,0,0,0,0,0,0,0,0,0,0,0,0,0,0,25.1,0,0
710,China,2019,Asia,Government of China,0,0,0,0,0,0,0,0,0,0,0,0,0,0,25.1,0,0
710,China,2020,Asia,Government of China,0,0,0,0,0,0,0,0,0,0,0,0,0,0,25.1,0,0
710,China,2021,Asia,Government of China,0,0,0,0,0,0,0,0,0,0,0,0,0,0,25.1,0,0
710,China,2022,Asia,Government of China,0,0,0,0,0,0,0,0,0,0,0,0,0,0,25.1,0,1
710,China,2023,Asia,Government of China,1,1,1,1,1,0,0,0,0,0,0,0,0,1,25.1,1,0
712,Mongolia,1989,Asia,Government of Mongolia,0,0,0,0,0,0,0,0,0,0,0,0,0,0,25.1,0,0
712,Mongolia,1990,Asia,Government of Mongolia,0,0,0,0,0,0,0,0,0,0,0,0,0,0,25.1,0,0
712,Mongolia,1991,Asia,Government of Mongolia,0,0,0,0,0,0,0,0,0,0,0,0,0,0,25.1,0,0
712,Mongolia,1992,Asia,Government of Mongolia,0,0,0,0,0,0,0,0,0,0,0,0,0,0,25.1,0,0
712,Mongolia,1993,Asia,Government of Mongolia,0,0,0,0,0,0,0,0,0,0,0,0,0,0,25.1,0,0
712,Mongolia,1994,Asia,Government of Mongolia,0,0,0,0,0,0,0,0,0,0,0,0,0,0,25.1,0,0
712,Mongolia,1995,Asia,Government of Mongolia,0,0,0,0,0,0,0,0,0,0,0,0,0,0,25.1,0,0
712,Mongolia,1996,Asia,Government of Mongolia,0,0,0,0,0,0,0,0,0,0,0,0,0,0,25.1,0,0
712,Mongolia,1997,Asia,Government of Mongolia,0,0,0,0,0,0,0,0,0,0,0,0,0,0,25.1,0,0
712,Mongolia,1998,Asia,Government of Mongolia,0,0,0,0,0,0,0,0,0,0,0,0,0,0,25.1,0,0
712,Mongolia,1999,Asia,Government of Mongolia,0,0,0,0,0,0,0,0,0,0,0,0,0,0,25.1,0,0
712,Mongolia,2000,Asia,Government of Mongolia,0,0,0,0,0,0,0,0,0,0,0,0,0,0,25.1,0,0
712,Mongolia,2001,Asia,Government of Mongolia,0,0,0,0,0,0,0,0,0,0,0,0,0,0,25.1,0,0
712,Mongolia,2002,Asia,Government of Mongolia,0,0,0,0,0,0,0,0,0,0,0,0,0,0,25.1,0,0
712,Mongolia,2003,Asia,Government of Mongolia,0,0,0,0,0,0,0,0,0,0,0,0,0,0,25.1,0,0
712,Mongolia,2004,Asia,Government of Mongolia,0,0,0,0,0,0,0,0,0,0,0,0,0,0,25.1,0,0
712,Mongolia,2005,Asia,Government of Mongolia,0,0,0,0,0,0,0,0,0,0,0,0,0,0,25.1,0,0
712,Mongolia,2006,Asia,Government of Mongolia,0,0,0,0,0,0,0,0,0,0,0,0,0,0,25.1,0,0
712,Mongolia,2007,Asia,Government of Mongolia,0,0,0,0,0,0,0,0,0,0,0,0,0,0,25.1,0,0
712,Mongolia,2008,Asia,Government of Mongolia,0,0,0,0,0,0,0,0,0,0,0,0,0,0,25.1,0,0
712,Mongolia,2009,Asia,Government of Mongolia,0,0,0,0,0,0,0,0,0,0,0,0,0,0,25.1,0,0
712,Mongolia,2010,Asia,Government of Mongolia,0,0,0,0,0,0,0,0,0,0,0,0,0,0,25.1,0,0
712,Mongolia,2011,Asia,Government of Mongolia,0,0,0,0,0,0,0,0,0,0,0,0,0,0,25.1,0,0
712,Mongolia,2012,Asia,Government of Mongolia,0,0,0,0,0,0,0,0,0,0,0,0,0,0,25.1,0,0
712,Mongolia,2013,Asia,Government of Mongolia,0,0,0,0,0,0,0,0,0,0,0,0,0,0,25.1,0,0
712,Mongolia,2014,Asia,Government of Mongolia,0,0,0,0,0,0,0,0,0,0,0,0,0,0,25.1,0,0
712,Mongolia,2015,Asia,Government of Mongolia,0,0,0,0,0,0,0,0,0,0,0,0,0,0,25.1,0,0
712,Mongolia,2016,Asia,Government of Mongolia,0,0,0,0,0,0,0,0,0,0,0,0,0,0,25.1,0,0
712,Mongolia,2017,Asia,Government of Mongolia,0,0,0,0,0,0,0,0,0,0,0,0,0,0,25.1,0,0
712,Mongolia,2018,Asia,Government of Mongolia,0,0,0,0,0,0,0,0,0,0,0,0,0,0,25.1,0,0
712,Mongolia,2019,Asia,Government of Mongolia,0,0,0,0,0,0,0,0,0,0,0,0,0,0,25.1,0,0
712,Mongolia,2020,Asia,Government of Mongolia,0,0,0,0,0,0,0,0,0,0,0,0,0,0,25.1,0,0
712,Mongolia,2021,Asia,Government of Mongolia,0,0,0,0,0,0,0,0,0,0,0,0,0,0,25.1,0,0
712,Mongolia,2022,Asia,Government of Mongolia,0,0,0,0,0,0,0,0,0,0,0,0,0,0,25.1,0,0
712,Mongolia,2023,Asia,Government of Mongolia,0,0,0,0,0,0,0,0,0,0,0,0,0,0,25.1,0,0
713,Taiwan,1989,Asia,Government of Taiwan,0,0,0,0,0,0,0,0,0,0,0,0,0,0,25.1,0,0
713,Taiwan,1990,Asia,Government of Taiwan,0,0,0,0,0,0,0,0,0,0,0,0,0,0,25.1,0,0
713,Taiwan,1991,Asia,Government of Taiwan,0,0,0,0,0,0,0,0,0,0,0,0,0,0,25.1,0,0
713,Taiwan,1992,Asia,Government of Taiwan,0,0,0,0,0,0,0,0,0,0,0,0,0,0,25.1,0,0
713,Taiwan,1993,Asia,Government of Taiwan,0,0,0,0,0,0,0,0,0,0,0,0,0,0,25.1,0,0
713,Taiwan,1994,Asia,Government of Taiwan,0,0,0,0,0,0,0,0,0,0,0,0,0,0,25.1,0,0
713,Taiwan,1995,Asia,Government of Taiwan,0,0,0,0,0,0,0,0,0,0,0,0,0,0,25.1,0,0
713,Taiwan,1996,Asia,Government of Taiwan,0,0,0,0,0,0,0,0,0,0,0,0,0,0,25.1,0,0
713,Taiwan,1997,Asia,Government of Taiwan,0,0,0,0,0,0,0,0,0,0,0,0,0,0,25.1,0,0
713,Taiwan,1998,Asia,Government of Taiwan,0,0,0,0,0,0,0,0,0,0,0,0,0,0,25.1,0,0
713,Taiwan,1999,Asia,Government of Taiwan,0,0,0,0,0,0,0,0,0,0,0,0,0,0,25.1,0,0
713,Taiwan,2000,Asia,Government of Taiwan,0,0,0,0,0,0,0,0,0,0,0,0,0,0,25.1,0,0
713,Taiwan,2001,Asia,Government of Taiwan,0,0,0,0,0,0,0,0,0,0,0,0,0,0,25.1,0,0
713,Taiwan,2002,Asia,Government of Taiwan,0,0,0,0,0,0,0,0,0,0,0,0,0,0,25.1,0,0
713,Taiwan,2003,Asia,Government of Taiwan,0,0,0,0,0,0,0,0,0,0,0,0,0,0,25.1,0,0
713,Taiwan,2004,Asia,Government of Taiwan,0,0,0,0,0,0,0,0,0,0,0,0,0,0,25.1,0,0
713,Taiwan,2005,Asia,Government of Taiwan,0,0,0,0,0,0,0,0,0,0,0,0,0,0,25.1,0,0
713,Taiwan,2006,Asia,Government of Taiwan,0,0,0,0,0,0,0,0,0,0,0,0,0,0,25.1,0,0
713,Taiwan,2007,Asia,Government of Taiwan,0,0,0,0,0,0,0,0,0,0,0,0,0,0,25.1,0,0
713,Taiwan,2008,Asia,Government of Taiwan,0,0,0,0,0,0,0,0,0,0,0,0,0,0,25.1,0,0
713,Taiwan,2009,Asia,Government of Taiwan,0,0,0,0,0,0,0,0,0,0,0,0,0,0,25.1,0,0
713,Taiwan,2010,Asia,Government of Taiwan,0,0,0,0,0,0,0,0,0,0,0,0,0,0,25.1,0,0
713,Taiwan,2011,Asia,Government of Taiwan,0,0,0,0,0,0,0,0,0,0,0,0,0,0,25.1,0,0
713,Taiwan,2012,Asia,Government of Taiwan,0,0,0,0,0,0,0,0,0,0,0,0,0,0,25.1,0,0
713,Taiwan,2013,Asia,Government of Taiwan,0,0,0,0,0,0,0,0,0,0,0,0,0,0,25.1,0,0
713,Taiwan,2014,Asia,Government of Taiwan,0,0,0,0,0,0,0,0,0,0,0,0,0,0,25.1,0,0
713,Taiwan,2015,Asia,Government of Taiwan,0,0,0,0,0,0,0,0,0,0,0,0,0,0,25.1,0,0
713,Taiwan,2016,Asia,Government of Taiwan,0,0,0,0,0,0,0,0,0,0,0,0,0,0,25.1,0,0
713,Taiwan,2017,Asia,Government of Taiwan,0,0,0,0,0,0,0,0,0,0,0,0,0,0,25.1,0,0
713,Taiwan,2018,Asia,Government of Taiwan,0,0,0,0,0,0,0,0,0,0,0,0,0,0,25.1,0,0
713,Taiwan,2019,Asia,Government of Taiwan,0,0,0,0,0,0,0,0,0,0,0,0,0,0,25.1,0,0
713,Taiwan,2020,Asia,Government of Taiwan,0,0,0,0,0,0,0,0,0,0,0,0,0,0,25.1,0,0
713,Taiwan,2021,Asia,Government of Taiwan,0,0,0,0,0,0,0,0,0,0,0,0,0,0,25.1,0,0
713,Taiwan,2022,Asia,Government of Taiwan,0,0,0,0,0,0,0,0,0,0,0,0,0,0,25.1,0,0
713,Taiwan,2023,Asia,Government of Taiwan,0,0,0,0,0,0,0,0,0,0,0,0,0,0,25.1,0,0
731,North Korea,1989,Asia,Government of North Korea,0,0,0,0,0,0,0,0,0,0,0,0,0,0,25.1,0,0
731,North Korea,1990,Asia,Government of North Korea,0,0,0,0,0,0,0,0,0,0,0,0,0,0,25.1,0,0
731,North Korea,1991,Asia,Government of North Korea,0,0,0,0,0,0,0,0,0,0,0,0,0,0,25.1,0,0
731,North Korea,1992,Asia,Government of North Korea,0,0,0,0,0,0,0,0,0,0,0,0,0,0,25.1,0,0
731,North Korea,1993,Asia,Government of North Korea,0,0,0,0,0,0,0,0,0,0,0,0,0,0,25.1,0,0
731,North Korea,1994,Asia,Government of North Korea,0,0,0,0,0,0,0,0,0,0,0,0,0,0,25.1,0,0
731,North Korea,1995,Asia,Government of North Korea,0,0,0,0,0,0,0,0,0,0,0,0,0,0,25.1,0,0
731,North Korea,1996,Asia,Government of North Korea,0,0,0,0,0,0,0,0,0,0,0,0,0,0,25.1,0,0
731,North Korea,1997,Asia,Government of North Korea,0,0,0,0,0,0,0,0,0,0,0,0,0,0,25.1,0,0
731,North Korea,1998,Asia,Government of North Korea,0,0,0,0,0,0,0,0,0,0,0,0,0,0,25.1,0,0
731,North Korea,1999,Asia,Government of North Korea,0,0,0,0,0,0,0,0,0,0,0,0,0,0,25.1,0,0
731,North Korea,2000,Asia,Government of North Korea,0,0,0,0,0,0,0,0,0,0,0,0,0,0,25.1,0,0
731,North Korea,2001,Asia,Government of North Korea,0,0,0,0,0,0,0,0,0,0,0,0,0,0,25.1,0,0
731,North Korea,2002,Asia,Government of North Korea,0,0,0,0,0,0,0,0,0,0,0,0,0,0,25.1,0,0
731,North Korea,2003,Asia,Government of North Korea,0,0,0,0,0,0,0,0,0,0,0,0,0,0,25.1,0,0
731,North Korea,2004,Asia,Government of North Korea,0,0,0,0,0,0,0,0,0,0,0,0,0,0,25.1,0,0
731,North Korea,2005,Asia,Government of North Korea,0,0,0,0,0,0,0,0,0,0,0,0,0,0,25.1,0,0
731,North Korea,2006,Asia,Government of North Korea,0,0,0,0,0,0,0,0,0,0,0,0,0,0,25.1,0,0
731,North Korea,2007,Asia,Government of North Korea,0,0,0,0,0,0,0,0,0,0,0,0,0,0,25.1,0,0
731,North Korea,2008,Asia,Government of North Korea,0,0,0,0,0,0,0,0,0,0,0,0,0,0,25.1,0,0
731,North Korea,2009,Asia,Government of North Korea,0,0,0,0,0,0,0,0,0,0,0,0,0,0,25.1,0,0
731,North Korea,2010,Asia,Government of North Korea,0,0,0,0,0,0,0,0,0,0,0,0,0,0,25.1,0,0
731,North Korea,2011,Asia,Government of North Korea,0,0,0,0,0,0,0,0,0,0,0,0,0,0,25.1,0,0
731,North Korea,2012,Asia,Government of North Korea,0,0,0,0,0,0,0,0,0,0,0,0,0,0,25.1,0,0
731,North Korea,2013,Asia,Government of North Korea,0,0,0,0,0,0,0,0,0,0,0,0,0,0,25.1,0,0
731,North Korea,2014,Asia,Government of North Korea,0,0,0,0,0,0,0,0,0,0,0,0,0,0,25.1,0,0
731,North Korea,2015,Asia,Government of North Korea,0,0,0,0,0,0,0,0,0,0,0,0,0,0,25.1,0,0
731,North Korea,2016,Asia,Government of North Korea,0,0,0,0,0,0,0,0,0,0,0,0,0,0,25.1,0,0
731,North Korea,2017,Asia,Government of North Korea,0,0,0,0,0,0,0,0,0,0,0,0,0,0,25.1,0,0
731,North Korea,2018,Asia,Government of North Korea,0,0,0,0,0,0,0,0,0,0,0,0,0,0,25.1,0,0
731,North Korea,2019,Asia,Government of North Korea,0,0,0,0,0,0,0,0,0,0,0,0,0,0,25.1,0,0
731,North Korea,2020,Asia,Government of North Korea,0,0,0,0,0,0,0,0,0,0,0,0,0,0,25.1,0,0
731,North Korea,2021,Asia,Government of North Korea,0,0,0,0,0,0,0,0,0,0,0,0,0,0,25.1,0,0
731,North Korea,2022,Asia,Government of North Korea,0,0,0,0,0,0,0,0,0,0,0,0,0,0,25.1,0,0
731,North Korea,2023,Asia,Government of North Korea,0,0,0,0,0,0,0,0,0,0,0,0,0,0,25.1,0,0
732,South Korea,1989,Asia,Government of South Korea,0,0,0,0,0,0,0,0,0,0,0,0,0,0,25.1,0,0
732,South Korea,1990,Asia,Government of South Korea,0,0,0,0,0,0,0,0,0,0,0,0,0,0,25.1,0,0
732,South Korea,1991,Asia,Government of South Korea,0,0,0,0,0,0,0,0,0,0,0,0,0,0,25.1,0,0
732,South Korea,1992,Asia,Government of South Korea,0,0,0,0,0,0,0,0,0,0,0,0,0,0,25.1,0,0
732,South Korea,1993,Asia,Government of South Korea,0,0,0,0,0,0,0,0,0,0,0,0,0,0,25.1,0,0
732,South Korea,1994,Asia,Government of South Korea,0,0,0,0,0,0,0,0,0,0,0,0,0,0,25.1,0,0
732,South Korea,1995,Asia,Government of South Korea,0,0,0,0,0,0,0,0,0,0,0,0,0,0,25.1,0,0
732,South Korea,1996,Asia,Government of South Korea,0,0,0,0,0,0,0,0,0,0,0,0,0,0,25.1,0,0
732,South Korea,1997,Asia,Government of South Korea,0,0,0,0,0,0,0,0,0,0,0,0,0,0,25.1,0,0
732,South Korea,1998,Asia,Government of South Korea,0,0,0,0,0,0,0,0,0,0,0,0,0,0,25.1,0,0
732,South Korea,1999,Asia,Government of South Korea,0,0,0,0,0,0,0,0,0,0,0,0,0,0,25.1,0,0
732,South Korea,2000,Asia,Government of South Korea,0,0,0,0,0,0,0,0,0,0,0,0,0,0,25.1,0,0
732,South Korea,2001,Asia,Government of South Korea,0,0,0,0,0,0,0,0,0,0,0,0,0,0,25.1,0,0
732,South Korea,2002,Asia,Government of South Korea,0,0,0,0,0,0,0,0,0,0,0,0,0,0,25.1,0,0
732,South Korea,2003,Asia,Government of South Korea,0,0,0,0,0,0,0,0,0,0,0,0,0,0,25.1,0,0
732,South Korea,2004,Asia,Government of South Korea,0,0,0,0,0,0,0,0,0,0,0,0,0,0,25.1,0,0
732,South Korea,2005,Asia,Government of South Korea,0,0,0,0,0,0,0,0,0,0,0,0,0,0,25.1,0,0
732,South Korea,2006,Asia,Government of South Korea,0,0,0,0,0,0,0,0,0,0,0,0,0,0,25.1,0,0
732,South Korea,2007,Asia,Government of South Korea,0,0,0,0,0,0,0,0,0,0,0,0,0,0,25.1,0,0
732,South Korea,2008,Asia,Government of South Korea,0,0,0,0,0,0,0,0,0,0,0,0,0,0,25.1,0,0
732,South Korea,2009,Asia,Government of South Korea,0,0,0,0,0,0,0,0,0,0,0,0,0,0,25.1,0,0
732,South Korea,2010,Asia,Government of South Korea,0,0,0,0,0,0,0,0,0,0,0,0,0,0,25.1,0,0
732,South Korea,2011,Asia,Government of South Korea,0,0,0,0,0,0,0,0,0,0,0,0,0,0,25.1,0,0
732,South Korea,2012,Asia,Government of South Korea,0,0,0,0,0,0,0,0,0,0,0,0,0,0,25.1,0,0
732,South Korea,2013,Asia,Government of South Korea,0,0,0,0,0,0,0,0,0,0,0,0,0,0,25.1,0,0
732,South Korea,2014,Asia,Government of South Korea,0,0,0,0,0,0,0,0,0,0,0,0,0,0,25.1,0,0
732,South Korea,2015,Asia,Government of South Korea,0,0,0,0,0,0,0,0,0,0,0,0,0,0,25.1,0,0
732,South Korea,2016,Asia,Government of South Korea,0,0,0,0,0,0,0,0,0,0,0,0,0,0,25.1,0,0
732,South Korea,2017,Asia,Government of South Korea,0,0,0,0,0,0,0,0,0,0,0,0,0,0,25.1,0,0
732,South Korea,2018,Asia,Government of South Korea,0,0,0,0,0,0,0,0,0,0,0,0,0,0,25.1,0,0
732,South Korea,2019,Asia,Government of South Korea,0,0,0,0,0,0,0,0,0,0,0,0,0,0,25.1,0,0
732,South Korea,2020,Asia,Government of South Korea,0,0,0,0,0,0,0,0,0,0,0,0,0,0,25.1,0,0
732,South Korea,2021,Asia,Government of South Korea,0,0,0,0,0,0,0,0,0,0,0,0,0,0,25.1,0,0
732,South Korea,2022,Asia,Government of South Korea,0,0,0,0,0,0,0,0,0,0,0,0,0,0,25.1,0,0
732,South Korea,2023,Asia,Government of South Korea,0,0,0,0,0,0,0,0,0,0,0,0,0,0,25.1,0,0
740,Japan,1989,Asia,Government of Japan,0,0,0,0,0,0,0,0,0,0,0,0,0,0,25.1,0,0
740,Japan,1990,Asia,Government of Japan,0,0,0,0,0,0,0,0,0,0,0,0,0,0,25.1,0,0
740,Japan,1991,Asia,Government of Japan,0,0,0,0,0,0,0,0,0,0,0,0,0,0,25.1,0,0
740,Japan,1992,Asia,Government of Japan,0,0,0,0,0,0,0,0,0,0,0,0,0,0,25.1,0,0
740,Japan,1993,Asia,Government of Japan,0,0,0,0,0,0,0,0,0,0,0,0,0,0,25.1,0,0
740,Japan,1994,Asia,Government of Japan,0,0,0,0,0,0,0,0,0,0,0,0,0,0,25.1,0,0
740,Japan,1995,Asia,Government of Japan,0,0,0,0,0,0,0,0,0,0,0,0,0,0,25.1,0,0
740,Japan,1996,Asia,Government of Japan,0,0,0,0,0,0,0,0,0,0,0,0,0,0,25.1,0,0
740,Japan,1997,Asia,Government of Japan,0,0,0,0,0,0,0,0,0,0,0,0,0,0,25.1,0,0
740,Japan,1998,Asia,Government of Japan,0,0,0,0,0,0,0,0,0,0,0,0,0,0,25.1,0,0
740,Japan,1999,Asia,Government of Japan,0,0,0,0,0,0,0,0,0,0,0,0,0,0,25.1,0,0
740,Japan,2000,Asia,Government of Japan,0,0,0,0,0,0,0,0,0,0,0,0,0,0,25.1,0,0
740,Japan,2001,Asia,Government of Japan,0,0,0,0,0,0,0,0,0,0,0,0,0,0,25.1,0,0
740,Japan,2002,Asia,Government of Japan,0,0,0,0,0,0,0,0,0,0,0,0,0,0,25.1,0,0
740,Japan,2003,Asia,Government of Japan,0,0,0,0,0,0,0,0,0,0,0,0,0,0,25.1,0,0
740,Japan,2004,Asia,Government of Japan,0,0,0,0,0,0,0,0,0,0,0,0,0,0,25.1,0,0
740,Japan,2005,Asia,Government of Japan,0,0,0,0,0,0,0,0,0,0,0,0,0,0,25.1,0,0
740,Japan,2006,Asia,Government of Japan,0,0,0,0,0,0,0,0,0,0,0,0,0,0,25.1,0,0
740,Japan,2007,Asia,Government of Japan,0,0,0,0,0,0,0,0,0,0,0,0,0,0,25.1,0,0
740,Japan,2008,Asia,Government of Japan,0,0,0,0,0,0,0,0,0,0,0,0,0,0,25.1,0,0
740,Japan,2009,Asia,Government of Japan,0,0,0,0,0,0,0,0,0,0,0,0,0,0,25.1,0,0
740,Japan,2010,Asia,Government of Japan,0,0,0,0,0,0,0,0,0,0,0,0,0,0,25.1,0,0
740,Japan,2011,Asia,Government of Japan,0,0,0,0,0,0,0,0,0,0,0,0,0,0,25.1,0,0
740,Japan,2012,Asia,Government of Japan,0,0,0,0,0,0,0,0,0,0,0,0,0,0,25.1,0,0
740,Japan,2013,Asia,Government of Japan,0,0,0,0,0,0,0,0,0,0,0,0,0,0,25.1,0,0
740,Japan,2014,Asia,Government of Japan,0,0,0,0,0,0,0,0,0,0,0,0,0,0,25.1,0,0
740,Japan,2015,Asia,Government of Japan,0,0,0,0,0,0,0,0,0,0,0,0,0,0,25.1,0,0
740,Japan,2016,Asia,Government of Japan,0,0,0,0,0,0,0,0,0,0,0,0,0,0,25.1,0,0
740,Japan,2017,Asia,Government of Japan,0,0,0,0,0,0,0,0,0,0,0,0,0,0,25.1,0,0
740,Japan,2018,Asia,Government of Japan,0,0,0,0,0,0,0,0,0,0,0,0,0,0,25.1,0,0
740,Japan,2019,Asia,Government of Japan,0,0,0,0,0,0,0,0,0,0,0,0,0,0,25.1,0,0
740,Japan,2020,Asia,Government of Japan,0,0,0,0,0,0,0,0,0,0,0,0,0,0,25.1,0,0
740,Japan,2021,Asia,Government of Japan,0,0,0,0,0,0,0,0,0,0,0,0,0,0,25.1,0,0
740,Japan,2022,Asia,Government of Japan,0,0,0,0,0,0,0,0,0,0,0,0,0,0,25.1,0,0
740,Japan,2023,Asia,Government of Japan,0,0,0,0,0,0,0,0,0,0,0,0,0,0,25.1,0,0
750,India,1989,Asia,Government of India,1,6,1030,1,1005,1,25,1,2,562,1,5,260,1852,25.1,1,1
750,India,1990,Asia,Government of India,1,6,2400,1,2375,1,25,1,1,1878,1,6,523,4801,25.1,1,1
750,India,1991,Asia,Government of India,1,5,3155,1,3083,1,72,1,2,105,1,4,464,3724,25.1,1,1
750,India,1992,Asia,Government of India,1,10,3108,1,3083,1,25,1,2,470,1,6,585,4163,25.1,1,1
750,India,1993,Asia,Government of India,1,11,1555,1,1548,1,7,1,4,428,1,5,343,2326,25.1,1,1
750,India,1994,Asia,Government of India,1,9,1201,1,1195,1,6,1,2,59,1,4,175,1435,25.1,1,1
750,India,1995,Asia,Government of India,1,7,872,1,872,0,0,1,3,96,1,4,111,1079,25.1,1,1
750,India,1996,Asia,Government of India,1,10,869,1,839,1,30,1,1,185,1,9,279,1333,25.1,1,1
750,India,1997,Asia,Government of India,1,10,964,1,882,1,82,1,2,206,1,8,278,1448,25.1,1,1
750,India,1998,Asia,Government of India,1,11,929,1,834,1,95,1,4,161,1,10,533,1623,25.1,1,1
750,India,1999,Asia,Government of India,1,13,2073,1,1171,1,902,1,4,30,1,10,460,2563,25.1,1,1
750,India,2000,Asia,Government of India,1,15,2989,1,2822,1,167,1,2,112,1,11,1002,4103,25.1,1,1
750,India,2001,Asia,Government of India,1,14,1381,1,1349,1,32,1,3,67,1,11,483,1931,25.1,1,1
750,India,2002,Asia,Government of India,1,12,1933,1,1851,1,82,1,2,64,1,10,1034,3031,25.1,1,1
750,India,2003,Asia,Government of India,1,14,1783,1,1694,1,89,1,3,73,1,16,586,2442,25.1,1,1
750,India,2004,Asia,Government of India,1,11,1707,1,1707,0,0,1,2,7,1,9,813,2527,25.1,1,1
750,India,2005,Asia,Government of India,1,13,1462,1,1462,0,0,1,2,36,1,12,517,2015,25.1,1,1
750,India,2006,Asia,Government of India,1,14,1446,1,1446,0,0,1,2,90,1,10,619,2155,25.1,1,1
750,India,2007,Asia,Government of India,1,14,1162,1,1162,0,0,1,3,88,1,14,525,1775,25.1,1,1
750,India,2008,Asia,Government of India,1,14,1136,1,1134,1,2,1,2,87,1,11,640,1863,25.1,1,1
750,India,2009,Asia,Government of India,1,12,1162,1,1162,0,0,1,2,76,1,12,383,1621,25.1,1,1
750,India,2010,Asia,Government of India,1,13,1074,1,1065,1,9,1,2,3,1,8,556,1633,25.1,1,1
750,India,2011,Asia,Government of India,1,12,512,1,508,1,4,1,2,38,1,7,248,798,25.1,1,1
750,India,2012,Asia,Government of India,1,10,443,1,436,1,7,1,3,140,1,4,218,801,25.1,1,1
750,India,2013,Asia,Government of India,1,10,439,1,423,1,16,1,3,79,1,8,184,702,25.1,1,1
750,India,2014,Asia,Government of India,1,10,503,1,472,1,31,1,2,3,1,6,228,734,25.1,1,1
750,India,2015,Asia,Government of India,1,8,540,1,508,1,32,0,0,0,1,5,82,622,25.1,1,1
750,India,2016,Asia,Government of India,1,7,646,1,602,1,44,0,0,0,1,4,116,762,25.1,1,1
750,India,2017,Asia,Government of India,1,5,667,1,608,1,59,1,1,11,1,4,169,847,25.1,1,1
750,India,2018,Asia,Government of India,1,7,835,1,733,1,102,1,2,4,1,4,113,952,25.1,1,1
750,India,2019,Asia,Government of India,1,5,605,1,494,1,111,0,0,0,1,6,129,734,25.1,1,1
750,India,2020,Asia,Government of India,1,6,599,1,478,1,121,1,1,50,1,4,105,754,25.1,1,1
750,India,2021,Asia,Government of India,1,5,459,1,452,1,7,0,0,0,1,4,62,521,25.1,1,1
750,India,2022,Asia,Government of India,1,5,315,1,315,0,0,1,1,6,1,3,72,393,25.1,1,1
750,India,2023,Asia,Government of India,1,6,223,1,222,1,1,1,2,110,1,6,73,406,25.1,1,1
760,Bhutan,1989,Asia,Government of Bhutan,0,0,0,0,0,0,0,0,0,0,0,0,0,0,25.1,0,0
760,Bhutan,1990,Asia,Government of Bhutan,0,0,0,0,0,0,0,0,0,0,0,0,0,0,25.1,0,0
760,Bhutan,1991,Asia,Government of Bhutan,0,0,0,0,0,0,0,0,0,0,0,0,0,0,25.1,0,0
760,Bhutan,1992,Asia,Government of Bhutan,0,0,0,0,0,0,0,0,0,0,0,0,0,0,25.1,0,0
760,Bhutan,1993,Asia,Government of Bhutan,0,0,0,0,0,0,0,0,0,0,0,0,0,0,25.1,0,0
760,Bhutan,1994,Asia,Government of Bhutan,0,0,0,0,0,0,0,0,0,0,0,0,0,0,25.1,0,0
760,Bhutan,1995,Asia,Government of Bhutan,0,0,0,0,0,0,0,0,0,0,0,0,0,0,25.1,0,0
760,Bhutan,1996,Asia,Government of Bhutan,0,0,0,0,0,0,0,0,0,0,0,0,0,0,25.1,0,1
760,Bhutan,1997,Asia,Government of Bhutan,1,1,4,1,4,0,0,0,0,0,0,0,0,4,25.1,1,0
760,Bhutan,1998,Asia,Government of Bhutan,0,0,0,0,0,0,0,0,0,0,0,0,0,0,25.1,0,0
760,Bhutan,1999,Asia,Government of Bhutan,0,0,0,0,0,0,0,0,0,0,0,0,0,0,25.1,0,0
760,Bhutan,2000,Asia,Government of Bhutan,0,0,0,0,0,0,0,0,0,0,0,0,0,0,25.1,0,0
760,Bhutan,2001,Asia,Government of Bhutan,0,0,0,0,0,0,0,0,0,0,0,0,0,0,25.1,0,0
760,Bhutan,2002,Asia,Government of Bhutan,0,0,0,0,0,0,0,0,0,0,0,0,0,0,25.1,0,0
760,Bhutan,2003,Asia,Government of Bhutan,0,0,0,0,0,0,0,0,0,0,0,0,0,0,25.1,0,1
760,Bhutan,2004,Asia,Government of Bhutan,0,0,0,0,0,0,0,0,0,0,1,1,0,0,25.1,1,0
760,Bhutan,2005,Asia,Government of Bhutan,0,0,0,0,0,0,0,0,0,0,0,0,0,0,25.1,0,0
760,Bhutan,2006,Asia,Government of Bhutan,0,0,0,0,0,0,0,0,0,0,0,0,0,0,25.1,0,0
760,Bhutan,2007,Asia,Government of Bhutan,0,0,0,0,0,0,0,0,0,0,0,0,0,0,25.1,0,0
760,Bhutan,2008,Asia,Government of Bhutan,0,0,0,0,0,0,0,0,0,0,0,0,0,0,25.1,0,0
760,Bhutan,2009,Asia,Government of Bhutan,0,0,0,0,0,0,0,0,0,0,0,0,0,0,25.1,0,0
760,Bhutan,2010,Asia,Government of Bhutan,0,0,0,0,0,0,0,0,0,0,0,0,0,0,25.1,0,0
760,Bhutan,2011,Asia,Government of Bhutan,0,0,0,0,0,0,0,0,0,0,0,0,0,0,25.1,0,0
760,Bhutan,2012,Asia,Government of Bhutan,0,0,0,0,0,0,0,0,0,0,0,0,0,0,25.1,0,0
760,Bhutan,2013,Asia,Government of Bhutan,0,0,0,0,0,0,0,0,0,0,0,0,0,0,25.1,0,0
760,Bhutan,2014,Asia,Government of Bhutan,0,0,0,0,0,0,0,0,0,0,0,0,0,0,25.1,0,0
760,Bhutan,2015,Asia,Government of Bhutan,0,0,0,0,0,0,0,0,0,0,0,0,0,0,25.1,0,0
760,Bhutan,2016,Asia,Government of Bhutan,0,0,0,0,0,0,0,0,0,0,0,0,0,0,25.1,0,0
760,Bhutan,2017,Asia,Government of Bhutan,0,0,0,0,0,0,0,0,0,0,0,0,0,0,25.1,0,0
760,Bhutan,2018,Asia,Government of Bhutan,0,0,0,0,0,0,0,0,0,0,0,0,0,0,25.1,0,0
760,Bhutan,2019,Asia,Government of Bhutan,0,0,0,0,0,0,0,0,0,0,0,0,0,0,25.1,0,0
760,Bhutan,2020,Asia,Government of Bhutan,0,0,0,0,0,0,0,0,0,0,0,0,0,0,25.1,0,0
760,Bhutan,2021,Asia,Government of Bhutan,0,0,0,0,0,0,0,0,0,0,0,0,0,0,25.1,0,0
760,Bhutan,2022,Asia,Government of Bhutan,0,0,0,0,0,0,0,0,0,0,0,0,0,0,25.1,0,0
760,Bhutan,2023,Asia,Government of Bhutan,0,0,0,0,0,0,0,0,0,0,0,0,0,0,25.1,0,0
770,Pakistan,1989,Asia,Government of Pakistan,0,0,0,0,0,0,0,1,2,114,0,0,0,114,25.1,1,1
770,Pakistan,1990,Asia,Government of Pakistan,1,2,73,1,70,1,3,1,4,313,1,1,0,386,25.1,1,1
770,Pakistan,1991,Asia,Government of Pakistan,1,1,27,0,0,1,27,1,3,35,0,0,0,62,25.1,1,1
770,Pakistan,1992,Asia,Government of Pakistan,0,0,0,0,0,0,0,1,4,72,0,0,0,72,25.1,1,1
770,Pakistan,1993,Asia,Government of Pakistan,1,2,3,1,0,1,3,1,2,45,0,0,0,48,25.1,1,1
770,Pakistan,1994,Asia,Government of Pakistan,1,2,74,1,38,1,36,1,2,95,0,0,0,169,25.1,1,1
770,Pakistan,1995,Asia,Government of Pakistan,1,3,85,1,69,1,16,1,1,42,0,0,0,127,25.1,1,1
770,Pakistan,1996,Asia,Government of Pakistan,1,2,47,1,42,1,5,1,1,5,1,1,12,64,25.1,1,1
770,Pakistan,1997,Asia,Government of Pakistan,1,2,48,1,3,1,45,1,1,73,1,1,2,123,25.1,1,1
770,Pakistan,1998,Asia,Government of Pakistan,1,2,58,1,6,1,52,1,1,38,1,1,25,121,25.1,1,1
770,Pakistan,1999,Asia,Government of Pakistan,1,1,32,0,0,1,32,0,0,0,1,1,25,57,25.1,1,1
770,Pakistan,2000,Asia,Government of Pakistan,1,2,59,1,1,1,58,0,0,0,0,0,0,59,25.1,1,1
770,Pakistan,2001,Asia,Government of Pakistan,1,2,36,1,20,1,16,0,0,0,1,1,6,42,25.1,1,1
770,Pakistan,2002,Asia,Government of Pakistan,1,2,148,1,18,1,130,0,0,0,1,1,22,170,25.1,1,1
770,Pakistan,2003,Asia,Government of Pakistan,1,3,176,1,28,1,148,0,0,0,1,2,66,242,25.1,1,1
770,Pakistan,2004,Asia,Government of Pakistan,1,3,359,1,359,0,0,0,0,0,1,2,71,430,25.1,1,1
770,Pakistan,2005,Asia,Government of Pakistan,1,5,152,1,137,1,15,0,0,0,1,3,16,168,25.1,1,1
770,Pakistan,2006,Asia,Government of Pakistan,1,4,419,1,419,0,0,0,0,0,1,1,8,427,25.1,1,1
770,Pakistan,2007,Asia,Government of Pakistan,1,6,772,1,770,1,2,1,3,540,1,4,68,1380,25.1,1,1
770,Pakistan,2008,Asia,Government of Pakistan,1,8,3542,1,3542,0,0,1,8,757,1,4,322,4621,25.1,1,1
770,Pakistan,2009,Asia,Government of Pakistan,1,6,6916,1,6916,0,0,1,6,348,1,4,248,7512,25.1,1,1
770,Pakistan,2010,Asia,Government of Pakistan,1,7,6100,1,6096,1,4,1,6,405,1,3,746,7251,25.1,1,1
770,Pakistan,2011,Asia,Government of Pakistan,1,6,2874,1,2873,1,1,1,4,317,1,4,284,3475,25.1,1,1
770,Pakistan,2012,Asia,Government of Pakistan,1,11,3062,1,3060,1,2,1,7,236,1,8,285,3583,25.1,1,1
770,Pakistan,2013,Asia,Government of Pakistan,1,11,1865,1,1850,1,15,1,5,224,1,3,825,2914,25.1,1,1
770,Pakistan,2014,Asia,Government of Pakistan,1,11,3173,1,3155,1,18,1,7,163,1,5,303,3639,25.1,1,1
770,Pakistan,2015,Asia,Government of Pakistan,1,11,2164,1,2133,1,31,1,3,47,1,5,243,2454,25.1,1,1
770,Pakistan,2016,Asia,Government of Pakistan,1,8,811,1,755,1,56,0,0,0,1,4,289,1100,25.1,1,1
770,Pakistan,2017,Asia,Government of Pakistan,1,9,713,1,621,1,92,1,1,3,1,4,244,960,25.1,1,1
770,Pakistan,2018,Asia,Government of Pakistan,1,7,253,1,226,1,27,0,0,0,1,3,230,483,25.1,1,1
770,Pakistan,2019,Asia,Government of Pakistan,1,4,267,1,214,1,53,1,1,0,1,1,26,293,25.1,1,1
770,Pakistan,2020,Asia,Government of Pakistan,1,6,396,1,330,1,66,0,0,0,1,2,13,409,25.1,1,1
770,Pakistan,2021,Asia,Government of Pakistan,1,8,425,1,424,1,1,1,1,1,1,5,26,452,25.1,1,1
770,Pakistan,2022,Asia,Government of Pakistan,1,5,640,1,631,1,9,0,0,0,1,3,79,719,25.1,1,1
770,Pakistan,2023,Asia,Government of Pakistan,1,6,1056,1,1054,1,2,1,1,29,1,4,93,1178,25.1,1,1
771,Bangladesh,1989,Asia,Government of Bangladesh,1,1,26,1,26,0,0,1,1,1,1,1,54,81,25.1,1,1
771,Bangladesh,1990,Asia,Government of Bangladesh,1,1,45,1,45,0,0,1,2,2,1,3,47,94,25.1,1,1
771,Bangladesh,1991,Asia,Government of Bangladesh,1,1,25,1,25,0,0,1,1,12,1,3,70,107,25.1,1,1
771,Bangladesh,1992,Asia,Government of Bangladesh,1,1,24,1,24,0,0,1,2,1,1,3,200,225,25.1,1,1
771,Bangladesh,1993,Asia,Government of Bangladesh,1,1,5,1,5,0,0,1,3,31,1,1,7,43,25.1,1,1
771,Bangladesh,1994,Asia,Government of Bangladesh,1,2,3,1,3,0,0,1,2,6,1,1,23,32,25.1,1,1
771,Bangladesh,1995,Asia,Government of Bangladesh,1,1,5,1,5,0,0,1,2,8,1,1,1,14,25.1,1,1
771,Bangladesh,1996,Asia,Government of Bangladesh,1,1,5,1,5,0,0,1,2,8,1,2,33,46,25.1,1,1
771,Bangladesh,1997,Asia,Government of Bangladesh,1,1,4,1,4,0,0,1,2,11,1,1,1,16,25.1,1,1
771,Bangladesh,1998,Asia,Government of Bangladesh,0,0,0,0,0,0,0,1,2,16,1,1,5,21,25.1,1,1
771,Bangladesh,1999,Asia,Government of Bangladesh,0,0,0,0,0,0,0,1,2,13,1,2,1,14,25.1,1,1
771,Bangladesh,2000,Asia,Government of Bangladesh,1,1,11,1,11,0,0,1,2,90,1,1,4,105,25.1,1,1
771,Bangladesh,2001,Asia,Government of Bangladesh,0,0,0,0,0,0,0,1,2,58,1,2,14,72,25.1,1,1
771,Bangladesh,2002,Asia,Government of Bangladesh,1,2,6,1,6,0,0,1,2,1,0,0,0,7,25.1,1,1
771,Bangladesh,2003,Asia,Government of Bangladesh,1,1,7,1,7,0,0,1,2,1,1,1,0,8,25.1,1,1
771,Bangladesh,2004,Asia,Government of Bangladesh,1,2,24,1,24,0,0,1,2,2,1,2,49,75,25.1,1,1
771,Bangladesh,2005,Asia,Government of Bangladesh,1,2,62,1,62,0,0,1,1,0,1,2,18,80,25.1,1,1
771,Bangladesh,2006,Asia,Government of Bangladesh,1,2,74,1,74,0,0,1,3,18,1,1,4,96,25.1,1,1
771,Bangladesh,2007,Asia,Government of Bangladesh,1,2,18,1,18,0,0,0,0,0,0,0,0,18,25.1,1,1
771,Bangladesh,2008,Asia,Government of Bangladesh,1,2,10,1,10,0,0,0,0,0,1,1,3,13,25.1,1,1
771,Bangladesh,2009,Asia,Government of Bangladesh,1,1,1,1,1,0,0,1,2,8,1,1,1,10,25.1,1,1
771,Bangladesh,2010,Asia,Government of Bangladesh,1,1,1,1,1,0,0,1,2,3,1,1,1,5,25.1,1,1
771,Bangladesh,2011,Asia,Government of Bangladesh,0,0,0,0,0,0,0,1,1,0,0,0,0,0,25.1,1,1
771,Bangladesh,2012,Asia,Government of Bangladesh,0,0,0,0,0,0,0,1,1,2,0,0,0,2,25.1,1,1
771,Bangladesh,2013,Asia,Government of Bangladesh,0,0,0,0,0,0,0,1,2,44,1,1,10,54,25.1,1,1
771,Bangladesh,2014,Asia,Government of Bangladesh,0,0,0,0,0,0,0,1,1,2,0,0,0,2,25.1,1,1
771,Bangladesh,2015,Asia,Government of Bangladesh,1,1,1,1,1,0,0,1,1,2,1,2,7,10,25.1,1,1
771,Bangladesh,2016,Asia,Government of Bangladesh,1,1,41,1,41,0,0,0,0,0,1,1,32,73,25.1,1,1
771,Bangladesh,2017,Asia,Government of Bangladesh,1,2,47,1,47,0,0,0,0,0,1,1,1,48,25.1,1,1
771,Bangladesh,2018,Asia,Government of Bangladesh,1,1,2,1,2,0,0,1,1,23,1,2,3,28,25.1,1,1
771,Bangladesh,2019,Asia,Government of Bangladesh,1,2,3,1,3,0,0,0,0,0,1,1,0,3,25.1,1,1
771,Bangladesh,2020,Asia,Government of Bangladesh,1,2,3,1,3,0,0,0,0,0,1,2,2,5,25.1,1,1
771,Bangladesh,2021,Asia,Government of Bangladesh,0,0,0,0,0,0,0,1,1,1,1,1,1,2,25.1,1,1
771,Bangladesh,2022,Asia,Government of Bangladesh,1,2,6,1,6,0,0,0,0,0,1,2,7,13,25.1,1,1
771,Bangladesh,2023,Asia,Government of Bangladesh,0,0,0,0,0,0,0,1,2,3,1,1,9,12,25.1,1,1
775,Myanmar (Burma),1989,Asia,Government of Myanmar (Burma),1,3,1516,1,1516,0,0,0,0,0,1,2,18,1534,25.1,1,1
775,Myanmar (Burma),1990,Asia,Government of Myanmar (Burma),1,4,536,1,536,0,0,1,1,234,1,2,26,796,25.1,1,1
775,Myanmar (Burma),1991,Asia,Government of Myanmar (Burma),1,5,777,1,777,0,0,1,1,355,1,2,243,1375,25.1,1,1
775,Myanmar (Burma),1992,Asia,Government of Myanmar (Burma),1,4,1617,1,1617,0,0,0,0,0,1,1,132,1749,25.1,1,1
775,Myanmar (Burma),1993,Asia,Government of Myanmar (Burma),1,2,141,1,141,0,0,0,0,0,1,2,4,145,25.1,1,1
775,Myanmar (Burma),1994,Asia,Government of Myanmar (Burma),1,6,700,1,700,0,0,1,1,8,1,2,86,794,25.1,1,1
775,Myanmar (Burma),1995,Asia,Government of Myanmar (Burma),1,5,324,1,324,0,0,1,2,1046,1,1,126,1496,25.1,1,1
775,Myanmar (Burma),1996,Asia,Government of Myanmar (Burma),1,4,232,1,232,0,0,1,1,65,1,2,294,591,25.1,1,1
775,Myanmar (Burma),1997,Asia,Government of Myanmar (Burma),1,4,330,1,330,0,0,0,0,0,1,1,458,788,25.1,1,1
775,Myanmar (Burma),1998,Asia,Government of Myanmar (Burma),1,4,65,1,65,0,0,1,1,86,1,1,430,581,25.1,1,1
775,Myanmar (Burma),1999,Asia,Government of Myanmar (Burma),1,4,52,1,52,0,0,1,1,7,1,2,310,369,25.1,1,1
775,Myanmar (Burma),2000,Asia,Government of Myanmar (Burma),1,4,215,1,215,0,0,1,1,70,1,2,463,748,25.1,1,1
775,Myanmar (Burma),2001,Asia,Government of Myanmar (Burma),1,6,227,1,227,0,0,1,3,53,1,2,107,387,25.1,1,1
775,Myanmar (Burma),2002,Asia,Government of Myanmar (Burma),1,4,293,1,293,0,0,0,0,0,1,2,250,543,25.1,1,1
775,Myanmar (Burma),2003,Asia,Government of Myanmar (Burma),1,3,52,1,52,0,0,1,1,9,1,2,211,272,25.1,1,1
775,Myanmar (Burma),2004,Asia,Government of Myanmar (Burma),1,5,63,1,63,0,0,0,0,0,1,1,114,177,25.1,1,1
775,Myanmar (Burma),2005,Asia,Government of Myanmar (Burma),1,5,141,1,141,0,0,1,1,110,1,1,198,449,25.1,1,1
775,Myanmar (Burma),2006,Asia,Government of Myanmar (Burma),1,6,258,1,258,0,0,1,1,2,1,1,192,452,25.1,1,1
775,Myanmar (Burma),2007,Asia,Government of Myanmar (Burma),1,6,366,1,366,0,0,1,1,45,1,2,293,704,25.1,1,1
775,Myanmar (Burma),2008,Asia,Government of Myanmar (Burma),1,2,46,1,46,0,0,1,1,1,1,2,55,102,25.1,1,1
775,Myanmar (Burma),2009,Asia,Government of Myanmar (Burma),1,4,205,1,205,0,0,0,0,0,1,1,20,225,25.1,1,1
775,Myanmar (Burma),2010,Asia,Government of Myanmar (Burma),1,5,160,1,160,0,0,0,0,0,1,1,25,185,25.1,1,1
775,Myanmar (Burma),2011,Asia,Government of Myanmar (Burma),1,8,720,1,720,0,0,0,0,0,1,2,91,811,25.1,1,1
775,Myanmar (Burma),2012,Asia,Government of Myanmar (Burma),1,5,732,1,732,0,0,1,1,134,1,1,105,971,25.1,1,1
775,Myanmar (Burma),2013,Asia,Government of Myanmar (Burma),1,6,281,1,281,0,0,1,1,50,1,1,27,358,25.1,1,1
775,Myanmar (Burma),2014,Asia,Government of Myanmar (Burma),1,7,211,1,211,0,0,1,1,2,1,1,43,256,25.1,1,1
775,Myanmar (Burma),2015,Asia,Government of Myanmar (Burma),1,9,675,1,675,0,0,0,0,0,1,1,30,705,25.1,1,1
775,Myanmar (Burma),2016,Asia,Government of Myanmar (Burma),1,6,126,1,126,0,0,0,0,0,1,2,57,183,25.1,1,1
775,Myanmar (Burma),2017,Asia,Government of Myanmar (Burma),1,6,531,1,531,0,0,0,0,0,1,2,1864,2395,25.1,1,1
775,Myanmar (Burma),2018,Asia,Government of Myanmar (Burma),1,7,118,1,118,0,0,0,0,0,1,1,4,122,25.1,1,1
775,Myanmar (Burma),2019,Asia,Government of Myanmar (Burma),1,7,563,1,563,0,0,0,0,0,1,2,24,587,25.1,1,1
775,Myanmar (Burma),2020,Asia,Government of Myanmar (Burma),1,6,197,1,197,0,0,0,0,0,1,2,10,207,25.1,1,1
775,Myanmar (Burma),2021,Asia,Government of Myanmar (Burma),1,9,1073,1,1073,0,0,0,0,0,1,4,708,1781,25.1,1,1
775,Myanmar (Burma),2022,Asia,Government of Myanmar (Burma),1,10,2054,1,2054,0,0,1,1,5,1,3,702,2761,25.1,1,1
775,Myanmar (Burma),2023,Asia,Government of Myanmar (Burma),1,10,2453,1,2453,0,0,0,0,0,1,3,612,3065,25.1,1,1
780,Sri Lanka,1989,Asia,Government of Sri Lanka,1,3,533,1,533,0,0,1,3,301,1,3,454,1288,25.1,1,1
780,Sri Lanka,1990,Asia,Government of Sri Lanka,1,3,3630,1,3630,0,0,1,2,56,1,3,1154,4840,25.1,1,1
780,Sri Lanka,1991,Asia,Government of Sri Lanka,1,1,6432,1,6432,0,0,0,0,0,1,2,214,6646,25.1,1,1
780,Sri Lanka,1992,Asia,Government of Sri Lanka,1,1,4091,1,4091,0,0,0,0,0,1,2,353,4444,25.1,1,1
780,Sri Lanka,1993,Asia,Government of Sri Lanka,1,1,2075,1,2075,0,0,0,0,0,1,2,9,2084,25.1,1,1
780,Sri Lanka,1994,Asia,Government of Sri Lanka,1,1,657,1,657,0,0,1,1,29,1,2,26,712,25.1,1,1
780,Sri Lanka,1995,Asia,Government of Sri Lanka,1,1,4755,1,4755,0,0,0,0,0,1,2,216,4971,25.1,1,1
780,Sri Lanka,1996,Asia,Government of Sri Lanka,1,1,3868,1,3868,0,0,0,0,0,1,2,229,4097,25.1,1,1
780,Sri Lanka,1997,Asia,Government of Sri Lanka,1,1,2880,1,2880,0,0,0,0,0,1,1,22,2902,25.1,1,1
780,Sri Lanka,1998,Asia,Government of Sri Lanka,1,1,3762,1,3762,0,0,0,0,0,1,2,68,3830,25.1,1,1
780,Sri Lanka,1999,Asia,Government of Sri Lanka,1,1,1882,1,1882,0,0,1,1,4,1,1,62,1948,25.1,1,1
780,Sri Lanka,2000,Asia,Government of Sri Lanka,1,1,2525,1,2525,0,0,0,0,0,1,2,44,2569,25.1,1,1
780,Sri Lanka,2001,Asia,Government of Sri Lanka,1,1,1144,1,1144,0,0,0,0,0,1,2,18,1162,25.1,1,1
780,Sri Lanka,2002,Asia,Government of Sri Lanka,1,1,6,1,6,0,0,1,1,9,1,1,2,17,25.1,1,1
780,Sri Lanka,2003,Asia,Government of Sri Lanka,1,1,29,1,29,0,0,1,1,3,1,1,1,33,25.1,1,1
780,Sri Lanka,2004,Asia,Government of Sri Lanka,1,1,17,1,17,0,0,1,1,60,1,2,7,84,25.1,1,1
780,Sri Lanka,2005,Asia,Government of Sri Lanka,1,1,88,1,88,0,0,1,2,32,1,1,10,130,25.1,1,1
780,Sri Lanka,2006,Asia,Government of Sri Lanka,1,1,1970,1,1970,0,0,1,1,97,1,2,106,2173,25.1,1,1
780,Sri Lanka,2007,Asia,Government of Sri Lanka,1,1,2494,1,2494,0,0,1,1,11,1,2,59,2564,25.1,1,1
780,Sri Lanka,2008,Asia,Government of Sri Lanka,1,1,8262,1,8262,0,0,1,1,6,1,1,185,8453,25.1,1,1
780,Sri Lanka,2009,Asia,Government of Sri Lanka,1,1,10165,1,10165,0,0,1,1,5,1,1,248,10418,25.1,1,0
780,Sri Lanka,2010,Asia,Government of Sri Lanka,0,0,0,0,0,0,0,0,0,0,0,0,0,0,25.1,0,1
780,Sri Lanka,2011,Asia,Government of Sri Lanka,0,0,0,0,0,0,0,0,0,0,1,1,2,2,25.1,1,0
780,Sri Lanka,2012,Asia,Government of Sri Lanka,0,0,0,0,0,0,0,0,0,0,0,0,0,0,25.1,0,1
780,Sri Lanka,2013,Asia,Government of Sri Lanka,0,0,0,0,0,0,0,0,0,0,1,1,5,5,25.1,1,0
780,Sri Lanka,2014,Asia,Government of Sri Lanka,0,0,0,0,0,0,0,0,0,0,0,0,0,0,25.1,0,0
780,Sri Lanka,2015,Asia,Government of Sri Lanka,0,0,0,0,0,0,0,0,0,0,0,0,0,0,25.1,0,0
780,Sri Lanka,2016,Asia,Government of Sri Lanka,0,0,0,0,0,0,0,0,0,0,0,0,0,0,25.1,0,1
780,Sri Lanka,2017,Asia,Government of Sri Lanka,0,0,0,0,0,0,0,0,0,0,1,1,1,1,25.1,1,0
780,Sri Lanka,2018,Asia,Government of Sri Lanka,0,0,0,0,0,0,0,0,0,0,0,0,0,0,25.1,0,1
780,Sri Lanka,2019,Asia,Government of Sri Lanka,0,0,0,0,0,0,0,0,0,0,1,1,255,255,25.1,1,0
780,Sri Lanka,2020,Asia,Government of Sri Lanka,0,0,0,0,0,0,0,0,0,0,0,0,0,0,25.1,0,0
780,Sri Lanka,2021,Asia,Government of Sri Lanka,0,0,0,0,0,0,0,0,0,0,0,0,0,0,25.1,0,0
780,Sri Lanka,2022,Asia,Government of Sri Lanka,0,0,0,0,0,0,0,0,0,0,0,0,0,0,25.1,0,0
780,Sri Lanka,2023,Asia,Government of Sri Lanka,0,0,0,0,0,0,0,0,0,0,0,0,0,0,25.1,0,0
781,Maldives,1989,Asia,Government of Maldives,0,0,0,0,0,0,0,0,0,0,0,0,0,0,25.1,0,0
781,Maldives,1990,Asia,Government of Maldives,0,0,0,0,0,0,0,0,0,0,0,0,0,0,25.1,0,0
781,Maldives,1991,Asia,Government of Maldives,0,0,0,0,0,0,0,0,0,0,0,0,0,0,25.1,0,0
781,Maldives,1992,Asia,Government of Maldives,0,0,0,0,0,0,0,0,0,0,0,0,0,0,25.1,0,0
781,Maldives,1993,Asia,Government of Maldives,0,0,0,0,0,0,0,0,0,0,0,0,0,0,25.1,0,0
781,Maldives,1994,Asia,Government of Maldives,0,0,0,0,0,0,0,0,0,0,0,0,0,0,25.1,0,0
781,Maldives,1995,Asia,Government of Maldives,0,0,0,0,0,0,0,0,0,0,0,0,0,0,25.1,0,0
781,Maldives,1996,Asia,Government of Maldives,0,0,0,0,0,0,0,0,0,0,0,0,0,0,25.1,0,0
781,Maldives,1997,Asia,Government of Maldives,0,0,0,0,0,0,0,0,0,0,0,0,0,0,25.1,0,0
781,Maldives,1998,Asia,Government of Maldives,0,0,0,0,0,0,0,0,0,0,0,0,0,0,25.1,0,0
781,Maldives,1999,Asia,Government of Maldives,0,0,0,0,0,0,0,0,0,0,0,0,0,0,25.1,0,0
781,Maldives,2000,Asia,Government of Maldives,0,0,0,0,0,0,0,0,0,0,0,0,0,0,25.1,0,0
781,Maldives,2001,Asia,Government of Maldives,0,0,0,0,0,0,0,0,0,0,0,0,0,0,25.1,0,0
781,Maldives,2002,Asia,Government of Maldives,0,0,0,0,0,0,0,0,0,0,0,0,0,0,25.1,0,0
781,Maldives,2003,Asia,Government of Maldives,0,0,0,0,0,0,0,0,0,0,0,0,0,0,25.1,0,0
781,Maldives,2004,Asia,Government of Maldives,0,0,0,0,0,0,0,0,0,0,0,0,0,0,25.1,0,0
781,Maldives,2005,Asia,Government of Maldives,0,0,0,0,0,0,0,0,0,0,0,0,0,0,25.1,0,0
781,Maldives,2006,Asia,Government of Maldives,0,0,0,0,0,0,0,0,0,0,0,0,0,0,25.1,0,0
781,Maldives,2007,Asia,Government of Maldives,0,0,0,0,0,0,0,0,0,0,0,0,0,0,25.1,0,0
781,Maldives,2008,Asia,Government of Maldives,0,0,0,0,0,0,0,0,0,0,0,0,0,0,25.1,0,0
781,Maldives,2009,Asia,Government of Maldives,0,0,0,0,0,0,0,0,0,0,0,0,0,0,25.1,0,0
781,Maldives,2010,Asia,Government of Maldives,0,0,0,0,0,0,0,0,0,0,0,0,0,0,25.1,0,0
781,Maldives,2011,Asia,Government of Maldives,0,0,0,0,0,0,0,0,0,0,0,0,0,0,25.1,0,0
781,Maldives,2012,Asia,Government of Maldives,0,0,0,0,0,0,0,0,0,0,0,0,0,0,25.1,0,0
781,Maldives,2013,Asia,Government of Maldives,0,0,0,0,0,0,0,0,0,0,0,0,0,0,25.1,0,0
781,Maldives,2014,Asia,Government of Maldives,0,0,0,0,0,0,0,0,0,0,0,0,0,0,25.1,0,0
781,Maldives,2015,Asia,Government of Maldives,0,0,0,0,0,0,0,0,0,0,0,0,0,0,25.1,0,0
781,Maldives,2016,Asia,Government of Maldives,0,0,0,0,0,0,0,0,0,0,0,0,0,0,25.1,0,0
781,Maldives,2017,Asia,Government of Maldives,0,0,0,0,0,0,0,0,0,0,0,0,0,0,25.1,0,0
781,Maldives,2018,Asia,Government of Maldives,0,0,0,0,0,0,0,0,0,0,0,0,0,0,25.1,0,0
781,Maldives,2019,Asia,Government of Maldives,0,0,0,0,0,0,0,0,0,0,0,0,0,0,25.1,0,0
781,Maldives,2020,Asia,Government of Maldives,0,0,0,0,0,0,0,0,0,0,0,0,0,0,25.1,0,0
781,Maldives,2021,Asia,Government of Maldives,0,0,0,0,0,0,0,0,0,0,0,0,0,0,25.1,0,0
781,Maldives,2022,Asia,Government of Maldives,0,0,0,0,0,0,0,0,0,0,0,0,0,0,25.1,0,0
781,Maldives,2023,Asia,Government of Maldives,0,0,0,0,0,0,0,0,0,0,0,0,0,0,25.1,0,0
790,Nepal,1989,Asia,Government of Nepal,0,0,0,0,0,0,0,0,0,0,0,0,0,0,25.1,0,1
790,Nepal,1990,Asia,Government of Nepal,0,0,0,0,0,0,0,0,0,0,1,1,14,14,25.1,1,1
790,Nepal,1991,Asia,Government of Nepal,0,0,0,0,0,0,0,0,0,0,1,1,2,2,25.1,1,1
790,Nepal,1992,Asia,Government of Nepal,0,0,0,0,0,0,0,0,0,0,1,1,0,0,25.1,1,1
790,Nepal,1993,Asia,Government of Nepal,0,0,0,0,0,0,0,0,0,0,1,1,3,3,25.1,1,1
790,Nepal,1994,Asia,Government of Nepal,0,0,0,0,0,0,0,0,0,0,1,1,0,0,25.1,1,1
790,Nepal,1995,Asia,Government of Nepal,0,0,0,0,0,0,0,0,0,0,1,1,0,0,25.1,1,1
790,Nepal,1996,Asia,Government of Nepal,1,1,44,1,44,0,0,0,0,0,1,2,33,77,25.1,1,1
790,Nepal,1997,Asia,Government of Nepal,1,1,40,1,40,0,0,0,0,0,1,2,8,48,25.1,1,1
790,Nepal,1998,Asia,Government of Nepal,1,1,250,1,250,0,0,0,0,0,1,2,107,357,25.1,1,1
790,Nepal,1999,Asia,Government of Nepal,1,1,156,1,156,0,0,0,0,0,1,2,139,295,25.1,1,1
790,Nepal,2000,Asia,Government of Nepal,1,1,268,1,268,0,0,0,0,0,1,2,97,365,25.1,1,1
790,Nepal,2001,Asia,Government of Nepal,1,1,429,1,429,0,0,0,0,0,1,2,140,569,25.1,1,1
790,Nepal,2002,Asia,Government of Nepal,1,1,3946,1,3946,0,0,0,0,0,1,2,486,4432,25.1,1,1
790,Nepal,2003,Asia,Government of Nepal,1,1,1341,1,1341,0,0,0,0,0,1,2,391,1732,25.1,1,1
790,Nepal,2004,Asia,Government of Nepal,1,1,1880,1,1880,0,0,0,0,0,1,2,576,2456,25.1,1,1
790,Nepal,2005,Asia,Government of Nepal,1,1,1104,1,1104,0,0,0,0,0,1,2,295,1399,25.1,1,1
790,Nepal,2006,Asia,Government of Nepal,1,1,457,1,457,0,0,0,0,0,1,2,109,566,25.1,1,1
790,Nepal,2007,Asia,Government of Nepal,0,0,0,0,0,0,0,1,1,30,1,3,1,31,25.1,1,1
790,Nepal,2008,Asia,Government of Nepal,0,0,0,0,0,0,0,0,0,0,1,1,0,0,25.1,1,1
790,Nepal,2009,Asia,Government of Nepal,1,1,9,1,9,0,0,0,0,0,0,0,0,9,25.1,1,0
790,Nepal,2010,Asia,Government of Nepal,0,0,0,0,0,0,0,0,0,0,0,0,0,0,25.1,0,0
790,Nepal,2011,Asia,Government of Nepal,0,0,0,0,0,0,0,0,0,0,0,0,0,0,25.1,0,0
790,Nepal,2012,Asia,Government of Nepal,0,0,0,0,0,0,0,0,0,0,0,0,0,0,25.1,0,0
790,Nepal,2013,Asia,Government of Nepal,0,0,0,0,0,0,0,0,0,0,0,0,0,0,25.1,0,0
790,Nepal,2014,Asia,Government of Nepal,0,0,0,0,0,0,0,0,0,0,0,0,0,0,25.1,0,0
790,Nepal,2015,Asia,Government of Nepal,0,0,0,0,0,0,0,0,0,0,0,0,0,0,25.1,0,0
790,Nepal,2016,Asia,Government of Nepal,0,0,0,0,0,0,0,0,0,0,0,0,0,0,25.1,0,0
790,Nepal,2017,Asia,Government of Nepal,0,0,0,0,0,0,0,0,0,0,0,0,0,0,25.1,0,0
790,Nepal,2018,Asia,Government of Nepal,0,0,0,0,0,0,0,0,0,0,0,0,0,0,25.1,0,0
790,Nepal,2019,Asia,Government of Nepal,0,0,0,0,0,0,0,0,0,0,0,0,0,0,25.1,0,0
790,Nepal,2020,Asia,Government of Nepal,0,0,0,0,0,0,0,0,0,0,0,0,0,0,25.1,0,0
790,Nepal,2021,Asia,Government of Nepal,0,0,0,0,0,0,0,0,0,0,0,0,0,0,25.1,0,1
790,Nepal,2022,Asia,Government of Nepal,0,0,0,0,0,0,0,0,0,0,1,1,1,1,25.1,1,0
790,Nepal,2023,Asia,Government of Nepal,0,0,0,0,0,0,0,0,0,0,0,0,0,0,25.1,0,0
800,Thailand,1989,Asia,Government of Thailand,1,1,4,1,4,0,0,0,0,0,1,2,2,6,25.1,1,1
800,Thailand,1990,Asia,Government of Thailand,1,1,19,1,19,0,0,0,0,0,1,1,1,20,25.1,1,1
800,Thailand,1991,Asia,Government of Thailand,0,0,0,0,0,0,0,1,1,2,0,0,0,2,25.1,1,1
800,Thailand,1992,Asia,Government of Thailand,0,0,0,0,0,0,0,0,0,0,1,1,0,0,25.1,1,1
800,Thailand,1993,Asia,Government of Thailand,0,0,0,0,0,0,0,0,0,0,1,2,1,1,25.1,1,1
800,Thailand,1994,Asia,Government of Thailand,1,1,1,1,1,0,0,0,0,0,0,0,0,1,25.1,1,1
800,Thailand,1995,Asia,Government of Thailand,1,1,7,0,0,1,7,1,1,3,1,1,2,12,25.1,1,1
800,Thailand,1996,Asia,Government of Thailand,0,0,0,0,0,0,0,1,1,1,0,0,0,1,25.1,1,1
800,Thailand,1997,Asia,Government of Thailand,1,1,1,1,1,0,0,0,0,0,1,2,6,7,25.1,1,1
800,Thailand,1998,Asia,Government of Thailand,1,2,12,1,3,1,9,0,0,0,0,0,0,12,25.1,1,1
800,Thailand,1999,Asia,Government of Thailand,0,0,0,0,0,0,0,0,0,0,1,1,1,1,25.1,1,1
800,Thailand,2000,Asia,Government of Thailand,1,1,8,1,8,0,0,0,0,0,0,0,0,8,25.1,1,1
800,Thailand,2001,Asia,Government of Thailand,1,3,25,1,25,0,0,0,0,0,0,0,0,25,25.1,1,1
800,Thailand,2002,Asia,Government of Thailand,1,1,23,1,23,0,0,0,0,0,0,0,0,23,25.1,1,1
800,Thailand,2003,Asia,Government of Thailand,1,1,26,1,26,0,0,0,0,0,0,0,0,26,25.1,1,1
800,Thailand,2004,Asia,Government of Thailand,1,1,164,1,164,0,0,0,0,0,1,1,146,310,25.1,1,1
800,Thailand,2005,Asia,Government of Thailand,1,2,208,1,208,0,0,0,0,0,1,1,286,494,25.1,1,1
800,Thailand,2006,Asia,Government of Thailand,1,1,212,1,212,0,0,0,0,0,1,1,329,541,25.1,1,1
800,Thailand,2007,Asia,Government of Thailand,1,2,198,1,198,0,0,0,0,0,1,1,320,518,25.1,1,1
800,Thailand,2008,Asia,Government of Thailand,1,2,148,1,148,0,0,0,0,0,1,1,180,328,25.1,1,1
800,Thailand,2009,Asia,Government of Thailand,1,1,138,1,138,0,0,0,0,0,1,1,120,258,25.1,1,1
800,Thailand,2010,Asia,Government of Thailand,1,2,83,1,83,0,0,0,0,0,1,1,138,221,25.1,1,1
800,Thailand,2011,Asia,Government of Thailand,1,2,162,1,143,1,19,0,0,0,1,1,115,277,25.1,1,1
800,Thailand,2012,Asia,Government of Thailand,1,1,131,1,131,0,0,0,0,0,1,1,113,244,25.1,1,1
800,Thailand,2013,Asia,Government of Thailand,1,1,189,1,189,0,0,0,0,0,1,1,60,249,25.1,1,1
800,Thailand,2014,Asia,Government of Thailand,1,1,68,1,68,0,0,0,0,0,1,1,32,100,25.1,1,1
800,Thailand,2015,Asia,Government of Thailand,1,1,57,1,57,0,0,0,0,0,1,1,27,84,25.1,1,1
800,Thailand,2016,Asia,Government of Thailand,1,1,50,1,50,0,0,0,0,0,1,1,19,69,25.1,1,1
800,Thailand,2017,Asia,Government of Thailand,1,1,43,1,43,0,0,0,0,0,1,1,7,50,25.1,1,1
800,Thailand,2018,Asia,Government of Thailand,1,1,36,1,36,0,0,0,0,0,1,1,25,61,25.1,1,1
800,Thailand,2019,Asia,Government of Thailand,1,1,55,1,55,0,0,0,0,0,1,1,5,60,25.1,1,1
800,Thailand,2020,Asia,Government of Thailand,1,1,46,1,46,0,0,0,0,0,1,1,1,47,25.1,1,1
800,Thailand,2021,Asia,Government of Thailand,1,1,38,1,38,0,0,0,0,0,1,1,3,41,25.1,1,1
800,Thailand,2022,Asia,Government of Thailand,1,1,29,1,29,0,0,0,0,0,1,1,7,36,25.1,1,1
800,Thailand,2023,Asia,Government of Thailand,1,1,30,1,30,0,0,0,0,0,1,1,1,31,25.1,1,1
811,Cambodia (Kampuchea),1989,Asia,Government of Cambodia (Kampuchea),1,3,814,1,814,0,0,0,0,0,0,0,0,814,25.1,1,1
811,Cambodia (Kampuchea),1990,Asia,Government of Cambodia (Kampuchea),1,2,274,1,274,0,0,0,0,0,1,1,103,377,25.1,1,1
811,Cambodia (Kampuchea),1991,Asia,Government of Cambodia (Kampuchea),1,3,220,1,220,0,0,0,0,0,1,2,102,322,25.1,1,1
811,Cambodia (Kampuchea),1992,Asia,Government of Cambodia (Kampuchea),1,1,118,1,118,0,0,0,0,0,1,2,75,193,25.1,1,1
811,Cambodia (Kampuchea),1993,Asia,Government of Cambodia (Kampuchea),1,1,274,1,274,0,0,0,0,0,1,2,210,484,25.1,1,1
811,Cambodia (Kampuchea),1994,Asia,Government of Cambodia (Kampuchea),1,1,464,1,464,0,0,0,0,0,1,2,108,572,25.1,1,1
811,Cambodia (Kampuchea),1995,Asia,Government of Cambodia (Kampuchea),1,1,694,1,694,0,0,0,0,0,1,1,29,723,25.1,1,1
811,Cambodia (Kampuchea),1996,Asia,Government of Cambodia (Kampuchea),1,1,788,1,788,0,0,0,0,0,1,2,58,846,25.1,1,1
811,Cambodia (Kampuchea),1997,Asia,Government of Cambodia (Kampuchea),1,4,415,1,415,1,0,0,0,0,1,2,29,444,25.1,1,1
811,Cambodia (Kampuchea),1998,Asia,Government of Cambodia (Kampuchea),1,3,246,1,243,1,3,0,0,0,1,2,28,274,25.1,1,1
811,Cambodia (Kampuchea),1999,Asia,Government of Cambodia (Kampuchea),0,0,0,0,0,0,0,0,0,0,1,1,0,0,25.1,1,1
811,Cambodia (Kampuchea),2000,Asia,Government of Cambodia (Kampuchea),0,0,0,0,0,0,0,0,0,0,1,1,4,4,25.1,1,0
811,Cambodia (Kampuchea),2001,Asia,Government of Cambodia (Kampuchea),0,0,0,0,0,0,0,0,0,0,0,0,0,0,25.1,0,0
811,Cambodia (Kampuchea),2002,Asia,Government of Cambodia (Kampuchea),0,0,0,0,0,0,0,0,0,0,0,0,0,0,25.1,0,1
811,Cambodia (Kampuchea),2003,Asia,Government of Cambodia (Kampuchea),0,0,0,0,0,0,0,0,0,0,1,1,1,1,25.1,1,0
811,Cambodia (Kampuchea),2004,Asia,Government of Cambodia (Kampuchea),0,0,0,0,0,0,0,0,0,0,0,0,0,0,25.1,0,0
811,Cambodia (Kampuchea),2005,Asia,Government of Cambodia (Kampuchea),0,0,0,0,0,0,0,0,0,0,0,0,0,0,25.1,0,0
811,Cambodia (Kampuchea),2006,Asia,Government of Cambodia (Kampuchea),0,0,0,0,0,0,0,0,0,0,0,0,0,0,25.1,0,1
811,Cambodia (Kampuchea),2007,Asia,Government of Cambodia (Kampuchea),0,0,0,0,0,0,0,0,0,0,1,1,2,2,25.1,1,1
811,Cambodia (Kampuchea),2008,Asia,Government of Cambodia (Kampuchea),1,1,2,0,0,1,2,0,0,0,0,0,0,2,25.1,1,1
811,Cambodia (Kampuchea),2009,Asia,Government of Cambodia (Kampuchea),1,1,2,0,0,1,2,0,0,0,0,0,0,2,25.1,1,0
811,Cambodia (Kampuchea),2010,Asia,Government of Cambodia (Kampuchea),0,0,0,0,0,0,0,0,0,0,0,0,0,0,25.1,0,1
811,Cambodia (Kampuchea),2011,Asia,Government of Cambodia (Kampuchea),1,1,10,0,0,1,10,0,0,0,0,0,0,10,25.1,1,1
811,Cambodia (Kampuchea),2012,Asia,Government of Cambodia (Kampuchea),0,0,0,0,0,0,0,0,0,0,1,1,1,1,25.1,1,0
811,Cambodia (Kampuchea),2013,Asia,Government of Cambodia (Kampuchea),0,0,0,0,0,0,0,0,0,0,0,0,0,0,25.1,0,0
811,Cambodia (Kampuchea),2014,Asia,Government of Cambodia (Kampuchea),0,0,0,0,0,0,0,0,0,0,0,0,0,0,25.1,0,0
811,Cambodia (Kampuchea),2015,Asia,Government of Cambodia (Kampuchea),0,0,0,0,0,0,0,0,0,0,0,0,0,0,25.1,0,0
811,Cambodia (Kampuchea),2016,Asia,Government of Cambodia (Kampuchea),0,0,0,0,0,0,0,0,0,0,0,0,0,0,25.1,0,0
811,Cambodia (Kampuchea),2017,Asia,Government of Cambodia (Kampuchea),0,0,0,0,0,0,0,0,0,0,0,0,0,0,25.1,0,0
811,Cambodia (Kampuchea),2018,Asia,Government of Cambodia (Kampuchea),0,0,0,0,0,0,0,0,0,0,0,0,0,0,25.1,0,0
811,Cambodia (Kampuchea),2019,Asia,Government of Cambodia (Kampuchea),0,0,0,0,0,0,0,0,0,0,0,0,0,0,25.1,0,0
811,Cambodia (Kampuchea),2020,Asia,Government of Cambodia (Kampuchea),0,0,0,0,0,0,0,0,0,0,0,0,0,0,25.1,0,0
811,Cambodia (Kampuchea),2021,Asia,Government of Cambodia (Kampuchea),0,0,0,0,0,0,0,0,0,0,0,0,0,0,25.1,0,0
811,Cambodia (Kampuchea),2022,Asia,Government of Cambodia (Kampuchea),0,0,0,0,0,0,0,0,0,0,0,0,0,0,25.1,0,0
811,Cambodia (Kampuchea),2023,Asia,Government of Cambodia (Kampuchea),0,0,0,0,0,0,0,0,0,0,0,0,0,0,25.1,0,0
812,Laos,1989,Asia,Government of Laos,1,1,30,1,30,0,0,0,0,0,0,0,0,30,25.1,1,1
812,Laos,1990,Asia,Government of Laos,1,1,249,1,249,0,0,0,0,0,1,1,6,255,25.1,1,0
812,Laos,1991,Asia,Government of Laos,0,0,0,0,0,0,0,0,0,0,0,0,0,0,25.1,0,0
812,Laos,1992,Asia,Government of Laos,0,0,0,0,0,0,0,0,0,0,0,0,0,0,25.1,0,1
812,Laos,1993,Asia,Government of Laos,0,0,0,0,0,0,0,0,0,0,1,1,3,3,25.1,1,0
812,Laos,1994,Asia,Government of Laos,0,0,0,0,0,0,0,0,0,0,0,0,0,0,25.1,0,0
812,Laos,1995,Asia,Government of Laos,0,0,0,0,0,0,0,0,0,0,0,0,0,0,25.1,0,0
812,Laos,1996,Asia,Government of Laos,0,0,0,0,0,0,0,0,0,0,0,0,0,0,25.1,0,1
812,Laos,1997,Asia,Government of Laos,0,0,0,0,0,0,0,0,0,0,1,1,2,2,25.1,1,0
812,Laos,1998,Asia,Government of Laos,0,0,0,0,0,0,0,0,0,0,0,0,0,0,25.1,0,1
812,Laos,1999,Asia,Government of Laos,0,0,0,0,0,0,0,0,0,0,1,1,2,2,25.1,1,1
812,Laos,2000,Asia,Government of Laos,1,1,5,1,5,0,0,0,0,0,1,1,2,7,25.1,1,0
812,Laos,2001,Asia,Government of Laos,0,0,0,0,0,0,0,0,0,0,0,0,0,0,25.1,0,1
812,Laos,2002,Asia,Government of Laos,0,0,0,0,0,0,0,0,0,0,1,1,4,4,25.1,1,1
812,Laos,2003,Asia,Government of Laos,0,0,0,0,0,0,0,0,0,0,1,1,5,5,25.1,1,1
812,Laos,2004,Asia,Government of Laos,0,0,0,0,0,0,0,0,0,0,1,1,4,4,25.1,1,0
812,Laos,2005,Asia,Government of Laos,0,0,0,0,0,0,0,0,0,0,0,0,0,0,25.1,0,1
812,Laos,2006,Asia,Government of Laos,0,0,0,0,0,0,0,0,0,0,1,1,73,73,25.1,1,0
812,Laos,2007,Asia,Government of Laos,0,0,0,0,0,0,0,0,0,0,0,0,0,0,25.1,0,0
812,Laos,2008,Asia,Government of Laos,0,0,0,0,0,0,0,0,0,0,0,0,0,0,25.1,0,0
812,Laos,2009,Asia,Government of Laos,0,0,0,0,0,0,0,0,0,0,0,0,0,0,25.1,0,0
812,Laos,2010,Asia,Government of Laos,0,0,0,0,0,0,0,0,0,0,0,0,0,0,25.1,0,0
812,Laos,2011,Asia,Government of Laos,0,0,0,0,0,0,0,0,0,0,0,0,0,0,25.1,0,0
812,Laos,2012,Asia,Government of Laos,0,0,0,0,0,0,0,0,0,0,0,0,0,0,25.1,0,0
812,Laos,2013,Asia,Government of Laos,0,0,0,0,0,0,0,0,0,0,0,0,0,0,25.1,0,0
812,Laos,2014,Asia,Government of Laos,0,0,0,0,0,0,0,0,0,0,0,0,0,0,25.1,0,0
812,Laos,2015,Asia,Government of Laos,0,0,0,0,0,0,0,0,0,0,0,0,0,0,25.1,0,0
812,Laos,2016,Asia,Government of Laos,0,0,0,0,0,0,0,0,0,0,0,0,0,0,25.1,0,0
812,Laos,2017,Asia,Government of Laos,0,0,0,0,0,0,0,0,0,0,0,0,0,0,25.1,0,0
812,Laos,2018,Asia,Government of Laos,0,0,0,0,0,0,0,0,0,0,0,0,0,0,25.1,0,0
812,Laos,2019,Asia,Government of Laos,0,0,0,0,0,0,0,0,0,0,0,0,0,0,25.1,0,0
812,Laos,2020,Asia,Government of Laos,0,0,0,0,0,0,0,0,0,0,0,0,0,0,25.1,0,0
812,Laos,2021,Asia,Government of Laos,0,0,0,0,0,0,0,0,0,0,0,0,0,0,25.1,0,0
812,Laos,2022,Asia,Government of Laos,0,0,0,0,0,0,0,0,0,0,0,0,0,0,25.1,0,0
812,Laos,2023,Asia,Government of Laos,0,0,0,0,0,0,0,0,0,0,0,0,0,0,25.1,0,0
816,Vietnam (North Vietnam),1989,Asia,Government of Vietnam (North Vietnam),0,0,0,0,0,0,0,0,0,0,0,0,0,0,25.1,0,0
816,Vietnam (North Vietnam),1990,Asia,Government of Vietnam (North Vietnam),0,0,0,0,0,0,0,0,0,0,0,0,0,0,25.1,0,0
816,Vietnam (North Vietnam),1991,Asia,Government of Vietnam (North Vietnam),0,0,0,0,0,0,0,0,0,0,0,0,0,0,25.1,0,0
816,Vietnam (North Vietnam),1992,Asia,Government of Vietnam (North Vietnam),0,0,0,0,0,0,0,0,0,0,0,0,0,0,25.1,0,0
816,Vietnam (North Vietnam),1993,Asia,Government of Vietnam (North Vietnam),0,0,0,0,0,0,0,0,0,0,0,0,0,0,25.1,0,0
816,Vietnam (North Vietnam),1994,Asia,Government of Vietnam (North Vietnam),0,0,0,0,0,0,0,0,0,0,0,0,0,0,25.1,0,0
816,Vietnam (North Vietnam),1995,Asia,Government of Vietnam (North Vietnam),0,0,0,0,0,0,0,0,0,0,0,0,0,0,25.1,0,0
816,Vietnam (North Vietnam),1996,Asia,Government of Vietnam (North Vietnam),0,0,0,0,0,0,0,0,0,0,0,0,0,0,25.1,0,0
816,Vietnam (North Vietnam),1997,Asia,Government of Vietnam (North Vietnam),0,0,0,0,0,0,0,0,0,0,0,0,0,0,25.1,0,0
816,Vietnam (North Vietnam),1998,Asia,Government of Vietnam (North Vietnam),0,0,0,0,0,0,0,0,0,0,0,0,0,0,25.1,0,0
816,Vietnam (North Vietnam),1999,Asia,Government of Vietnam (North Vietnam),0,0,0,0,0,0,0,0,0,0,0,0,0,0,25.1,0,0
816,Vietnam (North Vietnam),2000,Asia,Government of Vietnam (North Vietnam),0,0,0,0,0,0,0,0,0,0,0,0,0,0,25.1,0,0
816,Vietnam (North Vietnam),2001,Asia,Government of Vietnam (North Vietnam),0,0,0,0,0,0,0,0,0,0,0,0,0,0,25.1,0,0
816,Vietnam (North Vietnam),2002,Asia,Government of Vietnam (North Vietnam),0,0,0,0,0,0,0,0,0,0,0,0,0,0,25.1,0,0
816,Vietnam (North Vietnam),2003,Asia,Government of Vietnam (North Vietnam),0,0,0,0,0,0,0,0,0,0,0,0,0,0,25.1,0,0
816,Vietnam (North Vietnam),2004,Asia,Government of Vietnam (North Vietnam),0,0,0,0,0,0,0,0,0,0,0,0,0,0,25.1,0,0
816,Vietnam (North Vietnam),2005,Asia,Government of Vietnam (North Vietnam),0,0,0,0,0,0,0,0,0,0,0,0,0,0,25.1,0,0
816,Vietnam (North Vietnam),2006,Asia,Government of Vietnam (North Vietnam),0,0,0,0,0,0,0,0,0,0,0,0,0,0,25.1,0,0
816,Vietnam (North Vietnam),2007,Asia,Government of Vietnam (North Vietnam),0,0,0,0,0,0,0,0,0,0,0,0,0,0,25.1,0,0
816,Vietnam (North Vietnam),2008,Asia,Government of Vietnam (North Vietnam),0,0,0,0,0,0,0,0,0,0,0,0,0,0,25.1,0,0
816,Vietnam (North Vietnam),2009,Asia,Government of Vietnam (North Vietnam),0,0,0,0,0,0,0,0,0,0,0,0,0,0,25.1,0,0
816,Vietnam (North Vietnam),2010,Asia,Government of Vietnam (North Vietnam),0,0,0,0,0,0,0,0,0,0,0,0,0,0,25.1,0,0
816,Vietnam (North Vietnam),2011,Asia,Government of Vietnam (North Vietnam),0,0,0,0,0,0,0,0,0,0,0,0,0,0,25.1,0,0
816,Vietnam (North Vietnam),2012,Asia,Government of Vietnam (North Vietnam),0,0,0,0,0,0,0,0,0,0,0,0,0,0,25.1,0,0
816,Vietnam (North Vietnam),2013,Asia,Government of Vietnam (North Vietnam),0,0,0,0,0,0,0,0,0,0,0,0,0,0,25.1,0,0
816,Vietnam (North Vietnam),2014,Asia,Government of Vietnam (North Vietnam),0,0,0,0,0,0,0,0,0,0,0,0,0,0,25.1,0,0
816,Vietnam (North Vietnam),2015,Asia,Government of Vietnam (North Vietnam),0,0,0,0,0,0,0,0,0,0,0,0,0,0,25.1,0,0
816,Vietnam (North Vietnam),2016,Asia,Government of Vietnam (North Vietnam),0,0,0,0,0,0,0,0,0,0,0,0,0,0,25.1,0,0
816,Vietnam (North Vietnam),2017,Asia,Government of Vietnam (North Vietnam),0,0,0,0,0,0,0,0,0,0,0,0,0,0,25.1,0,0
816,Vietnam (North Vietnam),2018,Asia,Government of Vietnam (North Vietnam),0,0,0,0,0,0,0,0,0,0,0,0,0,0,25.1,0,0
816,Vietnam (North Vietnam),2019,Asia,Government of Vietnam (North Vietnam),0,0,0,0,0,0,0,0,0,0,0,0,0,0,25.1,0,0
816,Vietnam (North Vietnam),2020,Asia,Government of Vietnam (North Vietnam),0,0,0,0,0,0,0,0,0,0,0,0,0,0,25.1,0,0
816,Vietnam (North Vietnam),2021,Asia,Government of Vietnam (North Vietnam),0,0,0,0,0,0,0,0,0,0,0,0,0,0,25.1,0,0
816,Vietnam (North Vietnam),2022,Asia,Government of Vietnam (North Vietnam),0,0,0,0,0,0,0,0,0,0,0,0,0,0,25.1,0,0
816,Vietnam (North Vietnam),2023,Asia,Government of Vietnam (North Vietnam),0,0,0,0,0,0,0,0,0,0,0,0,0,0,25.1,0,0
820,Malaysia,1989,Asia,Government of Malaysia,0,0,0,0,0,0,0,0,0,0,0,0,0,0,25.1,0,0
820,Malaysia,1990,Asia,Government of Malaysia,0,0,0,0,0,0,0,0,0,0,0,0,0,0,25.1,0,0
820,Malaysia,1991,Asia,Government of Malaysia,0,0,0,0,0,0,0,0,0,0,0,0,0,0,25.1,0,0
820,Malaysia,1992,Asia,Government of Malaysia,0,0,0,0,0,0,0,0,0,0,0,0,0,0,25.1,0,0
820,Malaysia,1993,Asia,Government of Malaysia,0,0,0,0,0,0,0,0,0,0,0,0,0,0,25.1,0,0
820,Malaysia,1994,Asia,Government of Malaysia,0,0,0,0,0,0,0,0,0,0,0,0,0,0,25.1,0,0
820,Malaysia,1995,Asia,Government of Malaysia,0,0,0,0,0,0,0,0,0,0,0,0,0,0,25.1,0,0
820,Malaysia,1996,Asia,Government of Malaysia,0,0,0,0,0,0,0,0,0,0,0,0,0,0,25.1,0,0
820,Malaysia,1997,Asia,Government of Malaysia,0,0,0,0,0,0,0,0,0,0,0,0,0,0,25.1,0,0
820,Malaysia,1998,Asia,Government of Malaysia,0,0,0,0,0,0,0,0,0,0,0,0,0,0,25.1,0,0
820,Malaysia,1999,Asia,Government of Malaysia,0,0,0,0,0,0,0,0,0,0,0,0,0,0,25.1,0,0
820,Malaysia,2000,Asia,Government of Malaysia,0,0,0,0,0,0,0,0,0,0,0,0,0,0,25.1,0,0
820,Malaysia,2001,Asia,Government of Malaysia,0,0,0,0,0,0,0,0,0,0,0,0,0,0,25.1,0,0
820,Malaysia,2002,Asia,Government of Malaysia,0,0,0,0,0,0,0,0,0,0,0,0,0,0,25.1,0,0
820,Malaysia,2003,Asia,Government of Malaysia,0,0,0,0,0,0,0,0,0,0,0,0,0,0,25.1,0,0
820,Malaysia,2004,Asia,Government of Malaysia,0,0,0,0,0,0,0,0,0,0,0,0,0,0,25.1,0,0
820,Malaysia,2005,Asia,Government of Malaysia,0,0,0,0,0,0,0,0,0,0,0,0,0,0,25.1,0,0
820,Malaysia,2006,Asia,Government of Malaysia,0,0,0,0,0,0,0,0,0,0,0,0,0,0,25.1,0,0
820,Malaysia,2007,Asia,Government of Malaysia,0,0,0,0,0,0,0,0,0,0,0,0,0,0,25.1,0,0
820,Malaysia,2008,Asia,Government of Malaysia,0,0,0,0,0,0,0,0,0,0,0,0,0,0,25.1,0,0
820,Malaysia,2009,Asia,Government of Malaysia,0,0,0,0,0,0,0,0,0,0,0,0,0,0,25.1,0,0
820,Malaysia,2010,Asia,Government of Malaysia,0,0,0,0,0,0,0,0,0,0,0,0,0,0,25.1,0,0
820,Malaysia,2011,Asia,Government of Malaysia,0,0,0,0,0,0,0,0,0,0,0,0,0,0,25.1,0,0
820,Malaysia,2012,Asia,Government of Malaysia,0,0,0,0,0,0,0,0,0,0,0,0,0,0,25.1,0,1
820,Malaysia,2013,Asia,Government of Malaysia,1,1,70,1,70,0,0,0,0,0,1,1,0,70,25.1,1,0
820,Malaysia,2014,Asia,Government of Malaysia,0,0,0,0,0,0,0,0,0,0,0,0,0,0,25.1,0,0
820,Malaysia,2015,Asia,Government of Malaysia,0,0,0,0,0,0,0,0,0,0,0,0,0,0,25.1,0,0
820,Malaysia,2016,Asia,Government of Malaysia,0,0,0,0,0,0,0,0,0,0,0,0,0,0,25.1,0,1
820,Malaysia,2017,Asia,Government of Malaysia,1,1,1,1,1,0,0,0,0,0,0,0,0,1,25.1,1,0
820,Malaysia,2018,Asia,Government of Malaysia,0,0,0,0,0,0,0,0,0,0,0,0,0,0,25.1,0,0
820,Malaysia,2019,Asia,Government of Malaysia,0,0,0,0,0,0,0,0,0,0,0,0,0,0,25.1,0,0
820,Malaysia,2020,Asia,Government of Malaysia,0,0,0,0,0,0,0,0,0,0,0,0,0,0,25.1,0,0
820,Malaysia,2021,Asia,Government of Malaysia,0,0,0,0,0,0,0,0,0,0,0,0,0,0,25.1,0,0
820,Malaysia,2022,Asia,Government of Malaysia,0,0,0,0,0,0,0,0,0,0,0,0,0,0,25.1,0,0
820,Malaysia,2023,Asia,Government of Malaysia,0,0,0,0,0,0,0,0,0,0,0,0,0,0,25.1,0,0
830,Singapore,1989,Asia,Government of Singapore,0,0,0,0,0,0,0,0,0,0,0,0,0,0,25.1,0,0
830,Singapore,1990,Asia,Government of Singapore,0,0,0,0,0,0,0,0,0,0,0,0,0,0,25.1,0,0
830,Singapore,1991,Asia,Government of Singapore,0,0,0,0,0,0,0,0,0,0,0,0,0,0,25.1,0,0
830,Singapore,1992,Asia,Government of Singapore,0,0,0,0,0,0,0,0,0,0,0,0,0,0,25.1,0,0
830,Singapore,1993,Asia,Government of Singapore,0,0,0,0,0,0,0,0,0,0,0,0,0,0,25.1,0,0
830,Singapore,1994,Asia,Government of Singapore,0,0,0,0,0,0,0,0,0,0,0,0,0,0,25.1,0,0
830,Singapore,1995,Asia,Government of Singapore,0,0,0,0,0,0,0,0,0,0,0,0,0,0,25.1,0,0
830,Singapore,1996,Asia,Government of Singapore,0,0,0,0,0,0,0,0,0,0,0,0,0,0,25.1,0,0
830,Singapore,1997,Asia,Government of Singapore,0,0,0,0,0,0,0,0,0,0,0,0,0,0,25.1,0,0
830,Singapore,1998,Asia,Government of Singapore,0,0,0,0,0,0,0,0,0,0,0,0,0,0,25.1,0,0
830,Singapore,1999,Asia,Government of Singapore,0,0,0,0,0,0,0,0,0,0,0,0,0,0,25.1,0,0
830,Singapore,2000,Asia,Government of Singapore,0,0,0,0,0,0,0,0,0,0,0,0,0,0,25.1,0,0
830,Singapore,2001,Asia,Government of Singapore,0,0,0,0,0,0,0,0,0,0,0,0,0,0,25.1,0,0
830,Singapore,2002,Asia,Government of Singapore,0,0,0,0,0,0,0,0,0,0,0,0,0,0,25.1,0,0
830,Singapore,2003,Asia,Government of Singapore,0,0,0,0,0,0,0,0,0,0,0,0,0,0,25.1,0,0
830,Singapore,2004,Asia,Government of Singapore,0,0,0,0,0,0,0,0,0,0,0,0,0,0,25.1,0,0
830,Singapore,2005,Asia,Government of Singapore,0,0,0,0,0,0,0,0,0,0,0,0,0,0,25.1,0,0
830,Singapore,2006,Asia,Government of Singapore,0,0,0,0,0,0,0,0,0,0,0,0,0,0,25.1,0,0
830,Singapore,2007,Asia,Government of Singapore,0,0,0,0,0,0,0,0,0,0,0,0,0,0,25.1,0,0
830,Singapore,2008,Asia,Government of Singapore,0,0,0,0,0,0,0,0,0,0,0,0,0,0,25.1,0,0
830,Singapore,2009,Asia,Government of Singapore,0,0,0,0,0,0,0,0,0,0,0,0,0,0,25.1,0,0
830,Singapore,2010,Asia,Government of Singapore,0,0,0,0,0,0,0,0,0,0,0,0,0,0,25.1,0,0
830,Singapore,2011,Asia,Government of Singapore,0,0,0,0,0,0,0,0,0,0,0,0,0,0,25.1,0,0
830,Singapore,2012,Asia,Government of Singapore,0,0,0,0,0,0,0,0,0,0,0,0,0,0,25.1,0,0
830,Singapore,2013,Asia,Government of Singapore,0,0,0,0,0,0,0,0,0,0,0,0,0,0,25.1,0,0
830,Singapore,2014,Asia,Government of Singapore,0,0,0,0,0,0,0,0,0,0,0,0,0,0,25.1,0,0
830,Singapore,2015,Asia,Government of Singapore,0,0,0,0,0,0,0,0,0,0,0,0,0,0,25.1,0,0
830,Singapore,2016,Asia,Government of Singapore,0,0,0,0,0,0,0,0,0,0,0,0,0,0,25.1,0,0
830,Singapore,2017,Asia,Government of Singapore,0,0,0,0,0,0,0,0,0,0,0,0,0,0,25.1,0,0
830,Singapore,2018,Asia,Government of Singapore,0,0,0,0,0,0,0,0,0,0,0,0,0,0,25.1,0,0
830,Singapore,2019,Asia,Government of Singapore,0,0,0,0,0,0,0,0,0,0,0,0,0,0,25.1,0,0
830,Singapore,2020,Asia,Government of Singapore,0,0,0,0,0,0,0,0,0,0,0,0,0,0,25.1,0,0
830,Singapore,2021,Asia,Government of Singapore,0,0,0,0,0,0,0,0,0,0,0,0,0,0,25.1,0,0
830,Singapore,2022,Asia,Government of Singapore,0,0,0,0,0,0,0,0,0,0,0,0,0,0,25.1,0,0
830,Singapore,2023,Asia,Government of Singapore,0,0,0,0,0,0,0,0,0,0,0,0,0,0,25.1,0,0
835,Brunei,1989,Asia,Government of Brunei,0,0,0,0,0,0,0,0,0,0,0,0,0,0,25.1,0,0
835,Brunei,1990,Asia,Government of Brunei,0,0,0,0,0,0,0,0,0,0,0,0,0,0,25.1,0,0
835,Brunei,1991,Asia,Government of Brunei,0,0,0,0,0,0,0,0,0,0,0,0,0,0,25.1,0,0
835,Brunei,1992,Asia,Government of Brunei,0,0,0,0,0,0,0,0,0,0,0,0,0,0,25.1,0,0
835,Brunei,1993,Asia,Government of Brunei,0,0,0,0,0,0,0,0,0,0,0,0,0,0,25.1,0,0
835,Brunei,1994,Asia,Government of Brunei,0,0,0,0,0,0,0,0,0,0,0,0,0,0,25.1,0,0
835,Brunei,1995,Asia,Government of Brunei,0,0,0,0,0,0,0,0,0,0,0,0,0,0,25.1,0,0
835,Brunei,1996,Asia,Government of Brunei,0,0,0,0,0,0,0,0,0,0,0,0,0,0,25.1,0,0
835,Brunei,1997,Asia,Government of Brunei,0,0,0,0,0,0,0,0,0,0,0,0,0,0,25.1,0,0
835,Brunei,1998,Asia,Government of Brunei,0,0,0,0,0,0,0,0,0,0,0,0,0,0,25.1,0,0
835,Brunei,1999,Asia,Government of Brunei,0,0,0,0,0,0,0,0,0,0,0,0,0,0,25.1,0,0
835,Brunei,2000,Asia,Government of Brunei,0,0,0,0,0,0,0,0,0,0,0,0,0,0,25.1,0,0
835,Brunei,2001,Asia,Government of Brunei,0,0,0,0,0,0,0,0,0,0,0,0,0,0,25.1,0,0
835,Brunei,2002,Asia,Government of Brunei,0,0,0,0,0,0,0,0,0,0,0,0,0,0,25.1,0,0
835,Brunei,2003,Asia,Government of Brunei,0,0,0,0,0,0,0,0,0,0,0,0,0,0,25.1,0,0
835,Brunei,2004,Asia,Government of Brunei,0,0,0,0,0,0,0,0,0,0,0,0,0,0,25.1,0,0
835,Brunei,2005,Asia,Government of Brunei,0,0,0,0,0,0,0,0,0,0,0,0,0,0,25.1,0,0
835,Brunei,2006,Asia,Government of Brunei,0,0,0,0,0,0,0,0,0,0,0,0,0,0,25.1,0,0
835,Brunei,2007,Asia,Government of Brunei,0,0,0,0,0,0,0,0,0,0,0,0,0,0,25.1,0,0
835,Brunei,2008,Asia,Government of Brunei,0,0,0,0,0,0,0,0,0,0,0,0,0,0,25.1,0,0
835,Brunei,2009,Asia,Government of Brunei,0,0,0,0,0,0,0,0,0,0,0,0,0,0,25.1,0,0
835,Brunei,2010,Asia,Government of Brunei,0,0,0,0,0,0,0,0,0,0,0,0,0,0,25.1,0,0
835,Brunei,2011,Asia,Government of Brunei,0,0,0,0,0,0,0,0,0,0,0,0,0,0,25.1,0,0
835,Brunei,2012,Asia,Government of Brunei,0,0,0,0,0,0,0,0,0,0,0,0,0,0,25.1,0,0
835,Brunei,2013,Asia,Government of Brunei,0,0,0,0,0,0,0,0,0,0,0,0,0,0,25.1,0,0
835,Brunei,2014,Asia,Government of Brunei,0,0,0,0,0,0,0,0,0,0,0,0,0,0,25.1,0,0
835,Brunei,2015,Asia,Government of Brunei,0,0,0,0,0,0,0,0,0,0,0,0,0,0,25.1,0,0
835,Brunei,2016,Asia,Government of Brunei,0,0,0,0,0,0,0,0,0,0,0,0,0,0,25.1,0,0
835,Brunei,2017,Asia,Government of Brunei,0,0,0,0,0,0,0,0,0,0,0,0,0,0,25.1,0,0
835,Brunei,2018,Asia,Government of Brunei,0,0,0,0,0,0,0,0,0,0,0,0,0,0,25.1,0,0
835,Brunei,2019,Asia,Government of Brunei,0,0,0,0,0,0,0,0,0,0,0,0,0,0,25.1,0,0
835,Brunei,2020,Asia,Government of Brunei,0,0,0,0,0,0,0,0,0,0,0,0,0,0,25.1,0,0
835,Brunei,2021,Asia,Government of Brunei,0,0,0,0,0,0,0,0,0,0,0,0,0,0,25.1,0,0
835,Brunei,2022,Asia,Government of Brunei,0,0,0,0,0,0,0,0,0,0,0,0,0,0,25.1,0,0
835,Brunei,2023,Asia,Government of Brunei,0,0,0,0,0,0,0,0,0,0,0,0,0,0,25.1,0,0
840,Philippines,1989,Asia,Government of Philippines,1,3,937,1,937,0,0,0,0,0,1,2,47,984,25.1,1,1
840,Philippines,1990,Asia,Government of Philippines,1,4,1316,1,1316,0,0,0,0,0,1,3,46,1362,25.1,1,1
840,Philippines,1991,Asia,Government of Philippines,1,2,1515,1,1514,1,1,0,0,0,1,2,34,1549,25.1,1,1
840,Philippines,1992,Asia,Government of Philippines,1,1,430,1,430,0,0,0,0,0,1,4,15,445,25.1,1,1
840,Philippines,1993,Asia,Government of Philippines,1,3,253,1,253,0,0,1,1,43,1,1,22,318,25.1,1,1
840,Philippines,1994,Asia,Government of Philippines,1,4,276,1,276,0,0,1,1,7,1,5,25,308,25.1,1,1
840,Philippines,1995,Asia,Government of Philippines,1,2,152,1,152,0,0,0,0,0,1,2,36,188,25.1,1,1
840,Philippines,1996,Asia,Government of Philippines,1,4,191,1,191,0,0,0,0,0,1,2,8,199,25.1,1,1
840,Philippines,1997,Asia,Government of Philippines,1,3,302,1,302,0,0,0,0,0,1,2,20,322,25.1,1,1
840,Philippines,1998,Asia,Government of Philippines,1,3,99,1,99,0,0,1,1,30,1,2,9,138,25.1,1,1
840,Philippines,1999,Asia,Government of Philippines,1,3,205,1,205,0,0,1,1,6,1,2,8,219,25.1,1,1
840,Philippines,2000,Asia,Government of Philippines,1,4,1571,1,1571,0,0,0,0,0,1,3,190,1761,25.1,1,1
840,Philippines,2001,Asia,Government of Philippines,1,5,1008,1,1008,0,0,0,0,0,1,4,45,1053,25.1,1,1
840,Philippines,2002,Asia,Government of Philippines,1,4,684,1,684,0,0,1,1,1,1,5,78,763,25.1,1,1
840,Philippines,2003,Asia,Government of Philippines,1,3,1051,1,1051,0,0,0,0,0,1,4,83,1134,25.1,1,1
840,Philippines,2004,Asia,Government of Philippines,1,3,339,1,339,0,0,0,0,0,1,4,132,471,25.1,1,1
840,Philippines,2005,Asia,Government of Philippines,1,4,470,1,470,0,0,0,0,0,1,3,17,487,25.1,1,1
840,Philippines,2006,Asia,Government of Philippines,1,3,376,1,376,0,0,1,2,35,1,4,23,434,25.1,1,1
840,Philippines,2007,Asia,Government of Philippines,1,4,439,1,439,0,0,0,0,0,1,5,44,483,25.1,1,1
840,Philippines,2008,Asia,Government of Philippines,1,3,504,1,504,0,0,0,0,0,1,5,62,566,25.1,1,1
840,Philippines,2009,Asia,Government of Philippines,1,5,911,1,911,0,0,1,1,44,1,5,93,1048,25.1,1,1
840,Philippines,2010,Asia,Government of Philippines,1,3,334,1,334,0,0,0,0,0,1,4,38,372,25.1,1,1
840,Philippines,2011,Asia,Government of Philippines,1,3,350,1,350,0,0,1,1,31,1,3,33,414,25.1,1,1
840,Philippines,2012,Asia,Government of Philippines,1,4,296,1,296,0,0,1,1,6,1,4,9,311,25.1,1,1
840,Philippines,2013,Asia,Government of Philippines,1,6,516,1,516,0,0,0,0,0,1,3,21,537,25.1,1,1
840,Philippines,2014,Asia,Government of Philippines,1,4,472,1,472,0,0,0,0,0,1,2,12,484,25.1,1,1
840,Philippines,2015,Asia,Government of Philippines,1,4,572,1,572,0,0,1,1,17,1,3,39,628,25.1,1,1
840,Philippines,2016,Asia,Government of Philippines,1,8,559,1,559,0,0,0,0,0,1,4,57,616,25.1,1,1
840,Philippines,2017,Asia,Government of Philippines,1,4,1627,1,1627,0,0,0,0,0,1,4,86,1713,25.1,1,1
840,Philippines,2018,Asia,Government of Philippines,1,4,420,1,420,0,0,0,0,0,1,2,16,436,25.1,1,1
840,Philippines,2019,Asia,Government of Philippines,1,4,313,1,313,0,0,0,0,0,1,3,51,364,25.1,1,1
840,Philippines,2020,Asia,Government of Philippines,1,4,349,1,349,0,0,0,0,0,1,2,27,376,25.1,1,1
840,Philippines,2021,Asia,Government of Philippines,1,4,292,1,292,0,0,0,0,0,1,3,18,310,25.1,1,1
840,Philippines,2022,Asia,Government of Philippines,1,5,240,1,240,0,0,0,0,0,1,3,7,247,25.1,1,1
840,Philippines,2023,Asia,Government of Philippines,1,4,245,1,245,0,0,0,0,0,1,3,24,269,25.1,1,1
850,Indonesia,1989,Asia,Government of Indonesia,1,2,7,1,7,0,0,0,0,0,0,0,0,7,25.1,1,1
850,Indonesia,1990,Asia,Government of Indonesia,1,1,72,1,72,0,0,0,0,0,1,2,128,200,25.1,1,1
850,Indonesia,1991,Asia,Government of Indonesia,1,2,61,1,61,0,0,0,0,0,1,1,368,429,25.1,1,1
850,Indonesia,1992,Asia,Government of Indonesia,1,2,47,1,47,0,0,0,0,0,1,1,6,53,25.1,1,1
850,Indonesia,1993,Asia,Government of Indonesia,1,2,18,1,18,0,0,0,0,0,1,1,9,27,25.1,1,1
850,Indonesia,1994,Asia,Government of Indonesia,1,2,7,1,7,0,0,0,0,0,1,1,5,12,25.1,1,1
850,Indonesia,1995,Asia,Government of Indonesia,1,3,25,1,25,0,0,0,0,0,1,2,38,63,25.1,1,1
850,Indonesia,1996,Asia,Government of Indonesia,1,2,19,1,19,0,0,0,0,0,1,2,17,36,25.1,1,1
850,Indonesia,1997,Asia,Government of Indonesia,1,1,51,1,51,0,0,1,1,361,1,1,29,441,25.1,1,1
850,Indonesia,1998,Asia,Government of Indonesia,1,3,39,1,39,0,0,0,0,0,1,1,102,141,25.1,1,1
850,Indonesia,1999,Asia,Government of Indonesia,1,2,213,1,213,0,0,1,2,1292,1,2,916,2421,25.1,1,1
850,Indonesia,2000,Asia,Government of Indonesia,1,2,287,1,287,0,0,1,1,493,1,3,137,917,25.1,1,1
850,Indonesia,2001,Asia,Government of Indonesia,1,2,278,1,278,0,0,1,2,551,1,2,55,884,25.1,1,1
850,Indonesia,2002,Asia,Government of Indonesia,1,1,466,1,466,0,0,1,1,26,1,4,270,762,25.1,1,1
850,Indonesia,2003,Asia,Government of Indonesia,1,1,868,1,868,0,0,0,0,0,1,4,201,1069,25.1,1,1
850,Indonesia,2004,Asia,Government of Indonesia,1,1,935,1,935,0,0,1,1,49,1,3,98,1082,25.1,1,1
850,Indonesia,2005,Asia,Government of Indonesia,1,1,213,1,213,0,0,0,0,0,1,3,29,242,25.1,1,1
850,Indonesia,2006,Asia,Government of Indonesia,1,1,10,1,10,0,0,0,0,0,1,1,3,13,25.1,1,1
850,Indonesia,2007,Asia,Government of Indonesia,0,0,0,0,0,0,0,0,0,0,1,1,2,2,25.1,1,1
850,Indonesia,2008,Asia,Government of Indonesia,1,1,5,1,5,0,0,0,0,0,1,1,1,6,25.1,1,0
850,Indonesia,2009,Asia,Government of Indonesia,0,0,0,0,0,0,0,0,0,0,0,0,0,0,25.1,0,0
850,Indonesia,2010,Asia,Government of Indonesia,0,0,0,0,0,0,0,0,0,0,0,0,0,0,25.1,0,1
850,Indonesia,2011,Asia,Government of Indonesia,0,0,0,0,0,0,0,1,1,7,1,1,2,9,25.1,1,1
850,Indonesia,2012,Asia,Government of Indonesia,0,0,0,0,0,0,0,0,0,0,1,1,1,1,25.1,1,1
850,Indonesia,2013,Asia,Government of Indonesia,1,1,20,1,20,0,0,0,0,0,0,0,0,20,25.1,1,1
850,Indonesia,2014,Asia,Government of Indonesia,1,1,12,1,12,0,0,0,0,0,0,0,0,12,25.1,1,1
850,Indonesia,2015,Asia,Government of Indonesia,0,0,0,0,0,0,0,0,0,0,1,1,4,4,25.1,1,0
850,Indonesia,2016,Asia,Government of Indonesia,0,0,0,0,0,0,0,0,0,0,0,0,0,0,25.1,0,1
850,Indonesia,2017,Asia,Government of Indonesia,1,1,2,1,2,0,0,0,0,0,1,1,0,2,25.1,1,1
850,Indonesia,2018,Asia,Government of Indonesia,1,1,28,1,28,0,0,0,0,0,1,2,9,37,25.1,1,1
850,Indonesia,2019,Asia,Government of Indonesia,1,1,34,1,34,0,0,0,0,0,1,1,7,41,25.1,1,1
850,Indonesia,2020,Asia,Government of Indonesia,1,1,31,1,31,0,0,0,0,0,1,2,4,35,25.1,1,1
850,Indonesia,2021,Asia,Government of Indonesia,1,1,51,1,51,0,0,0,0,0,1,2,17,68,25.1,1,1
850,Indonesia,2022,Asia,Government of Indonesia,1,1,46,1,46,0,0,0,0,0,1,2,18,64,25.1,1,1
850,Indonesia,2023,Asia,Government of Indonesia,1,1,59,1,59,0,0,0,0,0,1,2,35,94,25.1,1,1
860,East Timor,2002,Asia,Government of East Timor,0,0,0,0,0,0,0,0,0,0,0,0,0,0,25.1,0,0
860,East Timor,2003,Asia,Government of East Timor,0,0,0,0,0,0,0,0,0,0,0,0,0,0,25.1,0,0
860,East Timor,2004,Asia,Government of East Timor,0,0,0,0,0,0,0,0,0,0,0,0,0,0,25.1,0,0
860,East Timor,2005,Asia,Government of East Timor,0,0,0,0,0,0,0,0,0,0,0,0,0,0,25.1,0,0
860,East Timor,2006,Asia,Government of East Timor,0,0,0,0,0,0,0,0,0,0,0,0,0,0,25.1,0,0
860,East Timor,2007,Asia,Government of East Timor,0,0,0,0,0,0,0,0,0,0,0,0,0,0,25.1,0,0
860,East Timor,2008,Asia,Government of East Timor,0,0,0,0,0,0,0,0,0,0,0,0,0,0,25.1,0,0
860,East Timor,2009,Asia,Government of East Timor,0,0,0,0,0,0,0,0,0,0,0,0,0,0,25.1,0,0
860,East Timor,2010,Asia,Government of East Timor,0,0,0,0,0,0,0,0,0,0,0,0,0,0,25.1,0,0
860,East Timor,2011,Asia,Government of East Timor,0,0,0,0,0,0,0,0,0,0,0,0,0,0,25.1,0,0
860,East Timor,2012,Asia,Government of East Timor,0,0,0,0,0,0,0,0,0,0,0,0,0,0,25.1,0,0
860,East Timor,2013,Asia,Government of East Timor,0,0,0,0,0,0,0,0,0,0,0,0,0,0,25.1,0,0
860,East Timor,2014,Asia,Government of East Timor,0,0,0,0,0,0,0,0,0,0,0,0,0,0,25.1,0,0
860,East Timor,2015,Asia,Government of East Timor,0,0,0,0,0,0,0,0,0,0,0,0,0,0,25.1,0,0
860,East Timor,2016,Asia,Government of East Timor,0,0,0,0,0,0,0,0,0,0,0,0,0,0,25.1,0,0
860,East Timor,2017,Asia,Government of East Timor,0,0,0,0,0,0,0,0,0,0,0,0,0,0,25.1,0,0
860,East Timor,2018,Asia,Government of East Timor,0,0,0,0,0,0,0,0,0,0,0,0,0,0,25.1,0,0
860,East Timor,2019,Asia,Government of East Timor,0,0,0,0,0,0,0,0,0,0,0,0,0,0,25.1,0,0
860,East Timor,2020,Asia,Government of East Timor,0,0,0,0,0,0,0,0,0,0,0,0,0,0,25.1,0,0
860,East Timor,2021,Asia,Government of East Timor,0,0,0,0,0,0,0,0,0,0,0,0,0,0,25.1,0,0
860,East Timor,2022,Asia,Government of East Timor,0,0,0,0,0,0,0,0,0,0,0,0,0,0,25.1,0,0
860,East Timor,2023,Asia,Government of East Timor,0,0,0,0,0,0,0,0,0,0,0,0,0,0,25.1,0,0
900,Australia,1989,Asia,Government of Australia,0,0,0,0,0,0,0,0,0,0,0,0,0,0,25.1,0,0
900,Australia,1990,Asia,Government of Australia,0,0,0,0,0,0,0,0,0,0,0,0,0,0,25.1,0,0
900,Australia,1991,Asia,Government of Australia,0,0,0,0,0,0,0,0,0,0,0,0,0,0,25.1,0,0
900,Australia,1992,Asia,Government of Australia,0,0,0,0,0,0,0,0,0,0,0,0,0,0,25.1,0,0
900,Australia,1993,Asia,Government of Australia,0,0,0,0,0,0,0,0,0,0,0,0,0,0,25.1,0,0
900,Australia,1994,Asia,Government of Australia,0,0,0,0,0,0,0,0,0,0,0,0,0,0,25.1,0,0
900,Australia,1995,Asia,Government of Australia,0,0,0,0,0,0,0,0,0,0,0,0,0,0,25.1,0,0
900,Australia,1996,Asia,Government of Australia,0,0,0,0,0,0,0,0,0,0,0,0,0,0,25.1,0,0
900,Australia,1997,Asia,Government of Australia,0,0,0,0,0,0,0,0,0,0,0,0,0,0,25.1,0,0
900,Australia,1998,Asia,Government of Australia,0,0,0,0,0,0,0,0,0,0,0,0,0,0,25.1,0,0
900,Australia,1999,Asia,Government of Australia,0,0,0,0,0,0,0,0,0,0,0,0,0,0,25.1,0,0
900,Australia,2000,Asia,Government of Australia,0,0,0,0,0,0,0,0,0,0,0,0,0,0,25.1,0,0
900,Australia,2001,Asia,Government of Australia,0,0,0,0,0,0,0,0,0,0,0,0,0,0,25.1,0,0
900,Australia,2002,Asia,Government of Australia,0,0,0,0,0,0,0,0,0,0,0,0,0,0,25.1,0,0
900,Australia,2003,Asia,Government of Australia,0,0,0,0,0,0,0,0,0,0,0,0,0,0,25.1,0,0
900,Australia,2004,Asia,Government of Australia,0,0,0,0,0,0,0,0,0,0,0,0,0,0,25.1,0,0
900,Australia,2005,Asia,Government of Australia,0,0,0,0,0,0,0,0,0,0,0,0,0,0,25.1,0,0
900,Australia,2006,Asia,Government of Australia,0,0,0,0,0,0,0,0,0,0,0,0,0,0,25.1,0,0
900,Australia,2007,Asia,Government of Australia,0,0,0,0,0,0,0,0,0,0,0,0,0,0,25.1,0,0
900,Australia,2008,Asia,Government of Australia,0,0,0,0,0,0,0,0,0,0,0,0,0,0,25.1,0,0
900,Australia,2009,Asia,Government of Australia,0,0,0,0,0,0,0,0,0,0,0,0,0,0,25.1,0,0
900,Australia,2010,Asia,Government of Australia,0,0,0,0,0,0,0,0,0,0,0,0,0,0,25.1,0,0
900,Australia,2011,Asia,Government of Australia,0,0,0,0,0,0,0,0,0,0,0,0,0,0,25.1,0,0
900,Australia,2012,Asia,Government of Australia,0,0,0,0,0,0,0,0,0,0,0,0,0,0,25.1,0,0
900,Australia,2013,Asia,Government of Australia,0,0,0,0,0,0,0,0,0,0,0,0,0,0,25.1,0,0
900,Australia,2014,Asia,Government of Australia,0,0,0,0,0,0,0,0,0,0,0,0,0,0,25.1,0,0
900,Australia,2015,Asia,Government of Australia,0,0,0,0,0,0,0,0,0,0,0,0,0,0,25.1,0,0
900,Australia,2016,Asia,Government of Australia,0,0,0,0,0,0,0,0,0,0,0,0,0,0,25.1,0,0
900,Australia,2017,Asia,Government of Australia,0,0,0,0,0,0,0,0,0,0,0,0,0,0,25.1,0,1
900,Australia,2018,Asia,Government of Australia,1,1,1,1,1,0,0,0,0,0,1,1,1,2,25.1,1,0
900,Australia,2019,Asia,Government of Australia,0,0,0,0,0,0,0,0,0,0,0,0,0,0,25.1,0,0
900,Australia,2020,Asia,Government of Australia,0,0,0,0,0,0,0,0,0,0,0,0,0,0,25.1,0,0
900,Australia,2021,Asia,Government of Australia,0,0,0,0,0,0,0,0,0,0,0,0,0,0,25.1,0,0
900,Australia,2022,Asia,Government of Australia,0,0,0,0,0,0,0,0,0,0,0,0,0,0,25.1,0,0
900,Australia,2023,Asia,Government of Australia,0,0,0,0,0,0,0,0,0,0,0,0,0,0,25.1,0,0
910,Papua New Guinea,1989,Asia,Government of Papua New Guinea,1,1,12,1,12,0,0,0,0,0,1,1,2,14,25.1,1,1
910,Papua New Guinea,1990,Asia,Government of Papua New Guinea,1,1,55,1,55,0,0,0,0,0,1,1,6,61,25.1,1,1
910,Papua New Guinea,1991,Asia,Government of Papua New Guinea,1,1,18,1,18,0,0,0,0,0,1,1,11,29,25.1,1,1
910,Papua New Guinea,1992,Asia,Government of Papua New Guinea,1,2,34,1,34,0,0,0,0,0,1,1,27,61,25.1,1,1
910,Papua New Guinea,1993,Asia,Government of Papua New Guinea,1,1,34,1,34,0,0,0,0,0,1,2,6,40,25.1,1,1
910,Papua New Guinea,1994,Asia,Government of Papua New Guinea,1,1,26,1,26,0,0,0,0,0,0,0,0,26,25.1,1,1
910,Papua New Guinea,1995,Asia,Government of Papua New Guinea,1,1,29,1,29,0,0,0,0,0,1,1,4,33,25.1,1,1
910,Papua New Guinea,1996,Asia,Government of Papua New Guinea,1,1,78,1,78,0,0,0,0,0,1,1,28,106,25.1,1,1
910,Papua New Guinea,1997,Asia,Government of Papua New Guinea,1,1,12,1,12,0,0,0,0,0,0,0,0,12,25.1,1,1
910,Papua New Guinea,1998,Asia,Government of Papua New Guinea,0,0,0,0,0,0,0,1,1,40,0,0,0,40,25.1,1,1
910,Papua New Guinea,1999,Asia,Government of Papua New Guinea,0,0,0,0,0,0,0,1,1,60,0,0,0,60,25.1,1,1
910,Papua New Guinea,2000,Asia,Government of Papua New Guinea,0,0,0,0,0,0,0,1,2,13,0,0,0,13,25.1,1,1
910,Papua New Guinea,2001,Asia,Government of Papua New Guinea,0,0,0,0,0,0,0,1,2,61,1,1,4,65,25.1,1,1
910,Papua New Guinea,2002,Asia,Government of Papua New Guinea,0,0,0,0,0,0,0,1,1,7,0,0,0,7,25.1,1,0
910,Papua New Guinea,2003,Asia,Government of Papua New Guinea,0,0,0,0,0,0,0,0,0,0,0,0,0,0,25.1,0,0
910,Papua New Guinea,2004,Asia,Government of Papua New Guinea,0,0,0,0,0,0,0,0,0,0,0,0,0,0,25.1,0,0
910,Papua New Guinea,2005,Asia,Government of Papua New Guinea,0,0,0,0,0,0,0,0,0,0,0,0,0,0,25.1,0,0
910,Papua New Guinea,2006,Asia,Government of Papua New Guinea,0,0,0,0,0,0,0,0,0,0,0,0,0,0,25.1,0,0
910,Papua New Guinea,2007,Asia,Government of Papua New Guinea,0,0,0,0,0,0,0,0,0,0,0,0,0,0,25.1,0,0
910,Papua New Guinea,2008,Asia,Government of Papua New Guinea,0,0,0,0,0,0,0,0,0,0,0,0,0,0,25.1,0,0
910,Papua New Guinea,2009,Asia,Government of Papua New Guinea,0,0,0,0,0,0,0,0,0,0,0,0,0,0,25.1,0,0
910,Papua New Guinea,2010,Asia,Government of Papua New Guinea,0,0,0,0,0,0,0,0,0,0,0,0,0,0,25.1,0,0
910,Papua New Guinea,2011,Asia,Government of Papua New Guinea,0,0,0,0,0,0,0,0,0,0,0,0,0,0,25.1,0,1
910,Papua New Guinea,2012,Asia,Government of Papua New Guinea,0,0,0,0,0,0,0,1,1,57,0,0,0,57,25.1,1,0
910,Papua New Guinea,2013,Asia,Government of Papua New Guinea,0,0,0,0,0,0,0,0,0,0,0,0,0,0,25.1,0,0
910,Papua New Guinea,2014,Asia,Government of Papua New Guinea,0,0,0,0,0,0,0,0,0,0,0,0,0,0,25.1,0,0
910,Papua New Guinea,2015,Asia,Government of Papua New Guinea,0,0,0,0,0,0,0,0,0,0,0,0,0,0,25.1,0,0
910,Papua New Guinea,2016,Asia,Government of Papua New Guinea,0,0,0,0,0,0,0,0,0,0,0,0,0,0,25.1,0,0
910,Papua New Guinea,2017,Asia,Government of Papua New Guinea,0,0,0,0,0,0,0,0,0,0,0,0,0,0,25.1,0,0
910,Papua New Guinea,2018,Asia,Government of Papua New Guinea,0,0,0,0,0,0,0,0,0,0,0,0,0,0,25.1,0,1
910,Papua New Guinea,2019,Asia,Government of Papua New Guinea,0,0,0,0,0,0,0,1,1,30,0,0,0,30,25.1,1,0
910,Papua New Guinea,2020,Asia,Government of Papua New Guinea,0,0,0,0,0,0,0,0,0,0,0,0,0,0,25.1,0,1
910,Papua New Guinea,2021,Asia,Government of Papua New Guinea,0,0,0,0,0,0,0,1,1,38,0,0,0,38,25.1,1,1
910,Papua New Guinea,2022,Asia,Government of Papua New Guinea,0,0,0,0,0,0,0,1,2,104,1,1,5,109,25.1,1,1
910,Papua New Guinea,2023,Asia,Government of Papua New Guinea,0,0,0,0,0,0,0,0,0,0,1,1,1,1,25.1,1,1
920,New Zealand,1989,Asia,Government of New Zealand,0,0,0,0,0,0,0,0,0,0,0,0,0,0,25.1,0,0
920,New Zealand,1990,Asia,Government of New Zealand,0,0,0,0,0,0,0,0,0,0,0,0,0,0,25.1,0,0
920,New Zealand,1991,Asia,Government of New Zealand,0,0,0,0,0,0,0,0,0,0,0,0,0,0,25.1,0,0
920,New Zealand,1992,Asia,Government of New Zealand,0,0,0,0,0,0,0,0,0,0,0,0,0,0,25.1,0,0
920,New Zealand,1993,Asia,Government of New Zealand,0,0,0,0,0,0,0,0,0,0,0,0,0,0,25.1,0,0
920,New Zealand,1994,Asia,Government of New Zealand,0,0,0,0,0,0,0,0,0,0,0,0,0,0,25.1,0,0
920,New Zealand,1995,Asia,Government of New Zealand,0,0,0,0,0,0,0,0,0,0,0,0,0,0,25.1,0,0
920,New Zealand,1996,Asia,Government of New Zealand,0,0,0,0,0,0,0,0,0,0,0,0,0,0,25.1,0,0
920,New Zealand,1997,Asia,Government of New Zealand,0,0,0,0,0,0,0,0,0,0,0,0,0,0,25.1,0,0
920,New Zealand,1998,Asia,Government of New Zealand,0,0,0,0,0,0,0,0,0,0,0,0,0,0,25.1,0,0
920,New Zealand,1999,Asia,Government of New Zealand,0,0,0,0,0,0,0,0,0,0,0,0,0,0,25.1,0,0
920,New Zealand,2000,Asia,Government of New Zealand,0,0,0,0,0,0,0,0,0,0,0,0,0,0,25.1,0,0
920,New Zealand,2001,Asia,Government of New Zealand,0,0,0,0,0,0,0,0,0,0,0,0,0,0,25.1,0,0
920,New Zealand,2002,Asia,Government of New Zealand,0,0,0,0,0,0,0,0,0,0,0,0,0,0,25.1,0,0
920,New Zealand,2003,Asia,Government of New Zealand,0,0,0,0,0,0,0,0,0,0,0,0,0,0,25.1,0,0
920,New Zealand,2004,Asia,Government of New Zealand,0,0,0,0,0,0,0,0,0,0,0,0,0,0,25.1,0,0
920,New Zealand,2005,Asia,Government of New Zealand,0,0,0,0,0,0,0,0,0,0,0,0,0,0,25.1,0,0
920,New Zealand,2006,Asia,Government of New Zealand,0,0,0,0,0,0,0,0,0,0,0,0,0,0,25.1,0,0
920,New Zealand,2007,Asia,Government of New Zealand,0,0,0,0,0,0,0,0,0,0,0,0,0,0,25.1,0,0
920,New Zealand,2008,Asia,Government of New Zealand,0,0,0,0,0,0,0,0,0,0,0,0,0,0,25.1,0,0
920,New Zealand,2009,Asia,Government of New Zealand,0,0,0,0,0,0,0,0,0,0,0,0,0,0,25.1,0,0
920,New Zealand,2010,Asia,Government of New Zealand,0,0,0,0,0,0,0,0,0,0,0,0,0,0,25.1,0,0
920,New Zealand,2011,Asia,Government of New Zealand,0,0,0,0,0,0,0,0,0,0,0,0,0,0,25.1,0,0
920,New Zealand,2012,Asia,Government of New Zealand,0,0,0,0,0,0,0,0,0,0,0,0,0,0,25.1,0,0
920,New Zealand,2013,Asia,Government of New Zealand,0,0,0,0,0,0,0,0,0,0,0,0,0,0,25.1,0,0
920,New Zealand,2014,Asia,Government of New Zealand,0,0,0,0,0,0,0,0,0,0,0,0,0,0,25.1,0,0
920,New Zealand,2015,Asia,Government of New Zealand,0,0,0,0,0,0,0,0,0,0,0,0,0,0,25.1,0,0
920,New Zealand,2016,Asia,Government of New Zealand,0,0,0,0,0,0,0,0,0,0,0,0,0,0,25.1,0,0
920,New Zealand,2017,Asia,Government of New Zealand,0,0,0,0,0,0,0,0,0,0,0,0,0,0,25.1,0,0
920,New Zealand,2018,Asia,Government of New Zealand,0,0,0,0,0,0,0,0,0,0,0,0,0,0,25.1,0,0
920,New Zealand,2019,Asia,Government of New Zealand,0,0,0,0,0,0,0,0,0,0,0,0,0,0,25.1,0,0
920,New Zealand,2020,Asia,Government of New Zealand,0,0,0,0,0,0,0,0,0,0,0,0,0,0,25.1,0,0
920,New Zealand,2021,Asia,Government of New Zealand,0,0,0,0,0,0,0,0,0,0,0,0,0,0,25.1,0,0
920,New Zealand,2022,Asia,Government of New Zealand,0,0,0,0,0,0,0,0,0,0,0,0,0,0,25.1,0,0
920,New Zealand,2023,Asia,Government of New Zealand,0,0,0,0,0,0,0,0,0,0,0,0,0,0,25.1,0,0
935,Vanuatu,1989,Asia,Government of Vanuatu,0,0,0,0,0,0,0,0,0,0,0,0,0,0,25.1,0,0
935,Vanuatu,1990,Asia,Government of Vanuatu,0,0,0,0,0,0,0,0,0,0,0,0,0,0,25.1,0,0
935,Vanuatu,1991,Asia,Government of Vanuatu,0,0,0,0,0,0,0,0,0,0,0,0,0,0,25.1,0,0
935,Vanuatu,1992,Asia,Government of Vanuatu,0,0,0,0,0,0,0,0,0,0,0,0,0,0,25.1,0,0
935,Vanuatu,1993,Asia,Government of Vanuatu,0,0,0,0,0,0,0,0,0,0,0,0,0,0,25.1,0,0
935,Vanuatu,1994,Asia,Government of Vanuatu,0,0,0,0,0,0,0,0,0,0,0,0,0,0,25.1,0,0
935,Vanuatu,1995,Asia,Government of Vanuatu,0,0,0,0,0,0,0,0,0,0,0,0,0,0,25.1,0,0
935,Vanuatu,1996,Asia,Government of Vanuatu,0,0,0,0,0,0,0,0,0,0,0,0,0,0,25.1,0,0
935,Vanuatu,1997,Asia,Government of Vanuatu,0,0,0,0,0,0,0,0,0,0,0,0,0,0,25.1,0,0
935,Vanuatu,1998,Asia,Government of Vanuatu,0,0,0,0,0,0,0,0,0,0,0,0,0,0,25.1,0,0
935,Vanuatu,1999,Asia,Government of Vanuatu,0,0,0,0,0,0,0,0,0,0,0,0,0,0,25.1,0,0
935,Vanuatu,2000,Asia,Government of Vanuatu,0,0,0,0,0,0,0,0,0,0,0,0,0,0,25.1,0,0
935,Vanuatu,2001,Asia,Government of Vanuatu,0,0,0,0,0,0,0,0,0,0,0,0,0,0,25.1,0,0
935,Vanuatu,2002,Asia,Government of Vanuatu,0,0,0,0,0,0,0,0,0,0,0,0,0,0,25.1,0,0
935,Vanuatu,2003,Asia,Government of Vanuatu,0,0,0,0,0,0,0,0,0,0,0,0,0,0,25.1,0,0
935,Vanuatu,2004,Asia,Government of Vanuatu,0,0,0,0,0,0,0,0,0,0,0,0,0,0,25.1,0,0
935,Vanuatu,2005,Asia,Government of Vanuatu,0,0,0,0,0,0,0,0,0,0,0,0,0,0,25.1,0,0
935,Vanuatu,2006,Asia,Government of Vanuatu,0,0,0,0,0,0,0,0,0,0,0,0,0,0,25.1,0,0
935,Vanuatu,2007,Asia,Government of Vanuatu,0,0,0,0,0,0,0,0,0,0,0,0,0,0,25.1,0,0
935,Vanuatu,2008,Asia,Government of Vanuatu,0,0,0,0,0,0,0,0,0,0,0,0,0,0,25.1,0,0
935,Vanuatu,2009,Asia,Government of Vanuatu,0,0,0,0,0,0,0,0,0,0,0,0,0,0,25.1,0,0
935,Vanuatu,2010,Asia,Government of Vanuatu,0,0,0,0,0,0,0,0,0,0,0,0,0,0,25.1,0,0
935,Vanuatu,2011,Asia,Government of Vanuatu,0,0,0,0,0,0,0,0,0,0,0,0,0,0,25.1,0,0
935,Vanuatu,2012,Asia,Government of Vanuatu,0,0,0,0,0,0,0,0,0,0,0,0,0,0,25.1,0,0
935,Vanuatu,2013,Asia,Government of Vanuatu,0,0,0,0,0,0,0,0,0,0,0,0,0,0,25.1,0,0
935,Vanuatu,2014,Asia,Government of Vanuatu,0,0,0,0,0,0,0,0,0,0,0,0,0,0,25.1,0,0
935,Vanuatu,2015,Asia,Government of Vanuatu,0,0,0,0,0,0,0,0,0,0,0,0,0,0,25.1,0,0
935,Vanuatu,2016,Asia,Government of Vanuatu,0,0,0,0,0,0,0,0,0,0,0,0,0,0,25.1,0,0
935,Vanuatu,2017,Asia,Government of Vanuatu,0,0,0,0,0,0,0,0,0,0,0,0,0,0,25.1,0,0
935,Vanuatu,2018,Asia,Government of Vanuatu,0,0,0,0,0,0,0,0,0,0,0,0,0,0,25.1,0,0
935,Vanuatu,2019,Asia,Government of Vanuatu,0,0,0,0,0,0,0,0,0,0,0,0,0,0,25.1,0,0
935,Vanuatu,2020,Asia,Government of Vanuatu,0,0,0,0,0,0,0,0,0,0,0,0,0,0,25.1,0,0
935,Vanuatu,2021,Asia,Government of Vanuatu,0,0,0,0,0,0,0,0,0,0,0,0,0,0,25.1,0,0
935,Vanuatu,2022,Asia,Government of Vanuatu,0,0,0,0,0,0,0,0,0,0,0,0,0,0,25.1,0,0
935,Vanuatu,2023,Asia,Government of Vanuatu,0,0,0,0,0,0,0,0,0,0,0,0,0,0,25.1,0,0
940,Solomon Islands,1989,Asia,Government of Solomon Islands,0,0,0,0,0,0,0,0,0,0,0,0,0,0,25.1,0,0
940,Solomon Islands,1990,Asia,Government of Solomon Islands,0,0,0,0,0,0,0,0,0,0,0,0,0,0,25.1,0,0
940,Solomon Islands,1991,Asia,Government of Solomon Islands,0,0,0,0,0,0,0,0,0,0,0,0,0,0,25.1,0,1
940,Solomon Islands,1992,Asia,Government of Solomon Islands,1,1,2,1,2,0,0,0,0,0,0,0,0,2,25.1,1,0
940,Solomon Islands,1993,Asia,Government of Solomon Islands,0,0,0,0,0,0,0,0,0,0,0,0,0,0,25.1,0,0
940,Solomon Islands,1994,Asia,Government of Solomon Islands,0,0,0,0,0,0,0,0,0,0,0,0,0,0,25.1,0,0
940,Solomon Islands,1995,Asia,Government of Solomon Islands,0,0,0,0,0,0,0,0,0,0,0,0,0,0,25.1,0,0
940,Solomon Islands,1996,Asia,Government of Solomon Islands,0,0,0,0,0,0,0,0,0,0,0,0,0,0,25.1,0,0
940,Solomon Islands,1997,Asia,Government of Solomon Islands,0,0,0,0,0,0,0,0,0,0,0,0,0,0,25.1,0,0
940,Solomon Islands,1998,Asia,Government of Solomon Islands,0,0,0,0,0,0,0,0,0,0,0,0,0,0,25.1,0,0
940,Solomon Islands,1999,Asia,Government of Solomon Islands,0,0,0,0,0,0,0,0,0,0,0,0,0,0,25.1,0,0
940,Solomon Islands,2000,Asia,Government of Solomon Islands,0,0,0,0,0,0,0,0,0,0,0,0,0,0,25.1,0,0
940,Solomon Islands,2001,Asia,Government of Solomon Islands,0,0,0,0,0,0,0,0,0,0,0,0,0,0,25.1,0,0
940,Solomon Islands,2002,Asia,Government of Solomon Islands,0,0,0,0,0,0,0,0,0,0,0,0,0,0,25.1,0,0
940,Solomon Islands,2003,Asia,Government of Solomon Islands,0,0,0,0,0,0,0,0,0,0,0,0,0,0,25.1,0,0
940,Solomon Islands,2004,Asia,Government of Solomon Islands,0,0,0,0,0,0,0,0,0,0,0,0,0,0,25.1,0,0
940,Solomon Islands,2005,Asia,Government of Solomon Islands,0,0,0,0,0,0,0,0,0,0,0,0,0,0,25.1,0,0
940,Solomon Islands,2006,Asia,Government of Solomon Islands,0,0,0,0,0,0,0,0,0,0,0,0,0,0,25.1,0,0
940,Solomon Islands,2007,Asia,Government of Solomon Islands,0,0,0,0,0,0,0,0,0,0,0,0,0,0,25.1,0,0
940,Solomon Islands,2008,Asia,Government of Solomon Islands,0,0,0,0,0,0,0,0,0,0,0,0,0,0,25.1,0,0
940,Solomon Islands,2009,Asia,Government of Solomon Islands,0,0,0,0,0,0,0,0,0,0,0,0,0,0,25.1,0,0
940,Solomon Islands,2010,Asia,Government of Solomon Islands,0,0,0,0,0,0,0,0,0,0,0,0,0,0,25.1,0,0
940,Solomon Islands,2011,Asia,Government of Solomon Islands,0,0,0,0,0,0,0,0,0,0,0,0,0,0,25.1,0,0
940,Solomon Islands,2012,Asia,Government of Solomon Islands,0,0,0,0,0,0,0,0,0,0,0,0,0,0,25.1,0,0
940,Solomon Islands,2013,Asia,Government of Solomon Islands,0,0,0,0,0,0,0,0,0,0,0,0,0,0,25.1,0,0
940,Solomon Islands,2014,Asia,Government of Solomon Islands,0,0,0,0,0,0,0,0,0,0,0,0,0,0,25.1,0,0
940,Solomon Islands,2015,Asia,Government of Solomon Islands,0,0,0,0,0,0,0,0,0,0,0,0,0,0,25.1,0,0
940,Solomon Islands,2016,Asia,Government of Solomon Islands,0,0,0,0,0,0,0,0,0,0,0,0,0,0,25.1,0,0
940,Solomon Islands,2017,Asia,Government of Solomon Islands,0,0,0,0,0,0,0,0,0,0,0,0,0,0,25.1,0,0
940,Solomon Islands,2018,Asia,Government of Solomon Islands,0,0,0,0,0,0,0,0,0,0,0,0,0,0,25.1,0,0
940,Solomon Islands,2019,Asia,Government of Solomon Islands,0,0,0,0,0,0,0,0,0,0,0,0,0,0,25.1,0,0
940,Solomon Islands,2020,Asia,Government of Solomon Islands,0,0,0,0,0,0,0,0,0,0,0,0,0,0,25.1,0,0
940,Solomon Islands,2021,Asia,Government of Solomon Islands,0,0,0,0,0,0,0,0,0,0,0,0,0,0,25.1,0,0
940,Solomon Islands,2022,Asia,Government of Solomon Islands,0,0,0,0,0,0,0,0,0,0,0,0,0,0,25.1,0,0
940,Solomon Islands,2023,Asia,Government of Solomon Islands,0,0,0,0,0,0,0,0,0,0,0,0,0,0,25.1,0,0
950,Fiji,1989,Asia,Government of Fiji,0,0,0,0,0,0,0,0,0,0,0,0,0,0,25.1,0,0
950,Fiji,1990,Asia,Government of Fiji,0,0,0,0,0,0,0,0,0,0,0,0,0,0,25.1,0,0
950,Fiji,1991,Asia,Government of Fiji,0,0,0,0,0,0,0,0,0,0,0,0,0,0,25.1,0,0
950,Fiji,1992,Asia,Government of Fiji,0,0,0,0,0,0,0,0,0,0,0,0,0,0,25.1,0,0
950,Fiji,1993,Asia,Government of Fiji,0,0,0,0,0,0,0,0,0,0,0,0,0,0,25.1,0,0
950,Fiji,1994,Asia,Government of Fiji,0,0,0,0,0,0,0,0,0,0,0,0,0,0,25.1,0,0
950,Fiji,1995,Asia,Government of Fiji,0,0,0,0,0,0,0,0,0,0,0,0,0,0,25.1,0,0
950,Fiji,1996,Asia,Government of Fiji,0,0,0,0,0,0,0,0,0,0,0,0,0,0,25.1,0,0
950,Fiji,1997,Asia,Government of Fiji,0,0,0,0,0,0,0,0,0,0,0,0,0,0,25.1,0,0
950,Fiji,1998,Asia,Government of Fiji,0,0,0,0,0,0,0,0,0,0,0,0,0,0,25.1,0,0
950,Fiji,1999,Asia,Government of Fiji,0,0,0,0,0,0,0,0,0,0,0,0,0,0,25.1,0,0
950,Fiji,2000,Asia,Government of Fiji,0,0,0,0,0,0,0,0,0,0,0,0,0,0,25.1,0,0
950,Fiji,2001,Asia,Government of Fiji,0,0,0,0,0,0,0,0,0,0,0,0,0,0,25.1,0,0
950,Fiji,2002,Asia,Government of Fiji,0,0,0,0,0,0,0,0,0,0,0,0,0,0,25.1,0,0
950,Fiji,2003,Asia,Government of Fiji,0,0,0,0,0,0,0,0,0,0,0,0,0,0,25.1,0,0
950,Fiji,2004,Asia,Government of Fiji,0,0,0,0,0,0,0,0,0,0,0,0,0,0,25.1,0,0
950,Fiji,2005,Asia,Government of Fiji,0,0,0,0,0,0,0,0,0,0,0,0,0,0,25.1,0,0
950,Fiji,2006,Asia,Government of Fiji,0,0,0,0,0,0,0,0,0,0,0,0,0,0,25.1,0,0
950,Fiji,2007,Asia,Government of Fiji,0,0,0,0,0,0,0,0,0,0,0,0,0,0,25.1,0,0
950,Fiji,2008,Asia,Government of Fiji,0,0,0,0,0,0,0,0,0,0,0,0,0,0,25.1,0,0
950,Fiji,2009,Asia,Government of Fiji,0,0,0,0,0,0,0,0,0,0,0,0,0,0,25.1,0,0
950,Fiji,2010,Asia,Government of Fiji,0,0,0,0,0,0,0,0,0,0,0,0,0,0,25.1,0,0
950,Fiji,2011,Asia,Government of Fiji,0,0,0,0,0,0,0,0,0,0,0,0,0,0,25.1,0,0
950,Fiji,2012,Asia,Government of Fiji,0,0,0,0,0,0,0,0,0,0,0,0,0,0,25.1,0,0
950,Fiji,2013,Asia,Government of Fiji,0,0,0,0,0,0,0,0,0,0,0,0,0,0,25.1,0,0
950,Fiji,2014,Asia,Government of Fiji,0,0,0,0,0,0,0,0,0,0,0,0,0,0,25.1,0,0
950,Fiji,2015,Asia,Government of Fiji,0,0,0,0,0,0,0,0,0,0,0,0,0,0,25.1,0,0
950,Fiji,2016,Asia,Government of Fiji,0,0,0,0,0,0,0,0,0,0,0,0,0,0,25.1,0,0
950,Fiji,2017,Asia,Government of Fiji,0,0,0,0,0,0,0,0,0,0,0,0,0,0,25.1,0,0
950,Fiji,2018,Asia,Government of Fiji,0,0,0,0,0,0,0,0,0,0,0,0,0,0,25.1,0,0
950,Fiji,2019,Asia,Government of Fiji,0,0,0,0,0,0,0,0,0,0,0,0,0,0,25.1,0,0
950,Fiji,2020,Asia,Government of Fiji,0,0,0,0,0,0,0,0,0,0,0,0,0,0,25.1,0,0
950,Fiji,2021,Asia,Government of Fiji,0,0,0,0,0,0,0,0,0,0,0,0,0,0,25.1,0,0
950,Fiji,2022,Asia,Government of Fiji,0,0,0,0,0,0,0,0,0,0,0,0,0,0,25.1,0,0
950,Fiji,2023,Asia,Government of Fiji,0,0,0,0,0,0,0,0,0,0,0,0,0,0,25.1,0,0
970,Kiribati,1989,Asia,Government of Kiribati,0,0,0,0,0,0,0,0,0,0,0,0,0,0,25.1,0,0
970,Kiribati,1990,Asia,Government of Kiribati,0,0,0,0,0,0,0,0,0,0,0,0,0,0,25.1,0,0
970,Kiribati,1991,Asia,Government of Kiribati,0,0,0,0,0,0,0,0,0,0,0,0,0,0,25.1,0,0
970,Kiribati,1992,Asia,Government of Kiribati,0,0,0,0,0,0,0,0,0,0,0,0,0,0,25.1,0,0
970,Kiribati,1993,Asia,Government of Kiribati,0,0,0,0,0,0,0,0,0,0,0,0,0,0,25.1,0,0
970,Kiribati,1994,Asia,Government of Kiribati,0,0,0,0,0,0,0,0,0,0,0,0,0,0,25.1,0,0
970,Kiribati,1995,Asia,Government of Kiribati,0,0,0,0,0,0,0,0,0,0,0,0,0,0,25.1,0,0
970,Kiribati,1996,Asia,Government of Kiribati,0,0,0,0,0,0,0,0,0,0,0,0,0,0,25.1,0,0
970,Kiribati,1997,Asia,Government of Kiribati,0,0,0,0,0,0,0,0,0,0,0,0,0,0,25.1,0,0
970,Kiribati,1998,Asia,Government of Kiribati,0,0,0,0,0,0,0,0,0,0,0,0,0,0,25.1,0,0
970,Kiribati,1999,Asia,Government of Kiribati,0,0,0,0,0,0,0,0,0,0,0,0,0,0,25.1,0,0
970,Kiribati,2000,Asia,Government of Kiribati,0,0,0,0,0,0,0,0,0,0,0,0,0,0,25.1,0,0
970,Kiribati,2001,Asia,Government of Kiribati,0,0,0,0,0,0,0,0,0,0,0,0,0,0,25.1,0,0
970,Kiribati,2002,Asia,Government of Kiribati,0,0,0,0,0,0,0,0,0,0,0,0,0,0,25.1,0,0
970,Kiribati,2003,Asia,Government of Kiribati,0,0,0,0,0,0,0,0,0,0,0,0,0,0,25.1,0,0
970,Kiribati,2004,Asia,Government of Kiribati,0,0,0,0,0,0,0,0,0,0,0,0,0,0,25.1,0,0
970,Kiribati,2005,Asia,Government of Kiribati,0,0,0,0,0,0,0,0,0,0,0,0,0,0,25.1,0,0
970,Kiribati,2006,Asia,Government of Kiribati,0,0,0,0,0,0,0,0,0,0,0,0,0,0,25.1,0,0
970,Kiribati,2007,Asia,Government of Kiribati,0,0,0,0,0,0,0,0,0,0,0,0,0,0,25.1,0,0
970,Kiribati,2008,Asia,Government of Kiribati,0,0,0,0,0,0,0,0,0,0,0,0,0,0,25.1,0,0
970,Kiribati,2009,Asia,Government of Kiribati,0,0,0,0,0,0,0,0,0,0,0,0,0,0,25.1,0,0
970,Kiribati,2010,Asia,Government of Kiribati,0,0,0,0,0,0,0,0,0,0,0,0,0,0,25.1,0,0
970,Kiribati,2011,Asia,Government of Kiribati,0,0,0,0,0,0,0,0,0,0,0,0,0,0,25.1,0,0
970,Kiribati,2012,Asia,Government of Kiribati,0,0,0,0,0,0,0,0,0,0,0,0,0,0,25.1,0,0
970,Kiribati,2013,Asia,Government of Kiribati,0,0,0,0,0,0,0,0,0,0,0,0,0,0,25.1,0,0
970,Kiribati,2014,Asia,Government of Kiribati,0,0,0,0,0,0,0,0,0,0,0,0,0,0,25.1,0,0
970,Kiribati,2015,Asia,Government of Kiribati,0,0,0,0,0,0,0,0,0,0,0,0,0,0,25.1,0,0
970,Kiribati,2016,Asia,Government of Kiribati,0,0,0,0,0,0,0,0,0,0,0,0,0,0,25.1,0,0
970,Kiribati,2017,Asia,Government of Kiribati,0,0,0,0,0,0,0,0,0,0,0,0,0,0,25.1,0,0
970,Kiribati,2018,Asia,Government of Kiribati,0,0,0,0,0,0,0,0,0,0,0,0,0,0,25.1,0,0
970,Kiribati,2019,Asia,Government of Kiribati,0,0,0,0,0,0,0,0,0,0,0,0,0,0,25.1,0,0
970,Kiribati,2020,Asia,Government of Kiribati,0,0,0,0,0,0,0,0,0,0,0,0,0,0,25.1,0,0
970,Kiribati,2021,Asia,Government of Kiribati,0,0,0,0,0,0,0,0,0,0,0,0,0,0,25.1,0,0
970,Kiribati,2022,Asia,Government of Kiribati,0,0,0,0,0,0,0,0,0,0,0,0,0,0,25.1,0,0
970,Kiribati,2023,Asia,Government of Kiribati,0,0,0,0,0,0,0,0,0,0,0,0,0,0,25.1,0,0
971,Nauru,1989,Asia,Government of Nauru,0,0,0,0,0,0,0,0,0,0,0,0,0,0,25.1,0,0
971,Nauru,1990,Asia,Government of Nauru,0,0,0,0,0,0,0,0,0,0,0,0,0,0,25.1,0,0
971,Nauru,1991,Asia,Government of Nauru,0,0,0,0,0,0,0,0,0,0,0,0,0,0,25.1,0,0
971,Nauru,1992,Asia,Government of Nauru,0,0,0,0,0,0,0,0,0,0,0,0,0,0,25.1,0,0
971,Nauru,1993,Asia,Government of Nauru,0,0,0,0,0,0,0,0,0,0,0,0,0,0,25.1,0,0
971,Nauru,1994,Asia,Government of Nauru,0,0,0,0,0,0,0,0,0,0,0,0,0,0,25.1,0,0
971,Nauru,1995,Asia,Government of Nauru,0,0,0,0,0,0,0,0,0,0,0,0,0,0,25.1,0,0
971,Nauru,1996,Asia,Government of Nauru,0,0,0,0,0,0,0,0,0,0,0,0,0,0,25.1,0,0
971,Nauru,1997,Asia,Government of Nauru,0,0,0,0,0,0,0,0,0,0,0,0,0,0,25.1,0,0
971,Nauru,1998,Asia,Government of Nauru,0,0,0,0,0,0,0,0,0,0,0,0,0,0,25.1,0,0
971,Nauru,1999,Asia,Government of Nauru,0,0,0,0,0,0,0,0,0,0,0,0,0,0,25.1,0,0
971,Nauru,2000,Asia,Government of Nauru,0,0,0,0,0,0,0,0,0,0,0,0,0,0,25.1,0,0
971,Nauru,2001,Asia,Government of Nauru,0,0,0,0,0,0,0,0,0,0,0,0,0,0,25.1,0,0
971,Nauru,2002,Asia,Government of Nauru,0,0,0,0,0,0,0,0,0,0,0,0,0,0,25.1,0,0
971,Nauru,2003,Asia,Government of Nauru,0,0,0,0,0,0,0,0,0,0,0,0,0,0,25.1,0,0
971,Nauru,2004,Asia,Government of Nauru,0,0,0,0,0,0,0,0,0,0,0,0,0,0,25.1,0,0
971,Nauru,2005,Asia,Government of Nauru,0,0,0,0,0,0,0,0,0,0,0,0,0,0,25.1,0,0
971,Nauru,2006,Asia,Government of Nauru,0,0,0,0,0,0,0,0,0,0,0,0,0,0,25.1,0,0
971,Nauru,2007,Asia,Government of Nauru,0,0,0,0,0,0,0,0,0,0,0,0,0,0,25.1,0,0
971,Nauru,2008,Asia,Government of Nauru,0,0,0,0,0,0,0,0,0,0,0,0,0,0,25.1,0,0
971,Nauru,2009,Asia,Government of Nauru,0,0,0,0,0,0,0,0,0,0,0,0,0,0,25.1,0,0
971,Nauru,2010,Asia,Government of Nauru,0,0,0,0,0,0,0,0,0,0,0,0,0,0,25.1,0,0
971,Nauru,2011,Asia,Government of Nauru,0,0,0,0,0,0,0,0,0,0,0,0,0,0,25.1,0,0
971,Nauru,2012,Asia,Government of Nauru,0,0,0,0,0,0,0,0,0,0,0,0,0,0,25.1,0,0
971,Nauru,2013,Asia,Government of Nauru,0,0,0,0,0,0,0,0,0,0,0,0,0,0,25.1,0,0
971,Nauru,2014,Asia,Government of Nauru,0,0,0,0,0,0,0,0,0,0,0,0,0,0,25.1,0,0
971,Nauru,2015,Asia,Government of Nauru,0,0,0,0,0,0,0,0,0,0,0,0,0,0,25.1,0,0
971,Nauru,2016,Asia,Government of Nauru,0,0,0,0,0,0,0,0,0,0,0,0,0,0,25.1,0,0
971,Nauru,2017,Asia,Government of Nauru,0,0,0,0,0,0,0,0,0,0,0,0,0,0,25.1,0,0
971,Nauru,2018,Asia,Government of Nauru,0,0,0,0,0,0,0,0,0,0,0,0,0,0,25.1,0,0
971,Nauru,2019,Asia,Government of Nauru,0,0,0,0,0,0,0,0,0,0,0,0,0,0,25.1,0,0
971,Nauru,2020,Asia,Government of Nauru,0,0,0,0,0,0,0,0,0,0,0,0,0,0,25.1,0,0
971,Nauru,2021,Asia,Government of Nauru,0,0,0,0,0,0,0,0,0,0,0,0,0,0,25.1,0,0
971,Nauru,2022,Asia,Government of Nauru,0,0,0,0,0,0,0,0,0,0,0,0,0,0,25.1,0,0
971,Nauru,2023,Asia,Government of Nauru,0,0,0,0,0,0,0,0,0,0,0,0,0,0,25.1,0,0
972,Tonga,1989,Asia,Government of Tonga,0,0,0,0,0,0,0,0,0,0,0,0,0,0,25.1,0,0
972,Tonga,1990,Asia,Government of Tonga,0,0,0,0,0,0,0,0,0,0,0,0,0,0,25.1,0,0
972,Tonga,1991,Asia,Government of Tonga,0,0,0,0,0,0,0,0,0,0,0,0,0,0,25.1,0,0
972,Tonga,1992,Asia,Government of Tonga,0,0,0,0,0,0,0,0,0,0,0,0,0,0,25.1,0,0
972,Tonga,1993,Asia,Government of Tonga,0,0,0,0,0,0,0,0,0,0,0,0,0,0,25.1,0,0
972,Tonga,1994,Asia,Government of Tonga,0,0,0,0,0,0,0,0,0,0,0,0,0,0,25.1,0,0
972,Tonga,1995,Asia,Government of Tonga,0,0,0,0,0,0,0,0,0,0,0,0,0,0,25.1,0,0
972,Tonga,1996,Asia,Government of Tonga,0,0,0,0,0,0,0,0,0,0,0,0,0,0,25.1,0,0
972,Tonga,1997,Asia,Government of Tonga,0,0,0,0,0,0,0,0,0,0,0,0,0,0,25.1,0,0
972,Tonga,1998,Asia,Government of Tonga,0,0,0,0,0,0,0,0,0,0,0,0,0,0,25.1,0,0
972,Tonga,1999,Asia,Government of Tonga,0,0,0,0,0,0,0,0,0,0,0,0,0,0,25.1,0,0
972,Tonga,2000,Asia,Government of Tonga,0,0,0,0,0,0,0,0,0,0,0,0,0,0,25.1,0,0
972,Tonga,2001,Asia,Government of Tonga,0,0,0,0,0,0,0,0,0,0,0,0,0,0,25.1,0,0
972,Tonga,2002,Asia,Government of Tonga,0,0,0,0,0,0,0,0,0,0,0,0,0,0,25.1,0,0
972,Tonga,2003,Asia,Government of Tonga,0,0,0,0,0,0,0,0,0,0,0,0,0,0,25.1,0,0
972,Tonga,2004,Asia,Government of Tonga,0,0,0,0,0,0,0,0,0,0,0,0,0,0,25.1,0,0
972,Tonga,2005,Asia,Government of Tonga,0,0,0,0,0,0,0,0,0,0,0,0,0,0,25.1,0,0
972,Tonga,2006,Asia,Government of Tonga,0,0,0,0,0,0,0,0,0,0,0,0,0,0,25.1,0,0
972,Tonga,2007,Asia,Government of Tonga,0,0,0,0,0,0,0,0,0,0,0,0,0,0,25.1,0,0
972,Tonga,2008,Asia,Government of Tonga,0,0,0,0,0,0,0,0,0,0,0,0,0,0,25.1,0,0
972,Tonga,2009,Asia,Government of Tonga,0,0,0,0,0,0,0,0,0,0,0,0,0,0,25.1,0,0
972,Tonga,2010,Asia,Government of Tonga,0,0,0,0,0,0,0,0,0,0,0,0,0,0,25.1,0,0
972,Tonga,2011,Asia,Government of Tonga,0,0,0,0,0,0,0,0,0,0,0,0,0,0,25.1,0,0
972,Tonga,2012,Asia,Government of Tonga,0,0,0,0,0,0,0,0,0,0,0,0,0,0,25.1,0,0
972,Tonga,2013,Asia,Government of Tonga,0,0,0,0,0,0,0,0,0,0,0,0,0,0,25.1,0,0
972,Tonga,2014,Asia,Government of Tonga,0,0,0,0,0,0,0,0,0,0,0,0,0,0,25.1,0,0
972,Tonga,2015,Asia,Government of Tonga,0,0,0,0,0,0,0,0,0,0,0,0,0,0,25.1,0,0
972,Tonga,2016,Asia,Government of Tonga,0,0,0,0,0,0,0,0,0,0,0,0,0,0,25.1,0,0
972,Tonga,2017,Asia,Government of Tonga,0,0,0,0,0,0,0,0,0,0,0,0,0,0,25.1,0,0
972,Tonga,2018,Asia,Government of Tonga,0,0,0,0,0,0,0,0,0,0,0,0,0,0,25.1,0,0
972,Tonga,2019,Asia,Government of Tonga,0,0,0,0,0,0,0,0,0,0,0,0,0,0,25.1,0,0
972,Tonga,2020,Asia,Government of Tonga,0,0,0,0,0,0,0,0,0,0,0,0,0,0,25.1,0,0
972,Tonga,2021,Asia,Government of Tonga,0,0,0,0,0,0,0,0,0,0,0,0,0,0,25.1,0,0
972,Tonga,2022,Asia,Government of Tonga,0,0,0,0,0,0,0,0,0,0,0,0,0,0,25.1,0,0
972,Tonga,2023,Asia,Government of Tonga,0,0,0,0,0,0,0,0,0,0,0,0,0,0,25.1,0,0
973,Tuvalu,1989,Asia,Government of Tuvalu,0,0,0,0,0,0,0,0,0,0,0,0,0,0,25.1,0,0
973,Tuvalu,1990,Asia,Government of Tuvalu,0,0,0,0,0,0,0,0,0,0,0,0,0,0,25.1,0,0
973,Tuvalu,1991,Asia,Government of Tuvalu,0,0,0,0,0,0,0,0,0,0,0,0,0,0,25.1,0,0
973,Tuvalu,1992,Asia,Government of Tuvalu,0,0,0,0,0,0,0,0,0,0,0,0,0,0,25.1,0,0
973,Tuvalu,1993,Asia,Government of Tuvalu,0,0,0,0,0,0,0,0,0,0,0,0,0,0,25.1,0,0
973,Tuvalu,1994,Asia,Government of Tuvalu,0,0,0,0,0,0,0,0,0,0,0,0,0,0,25.1,0,0
973,Tuvalu,1995,Asia,Government of Tuvalu,0,0,0,0,0,0,0,0,0,0,0,0,0,0,25.1,0,0
973,Tuvalu,1996,Asia,Government of Tuvalu,0,0,0,0,0,0,0,0,0,0,0,0,0,0,25.1,0,0
973,Tuvalu,1997,Asia,Government of Tuvalu,0,0,0,0,0,0,0,0,0,0,0,0,0,0,25.1,0,0
973,Tuvalu,1998,Asia,Government of Tuvalu,0,0,0,0,0,0,0,0,0,0,0,0,0,0,25.1,0,0
973,Tuvalu,1999,Asia,Government of Tuvalu,0,0,0,0,0,0,0,0,0,0,0,0,0,0,25.1,0,0
973,Tuvalu,2000,Asia,Government of Tuvalu,0,0,0,0,0,0,0,0,0,0,0,0,0,0,25.1,0,0
973,Tuvalu,2001,Asia,Government of Tuvalu,0,0,0,0,0,0,0,0,0,0,0,0,0,0,25.1,0,0
973,Tuvalu,2002,Asia,Government of Tuvalu,0,0,0,0,0,0,0,0,0,0,0,0,0,0,25.1,0,0
973,Tuvalu,2003,Asia,Government of Tuvalu,0,0,0,0,0,0,0,0,0,0,0,0,0,0,25.1,0,0
973,Tuvalu,2004,Asia,Government of Tuvalu,0,0,0,0,0,0,0,0,0,0,0,0,0,0,25.1,0,0
973,Tuvalu,2005,Asia,Government of Tuvalu,0,0,0,0,0,0,0,0,0,0,0,0,0,0,25.1,0,0
973,Tuvalu,2006,Asia,Government of Tuvalu,0,0,0,0,0,0,0,0,0,0,0,0,0,0,25.1,0,0
973,Tuvalu,2007,Asia,Government of Tuvalu,0,0,0,0,0,0,0,0,0,0,0,0,0,0,25.1,0,0
973,Tuvalu,2008,Asia,Government of Tuvalu,0,0,0,0,0,0,0,0,0,0,0,0,0,0,25.1,0,0
973,Tuvalu,2009,Asia,Government of Tuvalu,0,0,0,0,0,0,0,0,0,0,0,0,0,0,25.1,0,0
973,Tuvalu,2010,Asia,Government of Tuvalu,0,0,0,0,0,0,0,0,0,0,0,0,0,0,25.1,0,0
973,Tuvalu,2011,Asia,Government of Tuvalu,0,0,0,0,0,0,0,0,0,0,0,0,0,0,25.1,0,0
973,Tuvalu,2012,Asia,Government of Tuvalu,0,0,0,0,0,0,0,0,0,0,0,0,0,0,25.1,0,0
973,Tuvalu,2013,Asia,Government of Tuvalu,0,0,0,0,0,0,0,0,0,0,0,0,0,0,25.1,0,0
973,Tuvalu,2014,Asia,Government of Tuvalu,0,0,0,0,0,0,0,0,0,0,0,0,0,0,25.1,0,0
973,Tuvalu,2015,Asia,Government of Tuvalu,0,0,0,0,0,0,0,0,0,0,0,0,0,0,25.1,0,0
973,Tuvalu,2016,Asia,Government of Tuvalu,0,0,0,0,0,0,0,0,0,0,0,0,0,0,25.1,0,0
973,Tuvalu,2017,Asia,Government of Tuvalu,0,0,0,0,0,0,0,0,0,0,0,0,0,0,25.1,0,0
973,Tuvalu,2018,Asia,Government of Tuvalu,0,0,0,0,0,0,0,0,0,0,0,0,0,0,25.1,0,0
973,Tuvalu,2019,Asia,Government of Tuvalu,0,0,0,0,0,0,0,0,0,0,0,0,0,0,25.1,0,0
973,Tuvalu,2020,Asia,Government of Tuvalu,0,0,0,0,0,0,0,0,0,0,0,0,0,0,25.1,0,0
973,Tuvalu,2021,Asia,Government of Tuvalu,0,0,0,0,0,0,0,0,0,0,0,0,0,0,25.1,0,0
973,Tuvalu,2022,Asia,Government of Tuvalu,0,0,0,0,0,0,0,0,0,0,0,0,0,0,25.1,0,0
973,Tuvalu,2023,Asia,Government of Tuvalu,0,0,0,0,0,0,0,0,0,0,0,0,0,0,25.1,0,0
983,Marshall Islands,1989,Asia,Government of Marshall Islands,0,0,0,0,0,0,0,0,0,0,0,0,0,0,25.1,0,0
983,Marshall Islands,1990,Asia,Government of Marshall Islands,0,0,0,0,0,0,0,0,0,0,0,0,0,0,25.1,0,0
983,Marshall Islands,1991,Asia,Government of Marshall Islands,0,0,0,0,0,0,0,0,0,0,0,0,0,0,25.1,0,0
983,Marshall Islands,1992,Asia,Government of Marshall Islands,0,0,0,0,0,0,0,0,0,0,0,0,0,0,25.1,0,0
983,Marshall Islands,1993,Asia,Government of Marshall Islands,0,0,0,0,0,0,0,0,0,0,0,0,0,0,25.1,0,0
983,Marshall Islands,1994,Asia,Government of Marshall Islands,0,0,0,0,0,0,0,0,0,0,0,0,0,0,25.1,0,0
983,Marshall Islands,1995,Asia,Government of Marshall Islands,0,0,0,0,0,0,0,0,0,0,0,0,0,0,25.1,0,0
983,Marshall Islands,1996,Asia,Government of Marshall Islands,0,0,0,0,0,0,0,0,0,0,0,0,0,0,25.1,0,0
983,Marshall Islands,1997,Asia,Government of Marshall Islands,0,0,0,0,0,0,0,0,0,0,0,0,0,0,25.1,0,0
983,Marshall Islands,1998,Asia,Government of Marshall Islands,0,0,0,0,0,0,0,0,0,0,0,0,0,0,25.1,0,0
983,Marshall Islands,1999,Asia,Government of Marshall Islands,0,0,0,0,0,0,0,0,0,0,0,0,0,0,25.1,0,0
983,Marshall Islands,2000,Asia,Government of Marshall Islands,0,0,0,0,0,0,0,0,0,0,0,0,0,0,25.1,0,0
983,Marshall Islands,2001,Asia,Government of Marshall Islands,0,0,0,0,0,0,0,0,0,0,0,0,0,0,25.1,0,0
983,Marshall Islands,2002,Asia,Government of Marshall Islands,0,0,0,0,0,0,0,0,0,0,0,0,0,0,25.1,0,0
983,Marshall Islands,2003,Asia,Government of Marshall Islands,0,0,0,0,0,0,0,0,0,0,0,0,0,0,25.1,0,0
983,Marshall Islands,2004,Asia,Government of Marshall Islands,0,0,0,0,0,0,0,0,0,0,0,0,0,0,25.1,0,0
983,Marshall Islands,2005,Asia,Government of Marshall Islands,0,0,0,0,0,0,0,0,0,0,0,0,0,0,25.1,0,0
983,Marshall Islands,2006,Asia,Government of Marshall Islands,0,0,0,0,0,0,0,0,0,0,0,0,0,0,25.1,0,0
983,Marshall Islands,2007,Asia,Government of Marshall Islands,0,0,0,0,0,0,0,0,0,0,0,0,0,0,25.1,0,0
983,Marshall Islands,2008,Asia,Government of Marshall Islands,0,0,0,0,0,0,0,0,0,0,0,0,0,0,25.1,0,0
983,Marshall Islands,2009,Asia,Government of Marshall Islands,0,0,0,0,0,0,0,0,0,0,0,0,0,0,25.1,0,0
983,Marshall Islands,2010,Asia,Government of Marshall Islands,0,0,0,0,0,0,0,0,0,0,0,0,0,0,25.1,0,0
983,Marshall Islands,2011,Asia,Government of Marshall Islands,0,0,0,0,0,0,0,0,0,0,0,0,0,0,25.1,0,0
983,Marshall Islands,2012,Asia,Government of Marshall Islands,0,0,0,0,0,0,0,0,0,0,0,0,0,0,25.1,0,0
983,Marshall Islands,2013,Asia,Government of Marshall Islands,0,0,0,0,0,0,0,0,0,0,0,0,0,0,25.1,0,0
983,Marshall Islands,2014,Asia,Government of Marshall Islands,0,0,0,0,0,0,0,0,0,0,0,0,0,0,25.1,0,0
983,Marshall Islands,2015,Asia,Government of Marshall Islands,0,0,0,0,0,0,0,0,0,0,0,0,0,0,25.1,0,0
983,Marshall Islands,2016,Asia,Government of Marshall Islands,0,0,0,0,0,0,0,0,0,0,0,0,0,0,25.1,0,0
983,Marshall Islands,2017,Asia,Government of Marshall Islands,0,0,0,0,0,0,0,0,0,0,0,0,0,0,25.1,0,0
983,Marshall Islands,2018,Asia,Government of Marshall Islands,0,0,0,0,0,0,0,0,0,0,0,0,0,0,25.1,0,0
983,Marshall Islands,2019,Asia,Government of Marshall Islands,0,0,0,0,0,0,0,0,0,0,0,0,0,0,25.1,0,0
983,Marshall Islands,2020,Asia,Government of Marshall Islands,0,0,0,0,0,0,0,0,0,0,0,0,0,0,25.1,0,0
983,Marshall Islands,2021,Asia,Government of Marshall Islands,0,0,0,0,0,0,0,0,0,0,0,0,0,0,25.1,0,0
983,Marshall Islands,2022,Asia,Government of Marshall Islands,0,0,0,0,0,0,0,0,0,0,0,0,0,0,25.1,0,0
983,Marshall Islands,2023,Asia,Government of Marshall Islands,0,0,0,0,0,0,0,0,0,0,0,0,0,0,25.1,0,0
986,Palau,1994,Asia,Government of Palau,0,0,0,0,0,0,0,0,0,0,0,0,0,0,25.1,0,0
986,Palau,1995,Asia,Government of Palau,0,0,0,0,0,0,0,0,0,0,0,0,0,0,25.1,0,0
986,Palau,1996,Asia,Government of Palau,0,0,0,0,0,0,0,0,0,0,0,0,0,0,25.1,0,0
986,Palau,1997,Asia,Government of Palau,0,0,0,0,0,0,0,0,0,0,0,0,0,0,25.1,0,0
986,Palau,1998,Asia,Government of Palau,0,0,0,0,0,0,0,0,0,0,0,0,0,0,25.1,0,0
986,Palau,1999,Asia,Government of Palau,0,0,0,0,0,0,0,0,0,0,0,0,0,0,25.1,0,0
986,Palau,2000,Asia,Government of Palau,0,0,0,0,0,0,0,0,0,0,0,0,0,0,25.1,0,0
986,Palau,2001,Asia,Government of Palau,0,0,0,0,0,0,0,0,0,0,0,0,0,0,25.1,0,0
986,Palau,2002,Asia,Government of Palau,0,0,0,0,0,0,0,0,0,0,0,0,0,0,25.1,0,0
986,Palau,2003,Asia,Government of Palau,0,0,0,0,0,0,0,0,0,0,0,0,0,0,25.1,0,0
986,Palau,2004,Asia,Government of Palau,0,0,0,0,0,0,0,0,0,0,0,0,0,0,25.1,0,0
986,Palau,2005,Asia,Government of Palau,0,0,0,0,0,0,0,0,0,0,0,0,0,0,25.1,0,0
986,Palau,2006,Asia,Government of Palau,0,0,0,0,0,0,0,0,0,0,0,0,0,0,25.1,0,0
986,Palau,2007,Asia,Government of Palau,0,0,0,0,0,0,0,0,0,0,0,0,0,0,25.1,0,0
986,Palau,2008,Asia,Government of Palau,0,0,0,0,0,0,0,0,0,0,0,0,0,0,25.1,0,0
986,Palau,2009,Asia,Government of Palau,0,0,0,0,0,0,0,0,0,0,0,0,0,0,25.1,0,0
986,Palau,2010,Asia,Government of Palau,0,0,0,0,0,0,0,0,0,0,0,0,0,0,25.1,0,0
986,Palau,2011,Asia,Government of Palau,0,0,0,0,0,0,0,0,0,0,0,0,0,0,25.1,0,0
986,Palau,2012,Asia,Government of Palau,0,0,0,0,0,0,0,0,0,0,0,0,0,0,25.1,0,0
986,Palau,2013,Asia,Government of Palau,0,0,0,0,0,0,0,0,0,0,0,0,0,0,25.1,0,0
986,Palau,2014,Asia,Government of Palau,0,0,0,0,0,0,0,0,0,0,0,0,0,0,25.1,0,0
986,Palau,2015,Asia,Government of Palau,0,0,0,0,0,0,0,0,0,0,0,0,0,0,25.1,0,0
986,Palau,2016,Asia,Government of Palau,0,0,0,0,0,0,0,0,0,0,0,0,0,0,25.1,0,0
986,Palau,2017,Asia,Government of Palau,0,0,0,0,0,0,0,0,0,0,0,0,0,0,25.1,0,0
986,Palau,2018,Asia,Government of Palau,0,0,0,0,0,0,0,0,0,0,0,0,0,0,25.1,0,0
986,Palau,2019,Asia,Government of Palau,0,0,0,0,0,0,0,0,0,0,0,0,0,0,25.1,0,0
986,Palau,2020,Asia,Government of Palau,0,0,0,0,0,0,0,0,0,0,0,0,0,0,25.1,0,0
986,Palau,2021,Asia,Government of Palau,0,0,0,0,0,0,0,0,0,0,0,0,0,0,25.1,0,0
986,Palau,2022,Asia,Government of Palau,0,0,0,0,0,0,0,0,0,0,0,0,0,0,25.1,0,0
986,Palau,2023,Asia,Government of Palau,0,0,0,0,0,0,0,0,0,0,0,0,0,0,25.1,0,0
987,Federated States of Micronesia,1989,Asia,Government of Federated States of Micronesia,0,0,0,0,0,0,0,0,0,0,0,0,0,0,25.1,0,0
987,Federated States of Micronesia,1990,Asia,Government of Federated States of Micronesia,0,0,0,0,0,0,0,0,0,0,0,0,0,0,25.1,0,0
987,Federated States of Micronesia,1991,Asia,Government of Federated States of Micronesia,0,0,0,0,0,0,0,0,0,0,0,0,0,0,25.1,0,0
987,Federated States of Micronesia,1992,Asia,Government of Federated States of Micronesia,0,0,0,0,0,0,0,0,0,0,0,0,0,0,25.1,0,0
987,Federated States of Micronesia,1993,Asia,Government of Federated States of Micronesia,0,0,0,0,0,0,0,0,0,0,0,0,0,0,25.1,0,0
987,Federated States of Micronesia,1994,Asia,Government of Federated States of Micronesia,0,0,0,0,0,0,0,0,0,0,0,0,0,0,25.1,0,0
987,Federated States of Micronesia,1995,Asia,Government of Federated States of Micronesia,0,0,0,0,0,0,0,0,0,0,0,0,0,0,25.1,0,0
987,Federated States of Micronesia,1996,Asia,Government of Federated States of Micronesia,0,0,0,0,0,0,0,0,0,0,0,0,0,0,25.1,0,0
987,Federated States of Micronesia,1997,Asia,Government of Federated States of Micronesia,0,0,0,0,0,0,0,0,0,0,0,0,0,0,25.1,0,0
987,Federated States of Micronesia,1998,Asia,Government of Federated States of Micronesia,0,0,0,0,0,0,0,0,0,0,0,0,0,0,25.1,0,0
987,Federated States of Micronesia,1999,Asia,Government of Federated States of Micronesia,0,0,0,0,0,0,0,0,0,0,0,0,0,0,25.1,0,0
987,Federated States of Micronesia,2000,Asia,Government of Federated States of Micronesia,0,0,0,0,0,0,0,0,0,0,0,0,0,0,25.1,0,0
987,Federated States of Micronesia,2001,Asia,Government of Federated States of Micronesia,0,0,0,0,0,0,0,0,0,0,0,0,0,0,25.1,0,0
987,Federated States of Micronesia,2002,Asia,Government of Federated States of Micronesia,0,0,0,0,0,0,0,0,0,0,0,0,0,0,25.1,0,0
987,Federated States of Micronesia,2003,Asia,Government of Federated States of Micronesia,0,0,0,0,0,0,0,0,0,0,0,0,0,0,25.1,0,0
987,Federated States of Micronesia,2004,Asia,Government of Federated States of Micronesia,0,0,0,0,0,0,0,0,0,0,0,0,0,0,25.1,0,0
987,Federated States of Micronesia,2005,Asia,Government of Federated States of Micronesia,0,0,0,0,0,0,0,0,0,0,0,0,0,0,25.1,0,0
987,Federated States of Micronesia,2006,Asia,Government of Federated States of Micronesia,0,0,0,0,0,0,0,0,0,0,0,0,0,0,25.1,0,0
987,Federated States of Micronesia,2007,Asia,Government of Federated States of Micronesia,0,0,0,0,0,0,0,0,0,0,0,0,0,0,25.1,0,0
987,Federated States of Micronesia,2008,Asia,Government of Federated States of Micronesia,0,0,0,0,0,0,0,0,0,0,0,0,0,0,25.1,0,0
987,Federated States of Micronesia,2009,Asia,Government of Federated States of Micronesia,0,0,0,0,0,0,0,0,0,0,0,0,0,0,25.1,0,0
987,Federated States of Micronesia,2010,Asia,Government of Federated States of Micronesia,0,0,0,0,0,0,0,0,0,0,0,0,0,0,25.1,0,0
987,Federated States of Micronesia,2011,Asia,Government of Federated States of Micronesia,0,0,0,0,0,0,0,0,0,0,0,0,0,0,25.1,0,0
987,Federated States of Micronesia,2012,Asia,Government of Federated States of Micronesia,0,0,0,0,0,0,0,0,0,0,0,0,0,0,25.1,0,0
987,Federated States of Micronesia,2013,Asia,Government of Federated States of Micronesia,0,0,0,0,0,0,0,0,0,0,0,0,0,0,25.1,0,0
987,Federated States of Micronesia,2014,Asia,Government of Federated States of Micronesia,0,0,0,0,0,0,0,0,0,0,0,0,0,0,25.1,0,0
987,Federated States of Micronesia,2015,Asia,Government of Federated States of Micronesia,0,0,0,0,0,0,0,0,0,0,0,0,0,0,25.1,0,0
987,Federated States of Micronesia,2016,Asia,Government of Federated States of Micronesia,0,0,0,0,0,0,0,0,0,0,0,0,0,0,25.1,0,0
987,Federated States of Micronesia,2017,Asia,Government of Federated States of Micronesia,0,0,0,0,0,0,0,0,0,0,0,0,0,0,25.1,0,0
987,Federated States of Micronesia,2018,Asia,Government of Federated States of Micronesia,0,0,0,0,0,0,0,0,0,0,0,0,0,0,25.1,0,0
987,Federated States of Micronesia,2019,Asia,Government of Federated States of Micronesia,0,0,0,0,0,0,0,0,0,0,0,0,0,0,25.1,0,0
987,Federated States of Micronesia,2020,Asia,Government of Federated States of Micronesia,0,0,0,0,0,0,0,0,0,0,0,0,0,0,25.1,0,0
987,Federated States of Micronesia,2021,Asia,Government of Federated States of Micronesia,0,0,0,0,0,0,0,0,0,0,0,0,0,0,25.1,0,0
987,Federated States of Micronesia,2022,Asia,Government of Federated States of Micronesia,0,0,0,0,0,0,0,0,0,0,0,0,0,0,25.1,0,0
987,Federated States of Micronesia,2023,Asia,Government of Federated States of Micronesia,0,0,0,0,0,0,0,0,0,0,0,0,0,0,25.1,0,0
990,Samoa (Western Samoa),1989,Asia,Government of Samoa (Western Samoa),0,0,0,0,0,0,0,0,0,0,0,0,0,0,25.1,0,0
990,Samoa (Western Samoa),1990,Asia,Government of Samoa (Western Samoa),0,0,0,0,0,0,0,0,0,0,0,0,0,0,25.1,0,0
990,Samoa (Western Samoa),1991,Asia,Government of Samoa (Western Samoa),0,0,0,0,0,0,0,0,0,0,0,0,0,0,25.1,0,0
990,Samoa (Western Samoa),1992,Asia,Government of Samoa (Western Samoa),0,0,0,0,0,0,0,0,0,0,0,0,0,0,25.1,0,0
990,Samoa (Western Samoa),1993,Asia,Government of Samoa (Western Samoa),0,0,0,0,0,0,0,0,0,0,0,0,0,0,25.1,0,0
990,Samoa (Western Samoa),1994,Asia,Government of Samoa (Western Samoa),0,0,0,0,0,0,0,0,0,0,0,0,0,0,25.1,0,0
990,Samoa (Western Samoa),1995,Asia,Government of Samoa (Western Samoa),0,0,0,0,0,0,0,0,0,0,0,0,0,0,25.1,0,0
990,Samoa (Western Samoa),1996,Asia,Government of Samoa (Western Samoa),0,0,0,0,0,0,0,0,0,0,0,0,0,0,25.1,0,0
990,Samoa (Western Samoa),1997,Asia,Government of Samoa (Western Samoa),0,0,0,0,0,0,0,0,0,0,0,0,0,0,25.1,0,0
990,Samoa (Western Samoa),1998,Asia,Government of Samoa (Western Samoa),0,0,0,0,0,0,0,0,0,0,0,0,0,0,25.1,0,0
990,Samoa (Western Samoa),1999,Asia,Government of Samoa (Western Samoa),0,0,0,0,0,0,0,0,0,0,0,0,0,0,25.1,0,0
990,Samoa (Western Samoa),2000,Asia,Government of Samoa (Western Samoa),0,0,0,0,0,0,0,0,0,0,0,0,0,0,25.1,0,0
990,Samoa (Western Samoa),2001,Asia,Government of Samoa (Western Samoa),0,0,0,0,0,0,0,0,0,0,0,0,0,0,25.1,0,0
990,Samoa (Western Samoa),2002,Asia,Government of Samoa (Western Samoa),0,0,0,0,0,0,0,0,0,0,0,0,0,0,25.1,0,0
990,Samoa (Western Samoa),2003,Asia,Government of Samoa (Western Samoa),0,0,0,0,0,0,0,0,0,0,0,0,0,0,25.1,0,0
990,Samoa (Western Samoa),2004,Asia,Government of Samoa (Western Samoa),0,0,0,0,0,0,0,0,0,0,0,0,0,0,25.1,0,0
990,Samoa (Western Samoa),2005,Asia,Government of Samoa (Western Samoa),0,0,0,0,0,0,0,0,0,0,0,0,0,0,25.1,0,0
990,Samoa (Western Samoa),2006,Asia,Government of Samoa (Western Samoa),0,0,0,0,0,0,0,0,0,0,0,0,0,0,25.1,0,0
990,Samoa (Western Samoa),2007,Asia,Government of Samoa (Western Samoa),0,0,0,0,0,0,0,0,0,0,0,0,0,0,25.1,0,0
990,Samoa (Western Samoa),2008,Asia,Government of Samoa (Western Samoa),0,0,0,0,0,0,0,0,0,0,0,0,0,0,25.1,0,0
990,Samoa (Western Samoa),2009,Asia,Government of Samoa (Western Samoa),0,0,0,0,0,0,0,0,0,0,0,0,0,0,25.1,0,0
990,Samoa (Western Samoa),2010,Asia,Government of Samoa (Western Samoa),0,0,0,0,0,0,0,0,0,0,0,0,0,0,25.1,0,0
990,Samoa (Western Samoa),2011,Asia,Government of Samoa (Western Samoa),0,0,0,0,0,0,0,0,0,0,0,0,0,0,25.1,0,0
990,Samoa (Western Samoa),2012,Asia,Government of Samoa (Western Samoa),0,0,0,0,0,0,0,0,0,0,0,0,0,0,25.1,0,0
990,Samoa (Western Samoa),2013,Asia,Government of Samoa (Western Samoa),0,0,0,0,0,0,0,0,0,0,0,0,0,0,25.1,0,0
990,Samoa (Western Samoa),2014,Asia,Government of Samoa (Western Samoa),0,0,0,0,0,0,0,0,0,0,0,0,0,0,25.1,0,0
990,Samoa (Western Samoa),2015,Asia,Government of Samoa (Western Samoa),0,0,0,0,0,0,0,0,0,0,0,0,0,0,25.1,0,0
990,Samoa (Western Samoa),2016,Asia,Government of Samoa (Western Samoa),0,0,0,0,0,0,0,0,0,0,0,0,0,0,25.1,0,0
990,Samoa (Western Samoa),2017,Asia,Government of Samoa (Western Samoa),0,0,0,0,0,0,0,0,0,0,0,0,0,0,25.1,0,0
990,Samoa (Western Samoa),2018,Asia,Government of Samoa (Western Samoa),0,0,0,0,0,0,0,0,0,0,0,0,0,0,25.1,0,0
990,Samoa (Western Samoa),2019,Asia,Government of Samoa (Western Samoa),0,0,0,0,0,0,0,0,0,0,0,0,0,0,25.1,0,0
990,Samoa (Western Samoa),2020,Asia,Government of Samoa (Western Samoa),0,0,0,0,0,0,0,0,0,0,0,0,0,0,25.1,0,0
990,Samoa (Western Samoa),2021,Asia,Government of Samoa (Western Samoa),0,0,0,0,0,0,0,0,0,0,0,0,0,0,25.1,0,0
990,Samoa (Western Samoa),2022,Asia,Government of Samoa (Western Samoa),0,0,0,0,0,0,0,0,0,0,0,0,0,0,25.1,0,0
990,Samoa (Western Samoa),2023,Asia,Government of Samoa (Western Samoa),0,0,0,0,0,0,0,0,0,0,0,0,0,0,25.1,0,0
