country,year,gdp_per_capita_current_usd
Africa Eastern and Southern,1960,186
Africa Western and Central,1960,122
Argentina,1960,778
Australia,1960,1813
Austria,1960,940
Burundi,1960,71
Belgium,1960,1290
Benin,1960,90
Burkina Faso,1960,69
Bangladesh,1960,82
"Bahamas, The",1960,1459
Belize,1960,307
Bermuda,1960,1715
Bolivia,1960,102
Brazil,1960,235
Barbados,1960,347
Botswana,1960,59
Central African Republic,1960,66
Canada,1960,2265
Switzerland,1960,1954
Chile,1960,516
China,1960,90
Cote d'Ivoire,1960,149
Cameroon,1960,119
"Congo, Dem. Rep.",1960,220
"Congo, Rep.",1960,125
Colombia,1960,258
Costa Rica,1960,382
Caribbean small states,1960,455
Germany,1960,1162
Denmark,1960,1389
Dominican Republic,1960,206
Algeria,1960,238
East Asia & Pacific (excluding high income),1960,90
Early-demographic dividend,1960,149
East Asia & Pacific,1960,151
Europe & Central Asia,1960,639
Ecuador,1960,451
"Egypt, Arab Rep.",1960,156
Euro area,1960,931
Spain,1960,408
Ethiopia,1960,75
European Union,1960,797
Fragile and conflict affected situations,1960,139
Finland,1960,1192
Fiji,1960,277
France,1960,1307
Gabon,1960,276
United Kingdom,1960,1398
Ghana,1960,175
Greece,1960,513
Guatemala,1960,257
Guyana,1960,299
High income,1960,1204
"Hong Kong SAR, China",1960,427
Honduras,1960,231
Heavily indebted poor countries (HIPC),1960,134
Haiti,1960,71
IBRD only,1960,162
IDA & IBRD total,1960,154
IDA total,1960,110
IDA blend,1960,100
IDA only,1960,119
India,1960,85
Ireland,1960,707
"Iran, Islamic Rep.",1960,196
Iraq,1960,219
Iceland,1960,1486
Israel,1960,1452
Italy,1960,837
Jamaica,1960,424
Japan,1960,509
Kenya,1960,103
St. Kitts and Nevis,1960,222
"Korea, Rep.",1960,159
Latin America & Caribbean (excluding high income),1960,321
Liberia,1960,167
Libya,1960,269
Latin America & Caribbean,1960,362
Least developed countries: UN classification,1960,115
Sri Lanka,1960,146
Lower middle income,1960,105
Low & middle income,1960,128
Lesotho,1960,47
Late-demographic dividend,1960,168
Luxembourg,1960,2261
Morocco,1960,175
Madagascar,1960,132
"Middle East, North Africa, Afghanistan & Pakistan",1960,184
Mexico,1960,355
Middle income,1960,129
Myanmar,1960,25
"Middle East, North Africa, Afghanistan & Pakistan (excluding high income)",1960,145
Mauritius,1960,238
Malaysia,1960,241
North America,1960,2933
Niger,1960,128
Nigeria,1960,93
Nicaragua,1960,127
Netherlands,1960,1156
Norway,1960,1451
Nepal,1960,50
New Zealand,1960,2334
OECD members,1960,1311
Oman,1960,83
Pakistan,1960,82
Panama,1960,477
Peru,1960,253
Philippines,1960,269
Papua New Guinea,1960,116
Pre-demographic dividend,1960,129
Puerto Rico (US),1960,718
Portugal,1960,377
Paraguay,1960,153
Post-demographic dividend,1960,1371
Rwanda,1960,39
South Asia,1960,85
Saudi Arabia,1960,718
Sudan,1960,100
Senegal,1960,300
Singapore,1960,428
Sierra Leone,1960,142
"Somalia, Fed. Rep.",1960,63
Sub-Saharan Africa (excluding high income),1960,166
Sub-Saharan Africa,1960,158
Suriname,1960,378
Sweden,1960,2128
Eswatini,1960,102
Seychelles,1960,288
Syrian Arab Republic,1960,184
Chad,1960,103
East Asia & Pacific (IDA & IBRD countries),1960,91
Togo,1960,102
Thailand,1960,103
Latin America & the Caribbean (IDA & IBRD countries),1960,357
"Middle East, North Africa, Afghanistan & Pakistan (IDA & IBRD)",1960,143
South Asia (IDA & IBRD),1960,85
Sub-Saharan Africa (IDA & IBRD countries),1960,158
Trinidad and Tobago,1960,634
Turkiye,1960,267
Tanzania,1960,275
Uganda,1960,55
Upper middle income,1960,146
Uruguay,1960,491
United States,1960,3000
St. Vincent and the Grenadines,1960,155
"Venezuela, RB",1960,939
World,1960,452
South Africa,1960,532
Zambia,1960,222
Zimbabwe,1960,277
Africa Eastern and Southern,1961,187
Africa Western and Central,1961,127
Arab World,1961,213
Argentina,1961,971
Australia,1961,1880
Austria,1961,1037
Burundi,1961,72
Belgium,1961,1368
Benin,1961,92
Burkina Faso,1961,72
Bangladesh,1961,90
"Bahamas, The",1961,1555
Belize,1961,320
Bermuda,1961,1774
Bolivia,1961,109
Brazil,1961,232
Barbados,1961,366
Botswana,1961,62
Central African Republic,1961,71
Canada,1961,2246
Switzerland,1961,2155
Chile,1961,594
China,1961,76
Cote d'Ivoire,1961,162
Cameroon,1961,125
"Congo, Dem. Rep.",1961,197
"Congo, Rep.",1961,140
Colombia,1961,282
Costa Rica,1961,356
Caribbean small states,1961,487
Germany,1961,1316
Denmark,1961,1531
Dominican Republic,1961,194
Algeria,1961,209
East Asia & Pacific (excluding high income),1961,80
Early-demographic dividend,1961,159
East Asia & Pacific,1961,152
Europe & Central Asia,1961,695
Ecuador,1961,371
"Egypt, Arab Rep.",1961,163
Euro area,1961,1028
Spain,1961,463
Ethiopia,1961,77
European Union,1961,879
Fragile and conflict affected situations,1961,142
Finland,1961,1341
Fiji,1961,280
France,1961,1402
Gabon,1961,323
United Kingdom,1961,1472
Ghana,1961,182
Greece,1961,583
Guatemala,1961,257
Guyana,1961,319
High income,1961,1268
"Hong Kong SAR, China",1961,437
Honduras,1961,237
Heavily indebted poor countries (HIPC),1961,135
Haiti,1961,69
IBRD only,1961,162
IDA & IBRD total,1961,154
IDA total,1961,113
IDA blend,1961,104
IDA only,1961,122
India,1961,88
Ireland,1961,762
"Iran, Islamic Rep.",1961,200
Iraq,1961,232
Iceland,1961,1490
Israel,1961,1697
Italy,1961,923
Jamaica,1961,447
Japan,1961,609
Kenya,1961,99
St. Kitts and Nevis,1961,226
"Korea, Rep.",1961,94
Latin America & Caribbean (excluding high income),1961,346
Liberia,1961,158
Libya,1961,285
Latin America & Caribbean,1961,390
Least developed countries: UN classification,1961,117
Sri Lanka,1961,146
Lower middle income,1961,109
Low & middle income,1961,128
Lesotho,1961,47
Late-demographic dividend,1961,156
Luxembourg,1961,2241
Morocco,1961,169
Madagascar,1961,133
"Middle East, North Africa, Afghanistan & Pakistan",1961,191
Mexico,1961,374
Middle income,1961,129
Myanmar,1961,27
"Middle East, North Africa, Afghanistan & Pakistan (excluding high income)",1961,147
Mauritania,1961,188
Mauritius,1961,282
Malaysia,1961,233
North America,1961,2985
Niger,1961,135
Nigeria,1961,97
Nicaragua,1961,133
Netherlands,1961,1254
Norway,1961,1571
Nepal,1961,52
New Zealand,1961,2365
OECD members,1961,1379
Oman,1961,85
Pakistan,1961,88
Panama,1961,516
Peru,1961,277
Philippines,1961,284
Papua New Guinea,1961,120
Pre-demographic dividend,1961,131
Puerto Rico (US),1961,777
Portugal,1961,400
Paraguay,1961,167
Post-demographic dividend,1961,1443
Rwanda,1961,39
South Asia,1961,89
Saudi Arabia,1961,760
Sudan,1961,105
Senegal,1961,308
Singapore,1961,449
Sierra Leone,1961,142
"Somalia, Fed. Rep.",1961,65
Sub-Saharan Africa (excluding high income),1961,169
Sub-Saharan Africa,1961,161
Suriname,1961,395
Sweden,1961,2304
Eswatini,1961,122
Seychelles,1961,270
Syrian Arab Republic,1961,196
Chad,1961,107
East Asia & Pacific (IDA & IBRD countries),1961,81
Togo,1961,105
Thailand,1961,110
Latin America & the Caribbean (IDA & IBRD countries),1961,384
"Middle East, North Africa, Afghanistan & Pakistan (IDA & IBRD)",1961,146
South Asia (IDA & IBRD),1961,89
Sub-Saharan Africa (IDA & IBRD countries),1961,161
Trinidad and Tobago,1961,678
Tunisia,1961,201
Turkiye,1961,274
Tanzania,1961,285
Uganda,1961,56
Upper middle income,1961,144
Uruguay,1961,604
United States,1961,3059
St. Vincent and the Grenadines,1961,163
"Venezuela, RB",1961,954
World,1961,471
South Africa,1961,546
Zambia,1961,210
Zimbabwe,1961,279
Africa Eastern and Southern,1962,197
Africa Western and Central,1962,134
Arab World,1962,211
Argentina,1962,870
Australia,1962,1858
Austria,1962,1093
Burundi,1962,73
Belgium,1962,1457
Benin,1962,91
Burkina Faso,1962,77
Bangladesh,1962,93
"Bahamas, The",1962,1651
Belize,1962,332
Bermuda,1962,1824
Bolivia,1962,116
Brazil,1962,250
Barbados,1962,377
Botswana,1962,66
Central African Republic,1962,70
Canada,1962,2274
Switzerland,1962,2330
Chile,1962,679
China,1962,71
Cote d'Ivoire,1962,163
Cameroon,1962,130
"Congo, Dem. Rep.",1962,235
"Congo, Rep.",1962,150
Colombia,1962,299
Costa Rica,1962,335
Caribbean small states,1962,508
Germany,1962,1431
Denmark,1962,1711
Dominican Republic,1962,237
Algeria,1962,170
East Asia & Pacific (excluding high income),1962,72
Early-demographic dividend,1962,156
East Asia & Pacific,1962,153
Europe & Central Asia,1962,751
Ecuador,1962,312
"Egypt, Arab Rep.",1962,142
Euro area,1962,1127
Spain,1962,535
Ethiopia,1962,78
European Union,1962,963
Fragile and conflict affected situations,1962,154
Finland,1962,1427
Fiji,1962,285
France,1962,1554
Gabon,1962,348
United Kingdom,1962,1526
Ghana,1962,188
Equatorial Guinea,1962,133
Greece,1962,608
Guatemala,1962,265
Guyana,1962,327
High income,1962,1355
"Hong Kong SAR, China",1962,488
Honduras,1962,244
Heavily indebted poor countries (HIPC),1962,143
Haiti,1962,70
IBRD only,1962,161
IDA & IBRD total,1962,155
IDA total,1962,119
IDA blend,1962,109
IDA only,1962,128
India,1962,92
Ireland,1962,821
"Iran, Islamic Rep.",1962,206
Iraq,1962,241
Iceland,1962,1641
Israel,1962,1294
Italy,1962,1030
Jamaica,1962,458
Japan,1962,685
Kenya,1962,105
St. Kitts and Nevis,1962,230
"Korea, Rep.",1962,107
Kuwait,1962,4748
Latin America & Caribbean (excluding high income),1962,347
Liberia,1962,160
Libya,1962,382
Latin America & Caribbean,1962,399
Least developed countries: UN classification,1962,124
Sri Lanka,1962,141
Lower middle income,1962,108
Low & middle income,1962,127
Lesotho,1962,54
Late-demographic dividend,1962,157
Luxembourg,1962,2332
Morocco,1962,194
Madagascar,1962,137
"Middle East, North Africa, Afghanistan & Pakistan",1962,185
Mexico,1962,388
Middle income,1962,128
Myanmar,1962,28
"Middle East, North Africa, Afghanistan & Pakistan (excluding high income)",1962,146
Mauritania,1962,189
Mauritius,1962,282
Malaysia,1962,239
North America,1962,3148
Niger,1962,143
Nigeria,1962,105
Nicaragua,1962,142
Netherlands,1962,1342
Norway,1962,1678
Nepal,1962,55
New Zealand,1962,2471
OECD members,1962,1471
Oman,1962,102
Pakistan,1962,90
Panama,1962,546
Peru,1962,305
Philippines,1962,167
Papua New Guinea,1962,125
Pre-demographic dividend,1962,140
Puerto Rico (US),1962,855
Portugal,1962,426
Paraguay,1962,183
Post-demographic dividend,1962,1542
Rwanda,1962,39
South Asia,1962,92
Saudi Arabia,1962,813
Sudan,1962,111
Senegal,1962,307
Singapore,1962,472
Sierra Leone,1962,146
"Somalia, Fed. Rep.",1962,67
Sub-Saharan Africa (excluding high income),1962,179
Sub-Saharan Africa,1962,170
Suriname,1962,409
Sweden,1962,2485
Eswatini,1962,127
Seychelles,1962,287
Syrian Arab Republic,1962,224
Chad,1962,113
East Asia & Pacific (IDA & IBRD countries),1962,73
Togo,1962,108
Thailand,1962,116
Latin America & the Caribbean (IDA & IBRD countries),1962,392
"Middle East, North Africa, Afghanistan & Pakistan (IDA & IBRD)",1962,145
South Asia (IDA & IBRD),1962,92
Sub-Saharan Africa (IDA & IBRD countries),1962,170
Trinidad and Tobago,1962,704
Tunisia,1962,201
Turkiye,1962,298
Tanzania,1962,304
Uganda,1962,56
Upper middle income,1962,143
Uruguay,1962,659
United States,1962,3236
St. Vincent and the Grenadines,1962,167
"Venezuela, RB",1962,1007
World,1962,496
South Africa,1962,563
Zambia,1962,202
Zimbabwe,1962,276
Africa Eastern and Southern,1963,225
Africa Western and Central,1963,139
Arab World,1963,226
Argentina,1963,853
Australia,1963,1970
Austria,1963,1173
Burundi,1963,78
Belgium,1963,1555
Benin,1963,96
Burkina Faso,1963,79
Bangladesh,1963,94
"Bahamas, The",1963,1759
Belize,1963,342
Bermuda,1963,1822
Bolivia,1963,123
Brazil,1963,294
Barbados,1963,421
Botswana,1963,69
Central African Republic,1963,72
Canada,1963,2380
Switzerland,1963,2508
Chile,1963,658
China,1963,74
Cote d'Ivoire,1963,185
Cameroon,1963,132
"Congo, Dem. Rep.",1963,376
"Congo, Rep.",1963,151
Colombia,1963,283
Costa Rica,1963,346
Caribbean small states,1963,531
Germany,1963,1502
Denmark,1963,1807
Dominican Republic,1963,262
Algeria,1963,226
East Asia & Pacific (excluding high income),1963,76
Early-demographic dividend,1963,168
East Asia & Pacific,1963,167
Europe & Central Asia,1963,812
Ecuador,1963,365
"Egypt, Arab Rep.",1963,144
Euro area,1963,1229
Spain,1963,627
Ethiopia,1963,79
European Union,1963,1049
Fragile and conflict affected situations,1963,172
Finland,1963,1538
Fiji,1963,291
France,1963,1723
Gabon,1963,291
United Kingdom,1963,1613
Ghana,1963,205
Equatorial Guinea,1963,155
Greece,1963,686
Guatemala,1963,284
Guyana,1963,289
High income,1963,1440
"Hong Kong SAR, China",1963,566
Honduras,1963,247
Heavily indebted poor countries (HIPC),1963,164
Haiti,1963,72
IBRD only,1963,173
IDA & IBRD total,1963,167
IDA total,1963,128
IDA blend,1963,113
IDA only,1963,140
India,1963,103
Ireland,1963,878
"Iran, Islamic Rep.",1963,210
Iraq,1963,236
Iceland,1963,1924
Israel,1963,1486
Italy,1963,1171
Jamaica,1963,480
Japan,1963,776
Kenya,1963,107
St. Kitts and Nevis,1963,240
"Korea, Rep.",1963,147
Kuwait,1963,4445
Latin America & Caribbean (excluding high income),1963,371
Liberia,1963,163
Libya,1963,528
Latin America & Caribbean,1963,422
Least developed countries: UN classification,1963,139
Sri Lanka,1963,119
Lower middle income,1963,116
Low & middle income,1963,137
Lesotho,1963,58
Late-demographic dividend,1963,167
Luxembourg,1963,2462
Morocco,1963,211
Madagascar,1963,137
"Middle East, North Africa, Afghanistan & Pakistan",1963,199
Mexico,1963,420
Middle income,1963,138
Myanmar,1963,26
"Middle East, North Africa, Afghanistan & Pakistan (excluding high income)",1963,157
Mauritania,1963,188
Mauritius,1963,353
Malaysia,1963,292
North America,1963,3276
Niger,1963,153
Nigeria,1963,108
Nicaragua,1963,152
Netherlands,1963,1437
Norway,1963,1787
Nepal,1963,46
New Zealand,1963,2646
OECD members,1963,1562
Oman,1963,107
Pakistan,1963,94
Panama,1963,587
Peru,1963,324
Philippines,1963,179
Papua New Guinea,1963,129
Pre-demographic dividend,1963,158
Puerto Rico (US),1963,932
Portugal,1963,452
Paraguay,1963,190
Post-demographic dividend,1963,1640
Rwanda,1963,39
South Asia,1963,102
Saudi Arabia,1963,812
Sudan,1963,110
Senegal,1963,309
Singapore,1963,511
Sierra Leone,1963,146
"Somalia, Fed. Rep.",1963,69
Sub-Saharan Africa (excluding high income),1963,199
Sub-Saharan Africa,1963,188
Suriname,1963,424
Sweden,1963,2675
Eswatini,1963,146
Seychelles,1963,308
Syrian Arab Republic,1963,235
Chad,1963,115
East Asia & Pacific (IDA & IBRD countries),1963,76
Togo,1963,115
Thailand,1963,121
Latin America & the Caribbean (IDA & IBRD countries),1963,414
"Middle East, North Africa, Afghanistan & Pakistan (IDA & IBRD)",1963,155
South Asia (IDA & IBRD),1963,102
Sub-Saharan Africa (IDA & IBRD countries),1963,188
Trinidad and Tobago,1963,756
Tunisia,1963,232
Turkiye,1963,337
Tanzania,1963,329
Uganda,1963,62
Upper middle income,1963,153
Uruguay,1963,587
United States,1963,3366
St. Vincent and the Grenadines,1963,155
"Venezuela, RB",1963,1060
World,1963,525
South Africa,1963,605
Zambia,1963,203
Zimbabwe,1963,277
Africa Eastern and Southern,1964,209
Africa Western and Central,1964,149
Arab World,1964,244
Argentina,1964,1176
Australia,1964,2134
Austria,1964,1275
Burundi,1964,85
Belgium,1964,1724
Benin,1964,100
Burkina Faso,1964,81
Bangladesh,1964,93
"Bahamas, The",1964,1883
Belize,1964,356
Bermuda,1964,1987
Bolivia,1964,135
Brazil,1964,257
Barbados,1964,414
Botswana,1964,73
Central African Republic,1964,77
Canada,1964,2562
Switzerland,1964,2735
Chile,1964,686
China,1964,86
Cote d'Ivoire,1964,216
Cameroon,1964,139
"Congo, Dem. Rep.",1964,170
"Congo, Rep.",1964,158
Colombia,1964,339
Costa Rica,1964,354
Caribbean small states,1964,555
Germany,1964,1637
Denmark,1964,2049
Dominican Republic,1964,277
Algeria,1964,239
East Asia & Pacific (excluding high income),1964,85
Early-demographic dividend,1964,188
East Asia & Pacific,1964,187
Europe & Central Asia,1964,888
Ecuador,1964,436
"Egypt, Arab Rep.",1964,158
Euro area,1964,1350
Spain,1964,695
Ethiopia,1964,84
European Union,1964,1153
Fragile and conflict affected situations,1964,152
Finland,1964,1726
Fiji,1964,306
France,1964,1891
Gabon,1964,400
United Kingdom,1964,1748
Ghana,1964,225
Equatorial Guinea,1964,178
Greece,1964,773
Guatemala,1964,284
Guyana,1964,313
High income,1964,1555
"Hong Kong SAR, China",1964,630
Honduras,1964,256
Heavily indebted poor countries (HIPC),1964,149
Haiti,1964,78
IBRD only,1964,192
IDA & IBRD total,1964,181
IDA total,1964,123
IDA blend,1964,120
IDA only,1964,129
India,1964,118
Ireland,1964,995
"Iran, Islamic Rep.",1964,222
Iraq,1964,269
Iceland,1964,2414
Israel,1964,1626
Italy,1964,1272
Jamaica,1964,514
Japan,1964,903
Kenya,1964,111
St. Kitts and Nevis,1964,256
"Korea, Rep.",1964,124
Kuwait,1964,4379
Latin America & Caribbean (excluding high income),1964,414
Liberia,1964,174
Libya,1964,765
Latin America & Caribbean,1964,456
Least developed countries: UN classification,1964,123
Sri Lanka,1964,123
Lower middle income,1964,127
Low & middle income,1964,150
Lesotho,1964,63
Late-demographic dividend,1964,179
Luxembourg,1964,2779
Morocco,1964,216
Madagascar,1964,142
"Middle East, North Africa, Afghanistan & Pakistan",1964,216
Mexico,1964,481
Middle income,1964,153
Myanmar,1964,17
"Middle East, North Africa, Afghanistan & Pakistan (excluding high income)",1964,170
Mauritania,1964,244
Mauritius,1964,297
Malaysia,1964,303
North America,1964,3473
Niger,1964,148
Nigeria,1964,113
Nicaragua,1964,173
Netherlands,1964,1668
Norway,1964,1951
Nepal,1964,45
New Zealand,1964,2839
OECD members,1964,1686
Oman,1964,108
Pakistan,1964,102
Panama,1964,611
Peru,1964,381
Philippines,1964,188
Papua New Guinea,1964,140
Pre-demographic dividend,1964,146
Puerto Rico (US),1964,1006
Portugal,1964,490
Paraguay,1964,197
Post-demographic dividend,1964,1772
Rwanda,1964,39
South Asia,1964,114
Saudi Arabia,1964,840
Sudan,1964,110
Senegal,1964,318
Singapore,1964,486
Sierra Leone,1964,153
"Somalia, Fed. Rep.",1964,72
Sub-Saharan Africa (excluding high income),1964,193
Sub-Saharan Africa,1964,183
Suriname,1964,435
Sweden,1964,2961
Eswatini,1964,172
Seychelles,1964,332
Syrian Arab Republic,1964,254
Chad,1964,119
East Asia & Pacific (IDA & IBRD countries),1964,86
Togo,1964,130
Thailand,1964,129
Latin America & the Caribbean (IDA & IBRD countries),1964,447
"Middle East, North Africa, Afghanistan & Pakistan (IDA & IBRD)",1964,169
South Asia (IDA & IBRD),1964,114
Sub-Saharan Africa (IDA & IBRD countries),1964,183
Trinidad and Tobago,1964,780
Tunisia,1964,228
Turkiye,1964,354
Tanzania,1964,346
Uganda,1964,69
Upper middle income,1964,171
Uruguay,1964,745
United States,1964,3565
St. Vincent and the Grenadines,1964,164
"Venezuela, RB",1964,874
World,1964,563
South Africa,1964,646
Zambia,1964,230
Zimbabwe,1964,282
Africa Eastern and Southern,1965,227
Africa Western and Central,1965,156
Arab World,1965,256
Argentina,1965,1282
Australia,1965,2284
Austria,1965,1381
Burundi,1965,51
Belgium,1965,1860
Benin,1965,105
Burkina Faso,1965,82
Bangladesh,1965,99
"Bahamas, The",1965,2030
Belize,1965,383
Bermuda,1965,2065
Bolivia,1965,147
Brazil,1965,268
Barbados,1965,433
Brunei Darussalam,1965,1029
Botswana,1965,80
Central African Republic,1965,80
Canada,1965,2777
Switzerland,1965,2865
Chile,1965,686
China,1965,99
Cote d'Ivoire,1965,207
Cameroon,1965,143
"Congo, Dem. Rep.",1965,232
"Congo, Rep.",1965,164
Colombia,1965,317
Costa Rica,1965,374
Caribbean small states,1965,584
Germany,1965,1774
Denmark,1965,2284
Dominican Republic,1965,233
Algeria,1965,254
East Asia & Pacific (excluding high income),1965,97
Early-demographic dividend,1965,199
East Asia & Pacific,1965,204
Europe & Central Asia,1965,957
Ecuador,1965,450
"Egypt, Arab Rep.",1965,162
Euro area,1965,1464
Spain,1965,797
Ethiopia,1965,89
European Union,1965,1252
Fragile and conflict affected situations,1965,164
Finland,1965,1902
Fiji,1965,311
France,1965,2024
Faroe Islands,1965,1594
Gabon,1965,415
United Kingdom,1965,1874
Ghana,1965,261
Equatorial Guinea,1965,217
Greece,1965,887
Guatemala,1965,283
Guyana,1965,336
High income,1965,1671
"Hong Kong SAR, China",1965,677
Honduras,1965,274
Heavily indebted poor countries (HIPC),1965,164
Haiti,1965,84
IBRD only,1965,206
IDA & IBRD total,1965,194
IDA total,1965,134
IDA blend,1965,127
IDA only,1965,143
India,1965,122
Ireland,1965,1055
"Iran, Islamic Rep.",1965,248
Iraq,1965,285
Iceland,1965,2861
Israel,1965,1689
Italy,1965,1357
Jamaica,1965,549
Jordan,1965,546
Japan,1965,994
Kenya,1965,107
St. Kitts and Nevis,1965,266
"Korea, Rep.",1965,109
Kuwait,1965,4024
Latin America & Caribbean (excluding high income),1965,437
Liberia,1965,178
Libya,1965,1001
Latin America & Caribbean,1965,477
Least developed countries: UN classification,1965,135
Sri Lanka,1965,156
Lower middle income,1965,133
Low & middle income,1965,162
Lesotho,1965,64
Late-demographic dividend,1965,196
Luxembourg,1965,2804
Morocco,1965,222
Madagascar,1965,143
"Middle East, North Africa, Afghanistan & Pakistan",1965,231
Mexico,1965,506
Middle income,1965,164
Myanmar,1965,15
"Middle East, North Africa, Afghanistan & Pakistan (excluding high income)",1965,184
Mauritania,1965,270
Mauritius,1965,305
Malaysia,1965,326
North America,1965,3722
New Caledonia,1965,1713
Niger,1965,166
Nigeria,1965,117
Nicaragua,1965,272
Netherlands,1965,1848
Norway,1965,2179
Nepal,1965,66
New Zealand,1965,2171
OECD members,1965,1808
Oman,1965,108
Pakistan,1965,114
Panama,1965,651
Peru,1965,439
Philippines,1965,200
Papua New Guinea,1965,154
Pre-demographic dividend,1965,156
Puerto Rico (US),1965,1111
Portugal,1965,545
Paraguay,1965,209
Post-demographic dividend,1965,1906
French Polynesia,1965,1839
Rwanda,1965,43
South Asia,1965,119
Saudi Arabia,1965,904
Sudan,1965,111
Senegal,1965,314
Singapore,1965,517
Sierra Leone,1965,146
El Salvador,1965,274
"Somalia, Fed. Rep.",1965,74
Sub-Saharan Africa (excluding high income),1965,207
Sub-Saharan Africa,1965,196
Suriname,1965,482
Sweden,1965,3228
Eswatini,1965,181
Seychelles,1965,328
Syrian Arab Republic,1965,271
Chad,1965,124
East Asia & Pacific (IDA & IBRD countries),1965,98
Togo,1965,143
Thailand,1965,141
Latin America & the Caribbean (IDA & IBRD countries),1965,467
"Middle East, North Africa, Afghanistan & Pakistan (IDA & IBRD)",1965,182
South Asia (IDA & IBRD),1965,119
Sub-Saharan Africa (IDA & IBRD countries),1965,196
Trinidad and Tobago,1965,793
Tunisia,1965,217
Turkiye,1965,370
Tanzania,1965,342
Uganda,1965,100
Upper middle income,1965,187
Uruguay,1965,705
United States,1965,3818
St. Vincent and the Grenadines,1965,166
"Venezuela, RB",1965,869
World,1965,601
South Africa,1965,685
Zambia,1965,287
Zimbabwe,1965,294
Africa Eastern and Southern,1966,241
Africa Western and Central,1966,162
Arab World,1966,264
Argentina,1966,1275
Australia,1966,2347
Austria,1966,1494
Burundi,1966,51
Belgium,1966,1983
Benin,1966,108
Burkina Faso,1966,83
Bangladesh,1966,104
"Bahamas, The",1966,2239
Belize,1966,412
Bermuda,1966,2369
Bolivia,1966,159
Brazil,1966,328
Barbados,1966,462
Brunei Darussalam,1966,1146
Botswana,1966,89
Central African Republic,1966,82
Canada,1966,3055
Switzerland,1966,3045
Chile,1966,790
China,1966,105
Cote d'Ivoire,1966,222
Cameroon,1966,146
"Congo, Dem. Rep.",1966,253
"Congo, Rep.",1966,178
Colombia,1966,290
Costa Rica,1966,395
Caribbean small states,1966,609
Germany,1966,1871
Denmark,1966,2487
Dominican Republic,1966,251
Algeria,1966,241
East Asia & Pacific (excluding high income),1966,103
Early-demographic dividend,1966,192
East Asia & Pacific,1966,222
Europe & Central Asia,1966,1026
Ecuador,1966,445
"Egypt, Arab Rep.",1966,168
Euro area,1966,1571
Spain,1966,916
Ethiopia,1966,93
European Union,1966,1344
Fragile and conflict affected situations,1966,171
Finland,1966,2032
Fiji,1966,310
France,1966,2173
Faroe Islands,1966,1749
Gabon,1966,443
United Kingdom,1966,1987
Ghana,1966,263
"Gambia, The",1966,94
Equatorial Guinea,1966,227
Greece,1966,984
Guatemala,1966,287
Guyana,1966,353
High income,1966,1810
"Hong Kong SAR, China",1966,686
Honduras,1966,283
Heavily indebted poor countries (HIPC),1966,173
Haiti,1966,86
IBRD only,1966,208
IDA & IBRD total,1966,197
IDA total,1966,141
IDA blend,1966,134
IDA only,1966,150
India,1966,91
Ireland,1966,1107
"Iran, Islamic Rep.",1966,263
Iraq,1966,298
Iceland,1966,3378
Israel,1966,1789
Italy,1966,1459
Jamaica,1966,612
Jordan,1966,558
Japan,1966,1144
Kenya,1966,120
St. Kitts and Nevis,1966,290
"Korea, Rep.",1966,134
Kuwait,1966,4176
Latin America & Caribbean (excluding high income),1966,470
Liberia,1966,185
Libya,1966,1251
Latin America & Caribbean,1966,511
Least developed countries: UN classification,1966,143
Sri Lanka,1966,157
Lower middle income,1966,119
Low & middle income,1966,164
Lesotho,1966,64
Late-demographic dividend,1966,214
Luxembourg,1966,2925
Morocco,1966,211
Madagascar,1966,151
"Middle East, North Africa, Afghanistan & Pakistan",1966,242
Mexico,1966,545
Middle income,1966,166
Myanmar,1966,12
"Middle East, North Africa, Afghanistan & Pakistan (excluding high income)",1966,191
Mauritania,1966,274
Mauritius,1966,296
Malaysia,1966,339
North America,1966,4036
New Caledonia,1966,1714
Niger,1966,169
Nigeria,1966,124
Nicaragua,1966,284
Netherlands,1966,1986
Norway,1966,2333
Nepal,1966,79
New Zealand,1966,2211
OECD members,1966,1955
Oman,1966,113
Pakistan,1966,122
Panama,1966,689
Peru,1966,505
Philippines,1966,214
Papua New Guinea,1966,171
Pre-demographic dividend,1966,167
Puerto Rico (US),1966,1208
Portugal,1966,601
Paraguay,1966,214
Post-demographic dividend,1966,2064
French Polynesia,1966,2171
Rwanda,1966,35
South Asia,1966,94
Saudi Arabia,1966,961
Sudan,1966,111
Senegal,1966,315
Singapore,1966,567
Sierra Leone,1966,149
El Salvador,1966,282
"Somalia, Fed. Rep.",1966,76
Sub-Saharan Africa (excluding high income),1966,219
Sub-Saharan Africa,1966,207
Suriname,1966,575
Sweden,1966,3478
Eswatini,1966,193
Seychelles,1966,338
Syrian Arab Republic,1966,239
Chad,1966,126
East Asia & Pacific (IDA & IBRD countries),1966,104
Togo,1966,159
Thailand,1966,165
Latin America & the Caribbean (IDA & IBRD countries),1966,500
"Middle East, North Africa, Afghanistan & Pakistan (IDA & IBRD)",1966,190
South Asia (IDA & IBRD),1966,94
Sub-Saharan Africa (IDA & IBRD countries),1966,207
Trinidad and Tobago,1966,768
Tunisia,1966,224
Turkiye,1966,425
Tanzania,1966,380
Uganda,1966,101
Upper middle income,1966,201
Uruguay,1966,668
United States,1966,4136
St. Vincent and the Grenadines,1966,175
"Venezuela, RB",1966,876
World,1966,638
South Africa,1966,722
Zambia,1966,325
Zimbabwe,1966,279
Africa Eastern and Southern,1967,244
Africa Western and Central,1967,145
Arab World,1967,277
Argentina,1967,1064
Australia,1967,2584
Austria,1967,1577
Burundi,1967,54
Belgium,1967,2114
Benin,1967,107
Burkina Faso,1967,85
Bangladesh,1967,114
"Bahamas, The",1967,2453
Belize,1967,426
Bermuda,1967,2722
Bolivia,1967,176
Brazil,1967,351
Barbados,1967,508
Brunei Darussalam,1967,1149
Botswana,1967,101
Central African Republic,1967,84
Canada,1967,3226
Switzerland,1967,3237
Chile,1967,764
China,1967,97
Cote d'Ivoire,1967,226
Cameroon,1967,157
"Congo, Dem. Rep.",1967,183
"Congo, Rep.",1967,186
Colombia,1967,303
Costa Rica,1967,414
Caribbean small states,1967,655
Germany,1967,1886
Denmark,1967,2701
Dominican Republic,1967,256
Algeria,1967,262
East Asia & Pacific (excluding high income),1967,98
Early-demographic dividend,1967,198
East Asia & Pacific,1967,236
Europe & Central Asia,1967,1079
Ecuador,1967,454
"Egypt, Arab Rep.",1967,174
Euro area,1967,1657
Spain,1967,997
Ethiopia,1967,96
European Union,1967,1420
Fragile and conflict affected situations,1967,165
Finland,1967,2056
Fiji,1967,326
France,1967,2328
Faroe Islands,1967,1780
Gabon,1967,482
United Kingdom,1967,2059
Ghana,1967,211
"Gambia, The",1967,97
Equatorial Guinea,1967,232
Greece,1967,1053
Guatemala,1967,292
Guyana,1967,378
High income,1967,1915
"Hong Kong SAR, China",1967,723
Honduras,1967,298
Heavily indebted poor countries (HIPC),1967,167
Haiti,1967,84
IBRD only,1967,209
IDA & IBRD total,1967,198
IDA total,1967,140
IDA blend,1967,132
Indonesia,1967,53
IDA only,1967,148
India,1967,98
Ireland,1967,1187
"Iran, Islamic Rep.",1967,284
Iraq,1967,291
Iceland,1967,3284
Israel,1967,1735
Italy,1967,1595
Jamaica,1967,633
Jordan,1967,497
Japan,1967,1326
Kenya,1967,122
St. Kitts and Nevis,1967,344
"Korea, Rep.",1967,162
Kuwait,1967,3887
Latin America & Caribbean (excluding high income),1967,466
Liberia,1967,192
Libya,1967,1437
Latin America & Caribbean,1967,508
Least developed countries: UN classification,1967,142
Low income,1967,126
Sri Lanka,1967,162
Lower middle income,1967,124
Low & middle income,1967,164
Lesotho,1967,65
Late-demographic dividend,1967,210
Luxembourg,1967,2935
Morocco,1967,217
Madagascar,1967,156
"Middle East, North Africa, Afghanistan & Pakistan",1967,255
Mexico,1967,576
Middle income,1967,167
Mali,1967,46
Myanmar,1967,17
"Middle East, North Africa, Afghanistan & Pakistan (excluding high income)",1967,204
Mauritania,1967,282
Mauritius,1967,304
Malaysia,1967,335
North America,1967,4223
New Caledonia,1967,1826
Niger,1967,155
Nigeria,1967,100
Nicaragua,1967,298
Netherlands,1967,2155
Norway,1967,2531
Nepal,1967,72
New Zealand,1967,2208
OECD members,1967,2065
Oman,1967,175
Pakistan,1967,135
Panama,1967,745
Peru,1967,498
Philippines,1967,223
Papua New Guinea,1967,189
Pre-demographic dividend,1967,155
Puerto Rico (US),1967,1335
Portugal,1967,676
Paraguay,1967,221
Post-demographic dividend,1967,2185
French Polynesia,1967,2151
Rwanda,1967,44
South Asia,1967,100
Saudi Arabia,1967,1032
Sudan,1967,116
Senegal,1967,305
Singapore,1967,626
Solomon Islands,1967,153
Sierra Leone,1967,136
El Salvador,1967,288
"Somalia, Fed. Rep.",1967,79
Sub-Saharan Africa (excluding high income),1967,213
Sub-Saharan Africa,1967,202
Suriname,1967,644
Sweden,1967,3746
Eswatini,1967,183
Seychelles,1967,333
Syrian Arab Republic,1967,273
Chad,1967,128
East Asia & Pacific (IDA & IBRD countries),1967,99
Togo,1967,164
Thailand,1967,171
Latin America & the Caribbean (IDA & IBRD countries),1967,496
"Middle East, North Africa, Afghanistan & Pakistan (IDA & IBRD)",1967,203
South Asia (IDA & IBRD),1967,100
Sub-Saharan Africa (IDA & IBRD countries),1967,202
Trinidad and Tobago,1967,797
Tunisia,1967,228
Turkiye,1967,459
Tanzania,1967,385
Uganda,1967,103
Upper middle income,1967,198
Uruguay,1967,585
United States,1967,4326
St. Vincent and the Grenadines,1967,170
"Venezuela, RB",1967,893
World,1967,663
South Africa,1967,779
Zambia,1967,341
Zimbabwe,1967,294
Africa Eastern and Southern,1968,257
Africa Western and Central,1968,146
Arab World,1968,308
Argentina,1968,1142
Australia,1968,2728
Austria,1968,1686
Burundi,1968,54
Belgium,1968,2251
Benin,1968,111
Burkina Faso,1968,85
Bangladesh,1968,114
"Bahamas, The",1968,2668
Belize,1968,392
Bermuda,1968,2976
Bolivia,1968,195
Brazil,1968,374
Barbados,1968,506
Brunei Darussalam,1968,1274
Botswana,1968,113
Central African Republic,1968,96
Canada,1968,3473
Switzerland,1968,3413
Chile,1968,766
China,1968,92
Cote d'Ivoire,1968,257
Cameroon,1968,171
"Congo, Dem. Rep.",1968,206
"Congo, Rep.",1968,191
Colombia,1968,302
Costa Rica,1968,445
Caribbean small states,1968,660
Germany,1968,2025
Denmark,1968,2776
Dominican Republic,1968,260
Algeria,1968,292
East Asia & Pacific (excluding high income),1968,96
Early-demographic dividend,1968,210
East Asia & Pacific,1968,254
Europe & Central Asia,1968,1127
Ecuador,1968,445
"Egypt, Arab Rep.",1968,180
Euro area,1968,1770
Spain,1968,978
Ethiopia,1968,99
European Union,1968,1514
Fragile and conflict affected situations,1968,178
Finland,1968,1927
Fiji,1968,327
France,1968,2518
Faroe Islands,1968,1736
Gabon,1968,515
United Kingdom,1968,1952
Ghana,1968,197
"Gambia, The",1968,83
Equatorial Guinea,1968,212
Greece,1968,1138
Guatemala,1968,315
Guyana,1968,340
High income,1968,2058
"Hong Kong SAR, China",1968,714
Honduras,1968,314
Heavily indebted poor countries (HIPC),1968,175
Haiti,1968,82
Hungary,1968,476
IBRD only,1968,216
IDA & IBRD total,1968,205
IDA total,1968,144
IDA blend,1968,137
Indonesia,1968,65
IDA only,1968,153
India,1968,102
Ireland,1968,1159
"Iran, Islamic Rep.",1968,314
Iraq,1968,319
Iceland,1968,2473
Israel,1968,1947
Italy,1968,1718
Jamaica,1968,591
Jordan,1968,409
Japan,1968,1553
Kenya,1968,129
St. Kitts and Nevis,1968,309
"Korea, Rep.",1968,200
Kuwait,1968,3872
Latin America & Caribbean (excluding high income),1968,488
Liberia,1968,199
Libya,1968,1972
Latin America & Caribbean,1968,532
Least developed countries: UN classification,1968,147
Low income,1968,133
Sri Lanka,1968,153
Lower middle income,1968,128
Low & middle income,1968,170
Lesotho,1968,65
Late-demographic dividend,1968,209
Luxembourg,1968,3203
Morocco,1968,227
Madagascar,1968,164
"Middle East, North Africa, Afghanistan & Pakistan",1968,282
Mexico,1968,616
Middle income,1968,172
Mali,1968,57
Myanmar,1968,22
"Middle East, North Africa, Afghanistan & Pakistan (excluding high income)",1968,223
Mauritania,1968,301
Mauritius,1968,259
Malaysia,1968,342
North America,1968,4571
New Caledonia,1968,2124
Niger,1968,146
Nigeria,1968,97
Nicaragua,1968,304
Netherlands,1968,2364
Norway,1968,2680
Nepal,1968,65
New Zealand,1968,1902
OECD members,1968,2214
Oman,1968,300
Pakistan,1968,142
Panama,1968,778
Peru,1968,448
Philippines,1968,242
Papua New Guinea,1968,203
Pre-demographic dividend,1968,162
Puerto Rico (US),1968,1481
Portugal,1968,752
Paraguay,1968,227
Post-demographic dividend,1968,2348
French Polynesia,1968,2441
Rwanda,1968,46
South Asia,1968,103
Saudi Arabia,1968,1276
Sudan,1968,118
Senegal,1968,311
Singapore,1968,709
Solomon Islands,1968,167
Sierra Leone,1968,126
El Salvador,1968,290
"Somalia, Fed. Rep.",1968,81
Sub-Saharan Africa (excluding high income),1968,222
Sub-Saharan Africa,1968,211
Suriname,1968,681
Sweden,1968,3953
Eswatini,1968,190
Seychelles,1968,314
Syrian Arab Republic,1968,293
Chad,1968,127
East Asia & Pacific (IDA & IBRD countries),1968,97
Togo,1968,164
Thailand,1968,179
Latin America & the Caribbean (IDA & IBRD countries),1968,518
"Middle East, North Africa, Afghanistan & Pakistan (IDA & IBRD)",1968,221
South Asia (IDA & IBRD),1968,103
Sub-Saharan Africa (IDA & IBRD countries),1968,211
Trinidad and Tobago,1968,783
Tunisia,1968,249
Turkiye,1968,501
Tanzania,1968,399
Uganda,1968,107
Upper middle income,1968,204
Uruguay,1968,579
United States,1968,4685
St. Vincent and the Grenadines,1968,163
"Venezuela, RB",1968,938
World,1968,702
South Africa,1968,817
Zambia,1968,387
Zimbabwe,1968,302
Africa Eastern and Southern,1969,282
Africa Western and Central,1969,162
Arab World,1969,329
Argentina,1969,1330
Australia,1969,2996
Austria,1969,1834
Burundi,1969,55
Belgium,1969,2490
Benin,1969,110
Burkina Faso,1969,87
Bangladesh,1969,126
"Bahamas, The",1969,3027
Belize,1969,402
Bermuda,1969,3214
Bolivia,1969,207
Brazil,1969,399
Barbados,1969,567
Brunei Darussalam,1969,1226
Botswana,1969,132
Central African Republic,1969,92
Canada,1969,3776
Switzerland,1969,3657
Chile,1969,874
China,1969,100
Cote d'Ivoire,1969,262
Cameroon,1969,175
"Congo, Dem. Rep.",1969,257
"Congo, Rep.",1969,195
Colombia,1969,318
Costa Rica,1969,477
Caribbean small states,1969,704
Germany,1969,2281
Denmark,1969,3151
Dominican Republic,1969,288
Algeria,1969,316
East Asia & Pacific (excluding high income),1969,105
Early-demographic dividend,1969,229
East Asia & Pacific,1969,285
Europe & Central Asia,1969,1239
Ecuador,1969,521
"Egypt, Arab Rep.",1969,193
Euro area,1969,1963
Spain,1969,1109
Ethiopia,1969,102
European Union,1969,1677
Fragile and conflict affected situations,1969,195
Finland,1969,2201
Fiji,1969,350
France,1969,2729
Faroe Islands,1969,1849
Gabon,1969,545
United Kingdom,1969,2101
Ghana,1969,226
"Gambia, The",1969,89
Equatorial Guinea,1969,208
Greece,1969,1306
Guatemala,1969,326
Guyana,1969,361
High income,1969,2247
"Hong Kong SAR, China",1969,826
Honduras,1969,316
Heavily indebted poor countries (HIPC),1969,187
Haiti,1969,86
Hungary,1969,527
IBRD only,1969,236
IDA & IBRD total,1969,223
IDA total,1969,157
IDA blend,1969,151
Indonesia,1969,74
IDA only,1969,166
India,1969,109
Ireland,1969,1331
"Iran, Islamic Rep.",1969,345
Iraq,1969,320
Iceland,1969,2142
Israel,1969,2189
Italy,1969,1886
Jamaica,1969,642
Jordan,1969,474
Japan,1969,1803
Kenya,1969,133
St. Kitts and Nevis,1969,347
"Korea, Rep.",1969,245
Kuwait,1969,3695
Latin America & Caribbean (excluding high income),1969,533
Liberia,1969,215
Libya,1969,2175
Latin America & Caribbean,1969,579
Least developed countries: UN classification,1969,159
Low income,1969,151
Sri Lanka,1969,164
Lower middle income,1969,139
Low & middle income,1969,185
Lesotho,1969,67
Late-demographic dividend,1969,227
Luxembourg,1969,3690
Morocco,1969,247
Madagascar,1969,163
"Middle East, North Africa, Afghanistan & Pakistan",1969,305
Mexico,1969,660
Middle income,1969,188
Mali,1969,55
Myanmar,1969,22
"Middle East, North Africa, Afghanistan & Pakistan (excluding high income)",1969,241
Mauritania,1969,277
Mauritius,1969,273
Malaysia,1969,368
North America,1969,4903
New Caledonia,1969,2509
Niger,1969,138
Nigeria,1969,121
Nicaragua,1969,319
Netherlands,1969,2647
Norway,1969,2894
Nepal,1969,65
New Zealand,1969,2097
OECD members,1969,2412
Oman,1969,372
Pakistan,1969,149
Panama,1969,830
Peru,1969,488
Philippines,1969,261
Papua New Guinea,1969,225
Pre-demographic dividend,1969,178
Puerto Rico (US),1969,1662
Portugal,1969,832
Paraguay,1969,238
Post-demographic dividend,1969,2563
French Polynesia,1969,2206
Rwanda,1969,49
South Asia,1969,111
Saudi Arabia,1969,1313
Sudan,1969,126
Senegal,1969,287
Singapore,1969,813
Solomon Islands,1969,166
Sierra Leone,1969,154
El Salvador,1969,293
"Somalia, Fed. Rep.",1969,84
Sub-Saharan Africa (excluding high income),1969,245
Sub-Saharan Africa,1969,231
Suriname,1969,708
Sweden,1969,4263
Eswatini,1969,245
Seychelles,1969,314
Syrian Arab Republic,1969,364
Chad,1969,129
East Asia & Pacific (IDA & IBRD countries),1969,106
Togo,1969,175
Thailand,1969,191
Latin America & the Caribbean (IDA & IBRD countries),1969,563
"Middle East, North Africa, Afghanistan & Pakistan (IDA & IBRD)",1969,239
South Asia (IDA & IBRD),1969,111
Sub-Saharan Africa (IDA & IBRD countries),1969,231
Trinidad and Tobago,1969,795
Tunisia,1969,258
Turkiye,1969,544
Tanzania,1969,405
Uganda,1969,117
Upper middle income,1969,223
Uruguay,1969,723
United States,1969,5020
St. Vincent and the Grenadines,1969,175
"Venezuela, RB",1969,932
World,1969,760
South Africa,1969,891
Zambia,1969,459
Zimbabwe,1969,346
Africa Eastern and Southern,1970,277
Africa Western and Central,1970,219
Andorra,1970,3935
Arab World,1970,358
United Arab Emirates,1970,2394
Argentina,1970,1323
Australia,1970,3310
Austria,1970,2051
Burundi,1970,69
Belgium,1970,2766
Benin,1970,109
Burkina Faso,1970,82
Bangladesh,1970,130
Bahrain,1970,1742
"Bahamas, The",1970,2916
Belize,1970,442
Bermuda,1970,3574
Bolivia,1970,222
Brazil,1970,444
Barbados,1970,666
Brunei Darussalam,1970,1325
Bhutan,1970,200
Botswana,1970,163
Central African Republic,1970,90
Canada,1970,4136
Switzerland,1970,4044
Chile,1970,941
China,1970,113
Cote d'Ivoire,1970,269
Cameroon,1970,178
"Congo, Dem. Rep.",1970,242
"Congo, Rep.",1970,197
Colombia,1970,346
Costa Rica,1970,536
Caribbean small states,1970,731
Cuba,1970,645
Germany,1970,2771
Denmark,1970,3464
Dominican Republic,1970,338
Algeria,1970,353
East Asia & Pacific (excluding high income),1970,114
Early-demographic dividend,1970,238
East Asia & Pacific,1970,320
Europe & Central Asia,1970,1382
Ecuador,1970,465
"Egypt, Arab Rep.",1970,232
Euro area,1970,2212
Spain,1970,1211
Ethiopia,1970,109
European Union,1970,1886
Fragile and conflict affected situations,1970,227
Finland,1970,2466
Fiji,1970,414
France,1970,2833
Faroe Islands,1970,2219
"Micronesia, Fed. Sts.",1970,337
Gabon,1970,543
United Kingdom,1970,2348
Ghana,1970,248
Guinea,1970,753
"Gambia, The",1970,100
Guinea-Bissau,1970,350
Equatorial Guinea,1970,207
Greece,1970,1474
Greenland,1970,1498
Guatemala,1970,353
Guyana,1970,381
High income,1970,2444
"Hong Kong SAR, China",1970,960
Honduras,1970,329
Heavily indebted poor countries (HIPC),1970,176
Haiti,1970,71
Hungary,1970,559
IBRD only,1970,251
IDA & IBRD total,1970,238
IDA total,1970,171
IDA blend,1970,199
Indonesia,1970,79
IDA only,1970,159
India,1970,114
Ireland,1970,1487
"Iran, Islamic Rep.",1970,377
Iraq,1970,337
Iceland,1970,2666
Israel,1970,2490
Italy,1970,2112
Jamaica,1970,748
Jordan,1970,409
Japan,1970,2101
Kenya,1970,141
Kiribati,1970,201
St. Kitts and Nevis,1970,365
"Korea, Rep.",1970,282
Kuwait,1970,3552
Latin America & Caribbean (excluding high income),1970,565
Liberia,1970,220
Libya,1970,2210
Latin America & Caribbean,1970,616
Least developed countries: UN classification,1970,150
Low income,1970,150
Liechtenstein,1970,4262
Sri Lanka,1970,187
Lower middle income,1970,147
Low & middle income,1970,197
Lesotho,1970,67
Late-demographic dividend,1970,252
Luxembourg,1970,4298
Morocco,1970,260
Monaco,1970,12098
Madagascar,1970,167
Maldives,1970,157
"Middle East, North Africa, Afghanistan & Pakistan",1970,335
Mexico,1970,699
Marshall Islands,1970,373
Middle income,1970,200
Mali,1970,57
Malta,1970,828
Myanmar,1970,21
"Middle East, North Africa, Afghanistan & Pakistan (excluding high income)",1970,264
Mauritania,1970,281
Mauritius,1970,271
Malaysia,1970,380
North America,1970,5130
New Caledonia,1970,3282
Niger,1970,140
Nigeria,1970,224
Nicaragua,1970,321
Netherlands,1970,2931
Norway,1970,3306
Nepal,1970,70
Nauru,1970,2619
New Zealand,1970,2311
OECD members,1970,2613
Oman,1970,387
Pakistan,1970,167
Panama,1970,893
Peru,1970,550
Philippines,1970,201
Palau,1970,1017
Papua New Guinea,1970,258
Pre-demographic dividend,1970,195
Puerto Rico (US),1970,1852
Portugal,1970,934
Paraguay,1970,249
Pacific island small states,1970,359
Post-demographic dividend,1970,2786
French Polynesia,1970,2228
Qatar,1970,2594
Rwanda,1970,55
South Asia,1970,117
Saudi Arabia,1970,1509
Sudan,1970,139
Senegal,1970,290
Singapore,1970,926
Sierra Leone,1970,160
El Salvador,1970,309
"Somalia, Fed. Rep.",1970,93
Sub-Saharan Africa (excluding high income),1970,266
Sub-Saharan Africa,1970,252
Small states,1970,465
Sao Tome and Principe,1970,479
Suriname,1970,724
Sweden,1970,4729
Eswatini,1970,254
Seychelles,1970,344
Syrian Arab Republic,1970,335
Chad,1970,126
East Asia & Pacific (IDA & IBRD countries),1970,115
Togo,1970,160
Thailand,1970,197
Latin America & the Caribbean (IDA & IBRD countries),1970,599
"Middle East, North Africa, Afghanistan & Pakistan (IDA & IBRD)",1970,261
South Asia (IDA & IBRD),1970,117
Sub-Saharan Africa (IDA & IBRD countries),1970,252
Trinidad and Tobago,1970,829
Tunisia,1970,280
Turkiye,1970,488
Tuvalu,1970,457
Tanzania,1970,217
Uganda,1970,122
Upper middle income,1970,239
Uruguay,1970,766
United States,1970,5234
St. Vincent and the Grenadines,1970,192
"Venezuela, RB",1970,1015
World,1970,816
Samoa,1970,322
South Africa,1970,952
Zambia,1970,414
Zimbabwe,1970,361
Africa Eastern and Southern,1971,295
Africa Western and Central,1971,196
Andorra,1971,4170
Arab World,1971,403
United Arab Emirates,1971,2805
Argentina,1971,1373
Australia,1971,3500
Austria,1971,2372
Burundi,1971,70
Belgium,1971,3083
Benin,1971,107
Burkina Faso,1971,85
Bangladesh,1971,125
Bahrain,1971,1830
"Bahamas, The",1971,3004
Belize,1971,481
Bermuda,1971,4013
Bolivia,1971,233
Brazil,1971,500
Barbados,1971,750
Brunei Darussalam,1971,1432
Bhutan,1971,208
Botswana,1971,212
Central African Republic,1971,94
Canada,1971,4535
Switzerland,1971,4835
Chile,1971,1099
China,1971,119
Cote d'Ivoire,1971,280
Cameroon,1971,187
"Congo, Dem. Rep.",1971,270
"Congo, Rep.",1971,224
Colombia,1971,367
Costa Rica,1971,570
Caribbean small states,1971,781
Cuba,1971,770
Germany,1971,3204
Denmark,1971,3846
Dominican Republic,1971,368
Algeria,1971,360
East Asia & Pacific (excluding high income),1971,119
Early-demographic dividend,1971,250
East Asia & Pacific,1971,347
Europe & Central Asia,1971,1548
Ecuador,1971,434
"Egypt, Arab Rep.",1971,243
Euro area,1971,2493
Spain,1971,1361
Ethiopia,1971,113
European Union,1971,2121
Fragile and conflict affected situations,1971,229
Finland,1971,2716
Fiji,1971,458
France,1971,3137
Faroe Islands,1971,2564
"Micronesia, Fed. Sts.",1971,359
Gabon,1971,627
United Kingdom,1971,2650
Ghana,1971,263
Guinea,1971,825
"Gambia, The",1971,103
Guinea-Bissau,1971,348
Equatorial Guinea,1971,206
Greece,1971,1629
Greenland,1971,1874
Guatemala,1971,358
Guyana,1971,396
High income,1971,2685
"Hong Kong SAR, China",1971,1106
Honduras,1971,338
Heavily indebted poor countries (HIPC),1971,184
Haiti,1971,77
Hungary,1971,607
IBRD only,1971,267
IDA & IBRD total,1971,251
IDA total,1971,168
IDA blend,1971,182
Indonesia,1971,79
IDA only,1971,165
India,1971,121
Ireland,1971,1704
"Iran, Islamic Rep.",1971,457
Iraq,1971,384
Iceland,1971,3366
Israel,1971,2298
Italy,1971,2311
Jamaica,1971,809
Jordan,1971,412
Japan,1971,2321
Kenya,1971,151
Kiribati,1971,211
St. Kitts and Nevis,1971,444
"Korea, Rep.",1971,304
Kuwait,1971,4486
Latin America & Caribbean (excluding high income),1971,610
Liberia,1971,227
Libya,1971,2443
Latin America & Caribbean,1971,671
Least developed countries: UN classification,1971,154
Low income,1971,163
Liechtenstein,1971,4856
Sri Lanka,1971,189
Lower middle income,1971,149
Low & middle income,1971,207
Lesotho,1971,72
Late-demographic dividend,1971,274
Luxembourg,1971,4435
Morocco,1971,279
Monaco,1971,13334
Madagascar,1971,175
Maldives,1971,170
"Middle East, North Africa, Afghanistan & Pakistan",1971,371
Mexico,1971,748
Marshall Islands,1971,390
Middle income,1971,210
Mali,1971,62
Malta,1971,874
Myanmar,1971,21
"Middle East, North Africa, Afghanistan & Pakistan (excluding high income)",1971,290
Mauritania,1971,296
Mauritius,1971,300
Malaysia,1971,407
North America,1971,5506
New Caledonia,1971,3615
Niger,1971,145
Nigeria,1971,160
Nicaragua,1971,331
Netherlands,1971,3384
Norway,1971,3736
Nepal,1971,69
Nauru,1971,2811
New Zealand,1971,2773
OECD members,1971,2858
Oman,1971,442
Pakistan,1971,172
Panama,1971,979
Peru,1971,599
Philippines,1971,217
Palau,1971,1081
Papua New Guinea,1971,280
Pre-demographic dividend,1971,188
Puerto Rico (US),1971,2044
Portugal,1971,1065
Paraguay,1971,272
Pacific island small states,1971,396
Post-demographic dividend,1971,3059
French Polynesia,1971,2517
Qatar,1971,2952
Rwanda,1971,54
South Asia,1971,121
Saudi Arabia,1971,1929
Sudan,1971,147
Senegal,1971,291
Singapore,1971,1071
Solomon Islands,1971,277
Sierra Leone,1971,152
El Salvador,1971,316
"Somalia, Fed. Rep.",1971,90
Sub-Saharan Africa (excluding high income),1971,266
Sub-Saharan Africa,1971,252
Small states,1971,511
Sao Tome and Principe,1971,470
Suriname,1971,768
Sweden,1971,5125
Eswatini,1971,301
Seychelles,1971,402
Syrian Arab Republic,1971,393
Chad,1971,132
East Asia & Pacific (IDA & IBRD countries),1971,121
Togo,1971,175
Thailand,1971,200
Latin America & the Caribbean (IDA & IBRD countries),1971,650
"Middle East, North Africa, Afghanistan & Pakistan (IDA & IBRD)",1971,288
South Asia (IDA & IBRD),1971,121
Sub-Saharan Africa (IDA & IBRD countries),1971,252
Trinidad and Tobago,1971,894
Tunisia,1971,320
Turkiye,1971,431
Tuvalu,1971,478
Tanzania,1971,224
Uganda,1971,133
Upper middle income,1971,254
Uruguay,1971,1000
United States,1971,5609
St. Vincent and the Grenadines,1971,207
"Venezuela, RB",1971,1106
World,1971,883
Samoa,1971,377
South Africa,1971,1020
Zambia,1971,372
Zimbabwe,1971,406
Africa Eastern and Southern,1972,311
Africa Western and Central,1972,230
Andorra,1972,4940
Arab World,1972,470
United Arab Emirates,1972,3675
Argentina,1972,1409
Australia,1972,3955
Austria,1972,2913
Burundi,1972,68
Belgium,1972,3832
Benin,1972,128
Burkina Faso,1972,100
Bangladesh,1972,88
Bahrain,1972,2206
"Bahamas, The",1972,3014
Belize,1972,529
Bermuda,1972,4458
Bolivia,1972,262
Brazil,1972,583
Barbados,1972,856
Brunei Darussalam,1972,1905
Bhutan,1972,212
Botswana,1972,264
Central African Republic,1972,105
Canada,1972,5107
Switzerland,1972,5885
Chile,1972,1185
China,1972,132
Cote d'Ivoire,1972,313
Cameroon,1972,220
"Congo, Dem. Rep.",1972,291
"Congo, Rep.",1972,276
Colombia,1972,397
Costa Rica,1972,639
Caribbean small states,1972,858
Cuba,1972,892
Germany,1972,3824
Denmark,1972,4654
Dominican Republic,1972,427
Algeria,1972,469
East Asia & Pacific (excluding high income),1972,132
Early-demographic dividend,1972,270
East Asia & Pacific,1972,421
Europe & Central Asia,1972,1840
Ecuador,1972,488
"Egypt, Arab Rep.",1972,256
Euro area,1972,2990
Spain,1972,1708
Ethiopia,1972,120
European Union,1972,2540
Fragile and conflict affected situations,1972,259
Finland,1972,3178
Fiji,1972,575
France,1972,3809
Faroe Islands,1972,3046
"Micronesia, Fed. Sts.",1972,403
Gabon,1972,693
United Kingdom,1972,3030
Ghana,1972,224
Guinea,1972,948
"Gambia, The",1972,107
Guinea-Bissau,1972,389
Equatorial Guinea,1972,211
Greece,1972,1873
Greenland,1972,2197
Guatemala,1972,370
Guyana,1972,395
High income,1972,3090
"Hong Kong SAR, China",1972,1385
Honduras,1972,353
Heavily indebted poor countries (HIPC),1972,200
Haiti,1972,77
Hungary,1972,710
IBRD only,1972,295
IDA & IBRD total,1972,274
IDA total,1972,176
IDA blend,1972,199
Indonesia,1972,90
IDA only,1972,167
India,1972,125
Ireland,1972,2080
"Iran, Islamic Rep.",1972,555
Iraq,1972,394
Iceland,1972,4155
Israel,1972,2930
Italy,1972,2677
Jamaica,1972,971
Jordan,1972,460
Japan,1972,3031
Kenya,1972,173
Kiribati,1972,256
St. Kitts and Nevis,1972,521
"Korea, Rep.",1972,328
Kuwait,1972,4836
Latin America & Caribbean (excluding high income),1972,677
Liberia,1972,239
Libya,1972,2830
Latin America & Caribbean,1972,737
Least developed countries: UN classification,1972,155
Low income,1972,178
Liechtenstein,1972,5645
Sri Lanka,1972,199
Lower middle income,1972,156
Low & middle income,1972,227
Lesotho,1972,74
Late-demographic dividend,1972,309
Luxembourg,1972,5487
Morocco,1972,317
Monaco,1972,16187
Madagascar,1972,190
Maldives,1972,192
"Middle East, North Africa, Afghanistan & Pakistan",1972,425
Mexico,1972,837
Marshall Islands,1972,416
Middle income,1972,230
Mali,1972,75
Malta,1972,976
Myanmar,1972,23
"Middle East, North Africa, Afghanistan & Pakistan (excluding high income)",1972,321
Mauritania,1972,335
Mauritius,1972,374
Malaysia,1972,472
North America,1972,5999
New Caledonia,1972,4226
Niger,1972,151
Nigeria,1972,209
Nicaragua,1972,341
Netherlands,1972,4110
Norway,1972,4414
Nepal,1972,79
Nauru,1972,3191
New Zealand,1972,3295
OECD members,1972,3281
Oman,1972,524
Pakistan,1972,148
Panama,1972,1046
Peru,1972,647
Philippines,1972,230
Palau,1972,1145
Papua New Guinea,1972,327
Pre-demographic dividend,1972,215
Puerto Rico (US),1972,2246
Portugal,1972,1302
Paraguay,1972,308
Pacific island small states,1972,460
Post-demographic dividend,1972,3519
French Polynesia,1972,2678
Qatar,1972,3483
Rwanda,1972,58
South Asia,1972,122
Saudi Arabia,1972,2474
Sudan,1972,155
Senegal,1972,342
Singapore,1972,1264
Solomon Islands,1972,220
Sierra Leone,1972,165
El Salvador,1972,329
"Somalia, Fed. Rep.",1972,114
Sub-Saharan Africa (excluding high income),1972,292
Sub-Saharan Africa,1972,276
Small states,1972,584
Sao Tome and Principe,1972,511
Suriname,1972,785
Sweden,1972,6018
Eswatini,1972,315
Seychelles,1972,547
Syrian Arab Republic,1972,448
Chad,1972,150
East Asia & Pacific (IDA & IBRD countries),1972,134
Togo,1972,199
Thailand,1972,216
Latin America & the Caribbean (IDA & IBRD countries),1972,712
"Middle East, North Africa, Afghanistan & Pakistan (IDA & IBRD)",1972,318
South Asia (IDA & IBRD),1972,122
Sub-Saharan Africa (IDA & IBRD countries),1972,276
Trinidad and Tobago,1972,1067
Tunisia,1972,415
Turkiye,1972,537
Tuvalu,1972,522
Tanzania,1972,247
Uganda,1972,137
Upper middle income,1972,284
Uruguay,1972,776
United States,1972,6094
St. Vincent and the Grenadines,1972,282
"Venezuela, RB",1972,1155
World,1972,1000
Samoa,1972,433
South Africa,1972,1038
Zambia,1972,410
Zimbabwe,1972,483
Africa Eastern and Southern,1973,390
Africa Western and Central,1973,281
Andorra,1973,6151
Arab World,1973,603
United Arab Emirates,1973,9696
Argentina,1973,2098
Australia,1973,4778
Austria,1973,3875
Burundi,1973,84
Belgium,1973,4901
Benin,1973,154
Burkina Faso,1973,114
Bangladesh,1973,110
Bahrain,1973,2981
"Bahamas, The",1973,3341
Belize,1973,619
Bermuda,1973,5090
Bolivia,1973,257
Brazil,1973,815
Barbados,1973,1042
Brunei Darussalam,1973,2939
Bhutan,1973,231
Botswana,1973,374
Central African Republic,1973,122
Canada,1973,5858
Switzerland,1973,7856
Chile,1973,1667
China,1973,157
Cote d'Ivoire,1973,406
Cameroon,1973,272
"Congo, Dem. Rep.",1973,361
"Congo, Rep.",1973,353
Colombia,1973,462
Costa Rica,1973,769
Caribbean small states,1973,987
Cuba,1973,1079
Germany,1973,5065
Denmark,1973,6117
Dominican Republic,1973,490
Algeria,1973,590
East Asia & Pacific (excluding high income),1973,163
Early-demographic dividend,1973,337
East Asia & Pacific,1973,543
Europe & Central Asia,1973,2322
Ecuador,1973,579
"Egypt, Arab Rep.",1973,272
Euro area,1973,3856
Spain,1973,2246
Ethiopia,1973,135
European Union,1973,3266
Fragile and conflict affected situations,1973,313
Finland,1973,4174
Fiji,1973,762
France,1973,4907
Faroe Islands,1973,4068
"Micronesia, Fed. Sts.",1973,544
Gabon,1973,1140
United Kingdom,1973,3426
Ghana,1973,310
Guinea,1973,1143
"Gambia, The",1973,131
Guinea-Bissau,1973,392
Equatorial Guinea,1973,269
Greece,1973,2468
Greenland,1973,2860
Guatemala,1973,441
Guyana,1973,421
High income,1973,3714
"Hong Kong SAR, China",1973,1893
Honduras,1973,375
Heavily indebted poor countries (HIPC),1973,238
Haiti,1973,95
Hungary,1973,876
IBRD only,1973,374
IDA & IBRD total,1973,343
IDA total,1973,199
IDA blend,1973,210
Indonesia,1973,130
IDA only,1973,197
India,1973,147
Ireland,1973,2424
"Iran, Islamic Rep.",1973,851
Iraq,1973,476
Iceland,1973,5627
Israel,1973,3631
Italy,1973,3213
Jamaica,1973,972
Jordan,1973,531
Japan,1973,4061
Kenya,1973,199
Kiribati,1973,422
St. Kitts and Nevis,1973,551
"Korea, Rep.",1973,412
Kuwait,1973,5532
Latin America & Caribbean (excluding high income),1973,885
Liberia,1973,244
Libya,1973,3727
Latin America & Caribbean,1973,957
Least developed countries: UN classification,1973,184
Low income,1973,207
Liechtenstein,1973,7282
Sri Lanka,1973,220
Lower middle income,1973,179
Low & middle income,1973,282
Lesotho,1973,107
Late-demographic dividend,1973,393
Luxembourg,1973,7447
Morocco,1973,381
Monaco,1973,20882
Madagascar,1973,227
Maldives,1973,229
"Middle East, North Africa, Afghanistan & Pakistan",1973,538
Mexico,1973,993
Marshall Islands,1973,472
Middle income,1973,288
Mali,1973,85
Malta,1973,1144
Myanmar,1973,25
"Middle East, North Africa, Afghanistan & Pakistan (excluding high income)",1973,385
Mauritania,1973,410
Mauritius,1973,467
Malaysia,1973,701
North America,1973,6643
New Caledonia,1973,4318
Niger,1973,188
Nigeria,1973,252
Nicaragua,1973,413
Netherlands,1973,5353
Norway,1973,5690
Nepal,1973,73
Nauru,1973,3864
New Zealand,1973,4323
OECD members,1973,3928
Oman,1973,670
Pakistan,1973,98
Panama,1973,1164
Peru,1973,754
Philippines,1973,283
Palau,1973,1221
Papua New Guinea,1973,483
Pre-demographic dividend,1973,258
Puerto Rico (US),1973,2432
Portugal,1973,1748
Paraguay,1973,389
Pacific island small states,1973,604
Post-demographic dividend,1973,4218
French Polynesia,1973,3425
Qatar,1973,4905
Rwanda,1973,67
South Asia,1973,143
Saudi Arabia,1973,3640
Sudan,1973,185
Senegal,1973,381
Singapore,1973,1685
Solomon Islands,1973,291
Sierra Leone,1973,201
El Salvador,1973,366
"Somalia, Fed. Rep.",1973,120
Sub-Saharan Africa (excluding high income),1973,364
Sub-Saharan Africa,1973,343
Small states,1973,722
Sao Tome and Principe,1973,676
Suriname,1973,858
Sweden,1973,7291
Eswatini,1973,463
Seychelles,1973,649
Syrian Arab Republic,1973,459
Chad,1973,162
East Asia & Pacific (IDA & IBRD countries),1973,165
Togo,1973,234
Thailand,1973,278
Latin America & the Caribbean (IDA & IBRD countries),1973,933
"Middle East, North Africa, Afghanistan & Pakistan (IDA & IBRD)",1973,382
South Asia (IDA & IBRD),1973,143
Sub-Saharan Africa (IDA & IBRD countries),1973,343
Trinidad and Tobago,1973,1273
Tunisia,1973,493
Turkiye,1973,661
Tuvalu,1973,601
Tanzania,1973,284
Uganda,1973,153
Upper middle income,1973,366
Uruguay,1973,1397
United States,1973,6726
St. Vincent and the Grenadines,1973,306
"Venezuela, RB",1973,1367
World,1973,1199
Samoa,1973,563
South Africa,1973,1369
Zambia,1973,518
Zimbabwe,1973,579
Africa Eastern and Southern,1974,463
Africa Western and Central,1974,368
Andorra,1974,7140
Arab World,1974,1125
United Arab Emirates,1974,23823
Argentina,1974,2845
Australia,1974,6492
Austria,1974,4613
Burundi,1974,93
Belgium,1974,5734
Benin,1974,165
Burkina Faso,1974,125
Bangladesh,1974,165
Bahrain,1974,3874
"Bahamas, The",1974,3080
Belize,1974,805
Bermuda,1974,5892
Bolivia,1974,418
Brazil,1974,1045
Barbados,1974,1243
Brunei Darussalam,1974,15195
Bhutan,1974,263
Botswana,1974,446
Central African Republic,1974,124
Canada,1974,7057
Switzerland,1974,9005
Chile,1974,1579
China,1974,160
Cote d'Ivoire,1974,474
Cameroon,1974,300
"Congo, Dem. Rep.",1974,428
"Congo, Rep.",1974,370
Colombia,1974,542
Costa Rica,1974,817
Caribbean small states,1974,1296
Cuba,1974,1217
Germany,1974,5660
Denmark,1974,6764
Dominican Republic,1974,595
Algeria,1974,873
East Asia & Pacific (excluding high income),1974,180
Early-demographic dividend,1974,461
East Asia & Pacific,1974,614
Europe & Central Asia,1974,2604
Ecuador,1974,954
"Egypt, Arab Rep.",1974,243
Euro area,1974,4349
Spain,1974,2748
Ethiopia,1974,148
European Union,1974,3675
Fragile and conflict affected situations,1974,460
Finland,1974,5298
Fiji,1974,984
France,1974,5261
Faroe Islands,1974,4906
"Micronesia, Fed. Sts.",1974,701
Gabon,1974,2384
United Kingdom,1974,3666
Ghana,1974,289
Guinea,1974,1243
"Gambia, The",1974,163
Guinea-Bissau,1974,419
Equatorial Guinea,1974,319
Greece,1974,2789
Greenland,1974,3433
Guatemala,1974,529
Guyana,1974,588
High income,1974,4163
"Hong Kong SAR, China",1974,2145
Honduras,1974,401
Heavily indebted poor countries (HIPC),1974,273
Haiti,1974,113
Hungary,1974,956
IBRD only,1974,464
IDA & IBRD total,1974,426
IDA total,1974,254
IDA blend,1974,290
Indonesia,1974,201
IDA only,1974,240
India,1974,167
Ireland,1974,2517
"Iran, Islamic Rep.",1974,1409
Iraq,1974,1031
Iceland,1974,7287
Israel,1974,5085
Italy,1974,3629
Jamaica,1974,1193
Jordan,1974,651
Japan,1974,4448
Kenya,1974,227
Kiribati,1974,1131
St. Kitts and Nevis,1974,721
"Korea, Rep.",1974,572
Kuwait,1974,12527
Latin America & Caribbean (excluding high income),1974,1136
Liberia,1974,299
Libya,1974,6214
Latin America & Caribbean,1974,1210
Least developed countries: UN classification,1974,223
Low income,1974,253
Liechtenstein,1974,8272
Sri Lanka,1974,269
Lower middle income,1974,216
Low & middle income,1974,351
Lesotho,1974,129
Late-demographic dividend,1974,463
Luxembourg,1974,8967
Morocco,1974,457
Monaco,1974,22348
Madagascar,1974,255
Maldives,1974,281
"Middle East, North Africa, Afghanistan & Pakistan",1974,950
Mexico,1974,1256
Marshall Islands,1974,602
Middle income,1974,358
Mali,1974,80
Malta,1974,1245
Myanmar,1974,41
"Middle East, North Africa, Afghanistan & Pakistan (excluding high income)",1974,575
Mauritania,1974,494
Mauritius,1974,763
Malaysia,1974,848
North America,1974,7209
New Caledonia,1974,4849
Niger,1974,198
Nigeria,1974,403
Nicaragua,1974,557
Netherlands,1974,6450
Norway,1974,6812
Nepal,1974,90
Nauru,1974,5199
New Zealand,1974,4611
OECD members,1974,4359
Oman,1974,2203
Pakistan,1974,132
Panama,1974,1296
Peru,1974,927
Philippines,1974,379
Palau,1974,1328
Papua New Guinea,1974,533
Pre-demographic dividend,1974,346
Puerto Rico (US),1974,2615
Portugal,1974,2000
Paraguay,1974,508
Pacific island small states,1974,804
Post-demographic dividend,1974,4674
French Polynesia,1974,4273
Qatar,1974,13540
Rwanda,1974,69
South Asia,1974,167
Saudi Arabia,1974,10503
Sudan,1974,229
Senegal,1974,417
Singapore,1974,2342
Solomon Islands,1974,433
Sierra Leone,1974,222
El Salvador,1974,413
"Somalia, Fed. Rep.",1974,138
Sub-Saharan Africa (excluding high income),1974,451
Sub-Saharan Africa,1974,423
Small states,1974,1134
Sao Tome and Principe,1974,683
Suriname,1974,1041
Sweden,1974,8078
Eswatini,1974,536
Seychelles,1974,745
Syrian Arab Republic,1974,707
Chad,1974,160
East Asia & Pacific (IDA & IBRD countries),1974,183
Togo,1974,315
Thailand,1974,343
Latin America & the Caribbean (IDA & IBRD countries),1974,1190
"Middle East, North Africa, Afghanistan & Pakistan (IDA & IBRD)",1974,571
South Asia (IDA & IBRD),1974,167
Sub-Saharan Africa (IDA & IBRD countries),1974,423
Trinidad and Tobago,1974,1962
Tunisia,1974,624
Turkiye,1974,881
Tuvalu,1974,708
Tanzania,1974,329
Uganda,1974,184
Upper middle income,1974,461
Uruguay,1974,1433
United States,1974,7226
St. Vincent and the Grenadines,1974,331
"Venezuela, RB",1974,2034
World,1974,1359
Samoa,1974,626
South Africa,1974,1656
Zambia,1974,601
Zimbabwe,1974,674
Africa Eastern and Southern,1975,479
Africa Western and Central,1975,413
Andorra,1975,7925
Arab World,1975,1206
United Arab Emirates,1975,27117
Argentina,1975,2027
Australia,1975,7014
Austria,1975,5265
Burundi,1975,111
Belgium,1975,6701
Benin,1975,196
Burkina Faso,1975,153
Bangladesh,1975,250
Bahrain,1975,3880
"Bahamas, The",1975,2841
Belize,1975,906
Bermuda,1975,6494
Bolivia,1975,468
Brazil,1975,1201
Barbados,1975,1601
Brunei Darussalam,1975,15793
Bhutan,1975,237
Botswana,1975,493
Central African Republic,1975,164
Canada,1975,7537
Switzerland,1975,10328
Chile,1975,732
China,1975,179
Cote d'Ivoire,1975,575
Cameroon,1975,386
"Congo, Dem. Rep.",1975,445
"Congo, Rep.",1975,471
Colombia,1975,561
Costa Rica,1975,937
Caribbean small states,1975,1474
Cuba,1975,1374
Cyprus,1975,976
Germany,1975,6259
Denmark,1975,7988
Dominican Republic,1975,713
Algeria,1975,992
East Asia & Pacific (excluding high income),1975,199
Early-demographic dividend,1975,481
East Asia & Pacific,1975,660
Europe & Central Asia,1975,3020
Ecuador,1975,1086
"Egypt, Arab Rep.",1975,299
Euro area,1975,5017
Spain,1975,3208
Ethiopia,1975,144
European Union,1975,4254
Fragile and conflict affected situations,1975,493
Finland,1975,6256
Fiji,1975,1188
France,1975,6617
Faroe Islands,1975,5606
"Micronesia, Fed. Sts.",1975,684
Gabon,1975,3258
United Kingdom,1975,4300
Ghana,1975,273
Guinea,1975,1311
"Gambia, The",1975,190
Guinea-Bissau,1975,435
Equatorial Guinea,1975,362
Greece,1975,3109
Greenland,1975,4258
Guatemala,1975,595
Guyana,1975,664
High income,1975,4606
"Hong Kong SAR, China",1975,2252
Honduras,1975,417
Heavily indebted poor countries (HIPC),1975,299
Haiti,1975,134
Hungary,1975,1083
IBRD only,1975,491
IDA & IBRD total,1975,456
IDA total,1975,291
IDA blend,1975,325
Indonesia,1975,231
IDA only,1975,278
India,1975,161
Ireland,1975,2973
"Iran, Islamic Rep.",1975,1532
Iraq,1975,1166
Iceland,1975,6680
Israel,1975,4672
Italy,1975,4116
Jamaica,1975,1417
Jordan,1975,718
Japan,1975,4776
Kenya,1975,241
Cambodia,1975,114
Kiribati,1975,730
St. Kitts and Nevis,1975,765
"Korea, Rep.",1975,627
Kuwait,1975,10882
Latin America & Caribbean (excluding high income),1975,1196
Liberia,1975,346
Libya,1975,5721
Latin America & Caribbean,1975,1240
Least developed countries: UN classification,1975,262
Low income,1975,291
Liechtenstein,1975,10333
Sri Lanka,1975,280
Lower middle income,1975,231
Low & middle income,1975,380
Lesotho,1975,123
Late-demographic dividend,1975,503
Luxembourg,1975,8701
Morocco,1975,522
Monaco,1975,27921
Madagascar,1975,295
Maldives,1975,171
"Middle East, North Africa, Afghanistan & Pakistan",1975,1013
Mexico,1975,1492
Marshall Islands,1975,638
Middle income,1975,387
Mali,1975,121
Malta,1975,1560
Myanmar,1975,35
"Middle East, North Africa, Afghanistan & Pakistan (excluding high income)",1975,642
Mauritania,1975,551
Mauritius,1975,755
Malaysia,1975,811
North America,1975,7776
New Caledonia,1975,5941
Niger,1975,197
Nigeria,1975,438
Nicaragua,1975,561
Netherlands,1975,7346
Norway,1975,8204
Nepal,1975,114
Nauru,1975,5740
New Zealand,1975,4172
OECD members,1975,4834
Oman,1975,2692
Other small states,1975,1110
Pakistan,1975,162
Panama,1975,1406
Peru,1975,1104
Philippines,1975,401
Palau,1975,1464
Papua New Guinea,1975,482
Pre-demographic dividend,1975,383
Puerto Rico (US),1975,2738
Portugal,1975,2128
Paraguay,1975,562
Pacific island small states,1975,872
Post-demographic dividend,1975,5197
French Polynesia,1975,5150
Qatar,1975,13014
Rwanda,1975,124
South Asia,1975,172
Saudi Arabia,1975,10266
Sudan,1975,270
Senegal,1975,547
Singapore,1975,2490
Solomon Islands,1975,372
Sierra Leone,1975,228
El Salvador,1975,457
"Somalia, Fed. Rep.",1975,178
Sub-Saharan Africa (excluding high income),1975,483
Sub-Saharan Africa,1975,451
Small states,1975,1211
Sao Tome and Principe,1975,693
Suriname,1975,1190
Sweden,1975,10103
Eswatini,1975,568
Seychelles,1975,806
Syrian Arab Republic,1975,904
Chad,1975,207
East Asia & Pacific (IDA & IBRD countries),1975,201
Togo,1975,339
Thailand,1975,364
Latin America & the Caribbean (IDA & IBRD countries),1975,1215
"Middle East, North Africa, Afghanistan & Pakistan (IDA & IBRD)",1975,637
Tonga,1975,349
South Asia (IDA & IBRD),1975,172
Sub-Saharan Africa (IDA & IBRD countries),1975,451
Trinidad and Tobago,1975,2319
Tunisia,1975,741
Turkiye,1975,1122
Tuvalu,1975,656
Tanzania,1975,365
Uganda,1975,201
Upper middle income,1975,500
Uruguay,1975,1232
United States,1975,7801
St. Vincent and the Grenadines,1975,331
"Venezuela, RB",1975,2078
World,1975,1486
Samoa,1975,610
South Africa,1975,1670
Zambia,1975,490
Zimbabwe,1975,717
Africa Eastern and Southern,1976,469
Africa Western and Central,1976,480
Andorra,1976,7721
Arab World,1976,1458
United Arab Emirates,1976,31197
Argentina,1976,1947
Australia,1976,7497
Austria,1976,5656
Burundi,1976,115
Belgium,1976,7243
Benin,1976,198
Burkina Faso,1976,155
Bangladesh,1976,127
Bahrain,1976,5310
"Bahamas, The",1976,2993
Belize,1976,729
Bermuda,1976,7260
Bolivia,1976,520
Brazil,1976,1390
Barbados,1976,1734
Brunei Darussalam,1976,18671
Bhutan,1976,234
Botswana,1976,490
Central African Republic,1976,192
Canada,1976,8839
Switzerland,1976,10865
Chile,1976,971
China,1976,166
Cote d'Ivoire,1976,661
Cameroon,1976,381
"Congo, Dem. Rep.",1976,408
"Congo, Rep.",1976,453
Colombia,1976,643
Costa Rica,1976,1123
Caribbean small states,1976,1498
Cuba,1976,1441
Cyprus,1976,1157
Germany,1976,6659
Denmark,1976,8773
Dominican Republic,1976,763
Algeria,1976,1080
East Asia & Pacific (excluding high income),1976,199
Early-demographic dividend,1976,513
East Asia & Pacific,1976,714
Europe & Central Asia,1976,3117
Ecuador,1976,1242
"Egypt, Arab Rep.",1976,335
Euro area,1976,5213
Spain,1976,3277
Ethiopia,1976,152
European Union,1976,4432
Fragile and conflict affected situations,1976,572
Finland,1976,6740
Fiji,1976,1186
France,1976,6792
Faroe Islands,1976,6594
"Micronesia, Fed. Sts.",1976,678
Gabon,1976,4441
United Kingdom,1976,4138
Ghana,1976,261
Guinea,1976,1431
"Gambia, The",1976,179
Guinea-Bissau,1976,421
Equatorial Guinea,1976,369
Greece,1976,3343
Greenland,1976,4845
Guatemala,1976,697
Guyana,1976,604
High income,1976,4975
"Hong Kong SAR, China",1976,2850
Honduras,1976,482
Heavily indebted poor countries (HIPC),1976,312
Haiti,1976,169
Hungary,1976,1249
IBRD only,1976,522
IDA & IBRD total,1976,482
IDA total,1976,296
IDA blend,1976,380
Indonesia,1976,276
IDA only,1976,257
India,1976,164
Ireland,1976,2920
"Iran, Islamic Rep.",1976,1954
Iraq,1976,1489
Iceland,1976,7848
Israel,1976,4516
Italy,1976,4042
Jamaica,1976,1450
Jordan,1976,873
Japan,1976,5310
Kenya,1976,249
Cambodia,1976,129
Kiribati,1976,548
St. Kitts and Nevis,1976,692
"Korea, Rep.",1976,847
Kuwait,1976,11141
Latin America & Caribbean (excluding high income),1976,1271
Liberia,1976,347
Libya,1976,7018
Latin America & Caribbean,1976,1328
Least developed countries: UN classification,1976,236
Low income,1976,298
Liechtenstein,1976,11326
Sri Lanka,1976,260
Lower middle income,1976,238
Low & middle income,1976,400
Lesotho,1976,118
Late-demographic dividend,1976,534
Luxembourg,1976,9491
Morocco,1976,543
Monaco,1976,28396
Madagascar,1976,274
Maldives,1976,152
"Middle East, North Africa, Afghanistan & Pakistan",1976,1221
Mexico,1976,1465
Marshall Islands,1976,672
Middle income,1976,408
Mali,1976,135
Malta,1976,1727
Myanmar,1976,39
"Middle East, North Africa, Afghanistan & Pakistan (excluding high income)",1976,769
Mauritania,1976,589
Mauritius,1976,787
Malaysia,1976,940
North America,1976,8616
New Caledonia,1976,5618
Niger,1976,195
Nigeria,1976,556
Nicaragua,1976,633
Netherlands,1976,7937
Norway,1976,8927
Nepal,1976,102
Nauru,1976,5703
New Zealand,1976,4374
OECD members,1976,5189
Oman,1976,3143
Other small states,1976,1267
Pakistan,1976,184
Panama,1976,1457
Peru,1976,1026
Philippines,1976,449
Palau,1976,1616
Papua New Guinea,1976,525
Pre-demographic dividend,1976,435
Puerto Rico (US),1976,2946
Portugal,1976,2173
Paraguay,1976,616
Pacific island small states,1976,854
Post-demographic dividend,1976,5599
French Polynesia,1976,5302
Qatar,1976,15710
Rwanda,1976,134
South Asia,1976,161
Saudi Arabia,1976,13313
Sudan,1976,325
Senegal,1976,541
Singapore,1976,2759
Solomon Islands,1976,401
Sierra Leone,1976,196
El Salvador,1976,553
"Somalia, Fed. Rep.",1976,200
Sub-Saharan Africa (excluding high income),1976,507
Sub-Saharan Africa,1976,474
Small states,1976,1304
Sao Tome and Principe,1976,585
Suriname,1976,1302
Sweden,1976,10853
Eswatini,1976,521
Seychelles,1976,814
Syrian Arab Republic,1976,976
Chad,1976,204
East Asia & Pacific (IDA & IBRD countries),1976,201
Togo,1976,332
Thailand,1976,405
Latin America & the Caribbean (IDA & IBRD countries),1976,1303
"Middle East, North Africa, Afghanistan & Pakistan (IDA & IBRD)",1976,763
Tonga,1976,315
South Asia (IDA & IBRD),1976,161
Sub-Saharan Africa (IDA & IBRD countries),1976,474
Trinidad and Tobago,1976,2345
Tunisia,1976,752
Turkiye,1976,1228
Tuvalu,1976,612
Tanzania,1976,398
Uganda,1976,203
Upper middle income,1976,532
Uruguay,1976,1268
United States,1976,8592
St. Vincent and the Grenadines,1976,324
"Venezuela, RB",1976,2309
World,1976,1586
Samoa,1976,541
South Africa,1976,1559
Zambia,1976,533
Zimbabwe,1976,687
Africa Eastern and Southern,1977,518
Africa Western and Central,1977,491
Andorra,1977,8168
Arab World,1977,1630
United Arab Emirates,1977,35020
Argentina,1977,2126
Antigua and Barbuda,1977,1214
Australia,1977,7786
Austria,1977,6784
Burundi,1977,137
Belgium,1977,8427
Benin,1977,207
Burkina Faso,1977,176
Bangladesh,1977,118
Bahrain,1977,6358
"Bahamas, The",1977,3253
Belize,1977,866
Bermuda,1977,8383
Bolivia,1977,600
Brazil,1977,1562
Barbados,1977,1968
Brunei Darussalam,1977,21747
Bhutan,1977,250
Botswana,1977,565
Central African Republic,1977,214
Canada,1977,8949
Switzerland,1977,11644
Chile,1977,1297
China,1977,186
Cote d'Ivoire,1977,856
Cameroon,1977,435
"Congo, Dem. Rep.",1977,509
"Congo, Rep.",1977,448
Colombia,1977,798
Costa Rica,1977,1393
Caribbean small states,1977,1787
Cuba,1977,1472
Cyprus,1977,1476
Germany,1977,7711
Dominica,1977,634
Denmark,1977,9770
Dominican Republic,1977,863
Algeria,1977,1232
East Asia & Pacific (excluding high income),1977,225
Early-demographic dividend,1977,560
East Asia & Pacific,1977,837
Europe & Central Asia,1977,3501
Ecuador,1977,1465
"Egypt, Arab Rep.",1977,353
Euro area,1977,5908
Spain,1977,3625
Ethiopia,1977,170
European Union,1977,4997
Fragile and conflict affected situations,1977,617
Finland,1977,7070
Fiji,1977,1204
France,1977,7459
Faroe Islands,1977,8387
"Micronesia, Fed. Sts.",1977,669
Gabon,1977,4048
United Kingdom,1977,4681
Ghana,1977,292
Guinea,1977,1440
"Gambia, The",1977,214
Guinea-Bissau,1977,403
Equatorial Guinea,1977,376
Greece,1977,3832
Grenada,1977,737
Greenland,1977,5714
Guatemala,1977,856
Guyana,1977,593
High income,1977,5588
"Hong Kong SAR, China",1977,3429
Honduras,1977,559
Heavily indebted poor countries (HIPC),1977,352
Haiti,1977,179
Hungary,1977,1388
IBRD only,1977,581
IDA & IBRD total,1977,533
IDA total,1977,314
IDA blend,1977,397
Indonesia,1977,331
IDA only,1977,276
India,1977,190
Ireland,1977,3427
"Iran, Islamic Rep.",1977,2243
Iraq,1977,1609
Iceland,1977,10305
Israel,1977,5053
Italy,1977,4614
Jamaica,1977,1569
Jordan,1977,1039
Japan,1977,6473
Kenya,1977,311
Cambodia,1977,126
Kiribati,1977,520
St. Kitts and Nevis,1977,1026
"Korea, Rep.",1977,1073
Kuwait,1977,11238
Latin America & Caribbean (excluding high income),1977,1347
Liberia,1977,381
Libya,1977,7783
Latin America & Caribbean,1977,1426
Least developed countries: UN classification,1977,254
Low income,1977,336
Liechtenstein,1977,12417
Sri Lanka,1977,292
Lower middle income,1977,261
Low & middle income,1977,440
Lesotho,1977,150
Late-demographic dividend,1977,610
Luxembourg,1977,10486
Morocco,1977,611
Monaco,1977,30875
Madagascar,1977,287
Maldives,1977,137
"Middle East, North Africa, Afghanistan & Pakistan",1977,1374
Mexico,1977,1315
Marshall Islands,1977,724
Middle income,1977,448
Mali,1977,148
Malta,1977,2038
Myanmar,1977,28
"Middle East, North Africa, Afghanistan & Pakistan (excluding high income)",1977,862
Mauritania,1977,590
Mauritius,1977,906
Malaysia,1977,1092
North America,1977,9403
New Caledonia,1977,5793
Niger,1977,230
Nigeria,1977,536
Nicaragua,1977,744
Netherlands,1977,9180
Norway,1977,10266
Nepal,1977,95
Nauru,1977,5646
New Zealand,1977,4951
OECD members,1977,5797
Oman,1977,3205
Other small states,1977,1526
Pakistan,1977,205
Panama,1977,1503
Peru,1977,903
Philippines,1977,502
Palau,1977,1781
Papua New Guinea,1977,558
Pre-demographic dividend,1977,466
Puerto Rico (US),1977,3209
Portugal,1977,2267
Paraguay,1977,740
Pacific island small states,1977,880
Post-demographic dividend,1977,6284
French Polynesia,1977,5574
Qatar,1977,16058
Rwanda,1977,153
South Asia,1977,182
Saudi Arabia,1977,14595
Sudan,1977,392
Senegal,1977,540
Singapore,1977,2846
Solomon Islands,1977,434
Sierra Leone,1977,224
El Salvador,1977,684
"Somalia, Fed. Rep.",1977,111
Sub-Saharan Africa (excluding high income),1977,541
Sub-Saharan Africa,1977,507
Small states,1977,1545
Sao Tome and Principe,1977,539
Suriname,1977,1666
Sweden,1977,11432
Eswatini,1977,563
Seychelles,1977,1044
Syrian Arab Republic,1977,951
Chad,1977,216
East Asia & Pacific (IDA & IBRD countries),1977,228
Togo,1977,406
Thailand,1977,462
Latin America & the Caribbean (IDA & IBRD countries),1977,1401
"Middle East, North Africa, Afghanistan & Pakistan (IDA & IBRD)",1977,856
Tonga,1977,353
South Asia (IDA & IBRD),1977,182
Sub-Saharan Africa (IDA & IBRD countries),1977,507
Trinidad and Tobago,1977,2907
Tunisia,1977,830
Turkiye,1977,1372
Tuvalu,1977,549
Tanzania,1977,458
Uganda,1977,238
Upper middle income,1977,586
Uruguay,1977,1414
United States,1977,9453
St. Vincent and the Grenadines,1977,484
"Venezuela, RB",1977,2585
World,1977,1762
Samoa,1977,615
South Africa,1977,1671
Zambia,1977,474
Zimbabwe,1977,677
Africa Eastern and Southern,1978,572
Africa Western and Central,1978,524
Andorra,1978,9410
Arab World,1978,1728
United Arab Emirates,1978,29379
Argentina,1978,3282
Antigua and Barbuda,1978,1375
Australia,1978,8264
Austria,1978,8173
Burundi,1978,149
Belgium,1978,10290
Benin,1978,250
Burkina Faso,1978,224
Bangladesh,1978,158
Bahrain,1978,6926
"Bahamas, The",1978,3720
Belize,1978,983
Bermuda,1978,8905
Bolivia,1978,683
Brazil,1978,1733
Barbados,1978,2198
Brunei Darussalam,1978,23447
Bhutan,1978,232
Botswana,1978,695
Central African Republic,1978,255
Canada,1978,9154
Switzerland,1978,16282
Chile,1978,1465
China,1978,157
Cote d'Ivoire,1978,1039
Cameroon,1978,582
"Congo, Dem. Rep.",1978,615
"Congo, Rep.",1978,503
Colombia,1978,932
Costa Rica,1978,1556
Caribbean small states,1978,2024
Cuba,1978,1837
Cyprus,1978,1929
Germany,1978,9517
Dominica,1978,786
Denmark,1978,11818
Dominican Republic,1978,868
Algeria,1978,1506
East Asia & Pacific (excluding high income),1978,215
Early-demographic dividend,1978,624
East Asia & Pacific,1978,1042
Europe & Central Asia,1978,4263
Ecuador,1978,1541
"Egypt, Arab Rep.",1978,355
Euro area,1978,7204
Spain,1978,4353
Ethiopia,1978,178
European Union,1978,6058
Fragile and conflict affected situations,1978,660
Finland,1978,7629
Fiji,1978,1355
France,1978,9167
Faroe Islands,1978,9479
"Micronesia, Fed. Sts.",1978,738
Gabon,1978,3360
United Kingdom,1978,5977
Ghana,1978,326
Guinea,1978,1658
"Gambia, The",1978,258
Guinea-Bissau,1978,403
Greece,1978,4629
Grenada,1978,917
Greenland,1978,7236
Guatemala,1978,925
Guyana,1978,663
High income,1978,6655
"Hong Kong SAR, China",1978,3924
Honduras,1978,683
Heavily indebted poor countries (HIPC),1978,398
Haiti,1978,180
Hungary,1978,1618
IBRD only,1978,631
IDA & IBRD total,1978,579
IDA total,1978,346
IDA blend,1978,424
Indonesia,1978,362
IDA only,1978,310
India,1978,209
Ireland,1978,4400
"Iran, Islamic Rep.",1978,2101
Iraq,1978,1863
Iceland,1978,11630
Israel,1978,4797
Italy,1978,5623
Jamaica,1978,1262
Jordan,1978,1249
Japan,1978,9012
Kenya,1978,355
Cambodia,1978,147
Kiribati,1978,611
St. Kitts and Nevis,1978,1144
"Korea, Rep.",1978,1429
Kuwait,1978,11567
Latin America & Caribbean (excluding high income),1978,1595
Liberia,1978,394
Libya,1978,7252
Latin America & Caribbean,1978,1669
Least developed countries: UN classification,1978,291
Low income,1978,381
Liechtenstein,1978,17457
Sri Lanka,1978,191
Lower middle income,1978,287
Low & middle income,1978,478
Lesotho,1978,201
Late-demographic dividend,1978,625
Luxembourg,1978,13034
Morocco,1978,713
Monaco,1978,37608
Madagascar,1978,315
Maldives,1978,156
"Middle East, North Africa, Afghanistan & Pakistan",1978,1416
Mexico,1978,1604
Marshall Islands,1978,771
Middle income,1978,486
Mali,1978,169
Malta,1978,2559
Myanmar,1978,29
"Middle East, North Africa, Afghanistan & Pakistan (excluding high income)",1978,899
Mauritania,1978,578
Mauritius,1978,1102
Malaysia,1978,1327
North America,1978,10428
New Caledonia,1978,5779
Niger,1978,307
Nigeria,1978,527
Nicaragua,1978,691
Netherlands,1978,11196
Norway,1978,11463
Nepal,1978,108
Nauru,1978,5721
New Zealand,1978,5937
OECD members,1978,6912
Oman,1978,3044
Other small states,1978,1737
Pakistan,1978,233
Panama,1978,1738
Peru,1978,756
Philippines,1978,565
Palau,1978,1972
Papua New Guinea,1978,648
Pre-demographic dividend,1978,513
Puerto Rico (US),1978,3568
Portugal,1978,2457
Paraguay,1978,883
Pacific island small states,1978,986
Post-demographic dividend,1978,7519
French Polynesia,1978,6849
Qatar,1978,16757
Rwanda,1978,180
South Asia,1978,202
Saudi Arabia,1978,14914
Sudan,1978,410
Senegal,1978,589
Singapore,1978,3194
Solomon Islands,1978,500
Sierra Leone,1978,305
El Salvador,1978,712
"Somalia, Fed. Rep.",1978,117
Sub-Saharan Africa (excluding high income),1978,589
Sub-Saharan Africa,1978,551
Small states,1978,1751
Sao Tome and Principe,1978,587
Suriname,1978,1928
Sweden,1978,12602
Eswatini,1978,610
Seychelles,1978,1377
Syrian Arab Republic,1978,1108
Chad,1978,253
East Asia & Pacific (IDA & IBRD countries),1978,218
Togo,1978,421
Thailand,1978,548
Latin America & the Caribbean (IDA & IBRD countries),1978,1638
"Middle East, North Africa, Afghanistan & Pakistan (IDA & IBRD)",1978,892
Tonga,1978,428
South Asia (IDA & IBRD),1978,202
Sub-Saharan Africa (IDA & IBRD countries),1978,551
Trinidad and Tobago,1978,3258
Tunisia,1978,946
Turkiye,1978,1510
Tuvalu,1978,546
Tanzania,1978,530
Uganda,1978,191
Upper middle income,1978,635
Uruguay,1978,1678
United States,1978,10565
St. Vincent and the Grenadines,1978,592
"Venezuela, RB",1978,2727
World,1978,2050
Samoa,1978,671
South Africa,1978,1852
Zambia,1978,514
Zimbabwe,1978,665
Africa Eastern and Southern,1979,634
Africa Western and Central,1979,625
Andorra,1979,11996
Arab World,1979,2252
United Arab Emirates,1979,34238
Argentina,1979,2512
Antigua and Barbuda,1979,1705
Australia,1979,9308
Austria,1979,9755
Burundi,1979,186
Belgium,1979,11811
Benin,1979,311
Burkina Faso,1979,259
Bangladesh,1979,181
Bahrain,1979,7891
"Bahamas, The",1979,4994
Belize,1979,1071
Bermuda,1979,9664
Bolivia,1979,785
Brazil,1979,1870
Barbados,1979,2668
Brunei Darussalam,1979,33501
Bhutan,1979,251
Botswana,1979,909
Central African Republic,1979,289
Canada,1979,10078
Switzerland,1979,18266
Chile,1979,1962
China,1979,184
Cote d'Ivoire,1979,1157
Cameroon,1979,718
"Congo, Dem. Rep.",1979,582
"Congo, Rep.",1979,670
Colombia,1979,1095
Costa Rica,1979,1735
Caribbean small states,1979,2492
Cuba,1979,2006
Cyprus,1979,2559
Germany,1979,11322
Dominica,1979,754
Denmark,1979,13757
Dominican Republic,1979,984
Algeria,1979,1843
East Asia & Pacific (excluding high income),1979,245
Early-demographic dividend,1979,716
East Asia & Pacific,1979,1115
Europe & Central Asia,1979,5162
Ecuador,1979,1783
"Egypt, Arab Rep.",1979,421
Euro area,1979,8691
Spain,1979,5766
Ethiopia,1979,192
European Union,1979,7289
Fragile and conflict affected situations,1979,812
Finland,1979,9333
Fiji,1979,1627
France,1979,11063
Faroe Islands,1979,10549
"Micronesia, Fed. Sts.",1979,803
Gabon,1979,4155
United Kingdom,1979,7805
Ghana,1979,347
Guinea,1979,1790
"Gambia, The",1979,300
Guinea-Bissau,1979,376
Greece,1979,5627
Grenada,1979,1071
Greenland,1979,8481
Guatemala,1979,1026
Guyana,1979,689
High income,1979,7629
"Hong Kong SAR, China",1979,4569
Honduras,1979,769
Heavily indebted poor countries (HIPC),1979,425
Haiti,1979,196
Hungary,1979,1865
IBRD only,1979,723
IDA & IBRD total,1979,661
IDA total,1979,385
IDA blend,1979,501
Indonesia,1979,353
IDA only,1979,330
India,1979,228
Ireland,1979,5430
"Iran, Islamic Rep.",1979,2352
Iraq,1979,2871
Iceland,1979,13082
Israel,1979,5972
Italy,1979,7006
Jamaica,1979,1144
Jordan,1979,1519
Japan,1979,9301
Kenya,1979,403
Cambodia,1979,142
Kiribati,1979,573
St. Kitts and Nevis,1979,1367
"Korea, Rep.",1979,1814
Kuwait,1979,17386
Latin America & Caribbean (excluding high income),1979,1714
Liberia,1979,435
Libya,1979,9443
Latin America & Caribbean,1979,1831
Least developed countries: UN classification,1979,311
Low income,1979,391
Liechtenstein,1979,19674
Sri Lanka,1979,231
Lower middle income,1979,325
Low & middle income,1979,543
Lesotho,1979,212
Late-demographic dividend,1979,734
Luxembourg,1979,15204
Morocco,1979,835
Monaco,1979,44990
Madagascar,1979,396
Maldives,1979,240
"Middle East, North Africa, Afghanistan & Pakistan",1979,1785
Mexico,1979,2049
Marshall Islands,1979,859
Middle income,1979,554
Mali,1979,216
Malta,1979,3196
Myanmar,1979,29
"Middle East, North Africa, Afghanistan & Pakistan (excluding high income)",1979,1084
Mauritania,1979,664
Mauritius,1979,1292
Malaysia,1979,1680
North America,1979,11519
New Caledonia,1979,7070
Niger,1979,354
Nigeria,1979,661
Nicaragua,1979,495
Netherlands,1979,12817
Norway,1979,13047
Nepal,1979,122
Nauru,1979,5950
New Zealand,1979,6668
OECD members,1979,7905
Oman,1979,3934
Other small states,1979,2243
Pakistan,1979,249
Panama,1979,1938
Peru,1979,942
Philippines,1979,667
Palau,1979,2189
Papua New Guinea,1979,748
Pre-demographic dividend,1979,614
Puerto Rico (US),1979,4025
Portugal,1979,2756
Paraguay,1979,1149
Pacific island small states,1979,1162
Post-demographic dividend,1979,8578
French Polynesia,1979,8016
Qatar,1979,21777
Rwanda,1979,214
South Asia,1979,221
Saudi Arabia,1979,19612
Sudan,1979,409
Senegal,1979,716
Singapore,1979,3901
Solomon Islands,1979,658
Sierra Leone,1979,346
El Salvador,1979,773
"Somalia, Fed. Rep.",1979,108
Sub-Saharan Africa (excluding high income),1979,674
Sub-Saharan Africa,1979,631
Small states,1979,2206
Sao Tome and Principe,1979,683
Suriname,1979,2072
Sweden,1979,14856
Eswatini,1979,714
Seychelles,1979,2030
Syrian Arab Republic,1979,1146
Chad,1979,223
East Asia & Pacific (IDA & IBRD countries),1979,248
Togo,1979,443
Thailand,1979,612
Latin America & the Caribbean (IDA & IBRD countries),1979,1796
"Middle East, North Africa, Afghanistan & Pakistan (IDA & IBRD)",1979,1076
Tonga,1979,458
South Asia (IDA & IBRD),1979,221
Sub-Saharan Africa (IDA & IBRD countries),1979,631
Trinidad and Tobago,1979,4155
Tunisia,1979,1113
Turkiye,1979,2013
Tuvalu,1979,566
Tanzania,1979,542
Uganda,1979,165
Upper middle income,1979,726
Uruguay,1979,2443
United States,1979,11674
St. Vincent and the Grenadines,1979,687
"Venezuela, RB",1979,3257
Vanuatu,1979,1055
World,1979,2329
Samoa,1979,751
South Africa,1979,2202
Zambia,1979,595
Zimbabwe,1979,779
Africa Eastern and Southern,1980,773
Africa Western and Central,1980,763
Angola,1980,729
Albania,1980,591
Andorra,1980,12475
Arab World,1980,2954
United Arab Emirates,1980,42925
Argentina,1980,2748
Antigua and Barbuda,1980,2053
Australia,1980,10223
Austria,1980,10827
Burundi,1980,210
Belgium,1980,12864
Benin,1980,358
Burkina Faso,1980,278
Bangladesh,1980,206
Bulgaria,1980,2239
Bahrain,1980,9733
"Bahamas, The",1980,5743
Belize,1980,1774
Bermuda,1980,11427
Bolivia,1980,788
Brazil,1980,1959
Barbados,1980,4025
Brunei Darussalam,1980,58005
Bhutan,1980,297
Botswana,1980,1132
Central African Republic,1980,325
Canada,1980,11208
Switzerland,1980,19394
Chile,1980,2571
China,1980,195
Cote d'Ivoire,1980,1238
Cameroon,1980,784
"Congo, Dem. Rep.",1980,539
"Congo, Rep.",1980,933
Colombia,1980,1280
Comoros,1980,721
Cabo Verde,1980,440
Costa Rica,1980,2021
Caribbean small states,1980,3200
Cuba,1980,2031
Cyprus,1980,4232
Germany,1980,12183
Dominica,1980,996
Denmark,1980,13822
Dominican Republic,1980,1180
Algeria,1980,2276
East Asia & Pacific (excluding high income),1980,279
Early-demographic dividend,1980,868
East Asia & Pacific,1980,1188
Europe & Central Asia,1980,5795
Ecuador,1980,2190
"Egypt, Arab Rep.",1980,493
Euro area,1980,9690
Spain,1980,6204
Ethiopia,1980,204
European Union,1980,8116
Fragile and conflict affected situations,1980,1007
Finland,1980,11225
Fiji,1980,1873
France,1980,12565
Faroe Islands,1980,11446
"Micronesia, Fed. Sts.",1980,829
Gabon,1980,5718
United Kingdom,1980,10032
Ghana,1980,372
Guinea,1980,1931
"Gambia, The",1980,338
Guinea-Bissau,1980,347
Equatorial Guinea,1980,175
Greece,1980,5812
Grenada,1980,1173
Greenland,1980,9483
Guatemala,1980,1142
Guyana,1980,779
High income,1980,8450
"Hong Kong SAR, China",1980,5700
Honduras,1980,854
Heavily indebted poor countries (HIPC),1980,459
Haiti,1980,246
Hungary,1980,2158
IBRD only,1980,843
IDA & IBRD total,1980,770
IDA total,1980,447
IDA blend,1980,612
Indonesia,1980,487
IDA only,1980,365
India,1980,271
Ireland,1980,6372
"Iran, Islamic Rep.",1980,2368
Iraq,1980,3868
Iceland,1980,15340
Israel,1980,6549
Italy,1980,8476
Jamaica,1980,1249
Jordan,1980,1750
Japan,1980,9669
Kenya,1980,454
Cambodia,1980,143
Kiribati,1980,542
St. Kitts and Nevis,1980,1598
"Korea, Rep.",1980,1746
Kuwait,1980,19032
Latin America & Caribbean (excluding high income),1980,2026
Liberia,1980,443
Libya,1980,11960
St. Lucia,1980,1428
Latin America & Caribbean,1980,2178
Least developed countries: UN classification,1980,337
Low income,1980,427
Liechtenstein,1980,20959
Sri Lanka,1980,271
Lower middle income,1980,386
Low & middle income,1980,628
Lesotho,1980,307
Late-demographic dividend,1980,830
Luxembourg,1980,16531
Morocco,1980,1110
Monaco,1980,50814
Madagascar,1980,578
Maldives,1980,258
"Middle East, North Africa, Afghanistan & Pakistan",1980,2224
Mexico,1980,3055
Marshall Islands,1980,868
Middle income,1980,643
Mali,1980,359
Malta,1980,3948
Myanmar,1980,31
"Middle East, North Africa, Afghanistan & Pakistan (excluding high income)",1980,1277
Mongolia,1980,1235
Mauritania,1980,711
Mauritius,1980,1187
Malawi,1980,287
Malaysia,1980,1886
North America,1980,12441
Namibia,1980,2468
New Caledonia,1980,7893
Niger,1980,409
Nigeria,1980,870
Nicaragua,1980,659
Netherlands,1980,13812
Norway,1980,15772
Nepal,1980,125
Nauru,1980,6138
New Zealand,1980,7467
OECD members,1980,8698
Oman,1980,5974
Other small states,1980,3287
Pakistan,1980,287
Panama,1980,2357
Peru,1980,1045
Philippines,1980,767
Palau,1980,2423
Papua New Guinea,1980,813
Pre-demographic dividend,1980,738
Puerto Rico (US),1980,4503
Portugal,1980,3368
Paraguay,1980,1457
Pacific island small states,1980,1300
Post-demographic dividend,1980,9428
French Polynesia,1980,8439
Qatar,1980,28375
Rwanda,1980,234
South Asia,1980,261
Saudi Arabia,1980,27206
Sudan,1980,418
Senegal,1980,772
Singapore,1980,4928
Solomon Islands,1980,768
Sierra Leone,1980,336
El Salvador,1980,787
"Somalia, Fed. Rep.",1980,101
Sub-Saharan Africa (excluding high income),1980,824
Sub-Saharan Africa,1980,770
Small states,1980,3033
Sao Tome and Principe,1980,829
Suriname,1980,2118
Sweden,1980,17073
Eswatini,1980,908
Seychelles,1980,2478
Syrian Arab Republic,1980,1458
Chad,1980,229
East Asia & Pacific (IDA & IBRD countries),1980,282
Togo,1980,549
Thailand,1980,709
Latin America & the Caribbean (IDA & IBRD countries),1980,2149
"Middle East, North Africa, Afghanistan & Pakistan (IDA & IBRD)",1980,1267
Tonga,1980,545
South Asia (IDA & IBRD),1980,261
Sub-Saharan Africa (IDA & IBRD countries),1980,770
Trinidad and Tobago,1980,5559
Tunisia,1980,1324
Turkiye,1980,1516
Tuvalu,1980,571
Tanzania,1980,611
Uganda,1980,94
Upper middle income,1980,837
Uruguay,1980,3443
United States,1980,12575
St. Vincent and the Grenadines,1980,790
"Venezuela, RB",1980,3874
Vanuatu,1980,1048
World,1980,2581
Samoa,1980,765
South Africa,1980,3029
Zambia,1980,669
Zimbabwe,1980,949
Africa Eastern and Southern,1981,778
Africa Western and Central,1981,1329
Angola,1981,658
Albania,1981,663
Andorra,1981,10465
Arab World,1981,2911
United Arab Emirates,1981,44854
Argentina,1981,2764
Antigua and Barbuda,1981,2310
Australia,1981,11871
Austria,1981,9348
Burundi,1981,212
Belgium,1981,10623
Benin,1981,320
Burkina Faso,1981,249
Bangladesh,1981,224
Bulgaria,1981,2235
Bahrain,1981,10557
"Bahamas, The",1981,6029
Belize,1981,1753
Bermuda,1981,13688
Bolivia,1981,1001
Brazil,1981,2080
Barbados,1981,4417
Brunei Darussalam,1981,48793
Bhutan,1981,311
Botswana,1981,1107
Central African Republic,1981,280
Canada,1981,12379
Switzerland,1981,17665
Chile,1981,3012
China,1981,197
Cote d'Ivoire,1981,986
Cameroon,1981,750
"Congo, Dem. Rep.",1981,456
"Congo, Rep.",1981,1066
Colombia,1981,1362
Comoros,1981,613
Cabo Verde,1981,425
Costa Rica,1981,1068
Caribbean small states,1981,3497
Cuba,1981,2046
Cyprus,1981,4033
Germany,1981,10246
Dominica,1981,1125
Denmark,1981,12000
Dominican Republic,1981,1288
Algeria,1981,2307
East Asia & Pacific (excluding high income),1981,293
Early-demographic dividend,1981,937
East Asia & Pacific,1981,1289
Europe & Central Asia,1981,5129
Ecuador,1981,2601
"Egypt, Arab Rep.",1981,490
Euro area,1981,8385
Spain,1981,5367
Ethiopia,1981,213
European Union,1981,7054
Fragile and conflict affected situations,1981,1295
Finland,1981,10925
Fiji,1981,1879
France,1981,10956
Faroe Islands,1981,10458
"Micronesia, Fed. Sts.",1981,958
Gabon,1981,5026
United Kingdom,1981,9599
Ghana,1981,344
Guinea,1981,1876
"Gambia, The",1981,296
Guinea-Bissau,1981,477
Equatorial Guinea,1981,121
Greece,1981,5305
Grenada,1981,1230
Greenland,1981,8544
Guatemala,1981,1216
Guyana,1981,735
High income,1981,8511
"Hong Kong SAR, China",1981,5991
Honduras,1981,912
Heavily indebted poor countries (HIPC),1981,452
Haiti,1981,258
Hungary,1981,2213
IBRD only,1981,889
IDA & IBRD total,1981,845
IDA total,1981,617
IDA blend,1981,1078
Indonesia,1981,561
IDA only,1981,373
India,1981,275
Ireland,1981,5986
"Iran, Islamic Rep.",1981,2393
Iraq,1981,2700
Iceland,1981,15666
Israel,1981,6795
Italy,1981,7640
Jamaica,1981,1370
Jordan,1981,1885
Japan,1981,10583
Kenya,1981,413
Cambodia,1981,154
Kiribati,1981,568
St. Kitts and Nevis,1981,1894
"Korea, Rep.",1981,1918
Kuwait,1981,15825
Latin America & Caribbean (excluding high income),1981,2276
Liberia,1981,426
Libya,1981,10044
St. Lucia,1981,1605
Latin America & Caribbean,1981,2434
Least developed countries: UN classification,1981,337
Low income,1981,426
Liechtenstein,1981,19929
Sri Lanka,1981,292
Lower middle income,1981,467
Low & middle income,1981,689
Lesotho,1981,300
Late-demographic dividend,1981,858
Luxembourg,1981,13837
Morocco,1981,884
Monaco,1981,44157
Madagascar,1981,513
Maldives,1981,264
"Middle East, North Africa, Afghanistan & Pakistan",1981,2220
Mexico,1981,3829
Marshall Islands,1981,969
Middle income,1981,707
Mali,1981,290
Malta,1981,3898
Myanmar,1981,33
"Middle East, North Africa, Afghanistan & Pakistan (excluding high income)",1981,1209
Mongolia,1981,1325
Mauritania,1981,729
Mauritius,1981,1181
Malawi,1981,276
Malaysia,1981,1866
North America,1981,13820
Namibia,1981,2267
New Caledonia,1981,6422
Niger,1981,343
Nigeria,1981,2162
Nicaragua,1981,740
Netherlands,1981,11537
Norway,1981,15513
Nepal,1981,143
Nauru,1981,6594
New Zealand,1981,7814
OECD members,1981,8777
Oman,1981,6866
Other small states,1981,3012
Pakistan,1981,328
Panama,1981,2605
Peru,1981,1216
Philippines,1981,821
Palau,1981,2639
Papua New Guinea,1981,781
Pre-demographic dividend,1981,982
Puerto Rico (US),1981,4921
Portugal,1981,3246
Paraguay,1981,1793
Pacific island small states,1981,1315
Post-demographic dividend,1981,9474
French Polynesia,1981,7645
Qatar,1981,29505
Rwanda,1981,255
South Asia,1981,267
Saudi Arabia,1981,28703
Sudan,1981,484
Senegal,1981,683
Singapore,1981,5597
Solomon Islands,1981,786
Sierra Leone,1981,334
El Salvador,1981,752
"Somalia, Fed. Rep.",1981,117
Sub-Saharan Africa (excluding high income),1981,1084
Sub-Saharan Africa,1981,1008
Small states,1981,2969
Sao Tome and Principe,1981,830
Suriname,1981,2368
Sweden,1981,15564
Eswatini,1981,925
Seychelles,1981,2557
Syrian Arab Republic,1981,1676
Chad,1981,194
East Asia & Pacific (IDA & IBRD countries),1981,297
Togo,1981,451
Thailand,1981,748
Latin America & the Caribbean (IDA & IBRD countries),1981,2410
"Middle East, North Africa, Afghanistan & Pakistan (IDA & IBRD)",1981,1199
Tonga,1981,636
South Asia (IDA & IBRD),1981,267
Sub-Saharan Africa (IDA & IBRD countries),1981,1008
Trinidad and Tobago,1981,6160
Tunisia,1981,1247
Turkiye,1981,1537
Tuvalu,1981,634
Tanzania,1981,684
Uganda,1981,99
Upper middle income,1981,889
Uruguay,1981,3728
United States,1981,13976
St. Vincent and the Grenadines,1981,972
"Venezuela, RB",1981,4228
Vanuatu,1981,962
World,1981,2622
Samoa,1981,713
South Africa,1981,3050
Zambia,1981,670
Zimbabwe,1981,1069
Africa Eastern and Southern,1982,726
Africa Western and Central,1982,1164
Angola,1982,634
Albania,1982,668
Andorra,1982,9698
Arab World,1982,2641
United Arab Emirates,1982,39972
Argentina,1982,2915
Antigua and Barbuda,1982,2569
Australia,1982,12798
Austria,1982,9373
Burundi,1982,216
Belgium,1982,9344
Benin,1982,305
Burkina Faso,1982,239
Bangladesh,1982,200
Bulgaria,1982,2169
Bahrain,1982,10712
"Bahamas, The",1982,6559
Belize,1982,1629
Bermuda,1982,14443
Bolivia,1982,930
Brazil,1982,2138
Barbados,1982,4599
Brunei Darussalam,1982,45075
Bhutan,1982,306
Botswana,1982,1006
Central African Republic,1982,298
Canada,1982,12527
Switzerland,1982,18000
Chile,1982,1663
China,1982,204
Cote d'Ivoire,1982,849
Cameroon,1982,732
"Congo, Dem. Rep.",1982,482
"Congo, Rep.",1982,1131
Colombia,1982,1425
Comoros,1982,566
Cabo Verde,1982,423
Costa Rica,1982,1032
Caribbean small states,1982,3852
Cuba,1982,2114
Cyprus,1982,4123
Germany,1982,9950
Dominica,1982,1232
Denmark,1982,11740
Dominican Republic,1982,1376
Algeria,1982,2275
East Asia & Pacific (excluding high income),1982,303
Early-demographic dividend,1982,871
East Asia & Pacific,1982,1243
Europe & Central Asia,1982,4914
Ecuador,1982,2314
"Egypt, Arab Rep.",1982,596
Euro area,1982,8096
Spain,1982,5156
Ethiopia,1982,215
European Union,1982,6783
Fragile and conflict affected situations,1982,1208
Finland,1982,10935
Fiji,1982,1773
France,1982,10360
Faroe Islands,1982,10053
"Micronesia, Fed. Sts.",1982,974
Gabon,1982,4584
United Kingdom,1982,9146
Ghana,1982,319
Guinea,1982,2273
"Gambia, The",1982,282
Guinea-Bissau,1982,503
Equatorial Guinea,1982,137
Greece,1982,5502
Grenada,1982,1329
Greenland,1982,7814
Guatemala,1982,1204
Guyana,1982,621
High income,1982,8367
"Hong Kong SAR, China",1982,6134
Honduras,1982,914
Heavily indebted poor countries (HIPC),1982,445
Haiti,1982,253
Hungary,1982,2255
IBRD only,1982,859
IDA & IBRD total,1982,811
IDA total,1982,572
IDA blend,1982,954
Indonesia,1982,578
IDA only,1982,370
India,1982,279
Ireland,1982,6161
"Iran, Islamic Rep.",1982,2845
Iraq,1982,2942
Iceland,1982,14191
Israel,1982,7258
Italy,1982,7574
Jamaica,1982,1494
Jordan,1982,1929
Japan,1982,9780
Kenya,1982,374
Cambodia,1982,159
Kiribati,1982,519
St. Kitts and Nevis,1982,2023
"Korea, Rep.",1982,2032
Kuwait,1982,12979
Latin America & Caribbean (excluding high income),1982,2054
Liberia,1982,422
Libya,1982,9064
St. Lucia,1982,1489
Latin America & Caribbean,1982,2192
Least developed countries: UN classification,1982,332
Low income,1982,418
Liechtenstein,1982,19886
Sri Lanka,1982,312
Lower middle income,1982,452
Low & middle income,1982,665
Lesotho,1982,234
Late-demographic dividend,1982,852
Luxembourg,1982,12591
"Macao SAR, China",1982,4487
Morocco,1982,857
Monaco,1982,41479
Madagascar,1982,501
Maldives,1982,275
"Middle East, North Africa, Afghanistan & Pakistan",1982,2156
Mexico,1982,2621
Marshall Islands,1982,1046
Middle income,1982,682
Mali,1982,214
Malta,1982,3788
Myanmar,1982,43
"Middle East, North Africa, Afghanistan & Pakistan (excluding high income)",1982,1310
Mongolia,1982,1430
Mauritania,1982,710
Mauritius,1982,1101
Malawi,1982,253
Malaysia,1982,1938
North America,1982,14247
Namibia,1982,2097
New Caledonia,1982,5912
Niger,1982,310
Nigeria,1982,1822
Nicaragua,1982,714
Netherlands,1982,11089
Norway,1982,15225
Nepal,1982,147
Nauru,1982,6577
New Zealand,1982,7656
OECD members,1982,8568
Oman,1982,6759
Other small states,1982,2837
Pakistan,1982,345
Panama,1982,2811
Peru,1982,1194
Philippines,1982,833
Palau,1982,2838
Papua New Guinea,1982,726
Pre-demographic dividend,1982,908
Puerto Rico (US),1982,5115
Portugal,1982,3080
Paraguay,1982,1680
Pacific island small states,1982,1266
Post-demographic dividend,1982,9374
French Polynesia,1982,7416
Qatar,1982,24385
Rwanda,1982,246
South Asia,1982,268
Saudi Arabia,1982,22454
Sudan,1982,379
Senegal,1982,652
Singapore,1982,6078
Solomon Islands,1982,756
Sierra Leone,1982,380
El Salvador,1982,735
"Somalia, Fed. Rep.",1982,129
Sub-Saharan Africa (excluding high income),1982,976
Sub-Saharan Africa,1982,908
Small states,1982,2968
Sao Tome and Principe,1982,783
Suriname,1982,2430
Sweden,1982,13719
Eswatini,1982,843
Seychelles,1982,2441
Syrian Arab Republic,1982,1703
Chad,1982,176
East Asia & Pacific (IDA & IBRD countries),1982,306
Togo,1982,372
Thailand,1982,770
Latin America & the Caribbean (IDA & IBRD countries),1982,2156
"Middle East, North Africa, Afghanistan & Pakistan (IDA & IBRD)",1982,1300
Tonga,1982,633
South Asia (IDA & IBRD),1982,268
Sub-Saharan Africa (IDA & IBRD countries),1982,908
Trinidad and Tobago,1982,7091
Tunisia,1982,1177
Turkiye,1982,1360
Tuvalu,1982,537
Tanzania,1982,702
Uganda,1982,157
Upper middle income,1982,857
Uruguay,1982,3085
United States,1982,14434
St. Vincent and the Grenadines,1982,1074
"Venezuela, RB",1982,4202
Vanuatu,1982,946
World,1982,2548
Samoa,1982,728
South Africa,1982,2717
Zambia,1982,627
Zimbabwe,1982,1096
Africa Eastern and Southern,1983,732
Africa Western and Central,1983,874
Angola,1983,637
Albania,1983,662
Andorra,1983,8082
Arab World,1983,2417
United Arab Emirates,1983,34650
Argentina,1983,3538
Antigua and Barbuda,1983,2847
Australia,1983,11532
Austria,1983,9500
Burundi,1983,225
Belgium,1983,8846
Benin,1983,256
Burkina Faso,1983,212
Bangladesh,1983,185
Bulgaria,1983,1853
Bahrain,1983,10599
"Bahamas, The",1983,7081
Belize,1983,1677
Bermuda,1983,16237
Bolivia,1983,882
Brazil,1983,1461
Barbados,1983,4866
Brunei Darussalam,1983,38720
Bhutan,1983,328
Botswana,1983,1121
Central African Republic,1983,260
Canada,1983,13477
Switzerland,1983,17859
Chile,1983,1715
China,1983,226
Cote d'Ivoire,1983,737
Cameroon,1983,746
"Congo, Dem. Rep.",1983,376
"Congo, Rep.",1983,1075
Colombia,1983,1384
Comoros,1983,534
Cabo Verde,1983,410
Costa Rica,1983,1213
Caribbean small states,1983,3794
Cuba,1983,2222
Cyprus,1983,4091
Germany,1983,9900
Dominica,1983,1363
Denmark,1983,11797
Dominican Republic,1983,1500
Algeria,1983,2374
East Asia & Pacific (excluding high income),1983,311
Early-demographic dividend,1983,856
East Asia & Pacific,1983,1302
Europe & Central Asia,1983,4738
Ecuador,1983,1940
"Egypt, Arab Rep.",1983,648
Euro area,1983,7883
Spain,1983,4475
Ethiopia,1983,233
European Union,1983,6579
Fragile and conflict affected situations,1983,1019
Finland,1983,10494
Fiji,1983,1628
France,1983,9862
Faroe Islands,1983,10893
"Micronesia, Fed. Sts.",1983,993
Gabon,1983,4182
United Kingdom,1983,8692
Ghana,1983,311
Guinea,1983,2823
"Gambia, The",1983,269
Guinea-Bissau,1983,489
Equatorial Guinea,1983,129
Greece,1983,4950
Grenada,1983,1388
Greenland,1983,7988
Guatemala,1983,1220
Guyana,1983,631
High income,1983,8585
"Hong Kong SAR, China",1983,5595
Honduras,1983,942
Heavily indebted poor countries (HIPC),1983,429
Haiti,1983,273
Hungary,1983,2050
IBRD only,1983,833
IDA & IBRD total,1983,769
IDA total,1983,481
IDA blend,1983,708
Indonesia,1983,508
IDA only,1983,361
India,1983,296
Ireland,1983,5915
"Iran, Islamic Rep.",1983,3397
Iraq,1983,2743
Iceland,1983,12080
Israel,1983,7960
Italy,1983,7851
Jamaica,1983,1619
Jordan,1983,1939
Japan,1983,10652
Kenya,1983,335
Cambodia,1983,167
Kiribati,1983,483
St. Kitts and Nevis,1983,2052
"Korea, Rep.",1983,2246
Kuwait,1983,11965
Latin America & Caribbean (excluding high income),1983,1734
Liberia,1983,391
Libya,1983,8927
St. Lucia,1983,1576
Latin America & Caribbean,1983,1893
Least developed countries: UN classification,1983,319
Low income,1983,388
Liechtenstein,1983,19815
Sri Lanka,1983,336
Lower middle income,1983,417
Low & middle income,1983,630
Lesotho,1983,252
Late-demographic dividend,1983,777
Luxembourg,1983,12374
"Macao SAR, China",1983,4207
Morocco,1983,767
Monaco,1983,39076
Madagascar,1983,476
Maldives,1983,323
"Middle East, North Africa, Afghanistan & Pakistan",1983,2114
Mexico,1983,2170
Marshall Islands,1983,1199
Middle income,1983,647
Mali,1983,186
Malta,1983,3527
Myanmar,1983,39
"Middle East, North Africa, Afghanistan & Pakistan (excluding high income)",1983,1390
Mongolia,1983,1490
Mauritania,1983,725
Mauritius,1983,1103
Malawi,1983,252
Malaysia,1983,2124
North America,1983,15342
Namibia,1983,2214
New Caledonia,1983,5315
Niger,1983,269
Nigeria,1983,1207
Nicaragua,1983,780
Netherlands,1983,10696
Norway,1983,14928
Nepal,1983,147
Nauru,1983,5896
New Zealand,1983,7598
OECD members,1983,8784
Oman,1983,6714
Other small states,1983,2559
Pakistan,1983,311
Panama,1983,2819
Peru,1983,927
Philippines,1983,723
Palau,1983,3049
Papua New Guinea,1983,769
Pre-demographic dividend,1983,732
Puerto Rico (US),1983,5218
Portugal,1983,2735
Paraguay,1983,1710
Pacific island small states,1983,1185
Post-demographic dividend,1983,9674
French Polynesia,1983,7477
Qatar,1983,19616
Rwanda,1983,251
South Asia,1983,282
Saudi Arabia,1983,17810
Sudan,1983,346
Senegal,1983,564
Singapore,1983,6633
Solomon Islands,1983,686
Sierra Leone,1983,286
El Salvador,1983,745
"Somalia, Fed. Rep.",1983,119
Sub-Saharan Africa (excluding high income),1983,846
Sub-Saharan Africa,1983,792
Small states,1983,2777
Sao Tome and Principe,1983,720
Suriname,1983,2333
Sweden,1983,12590
Eswatini,1983,843
Seychelles,1983,2426
Syrian Arab Republic,1983,1776
Chad,1983,167
East Asia & Pacific (IDA & IBRD countries),1983,315
Togo,1983,336
Thailand,1983,827
Latin America & the Caribbean (IDA & IBRD countries),1983,1843
"Middle East, North Africa, Afghanistan & Pakistan (IDA & IBRD)",1983,1379
Tonga,1983,621
South Asia (IDA & IBRD),1983,282
Sub-Saharan Africa (IDA & IBRD countries),1983,792
Trinidad and Tobago,1983,6690
Tunisia,1983,1184
Turkiye,1983,1276
Tuvalu,1983,533
Tanzania,1983,685
Uganda,1983,158
Upper middle income,1983,824
Uruguay,1983,1707
United States,1983,15544
St. Vincent and the Grenadines,1983,1144
"Venezuela, RB",1983,4079
Vanuatu,1983,947
World,1983,2555
Samoa,1983,671
South Africa,1983,2938
Zambia,1983,520
Zimbabwe,1983,959
Africa Eastern and Southern,1984,650
Africa Western and Central,1984,739
Angola,1984,650
Albania,1984,639
Andorra,1984,7808
Arab World,1984,2357
United Arab Emirates,1984,32012
Argentina,1984,3915
Antigua and Barbuda,1984,3271
Australia,1984,12436
Austria,1984,8956
Burundi,1984,200
Belgium,1984,8457
Benin,1984,239
Burkina Faso,1984,188
Bangladesh,1984,193
Bulgaria,1984,1964
Bahrain,1984,10697
"Bahamas, The",1984,8202
Belize,1984,1814
Bermuda,1984,17867
Bolivia,1984,982
Brazil,1984,1420
Barbados,1984,5284
Brunei Darussalam,1984,36061
Bhutan,1984,326
Botswana,1984,1145
Central African Republic,1984,248
Canada,1984,13930
Switzerland,1984,16991
Chile,1984,1636
China,1984,251
Cote d'Ivoire,1984,709
Cameroon,1984,772
"Congo, Dem. Rep.",1984,260
"Congo, Rep.",1984,1097
Colombia,1984,1336
Comoros,1984,501
Cabo Verde,1984,385
Costa Rica,1984,1372
Caribbean small states,1984,3908
Cuba,1984,2386
Cyprus,1984,4259
Germany,1984,9347
Dominica,1984,1515
Denmark,1984,11517
Dominican Republic,1984,1844
Algeria,1984,2524
East Asia & Pacific (excluding high income),1984,332
Early-demographic dividend,1984,847
East Asia & Pacific,1984,1372
Europe & Central Asia,1984,4528
Ecuador,1984,1864
"Egypt, Arab Rep.",1984,690
Euro area,1984,7551
Spain,1984,4487
Ethiopia,1984,214
European Union,1984,6326
Fragile and conflict affected situations,1984,895
Finland,1984,10830
Fiji,1984,1667
France,1984,9312
Faroe Islands,1984,9437
"Micronesia, Fed. Sts.",1984,971
Gabon,1984,4273
United Kingdom,1984,8179
Ghana,1984,330
Guinea,1984,3362
"Gambia, The",1984,215
Guinea-Bissau,1984,407
Equatorial Guinea,1984,138
Greece,1984,4785
Grenada,1984,1524
Greenland,1984,7199
Guatemala,1984,1241
Guyana,1984,565
High income,1984,8892
"Hong Kong SAR, China",1984,6208
Honduras,1984,960
Heavily indebted poor countries (HIPC),1984,426
Haiti,1984,299
Hungary,1984,1991
IBRD only,1984,846
IDA & IBRD total,1984,770
IDA total,1984,440
IDA blend,1984,595
Indonesia,1984,520
IDA only,1984,360
Isle of Man,1984,3893
India,1984,281
Ireland,1984,5692
"Iran, Islamic Rep.",1984,3395
Iraq,1984,3066
Iceland,1984,12378
Israel,1984,7369
Italy,1984,7758
Jamaica,1984,1048
Jordan,1984,1871
Japan,1984,11207
Kenya,1984,334
Cambodia,1984,175
Kiribati,1984,527
St. Kitts and Nevis,1984,2341
"Korea, Rep.",1984,2469
Kuwait,1984,11919
Latin America & Caribbean (excluding high income),1984,1822
Lao PDR,1984,483
Liberia,1984,390
Libya,1984,7811
St. Lucia,1984,1979
Latin America & Caribbean,1984,1950
Least developed countries: UN classification,1984,315
Low income,1984,372
Liechtenstein,1984,18898
Sri Lanka,1984,391
Lower middle income,1984,390
Low & middle income,1984,634
Lesotho,1984,211
Late-demographic dividend,1984,800
Luxembourg,1984,12127
"Macao SAR, China",1984,4611
Morocco,1984,682
Monaco,1984,36582
Madagascar,1984,385
Maldives,1984,594
"Middle East, North Africa, Afghanistan & Pakistan",1984,2068
Mexico,1984,2506
Marshall Islands,1984,1245
Middle income,1984,652
Mali,1984,169
Malta,1984,3333
Myanmar,1984,36
"Middle East, North Africa, Afghanistan & Pakistan (excluding high income)",1984,1407
Mongolia,1984,1120
Mauritania,1984,650
Mauritius,1984,1042
Malawi,1984,240
Malaysia,1984,2300
North America,1984,16809
Namibia,1984,1830
New Caledonia,1984,5052
Niger,1984,211
Nigeria,1984,890
Nicaragua,1984,861
Netherlands,1984,9992
Norway,1984,14989
Nepal,1984,151
Nauru,1984,5654
New Zealand,1984,6714
OECD members,1984,9109
Oman,1984,7070
Other small states,1984,2486
Pakistan,1984,327
Panama,1984,2875
Peru,1984,918
Philippines,1984,665
Palau,1984,3360
Papua New Guinea,1984,750
Pre-demographic dividend,1984,665
Puerto Rico (US),1984,5730
Portugal,1984,2523
Paraguay,1984,1319
Pacific island small states,1984,1219
Post-demographic dividend,1984,10055
French Polynesia,1984,7511
Qatar,1984,19272
Rwanda,1984,260
South Asia,1984,271
Saudi Arabia,1984,15541
Sudan,1984,430
Senegal,1984,536
Singapore,1984,7228
Solomon Islands,1984,665
Sierra Leone,1984,306
El Salvador,1984,763
"Somalia, Fed. Rep.",1984,122
Sub-Saharan Africa (excluding high income),1984,733
Sub-Saharan Africa,1984,687
Small states,1984,2771
Sao Tome and Principe,1984,735
Suriname,1984,2261
Sweden,1984,13080
Eswatini,1984,726
Seychelles,1984,2488
Syrian Arab Republic,1984,1706
Chad,1984,182
East Asia & Pacific (IDA & IBRD countries),1984,336
Togo,1984,304
Thailand,1984,847
Latin America & the Caribbean (IDA & IBRD countries),1984,1893
"Middle East, North Africa, Afghanistan & Pakistan (IDA & IBRD)",1984,1396
Tonga,1984,656
South Asia (IDA & IBRD),1984,271
Sub-Saharan Africa (IDA & IBRD countries),1984,687
Trinidad and Tobago,1984,6613
Tunisia,1984,1143
Turkiye,1984,1209
Tuvalu,1984,567
Tanzania,1984,609
Uganda,1984,248
Upper middle income,1984,856
Uruguay,1984,1615
United States,1984,17121
St. Vincent and the Grenadines,1984,1254
"Venezuela, RB",1984,3520
Vanuatu,1984,1137
World,1984,2608
Samoa,1984,655
South Africa,1984,2504
Zambia,1984,413
Zimbabwe,1984,757
Africa Eastern and Southern,1985,554
Africa Western and Central,1985,755
Angola,1985,772
Albania,1985,640
Andorra,1985,7912
Arab World,1985,2248
United Arab Emirates,1985,29468
Argentina,1985,2906
Antigua and Barbuda,1985,3814
Australia,1985,11455
Austria,1985,9136
Burundi,1985,228
Belgium,1985,8751
Benin,1985,230
Burkina Faso,1985,194
Bangladesh,1985,222
Bulgaria,1985,1915
Bahrain,1985,9649
"Bahamas, The",1985,9167
Belize,1985,1754
Bermuda,1985,18714
Bolivia,1985,838
Brazil,1985,1556
Barbados,1985,5510
Brunei Darussalam,1985,31827
Bhutan,1985,321
Botswana,1985,994
Central African Republic,1985,333
Canada,1985,14170
Switzerland,1985,17152
Chile,1985,1447
China,1985,295
Cote d'Ivoire,1985,695
Cameroon,1985,875
"Congo, Dem. Rep.",1985,230
"Congo, Rep.",1985,1049
Colombia,1985,1192
Comoros,1985,494
Cabo Verde,1985,396
Costa Rica,1985,1429
Caribbean small states,1985,3907
Cuba,1985,2257
Cyprus,1985,4488
Germany,1985,9464
Djibouti,1985,847
Dominica,1985,1666
Denmark,1985,12213
Dominican Republic,1985,784
Algeria,1985,2633
East Asia & Pacific (excluding high income),1985,358
Early-demographic dividend,1985,823
East Asia & Pacific,1985,1425
Europe & Central Asia,1985,4656
Ecuador,1985,1842
"Egypt, Arab Rep.",1985,770
Euro area,1985,7743
Spain,1985,4696
Ethiopia,1985,244
European Union,1985,6490
Fragile and conflict affected situations,1985,889
Finland,1985,11394
Fiji,1985,1577
France,1985,9657
Faroe Islands,1985,10049
"Micronesia, Fed. Sts.",1985,1136
Gabon,1985,3898
United Kingdom,1985,8652
Ghana,1985,330
Guinea,1985,4062
"Gambia, The",1985,263
Guinea-Bissau,1985,417
Equatorial Guinea,1985,161
Greece,1985,4747
Grenada,1985,1745
Greenland,1985,7761
Guatemala,1985,1238
Guyana,1985,588
High income,1985,9270
"Hong Kong SAR, China",1985,6543
Honduras,1985,1001
Heavily indebted poor countries (HIPC),1985,435
Haiti,1985,325
Hungary,1985,2020
IBRD only,1985,863
IDA & IBRD total,1985,782
IDA total,1985,442
IDA blend,1985,580
Indonesia,1985,511
IDA only,1985,371
Isle of Man,1985,3980
India,1985,301
Ireland,1985,6012
"Iran, Islamic Rep.",1985,3634
Iraq,1985,3088
Iceland,1985,12793
Israel,1985,6829
Italy,1985,8009
Jamaica,1985,917
Jordan,1985,1797
Japan,1985,11809
Kenya,1985,320
Cambodia,1985,182
Kiribati,1985,393
St. Kitts and Nevis,1985,2651
"Korea, Rep.",1985,2543
Kuwait,1985,11322
Latin America & Caribbean (excluding high income),1985,1755
Lao PDR,1985,633
Liberia,1985,380
Libya,1985,8087
St. Lucia,1985,2202
Latin America & Caribbean,1985,1889
Least developed countries: UN classification,1985,336
Low income,1985,340
Liechtenstein,1985,19684
Sri Lanka,1985,385
Lower middle income,1985,406
Low & middle income,1985,645
Lesotho,1985,165
Late-demographic dividend,1985,852
Luxembourg,1985,12482
"Macao SAR, China",1985,4702
Morocco,1985,673
Monaco,1985,37690
Madagascar,1985,364
Maldives,1985,669
"Middle East, North Africa, Afghanistan & Pakistan",1985,2039
Mexico,1985,2602
Marshall Islands,1985,1162
Middle income,1985,665
Mali,1985,190
Malta,1985,3322
Myanmar,1985,40
"Middle East, North Africa, Afghanistan & Pakistan (excluding high income)",1985,1465
Mongolia,1985,1138
Mauritania,1985,593
Mauritius,1985,1069
Malawi,1985,216
Malaysia,1985,2046
North America,1985,17839
Namibia,1985,1466
New Caledonia,1985,5335
Niger,1985,202
Nigeria,1985,869
Nicaragua,1985,724
Netherlands,1985,9941
Norway,1985,15754
Nepal,1985,150
Nauru,1985,4859
New Zealand,1985,7601
OECD members,1985,9513
Oman,1985,7549
Other small states,1985,2380
Pakistan,1985,317
Panama,1985,2972
Peru,1985,767
Philippines,1985,633
Palau,1985,3728
Papua New Guinea,1985,697
Pre-demographic dividend,1985,671
Puerto Rico (US),1985,6008
Portugal,1985,2705
Paraguay,1985,935
Pacific island small states,1985,1146
Post-demographic dividend,1985,10532
French Polynesia,1985,8002
Qatar,1985,16815
Rwanda,1985,272
South Asia,1985,291
Saudi Arabia,1985,12745
Sudan,1985,326
Senegal,1985,571
Singapore,1985,7002
Solomon Islands,1985,586
Sierra Leone,1985,236
El Salvador,1985,776
"Somalia, Fed. Rep.",1985,131
Sub-Saharan Africa (excluding high income),1985,675
Sub-Saharan Africa,1985,637
Small states,1985,2694
Sao Tome and Principe,1985,761
Suriname,1985,2256
Sweden,1985,13647
Eswatini,1985,510
Seychelles,1985,2754
Syrian Arab Republic,1985,1544
Chad,1985,203
East Asia & Pacific (IDA & IBRD countries),1985,362
Togo,1985,313
Thailand,1985,774
Latin America & the Caribbean (IDA & IBRD countries),1985,1831
"Middle East, North Africa, Afghanistan & Pakistan (IDA & IBRD)",1985,1454
Tonga,1985,613
South Asia (IDA & IBRD),1985,291
Sub-Saharan Africa (IDA & IBRD countries),1985,637
Trinidad and Tobago,1985,6212
Tunisia,1985,1135
Turkiye,1985,1326
Tuvalu,1985,480
Tanzania,1985,700
Uganda,1985,234
Upper middle income,1985,868
Uruguay,1985,1568
United States,1985,18237
St. Vincent and the Grenadines,1985,1342
"Venezuela, RB",1985,3549
Viet Nam,1985,239
Vanuatu,1985,1012
World,1985,2684
Samoa,1985,573
South Africa,1985,1839
Zambia,1985,332
Zimbabwe,1985,649
Aruba,1986,6768
Africa Eastern and Southern,1986,578
Africa Western and Central,1986,583
Angola,1986,698
Albania,1986,694
Andorra,1986,10539
Arab World,1986,2042
United Arab Emirates,1986,23132
Argentina,1986,3436
Antigua and Barbuda,1986,4629
Australia,1986,11406
Austria,1986,13032
Burundi,1986,234
Belgium,1986,12170
Benin,1986,286
Burkina Faso,1986,247
Bangladesh,1986,212
Bulgaria,1986,2260
Bahrain,1986,7777
"Bahamas, The",1986,9601
Belize,1986,1859
Bermuda,1986,20997
Bolivia,1986,604
Brazil,1986,1854
Barbados,1986,6031
Brunei Darussalam,1986,18501
Bhutan,1986,365
Botswana,1986,1200
Central African Republic,1986,426
Canada,1986,14521
Switzerland,1986,24460
Chile,1986,1525
China,1986,282
Cote d'Ivoire,1986,877
Cameroon,1986,1179
"Congo, Dem. Rep.",1986,251
"Congo, Rep.",1986,872
Colombia,1986,1169
Comoros,1986,646
Cabo Verde,1986,541
Costa Rica,1986,1569
Caribbean small states,1986,3307
Cuba,1986,2365
Cyprus,1986,5643
Germany,1986,13511
Dominica,1986,1893
Denmark,1986,17137
Dominican Republic,1986,932
Algeria,1986,2800
East Asia & Pacific (excluding high income),1986,351
Early-demographic dividend,1986,807
East Asia & Pacific,1986,1833
Europe & Central Asia,1986,6312
Ecuador,1986,1604
"Egypt, Arab Rep.",1986,790
Euro area,1986,10846
Spain,1986,6509
Ethiopia,1986,246
European Union,1986,9042
Fragile and conflict affected situations,1986,801
Finland,1986,14947
Fiji,1986,1745
France,1986,13430
Faroe Islands,1986,14934
"Micronesia, Fed. Sts.",1986,1216
Gabon,1986,3865
United Kingdom,1986,10611
Ghana,1986,411
Guinea,1986,506
"Gambia, The",1986,208
Guinea-Bissau,1986,371
Equatorial Guinea,1986,189
Greece,1986,5578
Grenada,1986,1938
Greenland,1986,11271
Guatemala,1986,896
Guyana,1986,657
High income,1986,11185
"Hong Kong SAR, China",1986,7435
Honduras,1986,1058
Heavily indebted poor countries (HIPC),1986,390
Haiti,1986,367
Hungary,1986,2331
IBRD only,1986,879
IDA & IBRD total,1986,783
IDA total,1986,390
IDA blend,1986,519
Indonesia,1986,470
IDA only,1986,322
Isle of Man,1986,5507
India,1986,315
Ireland,1986,8112
"Iran, Islamic Rep.",1986,4064
Iraq,1986,2940
Iceland,1986,16980
Israel,1986,8335
Italy,1986,11341
Jamaica,1986,1191
Jordan,1986,2200
Japan,1986,17452
Kenya,1986,364
Cambodia,1986,186
Kiribati,1986,382
St. Kitts and Nevis,1986,3140
"Korea, Rep.",1986,2911
Kuwait,1986,9077
Latin America & Caribbean (excluding high income),1986,1742
Lao PDR,1986,462
Liberia,1986,364
Libya,1986,6019
St. Lucia,1986,2591
Latin America & Caribbean,1986,1874
Least developed countries: UN classification,1986,285
Low income,1986,349
Liechtenstein,1986,28613
Sri Lanka,1986,407
Lower middle income,1986,398
Low & middle income,1986,645
Lesotho,1986,191
Late-demographic dividend,1986,892
Luxembourg,1986,18150
"Macao SAR, China",1986,5175
Morocco,1986,855
Monaco,1986,52082
Madagascar,1986,405
Maldives,1986,720
"Middle East, North Africa, Afghanistan & Pakistan",1986,2000
Mexico,1986,1757
Marshall Islands,1986,1425
Middle income,1986,665
Mali,1986,250
Malta,1986,4195
Myanmar,1986,42
"Middle East, North Africa, Afghanistan & Pakistan (excluding high income)",1986,1528
Mongolia,1986,1469
Mauritania,1986,677
Mauritius,1986,1442
Malawi,1986,218
Malaysia,1986,1760
North America,1986,18626
Namibia,1986,1599
New Caledonia,1986,7375
Niger,1986,260
Nigeria,1986,628
Nicaragua,1986,761
Netherlands,1986,13804
Norway,1986,18883
Nepal,1986,160
Nauru,1986,4569
New Zealand,1986,9428
OECD members,1986,11439
Oman,1986,5182
Other small states,1986,2330
Pakistan,1986,314
Panama,1986,3019
Peru,1986,1087
Philippines,1986,600
Palau,1986,4144
Papua New Guinea,1986,745
Pre-demographic dividend,1986,566
Puerto Rico (US),1986,6455
Portugal,1986,3862
Paraguay,1986,1031
Pacific island small states,1986,1223
Post-demographic dividend,1986,12806
French Polynesia,1986,11914
Qatar,1986,13213
Rwanda,1986,298
South Asia,1986,302
Saudi Arabia,1986,10078
Sudan,1986,400
Senegal,1986,784
Singapore,1986,6800
Solomon Islands,1986,506
Sierra Leone,1986,131
El Salvador,1986,755
"Somalia, Fed. Rep.",1986,131
Sub-Saharan Africa (excluding high income),1986,612
Sub-Saharan Africa,1986,581
Small states,1986,2492
Sao Tome and Principe,1986,1043
Suriname,1986,2271
Sweden,1986,17955
Eswatini,1986,611
Seychelles,1986,3368
Syrian Arab Republic,1986,1208
Chad,1986,203
East Asia & Pacific (IDA & IBRD countries),1986,355
Togo,1986,422
Thailand,1986,842
Latin America & the Caribbean (IDA & IBRD countries),1986,1809
"Middle East, North Africa, Afghanistan & Pakistan (IDA & IBRD)",1986,1515
Tonga,1986,696
South Asia (IDA & IBRD),1986,302
Sub-Saharan Africa (IDA & IBRD countries),1986,581
Trinidad and Tobago,1986,3985
Tunisia,1986,1187
Turkiye,1986,1461
Tuvalu,1986,557
Tanzania,1986,479
Uganda,1986,254
Upper middle income,1986,876
Uruguay,1986,1939
United States,1986,19071
St. Vincent and the Grenadines,1986,1472
"Venezuela, RB",1986,3376
Viet Nam,1986,436
Vanuatu,1986,946
World,1986,3108
Samoa,1986,604
South Africa,1986,2027
Zambia,1986,238
Zimbabwe,1986,693
Aruba,1987,8244
Africa Eastern and Southern,1987,665
Africa Western and Central,1987,583
Angola,1987,770
Albania,1987,675
Andorra,1987,12828
Arab World,1987,2108
United Arab Emirates,1987,23113
Argentina,1987,3477
Antigua and Barbuda,1987,5424
Australia,1987,11666
Austria,1987,16329
Burundi,1987,216
Belgium,1987,15136
Benin,1987,324
Burkina Faso,1987,280
Bangladesh,1987,231
Bulgaria,1987,3132
Bahrain,1987,8333
"Bahamas, The",1987,10361
Belize,1987,2166
Bermuda,1987,23043
Bolivia,1987,650
Brazil,1987,2006
Barbados,1987,6625
Brunei Darussalam,1987,21030
Bhutan,1987,449
Botswana,1987,1639
Central African Republic,1987,450
Canada,1987,16378
Switzerland,1987,30441
Chile,1987,1767
China,1987,252
Cote d'Ivoire,1987,930
Cameroon,1987,1258
"Congo, Dem. Rep.",1987,230
"Congo, Rep.",1987,1052
Colombia,1987,1193
Comoros,1987,763
Cabo Verde,1987,658
Costa Rica,1987,1567
Caribbean small states,1987,3440
Cuba,1987,2440
Cyprus,1987,6691
Germany,1987,16739
Djibouti,1987,822
Dominica,1987,2138
Denmark,1987,21296
Dominican Republic,1987,868
Algeria,1987,2847
East Asia & Pacific (excluding high income),1987,341
Early-demographic dividend,1987,800
East Asia & Pacific,1987,2118
Europe & Central Asia (excluding high income),1987,1175
Europe & Central Asia,1987,7746
Ecuador,1987,1426
"Egypt, Arab Rep.",1987,754
Euro area,1987,13380
Spain,1987,8234
Ethiopia,1987,254
European Union,1987,11145
Fragile and conflict affected situations,1987,787
Finland,1987,18565
Fiji,1987,1569
France,1987,16176
Faroe Islands,1987,18983
"Micronesia, Fed. Sts.",1987,1230
Gabon,1987,3624
United Kingdom,1987,13119
Georgia,1987,1544
Ghana,1987,355
Guinea,1987,505
"Gambia, The",1987,237
Guinea-Bissau,1987,488
Equatorial Guinea,1987,221
Greece,1987,6474
Grenada,1987,2205
Greenland,1987,14554
Guatemala,1987,854
Guyana,1987,464
High income,1987,12880
"Hong Kong SAR, China",1987,9071
Honduras,1987,1098
Heavily indebted poor countries (HIPC),1987,404
Haiti,1987,318
Hungary,1987,2566
IBRD only,1987,889
IDA & IBRD total,1987,790
IDA total,1987,392
IDA blend,1987,519
Indonesia,1987,438
IDA only,1987,326
Isle of Man,1987,7012
India,1987,345
Ireland,1987,9582
"Iran, Islamic Rep.",1987,2513
Iraq,1987,3436
Iceland,1987,23238
Israel,1987,9853
Italy,1987,14268
Jamaica,1987,1411
Jordan,1987,2217
Japan,1987,21142
Kenya,1987,387
Cambodia,1987,158
Kiribati,1987,424
St. Kitts and Nevis,1987,3573
"Korea, Rep.",1987,3658
Kuwait,1987,10896
Latin America & Caribbean (excluding high income),1987,1872
Lao PDR,1987,275
Liberia,1987,409
Libya,1987,6465
St. Lucia,1987,2819
Latin America & Caribbean,1987,1972
Least developed countries: UN classification,1987,295
Low income,1987,358
Liechtenstein,1987,38206
Sri Lanka,1987,420
Lower middle income,1987,424
Low & middle income,1987,652
Lesotho,1987,236
Late-demographic dividend,1987,927
Luxembourg,1987,22443
"Macao SAR, China",1987,6380
Morocco,1987,937
Monaco,1987,62456
Madagascar,1987,291
Maldives,1987,692
"Middle East, North Africa, Afghanistan & Pakistan",1987,1811
Mexico,1987,1888
Marshall Islands,1987,1543
Middle income,1987,671
Mali,1987,281
Malta,1987,5084
Myanmar,1987,41
"Middle East, North Africa, Afghanistan & Pakistan (excluding high income)",1987,1297
Mongolia,1987,1493
Mauritania,1987,746
Mauritius,1987,1840
Malawi,1987,208
Malaysia,1987,1977
North America,1987,19679
Namibia,1987,1969
New Caledonia,1987,8983
Niger,1987,295
Nigeria,1987,588
Nicaragua,1987,992
Netherlands,1987,16734
Norway,1987,22506
Nepal,1987,162
Nauru,1987,4485
New Zealand,1987,12331
OECD members,1987,13143
Oman,1987,5204
Other small states,1987,2861
Pakistan,1987,317
Panama,1987,2966
Peru,1987,1792
Philippines,1987,650
Palau,1987,4616
Papua New Guinea,1987,865
Pre-demographic dividend,1987,592
Puerto Rico (US),1987,6980
Portugal,1987,4804
Paraguay,1987,1069
Pacific island small states,1987,1174
Post-demographic dividend,1987,14765
French Polynesia,1987,14061
Qatar,1987,13719
Romania,1987,1659
Rwanda,1987,320
South Asia,1987,330
Saudi Arabia,1987,9386
Sudan,1987,471
Senegal,1987,916
Singapore,1987,7539
Solomon Islands,1987,515
Sierra Leone,1987,172
El Salvador,1987,777
"Somalia, Fed. Rep.",1987,141
Sub-Saharan Africa (excluding high income),1987,668
Sub-Saharan Africa,1987,632
Small states,1987,2825
Sao Tome and Principe,1987,1018
Suriname,1987,2469
Sweden,1987,21761
Eswatini,1987,765
Seychelles,1987,3872
Syrian Arab Republic,1987,997
Chad,1987,214
East Asia & Pacific (IDA & IBRD countries),1987,345
Togo,1987,482
Thailand,1987,970
Turkmenistan,1987,675
Latin America & the Caribbean (IDA & IBRD countries),1987,1904
"Middle East, North Africa, Afghanistan & Pakistan (IDA & IBRD)",1987,1287
Tonga,1987,830
South Asia (IDA & IBRD),1987,330
Sub-Saharan Africa (IDA & IBRD countries),1987,632
Trinidad and Tobago,1987,3941
Tunisia,1987,1245
Turkiye,1987,1650
Tuvalu,1987,600
Tanzania,1987,335
Uganda,1987,393
Ukraine,1987,1244
Upper middle income,1987,868
Uruguay,1987,2416
United States,1987,20039
Uzbekistan,1987,450
St. Vincent and the Grenadines,1987,1596
"Venezuela, RB",1987,2611
Viet Nam,1987,595
Vanuatu,1987,1017
World,1987,3476
Samoa,1987,666
South Africa,1987,2586
Zambia,1987,315
Zimbabwe,1987,726
Aruba,1988,10056
Africa Eastern and Southern,1988,704
Africa Western and Central,1988,563
Angola,1988,807
Albania,1988,653
Andorra,1988,14599
Arab World,1988,2042
United Arab Emirates,1988,21570
Argentina,1988,3993
Antigua and Barbuda,1988,6466
Australia,1988,14303
Austria,1988,17510
Burundi,1988,202
Belgium,1988,16391
Benin,1988,326
Burkina Faso,1988,301
Bangladesh,1988,248
Bulgaria,1988,2511
Bahrain,1988,8772
"Bahamas, The",1988,10576
Belize,1988,2406
Bermuda,1988,24958
Bolivia,1988,673
Brazil,1988,2141
Barbados,1988,7033
Brunei Darussalam,1988,18825
Bhutan,1988,489
Botswana,1988,2141
Central African Republic,1988,466
Canada,1988,19013
Switzerland,1988,32690
Chile,1988,2014
China,1988,284
Cote d'Ivoire,1988,910
Cameroon,1988,1145
"Congo, Dem. Rep.",1988,258
"Congo, Rep.",1988,984
Colombia,1988,1260
Comoros,1988,798
Cabo Verde,1988,729
Costa Rica,1988,1555
Caribbean small states,1988,3530
Cuba,1988,2632
Cyprus,1988,7646
Germany,1988,17997
Djibouti,1988,817
Dominica,1988,2423
Denmark,1988,22525
Dominican Republic,1988,784
Algeria,1988,2451
East Asia & Pacific (excluding high income),1988,372
Early-demographic dividend,1988,825
East Asia & Pacific,1988,2506
Europe & Central Asia (excluding high income),1988,1284
Europe & Central Asia,1988,8571
Ecuador,1988,1304
"Egypt, Arab Rep.",1988,634
Euro area,1988,14667
Spain,1988,9696
Ethiopia,1988,253
European Union,1988,12197
Fragile and conflict affected situations,1988,836
Finland,1988,22044
Fiji,1988,1463
France,1988,17550
Faroe Islands,1988,20454
"Micronesia, Fed. Sts.",1988,1284
Gabon,1988,4119
United Kingdom,1988,15987
Georgia,1988,1844
Ghana,1988,355
Guinea,1988,574
"Gambia, The",1988,275
Guinea-Bissau,1988,454
Equatorial Guinea,1988,229
Greece,1988,7492
Grenada,1988,2404
Greenland,1988,16398
Guatemala,1988,919
Guyana,1988,545
High income,1988,14399
"Hong Kong SAR, China",1988,10610
Honduras,1988,1039
Heavily indebted poor countries (HIPC),1988,413
Haiti,1988,397
Hungary,1988,2812
IBRD only,1988,933
IDA & IBRD total,1988,827
IDA total,1988,402
IDA blend,1988,524
Indonesia,1988,477
IDA only,1988,339
Isle of Man,1988,8769
India,1988,358
Ireland,1988,10716
"Iran, Islamic Rep.",1988,2234
Iraq,1988,3707
Iceland,1988,25307
Israel,1988,11853
Italy,1988,15781
Jamaica,1988,1632
Jordan,1988,1966
Japan,1988,25500
Kenya,1988,391
Cambodia,1988,244
Kiribati,1988,536
St. Kitts and Nevis,1988,4206
"Korea, Rep.",1988,4889
Kuwait,1988,9692
Latin America & Caribbean (excluding high income),1988,1997
Lao PDR,1988,147
Lebanon,1988,959
Liberia,1988,424
Libya,1988,5736
St. Lucia,1988,3182
Latin America & Caribbean,1988,2121
Least developed countries: UN classification,1988,316
Low income,1988,379
Liechtenstein,1988,41569
Sri Lanka,1988,434
Lower middle income,1988,427
Low & middle income,1988,681
Lesotho,1988,270
Late-demographic dividend,1988,997
Luxembourg,1988,25219
"Macao SAR, China",1988,7243
Morocco,1988,1086
Monaco,1988,67181
Madagascar,1988,281
Maldives,1988,799
"Middle East, North Africa, Afghanistan & Pakistan",1988,1756
Mexico,1988,2279
Marshall Islands,1988,1670
Middle income,1988,702
Mali,1988,307
Malta,1988,5814
Myanmar,1988,40
"Middle East, North Africa, Afghanistan & Pakistan (excluding high income)",1988,1221
Mongolia,1988,1543
Mauritania,1988,762
Mauritius,1988,2074
Malawi,1988,229
Malaysia,1988,2100
North America,1988,21180
Namibia,1988,2063
New Caledonia,1988,12301
Niger,1988,293
Nigeria,1988,540
Nicaragua,1988,662
Netherlands,1988,17771
Norway,1988,24207
Nepal,1988,187
Nauru,1988,5012
New Zealand,1988,13759
OECD members,1988,14699
Oman,1988,5279
Other small states,1988,3026
Pakistan,1988,354
Panama,1988,2509
Peru,1988,733
Philippines,1988,722
Palau,1988,5145
Papua New Guinea,1988,985
Pre-demographic dividend,1988,604
Puerto Rico (US),1988,7595
Portugal,1988,5624
Paraguay,1988,1114
Pacific island small states,1988,1189
Post-demographic dividend,1988,16538
French Polynesia,1988,13953
Qatar,1988,14682
Romania,1988,1753
Russian Federation,1988,3778
Rwanda,1988,344
South Asia,1988,344
Saudi Arabia,1988,9165
Sudan,1988,553
Senegal,1988,880
Singapore,1988,8914
Solomon Islands,1988,567
Sierra Leone,1988,268
El Salvador,1988,806
"Somalia, Fed. Rep.",1988,145
Sub-Saharan Africa (excluding high income),1988,684
Sub-Saharan Africa,1988,646
Small states,1988,2946
Sao Tome and Principe,1988,847
Suriname,1988,2886
Sweden,1988,24499
Eswatini,1988,865
Seychelles,1988,4392
Syrian Arab Republic,1988,898
Chad,1988,264
East Asia & Pacific (IDA & IBRD countries),1988,377
Europe & Central Asia (IDA & IBRD countries),1988,2335
Togo,1988,517
Thailand,1988,1164
Turkmenistan,1988,846
Latin America & the Caribbean (IDA & IBRD countries),1988,2048
"Middle East, North Africa, Afghanistan & Pakistan (IDA & IBRD)",1988,1212
Tonga,1988,1078
South Asia (IDA & IBRD),1988,344
Sub-Saharan Africa (IDA & IBRD countries),1988,646
Trinidad and Tobago,1988,3656
Tunisia,1988,1266
Turkiye,1988,1686
Tuvalu,1988,823
Tanzania,1988,308
Uganda,1988,395
Ukraine,1988,1444
Upper middle income,1988,922
Uruguay,1988,2677
United States,1988,21417
Uzbekistan,1988,551
St. Vincent and the Grenadines,1988,1814
"Venezuela, RB",1988,3191
Viet Nam,1988,405
Vanuatu,1988,1125
World,1988,3816
Samoa,1988,790
South Africa,1988,2702
Zambia,1988,504
Zimbabwe,1988,816
Aruba,1989,11507
Africa Eastern and Southern,1989,728
Africa Western and Central,1989,512
Angola,1989,908
Albania,1989,698
Andorra,1989,15715
Arab World,1989,2118
United Arab Emirates,1989,23167
Argentina,1989,2375
Antigua and Barbuda,1989,7188
Australia,1989,17858
Austria,1989,17401
Burundi,1989,204
Belgium,1989,16525
Benin,1989,293
Burkina Faso,1989,293
Bangladesh,1989,263
Bulgaria,1989,2477
Bahrain,1989,8833
"Bahamas, The",1989,11291
Belize,1989,2742
Bermuda,1989,26283
Bolivia,1989,675
Brazil,1989,2819
Barbados,1989,7773
Brunei Darussalam,1989,20090
Bhutan,1989,462
Botswana,1989,2428
Central African Republic,1989,443
Canada,1989,20795
Switzerland,1989,31309
Chile,1989,2278
China,1989,311
Cote d'Ivoire,1989,833
Cameroon,1989,1001
"Congo, Dem. Rep.",1989,254
"Congo, Rep.",1989,1033
Colombia,1989,1244
Comoros,1989,759
Cabo Verde,1989,727
Costa Rica,1989,1725
Caribbean small states,1989,3469
Cuba,1989,2566
Cyprus,1989,8039
Germany,1989,17829
Djibouti,1989,782
Dominica,1989,2639
Denmark,1989,21882
Dominican Republic,1989,955
Algeria,1989,2247
East Asia & Pacific (excluding high income),1989,395
Early-demographic dividend,1989,819
East Asia & Pacific,1989,2570
Europe & Central Asia (excluding high income),1989,1439
Europe & Central Asia,1989,8631
Ecuador,1989,1356
"Egypt, Arab Rep.",1989,701
Euro area,1989,14916
Spain,1989,10674
Ethiopia,1989,256
European Union,1989,12414
Fragile and conflict affected situations,1989,808
Finland,1989,23969
Fiji,1989,1543
France,1989,17547
Faroe Islands,1989,18181
"Micronesia, Fed. Sts.",1989,1366
Gabon,1989,4374
United Kingdom,1989,16239
Georgia,1989,1853
Ghana,1989,350
Guinea,1989,570
"Gambia, The",1989,281
Guinea-Bissau,1989,578
Equatorial Guinea,1989,193
Greece,1989,7738
Grenada,1989,2697
Greenland,1989,16814
Guatemala,1989,958
Guyana,1989,503
High income,1989,14892
"Hong Kong SAR, China",1989,12098
Honduras,1989,904
Heavily indebted poor countries (HIPC),1989,409
Haiti,1989,407
Hungary,1989,2902
IBRD only,1989,954
IDA & IBRD total,1989,842
IDA total,1989,394
IDA blend,1989,494
Indonesia,1989,524
IDA only,1989,343
Isle of Man,1989,9111
India,1989,350
Ireland,1989,11176
"Iran, Islamic Rep.",1989,2125
Iraq,1989,3791
Iceland,1989,23219
Israel,1989,11608
Italy,1989,16424
Jamaica,1989,1865
Jordan,1989,1260
Japan,1989,25266
Kenya,1989,374
Cambodia,1989,191
Kiribati,1989,515
St. Kitts and Nevis,1989,4723
"Korea, Rep.",1989,5989
Kuwait,1989,10965
Latin America & Caribbean (excluding high income),1989,2227
Lao PDR,1989,170
Lebanon,1989,771
Liberia,1989,312
Libya,1989,5793
St. Lucia,1989,3565
Latin America & Caribbean,1989,2298
Least developed countries: UN classification,1989,331
Low income,1989,400
Liechtenstein,1989,39552
Sri Lanka,1989,430
Lower middle income,1989,408
Low & middle income,1989,716
Lesotho,1989,279
Late-demographic dividend,1989,1047
Luxembourg,1989,26618
"Macao SAR, China",1989,8323
Morocco,1989,1091
Monaco,1989,66816
Madagascar,1989,271
Maldives,1989,870
"Middle East, North Africa, Afghanistan & Pakistan",1989,1756
Mexico,1989,2725
Marshall Islands,1989,1670
Middle income,1989,737
Mali,1989,314
Malta,1989,6041
Myanmar,1989,51
"Middle East, North Africa, Afghanistan & Pakistan (excluding high income)",1989,1191
Mongolia,1989,1684
Mauritania,1989,762
Mauritius,1989,2103
Malawi,1989,252
Malaysia,1989,2244
North America,1989,22653
Namibia,1989,1967
New Caledonia,1989,12702
Niger,1989,271
Nigeria,1989,465
Nicaragua,1989,249
Netherlands,1989,17423
Norway,1989,24281
Nepal,1989,185
Nauru,1989,5723
New Zealand,1989,13312
OECD members,1989,15248
Oman,1989,5591
Other small states,1989,3031
Pakistan,1989,358
Panama,1989,2462
Peru,1989,1045
Philippines,1989,792
Palau,1989,5741
Papua New Guinea,1989,934
Pre-demographic dividend,1989,595
Puerto Rico (US),1989,8033
Portugal,1989,6056
Paraguay,1989,1211
Pacific island small states,1989,1219
Post-demographic dividend,1989,17165
French Polynesia,1989,13683
Qatar,1989,15243
Romania,1989,1790
Russian Federation,1989,3430
Rwanda,1989,335
South Asia,1989,339
Saudi Arabia,1989,9414
Sudan,1989,814
Senegal,1989,849
Singapore,1989,10395
Solomon Islands,1989,538
Sierra Leone,1989,231
El Salvador,1989,825
"Somalia, Fed. Rep.",1989,166
Sub-Saharan Africa (excluding high income),1989,677
Sub-Saharan Africa,1989,640
Small states,1989,2933
Sao Tome and Principe,1989,821
Suriname,1989,1329
Sweden,1989,25625
Eswatini,1989,832
Seychelles,1989,4689
Syrian Arab Republic,1989,809
Chad,1989,246
East Asia & Pacific (IDA & IBRD countries),1989,400
Europe & Central Asia (IDA & IBRD countries),1989,2252
Togo,1989,492
Thailand,1989,1342
Turkmenistan,1989,821
Latin America & the Caribbean (IDA & IBRD countries),1989,2228
"Middle East, North Africa, Afghanistan & Pakistan (IDA & IBRD)",1989,1182
Tonga,1989,1070
South Asia (IDA & IBRD),1989,339
Sub-Saharan Africa (IDA & IBRD countries),1989,640
Trinidad and Tobago,1989,3482
Tunisia,1989,1239
Turkiye,1989,1949
Tuvalu,1989,976
Tanzania,1989,260
Uganda,1989,310
Ukraine,1989,1593
Upper middle income,1989,1003
Uruguay,1989,2734
United States,1989,22857
Uzbekistan,1989,598
St. Vincent and the Grenadines,1989,1930
"Venezuela, RB",1989,2250
Viet Nam,1989,98
Vanuatu,1989,1067
World,1989,3917
Samoa,1989,728
South Africa,1989,2727
Zambia,1989,526
Zimbabwe,1989,840
Aruba,1990,12188
Africa Eastern and Southern,1990,822
Africa Western and Central,1990,593
Angola,1990,966
Albania,1990,617
Andorra,1990,19564
Arab World,1990,2875
United Arab Emirates,1990,26710
Argentina,1990,4315
Armenia,1990,635
Antigua and Barbuda,1990,7591
Australia,1990,18274
Austria,1990,21596
Azerbaijan,1990,1238
Burundi,1990,203
Belgium,1990,20600
Benin,1990,371
Burkina Faso,1990,339
Bangladesh,1990,283
Bulgaria,1990,2367
Bahrain,1990,9343
"Bahamas, The",1990,11473
Bosnia and Herzegovina,1990,1743
Belarus,1990,1707
Belize,1990,2986
Bermuda,1990,27666
Bolivia,1990,683
Brazil,1990,2620
Barbados,1990,7781
Brunei Darussalam,1990,23659
Bhutan,1990,488
Botswana,1990,2903
Central African Republic,1990,502
Canada,1990,21526
Central Europe and the Baltics,1990,2457
Switzerland,1990,39575
Chile,1990,2488
China,1990,319
Cote d'Ivoire,1990,886
Cameroon,1990,1087
"Congo, Dem. Rep.",1990,255
"Congo, Rep.",1990,1176
Colombia,1990,1475
Comoros,1990,903
Cabo Verde,1990,817
Costa Rica,1990,1830
Caribbean small states,1990,3714
Cuba,1990,2694
Cyprus,1990,9642
Czechia,1990,3969
Germany,1990,22386
Djibouti,1990,780
Dominica,1990,2893
Denmark,1990,26886
Dominican Republic,1990,989
Algeria,1990,2445
East Asia & Pacific (excluding high income),1990,417
Early-demographic dividend,1990,937
East Asia & Pacific,1990,2642
Europe & Central Asia (excluding high income),1990,1701
Europe & Central Asia,1990,10494
Ecuador,1990,1455
"Egypt, Arab Rep.",1990,736
Euro area,1990,18684
Spain,1990,13795
Ethiopia,1990,262
European Union,1990,15470
Fragile and conflict affected situations,1990,1122
Finland,1990,28366
Fiji,1990,1729
France,1990,21586
Faroe Islands,1990,20126
"Micronesia, Fed. Sts.",1990,1459
Gabon,1990,6051
United Kingdom,1990,19095
Georgia,1990,1611
Ghana,1990,383
Guinea,1990,604
"Gambia, The",1990,301
Guinea-Bissau,1990,651
Equatorial Guinea,1990,236
Greece,1990,9467
Grenada,1990,2782
Greenland,1990,18327
Guatemala,1990,848
Guyana,1990,529
High income,1990,16573
"Hong Kong SAR, China",1990,13486
Honduras,1990,750
Heavily indebted poor countries (HIPC),1990,457
Croatia,1990,5369
Haiti,1990,452
Hungary,1990,3324
IBRD only,1990,1055
IDA & IBRD total,1990,929
IDA total,1990,433
IDA blend,1990,529
Indonesia,1990,578
IDA only,1990,384
Isle of Man,1990,11050
India,1990,371
Ireland,1990,14031
"Iran, Islamic Rep.",1990,2138
Iraq,1990,10261
Iceland,1990,26272
Israel,1990,13308
Italy,1990,20874
Jamaica,1990,1930
Jordan,1990,1149
Japan,1990,25801
Kazakhstan,1990,1570
Kenya,1990,374
Kyrgyz Republic,1990,606
Cambodia,1990,190
Kiribati,1990,488
St. Kitts and Nevis,1990,5373
"Korea, Rep.",1990,6813
Kuwait,1990,10938
Latin America & Caribbean (excluding high income),1990,2437
Lao PDR,1990,201
Lebanon,1990,790
Liberia,1990,173
Libya,1990,6502
St. Lucia,1990,4205
Latin America & Caribbean,1990,2511
Least developed countries: UN classification,1990,371
Low income,1990,489
Liechtenstein,1990,49458
Sri Lanka,1990,491
Lower middle income,1990,432
Low & middle income,1990,806
Lesotho,1990,330
Late-demographic dividend,1990,1069
Luxembourg,1990,33465
"Macao SAR, China",1990,9692
Morocco,1990,1229
Monaco,1990,81735
Moldova,1990,1207
Madagascar,1990,326
Maldives,1990,957
"Middle East, North Africa, Afghanistan & Pakistan",1990,2184
Mexico,1990,3154
Marshall Islands,1990,1758
Middle income,1990,828
North Macedonia,1990,2277
Mali,1990,354
Malta,1990,7192
Myanmar,1990,53
"Middle East, North Africa, Afghanistan & Pakistan (excluding high income)",1990,1555
Mongolia,1990,1220
Mauritania,1990,772
Mauritius,1990,2540
Malawi,1990,287
Malaysia,1990,2469
North America,1990,23654
Namibia,1990,2037
New Caledonia,1990,14335
Niger,1990,424
Nigeria,1990,556
Nicaragua,1990,243
Netherlands,1990,21322
Norway,1990,28243
Nepal,1990,186
Nauru,1990,5776
New Zealand,1990,13663
OECD members,1990,17020
Oman,1990,7546
Other small states,1990,3571
Pakistan,1990,344
Panama,1990,2620
Peru,1990,1200
Philippines,1990,804
Palau,1990,6403
Papua New Guinea,1990,826
Poland,1990,1731
Pre-demographic dividend,1990,940
Puerto Rico (US),1990,8653
Portugal,1990,7885
Paraguay,1990,1440
Pacific island small states,1990,1343
Post-demographic dividend,1990,19134
French Polynesia,1990,16293
Qatar,1990,16722
Romania,1990,1648
Russian Federation,1990,3494
Rwanda,1990,346
South Asia,1990,360
Saudi Arabia,1990,11055
Sudan,1990,1257
Senegal,1990,957
Singapore,1990,11862
Solomon Islands,1990,648
Sierra Leone,1990,155
El Salvador,1990,892
"Somalia, Fed. Rep.",1990,146
Sub-Saharan Africa (excluding high income),1990,775
Sub-Saharan Africa,1990,729
Small states,1990,3334
Sao Tome and Principe,1990,970
Suriname,1990,942
Slovak Republic,1990,2437
Slovenia,1990,9925
Sweden,1990,30549
Eswatini,1990,1278
Seychelles,1990,5642
Syrian Arab Republic,1990,978
Chad,1990,291
East Asia & Pacific (IDA & IBRD countries),1990,422
Europe & Central Asia (IDA & IBRD countries),1990,2374
Togo,1990,575
Thailand,1990,1559
Tajikistan,1990,487
Turkmenistan,1990,848
Latin America & the Caribbean (IDA & IBRD countries),1990,2439
Timor-Leste,1990,169
"Middle East, North Africa, Afghanistan & Pakistan (IDA & IBRD)",1990,1551
Tonga,1990,1139
South Asia (IDA & IBRD),1990,360
Sub-Saharan Africa (IDA & IBRD countries),1990,729
Trinidad and Tobago,1990,4047
Tunisia,1990,1476
Turkiye,1990,2690
Tuvalu,1990,1085
Tanzania,1990,244
Uganda,1990,245
Ukraine,1990,1564
Upper middle income,1990,1152
Uruguay,1990,2995
United States,1990,23889
Uzbekistan,1990,653
St. Vincent and the Grenadines,1990,2150
"Venezuela, RB",1990,2452
Viet Nam,1990,99
Vanuatu,1990,1141
World,1990,4326
Samoa,1990,744
"Yemen, Rep.",1990,910
South Africa,1990,3093
Zambia,1990,422
Zimbabwe,1990,867
Aruba,1991,13234
Africa Eastern and Southern,1991,864
Africa Western and Central,1991,608
Angola,1991,882
Albania,1991,337
Andorra,1991,19533
Arab World,1991,2049
United Arab Emirates,1991,25691
Argentina,1991,5709
Armenia,1991,573
Antigua and Barbuda,1991,7956
Australia,1991,18885
Austria,1991,22323
Azerbaijan,1991,735
Burundi,1991,205
Belgium,1991,21042
Benin,1991,365
Burkina Faso,1991,334
Bangladesh,1991,272
Bulgaria,1991,884
Bahrain,1991,10434
"Bahamas, The",1991,11082
Bosnia and Herzegovina,1991,1373
Belarus,1991,1805
Belize,1991,3190
Bermuda,1991,28196
Bolivia,1991,734
Brazil,1991,2258
Barbados,1991,7790
Brunei Darussalam,1991,23932
Bhutan,1991,401
Botswana,1991,2939
Central African Republic,1991,465
Canada,1991,21847
Central Europe and the Baltics,1991,2233
Switzerland,1991,39544
Chile,1991,2798
China,1991,334
Cote d'Ivoire,1991,827
Cameroon,1991,1015
"Congo, Dem. Rep.",1991,254
"Congo, Rep.",1991,1113
Colombia,1991,1486
Comoros,1991,879
Cabo Verde,1991,832
Costa Rica,1991,2253
Caribbean small states,1991,3792
Cuba,1991,2269
Cyprus,1991,9696
Czechia,1991,2917
Germany,1991,23443
Djibouti,1991,733
Dominica,1991,3171
Denmark,1991,27003
Dominican Republic,1991,1346
Algeria,1991,1759
East Asia & Pacific (excluding high income),1991,446
Early-demographic dividend,1991,971
East Asia & Pacific,1991,2943
Europe & Central Asia (excluding high income),1991,1623
Europe & Central Asia,1991,10760
Ecuador,1991,1587
"Egypt, Arab Rep.",1991,623
Euro area,1991,19305
Spain,1991,14801
Ethiopia,1991,278
European Union,1991,15952
Fragile and conflict affected situations,1991,776
Finland,1991,25489
Fiji,1991,1775
France,1991,21501
Faroe Islands,1991,19164
"Micronesia, Fed. Sts.",1991,1617
Gabon,1991,5345
United Kingdom,1991,19901
Georgia,1991,1308
Ghana,1991,418
Guinea,1991,656
"Gambia, The",1991,628
Guinea-Bissau,1991,672
Equatorial Guinea,1991,225
Greece,1991,10047
Grenada,1991,2984
Greenland,1991,18315
Guatemala,1991,1014
Guyana,1991,466
High income,1991,17366
"Hong Kong SAR, China",1991,15466
Honduras,1991,722
Heavily indebted poor countries (HIPC),1991,485
Croatia,1991,4001
Haiti,1991,497
Hungary,1991,3361
IBRD only,1991,1006
IDA & IBRD total,1991,893
IDA total,1991,455
IDA blend,1991,549
Indonesia,1991,624
IDA only,1991,408
Isle of Man,1991,11768
India,1991,306
Ireland,1991,14087
"Iran, Islamic Rep.",1991,2194
Iraq,1991,23
Iceland,1991,27740
Israel,1991,14346
Italy,1991,22007
Jamaica,1991,1710
Jordan,1991,1110
Japan,1991,29428
Kazakhstan,1991,1442
Kenya,1991,345
Kyrgyz Republic,1991,570
Cambodia,1991,267
Kiribati,1991,540
St. Kitts and Nevis,1991,5465
"Korea, Rep.",1991,7873
Kuwait,1991,8147
Latin America & Caribbean (excluding high income),1991,2558
Lao PDR,1991,232
Lebanon,1991,1278
Liberia,1991,178
Libya,1991,7040
St. Lucia,1991,4399
Latin America & Caribbean,1991,2648
Least developed countries: UN classification,1991,392
Low income,1991,536
Liechtenstein,1991,50812
Sri Lanka,1991,546
Lower middle income,1991,404
Low & middle income,1991,768
Lesotho,1991,382
Late-demographic dividend,1991,1061
Luxembourg,1991,35747
"Macao SAR, China",1991,10707
Morocco,1991,1292
Monaco,1991,80997
Moldova,1991,1038
Madagascar,1991,262
Maldives,1991,1054
"Middle East, North Africa, Afghanistan & Pakistan",1991,1709
Mexico,1991,3709
Marshall Islands,1991,1811
Middle income,1991,785
North Macedonia,1991,2402
Mali,1991,382
Malta,1991,7559
Myanmar,1991,51
"Middle East, North Africa, Afghanistan & Pakistan (excluding high income)",1991,1024
Mongolia,1991,1099
Mozambique,1991,289
Mauritania,1991,1062
Mauritius,1991,2705
Malawi,1991,326
Malaysia,1991,2679
North America,1991,24094
Namibia,1991,2117
New Caledonia,1991,14643
Niger,1991,384
Nigeria,1991,597
Nicaragua,1991,350
Netherlands,1991,21764
Norway,1991,28597
Nepal,1991,196
Nauru,1991,5333
New Zealand,1991,12230
OECD members,1991,17849
Oman,1991,6977
Other small states,1991,3674
Pakistan,1991,380
Panama,1991,2821
Peru,1991,1527
Philippines,1991,804
Palau,1991,6824
Papua New Guinea,1991,942
Poland,1991,2236
Pre-demographic dividend,1991,519
Puerto Rico (US),1991,9064
Portugal,1991,8959
Paraguay,1991,1685
Pacific island small states,1991,1404
Post-demographic dividend,1991,20039
French Polynesia,1991,16415
Qatar,1991,15133
Romania,1991,1254
Russian Federation,1991,3490
Rwanda,1991,254
South Asia,1991,304
Saudi Arabia,1991,11847
Sudan,1991,1618
Senegal,1991,913
Singapore,1991,14502
Solomon Islands,1991,666
Sierra Leone,1991,184
El Salvador,1991,956
"Somalia, Fed. Rep.",1991,105
Sub-Saharan Africa (excluding high income),1991,808
Sub-Saharan Africa,1991,759
Small states,1991,3424
Sao Tome and Principe,1991,855
Suriname,1991,1080
Slovak Republic,1991,2727
Slovenia,1991,7229
Sweden,1991,31777
Eswatini,1991,1273
Seychelles,1991,5655
Syrian Arab Republic,1991,1000
Chad,1991,302
East Asia & Pacific (IDA & IBRD countries),1991,451
Europe & Central Asia (IDA & IBRD countries),1991,2313
Togo,1991,550
Thailand,1991,1766
Tajikistan,1991,458
Turkmenistan,1991,832
Latin America & the Caribbean (IDA & IBRD countries),1991,2588
Timor-Leste,1991,190
"Middle East, North Africa, Afghanistan & Pakistan (IDA & IBRD)",1991,1022
Tonga,1991,1323
South Asia (IDA & IBRD),1991,304
Sub-Saharan Africa (IDA & IBRD countries),1991,759
Trinidad and Tobago,1991,4205
Tunisia,1991,1538
Turkiye,1991,2649
Tuvalu,1991,1134
Tanzania,1991,276
Uganda,1991,183
Ukraine,1991,1483
Upper middle income,1991,1099
Uruguay,1991,3589
United States,1991,24342
Uzbekistan,1991,658
St. Vincent and the Grenadines,1991,2271
"Venezuela, RB",1991,2633
Viet Nam,1991,144
Vanuatu,1991,1326
World,1991,4439
Samoa,1991,742
"Yemen, Rep.",1991,1016
South Africa,1991,3243
Zambia,1991,423
Zimbabwe,1991,831
Aruba,1992,13893
Africa Eastern and Southern,1992,733
Africa Western and Central,1992,567
Angola,1992,669
Albania,1992,201
Andorra,1992,20100
Arab World,1992,1996
United Arab Emirates,1992,25648
Argentina,1992,6790
Armenia,1992,356
Antigua and Barbuda,1992,8154
Australia,1992,18650
Austria,1992,24783
Azerbaijan,1992,60
Burundi,1992,185
Belgium,1992,23373
Benin,1992,302
Burkina Faso,1992,349
Bangladesh,1992,273
Bulgaria,1992,1007
Bahrain,1992,10460
"Bahamas, The",1992,10873
Bosnia and Herzegovina,1992,1118
Belarus,1992,1658
Belize,1992,3643
Bermuda,1992,28762
Bolivia,1992,760
Brazil,1992,2127
Barbados,1992,7519
Brunei Darussalam,1992,23451
Bhutan,1992,416
Botswana,1992,3005
Central African Republic,1992,462
Canada,1992,20950
Central Europe and the Baltics,1992,2317
Switzerland,1992,40714
Chile,1992,3352
China,1992,368
Cote d'Ivoire,1992,845
Cameroon,1992,1005
"Congo, Dem. Rep.",1992,210
"Congo, Rep.",1992,1164
Colombia,1992,1730
Comoros,1992,939
Cabo Verde,1992,908
Costa Rica,1992,2612
Caribbean small states,1992,3843
Cuba,1992,2048
Cyprus,1992,11310
Czechia,1992,3397
Germany,1992,26560
Djibouti,1992,764
Dominica,1992,3376
Denmark,1992,29579
Dominican Republic,1992,1558
Algeria,1992,1803
East Asia & Pacific (excluding high income),1992,493
Early-demographic dividend,1992,1032
East Asia & Pacific,1992,3174
Europe & Central Asia (excluding high income),1992,1549
Europe & Central Asia,1992,11479
Ecuador,1992,1655
"Egypt, Arab Rep.",1992,681
Euro area,1992,21179
Eritrea,1992,265
Spain,1992,16101
Ethiopia,1992,207
European Union,1992,17470
Fragile and conflict affected situations,1992,674
Finland,1992,22320
Fiji,1992,1951
France,1992,23615
Faroe Islands,1992,19301
"Micronesia, Fed. Sts.",1992,1699
Gabon,1992,5386
United Kingdom,1992,20487
Georgia,1992,757
Ghana,1992,396
Guinea,1992,693
"Gambia, The",1992,623
Guinea-Bissau,1992,574
Equatorial Guinea,1992,264
Greece,1992,11021
Grenada,1992,3053
Greenland,1992,18769
Guatemala,1992,1096
Guyana,1992,498
High income,1992,18463
"Hong Kong SAR, China",1992,17976
Honduras,1992,782
Heavily indebted poor countries (HIPC),1992,358
Croatia,1992,2321
Haiti,1992,316
Hungary,1992,3747
IBRD only,1992,1034
IDA & IBRD total,1992,903
IDA total,1992,395
IDA blend,1992,519
Indonesia,1992,674
IDA only,1992,331
Isle of Man,1992,12151
India,1992,319
Ireland,1992,15714
"Iran, Islamic Rep.",1992,1957
Iraq,1992,30
Iceland,1992,28072
Israel,1992,15510
Italy,1992,23297
Jamaica,1992,1458
Jordan,1992,1287
Japan,1992,31993
Kazakhstan,1992,1438
Kenya,1992,337
Kyrgyz Republic,1992,513
Cambodia,1992,307
Kiribati,1992,792
St. Kitts and Nevis,1992,5947
"Korea, Rep.",1992,8387
Kuwait,1992,12146
Latin America & Caribbean (excluding high income),1992,2727
Lao PDR,1992,247
Lebanon,1992,1559
Liberia,1992,108
Libya,1992,7303
St. Lucia,1992,4760
Latin America & Caribbean,1992,2841
Least developed countries: UN classification,1992,302
Low income,1992,360
Liechtenstein,1992,55057
Sri Lanka,1992,580
Lower middle income,1992,413
Low & middle income,1992,791
Lesotho,1992,444
Late-demographic dividend,1992,1069
Luxembourg,1992,39571
"Macao SAR, China",1992,13250
Morocco,1992,1327
Monaco,1992,88615
Moldova,1992,778
Madagascar,1992,290
Maldives,1992,1194
"Middle East, North Africa, Afghanistan & Pakistan",1992,1752
Mexico,1992,4221
Marshall Islands,1992,1963
Middle income,1992,820
North Macedonia,1992,1199
Mali,1992,385
Malta,1992,8220
Myanmar,1992,59
"Middle East, North Africa, Afghanistan & Pakistan (excluding high income)",1992,1022
Mongolia,1992,608
Mozambique,1992,206
Mauritania,1992,1036
Mauritius,1992,3013
Malawi,1992,258
Malaysia,1992,3141
North America,1992,24975
Namibia,1992,2347
New Caledonia,1992,15714
Niger,1992,384
Nigeria,1992,509
Nicaragua,1992,411
Netherlands,1992,23939
Norway,1992,30524
Nepal,1992,165
Nauru,1992,5103
New Zealand,1992,11793
OECD members,1992,19022
Oman,1992,7318
Other small states,1992,3949
Pakistan,1992,396
Panama,1992,3140
Peru,1992,1567
Philippines,1992,917
Palau,1992,6553
Papua New Guinea,1992,1051
Poland,1992,2459
Pre-demographic dividend,1992,393
Puerto Rico (US),1992,9659
Portugal,1992,10811
Paraguay,1992,1683
Pacific island small states,1992,1520
Post-demographic dividend,1992,21351
French Polynesia,1992,17554
Qatar,1992,16280
Romania,1992,1102
Russian Federation,1992,3099
Rwanda,1992,264
South Asia,1992,316
Saudi Arabia,1992,11730
Sudan,1992,253
Senegal,1992,951
Singapore,1992,16136
Solomon Islands,1992,764
Sierra Leone,1992,163
El Salvador,1992,1041
"Somalia, Fed. Rep.",1992,109
Sub-Saharan Africa (excluding high income),1992,712
Sub-Saharan Africa,1992,665
Small states,1992,3614
Sao Tome and Principe,1992,740
Suriname,1992,969
Slovak Republic,1992,2959
Slovenia,1992,7151
Sweden,1992,32753
Eswatini,1992,1362
Seychelles,1992,6520
Syrian Arab Republic,1992,990
Chad,1992,291
East Asia & Pacific (IDA & IBRD countries),1992,499
Europe & Central Asia (IDA & IBRD countries),1992,2135
Togo,1992,565
Thailand,1992,1972
Tajikistan,1992,338
Turkmenistan,1992,811
Latin America & the Caribbean (IDA & IBRD countries),1992,2788
Timor-Leste,1992,235
"Middle East, North Africa, Afghanistan & Pakistan (IDA & IBRD)",1992,1020
Tonga,1992,1370
South Asia (IDA & IBRD),1992,316
Sub-Saharan Africa (IDA & IBRD countries),1992,665
Trinidad and Tobago,1992,4277
Tunisia,1992,1785
Turkiye,1992,2744
Tuvalu,1992,1166
Tanzania,1992,250
Uganda,1992,152
Ukraine,1992,1413
Upper middle income,1992,1159
Uruguay,1992,4102
United States,1992,25419
Uzbekistan,1992,603
St. Vincent and the Grenadines,1992,2471
"Venezuela, RB",1992,2907
Viet Nam,1992,145
Vanuatu,1992,1344
World,1992,4664
Samoa,1992,777
"Yemen, Rep.",1992,1198
South Africa,1992,3462
Zambia,1992,389
Zimbabwe,1992,631
Aruba,1993,14701
Africa Eastern and Southern,1993,709
Africa Western and Central,1993,574
Angola,1993,450
Albania,1993,367
Andorra,1993,15917
Arab World,1993,1988
United Arab Emirates,1993,25033
Argentina,1993,6932
Armenia,1993,348
Antigua and Barbuda,1993,8625
Australia,1993,17725
Austria,1993,23987
Azerbaijan,1993,210
Burundi,1993,165
Belgium,1993,22284
Benin,1993,387
Burkina Faso,1993,324
Bangladesh,1993,281
Bulgaria,1993,1279
Bahrain,1993,11152
"Bahamas, The",1993,10613
Bosnia and Herzegovina,1993,930
Belarus,1993,1590
Belize,1993,3860
Bermuda,1993,30950
Bolivia,1993,757
Brazil,1993,2349
Barbados,1993,7905
Brunei Darussalam,1993,22397
Bhutan,1993,407
Botswana,1993,2929
Central African Republic,1993,405
Canada,1993,20187
Central Europe and the Baltics,1993,2457
Switzerland,1993,39237
Chile,1993,3541
China,1993,379
Cote d'Ivoire,1993,804
Cameroon,1993,1310
"Congo, Dem. Rep.",1993,263
"Congo, Rep.",1993,1034
Colombia,1993,1929
Comoros,1993,903
Cabo Verde,1993,1220
Costa Rica,1993,2840
Caribbean small states,1993,3699
Cuba,1993,2063
Cyprus,1993,10526
Czechia,1993,3984
Germany,1993,25617
Djibouti,1993,759
Dominica,1993,3536
Denmark,1993,27582
Dominican Republic,1993,1722
Algeria,1993,1831
East Asia & Pacific (excluding high income),1993,534
Early-demographic dividend,1993,1090
East Asia & Pacific,1993,3506
Europe & Central Asia (excluding high income),1993,1590
Europe & Central Asia,1993,10514
Ecuador,1993,1698
"Egypt, Arab Rep.",1993,740
Euro area,1993,19311
Eritrea,1993,252
Spain,1993,13330
Estonia,1993,2686
Ethiopia,1993,169
European Union,1993,15909
Fragile and conflict affected situations,1993,669
Finland,1993,17589
Fiji,1993,2070
France,1993,22239
Faroe Islands,1993,16374
"Micronesia, Fed. Sts.",1993,1853
Gabon,1993,4106
United Kingdom,1993,18389
Georgia,1993,550
Ghana,1993,360
Guinea,1993,671
"Gambia, The",1993,635
Guinea-Bissau,1993,582
Equatorial Guinea,1993,257
Greece,1993,10257
Grenada,1993,3026
Greenland,1993,16797
Guatemala,1993,1166
Guyana,1993,603
High income,1993,18470
"Hong Kong SAR, China",1993,20396
Honduras,1993,773
Heavily indebted poor countries (HIPC),1993,360
Croatia,1993,2448
Haiti,1993,258
Hungary,1993,3887
IBRD only,1993,1085
IDA & IBRD total,1993,944
IDA total,1993,404
IDA blend,1993,536
Indonesia,1993,817
IDA only,1993,336
Isle of Man,1993,10819
India,1993,303
Ireland,1993,14657
"Iran, Islamic Rep.",1993,1038
Iraq,1993,54
Iceland,1993,24404
Israel,1993,15179
Italy,1993,18782
Jamaica,1993,2221
Jordan,1993,1289
Japan,1993,36345
Kazakhstan,1993,1355
Kenya,1993,229
Kyrgyz Republic,1993,449
Cambodia,1993,294
Kiribati,1993,748
St. Kitts and Nevis,1993,6395
"Korea, Rep.",1993,9180
Kuwait,1993,14318
Latin America & Caribbean (excluding high income),1993,3231
Lao PDR,1993,283
Lebanon,1993,2079
Liberia,1993,74
Libya,1993,6478
St. Lucia,1993,4765
Latin America & Caribbean,1993,3303
Least developed countries: UN classification,1993,304
Low income,1993,385
Liechtenstein,1993,55605
Sri Lanka,1993,607
Lower middle income,1993,408
Low & middle income,1993,840
Lesotho,1993,439
Late-demographic dividend,1993,1101
Luxembourg,1993,40067
"Macao SAR, China",1993,14754
Morocco,1993,1226
Monaco,1993,82685
Moldova,1993,797
Madagascar,1993,308
Maldives,1993,1317
"Middle East, North Africa, Afghanistan & Pakistan",1993,1598
Mexico,1993,6048
Marshall Islands,1993,2112
Middle income,1993,872
North Macedonia,1993,1337
Mali,1993,372
Malta,1993,7296
Myanmar,1993,76
"Middle East, North Africa, Afghanistan & Pakistan (excluding high income)",1993,877
Mongolia,1993,355
Mozambique,1993,205
Mauritania,1993,850
Mauritius,1993,3014
Malawi,1993,293
Malaysia,1993,3462
North America,1993,25772
Namibia,1993,2155
New Caledonia,1993,14787
Niger,1993,335
Nigeria,1993,540
Nicaragua,1993,394
Netherlands,1993,23156
Norway,1993,27964
Nepal,1993,173
Nauru,1993,4310
New Zealand,1993,13094
OECD members,1993,19145
Oman,1993,7039
Other small states,1993,3762
Pakistan,1993,408
Panama,1993,3358
Peru,1993,1488
Philippines,1993,919
Palau,1993,5892
Papua New Guinea,1993,1151
Poland,1993,2497
Pre-demographic dividend,1993,398
Puerto Rico (US),1993,10212
Portugal,1993,9535
Paraguay,1993,1662
Pacific island small states,1993,1574
Post-demographic dividend,1993,21369
French Polynesia,1993,16470
Qatar,1993,14770
Romania,1993,1158
Russian Federation,1993,2931
Rwanda,1993,247
South Asia,1993,303
Saudi Arabia,1993,10885
Sudan,1993,313
Senegal,1993,878
Singapore,1993,18290
Solomon Islands,1993,829
Sierra Leone,1993,185
El Salvador,1993,1180
"Somalia, Fed. Rep.",1993,189
Sub-Saharan Africa (excluding high income),1993,704
Sub-Saharan Africa,1993,654
Small states,1993,3470
Sao Tome and Principe,1993,964
Suriname,1993,1022
Slovak Republic,1993,3143
Slovenia,1993,7255
Sweden,1993,24390
Eswatini,1993,1397
Seychelles,1993,6979
Syrian Arab Republic,1993,993
Chad,1993,221
East Asia & Pacific (IDA & IBRD countries),1993,540
Europe & Central Asia (IDA & IBRD countries),1993,2107
Togo,1993,414
Thailand,1993,2245
Tajikistan,1993,288
Turkmenistan,1993,788
Latin America & the Caribbean (IDA & IBRD countries),1993,3259
Timor-Leste,1993,264
"Middle East, North Africa, Afghanistan & Pakistan (IDA & IBRD)",1993,876
Tonga,1993,1383
South Asia (IDA & IBRD),1993,303
Sub-Saharan Africa (IDA & IBRD countries),1993,654
Trinidad and Tobago,1993,3647
Tunisia,1993,1649
Turkiye,1993,3058
Tuvalu,1993,1141
Tanzania,1993,224
Uganda,1993,166
Ukraine,1993,1254
Upper middle income,1993,1261
Uruguay,1993,4753
United States,1993,26387
Uzbekistan,1993,596
St. Vincent and the Grenadines,1993,2540
"Venezuela, RB",1993,2825
Viet Nam,1993,189
Vanuatu,1993,1257
World,1993,4668
Samoa,1993,775
"Yemen, Rep.",1993,1397
South Africa,1993,3400
Zambia,1993,391
Zimbabwe,1993,605
Aruba,1994,16055
Africa Eastern and Southern,1994,701
Africa Western and Central,1994,580
Angola,1994,335
Albania,1994,586
Andorra,1994,15749
Arab World,1994,2019
United Arab Emirates,1994,25473
Argentina,1994,7438
Armenia,1994,391
Antigua and Barbuda,1994,9351
Australia,1994,18156
Austria,1994,25546
Azerbaijan,1994,157
Burundi,1994,162
Belgium,1994,24209
Benin,1994,262
Burkina Faso,1994,187
Bangladesh,1994,281
Bulgaria,1994,1150
Bahrain,1994,11629
"Bahamas, The",1994,10991
Bosnia and Herzegovina,1994,337
Belarus,1994,1460
Belize,1994,3877
Bermuda,1994,31543
Bolivia,1994,774
Brazil,1994,3299
Barbados,1994,8223
Brunei Darussalam,1994,22767
Bhutan,1994,467
Botswana,1994,2917
Central African Republic,1994,261
Canada,1994,19998
Central Europe and the Baltics,1994,2806
Switzerland,1994,43092
Chile,1994,4012
China,1994,476
Cote d'Ivoire,1994,582
Cameroon,1994,701
"Congo, Dem. Rep.",1994,137
"Congo, Rep.",1994,662
Colombia,1994,2326
Comoros,1994,653
Cabo Verde,1994,991
Costa Rica,1994,3040
Caribbean small states,1994,3929
Cuba,1994,2613
Cyprus,1994,11618
Czechia,1994,4663
Germany,1994,27202
Djibouti,1994,785
Dominica,1994,3805
Denmark,1994,29968
Dominican Republic,1994,1892
Algeria,1994,1526
East Asia & Pacific (excluding high income),1994,634
Early-demographic dividend,1994,1123
East Asia & Pacific,1994,3873
Europe & Central Asia (excluding high income),1994,1240
Europe & Central Asia,1994,10969
Ecuador,1994,1997
"Egypt, Arab Rep.",1994,807
Euro area,1994,20345
Eritrea,1994,278
Spain,1994,13406
Estonia,1994,2819
Ethiopia,1994,128
European Union,1994,16826
Fragile and conflict affected situations,1994,653
Finland,1994,20278
Fiji,1994,2297
France,1994,23360
Faroe Islands,1994,16976
"Micronesia, Fed. Sts.",1994,1857
Gabon,1994,3828
United Kingdom,1994,19709
Georgia,1994,520
Ghana,1994,321
Guinea,1994,672
"Gambia, The",1994,608
Guinea-Bissau,1994,561
Equatorial Guinea,1994,183
Greece,1994,10937
Grenada,1994,3152
Greenland,1994,18124
Guatemala,1994,1293
Guyana,1994,716
High income,1994,19634
"Hong Kong SAR, China",1994,22503
Honduras,1994,736
Heavily indebted poor countries (HIPC),1994,299
Croatia,1994,3238
Haiti,1994,292
Hungary,1994,4187
IBRD only,1994,1180
IDA & IBRD total,1994,1018
IDA total,1994,407
IDA blend,1994,568
Indonesia,1994,900
IDA only,1994,323
Isle of Man,1994,11708
India,1994,348
Ireland,1994,15903
"Iran, Islamic Rep.",1994,1168
Iraq,1994,198
Iceland,1994,24858
Israel,1994,16807
Italy,1994,19382
Jamaica,1994,2203
Jordan,1994,1367
Japan,1994,39934
Kazakhstan,1994,1247
Kenya,1994,276
Kyrgyz Republic,1994,372
Cambodia,1994,302
Kiribati,1994,838
St. Kitts and Nevis,1994,7065
"Korea, Rep.",1994,10734
Kuwait,1994,14930
Latin America & Caribbean (excluding high income),1994,3756
Lao PDR,1994,321
Lebanon,1994,2468
Liberia,1994,61
Libya,1994,5933
St. Lucia,1994,4892
Latin America & Caribbean,1994,3794
Least developed countries: UN classification,1994,290
Low income,1994,355
Liechtenstein,1994,63936
Sri Lanka,1994,678
Lower middle income,1994,449
Low & middle income,1994,926
Lesotho,1994,456
Late-demographic dividend,1994,1265
Luxembourg,1994,43933
"Macao SAR, China",1994,15905
Morocco,1994,1359
Monaco,1994,86704
Moldova,1994,574
Madagascar,1994,259
Maldives,1994,1419
"Middle East, North Africa, Afghanistan & Pakistan",1994,1643
Mexico,1994,6202
Marshall Islands,1994,2265
Middle income,1994,965
North Macedonia,1994,1786
Mali,1994,266
Malta,1994,8000
Myanmar,1994,105
"Middle East, North Africa, Afghanistan & Pakistan (excluding high income)",1994,899
Mongolia,1994,423
Mozambique,1994,197
Mauritania,1994,865
Mauritius,1994,3240
Malawi,1994,169
Malaysia,1994,3758
North America,1994,26932
Namibia,1994,2356
New Caledonia,1994,15534
Niger,1994,206
Nigeria,1994,745
Nicaragua,1994,849
Netherlands,1994,24683
Norway,1994,29316
Nepal,1994,187
Nauru,1994,3921
New Zealand,1994,15280
OECD members,1994,20297
Oman,1994,7068
Other small states,1994,3951
Pakistan,1994,400
Panama,1994,3508
Peru,1994,1879
Philippines,1994,1060
Palau,1994,6329
Papua New Guinea,1994,1228
Poland,1994,2875
Pre-demographic dividend,1994,401
Puerto Rico (US),1994,10876
Portugal,1994,9977
Paraguay,1994,1760
West Bank and Gaza,1994,1202
Pacific island small states,1994,1818
Post-demographic dividend,1994,22759
French Polynesia,1994,16806
Qatar,1994,14765
Romania,1994,1323
Russian Federation,1994,2662
Rwanda,1994,111
South Asia,1994,343
Saudi Arabia,1994,10602
Sudan,1994,439
Senegal,1994,584
Singapore,1994,21552
Solomon Islands,1994,1078
Sierra Leone,1994,219
El Salvador,1994,1344
"Somalia, Fed. Rep.",1994,211
Sub-Saharan Africa (excluding high income),1994,706
Sub-Saharan Africa,1994,651
Small states,1994,3675
Sao Tome and Principe,1994,990
Suriname,1994,1434
Slovak Republic,1994,3821
Slovenia,1994,8244
Sweden,1994,26046
Eswatini,1994,1461
Seychelles,1994,6975
Syrian Arab Republic,1994,712
Chad,1994,174
East Asia & Pacific (IDA & IBRD countries),1994,642
Europe & Central Asia (IDA & IBRD countries),1994,1896
Togo,1994,329
Thailand,1994,2518
Tajikistan,1994,261
Turkmenistan,1994,622
Latin America & the Caribbean (IDA & IBRD countries),1994,3745
Timor-Leste,1994,283
"Middle East, North Africa, Afghanistan & Pakistan (IDA & IBRD)",1994,897
Tonga,1994,1957
South Asia (IDA & IBRD),1994,343
Sub-Saharan Africa (IDA & IBRD countries),1994,651
Trinidad and Tobago,1994,3840
Tunisia,1994,1733
Turkiye,1994,2176
Tuvalu,1994,1279
Tanzania,1994,229
Uganda,1994,198
Ukraine,1994,1009
Upper middle income,1994,1403
Uruguay,1994,5508
United States,1994,27695
Uzbekistan,1994,574
St. Vincent and the Grenadines,1994,2563
"Venezuela, RB",1994,2689
Viet Nam,1994,230
Vanuatu,1994,1431
World,1994,4948
Samoa,1994,1277
"Yemen, Rep.",1994,1735
South Africa,1994,3489
Zambia,1994,426
Zimbabwe,1994,634
Aruba,1995,16549
Africa Eastern and Southern,1995,767
Africa Western and Central,1995,867
Angola,1995,404
Albania,1995,911
Andorra,1995,18443
Arab World,1995,2081
United Arab Emirates,1995,27003
Argentina,1995,7358
Armenia,1995,444
Antigua and Barbuda,1995,9034
Australia,1995,20479
Austria,1995,30207
Azerbaijan,1995,315
Burundi,1995,165
Belgium,1995,28414
Benin,1995,348
Burkina Faso,1995,229
Bangladesh,1995,309
Bulgaria,1995,2259
Bahrain,1995,11901
"Bahamas, The",1995,11375
Bosnia and Herzegovina,1995,502
Belarus,1995,1371
Belize,1995,4010
Bermuda,1995,34115
Bolivia,1995,853
Brazil,1995,4757
Barbados,1995,8460
Brunei Darussalam,1995,26443
Bhutan,1995,530
Botswana,1995,3156
Central African Republic,1995,333
Canada,1995,20680
Central Europe and the Baltics,1995,3593
Switzerland,1995,50114
Chile,1995,5081
China,1995,613
Cote d'Ivoire,1995,740
Cameroon,1995,832
"Congo, Dem. Rep.",1995,127
"Congo, Rep.",1995,770
Colombia,1995,2584
Comoros,1995,801
Cabo Verde,1995,1165
Costa Rica,1995,3275
Caribbean small states,1995,4145
Cuba,1995,2785
Cyprus,1995,15261
Czechia,1995,5865
Germany,1995,31747
Djibouti,1995,786
Dominica,1995,3952
Denmark,1995,35321
Dominican Republic,1995,2109
Algeria,1995,1467
East Asia & Pacific (excluding high income),1995,772
Early-demographic dividend,1995,1151
East Asia & Pacific,1995,4345
Europe & Central Asia (excluding high income),1995,1738
Europe & Central Asia,1995,12731
Ecuador,1995,2108
"Egypt, Arab Rep.",1995,916
Euro area,1995,23430
Eritrea,1995,285
Spain,1995,15461
Estonia,1995,3134
Ethiopia,1995,137
European Union,1995,19470
Fragile and conflict affected situations,1995,778
Finland,1995,26246
Fiji,1995,2467
France,1995,26792
Faroe Islands,1995,20669
"Micronesia, Fed. Sts.",1995,1995
Gabon,1995,4415
United Kingdom,1995,23253
Georgia,1995,578
Ghana,1995,372
Guinea,1995,713
"Gambia, The",1995,622
Guinea-Bissau,1995,589
Equatorial Guinea,1995,248
Greece,1995,12779
Grenada,1995,3294
Greenland,1995,21666
Guatemala,1995,1421
Guyana,1995,820
High income,1995,21664
"Hong Kong SAR, China",1995,23497
Honduras,1995,814
Heavily indebted poor countries (HIPC),1995,338
Croatia,1995,4929
Haiti,1995,372
Hungary,1995,4509
IBRD only,1995,1338
IDA & IBRD total,1995,1157
IDA total,1995,482
IDA blend,1995,774
Indonesia,1995,1011
IDA only,1995,326
Isle of Man,1995,12897
India,1995,375
Ireland,1995,19158
"Iran, Islamic Rep.",1995,1550
Iraq,1995,619
Iceland,1995,27565
Israel,1995,19026
Italy,1995,20712
Jamaica,1995,2631
Jordan,1995,1416
Japan,1995,44198
Kazakhstan,1995,1218
Kenya,1995,340
Kyrgyz Republic,1995,364
Cambodia,1995,343
Kiribati,1995,844
St. Kitts and Nevis,1995,7406
"Korea, Rep.",1995,13002
Kuwait,1995,16168
Latin America & Caribbean (excluding high income),1995,3936
Lao PDR,1995,358
Lebanon,1995,2959
Liberia,1995,62
Libya,1995,5205
St. Lucia,1995,5148
Latin America & Caribbean,1995,4036
Least developed countries: UN classification,1995,290
Low income,1995,316
Liechtenstein,1995,78910
Sri Lanka,1995,742
Lower middle income,1995,522
Low & middle income,1995,1055
Lesotho,1995,513
Late-demographic dividend,1995,1552
Lithuania,1995,2183
Luxembourg,1995,51032
Latvia,1995,2257
"Macao SAR, China",1995,17215
Morocco,1995,1467
Monaco,1995,99032
Moldova,1995,594
Madagascar,1995,273
Maldives,1995,1555
"Middle East, North Africa, Afghanistan & Pakistan",1995,1775
Mexico,1995,4184
Marshall Islands,1995,2491
Middle income,1995,1105
North Macedonia,1995,2355
Mali,1995,331
Malta,1995,9828
Myanmar,1995,124
"Middle East, North Africa, Afghanistan & Pakistan (excluding high income)",1995,978
Mongolia,1995,653
Mozambique,1995,192
Mauritania,1995,905
Mauritius,1995,3648
Malawi,1995,200
Malaysia,1995,4363
North America,1995,27898
Namibia,1995,2483
New Caledonia,1995,18108
Niger,1995,237
Nigeria,1995,1272
Nicaragua,1995,892
Netherlands,1995,29301
Norway,1995,34876
Nepal,1995,198
Nauru,1995,3932
New Zealand,1995,17400
OECD members,1995,22257
Oman,1995,7414
Other small states,1995,4659
Pakistan,1995,451
Panama,1995,3514
Peru,1995,2190
Philippines,1995,1200
Palau,1995,7038
Papua New Guinea,1995,998
Poland,1995,3701
Pre-demographic dividend,1995,572
Puerto Rico (US),1995,11579
Portugal,1995,11781
Paraguay,1995,1979
West Bank and Gaza,1995,1327
Pacific island small states,1995,1948
Post-demographic dividend,1995,25121
French Polynesia,1995,18850
Qatar,1995,15823
Romania,1995,1650
Russian Federation,1995,2666
Rwanda,1995,228
South Asia,1995,371
Saudi Arabia,1995,10786
Sudan,1995,463
Senegal,1995,715
Singapore,1995,24915
Solomon Islands,1995,1220
Sierra Leone,1995,208
El Salvador,1995,1548
"Somalia, Fed. Rep.",1995,211
Serbia,1995,2349
Sub-Saharan Africa (excluding high income),1995,877
Sub-Saharan Africa,1995,807
Small states,1995,4181
Sao Tome and Principe,1995,769
Suriname,1995,1610
Slovak Republic,1995,4883
Slovenia,1995,10738
Sweden,1995,30254
Eswatini,1995,1751
Seychelles,1995,7181
Syrian Arab Republic,1995,780
Chad,1995,204
East Asia & Pacific (IDA & IBRD countries),1995,782
Europe & Central Asia (IDA & IBRD countries),1995,2264
Togo,1995,419
Thailand,1995,2864
Tajikistan,1995,207
Turkmenistan,1995,592
Latin America & the Caribbean (IDA & IBRD countries),1995,3983
Timor-Leste,1995,303
"Middle East, North Africa, Afghanistan & Pakistan (IDA & IBRD)",1995,976
Tonga,1995,2084
South Asia (IDA & IBRD),1995,371
Sub-Saharan Africa (IDA & IBRD countries),1995,807
Trinidad and Tobago,1995,4115
Tunisia,1995,1968
Turkiye,1995,3846
Tuvalu,1995,1285
Tanzania,1995,258
Uganda,1995,279
Ukraine,1995,933
Upper middle income,1995,1605
Uruguay,1995,6050
United States,1995,28691
Uzbekistan,1995,583
St. Vincent and the Grenadines,1995,2795
"Venezuela, RB",1995,3487
Viet Nam,1995,288
Vanuatu,1995,1492
World,1995,5447
Samoa,1995,1288
"Yemen, Rep.",1995,764
South Africa,1995,3856
Zambia,1995,433
Zimbabwe,1995,648
Aruba,1996,16621
Africa Eastern and Southern,1996,747
Africa Western and Central,1996,1070
Angola,1996,531
Albania,1996,1021
Andorra,1996,19130
Arab World,1996,2194
United Arab Emirates,1996,28323
Argentina,1996,7663
Armenia,1996,487
Antigua and Barbuda,1996,9756
Australia,1996,22056
Austria,1996,29646
Azerbaijan,1996,409
Burundi,1996,143
Belgium,1996,27490
Benin,1996,369
Burkina Faso,1996,243
Bangladesh,1996,372
Bulgaria,1996,1470
Bahrain,1996,12092
"Bahamas, The",1996,11784
Bosnia and Herzegovina,1996,719
Belarus,1996,1427
Belize,1996,4043
Bermuda,1996,45064
Bolivia,1996,922
Brazil,1996,5179
Barbados,1996,9012
Brunei Darussalam,1996,25692
Bhutan,1996,553
Botswana,1996,3156
Central African Republic,1996,293
Canada,1996,21297
Central Europe and the Baltics,1996,3809
Switzerland,1996,48093
Chile,1996,5334
China,1996,713
Cote d'Ivoire,1996,1170
Cameroon,1996,827
"Congo, Dem. Rep.",1996,127
"Congo, Rep.",1996,899
Colombia,1996,2665
Comoros,1996,786
Cabo Verde,1996,1180
Costa Rica,1996,3227
Caribbean small states,1996,4424
Cuba,1996,2282
Cyprus,1996,15139
Czechia,1996,6573
Germany,1996,30600
Djibouti,1996,762
Dominica,1996,4211
Denmark,1996,35622
Dominican Republic,1996,2271
Algeria,1996,1617
East Asia & Pacific (excluding high income),1996,876
Early-demographic dividend,1996,1222
East Asia & Pacific,1996,4138
Europe & Central Asia (excluding high income),1996,1831
Europe & Central Asia,1996,12973
Ecuador,1996,2136
"Egypt, Arab Rep.",1996,1009
Euro area,1996,23652
Eritrea,1996,326
Spain,1996,16101
Estonia,1996,3381
Ethiopia,1996,147
European Union,1996,19755
Fragile and conflict affected situations,1996,822
Finland,1996,25757
Fiji,1996,2648
France,1996,26758
Faroe Islands,1996,22706
"Micronesia, Fed. Sts.",1996,1956
Gabon,1996,4943
United Kingdom,1996,24503
Georgia,1996,689
Ghana,1996,389
Guinea,1996,726
"Gambia, The",1996,652
Guinea-Bissau,1996,615
Equatorial Guinea,1996,392
Greece,1996,13433
Grenada,1996,3508
Greenland,1996,21422
Guatemala,1996,1481
Guyana,1996,928
High income,1996,21713
"Hong Kong SAR, China",1996,24818
Honduras,1996,813
Heavily indebted poor countries (HIPC),1996,359
Croatia,1996,5300
Haiti,1996,377
Hungary,1996,4542
IBRD only,1996,1440
IDA & IBRD total,1996,1248
IDA total,1996,542
IDA blend,1996,926
Indonesia,1996,1119
IDA only,1996,336
Isle of Man,1996,13980
India,1996,401
Ireland,1996,20836
"Iran, Islamic Rep.",1996,1915
Iraq,1996,485
Iceland,1996,28584
Israel,1996,20224
Italy,1996,23123
Jamaica,1996,2929
Jordan,1996,1410
Japan,1996,39150
Kazakhstan,1996,1281
Kenya,1996,441
Kyrgyz Republic,1996,395
Cambodia,1996,325
Kiribati,1996,986
St. Kitts and Nevis,1996,7788
"Korea, Rep.",1996,13865
Kuwait,1996,18201
Latin America & Caribbean (excluding high income),1996,4229
Lao PDR,1996,371
Lebanon,1996,3393
Liberia,1996,71
Libya,1996,5591
St. Lucia,1996,5244
Latin America & Caribbean,1996,4294
Least developed countries: UN classification,1996,298
Low income,1996,293
Liechtenstein,1996,80689
Sri Lanka,1996,776
Lower middle income,1996,582
Low & middle income,1996,1151
Lesotho,1996,480
Late-demographic dividend,1996,1694
Lithuania,1996,2341
Luxembourg,1996,50444
Latvia,1996,2360
"Macao SAR, China",1996,17290
Morocco,1996,1597
Monaco,1996,98561
Moldova,1996,575
Madagascar,1996,340
Maldives,1996,1717
"Middle East, North Africa, Afghanistan & Pakistan",1996,1918
Mexico,1996,4674
Marshall Islands,1996,2273
Middle income,1996,1210
North Macedonia,1996,2307
Mali,1996,360
Malta,1996,10062
Myanmar,1996,142
"Middle East, North Africa, Afghanistan & Pakistan (excluding high income)",1996,1058
Mongolia,1996,596
Mozambique,1996,244
Mauritania,1996,904
Mauritius,1996,3952
Malawi,1996,321
Malaysia,1996,4837
North America,1996,29112
Namibia,1996,2423
New Caledonia,1996,17592
Niger,1996,239
Nigeria,1996,1633
Nicaragua,1996,911
Netherlands,1996,29064
Norway,1996,37322
Nepal,1996,199
Nauru,1996,3679
New Zealand,1996,18794
OECD members,1996,22275
Oman,1996,8068
Other small states,1996,4739
Pakistan,1996,457
Panama,1996,3308
Peru,1996,2227
Philippines,1996,1311
Palau,1996,7788
Papua New Guinea,1996,1071
Poland,1996,4164
Pre-demographic dividend,1996,675
Puerto Rico (US),1996,12173
Portugal,1996,12185
Paraguay,1996,2088
West Bank and Gaza,1996,1317
Pacific island small states,1996,2061
Post-demographic dividend,1996,25103
French Polynesia,1996,18476
Qatar,1996,17125
Romania,1996,1633
Russian Federation,1996,2644
Rwanda,1996,206
South Asia,1996,400
Saudi Arabia,1996,11472
Sudan,1996,295
Senegal,1996,723
Singapore,1996,26233
Solomon Islands,1996,1289
Sierra Leone,1996,224
El Salvador,1996,1651
"Somalia, Fed. Rep.",1996,237
Serbia,1996,3054
Sub-Saharan Africa (excluding high income),1996,955
Sub-Saharan Africa,1996,878
Small states,1996,4316
Sao Tome and Principe,1996,987
Suriname,1996,1963
Slovak Republic,1996,5248
Slovenia,1996,10797
Sweden,1996,33022
Eswatini,1996,1619
Seychelles,1996,7004
Syrian Arab Republic,1996,918
Chad,1996,217
East Asia & Pacific (IDA & IBRD countries),1996,887
Europe & Central Asia (IDA & IBRD countries),1996,2330
Togo,1996,452
Thailand,1996,3055
Tajikistan,1996,172
Turkmenistan,1996,558
Latin America & the Caribbean (IDA & IBRD countries),1996,4256
Timor-Leste,1996,344
"Middle East, North Africa, Afghanistan & Pakistan (IDA & IBRD)",1996,1056
Tonga,1996,2215
South Asia (IDA & IBRD),1996,400
Sub-Saharan Africa (IDA & IBRD countries),1996,878
Trinidad and Tobago,1996,4427
Tunisia,1996,2107
Turkiye,1996,4041
Tuvalu,1996,1428
Tanzania,1996,314
Uganda,1996,285
Ukraine,1996,870
Upper middle income,1996,1753
Uruguay,1996,6398
United States,1996,29968
Uzbekistan,1996,597
St. Vincent and the Grenadines,1996,2930
"Venezuela, RB",1996,3113
Viet Nam,1996,337
Vanuatu,1996,1529
World,1996,5490
Samoa,1996,1419
"Yemen, Rep.",1996,375
South Africa,1996,3618
Zambia,1996,400
Zimbabwe,1996,767
Aruba,1997,17750
Africa Eastern and Southern,1997,767
Africa Western and Central,1997,1092
Angola,1997,522
Albania,1997,729
Andorra,1997,18248
Arab World,1997,2306
United Arab Emirates,1997,27983
Argentina,1997,8147
Armenia,1997,505
Antigua and Barbuda,1997,10336
Australia,1997,23683
Austria,1997,26572
Azerbaijan,1997,506
Burundi,1997,160
Belgium,1997,24821
Benin,1997,345
Burkina Faso,1997,224
Bangladesh,1997,379
Bulgaria,1997,1361
Bahrain,1997,12255
"Bahamas, The",1997,20368
Bosnia and Herzegovina,1997,914
Belarus,1997,1396
Belize,1997,4014
Bermuda,1997,48737
Bolivia,1997,970
Brazil,1997,5299
Barbados,1997,9522
Brunei Darussalam,1997,25522
Bhutan,1997,630
Botswana,1997,3194
Central African Republic,1997,266
Canada,1997,21902
Central Europe and the Baltics,1997,3757
Switzerland,1997,41584
Chile,1997,5742
China,1997,787
Cote d'Ivoire,1997,1125
Cameroon,1997,783
"Congo, Dem. Rep.",1997,132
"Congo, Rep.",1997,804
Colombia,1997,2873
Comoros,1997,715
Cabo Verde,1997,1134
Costa Rica,1997,3408
Caribbean small states,1997,5199
Cuba,1997,2306
Cyprus,1997,14234
Czechia,1997,6069
Germany,1997,27047
Djibouti,1997,748
Dominica,1997,4372
Denmark,1997,32780
Dominican Republic,1997,2449
Algeria,1997,1629
East Asia & Pacific (excluding high income),1997,896
Early-demographic dividend,1997,1279
East Asia & Pacific,1997,3910
Europe & Central Asia (excluding high income),1997,1941
Europe & Central Asia,1997,12300
Ecuador,1997,2341
"Egypt, Arab Rep.",1997,1146
Euro area,1997,21582
Eritrea,1997,319
Spain,1997,14722
Estonia,1997,3683
Ethiopia,1997,143
European Union,1997,18094
Fragile and conflict affected situations,1997,900
Finland,1997,24682
Fiji,1997,2574
France,1997,24169
Faroe Islands,1997,21158
"Micronesia, Fed. Sts.",1997,1840
Gabon,1997,4509
United Kingdom,1997,26910
Georgia,1997,807
Ghana,1997,378
Guinea,1997,696
"Gambia, The",1997,600
Guinea-Bissau,1997,599
Equatorial Guinea,1997,717
Greece,1997,13016
Grenada,1997,3725
Greenland,1997,19146
Guatemala,1997,1638
Guyana,1997,983
High income,1997,21240
"Hong Kong SAR, China",1997,27330
Honduras,1997,917
Heavily indebted poor countries (HIPC),1997,365
Croatia,1997,5331
Haiti,1997,425
Hungary,1997,4606
IBRD only,1997,1507
IDA & IBRD total,1997,1301
IDA total,1997,553
IDA blend,1997,944
Indonesia,1997,1045
IDA only,1997,343
Isle of Man,1997,16161
India,1997,416
Ireland,1997,22551
"Iran, Islamic Rep.",1997,1790
Iraq,1997,936
Iceland,1997,28462
Israel,1997,20469
Italy,1997,21884
Jamaica,1997,3297
Jordan,1997,1436
Japan,1997,35638
Kazakhstan,1997,1382
Kenya,1997,467
Kyrgyz Republic,1997,376
Cambodia,1997,298
Kiribati,1997,953
St. Kitts and Nevis,1997,8627
"Korea, Rep.",1997,12822
Kuwait,1997,16977
Latin America & Caribbean (excluding high income),1997,4543
Lao PDR,1997,339
Lebanon,1997,3834
Liberia,1997,123
Libya,1997,6062
St. Lucia,1997,5282
Latin America & Caribbean,1997,4634
Least developed countries: UN classification,1997,303
Low income,1997,306
Liechtenstein,1997,73591
Sri Lanka,1997,827
Lower middle income,1997,598
Low & middle income,1997,1202
Lesotho,1997,502
Late-demographic dividend,1997,1757
Lithuania,1997,2844
Luxembourg,1997,46642
Latvia,1997,2610
"Macao SAR, China",1997,17416
Morocco,1997,1426
Monaco,1997,88582
Moldova,1997,657
Madagascar,1997,284
Maldives,1997,1898
"Middle East, North Africa, Afghanistan & Pakistan",1997,1955
Mexico,1997,5567
Marshall Islands,1997,2231
Middle income,1997,1264
North Macedonia,1997,1960
Mali,1997,321
Malta,1997,9893
Myanmar,1997,108
"Middle East, North Africa, Afghanistan & Pakistan (excluding high income)",1997,1077
Montenegro,1997,1375
Mongolia,1997,515
Mozambique,1997,288
Mauritania,1997,859
Mauritius,1997,3696
Malawi,1997,367
Malaysia,1997,4679
North America,1997,30518
Namibia,1997,2460
New Caledonia,1997,15705
Niger,1997,221
Nigeria,1997,1720
Nicaragua,1997,913
Netherlands,1997,26745
Norway,1997,36629
Nepal,1997,212
Nauru,1997,3661
New Zealand,1997,17474
OECD members,1997,21776
Oman,1997,8235
Other small states,1997,4679
Pakistan,1997,438
Panama,1997,3546
Peru,1997,2301
Philippines,1997,1273
Palau,1997,7945
Papua New Guinea,1997,990
Poland,1997,4137
Pre-demographic dividend,1997,721
Puerto Rico (US),1997,12818
Portugal,1997,11576
Paraguay,1997,2079
West Bank and Gaza,1997,1389
Pacific island small states,1997,2036
Post-demographic dividend,1997,24483
French Polynesia,1997,16423
Qatar,1997,20523
Romania,1997,1577
Russian Federation,1997,2738
Rwanda,1997,239
South Asia,1997,415
Saudi Arabia,1997,11545
Sudan,1997,373
Senegal,1997,651
Singapore,1997,26376
Solomon Islands,1997,1292
Sierra Leone,1997,200
El Salvador,1997,1749
San Marino,1997,37853
"Somalia, Fed. Rep.",1997,280
Serbia,1997,3574
Sub-Saharan Africa (excluding high income),1997,980
Sub-Saharan Africa,1997,899
Small states,1997,4474
Sao Tome and Principe,1997,662
Suriname,1997,2068
Slovak Republic,1997,5172
Slovenia,1997,10437
Sweden,1997,30324
Eswatini,1997,1705
Seychelles,1997,7747
Syrian Arab Republic,1997,941
Chad,1997,201
East Asia & Pacific (IDA & IBRD countries),1997,906
Europe & Central Asia (IDA & IBRD countries),1997,2408
Togo,1997,448
Thailand,1997,2473
Tajikistan,1997,150
Turkmenistan,1997,565
Latin America & the Caribbean (IDA & IBRD countries),1997,4594
Timor-Leste,1997,349
"Middle East, North Africa, Afghanistan & Pakistan (IDA & IBRD)",1997,1075
Tonga,1997,2136
South Asia (IDA & IBRD),1997,415
Sub-Saharan Africa (IDA & IBRD countries),1997,899
Trinidad and Tobago,1997,4394
Tunisia,1997,2202
Turkiye,1997,4197
Tuvalu,1997,1461
Tanzania,1997,364
Uganda,1997,287
Ukraine,1997,987
Upper middle income,1997,1845
Uruguay,1997,7436
United States,1997,31459
Uzbekistan,1997,621
St. Vincent and the Grenadines,1997,3074
"Venezuela, RB",1997,3711
Viet Nam,1997,362
Vanuatu,1997,1562
World,1997,5394
Samoa,1997,1608
"Yemen, Rep.",1997,383
South Africa,1997,3700
Zambia,1997,466
Zimbabwe,1997,751
Aruba,1998,18828
Africa Eastern and Southern,1998,697
Africa Western and Central,1998,1141
Angola,1998,429
Albania,1998,831
Andorra,1998,18537
Arab World,1998,2193
United Arab Emirates,1998,24889
Argentina,1998,8219
Armenia,1998,590
Antigua and Barbuda,1998,10907
Australia,1998,21516
Austria,1998,27212
Azerbaijan,1998,562
Burundi,1998,144
Belgium,1998,25338
Benin,1998,362
Burkina Faso,1998,250
Bangladesh,1998,386
Bulgaria,1998,1820
Bahrain,1998,11625
"Bahamas, The",1998,21667
Bosnia and Herzegovina,1998,1007
Belarus,1998,1511
Belize,1998,4126
Bermuda,1998,51629
Bolivia,1998,1022
Brazil,1998,5106
Barbados,1998,10734
Brunei Darussalam,1998,17769
Bhutan,1998,638
Botswana,1998,2981
Central African Republic,1998,267
Canada,1998,21025
Central Europe and the Baltics,1998,4118
Switzerland,1998,42681
Channel Islands,1998,40473
Chile,1998,5420
China,1998,835
Cote d'Ivoire,1998,1177
Cameroon,1998,799
"Congo, Dem. Rep.",1998,131
"Congo, Rep.",1998,660
Colombia,1998,2605
Comoros,1998,704
Cabo Verde,1998,1187
Costa Rica,1998,3617
Caribbean small states,1998,5559
Cuba,1998,2332
Cyprus,1998,15093
Czechia,1998,6527
Germany,1998,27396
Djibouti,1998,735
Dominica,1998,4664
Denmark,1998,33346
Dominican Republic,1998,2608
Algeria,1998,1603
East Asia & Pacific (excluding high income),1998,809
Early-demographic dividend,1998,1209
East Asia & Pacific,1998,3460
Europe & Central Asia (excluding high income),1998,1941
Europe & Central Asia,1998,12513
Ecuador,1998,2284
"Egypt, Arab Rep.",1998,1213
Euro area,1998,22145
Eritrea,1998,342
Spain,1998,15382
Estonia,1998,4093
Ethiopia,1998,126
European Union,1998,18617
Fragile and conflict affected situations,1998,903
Finland,1998,26000
Fiji,1998,2010
France,1998,24869
Faroe Islands,1998,24729
"Micronesia, Fed. Sts.",1998,1944
Gabon,1998,3700
United Kingdom,1998,28396
Georgia,1998,852
Ghana,1998,400
Guinea,1998,647
"Gambia, The",1998,610
Guinea-Bissau,1998,498
Equatorial Guinea,1998,578
Greece,1998,13023
Grenada,1998,4206
Greenland,1998,20497
Guatemala,1998,1741
Guyana,1998,940
High income,1998,21090
"Hong Kong SAR, China",1998,25809
Honduras,1998,989
Heavily indebted poor countries (HIPC),1998,368
Croatia,1998,5713
Haiti,1998,465
Hungary,1998,4752
IBRD only,1998,1429
IDA & IBRD total,1998,1240
IDA total,1998,562
IDA blend,1998,964
Indonesia,1998,455
IDA only,1998,344
Isle of Man,1998,18753
India,1998,414
Ireland,1998,24295
"Iran, Islamic Rep.",1998,1709
Iraq,1998,901
Iceland,1998,31519
Israel,1998,20189
Italy,1998,22365
Jamaica,1998,3419
Jordan,1998,1532
Japan,1998,32424
Kazakhstan,1998,1415
Kenya,1998,488
Kyrgyz Republic,1998,345
Cambodia,1998,259
Kiribati,1998,874
St. Kitts and Nevis,1998,8711
"Korea, Rep.",1998,8583
Kuwait,1998,14067
Latin America & Caribbean (excluding high income),1998,4507
Lao PDR,1998,244
Lebanon,1998,4125
Liberia,1998,135
Libya,1998,5301
St. Lucia,1998,5673
Latin America & Caribbean,1998,4618
Least developed countries: UN classification,1998,300
Low income,1998,304
Liechtenstein,1998,78303
Sri Lanka,1998,848
Lower middle income,1998,598
Low & middle income,1998,1161
Lesotho,1998,465
Late-demographic dividend,1998,1679
Lithuania,1998,3181
Luxembourg,1998,47445
Latvia,1998,2894
"Macao SAR, China",1998,16095
Morocco,1998,1668
Monaco,1998,90947
Moldova,1998,579
Madagascar,1998,284
Maldives,1998,1980
"Middle East, North Africa, Afghanistan & Pakistan",1998,1869
Mexico,1998,5833
Marshall Islands,1998,2254
Middle income,1998,1221
North Macedonia,1998,1876
Mali,1998,357
Malta,1998,10408
Myanmar,1998,146
"Middle East, North Africa, Afghanistan & Pakistan (excluding high income)",1998,1075
Montenegro,1998,1406
Mongolia,1998,484
Mozambique,1998,320
Mauritania,1998,821
Mauritius,1998,3642
Malawi,1998,236
Malaysia,1998,3294
North America,1998,31692
Namibia,1998,2235
New Caledonia,1998,16615
Niger,1998,246
Nigeria,1998,1822
Nicaragua,1998,949
Netherlands,1998,27924
Norway,1998,34803
Nepal,1998,205
Nauru,1998,2909
New Zealand,1998,14738
OECD members,1998,21771
Oman,1998,7219
Other small states,1998,4635
Pakistan,1998,424
Panama,1998,3808
Peru,1998,2156
Philippines,1998,983
Palau,1998,8048
Papua New Guinea,1998,733
Poland,1998,4534
Pre-demographic dividend,1998,741
Puerto Rico (US),1998,14304
Portugal,1998,12199
Paraguay,1998,1890
West Bank and Gaza,1998,1465
Pacific island small states,1998,1728
Post-demographic dividend,1998,24458
French Polynesia,1998,16760
Qatar,1998,17665
Romania,1998,1853
Russian Federation,1998,1835
Rwanda,1998,246
South Asia,1998,414
Saudi Arabia,1998,9836
Sudan,1998,351
Senegal,1998,685
Singapore,1998,21829
Solomon Islands,1998,1092
Sierra Leone,1998,157
El Salvador,1998,1860
San Marino,1998,40127
"Somalia, Fed. Rep.",1998,363
Serbia,1998,2775
Sub-Saharan Africa (excluding high income),1998,959
Sub-Saharan Africa,1998,878
Small states,1998,4496
Sao Tome and Principe,1998,514
Suriname,1998,2429
Slovak Republic,1998,5561
Slovenia,1998,11132
Sweden,1998,30605
Eswatini,1998,1547
Seychelles,1998,8210
Syrian Arab Republic,1998,961
Chad,1998,220
East Asia & Pacific (IDA & IBRD countries),1998,819
Europe & Central Asia (IDA & IBRD countries),1998,2165
Togo,1998,461
Thailand,1998,1848
Tajikistan,1998,214
Turkmenistan,1998,591
Latin America & the Caribbean (IDA & IBRD countries),1998,4564
Timor-Leste,1998,346
"Middle East, North Africa, Afghanistan & Pakistan (IDA & IBRD)",1998,1073
Tonga,1998,1889
South Asia (IDA & IBRD),1998,414
Sub-Saharan Africa (IDA & IBRD countries),1998,878
Trinidad and Tobago,1998,4613
Tunisia,1998,2285
Turkiye,1998,4331
Tuvalu,1998,1460
Tanzania,1998,386
Uganda,1998,292
Ukraine,1998,831
Upper middle income,1998,1770
Uruguay,1998,7837
United States,1998,32854
Uzbekistan,1998,621
St. Vincent and the Grenadines,1998,3301
"Venezuela, RB",1998,3870
Viet Nam,1998,361
Vanuatu,1998,1471
World,1998,5294
Samoa,1998,1506
"Yemen, Rep.",1998,343
South Africa,1998,3310
Zambia,1998,373
Zimbabwe,1998,552
Aruba,1999,19216
Africa Eastern and Southern,1999,670
Africa Western and Central,1999,524
Angola,1999,393
Albania,1999,1056
Andorra,1999,18875
Arab World,1999,2379
United Arab Emirates,1999,25856
Argentina,1999,7706
Armenia,1999,583
Antigua and Barbuda,1999,11342
Australia,1999,20750
Austria,1999,27079
Azerbaijan,1999,574
Burundi,1999,128
Belgium,1999,25253
Benin,1999,525
Burkina Faso,1999,293
Bangladesh,1999,388
Bulgaria,1999,1661
Bahrain,1999,12123
"Bahamas, The",1999,24041
Bosnia and Herzegovina,1999,1135
Belarus,1999,1211
Belize,1999,4290
Bermuda,1999,54388
Bolivia,1999,979
Brazil,1999,3494
Barbados,1999,11244
Brunei Darussalam,1999,19752
Bhutan,1999,685
Botswana,1999,3340
Central African Republic,1999,268
Canada,1999,22315
Central Europe and the Baltics,1999,3998
Switzerland,1999,41696
Channel Islands,1999,42444
Chile,1999,4934
China,1999,881
Cote d'Ivoire,1999,1096
Cameroon,1999,796
"Congo, Dem. Rep.",1999,96
"Congo, Rep.",1999,776
Colombia,1999,2241
Comoros,1999,707
Cabo Verde,1999,1327
Costa Rica,1999,3691
Caribbean small states,1999,5960
Cuba,1999,2562
Cyprus,1999,15288
Czechia,1999,6378
Germany,1999,26965
Djibouti,1999,740
Dominica,1999,4817
Denmark,1999,33426
Dominican Republic,1999,2621
Algeria,1999,1596
East Asia & Pacific (excluding high income),1999,882
Early-demographic dividend,1999,1255
East Asia & Pacific,1999,3828
Europe & Central Asia (excluding high income),1999,1767
Europe & Central Asia,1999,12372
Ecuador,1999,1575
"Egypt, Arab Rep.",1999,1268
Euro area,1999,22011
Eritrea,1999,311
Spain,1999,15708
Estonia,1999,4141
Ethiopia,1999,121
European Union,1999,18507
Fragile and conflict affected situations,1999,658
Finland,1999,26180
Fiji,1999,2328
France,1999,24576
Faroe Islands,1999,24979
"Micronesia, Fed. Sts.",1999,1945
Gabon,1999,3751
United Kingdom,1999,28858
Georgia,1999,674
Ghana,1999,403
Guinea,1999,611
"Gambia, The",1999,575
Guinea-Bissau,1999,479
Equatorial Guinea,1999,931
Greece,1999,12743
Grenada,1999,4516
Greenland,1999,20170
Guatemala,1999,1604
Guyana,1999,909
High income,1999,21977
"Hong Kong SAR, China",1999,25092
Honduras,1999,999
Heavily indebted poor countries (HIPC),1999,359
Croatia,1999,5269
Haiti,1999,510
Hungary,1999,4802
IBRD only,1999,1375
IDA & IBRD total,1999,1163
IDA total,1999,409
IDA blend,1999,530
Indonesia,1999,657
IDA only,1999,346
Isle of Man,1999,21042
India,1999,442
Ireland,1999,26338
"Iran, Islamic Rep.",1999,1740
Iraq,1999,1560
Iceland,1999,32834
Israel,1999,19823
Italy,1999,22050
Jamaica,1999,3432
Jordan,1999,1545
Japan,1999,36610
Kazakhstan,1999,1092
Kenya,1999,434
Kyrgyz Republic,1999,258
Cambodia,1999,287
Kiribati,1999,887
St. Kitts and Nevis,1999,9116
"Korea, Rep.",1999,11063
Kuwait,1999,15854
Latin America & Caribbean (excluding high income),1999,3937
Lao PDR,1999,272
Lebanon,1999,4087
Liberia,1999,157
Libya,1999,6895
St. Lucia,1999,5883
Latin America & Caribbean,1999,4111
Least developed countries: UN classification,1999,301
Low income,1999,298
Liechtenstein,1999,82682
Sri Lanka,1999,829
Lower middle income,1999,540
Low & middle income,1999,1100
Lesotho,1999,456
Late-demographic dividend,1999,1540
Lithuania,1999,3128
Luxembourg,1999,50872
Latvia,1999,3064
"Macao SAR, China",1999,15319
Morocco,1999,1636
Monaco,1999,89698
Moldova,1999,399
Madagascar,1999,267
Maldives,1999,2124
"Middle East, North Africa, Afghanistan & Pakistan",1999,1975
Mexico,1999,6500
Marshall Islands,1999,2258
Middle income,1999,1157
North Macedonia,1999,1915
Mali,1999,364
Malta,1999,10609
Myanmar,1999,189
"Middle East, North Africa, Afghanistan & Pakistan (excluding high income)",1999,1138
Montenegro,1999,1368
Mongolia,1999,449
Mozambique,1999,354
Mauritania,1999,781
Mauritius,1999,3746
Malawi,1999,234
Malaysia,1999,3528
North America,1999,33321
Namibia,1999,2178
New Caledonia,1999,16693
Niger,1999,228
Nigeria,1999,481
Nicaragua,1999,980
Netherlands,1999,28319
Norway,1999,36393
Nepal,1999,209
Nauru,1999,2683
New Zealand,1999,15322
OECD members,1999,22708
Oman,1999,7915
Other small states,1999,4829
Pakistan,1999,418
Panama,1999,3950
Peru,1999,1917
Philippines,1999,1101
Palau,1999,7630
Papua New Guinea,1999,650
Poland,1999,4416
Pre-demographic dividend,1999,449
Puerto Rico (US),1999,15221
Portugal,1999,12475
Paraguay,1999,1766
West Bank and Gaza,1999,1499
Pacific island small states,1999,1857
Post-demographic dividend,1999,25571
French Polynesia,1999,16533
Qatar,1999,20234
Romania,1999,1600
Russian Federation,1999,1331
Rwanda,1999,265
South Asia,1999,438
Saudi Arabia,1999,10452
Sudan,1999,325
Senegal,1999,678
Singapore,1999,21797
Solomon Islands,1999,1134
Sierra Leone,1999,155
El Salvador,1999,1908
San Marino,1999,41932
"Somalia, Fed. Rep.",1999,359
Serbia,1999,2769
Sub-Saharan Africa (excluding high income),1999,663
Sub-Saharan Africa,1999,610
Small states,1999,4731
Sao Tome and Principe,1999,543
Suriname,1999,1898
Slovak Republic,1999,5652
Slovenia,1999,11401
Sweden,1999,30969
Eswatini,1999,1502
Seychelles,1999,8243
Syrian Arab Republic,1999,978
Chad,1999,187
East Asia & Pacific (IDA & IBRD countries),1999,892
Europe & Central Asia (IDA & IBRD countries),1999,1879
Togo,1999,445
Thailand,1999,2033
Tajikistan,1999,175
Turkmenistan,1999,546
Latin America & the Caribbean (IDA & IBRD countries),1999,4029
Timor-Leste,1999,270
"Middle East, North Africa, Afghanistan & Pakistan (IDA & IBRD)",1999,1136
Tonga,1999,1952
South Asia (IDA & IBRD),1999,438
Sub-Saharan Africa (IDA & IBRD countries),1999,610
Trinidad and Tobago,1999,5179
Tunisia,1999,2376
Turkiye,1999,3974
Tuvalu,1999,1559
Tanzania,1999,393
Uganda,1999,258
Ukraine,1999,632
Upper middle income,1999,1706
Uruguay,1999,7371
United States,1999,34515
Uzbekistan,1999,698
St. Vincent and the Grenadines,1999,3447
"Venezuela, RB",1999,4071
Viet Nam,1999,376
Vanuatu,1999,1472
World,1999,5393
Samoa,1999,1417
"Yemen, Rep.",1999,401
South Africa,1999,3242
Zambia,1999,350
Zimbabwe,1999,582
Aruba,2000,20681
Africa Eastern and Southern,2000,707
Afghanistan,2000,175
Africa Western and Central,2000,519
Angola,2000,564
Albania,2000,1160
Andorra,2000,21810
Arab World,2000,2664
United Arab Emirates,2000,29866
Argentina,2000,7637
Armenia,2000,593
Antigua and Barbuda,2000,12027
Australia,2000,21909
Austria,2000,24487
Azerbaijan,2000,655
Burundi,2000,135
Belgium,2000,23099
Benin,2000,487
Burkina Faso,2000,249
Bangladesh,2000,397
Bulgaria,2000,1621
Bahrain,2000,14214
"Bahamas, The",2000,24940
Bosnia and Herzegovina,2000,1338
Belarus,2000,1276
Belize,2000,4727
Bermuda,2000,56543
Bolivia,2000,976
Brazil,2000,3767
Barbados,2000,11675
Brunei Darussalam,2000,20130
Bhutan,2000,772
Botswana,2000,3451
Central African Republic,2000,239
Canada,2000,24271
Central Europe and the Baltics,2000,3960
Switzerland,2000,38865
Channel Islands,2000,43479
Chile,2000,5053
China,2000,969
Cote d'Ivoire,2000,937
Cameroon,2000,709
"Congo, Dem. Rep.",2000,378
"Congo, Rep.",2000,1024
Colombia,2000,2555
Comoros,2000,633
Cabo Verde,2000,1190
Costa Rica,2000,3813
Caribbean small states,2000,6477
Cuba,2000,2751
Curacao,2000,15841
Cyprus,2000,14388
Czechia,2000,6063
Germany,2000,23926
Djibouti,2000,738
Dominica,2000,4867
Denmark,2000,30722
Dominican Republic,2000,2831
Algeria,2000,1773
East Asia & Pacific (excluding high income),2000,961
Early-demographic dividend,2000,1346
East Asia & Pacific,2000,4103
Europe & Central Asia (excluding high income),2000,1791
Europe & Central Asia,2000,11653
Ecuador,2000,1382
"Egypt, Arab Rep.",2000,1366
Euro area,2000,20039
Eritrea,2000,314
Spain,2000,14743
Estonia,2000,4071
Ethiopia,2000,122
European Union,2000,16976
Fragile and conflict affected situations,2000,752
Finland,2000,24336
Fiji,2000,1996
France,2000,22341
Faroe Islands,2000,23323
"Micronesia, Fed. Sts.",2000,2049
Gabon,2000,3983
United Kingdom,2000,28384
Georgia,2000,750
Ghana,2000,254
Guinea,2000,518
"Gambia, The",2000,538
Guinea-Bissau,2000,317
Equatorial Guinea,2000,1487
Greece,2000,11638
Grenada,2000,4840
Greenland,2000,19009
Guatemala,2000,1649
Guyana,2000,932
High income,2000,22374
"Hong Kong SAR, China",2000,25757
Honduras,2000,1093
Heavily indebted poor countries (HIPC),2000,377
Croatia,2000,4954
Haiti,2000,821
Hungary,2000,4630
IBRD only,2000,1478
IDA & IBRD total,2000,1252
IDA total,2000,458
IDA blend,2000,620
Indonesia,2000,764
IDA only,2000,373
Isle of Man,2000,21161
India,2000,443
Ireland,2000,26335
"Iran, Islamic Rep.",2000,1650
Iraq,2000,1980
Iceland,2000,32504
Israel,2000,21707
Italy,2000,20190
Jamaica,2000,3453
Jordan,2000,1571
Japan,2000,39169
Kazakhstan,2000,1180
Kenya,2000,415
Kyrgyz Republic,2000,280
Cambodia,2000,296
Kiribati,2000,845
St. Kitts and Nevis,2000,9320
"Korea, Rep.",2000,12710
Kuwait,2000,19296
Latin America & Caribbean (excluding high income),2000,4291
Lao PDR,2000,319
Lebanon,2000,3987
Liberia,2000,298
Libya,2000,7214
St. Lucia,2000,5880
Latin America & Caribbean,2000,4473
Least developed countries: UN classification,2000,333
Low income,2000,362
Liechtenstein,2000,76088
Sri Lanka,2000,860
Lower middle income,2000,559
Low & middle income,2000,1178
Lesotho,2000,443
Late-demographic dividend,2000,1677
Lithuania,2000,3301
Luxembourg,2000,48660
Latvia,2000,3278
"Macao SAR, China",2000,15731
Morocco,2000,1499
Monaco,2000,81789
Moldova,2000,441
Madagascar,2000,280
Maldives,2000,2214
"Middle East, North Africa, Afghanistan & Pakistan",2000,2220
Mexico,2000,7524
Marshall Islands,2000,2265
Middle income,2000,1237
North Macedonia,2000,1862
Mali,2000,305
Malta,2000,10348
Myanmar,2000,197
"Middle East, North Africa, Afghanistan & Pakistan (excluding high income)",2000,1247
Montenegro,2000,1627
Mongolia,2000,476
Mozambique,2000,327
Mauritania,2000,681
Mauritius,2000,3982
Malawi,2000,224
Malaysia,2000,4084
North America,2000,35151
Namibia,2000,2157
New Caledonia,2000,15330
Niger,2000,195
Nigeria,2000,547
Nicaragua,2000,1017
Netherlands,2000,26225
Norway,2000,38178
Nepal,2000,224
Nauru,2000,2649
New Zealand,2000,13641
OECD members,2000,23050
Oman,2000,9754
Other small states,2000,4847
Pakistan,2000,642
Panama,2000,3975
Peru,2000,1945
Philippines,2000,1051
Palau,2000,7798
Papua New Guinea,2000,636
Poland,2000,4521
Pre-demographic dividend,2000,504
Puerto Rico (US),2000,16192
Portugal,2000,11526
Paraguay,2000,1736
West Bank and Gaza,2000,1476
Pacific island small states,2000,1687
Post-demographic dividend,2000,25891
French Polynesia,2000,14978
Qatar,2000,27535
Romania,2000,1660
Russian Federation,2000,1772
Rwanda,2000,252
South Asia,2000,440
Saudi Arabia,2000,11715
Sudan,2000,362
Senegal,2000,603
Singapore,2000,23853
Solomon Islands,2000,953
Sierra Leone,2000,144
El Salvador,2000,1983
San Marino,2000,37601
"Somalia, Fed. Rep.",2000,386
Serbia,2000,975
Sub-Saharan Africa (excluding high income),2000,684
Sub-Saharan Africa,2000,630
Small states,2000,4847
Sao Tome and Principe,2000,529
Suriname,2000,1988
Slovak Republic,2000,5422
Slovenia,2000,10136
Sweden,2000,29633
Eswatini,2000,1630
Seychelles,2000,8064
Syrian Arab Republic,2000,1138
Chad,2000,163
East Asia & Pacific (IDA & IBRD countries),2000,973
Europe & Central Asia (IDA & IBRD countries),2000,2044
Togo,2000,410
Thailand,2000,2006
Tajikistan,2000,137
Turkmenistan,2000,634
Latin America & the Caribbean (IDA & IBRD countries),2000,4389
Timor-Leste,2000,492
"Middle East, North Africa, Afghanistan & Pakistan (IDA & IBRD)",2000,1246
Tonga,2000,1995
South Asia (IDA & IBRD),2000,440
Sub-Saharan Africa (IDA & IBRD countries),2000,630
Trinidad and Tobago,2000,6179
Tunisia,2000,2199
Turkiye,2000,4199
Tuvalu,2000,1579
Tanzania,2000,402
Uganda,2000,258
Ukraine,2000,653
Upper middle income,2000,1847
Uruguay,2000,6988
United States,2000,36330
Uzbekistan,2000,555
St. Vincent and the Grenadines,2000,3769
"Venezuela, RB",2000,4776
Viet Nam,2000,404
Vanuatu,2000,1460
World,2000,5501
Samoa,2000,1425
"Yemen, Rep.",2000,493
South Africa,2000,3218
Zambia,2000,359
Zimbabwe,2000,563
Aruba,2001,20740
Africa Eastern and Southern,2001,626
Afghanistan,2001,139
Africa Western and Central,2001,533
Angola,2001,534
Albania,2001,1326
Andorra,2001,23511
Arab World,2001,2537
United Arab Emirates,2001,27745
Argentina,2001,7141
Armenia,2001,660
Antigua and Barbuda,2001,11539
Australia,2001,19734
Austria,2001,24430
Azerbaijan,2001,704
Burundi,2001,132
Belgium,2001,23015
Benin,2001,492
Burkina Faso,2001,259
Bangladesh,2001,395
Bulgaria,2001,1771
Bahrain,2001,13573
"Bahamas, The",2001,25372
Bosnia and Herzegovina,2001,1388
Belarus,2001,1244
Belize,2001,4719
Bermuda,2001,59490
Bolivia,2001,930
Brazil,2001,3176
Barbados,2001,11640
Brunei Darussalam,2001,18288
Bhutan,2001,812
Botswana,2001,3206
Central African Republic,2001,238
Canada,2001,23822
Central Europe and the Baltics,2001,4361
Switzerland,2001,39639
Channel Islands,2001,41874
Chile,2001,4564
China,2001,1065
Cote d'Ivoire,2001,925
Cameroon,2001,715
"Congo, Dem. Rep.",2001,143
"Congo, Rep.",2001,855
Colombia,2001,2473
Comoros,2001,681
Cabo Verde,2001,1223
Costa Rica,2001,3985
Caribbean small states,2001,6648
Cuba,2001,2843
Curacao,2001,16610
Cyprus,2001,14821
Czechia,2001,6669
Germany,2001,23878
Djibouti,2001,742
Dominica,2001,5528
Denmark,2001,30768
Dominican Republic,2001,2936
Algeria,2001,1896
East Asia & Pacific (excluding high income),2001,1015
Early-demographic dividend,2001,1311
East Asia & Pacific,2001,3783
Europe & Central Asia (excluding high income),2001,1530
Europe & Central Asia,2001,11758
Ecuador,2001,1791
"Egypt, Arab Rep.",2001,1295
Euro area,2001,20290
Eritrea,2001,325
Spain,2001,15368
Estonia,2001,4503
Ethiopia,2001,118
European Union,2001,17231
Fragile and conflict affected situations,2001,719
Finland,2001,24965
Fiji,2001,1945
France,2001,22332
Faroe Islands,2001,24880
"Micronesia, Fed. Sts.",2001,2104
Gabon,2001,3836
United Kingdom,2001,28014
Georgia,2001,802
Ghana,2001,264
Guinea,2001,483
"Gambia, The",2001,460
Guinea-Bissau,2001,327
Equatorial Guinea,2001,1949
Greece,2001,12157
Grenada,2001,4820
Greenland,2001,19266
Guatemala,2001,1538
Guyana,2001,932
High income,2001,22083
"Hong Kong SAR, China",2001,25230
Honduras,2001,1132
Heavily indebted poor countries (HIPC),2001,355
Croatia,2001,5365
Haiti,2001,749
Hungary,2001,5281
IBRD only,2001,1481
IDA & IBRD total,2001,1249
IDA total,2001,442
IDA blend,2001,603
Indonesia,2001,732
IDA only,2001,357
Isle of Man,2001,21820
India,2001,450
Ireland,2001,28282
"Iran, Islamic Rep.",2001,1881
Iraq,2001,1436
Iceland,2001,29208
Israel,2001,20966
Italy,2001,20570
Jamaica,2001,3504
Jordan,2001,1632
Japan,2001,34406
Kazakhstan,2001,1422
Kenya,2001,411
Kyrgyz Republic,2001,308
Cambodia,2001,328
Kiribati,2001,719
St. Kitts and Nevis,2001,10023
"Korea, Rep.",2001,11981
Kuwait,2001,17374
Latin America & Caribbean (excluding high income),2001,4123
Lao PDR,2001,320
Lebanon,2001,4010
Liberia,2001,300
Libya,2001,6313
St. Lucia,2001,5570
Latin America & Caribbean,2001,4327
Least developed countries: UN classification,2001,314
Low income,2001,332
Liechtenstein,2001,75068
Sri Lanka,2001,804
Lower middle income,2001,553
Low & middle income,2001,1162
Lesotho,2001,413
Late-demographic dividend,2001,1722
Lithuania,2001,3533
Luxembourg,2001,48440
Latvia,2001,3505
"Macao SAR, China",2001,15811
Morocco,2001,1506
Monaco,2001,82403
Moldova,2001,507
Madagascar,2001,319
Maldives,2001,3034
"Middle East, North Africa, Afghanistan & Pakistan",2001,2153
Mexico,2001,7953
Marshall Islands,2001,2394
Middle income,2001,1223
North Macedonia,2001,1823
Mali,2001,346
Malta,2001,10358
Myanmar,2001,142
"Middle East, North Africa, Afghanistan & Pakistan (excluding high income)",2001,1227
Montenegro,2001,1910
Mongolia,2001,524
Mozambique,2001,305
Mauritania,2001,652
Mauritius,2001,3909
Malawi,2001,215
Malaysia,2001,3944
North America,2001,35831
Namibia,2001,1916
New Caledonia,2001,14482
Niger,2001,205
Nigeria,2001,566
Nicaragua,2001,1052
Netherlands,2001,26956
Norway,2001,38602
Nepal,2001,241
Nauru,2001,2232
New Zealand,2001,13883
OECD members,2001,22671
Oman,2001,9612
Other small states,2001,4781
Pakistan,2001,610
Panama,2001,3992
Peru,2001,1930
Philippines,2001,970
Palau,2001,8239
Papua New Guinea,2001,538
Poland,2001,5015
Pre-demographic dividend,2001,466
Puerto Rico (US),2001,18123
Portugal,2001,11735
Paraguay,2001,1638
West Bank and Gaza,2001,1336
Pacific island small states,2001,1637
Post-demographic dividend,2001,25518
French Polynesia,2001,14641
Qatar,2001,25871
Romania,2001,1825
Russian Federation,2001,2100
Rwanda,2001,237
South Asia,2001,446
Saudi Arabia,2001,10805
Sudan,2001,451
Senegal,2001,637
Singapore,2001,21700
Solomon Islands,2001,912
Sierra Leone,2001,358
El Salvador,2001,2058
San Marino,2001,39035
"Somalia, Fed. Rep.",2001,245
Serbia,2001,1812
Sub-Saharan Africa (excluding high income),2001,638
Sub-Saharan Africa,2001,587
Small states,2001,4839
Sao Tome and Principe,2001,519
Suriname,2001,1715
Slovak Republic,2001,5712
Slovenia,2001,10376
Sweden,2001,27259
Eswatini,2001,1430
Seychelles,2001,8153
Syrian Arab Republic,2001,1187
Turks and Caicos Islands,2001,18326
Chad,2001,194
East Asia & Pacific (IDA & IBRD countries),2001,1027
Europe & Central Asia (IDA & IBRD countries),2001,2081
Togo,2001,397
Thailand,2001,1890
Tajikistan,2001,169
Turkmenistan,2001,756
Latin America & the Caribbean (IDA & IBRD countries),2001,4223
Timor-Leste,2001,588
"Middle East, North Africa, Afghanistan & Pakistan (IDA & IBRD)",2001,1226
Tonga,2001,1754
South Asia (IDA & IBRD),2001,446
Sub-Saharan Africa (IDA & IBRD countries),2001,587
Trinidad and Tobago,2001,6657
Tunisia,2001,2236
Turkiye,2001,3052
Tuvalu,2001,1457
Tanzania,2001,397
Uganda,2001,236
Ukraine,2001,800
Upper middle income,2001,1831
Uruguay,2001,6383
United States,2001,37134
Uzbekistan,2001,454
St. Vincent and the Grenadines,2001,4071
"Venezuela, RB",2001,4920
Viet Nam,2001,419
Vanuatu,2001,1350
World,2001,5395
Samoa,2001,1454
"Yemen, Rep.",2001,487
South Africa,2001,2847
Zambia,2001,397
Zimbabwe,2001,566
Aruba,2002,21307
Africa Eastern and Southern,2002,631
Afghanistan,2002,179
Africa Western and Central,2002,619
Angola,2002,999
Albania,2002,1480
Andorra,2002,26528
Arab World,2002,2483
United Arab Emirates,2002,27754
Argentina,2002,2570
Armenia,2002,743
American Samoa,2002,8973
Antigua and Barbuda,2002,11659
Australia,2002,20335
Austria,2002,26335
Azerbaijan,2002,763
Burundi,2002,121
Belgium,2002,25006
Benin,2002,546
Burkina Faso,2002,286
Bangladesh,2002,394
Bulgaria,2002,2093
Bahrain,2002,13501
"Bahamas, The",2002,26782
Bosnia and Herzegovina,2002,1607
Belarus,2002,1479
Belize,2002,4859
Bermuda,2002,63359
Bolivia,2002,888
Brazil,2002,2856
Barbados,2002,11760
Brunei Darussalam,2002,18621
Bhutan,2002,896
Botswana,2002,3117
Central African Republic,2002,249
Canada,2002,24256
Central Europe and the Baltics,2002,4941
Switzerland,2002,42459
Channel Islands,2002,44460
Chile,2002,4431
China,2002,1164
Cote d'Ivoire,2002,968
Cameroon,2002,790
"Congo, Dem. Rep.",2002,162
"Congo, Rep.",2002,906
Colombia,2002,2429
Comoros,2002,765
Cabo Verde,2002,1329
Costa Rica,2002,4068
Caribbean small states,2002,6903
Cuba,2002,3005
Curacao,2002,16724
Cyprus,2002,16093
Czechia,2002,8101
Germany,2002,25487
Djibouti,2002,743
Dominica,2002,5488
Denmark,2002,33257
Dominican Republic,2002,3066
Algeria,2002,1937
East Asia & Pacific (excluding high income),2002,1114
Early-demographic dividend,2002,1251
East Asia & Pacific,2002,3814
Europe & Central Asia (excluding high income),2002,1772
Europe & Central Asia,2002,12850
Ecuador,2002,2059
"Egypt, Arab Rep.",2002,1117
Euro area,2002,22047
Eritrea,2002,305
Spain,2002,17111
Estonia,2002,5343
Ethiopia,2002,110
European Union,2002,18798
Fragile and conflict affected situations,2002,685
Finland,2002,26989
Fiji,2002,2137
France,2002,24145
Faroe Islands,2002,26938
"Micronesia, Fed. Sts.",2002,2113
Gabon,2002,3966
United Kingdom,2002,30159
Georgia,2002,854
Ghana,2002,297
Guinea,2002,496
"Gambia, The",2002,377
Guinea-Bissau,2002,362
Equatorial Guinea,2002,2264
Greece,2002,13782
Grenada,2002,4984
Greenland,2002,20658
Guatemala,2002,1669
Guam,2002,20910
Guyana,2002,951
High income,2002,22930
"Hong Kong SAR, China",2002,24666
Honduras,2002,1132
Heavily indebted poor countries (HIPC),2002,375
Croatia,2002,6220
Haiti,2002,721
Hungary,2002,6658
IBRD only,2002,1488
IDA & IBRD total,2002,1257
IDA total,2002,465
IDA blend,2002,645
Indonesia,2002,881
IDA only,2002,370
Isle of Man,2002,24471
India,2002,469
Ireland,2002,32705
"Iran, Islamic Rep.",2002,1891
Iraq,2002,1266
Iceland,2002,32749
Israel,2002,19076
Italy,2002,22451
Jamaica,2002,3681
Jordan,2002,1706
Japan,2002,32821
Kazakhstan,2002,1574
Kenya,2002,403
Kyrgyz Republic,2002,322
Cambodia,2002,350
Kiribati,2002,810
St. Kitts and Nevis,2002,10454
"Korea, Rep.",2002,13643
Kuwait,2002,18513
Latin America & Caribbean (excluding high income),2002,3658
Lao PDR,2002,313
Lebanon,2002,4291
Liberia,2002,300
Libya,2002,3718
St. Lucia,2002,5568
Latin America & Caribbean,2002,3839
Least developed countries: UN classification,2002,338
Low income,2002,359
Liechtenstein,2002,79795
Sri Lanka,2002,835
Lower middle income,2002,574
Low & middle income,2002,1168
Lesotho,2002,389
Late-demographic dividend,2002,1815
Lithuania,2002,4148
Luxembourg,2002,53006
Latvia,2002,4004
"Macao SAR, China",2002,16815
Morocco,2002,1596
Monaco,2002,90051
Moldova,2002,571
Madagascar,2002,305
Maldives,2002,3076
"Middle East, North Africa, Afghanistan & Pakistan",2002,2092
Mexico,2002,7983
Marshall Islands,2002,2566
Middle income,2002,1228
North Macedonia,2002,1989
Mali,2002,378
Malta,2002,11251
Myanmar,2002,147
"Middle East, North Africa, Afghanistan & Pakistan (excluding high income)",2002,1168
Montenegro,2002,2107
Mongolia,2002,570
Northern Mariana Islands,2002,19228
Mozambique,2002,314
Mauritania,2002,649
Mauritius,2002,4073
Malawi,2002,428
Malaysia,2002,4184
North America,2002,36652
Namibia,2002,1772
New Caledonia,2002,16105
Niger,2002,225
Nigeria,2002,712
Nicaragua,2002,1014
Netherlands,2002,29447
Norway,2002,43171
Nepal,2002,239
Nauru,2002,2085
New Zealand,2002,16874
OECD members,2002,23480
Oman,2002,9869
Other small states,2002,5142
Pakistan,2002,600
Panama,2002,4091
Peru,2002,2007
Philippines,2002,1015
Palau,2002,8340
Papua New Guinea,2002,506
Poland,2002,5223
Pre-demographic dividend,2002,524
Puerto Rico (US),2002,18731
Portugal,2002,12937
Paraguay,2002,1368
West Bank and Gaza,2002,1156
Pacific island small states,2002,1695
Post-demographic dividend,2002,26484
French Polynesia,2002,16004
Qatar,2002,27227
Romania,2002,2120
Russian Federation,2002,2378
Rwanda,2002,234
South Asia,2002,463
Saudi Arabia,2002,10586
Sudan,2002,506
Senegal,2002,669
Singapore,2002,22160
Solomon Islands,2002,757
Sierra Leone,2002,389
El Salvador,2002,2115
San Marino,2002,41791
"Somalia, Fed. Rep.",2002,230
Serbia,2002,2391
Sub-Saharan Africa (excluding high income),2002,682
Sub-Saharan Africa,2002,625
Small states,2002,5133
Sao Tome and Principe,2002,568
Suriname,2002,2202
Slovak Republic,2002,6555
Slovenia,2002,11639
Sweden,2002,29958
Eswatini,2002,1316
Seychelles,2002,8864
Syrian Arab Republic,2002,1183
Turks and Caicos Islands,2002,17804
Chad,2002,219
East Asia & Pacific (IDA & IBRD countries),2002,1127
Europe & Central Asia (IDA & IBRD countries),2002,2341
Togo,2002,445
Thailand,2002,2090
Tajikistan,2002,187
Turkmenistan,2002,936
Latin America & the Caribbean (IDA & IBRD countries),2002,3714
Timor-Leste,2002,534
"Middle East, North Africa, Afghanistan & Pakistan (IDA & IBRD)",2002,1168
Tonga,2002,1759
South Asia (IDA & IBRD),2002,463
Sub-Saharan Africa (IDA & IBRD countries),2002,625
Trinidad and Tobago,2002,6763
Tunisia,2002,2321
Turkiye,2002,3591
Tuvalu,2002,1750
Tanzania,2002,403
Uganda,2002,242
Ukraine,2002,903
Upper middle income,2002,1830
Uruguay,2002,4150
United States,2002,37998
Uzbekistan,2002,381
St. Vincent and the Grenadines,2002,4303
"Venezuela, RB",2002,3652
Virgin Islands (U.S.),2002,30062
Viet Nam,2002,445
Vanuatu,2002,1341
World,2002,5530
Samoa,2002,1528
"Yemen, Rep.",2002,513
South Africa,2002,2688
Zambia,2002,394
Zimbabwe,2002,525
Aruba,2003,21949
Africa Eastern and Southern,2003,815
Afghanistan,2003,199
Africa Western and Central,2003,697
Angola,2003,1134
Albania,2003,1909
Andorra,2003,34064
Arab World,2003,2697
United Arab Emirates,2003,29660
Argentina,2003,3320
Armenia,2003,882
American Samoa,2003,9198
Antigua and Barbuda,2003,12173
Australia,2003,23758
Austria,2003,32110
Azerbaijan,2003,884
Burundi,2003,111
Belgium,2003,30655
Benin,2003,676
Burkina Faso,2003,362
Bangladesh,2003,427
Bulgaria,2003,2719
Bahrain,2003,14486
"Bahamas, The",2003,26429
Bosnia and Herzegovina,2003,2034
Belarus,2003,1820
Belize,2003,4960
Bermuda,2003,67107
Bolivia,2003,893
Brazil,2003,3091
Barbados,2003,12076
Brunei Darussalam,2003,20678
Bhutan,2003,1022
Botswana,2003,4230
Central African Republic,2003,278
Canada,2003,28302
Central Europe and the Baltics,2003,5949
Switzerland,2003,49336
Channel Islands,2003,48571
Chile,2003,4773
China,2003,1307
Cote d'Ivoire,2003,1111
Cameroon,2003,988
"Congo, Dem. Rep.",2003,161
"Congo, Rep.",2003,1017
Colombia,2003,2312
Comoros,2003,960
Cabo Verde,2003,1718
Costa Rica,2003,4173
Caribbean small states,2003,7551
Cuba,2003,3203
Curacao,2003,16696
Cyprus,2003,20252
Czechia,2003,9852
Germany,2003,30711
Djibouti,2003,765
Dominica,2003,5447
Denmark,2003,40519
Dominican Republic,2003,2383
Algeria,2003,2284
East Asia & Pacific (excluding high income),2003,1251
Early-demographic dividend,2003,1368
East Asia & Pacific,2003,4163
Europe & Central Asia (excluding high income),2003,2250
Europe & Central Asia,2003,15585
Ecuador,2003,2316
"Egypt, Arab Rep.",2003,1031
Euro area,2003,27011
Eritrea,2003,349
Spain,2003,21522
Estonia,2003,7205
Ethiopia,2003,117
European Union,2003,23021
Fragile and conflict affected situations,2003,704
Finland,2003,32920
Fiji,2003,2656
France,2003,29480
Faroe Islands,2003,31270
"Micronesia, Fed. Sts.",2003,2146
Gabon,2003,4711
United Kingdom,2003,34557
Georgia,2003,1010
Ghana,2003,358
Guinea,2003,566
"Gambia, The",2003,309
Guinea-Bissau,2003,420
Equatorial Guinea,2003,2931
Greece,2003,18021
Grenada,2003,5428
Greenland,2003,27467
Guatemala,2003,1723
Guam,2003,21877
Guyana,2003,974
High income,2003,25607
"Hong Kong SAR, China",2003,23977
Honduras,2003,1156
Heavily indebted poor countries (HIPC),2003,413
Croatia,2003,8190
Haiti,2003,579
Hungary,2003,8410
IBRD only,2003,1653
IDA & IBRD total,2003,1392
IDA total,2003,512
IDA blend,2003,712
Indonesia,2003,1043
IDA only,2003,406
Isle of Man,2003,28862
India,2003,544
Ireland,2003,41204
"Iran, Islamic Rep.",2003,2209
Iraq,2003,818
Iceland,2003,39944
Israel,2003,19643
Italy,2003,27578
Jamaica,2003,3550
Jordan,2003,1776
Japan,2003,35387
Kazakhstan,2003,1958
Kenya,2003,443
Kyrgyz Republic,2003,381
Cambodia,2003,387
Kiribati,2003,1021
St. Kitts and Nevis,2003,10176
"Korea, Rep.",2003,15212
Kuwait,2003,22691
Latin America & Caribbean (excluding high income),2003,3686
Lao PDR,2003,355
Lebanon,2003,4438
Liberia,2003,240
Libya,2003,4674
St. Lucia,2003,6059
Latin America & Caribbean,2003,3862
Least developed countries: UN classification,2003,374
Low income,2003,390
Liechtenstein,2003,90108
Sri Lanka,2003,946
Lower middle income,2003,639
Low & middle income,2003,1289
Lesotho,2003,583
Late-demographic dividend,2003,2055
Lithuania,2003,5507
Luxembourg,2003,65689
Latvia,2003,4915
"Macao SAR, China",2003,18590
Morocco,2003,1942
Monaco,2003,111110
Moldova,2003,682
Madagascar,2003,353
Maldives,2003,3549
"Middle East, North Africa, Afghanistan & Pakistan",2003,2280
Mexico,2003,7434
Marshall Islands,2003,2539
Middle income,2003,1357
North Macedonia,2003,2445
Mali,2003,442
Malta,2003,13594
Myanmar,2003,224
"Middle East, North Africa, Afghanistan & Pakistan (excluding high income)",2003,1264
Montenegro,2003,2789
Mongolia,2003,643
Northern Mariana Islands,2003,18939
Mozambique,2003,339
Mauritania,2003,732
Mauritius,2003,4858
Malawi,2003,383
Malaysia,2003,4465
North America,2003,38396
Namibia,2003,2569
New Caledonia,2003,20768
Niger,2003,265
Nigeria,2003,763
Nicaragua,2003,1021
Netherlands,2003,35897
Norway,2003,50250
Nepal,2003,246
Nauru,2003,2463
New Zealand,2003,21914
OECD members,2003,26073
Oman,2003,10464
Other small states,2003,6312
Pakistan,2003,672
Panama,2003,4265
Peru,2003,2129
Philippines,2003,1027
Palau,2003,7862
Papua New Guinea,2003,577
Poland,2003,5721
Pre-demographic dividend,2003,554
Puerto Rico (US),2003,19557
Portugal,2003,15798
Paraguay,2003,1444
West Bank and Gaza,2003,1258
Pacific island small states,2003,1997
Post-demographic dividend,2003,29550
French Polynesia,2003,19583
Qatar,2003,31602
Romania,2003,2679
Russian Federation,2003,2975
Rwanda,2003,249
South Asia,2003,533
Saudi Arabia,2003,11487
Sudan,2003,580
Senegal,2003,818
Singapore,2003,23730
Solomon Islands,2003,896
Sierra Leone,2003,414
El Salvador,2003,2208
San Marino,2003,52530
"Somalia, Fed. Rep.",2003,286
Serbia,2003,3154
Sub-Saharan Africa (excluding high income),2003,838
Sub-Saharan Africa,2003,767
Small states,2003,6061
Sao Tome and Principe,2003,664
Suriname,2003,2516
Slovak Republic,2003,8675
Slovenia,2003,14712
Sweden,2003,37292
Eswatini,2003,2015
Seychelles,2003,9070
Syrian Arab Republic,2003,1220
Turks and Caicos Islands,2003,18859
Chad,2003,289
East Asia & Pacific (IDA & IBRD countries),2003,1266
Europe & Central Asia (IDA & IBRD countries),2003,2880
Togo,2003,538
Thailand,2003,2348
Tajikistan,2003,234
Turkmenistan,2003,1229
Latin America & the Caribbean (IDA & IBRD countries),2003,3729
Timor-Leste,2003,535
"Middle East, North Africa, Afghanistan & Pakistan (IDA & IBRD)",2003,1264
Tonga,2003,1936
South Asia (IDA & IBRD),2003,533
Sub-Saharan Africa (IDA & IBRD countries),2003,767
Trinidad and Tobago,2003,8445
Tunisia,2003,2726
Turkiye,2003,4650
Tuvalu,2003,2007
Tanzania,2003,422
Uganda,2003,251
Ukraine,2003,1076
Upper middle income,2003,2022
Uruguay,2003,3671
United States,2003,39490
Uzbekistan,2003,394
St. Vincent and the Grenadines,2003,4500
"Venezuela, RB",2003,3230
Virgin Islands (U.S.),2003,31731
Viet Nam,2003,497
Vanuatu,2003,1567
World,2003,6122
Samoa,2003,1798
"Yemen, Rep.",2003,549
South Africa,2003,4062
Zambia,2003,446
Zimbabwe,2003,468
Aruba,2004,23701
Africa Eastern and Southern,2004,989
Afghanistan,2004,222
Africa Western and Central,2004,838
Angola,2004,1451
Albania,2004,2447
Andorra,2004,39021
Arab World,2004,3134
United Arab Emirates,2004,33377
Argentina,2004,4242
Armenia,2004,1130
American Samoa,2004,8958
Antigua and Barbuda,2004,13038
Australia,2004,30886
Austria,2004,36614
Azerbaijan,2004,1045
Burundi,2004,125
Belgium,2004,35429
Benin,2004,759
Burkina Faso,2004,404
Bangladesh,2004,456
Bulgaria,2004,3390
Bahrain,2004,15964
"Bahamas, The",2004,26650
Bosnia and Herzegovina,2004,2453
Belarus,2004,2378
Belize,2004,5154
Bermuda,2004,71692
Bolivia,2004,953
Brazil,2004,3664
Barbados,2004,12886
Brunei Darussalam,2004,24423
Bhutan,2004,1130
Botswana,2004,4957
Central African Republic,2004,303
Canada,2004,32146
Central Europe and the Baltics,2004,7180
Switzerland,2004,54659
Channel Islands,2004,56260
Chile,2004,6121
China,2004,1531
Cote d'Ivoire,2004,1200
Cameroon,2004,1133
"Congo, Dem. Rep.",2004,181
"Congo, Rep.",2004,1306
Colombia,2004,2819
Comoros,2004,1072
Cabo Verde,2004,1929
Costa Rica,2004,4431
Caribbean small states,2004,8234
Cuba,2004,3399
Curacao,2004,16671
Cyprus,2004,23793
Czechia,2004,11783
Germany,2004,34567
Djibouti,2004,806
Dominica,2004,5779
Denmark,2004,46625
Dominican Republic,2004,2452
Algeria,2004,2817
East Asia & Pacific (excluding high income),2004,1440
Early-demographic dividend,2004,1563
East Asia & Pacific,2004,4635
Europe & Central Asia (excluding high income),2004,2884
Europe & Central Asia,2004,18114
Ecuador,2004,2586
"Egypt, Arab Rep.",2004,991
Euro area,2004,30803
Eritrea,2004,427
Spain,2004,24925
Estonia,2004,8916
Ethiopia,2004,133
European Union,2004,26369
Fragile and conflict affected situations,2004,871
Finland,2004,37768
Fiji,2004,3097
France,2004,33645
Faroe Islands,2004,35648
"Micronesia, Fed. Sts.",2004,2104
Gabon,2004,5466
United Kingdom,2004,40504
Georgia,2004,1305
Ghana,2004,406
Guinea,2004,585
"Gambia, The",2004,593
Guinea-Bissau,2004,431
Equatorial Guinea,2004,4901
Greece,2004,21449
Grenada,2004,5480
Greenland,2004,32031
Guatemala,2004,1841
Guam,2004,23619
Guyana,2004,1033
High income,2004,28452
"Hong Kong SAR, China",2004,24928
Honduras,2004,1215
Heavily indebted poor countries (HIPC),2004,462
Croatia,2004,9719
Haiti,2004,683
Hungary,2004,10291
IBRD only,2004,1947
IDA & IBRD total,2004,1633
IDA total,2004,585
IDA blend,2004,837
Indonesia,2004,1127
IDA only,2004,450
Isle of Man,2004,35565
India,2004,624
Ireland,2004,47754
"Iran, Islamic Rep.",2004,2672
Iraq,2004,1328
Iceland,2004,47810
Israel,2004,20568
Italy,2004,31348
Jamaica,2004,3808
Jordan,2004,1940
Japan,2004,38299
Kazakhstan,2004,2722
Kenya,2004,464
Kyrgyz Republic,2004,433
Cambodia,2004,444
Kiribati,2004,1083
St. Kitts and Nevis,2004,10945
"Korea, Rep.",2004,17122
Kuwait,2004,27552
Latin America & Caribbean (excluding high income),2004,4150
Lao PDR,2004,409
Lebanon,2004,4601
Liberia,2004,284
Libya,2004,5774
St. Lucia,2004,6495
Latin America & Caribbean,2004,4386
Least developed countries: UN classification,2004,420
Low income,2004,442
Liechtenstein,2004,100281
Sri Lanka,2004,1029
Lower middle income,2004,723
Low & middle income,2004,1491
Lesotho,2004,767
Late-demographic dividend,2004,2454
Lithuania,2004,6735
Luxembourg,2004,76545
Latvia,2004,6110
"Macao SAR, China",2004,23407
Morocco,2004,2184
Monaco,2004,125160
Moldova,2004,897
Madagascar,2004,272
Maldives,2004,4070
"Middle East, North Africa, Afghanistan & Pakistan",2004,2624
Mexico,2004,7850
Marshall Islands,2004,2566
Middle income,2004,1571
North Macedonia,2004,2819
Mali,2004,495
Malta,2004,15212
Myanmar,2004,225
"Middle East, North Africa, Afghanistan & Pakistan (excluding high income)",2004,1463
Montenegro,2004,3380
Mongolia,2004,794
Northern Mariana Islands,2004,18925
Mozambique,2004,400
Mauritania,2004,824
Mauritius,2004,5461
Malawi,2004,405
Malaysia,2004,4939
North America,2004,40788
Namibia,2004,3403
New Caledonia,2004,24476
Niger,2004,283
Nigeria,2004,962
Nicaragua,2004,1099
Netherlands,2004,40611
Norway,2004,57769
Nepal,2004,280
Nauru,2004,3041
New Zealand,2004,25420
OECD members,2004,28823
Oman,2004,11801
Other small states,2004,7419
Pakistan,2004,772
Panama,2004,4645
Peru,2004,2397
Philippines,2004,1100
Palau,2004,8394
Papua New Guinea,2004,621
Poland,2004,6712
Pre-demographic dividend,2004,671
Puerto Rico (US),2004,20989
Portugal,2004,18064
Paraguay,2004,1786
West Bank and Gaza,2004,1422
Pacific island small states,2004,2271
Post-demographic dividend,2004,32671
French Polynesia,2004,21764
Qatar,2004,41036
Romania,2004,3495
Russian Federation,2004,4102
Rwanda,2004,270
South Asia,2004,606
Saudi Arabia,2004,13154
Sudan,2004,705
Senegal,2004,918
Singapore,2004,27608
Solomon Islands,2004,986
Sierra Leone,2004,418
El Salvador,2004,2286
San Marino,2004,58232
"Somalia, Fed. Rep.",2004,375
Serbia,2004,3597
Sub-Saharan Africa (excluding high income),2004,1014
Sub-Saharan Africa,2004,926
Small states,2004,6954
Sao Tome and Principe,2004,727
Suriname,2004,2888
Slovak Republic,2004,10650
Slovenia,2004,17104
Sweden,2004,42758
Eswatini,2004,2526
Seychelles,2004,10828
Syrian Arab Republic,2004,1368
Turks and Caicos Islands,2004,21246
Chad,2004,446
East Asia & Pacific (IDA & IBRD countries),2004,1457
Europe & Central Asia (IDA & IBRD countries),2004,3723
Togo,2004,560
Thailand,2004,2642
Tajikistan,2004,306
Turkmenistan,2004,1379
Latin America & the Caribbean (IDA & IBRD countries),2004,4253
Timor-Leste,2004,474
"Middle East, North Africa, Afghanistan & Pakistan (IDA & IBRD)",2004,1463
Tonga,2004,2195
South Asia (IDA & IBRD),2004,606
Sub-Saharan Africa (IDA & IBRD countries),2004,926
Trinidad and Tobago,2004,9871
Tunisia,2004,3067
Turkiye,2004,5980
Tuvalu,2004,2323
Tanzania,2004,450
Uganda,2004,292
Ukraine,2004,1401
Upper middle income,2004,2366
Uruguay,2004,4169
United States,2004,41725
Uzbekistan,2004,462
St. Vincent and the Grenadines,2004,4873
"Venezuela, RB",2004,4269
Virgin Islands (U.S.),2004,35006
Viet Nam,2004,565
Vanuatu,2004,1774
World,2004,6811
Samoa,2004,2189
"Yemen, Rep.",2004,628
South Africa,2004,5221
Zambia,2004,549
Zimbabwe,2004,470
Aruba,2005,24172
Africa Eastern and Southern,2005,1126
Afghanistan,2005,254
Africa Western and Central,2005,1000
Angola,2005,2146
Albania,2005,2742
Andorra,2005,40830
Arab World,2005,3751
United Arab Emirates,2005,38719
Argentina,2005,5068
Armenia,2005,1557
American Samoa,2005,8831
Antigua and Barbuda,2005,14369
Australia,2005,34535
Austria,2005,38157
Azerbaijan,2005,1578
Burundi,2005,147
Belgium,2005,36810
Benin,2005,779
Burkina Faso,2005,441
Bangladesh,2005,480
Bulgaria,2005,3900
Bahrain,2005,17966
"Bahamas, The",2005,28602
Bosnia and Herzegovina,2005,2740
Belarus,2005,3126
Belize,2005,5270
Bermuda,2005,77628
Bolivia,2005,1020
Brazil,2005,4828
Barbados,2005,14214
Brunei Darussalam,2005,29386
Bhutan,2005,1300
Botswana,2005,5391
Central African Republic,2005,312
Canada,2005,36384
Central Europe and the Baltics,2005,8353
Switzerland,2005,56243
Channel Islands,2005,57647
Chile,2005,7480
China,2005,1778
Cote d'Ivoire,2005,1198
Cameroon,2005,1143
"Congo, Dem. Rep.",2005,215
"Congo, Rep.",2005,1799
Colombia,2005,3456
Comoros,2005,1106
Cabo Verde,2005,2004
Costa Rica,2005,4703
Caribbean small states,2005,9439
Cuba,2005,3786
Curacao,2005,17032
Cyprus,2005,24959
Czechia,2005,13442
Germany,2005,35084
Djibouti,2005,844
Dominica,2005,5695
Denmark,2005,48926
Dominican Republic,2005,3878
Algeria,2005,3233
East Asia & Pacific (excluding high income),2005,1654
Early-demographic dividend,2005,1788
East Asia & Pacific,2005,4911
Europe & Central Asia (excluding high income),2005,3577
Europe & Central Asia,2005,19228
Ecuador,2005,2909
"Egypt, Arab Rep.",2005,1106
Euro area,2005,31782
Eritrea,2005,413
Spain,2005,26451
Estonia,2005,10415
Ethiopia,2005,158
European Union,2005,27431
Fragile and conflict affected situations,2005,1079
Finland,2005,39050
Fiji,2005,3378
France,2005,34696
Faroe Islands,2005,36389
"Micronesia, Fed. Sts.",2005,2207
Gabon,2005,6548
United Kingdom,2005,42240
Georgia,2005,1643
Ghana,2005,479
Guinea,2005,463
"Gambia, The",2005,616
Guinea-Bissau,2005,463
Equatorial Guinea,2005,8674
Greece,2005,22054
Grenada,2005,6339
Greenland,2005,32490
Guatemala,2005,2046
Guam,2005,25632
Guyana,2005,1084
High income,2005,30051
"Hong Kong SAR, China",2005,26650
Honduras,2005,1305
Heavily indebted poor countries (HIPC),2005,520
Croatia,2005,10444
Haiti,2005,776
Hungary,2005,11212
IBRD only,2005,2301
IDA & IBRD total,2005,1920
IDA total,2005,665
IDA blend,2005,958
Indonesia,2005,1238
IDA only,2005,507
Isle of Man,2005,38136
India,2005,710
Ireland,2005,50933
"Iran, Islamic Rep.",2005,3132
Iraq,2005,1762
Iceland,2005,57784
Israel,2005,21287
Italy,2005,32063
Jamaica,2005,4184
Jordan,2005,2088
Japan,2005,37813
Kazakhstan,2005,3577
Kenya,2005,523
Kyrgyz Republic,2005,477
Cambodia,2005,526
Kiribati,2005,1162
St. Kitts and Nevis,2005,11784
"Korea, Rep.",2005,20167
Kuwait,2005,36123
Latin America & Caribbean (excluding high income),2005,4960
Lao PDR,2005,466
Lebanon,2005,4602
Liberia,2005,287
Libya,2005,8079
St. Lucia,2005,6863
Latin America & Caribbean,2005,5230
Least developed countries: UN classification,2005,487
Low income,2005,520
Liechtenstein,2005,105295
Sri Lanka,2005,1207
Lower middle income,2005,818
Low & middle income,2005,1736
Lesotho,2005,861
Late-demographic dividend,2005,2940
Lithuania,2005,7857
Luxembourg,2005,80988
Latvia,2005,7284
"Macao SAR, China",2005,25681
Morocco,2005,2243
Monaco,2005,130539
Moldova,2005,1034
Madagascar,2005,306
Maldives,2005,3797
"Middle East, North Africa, Afghanistan & Pakistan",2005,3051
Mexico,2005,8672
Marshall Islands,2005,2659
Middle income,2005,1831
North Macedonia,2005,3121
Mali,2005,549
Malta,2005,15831
Myanmar,2005,253
"Middle East, North Africa, Afghanistan & Pakistan (excluding high income)",2005,1657
Montenegro,2005,3675
Mongolia,2005,995
Northern Mariana Islands,2005,17016
Mozambique,2005,437
Mauritania,2005,999
Mauritius,2005,5354
Malawi,2005,414
Malaysia,2005,5556
North America,2005,43369
Namibia,2005,3686
New Caledonia,2005,25528
Niger,2005,319
Nigeria,2005,1211
Nicaragua,2005,1183
Netherlands,2005,42165
Norway,2005,67047
Nepal,2005,309
Nauru,2005,2992
New Zealand,2005,27751
OECD members,2005,30274
Oman,2005,14435
Other small states,2005,8233
Pakistan,2005,828
Panama,2005,5018
Peru,2005,2707
Philippines,2005,1220
Palau,2005,9635
Papua New Guinea,2005,744
Poland,2005,8044
Pre-demographic dividend,2005,815
Puerto Rico (US),2005,21959
Portugal,2005,18780
Paraguay,2005,1971
West Bank and Gaza,2005,1544
Pacific island small states,2005,2492
Post-demographic dividend,2005,34219
French Polynesia,2005,21984
Qatar,2005,53950
Romania,2005,4618
Russian Federation,2005,5323
Rwanda,2005,324
South Asia,2005,686
Saudi Arabia,2005,15976
Sudan,2005,906
Senegal,2005,980
Singapore,2005,29961
Solomon Islands,2005,1144
Sierra Leone,2005,463
El Salvador,2005,2447
San Marino,2005,59878
"Somalia, Fed. Rep.",2005,440
Serbia,2005,3808
Sub-Saharan Africa (excluding high income),2005,1175
Sub-Saharan Africa,2005,1074
Small states,2005,7780
Sao Tome and Principe,2005,844
Suriname,2005,3453
Slovak Republic,2005,11642
Slovenia,2005,17970
Sweden,2005,43378
Eswatini,2005,2871
Seychelles,2005,11802
Syrian Arab Republic,2005,1534
Turks and Caicos Islands,2005,24122
Chad,2005,838
East Asia & Pacific (IDA & IBRD countries),2005,1673
Europe & Central Asia (IDA & IBRD countries),2005,4661
Togo,2005,551
Thailand,2005,2868
Tajikistan,2005,334
Turkmenistan,2005,1604
Latin America & the Caribbean (IDA & IBRD countries),2005,5104
Timor-Leste,2005,487
"Middle East, North Africa, Afghanistan & Pakistan (IDA & IBRD)",2005,1658
Tonga,2005,2478
South Asia (IDA & IBRD),2005,686
Sub-Saharan Africa (IDA & IBRD countries),2005,1074
Trinidad and Tobago,2005,12346
Tunisia,2005,3147
Turkiye,2005,7332
Tuvalu,2005,2305
Tanzania,2005,483
Uganda,2005,330
Ukraine,2005,1875
Upper middle income,2005,2788
Uruguay,2005,5284
United States,2005,44123
Uzbekistan,2005,543
St. Vincent and the Grenadines,2005,5157
"Venezuela, RB",2005,5432
Virgin Islands (U.S.),2005,40829
Viet Nam,2005,711
Vanuatu,2005,1874
World,2005,7284
Samoa,2005,2550
"Yemen, Rep.",2005,734
South Africa,2005,5837
Zambia,2005,711
Zimbabwe,2005,461
Aruba,2006,24846
Africa Eastern and Southern,2006,1235
Afghanistan,2006,274
Africa Western and Central,2006,1235
Angola,2006,2930
Albania,2006,3058
Andorra,2006,43467
Arab World,2006,4355
United Arab Emirates,2006,44343
Argentina,2006,5869
Armenia,2006,2042
American Samoa,2006,8745
Antigua and Barbuda,2006,16174
Australia,2006,36659
Austria,2006,40382
Azerbaijan,2006,2473
Burundi,2006,162
Belgium,2006,38705
Benin,2006,809
Burkina Faso,2006,456
Bangladesh,2006,490
Bulgaria,2006,4523
Bahrain,2006,19267
"Bahamas, The",2006,29185
Bosnia and Herzegovina,2006,3166
Belarus,2006,3848
Belize,2006,5525
Bermuda,2006,97781
Bolivia,2006,1203
Brazil,2006,5934
Barbados,2006,15620
Brunei Darussalam,2006,34675
Bhutan,2006,1406
Botswana,2006,5292
Central African Republic,2006,334
Canada,2006,40504
Central Europe and the Baltics,2006,9467
Switzerland,2006,59011
Channel Islands,2006,62745
Chile,2006,9319
China,2006,2129
Cote d'Ivoire,2006,1230
Cameroon,2006,1191
"Congo, Dem. Rep.",2006,255
"Congo, Rep.",2006,2104
Colombia,2006,3790
Comoros,2006,1138
Cabo Verde,2006,2257
Costa Rica,2006,5257
Caribbean small states,2006,10883
Cuba,2006,4330
Curacao,2006,17400
Cayman Islands,2006,87085
Cyprus,2006,26729
Czechia,2006,15259
Germany,2006,36980
Djibouti,2006,898
Dominica,2006,6056
Denmark,2006,52119
Dominican Republic,2006,4055
Algeria,2006,3661
East Asia & Pacific (excluding high income),2006,1977
Early-demographic dividend,2006,2011
East Asia & Pacific,2006,5170
Europe & Central Asia (excluding high income),2006,4142
Europe & Central Asia,2006,20767
Ecuador,2006,3244
"Egypt, Arab Rep.",2006,1299
Euro area,2006,33646
Eritrea,2006,448
Spain,2006,28422
Estonia,2006,12641
Ethiopia,2006,189
European Union,2006,29201
Fragile and conflict affected situations,2006,1319
Finland,2006,41214
Fiji,2006,3455
France,2006,36432
Faroe Islands,2006,41744
"Micronesia, Fed. Sts.",2006,2245
Gabon,2006,6847
United Kingdom,2006,44695
Georgia,2006,1996
Ghana,2006,906
Guinea,2006,447
"Gambia, The",2006,615
Guinea-Bissau,2006,449
Equatorial Guinea,2006,10185
Greece,2006,24416
Grenada,2006,6344
Greenland,2006,35458
Guatemala,2006,2225
Guam,2006,25710
Guyana,2006,3136
High income,2006,31711
"Hong Kong SAR, China",2006,28224
Honduras,2006,1426
Heavily indebted poor countries (HIPC),2006,593
Croatia,2006,11501
Haiti,2006,829
Hungary,2006,11478
IBRD only,2006,2701
IDA & IBRD total,2006,2248
IDA total,2006,775
IDA blend,2006,1149
Indonesia,2006,1558
IDA only,2006,574
Isle of Man,2006,42628
India,2006,802
Ireland,2006,54329
"Iran, Islamic Rep.",2006,3619
Iraq,2006,2277
Iceland,2006,58172
Israel,2006,22527
Italy,2006,33537
Jamaica,2006,4417
Jordan,2006,2343
Japan,2006,35992
Kazakhstan,2006,5030
Kenya,2006,700
Kyrgyz Republic,2006,543
Cambodia,2006,612
Kiribati,2006,1123
St. Kitts and Nevis,2006,13838
"Korea, Rep.",2006,22610
Kuwait,2006,42947
Latin America & Caribbean (excluding high income),2006,5718
Lao PDR,2006,579
Lebanon,2006,4635
Liberia,2006,321
Libya,2006,10049
St. Lucia,2006,7611
Latin America & Caribbean,2006,6048
Least developed countries: UN classification,2006,553
Low income,2006,586
Liechtenstein,2006,114168
Sri Lanka,2006,1389
Lower middle income,2006,941
Low & middle income,2006,2016
Lesotho,2006,925
Late-demographic dividend,2006,3526
Lithuania,2006,9210
Luxembourg,2006,90789
Latvia,2006,9212
"Macao SAR, China",2006,29814
Morocco,2006,2438
Monaco,2006,143083
Moldova,2006,1183
Madagascar,2006,324
Maldives,2006,5019
"Middle East, North Africa, Afghanistan & Pakistan",2006,3482
Mexico,2006,9513
Marshall Islands,2006,2754
Middle income,2006,2129
North Macedonia,2006,3440
Mali,2006,587
Malta,2006,16654
Myanmar,2006,303
"Middle East, North Africa, Afghanistan & Pakistan (excluding high income)",2006,1883
Montenegro,2006,4419
Mongolia,2006,1330
Northern Mariana Islands,2006,16315
Mozambique,2006,457
Mauritania,2006,1301
Mauritius,2006,5784
Malawi,2006,441
Malaysia,2006,6158
North America,2006,45741
Namibia,2006,4017
New Caledonia,2006,28193
Niger,2006,333
Nigeria,2006,1600
Nicaragua,2006,1248
Netherlands,2006,45124
Norway,2006,74434
Nepal,2006,340
Nauru,2006,2910
New Zealand,2006,26655
OECD members,2006,31719
Oman,2006,16931
Other small states,2006,9047
Pakistan,2006,901
Panama,2006,5529
Peru,2006,3130
Philippines,2006,1426
Palau,2006,9882
Papua New Guinea,2006,1238
Poland,2006,9069
Pre-demographic dividend,2006,997
Puerto Rico (US),2006,22936
Portugal,2006,19839
Paraguay,2006,2439
West Bank and Gaza,2006,1570
Pacific island small states,2006,2587
Post-demographic dividend,2006,35820
French Polynesia,2006,22331
Qatar,2006,62582
Romania,2006,5758
Russian Federation,2006,6920
Rwanda,2006,357
South Asia,2006,769
Saudi Arabia,2006,17564
Sudan,2006,1132
Senegal,2006,1017
Singapore,2006,33768
Solomon Islands,2006,1256
Sierra Leone,2006,580
El Salvador,2006,2666
San Marino,2006,63271
"Somalia, Fed. Rep.",2006,458
Serbia,2006,4493
Sub-Saharan Africa (excluding high income),2006,1350
Sub-Saharan Africa,2006,1234
Small states,2006,8650
Sao Tome and Principe,2006,862
Suriname,2006,5003
Slovak Republic,2006,13168
Slovenia,2006,19563
Sweden,2006,46531
Eswatini,2006,2965
Seychelles,2006,12783
Syrian Arab Republic,2006,1719
Turks and Caicos Islands,2006,28734
Chad,2006,907
East Asia & Pacific (IDA & IBRD countries),2006,2000
Europe & Central Asia (IDA & IBRD countries),2006,5633
Togo,2006,553
Thailand,2006,3331
Tajikistan,2006,401
Turkmenistan,2006,1997
Latin America & the Caribbean (IDA & IBRD countries),2006,5927
Timor-Leste,2006,465
"Middle East, North Africa, Afghanistan & Pakistan (IDA & IBRD)",2006,1885
Tonga,2006,2750
South Asia (IDA & IBRD),2006,769
Sub-Saharan Africa (IDA & IBRD countries),2006,1234
Trinidad and Tobago,2006,14153
Tunisia,2006,3323
Turkiye,2006,7990
Tuvalu,2006,2396
Tanzania,2006,476
Uganda,2006,347
Ukraine,2006,2366
Upper middle income,2006,3262
Uruguay,2006,6001
United States,2006,46302
Uzbekistan,2006,649
St. Vincent and the Grenadines,2006,5745
"Venezuela, RB",2006,6739
Virgin Islands (U.S.),2006,41377
Viet Nam,2006,808
Vanuatu,2006,2035
World,2006,7796
Samoa,2006,2663
"Yemen, Rep.",2006,810
South Africa,2006,6077
Zambia,2006,1052
Zimbabwe,2006,431
Aruba,2007,26736
Africa Eastern and Southern,2007,1382
Afghanistan,2007,376
Africa Western and Central,2007,1406
Angola,2007,3515
Albania,2007,3743
Andorra,2007,48336
Arab World,2007,4941
United Arab Emirates,2007,45855
Argentina,2007,7185
Armenia,2007,2963
American Samoa,2007,9231
Antigua and Barbuda,2007,18205
Australia,2007,41128
Austria,2007,46623
Azerbaijan,2007,3851
Burundi,2007,166
Belgium,2007,44319
Benin,2007,912
Burkina Faso,2007,515
Bangladesh,2007,538
Bulgaria,2007,5889
Bahrain,2007,20908
"Bahamas, The",2007,30052
Bosnia and Herzegovina,2007,3931
Belarus,2007,4735
Belize,2007,5762
Bermuda,2007,107396
Bolivia,2007,1355
Brazil,2007,7410
Barbados,2007,17235
Brunei Darussalam,2007,36217
Bhutan,2007,1850
Botswana,2007,5529
Central African Republic,2007,381
Canada,2007,44660
Central Europe and the Baltics,2007,11997
Switzerland,2007,64989
Channel Islands,2007,74140
Chile,2007,10346
China,2007,2735
Cote d'Ivoire,2007,1368
Cameroon,2007,1326
"Congo, Dem. Rep.",2007,294
"Congo, Rep.",2007,2206
Colombia,2007,4770
Comoros,2007,1290
Cabo Verde,2007,3325
Costa Rica,2007,6138
Caribbean small states,2007,12135
Cuba,2007,4807
Curacao,2007,18006
Cayman Islands,2007,89888
Cyprus,2007,31245
Czechia,2007,18453
Germany,2007,42351
Djibouti,2007,970
Dominica,2007,6459
Denmark,2007,58632
Dominican Republic,2007,4650
Algeria,2007,4167
East Asia & Pacific (excluding high income),2007,2481
Early-demographic dividend,2007,2343
East Asia & Pacific,2007,5739
Europe & Central Asia (excluding high income),2007,5206
Europe & Central Asia,2007,24196
Ecuador,2007,3479
"Egypt, Arab Rep.",2007,1548
Euro area,2007,38544
Eritrea,2007,480
Spain,2007,32652
Estonia,2007,16745
Ethiopia,2007,237
European Union,2007,33705
Fragile and conflict affected situations,2007,1579
Finland,2007,48473
Fiji,2007,3763
France,2007,41486
Faroe Islands,2007,48349
"Micronesia, Fed. Sts.",2007,2294
Gabon,2007,8004
United Kingdom,2007,50629
Georgia,2007,2635
Ghana,2007,1050
Guinea,2007,650
"Gambia, The",2007,725
Guinea-Bissau,2007,519
Equatorial Guinea,2007,12617
Greece,2007,28441
Grenada,2007,6865
Greenland,2007,39781
Guatemala,2007,2459
Guam,2007,26605
Guyana,2007,3608
High income,2007,34666
"Hong Kong SAR, China",2007,30594
Honduras,2007,1578
Heavily indebted poor countries (HIPC),2007,688
Croatia,2007,13756
Haiti,2007,985
Hungary,2007,13935
IBRD only,2007,3321
IDA & IBRD total,2007,2743
IDA total,2007,888
IDA blend,2007,1296
Indonesia,2007,1823
IDA only,2007,667
Isle of Man,2007,55040
India,2007,1022
Ireland,2007,61396
"Iran, Islamic Rep.",2007,4688
Iraq,2007,3129
Iceland,2007,70483
Israel,2007,25721
Italy,2007,37826
Jamaica,2007,4716
Jordan,2007,2506
Japan,2007,35779
Kazakhstan,2007,6449
Kenya,2007,840
Kyrgyz Republic,2007,722
Cambodia,2007,732
Kiribati,2007,1353
St. Kitts and Nevis,2007,14758
"Korea, Rep.",2007,25078
Kuwait,2007,45709
Latin America & Caribbean (excluding high income),2007,6672
Lao PDR,2007,697
Lebanon,2007,5125
Liberia,2007,374
Libya,2007,11145
St. Lucia,2007,7964
Latin America & Caribbean,2007,7036
Least developed countries: UN classification,2007,649
Low income,2007,689
Liechtenstein,2007,130493
Sri Lanka,2007,1579
Lower middle income,2007,1131
Low & middle income,2007,2442
Lesotho,2007,861
Late-demographic dividend,2007,4414
Lithuania,2007,12295
Luxembourg,2007,107475
Latvia,2007,13371
"Macao SAR, China",2007,35400
Morocco,2007,2756
Monaco,2007,184559
Moldova,2007,1531
Madagascar,2007,420
Maldives,2007,5758
"Middle East, North Africa, Afghanistan & Pakistan",2007,4010
Mexico,2007,10134
Marshall Islands,2007,2892
Middle income,2007,2583
North Macedonia,2007,4204
Mali,2007,671
Malta,2007,19444
Myanmar,2007,419
"Middle East, North Africa, Afghanistan & Pakistan (excluding high income)",2007,2237
Montenegro,2007,5972
Mongolia,2007,1628
Northern Mariana Islands,2007,15914
Mozambique,2007,508
Mauritania,2007,1405
Mauritius,2007,6677
Malawi,2007,475
Malaysia,2007,7169
North America,2007,47728
Namibia,2007,4379
New Caledonia,2007,35178
Niger,2007,387
Nigeria,2007,1816
Nicaragua,2007,1350
Netherlands,2007,52101
Norway,2007,85502
Nepal,2007,385
Nauru,2007,2272
New Zealand,2007,32480
OECD members,2007,34485
Oman,2007,18793
Other small states,2007,10758
Pakistan,2007,998
Panama,2007,6318
Peru,2007,3581
Philippines,2007,1713
Palau,2007,10403
Papua New Guinea,2007,1371
Poland,2007,11273
Pre-demographic dividend,2007,1173
Puerto Rico (US),2007,23665
Portugal,2007,22811
Paraguay,2007,3212
West Bank and Gaza,2007,1664
Pacific island small states,2007,2820
Post-demographic dividend,2007,38870
French Polynesia,2007,24888
Qatar,2007,65954
Romania,2007,8360
Russian Federation,2007,9101
Rwanda,2007,426
South Asia,2007,968
Saudi Arabia,2007,18596
Sudan,2007,1444
Senegal,2007,1189
Singapore,2007,39433
Solomon Islands,2007,1390
Sierra Leone,2007,632
El Salvador,2007,2831
San Marino,2007,70124
"Somalia, Fed. Rep.",2007,480
Serbia,2007,6081
Sub-Saharan Africa (excluding high income),2007,1519
Sub-Saharan Africa,2007,1391
Small states,2007,10056
Sao Tome and Principe,2007,879
Suriname,2007,5530
Slovak Republic,2007,16110
Slovenia,2007,23725
Sweden,2007,53568
Eswatini,2007,3109
Seychelles,2007,12669
Syrian Arab Republic,2007,1938
Turks and Caicos Islands,2007,29444
Chad,2007,980
East Asia & Pacific (IDA & IBRD countries),2007,2510
Europe & Central Asia (IDA & IBRD countries),2007,7247
Togo,2007,608
Thailand,2007,3919
Tajikistan,2007,517
Turkmenistan,2007,2415
Latin America & the Caribbean (IDA & IBRD countries),2007,6928
Timor-Leste,2007,540
"Middle East, North Africa, Afghanistan & Pakistan (IDA & IBRD)",2007,2241
Tonga,2007,2797
South Asia (IDA & IBRD),2007,968
Sub-Saharan Africa (IDA & IBRD countries),2007,1391
Trinidad and Tobago,2007,16607
Tunisia,2007,3727
Turkiye,2007,9767
Tuvalu,2007,2794
Tanzania,2007,543
Uganda,2007,401
Ukraine,2007,3160
Upper middle income,2007,3983
Uruguay,2007,7222
United States,2007,48050
Uzbekistan,2007,824
St. Vincent and the Grenadines,2007,6398
"Venezuela, RB",2007,8332
Virgin Islands (U.S.),2007,44159
Viet Nam,2007,926
Vanuatu,2007,2334
World,2007,8678
Samoa,2007,3039
"Yemen, Rep.",2007,890
South Africa,2007,6592
Zambia,2007,1119
Zimbabwe,2007,414
Aruba,2008,28172
Africa Eastern and Southern,2008,1448
Afghanistan,2008,382
Africa Western and Central,2008,1667
Angola,2008,4578
Albania,2008,4499
Andorra,2008,49132
Arab World,2008,6092
United Arab Emirates,2008,50054
Argentina,2008,8944
Armenia,2008,3778
American Samoa,2008,10031
Antigua and Barbuda,2008,18787
Australia,2008,49811
Austria,2008,51581
Azerbaijan,2008,5574
Burundi,2008,190
Belgium,2008,48303
Benin,2008,1061
Burkina Faso,2008,619
Bangladesh,2008,613
Bulgaria,2008,7271
Bahrain,2008,23299
"Bahamas, The",2008,29392
Bosnia and Herzegovina,2008,4842
Belarus,2008,6376
Belize,2008,5712
Bermuda,2008,110269
Bolivia,2008,1693
Brazil,2008,8908
Barbados,2008,17566
Brunei Darussalam,2008,42157
Bhutan,2008,1920
Botswana,2008,5503
Central African Republic,2008,437
Canada,2008,46710
Central Europe and the Baltics,2008,14574
Switzerland,2008,74175
Chile,2008,10683
China,2008,3523
Cote d'Ivoire,2008,1584
Cameroon,2008,1492
"Congo, Dem. Rep.",2008,353
"Congo, Rep.",2008,2832
Colombia,2008,5542
Comoros,2008,1455
Cabo Verde,2008,3909
Costa Rica,2008,6937
Caribbean small states,2008,13890
Cuba,2008,4986
Curacao,2008,19423
Cayman Islands,2008,89655
Cyprus,2008,35397
Czechia,2008,22775
Germany,2008,46379
Djibouti,2008,1119
Dominica,2008,6971
Denmark,2008,64617
Dominican Republic,2008,5024
Algeria,2008,5181
East Asia & Pacific (excluding high income),2008,3118
Early-demographic dividend,2008,2595
East Asia & Pacific,2008,6569
Europe & Central Asia (excluding high income),2008,6191
Europe & Central Asia,2008,26525
Ecuador,2008,4195
"Egypt, Arab Rep.",2008,1896
Euro area,2008,42173
Eritrea,2008,490
Spain,2008,35603
Estonia,2008,18206
Ethiopia,2008,316
European Union,2008,37169
Fragile and conflict affected situations,2008,1971
Finland,2008,53769
Fiji,2008,3900
France,2008,45465
Faroe Islands,2008,51288
"Micronesia, Fed. Sts.",2008,2370
Gabon,2008,9689
United Kingdom,2008,47652
Georgia,2008,3325
Ghana,2008,1183
Guinea,2008,704
"Gambia, The",2008,859
Guinea-Bissau,2008,640
Equatorial Guinea,2008,18211
Greece,2008,31696
Grenada,2008,7448
Greenland,2008,44367
Guatemala,2008,2763
Guam,2008,28112
Guyana,2008,4009
High income,2008,36900
"Hong Kong SAR, China",2008,31516
Honduras,2008,1732
Heavily indebted poor countries (HIPC),2008,797
Croatia,2008,15888
Haiti,2008,1095
Hungary,2008,15763
IBRD only,2008,3945
IDA & IBRD total,2008,3245
IDA total,2008,1033
IDA blend,2008,1480
Indonesia,2008,2125
IDA only,2008,791
Isle of Man,2008,72277
India,2008,993
Ireland,2008,61353
"Iran, Islamic Rep.",2008,5377
Iraq,2008,4543
Iceland,2008,57489
Israel,2008,30269
Italy,2008,40829
Jamaica,2008,5030
Jordan,2008,3242
Japan,2008,39876
Kazakhstan,2008,8124
Kenya,2008,916
Kyrgyz Republic,2008,966
Cambodia,2008,866
Kiribati,2008,1411
St. Kitts and Nevis,2008,16605
"Korea, Rep.",2008,22252
Kuwait,2008,55585
Latin America & Caribbean (excluding high income),2008,7623
Lao PDR,2008,886
Lebanon,2008,5912
Liberia,2008,452
Libya,2008,13906
St. Lucia,2008,8517
Latin America & Caribbean,2008,8078
Least developed countries: UN classification,2008,779
Low income,2008,799
Liechtenstein,2008,143249
Sri Lanka,2008,1974
Lower middle income,2008,1230
Low & middle income,2008,2861
Lesotho,2008,898
Late-demographic dividend,2008,5455
Lithuania,2008,14956
Luxembourg,2008,120422
Latvia,2008,15678
"Macao SAR, China",2008,38889
Morocco,2008,3183
Monaco,2008,204264
Moldova,2008,2111
Madagascar,2008,513
Maldives,2008,6757
"Middle East, North Africa, Afghanistan & Pakistan",2008,4834
Mexico,2008,10524
Marshall Islands,2008,2818
Middle income,2008,3029
North Macedonia,2008,5026
Mali,2008,767
Malta,2008,22315
Myanmar,2008,658
"Middle East, North Africa, Afghanistan & Pakistan (excluding high income)",2008,2653
Montenegro,2008,7360
Mongolia,2008,2127
Northern Mariana Islands,2008,16430
Mozambique,2008,592
Mauritania,2008,1636
Mauritius,2008,8141
Malawi,2008,554
Malaysia,2008,8372
North America,2008,48398
Namibia,2008,4205
New Caledonia,2008,35724
Niger,2008,475
Nigeria,2008,2154
Nicaragua,2008,1524
Netherlands,2008,58247
Norway,2008,97504
Nepal,2008,465
Nauru,2008,3757
New Zealand,2008,31325
OECD members,2008,36330
Oman,2008,26577
Other small states,2008,11515
Pakistan,2008,1067
Panama,2008,7348
Peru,2008,4198
Philippines,2008,1959
Palau,2008,10578
Papua New Guinea,2008,1625
Poland,2008,14049
Pre-demographic dividend,2008,1423
Puerto Rico (US),2008,24898
Portugal,2008,24949
Paraguay,2008,4385
West Bank and Gaza,2008,2035
Pacific island small states,2008,2989
Post-demographic dividend,2008,40922
French Polynesia,2008,26592
Qatar,2008,80781
Romania,2008,10435
Russian Federation,2008,11635
Rwanda,2008,528
South Asia,2008,958
Saudi Arabia,2008,22320
Sudan,2008,1528
Senegal,2008,1399
Singapore,2008,40009
Solomon Islands,2008,1526
Sierra Leone,2008,705
El Salvador,2008,2983
San Marino,2008,75902
"Somalia, Fed. Rep.",2008,507
Serbia,2008,7377
Sub-Saharan Africa (excluding high income),2008,1673
South Sudan,2008,1654
Sub-Saharan Africa,2008,1537
Small states,2008,10975
Sao Tome and Principe,2008,1082
Suriname,2008,6576
Slovak Republic,2008,18744
Slovenia,2008,27462
Sweden,2008,55817
Eswatini,2008,2947
Seychelles,2008,11265
Syrian Arab Republic,2008,2429
Turks and Caicos Islands,2008,31454
Chad,2008,1166
East Asia & Pacific (IDA & IBRD countries),2008,3154
Europe & Central Asia (IDA & IBRD countries),2008,8951
Togo,2008,719
Thailand,2008,4309
Tajikistan,2008,703
Turkmenistan,2008,3606
Latin America & the Caribbean (IDA & IBRD countries),2008,7989
Timor-Leste,2008,628
"Middle East, North Africa, Afghanistan & Pakistan (IDA & IBRD)",2008,2657
Tonga,2008,3218
South Asia (IDA & IBRD),2008,958
Sub-Saharan Africa (IDA & IBRD countries),2008,1537
Trinidad and Tobago,2008,21299
Tunisia,2008,4255
Turkiye,2008,10913
Tuvalu,2008,3088
Tanzania,2008,676
Uganda,2008,473
Ukraine,2008,4018
Upper middle income,2008,4780
Uruguay,2008,9424
United States,2008,48570
Uzbekistan,2008,1075
St. Vincent and the Grenadines,2008,6599
"Venezuela, RB",2008,11262
Virgin Islands (U.S.),2008,39152
Viet Nam,2008,1164
Vanuatu,2008,2604
World,2008,9415
Samoa,2008,3374
Kosovo,2008,2877
"Yemen, Rep.",2008,1072
South Africa,2008,6185
Zambia,2008,1376
Zimbabwe,2008,341
Aruba,2009,25135
Africa Eastern and Southern,2009,1409
Afghanistan,2009,452
Africa Western and Central,2009,1453
Angola,2009,3645
Albania,2009,4214
Andorra,2009,43975
Arab World,2009,5134
United Arab Emirates,2009,37803
Argentina,2009,8150
Armenia,2009,2821
American Samoa,2009,12156
Antigua and Barbuda,2009,16472
Australia,2009,42955
Austria,2009,47857
Azerbaijan,2009,4950
Burundi,2009,198
Belgium,2009,44923
Benin,2009,1024
Burkina Faso,2009,602
Bangladesh,2009,679
Bulgaria,2009,6988
Bahrain,2009,19465
"Bahamas, The",2009,27513
Bosnia and Herzegovina,2009,4540
Belarus,2009,5352
Belize,2009,5400
Bermuda,2009,104712
Bolivia,2009,1731
Brazil,2009,8679
Barbados,2009,16295
Brunei Darussalam,2009,30946
Bhutan,2009,1918
Botswana,2009,5083
Central African Republic,2009,456
Canada,2009,40875
Central Europe and the Baltics,2009,12302
Switzerland,2009,71568
Channel Islands,2009,57779
Chile,2009,10099
China,2009,3898
Cote d'Ivoire,2009,1540
Cameroon,2009,1461
"Congo, Dem. Rep.",2009,280
"Congo, Rep.",2009,2271
Colombia,2009,5251
Comoros,2009,1410
Cabo Verde,2009,3660
Costa Rica,2009,6833
Caribbean small states,2009,11554
Cuba,2009,5089
Curacao,2009,19540
Cayman Islands,2009,81374
Cyprus,2009,32236
Czechia,2009,19817
Germany,2009,42472
Djibouti,2009,1151
Dominica,2009,7487
Denmark,2009,58413
Dominican Republic,2009,4974
Algeria,2009,4235
East Asia & Pacific (excluding high income),2009,3360
Early-demographic dividend,2009,2457
East Asia & Pacific,2009,6714
Europe & Central Asia (excluding high income),2009,5125
Europe & Central Asia,2009,23260
Ecuador,2009,4053
"Egypt, Arab Rep.",2009,2162
Euro area,2009,38464
Eritrea,2009,643
Spain,2009,32280
Estonia,2009,14712
Ethiopia,2009,369
European Union,2009,33632
Fragile and conflict affected situations,2009,1739
Finland,2009,47478
Fiji,2009,3164
France,2009,41728
Faroe Islands,2009,47059
"Micronesia, Fed. Sts.",2009,2544
Gabon,2009,7291
United Kingdom,2009,39009
Georgia,2009,2823
Ghana,2009,1048
Guinea,2009,662
"Gambia, The",2009,775
Guinea-Bissau,2009,583
Equatorial Guinea,2009,13233
Greece,2009,29425
Grenada,2009,6933
Greenland,2009,44919
Guatemala,2009,2612
Guam,2009,29054
Guyana,2009,4209
High income,2009,34112
"Hong Kong SAR, China",2009,30698
Honduras,2009,1781
Heavily indebted poor countries (HIPC),2009,765
Croatia,2009,14475
Haiti,2009,1197
Hungary,2009,13051
IBRD only,2009,3790
IDA & IBRD total,2009,3109
IDA total,2009,984
IDA blend,2009,1350
Indonesia,2009,2218
IDA only,2009,784
Isle of Man,2009,66156
India,2009,1095
Ireland,2009,52133
"Iran, Islamic Rep.",2009,5416
Iraq,2009,3715
Iceland,2009,41484
Israel,2009,28508
Italy,2009,37100
Jamaica,2009,4428
Jordan,2009,3436
Japan,2009,41309
Kazakhstan,2009,6938
Kenya,2009,1048
Kyrgyz Republic,2009,870
Cambodia,2009,876
Kiribati,2009,1317
St. Kitts and Nevis,2009,16503
"Korea, Rep.",2009,19937
Kuwait,2009,37907
Latin America & Caribbean (excluding high income),2009,6981
Lao PDR,2009,935
Lebanon,2009,7091
Liberia,2009,448
Libya,2009,9551
St. Lucia,2009,8251
Latin America & Caribbean,2009,7495
Least developed countries: UN classification,2009,752
Low income,2009,753
Liechtenstein,2009,126025
Sri Lanka,2009,2027
Lower middle income,2009,1261
Low & middle income,2009,2829
Lesotho,2009,879
Late-demographic dividend,2009,5245
Lithuania,2009,11854
Luxembourg,2009,109420
Latvia,2009,11996
"Macao SAR, China",2009,40354
Morocco,2009,3120
Monaco,2009,169150
Moldova,2009,1898
Madagascar,2009,446
Maldives,2009,6734
"Middle East, North Africa, Afghanistan & Pakistan",2009,4257
Mexico,2009,8424
Marshall Islands,2009,2907
Middle income,2009,3002
North Macedonia,2009,4800
Mali,2009,787
Malta,2009,21176
Myanmar,2009,758
"Middle East, North Africa, Afghanistan & Pakistan (excluding high income)",2009,2511
Montenegro,2009,6700
Mongolia,2009,1703
Northern Mariana Islands,2009,14370
Mozambique,2009,548
Mauritania,2009,1435
Mauritius,2009,7427
Malawi,2009,626
Malaysia,2009,7191
North America,2009,46581
Namibia,2009,4303
New Caledonia,2009,33836
Niger,2009,461
Nigeria,2009,1820
Nicaragua,2009,1467
Netherlands,2009,53172
Norway,2009,80348
Nepal,2009,473
Nauru,2009,4411
New Zealand,2009,28277
OECD members,2009,33747
Oman,2009,20656
Other small states,2009,9809
Pakistan,2009,964
Panama,2009,7797
Peru,2009,4181
Philippines,2009,1864
Palau,2009,10148
Papua New Guinea,2009,1569
Poland,2009,11556
Pre-demographic dividend,2009,1252
Puerto Rico (US),2009,25769
Portugal,2009,23151
Paraguay,2009,3942
West Bank and Gaza,2009,2192
Pacific island small states,2009,2668
Post-demographic dividend,2009,38339
French Polynesia,2009,24434
Qatar,2009,60786
Romania,2009,8548
Russian Federation,2009,8563
Rwanda,2009,564
South Asia,2009,1054
Saudi Arabia,2009,17718
Sudan,2009,1178
Senegal,2009,1309
Singapore,2009,38927
Solomon Islands,2009,1555
Sierra Leone,2009,653
El Salvador,2009,2910
San Marino,2009,62429
"Somalia, Fed. Rep.",2009,247
Serbia,2009,6414
Sub-Saharan Africa (excluding high income),2009,1545
South Sudan,2009,1323
Sub-Saharan Africa,2009,1427
Small states,2009,9297
Sao Tome and Principe,2009,1128
Suriname,2009,7130
Slovak Republic,2009,16587
Slovenia,2009,24502
Sweden,2009,46708
Eswatini,2009,3190
Sint Maarten (Dutch part),2009,25528
Seychelles,2009,9747
Syrian Arab Republic,2009,2462
Turks and Caicos Islands,2009,24597
Chad,2009,1036
East Asia & Pacific (IDA & IBRD countries),2009,3399
Europe & Central Asia (IDA & IBRD countries),2009,7074
Togo,2009,721
Thailand,2009,4135
Tajikistan,2009,665
Turkmenistan,2009,3708
Latin America & the Caribbean (IDA & IBRD countries),2009,7387
Timor-Leste,2009,687
"Middle East, North Africa, Afghanistan & Pakistan (IDA & IBRD)",2009,2513
Tonga,2009,2914
South Asia (IDA & IBRD),2009,1054
Sub-Saharan Africa (IDA & IBRD countries),2009,1427
Trinidad and Tobago,2009,14634
Tunisia,2009,4080
Turkiye,2009,9077
Tuvalu,2009,2684
Tanzania,2009,694
Uganda,2009,799
Ukraine,2009,2607
Upper middle income,2009,4711
Uruguay,2009,9881
United States,2009,47195
Uzbekistan,2009,1206
St. Vincent and the Grenadines,2009,6464
"Venezuela, RB",2009,11597
Virgin Islands (U.S.),2009,38753
Viet Nam,2009,1226
Vanuatu,2009,2546
World,2009,8817
Samoa,2009,3279
Kosovo,2009,2795
"Yemen, Rep.",2009,969
South Africa,2009,6375
Zambia,2009,1136
Zimbabwe,2009,736
Aruba,2010,24093
Africa Eastern and Southern,2010,1629
Afghanistan,2010,561
Africa Western and Central,2010,1663
Angola,2010,4102
Albania,2010,4149
Andorra,2010,42747
Arab World,2010,5945
United Arab Emirates,2010,44795
Argentina,2010,10260
Armenia,2010,3041
American Samoa,2010,10375
Antigua and Barbuda,2010,15217
Australia,2010,52314
Austria,2010,46611
Azerbaijan,2010,5844
Burundi,2010,217
Belgium,2010,44197
Benin,2010,973
Burkina Faso,2010,625
Bangladesh,2010,757
Bulgaria,2010,6854
Bahrain,2010,21819
"Bahamas, The",2010,27473
Bosnia and Herzegovina,2010,4506
Belarus,2010,6035
Belize,2010,5461
Bermuda,2010,104112
Bolivia,2010,1930
Brazil,2010,11403
Barbados,2010,20611
Brunei Darussalam,2010,34938
Bhutan,2010,2436
Botswana,2010,6216
Central African Republic,2010,477
Canada,2010,47561
Central Europe and the Baltics,2010,12636
Switzerland,2010,76531
Channel Islands,2010,56123
Chile,2010,12633
China,2010,4629
Cote d'Ivoire,2010,1554
Cameroon,2010,1399
"Congo, Dem. Rep.",2010,352
"Congo, Rep.",2010,2947
Colombia,2010,6398
Comoros,2010,1387
Cabo Verde,2010,3579
Costa Rica,2010,8266
Caribbean small states,2010,12711
Cuba,2010,5272
Curacao,2010,19847
Cayman Islands,2010,76838
Cyprus,2010,31105
Czechia,2010,20160
Germany,2010,42397
Djibouti,2010,1213
Dominica,2010,7550
Denmark,2010,58105
Dominican Republic,2010,5479
Algeria,2010,4913
East Asia & Pacific (excluding high income),2010,4058
Early-demographic dividend,2010,2939
East Asia & Pacific,2010,7784
Europe & Central Asia (excluding high income),2010,6019
Europe & Central Asia,2010,23702
Ecuador,2010,4520
"Egypt, Arab Rep.",2010,2455
Euro area,2010,37492
Eritrea,2010,540
Spain,2010,30659
Estonia,2010,14664
Ethiopia,2010,331
European Union,2010,33120
Fragile and conflict affected situations,2010,2018
Finland,2010,46506
Fiji,2010,3449
France,2010,40695
Faroe Islands,2010,47923
"Micronesia, Fed. Sts.",2010,2703
Gabon,2010,8357
United Kingdom,2010,39778
Georgia,2010,3282
Ghana,2010,1264
Guinea,2010,659
"Gambia, The",2010,801
Guinea-Bissau,2010,600
Equatorial Guinea,2010,13720
Greece,2010,26653
Grenada,2010,6910
Greenland,2010,44277
Guatemala,2010,2805
Guam,2010,29720
Guyana,2010,4582
High income,2010,35778
"Hong Kong SAR, China",2010,32550
Honduras,2010,1893
Heavily indebted poor countries (HIPC),2010,812
Croatia,2010,13730
Haiti,2010,1210
Hungary,2010,13190
IBRD only,2010,4561
IDA & IBRD total,2010,3716
IDA total,2010,1110
IDA blend,2010,1535
Indonesia,2010,3066
IDA only,2010,878
Isle of Man,2010,70587
India,2010,1348
Ireland,2010,48624
"Iran, Islamic Rep.",2010,6291
Iraq,2010,4462
Iceland,2010,43776
Israel,2010,31439
Italy,2010,35857
Jamaica,2010,4810
Jordan,2010,3718
Japan,2010,44968
Kazakhstan,2010,8793
Kenya,2010,1092
Kyrgyz Republic,2010,877
Cambodia,2010,952
Kiribati,2010,1522
St. Kitts and Nevis,2010,16623
"Korea, Rep.",2010,24071
Kuwait,2010,39212
Latin America & Caribbean (excluding high income),2010,8638
Lao PDR,2010,1126
Lebanon,2010,7626
Liberia,2010,492
Libya,2010,11601
St. Lucia,2010,8674
Latin America & Caribbean,2010,9184
Least developed countries: UN classification,2010,832
Low income,2010,826
Liechtenstein,2010,141090
Sri Lanka,2010,2808
Lower middle income,2010,1491
Low & middle income,2010,3394
Lesotho,2010,1119
Late-demographic dividend,2010,6276
Lithuania,2010,11829
Luxembourg,2010,110886
Latvia,2010,11188
"Macao SAR, China",2010,52596
Morocco,2010,3068
Monaco,2010,161854
Moldova,2010,2437
Madagascar,2010,450
Maldives,2010,7174
"Middle East, North Africa, Afghanistan & Pakistan",2010,4868
Mexico,2010,9729
Marshall Islands,2010,3095
Middle income,2010,3611
North Macedonia,2010,4833
Mali,2010,797
Malta,2010,21947
Myanmar,2010,1011
"Middle East, North Africa, Afghanistan & Pakistan (excluding high income)",2010,2816
Montenegro,2010,6679
Mongolia,2010,2625
Northern Mariana Islands,2010,14771
Mozambique,2010,496
Mauritania,2010,1660
Mauritius,2010,8113
Malawi,2010,683
Malaysia,2010,8899
North America,2010,48546
Namibia,2010,5418
New Caledonia,2010,35799
Niger,2010,474
Nigeria,2010,2202
Nicaragua,2010,1527
Netherlands,2010,51306
Norway,2010,88163
Nepal,2010,585
Nauru,2010,4736
New Zealand,2010,33762
OECD members,2010,35162
Oman,2010,23570
Other small states,2010,10150
Pakistan,2010,987
Panama,2010,8331
Peru,2010,5072
Philippines,2010,2163
Palau,2010,10222
Papua New Guinea,2010,1867
Poland,2010,12568
Pre-demographic dividend,2010,1421
Puerto Rico (US),2010,26415
Portugal,2010,22552
Paraguay,2010,4751
West Bank and Gaza,2010,2557
Pacific island small states,2010,2901
Post-demographic dividend,2010,39802
French Polynesia,2010,22495
Qatar,2010,76463
Romania,2010,8400
Russian Federation,2010,10675
Rwanda,2010,594
South Asia,2010,1294
Saudi Arabia,2010,22028
Sudan,2010,1306
Senegal,2010,1276
Singapore,2010,47237
Solomon Islands,2010,1685
Sierra Leone,2010,685
El Salvador,2010,3040
San Marino,2010,56543
"Somalia, Fed. Rep.",2010,219
Serbia,2010,5971
Sub-Saharan Africa (excluding high income),2010,1789
South Sudan,2010,1498
Sub-Saharan Africa,2010,1643
Small states,2010,9814
Sao Tome and Principe,2010,1045
Suriname,2010,7944
Slovak Republic,2010,16899
Slovenia,2010,23330
Sweden,2010,52543
Eswatini,2010,3923
Sint Maarten (Dutch part),2010,26404
Seychelles,2010,10935
Syrian Arab Republic,2010,2731
Turks and Caicos Islands,2010,23094
Chad,2010,1142
East Asia & Pacific (IDA & IBRD countries),2010,4105
Europe & Central Asia (IDA & IBRD countries),2010,8281
Togo,2010,705
Thailand,2010,4974
Tajikistan,2010,737
Turkmenistan,2010,4059
Latin America & the Caribbean (IDA & IBRD countries),2010,9116
Timor-Leste,2010,813
"Middle East, North Africa, Afghanistan & Pakistan (IDA & IBRD)",2010,2818
Tonga,2010,3416
South Asia (IDA & IBRD),2010,1294
Sub-Saharan Africa (IDA & IBRD countries),2010,1643
Trinidad and Tobago,2010,16815
Tunisia,2010,4292
Turkiye,2010,10699
Tuvalu,2010,3025
Tanzania,2010,737
Uganda,2010,823
Ukraine,2010,3040
Upper middle income,2010,5711
Uruguay,2010,12641
United States,2010,48643
Uzbekistan,2010,1753
St. Vincent and the Grenadines,2010,6552
"Venezuela, RB",2010,13646
Virgin Islands (U.S.),2010,39905
Viet Nam,2010,1683
Vanuatu,2010,2815
World,2010,9543
Samoa,2010,3524
Kosovo,2010,2988
"Yemen, Rep.",2010,1155
South Africa,2010,7973
Zambia,2010,1451
Zimbabwe,2010,902
Aruba,2011,25712
Africa Eastern and Southern,2011,1762
Afghanistan,2011,607
Africa Western and Central,2011,1844
Angola,2011,5184
Albania,2011,4466
Andorra,2011,46657
Arab World,2011,6916
United Arab Emirates,2011,51922
Argentina,2011,12704
Armenia,2011,3350
American Samoa,2011,10383
Antigua and Barbuda,2011,14912
Australia,2011,62799
Austria,2011,51117
Azerbaijan,2011,7190
Burundi,2011,230
Belgium,2011,47761
Benin,2011,1059
Burkina Faso,2011,725
Bangladesh,2011,837
Bulgaria,2011,7850
Bahrain,2011,25033
"Bahamas, The",2011,27091
Bosnia and Herzegovina,2011,4983
Belarus,2011,6528
Belize,2011,5596
Bermuda,2011,99049
Bolivia,2011,2316
Brazil,2011,13397
Barbados,2011,20508
Brunei Darussalam,2011,46383
Bhutan,2011,2788
Botswana,2011,7287
Central African Republic,2011,534
Canada,2011,52224
Central Europe and the Baltics,2011,13997
Switzerland,2011,90477
Channel Islands,2011,60415
Chile,2011,14487
China,2011,5704
Cote d'Ivoire,2011,1597
Cameroon,2011,1514
"Congo, Dem. Rep.",2011,373
"Congo, Rep.",2011,3396
Colombia,2011,7401
Comoros,2011,1531
Cabo Verde,2011,4002
Costa Rica,2011,9276
Caribbean small states,2011,13527
Cuba,2011,6104
Curacao,2011,19426
Cayman Islands,2011,75281
Cyprus,2011,32486
Czechia,2011,22049
Germany,2011,47631
Djibouti,2011,1306
Dominica,2011,7705
Denmark,2011,61810
Dominican Republic,2011,5827
Algeria,2011,5916
East Asia & Pacific (excluding high income),2011,4914
Early-demographic dividend,2011,3263
East Asia & Pacific,2011,8956
Europe & Central Asia (excluding high income),2011,6786
Europe & Central Asia,2011,26239
Ecuador,2011,5154
"Egypt, Arab Rep.",2011,2591
Euro area,2011,40570
Eritrea,2011,689
Spain,2011,31825
Estonia,2011,17556
Ethiopia,2011,343
European Union,2011,35963
Fragile and conflict affected situations,2011,2054
Finland,2011,51060
Fiji,2011,4140
France,2011,43930
Faroe Islands,2011,51619
"Micronesia, Fed. Sts.",2011,2849
Gabon,2011,10219
United Kingdom,2011,42296
Georgia,2011,4120
Ghana,2011,1507
Guinea,2011,637
"Gambia, The",2011,711
Guinea-Bissau,2011,720
Equatorial Guinea,2011,17198
Greece,2011,25505
Grenada,2011,6947
Greenland,2011,47187
Guatemala,2011,3169
Guam,2011,29926
Guyana,2011,4947
High income,2011,38786
"Hong Kong SAR, China",2011,35142
Honduras,2011,2074
Heavily indebted poor countries (HIPC),2011,873
Croatia,2011,14692
Haiti,2011,1312
Hungary,2011,14211
IBRD only,2011,5343
IDA & IBRD total,2011,4324
IDA total,2011,1225
IDA blend,2011,1706
Indonesia,2011,3579
IDA only,2011,961
Isle of Man,2011,77809
India,2011,1445
Ireland,2011,52614
"Iran, Islamic Rep.",2011,8026
Iraq,2011,5776
Iceland,2011,48255
Israel,2011,34523
Italy,2011,38432
Jamaica,2011,5233
Jordan,2011,3947
Japan,2011,48760
Kazakhstan,2011,11287
Kenya,2011,1096
Kyrgyz Republic,2011,1117
Cambodia,2011,1089
Kiribati,2011,1771
St. Kitts and Nevis,2011,17832
"Korea, Rep.",2011,26175
Kuwait,2011,49170
Latin America & Caribbean (excluding high income),2011,9980
Lao PDR,2011,1362
Lebanon,2011,7835
Liberia,2011,568
Libya,2011,7594
St. Lucia,2011,9129
Latin America & Caribbean,2011,10334
Least developed countries: UN classification,2011,925
Low income,2011,870
Liechtenstein,2011,158066
Sri Lanka,2011,3225
Lower middle income,2011,1636
Low & middle income,2011,3943
Lesotho,2011,1281
Late-demographic dividend,2011,7599
Lithuania,2011,14262
Luxembourg,2011,119025
Latvia,2011,12903
"Macao SAR, China",2011,67047
St. Martin (French part),2011,20931
Morocco,2011,3302
Monaco,2011,179364
Moldova,2011,2941
Madagascar,2011,506
Maldives,2011,7425
"Middle East, North Africa, Afghanistan & Pakistan",2011,5731
Mexico,2011,10664
Marshall Islands,2011,3319
Middle income,2011,4205
North Macedonia,2011,5417
Mali,2011,938
Malta,2011,23517
Myanmar,2011,1214
"Middle East, North Africa, Afghanistan & Pakistan (excluding high income)",2011,3233
Montenegro,2011,7266
Mongolia,2011,3736
Northern Mariana Islands,2011,13599
Mozambique,2011,618
Mauritania,2011,1931
Mauritius,2011,9324
Malawi,2011,763
Malaysia,2011,10217
North America,2011,50252
Namibia,2011,5835
New Caledonia,2011,38836
Niger,2011,511
Nigeria,2011,2418
Nicaragua,2011,1680
Netherlands,2011,54702
Norway,2011,101222
Nepal,2011,786
Nauru,2011,6444
New Zealand,2011,38432
OECD members,2011,37631
Oman,2011,25188
Other small states,2011,11470
Pakistan,2011,1132
Panama,2011,9662
Peru,2011,5861
Philippines,2011,2384
Palau,2011,10994
Papua New Guinea,2011,2288
Poland,2011,13868
Pre-demographic dividend,2011,1597
Puerto Rico (US),2011,27170
Portugal,2011,23247
Paraguay,2011,5805
West Bank and Gaza,2011,2881
Pacific island small states,2011,3339
Post-demographic dividend,2011,42636
French Polynesia,2011,22832
Qatar,2011,103262
Romania,2011,9561
Russian Federation,2011,14305
Rwanda,2011,651
South Asia,2011,1397
Saudi Arabia,2011,27127
Sudan,2011,1333
Senegal,2011,1375
Singapore,2011,53891
Solomon Islands,2011,1924
Sierra Leone,2011,761
El Salvador,2011,3331
San Marino,2011,55601
"Somalia, Fed. Rep.",2011,235
Serbia,2011,7082
Sub-Saharan Africa (excluding high income),2011,1958
South Sudan,2011,1449
Sub-Saharan Africa,2011,1795
Small states,2011,10894
Sao Tome and Principe,2011,1220
Suriname,2011,7950
Slovak Republic,2011,18469
Slovenia,2011,24941
Sweden,2011,60379
Eswatini,2011,4225
Sint Maarten (Dutch part),2011,27318
Seychelles,2011,12110
Syrian Arab Republic,2011,2952
Turks and Caicos Islands,2011,27327
Chad,2011,1308
East Asia & Pacific (IDA & IBRD countries),2011,4971
Europe & Central Asia (IDA & IBRD countries),2011,10029
Togo,2011,784
Thailand,2011,5374
Tajikistan,2011,834
Turkmenistan,2011,5144
Latin America & the Caribbean (IDA & IBRD countries),2011,10278
Timor-Leste,2011,939
"Middle East, North Africa, Afghanistan & Pakistan (IDA & IBRD)",2011,3235
Tonga,2011,3850
South Asia (IDA & IBRD),2011,1397
Sub-Saharan Africa (IDA & IBRD countries),2011,1795
Trinidad and Tobago,2011,19151
Tunisia,2011,4421
Turkiye,2011,11374
Tuvalu,2011,3636
Tanzania,2011,775
Uganda,2011,836
Ukraine,2011,3657
Upper middle income,2011,6773
Uruguay,2011,15132
United States,2011,50025
Uzbekistan,2011,2088
St. Vincent and the Grenadines,2011,6528
"Venezuela, RB",2011,10844
Virgin Islands (U.S.),2011,38997
Viet Nam,2011,1951
Vanuatu,2011,3163
World,2011,10485
Samoa,2011,3822
Kosovo,2011,3539
"Yemen, Rep.",2011,1186
South Africa,2011,8646
Zambia,2011,1625
Zimbabwe,2011,1038
Aruba,2012,25120
Africa Eastern and Southern,2012,1732
Afghanistan,2012,651
Africa Western and Central,2012,1941
Angola,2012,5702
Albania,2012,4281
Andorra,2012,41501
Arab World,2012,7384
United Arab Emirates,2012,53142
Argentina,2012,12950
Armenia,2012,3512
American Samoa,2012,11745
Antigua and Barbuda,2012,15640
Australia,2012,68301
Austria,2012,48250
Azerbaijan,2012,7496
Burundi,2012,231
Belgium,2012,44874
Benin,2012,1072
Burkina Faso,2012,731
Bangladesh,2012,860
Bulgaria,2012,7432
Bahrain,2012,26439
"Bahamas, The",2012,28552
Bosnia and Herzegovina,2012,4694
Belarus,2012,6953
Belize,2012,5733
Bermuda,2012,100213
Bolivia,2012,2576
Brazil,2012,12522
Barbados,2012,20804
Brunei Darussalam,2012,46969
Bhutan,2012,2751
Botswana,2012,6596
Central African Republic,2012,544
Canada,2012,52670
Central Europe and the Baltics,2012,13104
Switzerland,2012,85836
Channel Islands,2012,58810
Chile,2012,15242
China,2012,6405
Cote d'Ivoire,2012,1547
Cameroon,2012,1449
"Congo, Dem. Rep.",2012,410
"Congo, Rep.",2012,3732
Colombia,2012,8109
Comoros,2012,1490
Cabo Verde,2012,3737
Costa Rica,2012,10127
Caribbean small states,2012,14291
Cuba,2012,6471
Curacao,2012,19810
Cayman Islands,2012,75102
Cyprus,2012,28992
Czechia,2012,20014
Germany,2012,44718
Djibouti,2012,1400
Dominica,2012,7529
Denmark,2012,58444
Dominican Republic,2012,6014
Algeria,2012,6034
East Asia & Pacific (excluding high income),2012,5435
Early-demographic dividend,2012,3359
East Asia & Pacific,2012,9507
Europe & Central Asia (excluding high income),2012,7093
Europe & Central Asia,2012,25165
Ecuador,2012,5634
"Egypt, Arab Rep.",2012,2996
Euro area,2012,37481
Spain,2012,28456
Estonia,2012,17568
Ethiopia,2012,452
European Union,2012,33325
Fragile and conflict affected situations,2012,2233
Finland,2012,47552
Fiji,2012,4341
France,2012,40864
Faroe Islands,2012,50262
"Micronesia, Fed. Sts.",2012,2992
Gabon,2012,9297
United Kingdom,2012,42688
Georgia,2012,4531
Ghana,2012,1544
Guinea,2012,699
"Gambia, The",2012,693
Guinea-Bissau,2012,635
Equatorial Guinea,2012,17309
Greece,2012,21624
Grenada,2012,7093
Greenland,2012,45937
Guatemala,2012,3287
Guam,2012,31654
Guyana,2012,5444
High income,2012,38694
"Hong Kong SAR, China",2012,36731
Honduras,2012,2126
Heavily indebted poor countries (HIPC),2012,881
Croatia,2012,13508
Haiti,2012,1361
Hungary,2012,12950
IBRD only,2012,5618
IDA & IBRD total,2012,4531
IDA total,2012,1263
IDA blend,2012,1844
Indonesia,2012,3632
IDA only,2012,946
Isle of Man,2012,79329
India,2012,1429
Ireland,2012,49336
"Iran, Islamic Rep.",2012,8114
Iraq,2012,6478
Iceland,2012,46595
Israel,2012,33321
Italy,2012,34854
Jamaica,2012,5341
Jordan,2012,4170
Japan,2012,49145
Kazakhstan,2012,12019
Kenya,2012,1285
Kyrgyz Republic,2012,1169
Cambodia,2012,1193
Kiribati,2012,1844
St. Kitts and Nevis,2012,17532
"Korea, Rep.",2012,26601
Kuwait,2012,52155
Latin America & Caribbean (excluding high income),2012,9823
Lao PDR,2012,1564
Lebanon,2012,8407
Liberia,2012,638
Libya,2012,14976
St. Lucia,2012,9260
Latin America & Caribbean,2012,10330
Least developed countries: UN classification,2012,947
Low income,2012,774
Liechtenstein,2012,148842
Sri Lanka,2012,3328
Lower middle income,2012,1701
Low & middle income,2012,4134
Lesotho,2012,1218
Late-demographic dividend,2012,8073
Lithuania,2012,14288
Luxembourg,2012,112585
Latvia,2012,13329
"Macao SAR, China",2012,76058
Morocco,2012,3164
Monaco,2012,165445
Moldova,2012,3045
Madagascar,2012,494
Maldives,2012,7461
"Middle East, North Africa, Afghanistan & Pakistan",2012,6048
Mexico,2012,10744
Marshall Islands,2012,3514
Middle income,2012,4424
North Macedonia,2012,5050
Mali,2012,873
Malta,2012,22878
Myanmar,2012,1203
"Middle East, North Africa, Afghanistan & Pakistan (excluding high income)",2012,3413
Montenegro,2012,6552
Mongolia,2012,4329
Northern Mariana Islands,2012,14014
Mozambique,2012,686
Mauritania,2012,1859
Mauritius,2012,9422
Malawi,2012,558
Malaysia,2012,10601
North America,2012,51813
Namibia,2012,5943
New Caledonia,2012,35560
Niger,2012,529
Nigeria,2012,2633
Nicaragua,2012,1785
Netherlands,2012,50474
Norway,2012,102176
Nepal,2012,788
Nauru,2012,9843
New Zealand,2012,40054
OECD members,2012,37353
Oman,2012,24642
Other small states,2012,11084
Pakistan,2012,1204
Panama,2012,11065
Peru,2012,6519
Philippines,2012,2615
Palau,2012,12137
Papua New Guinea,2012,2635
Poland,2012,13087
Pre-demographic dividend,2012,1687
Puerto Rico (US),2012,27742
Portugal,2012,20593
Paraguay,2012,5642
West Bank and Gaza,2012,3067
Pacific island small states,2012,3493
Post-demographic dividend,2012,42375
French Polynesia,2012,20847
Qatar,2012,108470
Romania,2012,8930
Russian Federation,2012,15402
Rwanda,2012,707
South Asia,2012,1387
Saudi Arabia,2012,28733
Sudan,2012,1019
Senegal,2012,1327
Singapore,2012,55548
Solomon Islands,2012,2066
Sierra Leone,2012,938
El Salvador,2012,3498
San Marino,2012,47946
"Somalia, Fed. Rep.",2012,350
Serbia,2012,6263
Sub-Saharan Africa (excluding high income),2012,1970
South Sudan,2012,1109
Sub-Saharan Africa,2012,1817
Small states,2012,10845
Sao Tome and Principe,2012,1192
Suriname,2012,8851
Slovak Republic,2012,17517
Slovenia,2012,22442
Sweden,2012,57750
Eswatini,2012,4225
Sint Maarten (Dutch part),2012,28149
Seychelles,2012,12337
Syrian Arab Republic,2012,1898
Turks and Caicos Islands,2012,25924
Chad,2012,1354
East Asia & Pacific (IDA & IBRD countries),2012,5497
Europe & Central Asia (IDA & IBRD countries),2012,10418
Togo,2012,762
Thailand,2012,5726
Tajikistan,2012,952
Turkmenistan,2012,6054
Latin America & the Caribbean (IDA & IBRD countries),2012,10263
Timor-Leste,2012,1023
"Middle East, North Africa, Afghanistan & Pakistan (IDA & IBRD)",2012,3415
Tonga,2012,4384
South Asia (IDA & IBRD),2012,1387
Sub-Saharan Africa (IDA & IBRD countries),2012,1817
Trinidad and Tobago,2012,20332
Tunisia,2012,4297
Turkiye,2012,11777
Tuvalu,2012,3598
Tanzania,2012,862
Uganda,2012,795
Ukraine,2012,3951
Upper middle income,2012,7167
Uruguay,2012,16260
United States,2012,51708
Uzbekistan,2012,2307
St. Vincent and the Grenadines,2012,6714
"Venezuela, RB",2012,12607
Virgin Islands (U.S.),2012,37795
Viet Nam,2012,2185
Vanuatu,2012,3005
World,2012,10584
Samoa,2012,3935
Kosovo,2012,3411
"Yemen, Rep.",2012,1245
South Africa,2012,8077
Zambia,2012,1710
Zimbabwe,2012,1239
Aruba,2013,25814
Africa Eastern and Southern,2013,1706
Afghanistan,2013,637
Africa Western and Central,2013,2132
Angola,2013,5689
Albania,2013,4543
Andorra,2013,42470
Arab World,2013,7376
United Arab Emirates,2013,53247
Argentina,2013,12964
Armenia,2013,3680
American Samoa,2013,11814
Antigua and Barbuda,2013,15052
Australia,2013,68477
Austria,2013,50305
Azerbaijan,2013,7875
Burundi,2013,235
Belgium,2013,46965
Benin,2013,1169
Burkina Faso,2013,760
Bangladesh,2013,958
Bulgaria,2013,7796
Bahrain,2013,26990
"Bahamas, The",2013,27643
Bosnia and Herzegovina,2013,5035
Belarus,2013,7998
Belize,2013,5957
Bermuda,2013,101704
Bolivia,2013,2870
Brazil,2013,12459
Barbados,2013,20410
Brunei Darussalam,2013,44003
Bhutan,2013,2680
Botswana,2013,6667
Central African Republic,2013,364
Canada,2013,52638
Central Europe and the Baltics,2013,13713
Switzerland,2013,87304
Channel Islands,2013,59308
Chile,2013,15684
China,2013,7147
Cote d'Ivoire,2013,1786
Cameroon,2013,1576
"Congo, Dem. Rep.",2013,460
"Congo, Rep.",2013,3697
Colombia,2013,8279
Comoros,2013,1603
Cabo Verde,2013,3961
Costa Rica,2013,10803
Caribbean small states,2013,14577
Cuba,2013,6828
Curacao,2013,19721
Cayman Islands,2013,75114
Cyprus,2013,27765
Czechia,2013,20260
Germany,2013,47207
Djibouti,2013,2076
Dominica,2013,7822
Denmark,2013,61378
Dominican Republic,2013,6137
Algeria,2013,5980
East Asia & Pacific (excluding high income),2013,5953
Early-demographic dividend,2013,3328
East Asia & Pacific,2013,9554
Europe & Central Asia (excluding high income),2013,7667
Europe & Central Asia,2013,26196
Ecuador,2013,6109
"Egypt, Arab Rep.",2013,3026
Euro area,2013,39098
Spain,2013,29229
Estonia,2013,19310
Ethiopia,2013,484
European Union,2013,34805
Fragile and conflict affected situations,2013,2144
Finland,2013,49691
Fiji,2013,4572
France,2013,42669
Faroe Islands,2013,55758
"Micronesia, Fed. Sts.",2013,2893
Gabon,2013,9198
United Kingdom,2013,43607
Georgia,2013,4712
Ghana,2013,2295
Guinea,2013,748
"Gambia, The",2013,654
Guinea-Bissau,2013,654
Equatorial Guinea,2013,16304
Greece,2013,21573
Grenada,2013,7425
Greenland,2013,47535
Guatemala,2013,3444
Guam,2013,32531
Guyana,2013,5557
High income,2013,39008
"Hong Kong SAR, China",2013,38404
Honduras,2013,2081
Heavily indebted poor countries (HIPC),2013,961
Croatia,2013,14135
Haiti,2013,1458
Hungary,2013,13739
IBRD only,2013,5846
IDA & IBRD total,2013,4715
IDA total,2013,1346
IDA blend,2013,1968
Indonesia,2013,3567
IDA only,2013,1006
Isle of Man,2013,83208
India,2013,1433
Ireland,2013,52538
"Iran, Islamic Rep.",2013,6223
Iraq,2013,6650
Iceland,2013,50173
Israel,2013,37034
Italy,2013,35702
Jamaica,2013,5124
Jordan,2013,4311
Japan,2013,40899
Kazakhstan,2013,13478
Kenya,2013,1371
Kyrgyz Republic,2013,1270
Cambodia,2013,1306
Kiribati,2013,1772
St. Kitts and Nevis,2013,18580
"Korea, Rep.",2013,28449
Kuwait,2013,49651
Latin America & Caribbean (excluding high income),2013,9971
Lao PDR,2013,1813
Lebanon,2013,8162
Liberia,2013,711
Libya,2013,11952
St. Lucia,2013,9577
Latin America & Caribbean,2013,10306
Least developed countries: UN classification,2013,1007
Low income,2013,773
Liechtenstein,2013,172824
Sri Lanka,2013,3739
Lower middle income,2013,1770
Low & middle income,2013,4330
Lesotho,2013,1151
Late-demographic dividend,2013,8644
Lithuania,2013,15637
Luxembourg,2013,120000
Latvia,2013,14484
"Macao SAR, China",2013,87108
Morocco,2013,3380
Monaco,2013,184941
Moldova,2013,3321
Madagascar,2013,515
Maldives,2013,8236
"Middle East, North Africa, Afghanistan & Pakistan",2013,5867
Mexico,2013,11217
Marshall Islands,2013,3678
Middle income,2013,4641
North Macedonia,2013,5626
Mali,2013,902
Malta,2013,25416
Myanmar,2013,1199
"Middle East, North Africa, Afghanistan & Pakistan (excluding high income)",2013,3148
Montenegro,2013,7103
Mongolia,2013,4340
Northern Mariana Islands,2013,14633
Mozambique,2013,687
Mauritania,2013,1934
Mauritius,2013,9877
Malawi,2013,497
Malaysia,2013,10714
North America,2013,53134
Namibia,2013,5347
New Caledonia,2013,36671
Niger,2013,552
Nigeria,2013,2873
Nicaragua,2013,1835
Netherlands,2013,52602
Norway,2013,103554
Nepal,2013,803
Nauru,2013,8975
New Zealand,2013,43000
OECD members,2013,37641
Oman,2013,23458
Other small states,2013,11422
Pakistan,2013,1225
Panama,2013,12273
Peru,2013,6747
Philippines,2013,2781
Palau,2013,12699
Papua New Guinea,2013,2561
Poland,2013,13622
Pre-demographic dividend,2013,1796
Puerto Rico (US),2013,28212
Portugal,2013,21676
Paraguay,2013,6436
West Bank and Gaza,2013,3315
Pacific island small states,2013,3585
Post-demographic dividend,2013,42643
French Polynesia,2013,21956
Qatar,2013,103697
Romania,2013,9498
Russian Federation,2013,15941
Rwanda,2013,705
South Asia,2013,1406
Saudi Arabia,2013,27865
Sudan,2013,1139
Senegal,2013,1380
Singapore,2013,56967
Solomon Islands,2013,2161
Sierra Leone,2013,1117
El Salvador,2013,3582
San Marino,2013,50808
"Somalia, Fed. Rep.",2013,393
Serbia,2013,7040
Sub-Saharan Africa (excluding high income),2013,2036
South Sudan,2013,1650
Sub-Saharan Africa,2013,1880
Small states,2013,11132
Sao Tome and Principe,2013,1383
Suriname,2013,9043
Slovak Republic,2013,18313
Slovenia,2013,23237
Sweden,2013,60844
Eswatini,2013,3950
Sint Maarten (Dutch part),2013,28530
Seychelles,2013,14821
Syrian Arab Republic,2013,986
Turks and Caicos Islands,2013,25654
Chad,2013,1305
East Asia & Pacific (IDA & IBRD countries),2013,6021
Europe & Central Asia (IDA & IBRD countries),2013,10965
Togo,2013,827
Thailand,2013,6018
Tajikistan,2013,1028
Turkmenistan,2013,6600
Latin America & the Caribbean (IDA & IBRD countries),2013,10231
Timor-Leste,2013,1205
"Middle East, North Africa, Afghanistan & Pakistan (IDA & IBRD)",2013,3147
Tonga,2013,4219
South Asia (IDA & IBRD),2013,1406
Sub-Saharan Africa (IDA & IBRD countries),2013,1880
Trinidad and Tobago,2013,21305
Tunisia,2013,4370
Turkiye,2013,12636
Tuvalu,2013,3510
Tanzania,2013,963
Uganda,2013,818
Ukraine,2013,4130
Upper middle income,2013,7554
Uruguay,2013,18335
United States,2013,53179
Uzbekistan,2013,2462
St. Vincent and the Grenadines,2013,7072
"Venezuela, RB",2013,8656
Virgin Islands (U.S.),2013,34598
Viet Nam,2013,2360
Vanuatu,2013,2980
World,2013,10740
Samoa,2013,4024
Kosovo,2013,3705
"Yemen, Rep.",2013,1379
South Africa,2013,7332
Zambia,2013,1821
Zimbabwe,2013,1363
Aruba,2014,26130
Africa Eastern and Southern,2014,1690
Afghanistan,2014,625
Africa Western and Central,2014,2221
Angola,2014,5650
Albania,2014,4794
Andorra,2014,44370
Arab World,2014,7338
United Arab Emirates,2014,52725
Argentina,2014,12233
Armenia,2014,3852
American Samoa,2014,12026
Antigua and Barbuda,2014,15532
Australia,2014,62817
Austria,2014,51315
Azerbaijan,2014,7891
Burundi,2014,251
Belgium,2014,47996
Benin,2014,1204
Burkina Faso,2014,765
Bangladesh,2014,1094
Bulgaria,2014,8070
Bahrain,2014,26452
"Bahamas, The",2014,29137
Bosnia and Herzegovina,2014,5206
Belarus,2014,8341
Belize,2014,6128
Bermuda,2014,100962
Bolivia,2014,3041
Brazil,2014,12275
Barbados,2014,20193
Brunei Darussalam,2014,41027
Bhutan,2014,2849
Botswana,2014,7122
Central African Republic,2014,410
Canada,2014,50961
Central Europe and the Baltics,2014,14208
Switzerland,2014,88725
Channel Islands,2014,64698
Chile,2014,14530
China,2014,7781
Cote d'Ivoire,2014,1991
Cameroon,2014,1649
"Congo, Dem. Rep.",2014,489
"Congo, Rep.",2014,3601
Colombia,2014,8187
Comoros,2014,1616
Cabo Verde,2014,3986
Costa Rica,2014,10911
Caribbean small states,2014,14948
Cuba,2014,7147
Curacao,2014,19623
Cayman Islands,2014,75845
Cyprus,2014,26993
Czechia,2014,20038
Germany,2014,48960
Djibouti,2014,2215
Dominica,2014,8132
Denmark,2014,62520
Dominican Republic,2014,6496
Algeria,2014,6095
East Asia & Pacific (excluding high income),2014,6374
Early-demographic dividend,2014,3347
East Asia & Pacific,2014,9794
Europe & Central Asia (excluding high income),2014,7291
Europe & Central Asia,2014,26474
Ecuador,2014,6406
"Egypt, Arab Rep.",2014,3133
Euro area,2014,39979
Spain,2014,29708
Estonia,2014,20582
Ethiopia,2014,550
European Union,2014,35590
Fragile and conflict affected situations,2014,2052
Finland,2014,50074
Fiji,2014,5293
France,2014,43148
Faroe Islands,2014,60172
"Micronesia, Fed. Sts.",2014,2897
Gabon,2014,9201
United Kingdom,2014,47746
Georgia,2014,4830
Ghana,2014,1950
Guinea,2014,765
"Gambia, The",2014,568
Guinea-Bissau,2014,652
Equatorial Guinea,2014,15549
Greece,2014,21475
Grenada,2014,7986
Greenland,2014,50485
Guatemala,2014,3689
Guam,2014,33900
Guyana,2014,5473
High income,2014,39448
"Hong Kong SAR, China",2014,40315
Honduras,2014,2180
Heavily indebted poor countries (HIPC),2014,987
Croatia,2014,14187
Haiti,2014,1460
Hungary,2014,14353
IBRD only,2014,5949
IDA & IBRD total,2014,4802
IDA total,2014,1419
IDA blend,2014,2095
Indonesia,2014,3441
IDA only,2014,1049
Isle of Man,2014,91885
India,2014,1554
Ireland,2014,57215
"Iran, Islamic Rep.",2014,5672
Iraq,2014,6249
Iceland,2014,55140
Israel,2014,38343
Italy,2014,36028
Jamaica,2014,4975
Jordan,2014,4191
Japan,2014,38475
Kazakhstan,2014,12428
Kenya,2014,1483
Kyrgyz Republic,2014,1265
Cambodia,2014,1432
Kiribati,2014,1737
St. Kitts and Nevis,2014,20219
"Korea, Rep.",2014,30667
Kuwait,2014,44369
Latin America & Caribbean (excluding high income),2014,9906
Lao PDR,2014,1981
Lebanon,2014,7578
Liberia,2014,707
Libya,2014,8926
St. Lucia,2014,10045
Latin America & Caribbean,2014,10146
Least developed countries: UN classification,2014,1056
Low income,2014,795
Liechtenstein,2014,178735
Sri Lanka,2014,3972
Lower middle income,2014,1881
Low & middle income,2014,4473
Lesotho,2014,1174
Late-demographic dividend,2014,8923
Lithuania,2014,16446
Luxembourg,2014,123679
Latvia,2014,15186
"Macao SAR, China",2014,88355
St. Martin (French part),2014,20639
Morocco,2014,3435
Monaco,2014,195694
Moldova,2014,3290
Madagascar,2014,506
Maldives,2014,8939
"Middle East, North Africa, Afghanistan & Pakistan",2014,5810
Mexico,2014,11391
Marshall Islands,2014,3735
Middle income,2014,4798
North Macedonia,2014,5925
Mali,2014,948
Malta,2014,27425
Myanmar,2014,1293
"Middle East, North Africa, Afghanistan & Pakistan (excluding high income)",2014,3074
Montenegro,2014,7342
Mongolia,2014,4126
Northern Mariana Islands,2014,15945
Mozambique,2014,697
Mauritania,2014,1713
Mauritius,2014,10490
Malawi,2014,530
Malaysia,2014,11013
North America,2014,54581
Namibia,2014,5378
New Caledonia,2014,37817
Niger,2014,565
Nigeria,2014,3089
Nicaragua,2014,1958
Netherlands,2014,53457
Norway,2014,97667
Nepal,2014,821
Nauru,2014,9230
New Zealand,2014,44618
OECD members,2014,38191
Oman,2014,23161
Other small states,2014,11683
Pakistan,2014,1267
Panama,2014,13213
Peru,2014,6667
Philippines,2014,2867
Palau,2014,13863
Papua New Guinea,2014,2723
Poland,2014,14262
Pre-demographic dividend,2014,1848
Puerto Rico (US),2014,28576
Portugal,2014,22121
Paraguay,2014,6652
West Bank and Gaza,2014,3352
Pacific island small states,2014,3847
Post-demographic dividend,2014,43322
French Polynesia,2014,22259
Qatar,2014,95841
Romania,2014,10032
Russian Federation,2014,14055
Rwanda,2014,725
South Asia,2014,1528
Saudi Arabia,2014,27805
Sudan,2014,1275
Senegal,2014,1399
Singapore,2014,57565
Solomon Islands,2014,2165
Sierra Leone,2014,1118
El Salvador,2014,3666
San Marino,2014,51260
"Somalia, Fed. Rep.",2014,429
Serbia,2014,6887
Sub-Saharan Africa (excluding high income),2014,2058
South Sudan,2014,1243
Sub-Saharan Africa,2014,1907
Small states,2014,11414
Sao Tome and Principe,2014,1490
Suriname,2014,9108
Slovak Republic,2014,18771
Slovenia,2014,24013
Sweden,2014,59583
Eswatini,2014,3771
Sint Maarten (Dutch part),2014,37135
Seychelles,2014,15188
Syrian Arab Republic,2014,1061
Turks and Caicos Islands,2014,27293
Chad,2014,1279
East Asia & Pacific (IDA & IBRD countries),2014,6446
Europe & Central Asia (IDA & IBRD countries),2014,10307
Togo,2014,856
Thailand,2014,5801
Tajikistan,2014,1082
Turkmenistan,2014,7164
Latin America & the Caribbean (IDA & IBRD countries),2014,10059
Timor-Leste,2014,1225
"Middle East, North Africa, Afghanistan & Pakistan (IDA & IBRD)",2014,3072
Tonga,2014,4137
South Asia (IDA & IBRD),2014,1528
Sub-Saharan Africa (IDA & IBRD countries),2014,1907
Trinidad and Tobago,2014,21908
Tunisia,2014,4459
Turkiye,2014,12209
Tuvalu,2014,3529
Tanzania,2014,1023
Uganda,2014,896
Ukraine,2014,3055
Upper middle income,2014,7779
Uruguay,2014,18322
United States,2014,54973
Uzbekistan,2014,2675
St. Vincent and the Grenadines,2014,7169
"Venezuela, RB",2014,7096
Virgin Islands (U.S.),2014,33045
Viet Nam,2014,2546
Vanuatu,2014,2973
World,2014,10886
Samoa,2014,3983
Kosovo,2014,3902
"Yemen, Rep.",2014,1430
South Africa,2014,6857
Zambia,2014,1707
Zimbabwe,2014,1373
Aruba,2015,27458
Africa Eastern and Southern,2015,1499
Afghanistan,2015,566
Africa Western and Central,2015,1861
Angola,2015,3642
Albania,2015,4200
Andorra,2015,38655
Arab World,2015,6291
United Arab Emirates,2015,44910
Argentina,2015,13680
Armenia,2015,3512
American Samoa,2015,12727
Antigua and Barbuda,2015,16078
Australia,2015,56970
Austria,2015,43915
Azerbaijan,2015,5501
Burundi,2015,254
Belgium,2015,40894
Benin,2015,1002
Burkina Faso,2015,630
Bangladesh,2015,1224
Bulgaria,2015,7269
Bahrain,2015,23734
"Bahamas, The",2015,30719
Bosnia and Herzegovina,2015,4662
Belarus,2015,5967
Belize,2015,6155
Bermuda,2015,104855
Bolivia,2015,2996
Brazil,2015,8936
Barbados,2015,20424
Brunei Darussalam,2015,30625
Bhutan,2015,2954
Botswana,2015,6141
Central African Republic,2015,366
Canada,2015,43594
Central Europe and the Baltics,2015,12597
Switzerland,2015,83806
Channel Islands,2015,61848
Chile,2015,13434
China,2015,8175
Cote d'Ivoire,2015,1815
Cameroon,2015,1415
"Congo, Dem. Rep.",2015,496
"Congo, Rep.",2015,2439
Colombia,2015,6249
Comoros,2015,1329
Cabo Verde,2015,3415
Costa Rica,2015,11715
Caribbean small states,2015,14498
Cuba,2015,7728
Curacao,2015,19362
Cayman Islands,2015,76379
Cyprus,2015,23088
Czechia,2015,17932
Germany,2015,41930
Djibouti,2015,2376
Dominica,2015,8283
Denmark,2015,53094
Dominican Republic,2015,6801
Algeria,2015,4685
East Asia & Pacific (excluding high income),2015,6590
Early-demographic dividend,2015,3174
East Asia & Pacific,2015,9692
Europe & Central Asia (excluding high income),2015,6291
Europe & Central Asia,2015,22703
Ecuador,2015,5976
"Egypt, Arab Rep.",2015,3307
Euro area,2015,34471
Spain,2015,25982
Estonia,2015,17722
Ethiopia,2015,598
European Union,2015,30772
Fragile and conflict affected situations,2015,1663
Finland,2015,42560
Fiji,2015,5098
France,2015,36702
Faroe Islands,2015,52637
"Micronesia, Fed. Sts.",2015,2853
Gabon,2015,7047
United Kingdom,2015,45255
Georgia,2015,4087
Ghana,2015,1723
Guinea,2015,747
"Gambia, The",2015,620
Guinea-Bissau,2015,645
Equatorial Guinea,2015,9069
Greece,2015,17981
Grenada,2015,8694
Greenland,2015,44536
Guatemala,2015,3894
Guam,2015,35166
Guyana,2015,5640
High income,2015,36586
"Hong Kong SAR, China",2015,42432
Honduras,2015,2271
Heavily indebted poor countries (HIPC),2015,917
Croatia,2015,12284
Haiti,2015,1411
Hungary,2015,12783
IBRD only,2015,5546
IDA & IBRD total,2015,4474
IDA total,2015,1350
IDA blend,2015,1948
Indonesia,2015,3288
IDA only,2015,1023
Isle of Man,2015,84754
India,2015,1584
Ireland,2015,64250
"Iran, Islamic Rep.",2015,4953
Iraq,2015,4440
Iceland,2015,53506
Israel,2015,36213
Italy,2015,30640
Jamaica,2015,5339
Jordan,2015,4043
Japan,2015,34961
Kazakhstan,2015,10196
Kenya,2015,1489
Kyrgyz Republic,2015,1106
Cambodia,2015,1547
Kiribati,2015,1640
St. Kitts and Nevis,2015,20329
"Korea, Rep.",2015,30172
Kuwait,2015,29882
Latin America & Caribbean (excluding high income),2015,8309
Lao PDR,2015,2121
Lebanon,2015,7714
Liberia,2015,693
Libya,2015,7458
St. Lucia,2015,10335
Latin America & Caribbean,2015,8547
Least developed countries: UN classification,2015,983
Low income,2015,741
Liechtenstein,2015,167187
Sri Lanka,2015,4058
Lower middle income,2015,1848
Low & middle income,2015,4285
Lesotho,2015,1121
Late-demographic dividend,2015,8332
Lithuania,2015,14270
Luxembourg,2015,105462
Latvia,2015,13322
"Macao SAR, China",2015,69903
Morocco,2015,3146
Monaco,2015,170437
Moldova,2015,2750
Madagascar,2015,445
Maldives,2015,9645
"Middle East, North Africa, Afghanistan & Pakistan",2015,5126
Mexico,2015,10021
Marshall Islands,2015,3764
Middle income,2015,4603
North Macedonia,2015,5263
Mali,2015,838
Malta,2015,25530
Myanmar,2015,1167
"Middle East, North Africa, Afghanistan & Pakistan (excluding high income)",2015,2803
Montenegro,2015,6421
Mongolia,2015,3839
Northern Mariana Islands,2015,17665
Mozambique,2015,611
Mauritania,2015,1555
Mauritius,2015,9631
Malawi,2015,540
Malaysia,2015,9649
North America,2015,55286
Namibia,2015,4774
New Caledonia,2015,30859
Niger,2015,486
Nigeria,2015,2586
Nicaragua,2015,2074
Netherlands,2015,45794
Norway,2015,74810
Nepal,2015,876
Nauru,2015,7747
New Zealand,2015,38665
OECD members,2015,35780
Oman,2015,18808
Other small states,2015,10359
Pakistan,2015,1380
Panama,2015,14083
Peru,2015,6232
Philippines,2015,2910
Palau,2015,16154
Papua New Guinea,2015,2485
Poland,2015,12638
Pre-demographic dividend,2015,1525
Puerto Rico (US),2015,29242
Portugal,2015,19216
Paraguay,2015,5879
West Bank and Gaza,2015,3272
Pacific island small states,2015,3723
Post-demographic dividend,2015,40776
French Polynesia,2015,19167
Qatar,2015,68985
Romania,2015,8977
Russian Federation,2015,9278
Rwanda,2015,734
South Asia,2015,1571
Saudi Arabia,2015,23256
Sudan,2015,1292
Senegal,2015,1218
Singapore,2015,55646
Solomon Islands,2015,2045
Sierra Leone,2015,965
El Salvador,2015,3790
San Marino,2015,43147
"Somalia, Fed. Rep.",2015,446
Serbia,2015,5820
Sub-Saharan Africa (excluding high income),2015,1763
South Sudan,2015,1080
Sub-Saharan Africa,2015,1646
Small states,2015,10447
Sao Tome and Principe,2015,1298
Suriname,2015,8814
Slovak Republic,2015,16442
Slovenia,2015,20697
Sweden,2015,51188
Eswatini,2015,3420
Sint Maarten (Dutch part),2015,37840
Seychelles,2015,15333
Syrian Arab Republic,2015,848
Turks and Caicos Islands,2015,29457
Chad,2015,994
East Asia & Pacific (IDA & IBRD countries),2015,6664
Europe & Central Asia (IDA & IBRD countries),2015,8010
Togo,2015,751
Thailand,2015,5689
Tajikistan,2015,957
Turkmenistan,2015,5759
Latin America & the Caribbean (IDA & IBRD countries),2015,8404
Timor-Leste,2015,1320
"Middle East, North Africa, Afghanistan & Pakistan (IDA & IBRD)",2015,2799
Tonga,2015,4124
South Asia (IDA & IBRD),2015,1571
Sub-Saharan Africa (IDA & IBRD countries),2015,1646
Trinidad and Tobago,2015,19887
Tunisia,2015,4015
Turkiye,2015,11065
Tuvalu,2015,3358
Tanzania,2015,939
Uganda,2015,863
Ukraine,2015,2094
Upper middle income,2015,7436
Uruguay,2015,17126
United States,2015,56573
Uzbekistan,2015,2803
St. Vincent and the Grenadines,2015,7354
"Venezuela, RB",2015,4103
Virgin Islands (U.S.),2015,34007
Viet Nam,2015,2578
Vanuatu,2015,2855
World,2015,10162
Samoa,2015,4084
Kosovo,2015,3521
"Yemen, Rep.",2015,1362
South Africa,2015,6112
Zambia,2015,1296
Zimbabwe,2015,1387
Aruba,2016,27442
Africa Eastern and Southern,2016,1334
Afghanistan,2016,522
Africa Western and Central,2016,1630
Angola,2016,2052
Albania,2016,4458
Andorra,2016,40130
Arab World,2016,6042
United Arab Emirates,2016,42721
Argentina,2016,12700
Armenia,2016,3524
American Samoa,2016,12843
Antigua and Barbuda,2016,16557
Australia,2016,50084
Austria,2016,45061
Azerbaijan,2016,3881
Burundi,2016,233
Belgium,2016,41855
Benin,2016,1011
Burkina Faso,2016,664
Bangladesh,2016,1649
Bulgaria,2016,7822
Bahrain,2016,23800
"Bahamas, The",2016,30617
Bosnia and Herzegovina,2016,4929
Belarus,2016,5040
Belize,2016,6141
Bermuda,2016,108747
Bolivia,2016,3036
Brazil,2016,8836
Barbados,2016,20296
Brunei Darussalam,2016,26663
Bhutan,2016,3152
Botswana,2016,6749
Central African Republic,2016,387
Canada,2016,42314
Central Europe and the Baltics,2016,12875
Switzerland,2016,82153
Channel Islands,2016,55948
Chile,2016,13650
China,2016,8255
Cote d'Ivoire,2016,1863
Cameroon,2016,1442
"Congo, Dem. Rep.",2016,460
"Congo, Rep.",2016,2093
Colombia,2016,5960
Comoros,2016,1365
Cabo Verde,2016,3609
Costa Rica,2016,12091
Caribbean small states,2016,13377
Cuba,2016,8111
Curacao,2016,18944
Cayman Islands,2016,77802
Cyprus,2016,24280
Czechia,2016,18754
Germany,2016,42949
Djibouti,2016,2510
Dominica,2016,8803
Denmark,2016,54501
Dominican Republic,2016,7160
Algeria,2016,4425
East Asia & Pacific (excluding high income),2016,6683
Early-demographic dividend,2016,3224
East Asia & Pacific,2016,9965
Europe & Central Asia (excluding high income),2016,5987
Europe & Central Asia,2016,22520
Ecuador,2016,5918
"Egypt, Arab Rep.",2016,3271
Euro area,2016,35228
Spain,2016,26756
Estonia,2016,18666
Ethiopia,2016,642
European Union,2016,31457
Fragile and conflict affected situations,2016,1491
Finland,2016,43451
Fiji,2016,5364
France,2016,37024
Faroe Islands,2016,56875
"Micronesia, Fed. Sts.",2016,2980
Gabon,2016,6677
United Kingdom,2016,41258
Georgia,2016,4143
Ghana,2016,1912
Guinea,2016,712
"Gambia, The",2016,650
Guinea-Bissau,2016,680
Equatorial Guinea,2016,7453
Greece,2016,17919
Grenada,2016,9221
Greenland,2016,48182
Guatemala,2016,4060
Guam,2016,35931
Guyana,2016,5871
High income,2016,37058
"Hong Kong SAR, China",2016,43734
Honduras,2016,2307
Heavily indebted poor countries (HIPC),2016,895
Croatia,2016,12820
Haiti,2016,1318
Hungary,2016,13216
IBRD only,2016,5535
IDA & IBRD total,2016,4447
IDA total,2016,1314
IDA blend,2016,1791
Indonesia,2016,3521
IDA only,2016,1054
Isle of Man,2016,82026
India,2016,1708
Ireland,2016,64130
"Iran, Islamic Rep.",2016,5711
Iraq,2016,4334
Iceland,2016,62854
Israel,2016,37672
Italy,2016,31392
Jamaica,2016,5302
Jordan,2016,3987
Japan,2016,39375
Kazakhstan,2016,7476
Kenya,2016,1554
Kyrgyz Republic,2016,1103
Cambodia,2016,1675
Kiribati,2016,1743
St. Kitts and Nevis,2016,21388
"Korea, Rep.",2016,30832
Kuwait,2016,27324
Latin America & Caribbean (excluding high income),2016,7977
Lao PDR,2016,2303
Lebanon,2016,8089
Liberia,2016,715
Libya,2016,7526
St. Lucia,2016,10638
Latin America & Caribbean,2016,8241
Least developed countries: UN classification,2016,967
Low income,2016,634
Liechtenstein,2016,165375
Sri Lanka,2016,4149
Lower middle income,2016,1895
Low & middle income,2016,4275
Lesotho,2016,992
Late-demographic dividend,2016,8297
Lithuania,2016,14934
Luxembourg,2016,106899
Latvia,2016,13839
"Macao SAR, China",2016,68912
Morocco,2016,3141
Monaco,2016,173605
Moldova,2016,2847
Madagascar,2016,454
Maldives,2016,9948
"Middle East, North Africa, Afghanistan & Pakistan",2016,5126
Mexico,2016,9098
Marshall Islands,2016,4230
Middle income,2016,4606
North Macedonia,2016,5598
Mali,2016,872
Malta,2016,26459
Myanmar,2016,1229
"Middle East, North Africa, Afghanistan & Pakistan (excluding high income)",2016,2863
Montenegro,2016,6968
Mongolia,2016,3620
Northern Mariana Islands,2016,24225
Mozambique,2016,441
Mauritania,2016,1566
Mauritius,2016,10095
Malawi,2016,451
Malaysia,2016,9477
North America,2016,56112
Namibia,2016,4396
New Caledonia,2016,30783
Niger,2016,503
Nigeria,2016,2070
Nicaragua,2016,2132
Netherlands,2016,46809
Norway,2016,70867
Nepal,2016,877
Nauru,2016,8748
New Zealand,2016,40114
OECD members,2016,36229
Oman,2016,17110
Other small states,2016,10813
Pakistan,2016,1425
Panama,2016,14832
Peru,2016,6217
Philippines,2016,2985
Palau,2016,17150
Papua New Guinea,2016,2316
Poland,2016,12464
Pre-demographic dividend,2016,1317
Puerto Rico (US),2016,29978
Portugal,2016,19980
Paraguay,2016,5775
West Bank and Gaza,2016,3528
Pacific island small states,2016,3857
Post-demographic dividend,2016,41502
French Polynesia,2016,19690
Qatar,2016,61254
Romania,2016,9405
Russian Federation,2016,8663
Rwanda,2016,730
South Asia,2016,1723
Saudi Arabia,2016,22268
Sudan,2016,1033
Senegal,2016,1266
Singapore,2016,57006
Solomon Islands,2016,2083
Sierra Leone,2016,844
El Salvador,2016,3901
San Marino,2016,44359
"Somalia, Fed. Rep.",2016,461
Serbia,2016,5982
Sub-Saharan Africa (excluding high income),2016,1545
Sub-Saharan Africa,2016,1455
Small states,2016,10486
Sao Tome and Principe,2016,1435
Suriname,2016,5644
Slovak Republic,2016,16636
Slovenia,2016,21448
Sweden,2016,51704
Eswatini,2016,3238
Sint Maarten (Dutch part),2016,37309
Seychelles,2016,16567
Syrian Arab Republic,2016,656
Turks and Caicos Islands,2016,31374
Chad,2016,862
East Asia & Pacific (IDA & IBRD countries),2016,6759
Europe & Central Asia (IDA & IBRD countries),2016,7660
Togo,2016,773
Thailand,2016,5834
Tajikistan,2016,789
Turkmenistan,2016,5687
Latin America & the Caribbean (IDA & IBRD countries),2016,8082
Timor-Leste,2016,1336
"Middle East, North Africa, Afghanistan & Pakistan (IDA & IBRD)",2016,2859
Tonga,2016,3988
South Asia (IDA & IBRD),2016,1723
Sub-Saharan Africa (IDA & IBRD countries),2016,1455
Trinidad and Tobago,2016,17449
Tunisia,2016,3848
Turkiye,2016,10984
Tuvalu,2016,3809
Tanzania,2016,953
Uganda,2016,753
Ukraine,2016,2158
Upper middle income,2016,7413
Uruguay,2016,17010
United States,2016,57638
Uzbekistan,2016,2753
St. Vincent and the Grenadines,2016,7657
"Venezuela, RB",2016,3670
Virgin Islands (U.S.),2016,35325
Viet Nam,2016,2735
Vanuatu,2016,2956
World,2016,10205
Samoa,2016,4147
Kosovo,2016,3759
"Yemen, Rep.",2016,975
South Africa,2016,5651
Zambia,2016,1239
Zimbabwe,2016,1408
Aruba,2017,28440
Africa Eastern and Southern,2017,1528
Afghanistan,2017,525
Africa Western and Central,2017,1574
Angola,2017,2791
Albania,2017,5006
Andorra,2017,40673
Arab World,2017,6097
United Arab Emirates,2017,43734
Argentina,2017,14533
Armenia,2017,3869
American Samoa,2017,11864
Antigua and Barbuda,2017,16966
Australia,2017,54118
Austria,2017,47164
Azerbaijan,2017,4147
Burundi,2017,246
Belgium,2017,44035
Benin,2017,1055
Burkina Faso,2017,709
Bangladesh,2017,1811
Bulgaria,2017,8697
Bahrain,2017,24785
"Bahamas, The",2017,31875
Bosnia and Herzegovina,2017,5345
Belarus,2017,5786
Belize,2017,6072
Bermuda,2017,112339
Bolivia,2017,4048
Brazil,2017,10081
Barbados,2017,20285
Brunei Darussalam,2017,28024
Bhutan,2017,3435
Botswana,2017,7105
Central African Republic,2017,432
Canada,2017,45130
Central Europe and the Baltics,2017,14340
Switzerland,2017,82254
Channel Islands,2017,55806
Chile,2017,14880
China,2017,8980
Cote d'Ivoire,2017,1964
Cameroon,2017,1496
"Congo, Dem. Rep.",2017,431
"Congo, Rep.",2017,2212
Colombia,2017,6480
Comoros,2017,1424
Cabo Verde,2017,3893
Costa Rica,2017,12317
Caribbean small states,2017,13671
Cuba,2017,8611
Curacao,2017,18938
Cayman Islands,2017,80054
Cyprus,2017,26247
Czechia,2017,20913
Germany,2017,45554
Djibouti,2017,2619
Dominica,2017,8225
Denmark,2017,57522
Dominican Republic,2017,7413
Algeria,2017,4555
East Asia & Pacific (excluding high income),2017,7242
Early-demographic dividend,2017,3458
East Asia & Pacific,2017,10566
Europe & Central Asia (excluding high income),2017,6138
Europe & Central Asia,2017,23814
Ecuador,2017,6233
"Egypt, Arab Rep.",2017,2395
Euro area,2017,37244
Spain,2017,28381
Estonia,2017,20852
Ethiopia,2017,696
European Union,2017,33395
Fragile and conflict affected situations,2017,1550
Finland,2017,46085
Fiji,2017,5827
France,2017,38687
Faroe Islands,2017,59387
"Micronesia, Fed. Sts.",2017,3279
Gabon,2017,6922
United Kingdom,2017,40917
Georgia,2017,4419
Ghana,2017,2012
Guinea,2017,834
"Gambia, The",2017,643
Guinea-Bissau,2017,783
Equatorial Guinea,2017,7809
Greece,2017,18632
Grenada,2017,9751
Greenland,2017,50766
Guatemala,2017,4325
Guam,2017,36779
Guyana,2017,6179
High income,2017,38777
"Hong Kong SAR, China",2017,46160
Honduras,2017,2413
Heavily indebted poor countries (HIPC),2017,943
Croatia,2017,13902
Haiti,2017,1395
Hungary,2017,14736
IBRD only,2017,6053
IDA & IBRD total,2017,4832
IDA total,2017,1355
IDA blend,2017,1805
Indonesia,2017,3799
IDA only,2017,1111
Isle of Man,2017,83481
India,2017,1950
Ireland,2017,72161
"Iran, Islamic Rep.",2017,6001
Iraq,2017,4759
Iceland,2017,72976
Israel,2017,41138
Italy,2017,32844
Jamaica,2017,5605
Jordan,2017,4066
Japan,2017,38834
Kazakhstan,2017,8943
Kenya,2017,1667
Kyrgyz Republic,2017,1221
Cambodia,2017,1826
Kiribati,2017,1853
St. Kitts and Nevis,2017,22465
"Korea, Rep.",2017,33297
Kuwait,2017,29048
Latin America & Caribbean (excluding high income),2017,8828
Lao PDR,2017,2432
Lebanon,2017,8608
Liberia,2017,699
Libya,2017,9966
St. Lucia,2017,11333
Latin America & Caribbean,2017,9066
Least developed countries: UN classification,2017,1035
Low income,2017,635
Liechtenstein,2017,170547
Sri Lanka,2017,4399
Lower middle income,2017,2026
Low & middle income,2017,4615
Lesotho,2017,1069
Late-demographic dividend,2017,9138
Lithuania,2017,16800
Luxembourg,2017,110193
Latvia,2017,15132
"Macao SAR, China",2017,77571
Morocco,2017,3297
Monaco,2017,170663
Moldova,2017,3453
Madagascar,2017,492
Maldives,2017,10510
"Middle East, North Africa, Afghanistan & Pakistan",2017,5279
Mexico,2017,9649
Marshall Islands,2017,4593
Middle income,2017,4982
North Macedonia,2017,5955
Mali,2017,924
Malta,2017,30317
Myanmar,2017,1273
"Middle East, North Africa, Afghanistan & Pakistan (excluding high income)",2017,2860
Montenegro,2017,7674
Mongolia,2017,3646
Northern Mariana Islands,2017,31226
Mozambique,2017,471
Mauritania,2017,1615
Mauritius,2017,10987
Malawi,2017,496
Malaysia,2017,9863
North America,2017,58185
Namibia,2017,5144
New Caledonia,2017,32355
Niger,2017,522
Nigeria,2017,1876
Nicaragua,2017,2183
Netherlands,2017,49514
Norway,2017,76132
Nepal,2017,1034
Nauru,2017,9657
New Zealand,2017,42950
OECD members,2017,37605
Oman,2017,17820
Other small states,2017,11951
Pakistan,2017,1519
Panama,2017,15695
Peru,2017,6736
Philippines,2017,3038
Palau,2017,16402
Papua New Guinea,2017,2478
Poland,2017,13913
Pre-demographic dividend,2017,1339
Puerto Rico (US),2017,30328
Portugal,2017,21442
Paraguay,2017,6152
West Bank and Gaza,2017,3620
Pacific island small states,2017,4100
Post-demographic dividend,2017,43114
French Polynesia,2017,20827
Qatar,2017,63280
Romania,2017,10728
Russian Federation,2017,10659
Rwanda,2017,758
South Asia,2017,1956
Saudi Arabia,2017,23929
Sudan,2017,967
Senegal,2017,1357
Singapore,2017,61236
Solomon Islands,2017,2144
Sierra Leone,2017,779
El Salvador,2017,4020
San Marino,2017,45192
"Somalia, Fed. Rep.",2017,511
Serbia,2017,6548
Sub-Saharan Africa (excluding high income),2017,1641
Sub-Saharan Africa,2017,1547
Small states,2017,11305
Sao Tome and Principe,2017,1556
Suriname,2017,6050
Slovak Republic,2017,17646
Slovenia,2017,23303
Sweden,2017,53210
Eswatini,2017,3853
Sint Maarten (Dutch part),2017,34701
Seychelles,2017,17480
Syrian Arab Republic,2017,852
Turks and Caicos Islands,2017,30014
Chad,2017,854
East Asia & Pacific (IDA & IBRD countries),2017,7324
Europe & Central Asia (IDA & IBRD countries),2017,8575
Togo,2017,793
Thailand,2017,6413
Tajikistan,2017,829
Turkmenistan,2017,5828
Latin America & the Caribbean (IDA & IBRD countries),2017,8918
Timor-Leste,2017,1266
"Middle East, North Africa, Afghanistan & Pakistan (IDA & IBRD)",2017,2855
Tonga,2017,4366
South Asia (IDA & IBRD),2017,1956
Sub-Saharan Africa (IDA & IBRD countries),2017,1547
Trinidad and Tobago,2017,17566
Tunisia,2017,3619
Turkiye,2017,10756
Tuvalu,2017,4166
Tanzania,2017,987
Uganda,2017,765
Ukraine,2017,2604
Upper middle income,2017,8064
Uruguay,2017,19185
United States,2017,59635
Uzbekistan,2017,2191
St. Vincent and the Grenadines,2017,7988
"Venezuela, RB",2017,3791
Virgin Islands (U.S.),2017,35365
Viet Nam,2017,2956
Vanuatu,2017,3160
World,2017,10748
Samoa,2017,4308
Kosovo,2017,4009
"Yemen, Rep.",2017,811
South Africa,2017,6618
Zambia,2017,1483
Zimbabwe,2017,3445
Aruba,2018,30082
Africa Eastern and Southern,2018,1552
Afghanistan,2018,491
Africa Western and Central,2018,1720
Angola,2018,2860
Albania,2018,5898
Andorra,2018,42820
Arab World,2018,6699
United Arab Emirates,2018,47135
Argentina,2018,11753
Armenia,2018,4196
American Samoa,2018,12552
Antigua and Barbuda,2018,18273
Australia,2018,57410
Austria,2018,51194
Azerbaijan,2018,4740
Burundi,2018,246
Belgium,2018,47487
Benin,2018,1152
Burkina Faso,2018,777
Bangladesh,2018,1965
Bulgaria,2018,9849
Bahrain,2018,26324
"Bahamas, The",2018,32642
Bosnia and Herzegovina,2018,6048
Belarus,2018,6360
Belize,2018,6012
Bermuda,2018,113205
Bolivia,2018,4207
Brazil,2018,9301
Barbados,2018,21381
Brunei Darussalam,2018,30988
Bhutan,2018,3400
Botswana,2018,7408
Central African Republic,2018,455
Canada,2018,46539
Central Europe and the Baltics,2018,16227
Switzerland,2018,85217
Channel Islands,2018,60785
Chile,2018,15659
China,2018,10086
Cote d'Ivoire,2018,2131
Cameroon,2018,1611
"Congo, Dem. Rep.",2018,518
"Congo, Rep.",2018,2694
Colombia,2018,6817
Comoros,2018,1527
Cabo Verde,2018,4295
Costa Rica,2018,12590
Caribbean small states,2018,13897
Cuba,2018,8911
Curacao,2018,19119
Cayman Islands,2018,83866
Cyprus,2018,29120
Czechia,2018,23706
Germany,2018,48916
Djibouti,2018,2718
Dominica,2018,9215
Denmark,2018,61325
Dominican Republic,2018,7883
Algeria,2018,4577
East Asia & Pacific (excluding high income),2018,8046
Early-demographic dividend,2018,3464
East Asia & Pacific,2018,11439
Europe & Central Asia (excluding high income),2018,5996
Europe & Central Asia,2018,25409
Ecuador,2018,6304
"Egypt, Arab Rep.",2018,2485
Euro area,2018,40108
Spain,2018,30602
Estonia,2018,23618
Ethiopia,2018,740
European Union,2018,36055
Fragile and conflict affected situations,2018,1635
Finland,2018,49654
Fiji,2018,6085
France,2018,41418
Faroe Islands,2018,62526
"Micronesia, Fed. Sts.",2018,3567
Gabon,2018,7624
United Kingdom,2018,43703
Georgia,2018,4804
Ghana,2018,2195
Guinea,2018,933
"Gambia, The",2018,696
Guinea-Bissau,2018,809
Equatorial Guinea,2018,8102
Greece,2018,19873
Grenada,2018,10083
Greenland,2018,54545
Guatemala,2018,4353
Guam,2018,37196
Guyana,2018,6048
High income,2018,41095
"Hong Kong SAR, China",2018,48538
Honduras,2018,2465
Heavily indebted poor countries (HIPC),2018,985
Croatia,2018,15460
Haiti,2018,1496
Hungary,2018,16605
IBRD only,2018,6394
IDA & IBRD total,2018,5086
IDA total,2018,1409
IDA blend,2018,1869
Indonesia,2018,3861
IDA only,2018,1159
Isle of Man,2018,89394
India,2018,1966
Ireland,2018,80804
"Iran, Islamic Rep.",2018,4783
Iraq,2018,5647
Iceland,2018,75634
Israel,2018,42363
Italy,2018,34904
Jamaica,2018,5977
Jordan,2018,4145
Japan,2018,39751
Kazakhstan,2018,9472
Kenya,2018,1836
Kyrgyz Republic,2018,1284
Cambodia,2018,2037
Kiribati,2018,1913
St. Kitts and Nevis,2018,22901
"Korea, Rep.",2018,35364
Kuwait,2018,32068
Latin America & Caribbean (excluding high income),2018,8484
Lao PDR,2018,2545
Lebanon,2018,9175
Liberia,2018,692
Libya,2018,11197
St. Lucia,2018,11643
Latin America & Caribbean,2018,8778
Least developed countries: UN classification,2018,1081
Low income,2018,646
Liechtenstein,2018,174989
Sri Lanka,2018,4359
Lower middle income,2018,2085
Low & middle income,2018,4854
Lesotho,2018,1171
Late-demographic dividend,2018,9967
Lithuania,2018,19247
Luxembourg,2018,116927
Latvia,2018,17252
"Macao SAR, China",2018,83588
Morocco,2018,3502
Monaco,2018,188298
Moldova,2018,4156
Madagascar,2018,500
Maldives,2018,11423
"Middle East, North Africa, Afghanistan & Pakistan",2018,5546
Mexico,2018,10085
Marshall Islands,2018,4858
Middle income,2018,5248
North Macedonia,2018,6714
Mali,2018,996
Malta,2018,33382
Myanmar,2018,1298
"Middle East, North Africa, Afghanistan & Pakistan (excluding high income)",2018,2809
Montenegro,2018,8674
Mongolia,2018,4108
Northern Mariana Islands,2018,26509
Mozambique,2018,518
Mauritania,2018,1723
Mauritius,2018,11819
Malawi,2018,533
Malaysia,2018,10902
North America,2018,60891
Namibia,2018,5309
New Caledonia,2018,34903
Niger,2018,579
Nigeria,2018,2058
Nicaragua,2018,2035
Netherlands,2018,53955
Norway,2018,82793
Nepal,2018,1179
Nauru,2018,11414
New Zealand,2018,43257
OECD members,2018,39553
Oman,2018,19902
Other small states,2018,13026
Pakistan,2018,1569
Panama,2018,16151
Peru,2018,6978
Philippines,2018,3169
Palau,2018,16167
Papua New Guinea,2018,2566
Poland,2018,15658
Pre-demographic dividend,2018,1450
Puerto Rico (US),2018,30680
Portugal,2018,23541
Paraguay,2018,6258
West Bank and Gaza,2018,3562
Pacific island small states,2018,4247
Post-demographic dividend,2018,45536
French Polynesia,2018,21926
Qatar,2018,71040
Romania,2018,12416
Russian Federation,2018,11212
Rwanda,2018,772
South Asia,2018,1988
Saudi Arabia,2018,29360
Sudan,2018,731
Senegal,2018,1453
Singapore,2018,66882
Solomon Islands,2018,2278
Sierra Leone,2018,846
El Salvador,2018,4184
San Marino,2018,47951
"Somalia, Fed. Rep.",2018,509
Serbia,2018,7560
Sub-Saharan Africa (excluding high income),2018,1718
Sub-Saharan Africa,2018,1621
Small states,2018,12058
Sao Tome and Principe,2018,1826
Suriname,2018,6666
Slovak Republic,2018,19573
Slovenia,2018,25888
Sweden,2018,54018
Eswatini,2018,3973
Sint Maarten (Dutch part),2018,31708
Seychelles,2018,18440
Syrian Arab Republic,2018,1098
Turks and Caicos Islands,2018,31626
Chad,2018,949
East Asia & Pacific (IDA & IBRD countries),2018,8136
Europe & Central Asia (IDA & IBRD countries),2018,8912
Togo,2018,851
Thailand,2018,7100
Tajikistan,2018,834
Turkmenistan,2018,6125
Latin America & the Caribbean (IDA & IBRD countries),2018,8620
Timor-Leste,2018,1219
"Middle East, North Africa, Afghanistan & Pakistan (IDA & IBRD)",2018,2804
Tonga,2018,4675
South Asia (IDA & IBRD),2018,1988
Sub-Saharan Africa (IDA & IBRD countries),2018,1621
Trinidad and Tobago,2018,17571
Tunisia,2018,3628
Turkiye,2018,9684
Tuvalu,2018,4466
Tanzania,2018,1023
Uganda,2018,792
Ukraine,2018,3059
Upper middle income,2018,8569
Uruguay,2018,19250
United States,2018,62500
Uzbekistan,2018,1813
St. Vincent and the Grenadines,2018,8428
"Venezuela, RB",2018,3423
Virgin Islands (U.S.),2018,36663
Viet Nam,2018,3222
Vanuatu,2018,3207
World,2018,11309
Samoa,2018,4232
Kosovo,2018,4384
"Yemen, Rep.",2018,634
South Africa,2018,6914
Zambia,2018,1464
Zimbabwe,2018,2271
Aruba,2019,30646
Africa Eastern and Southern,2019,1507
Afghanistan,2019,497
Africa Western and Central,2019,2216
Angola,2019,2494
Albania,2019,6069
Andorra,2019,41258
Arab World,2019,6674
United Arab Emirates,2019,45939
Argentina,2019,9956
Armenia,2019,4597
American Samoa,2019,12886
Antigua and Barbuda,2019,18896
Australia,2019,55195
Austria,2019,49886
Azerbaijan,2019,4806
Burundi,2019,234
Belgium,2019,46717
Benin,2019,1131
Burkina Faso,2019,765
Bangladesh,2019,2130
Bulgaria,2019,10354
Bahrain,2019,27260
"Bahamas, The",2019,33640
Bosnia and Herzegovina,2019,6122
Belarus,2019,6838
Belize,2019,6172
Bermuda,2019,115798
Bolivia,2019,4203
Brazil,2019,9030
Barbados,2019,21912
Brunei Darussalam,2019,30427
Bhutan,2019,3577
Botswana,2019,7172
Central African Republic,2019,449
Canada,2019,46353
Central Europe and the Baltics,2019,16535
Switzerland,2019,84122
Channel Islands,2019,60565
Chile,2019,14496
China,2019,10343
Cote d'Ivoire,2019,2142
Cameroon,2019,1555
"Congo, Dem. Rep.",2019,504
"Congo, Rep.",2019,2488
Colombia,2019,6473
Comoros,2019,1510
Cabo Verde,2019,4381
Costa Rica,2019,12885
Caribbean small states,2019,13996
Cuba,2019,9232
Curacao,2019,19221
Cayman Islands,2019,88254
Cyprus,2019,29227
Czechia,2019,24063
Germany,2019,47656
Djibouti,2019,2837
Dominica,2019,9491
Denmark,2019,59404
Dominican Republic,2019,8183
Algeria,2019,4468
East Asia & Pacific (excluding high income),2019,8286
Early-demographic dividend,2019,3483
East Asia & Pacific,2019,11623
Europe & Central Asia (excluding high income),2019,6069
Europe & Central Asia,2019,25021
Ecuador,2019,6205
"Egypt, Arab Rep.",2019,2963
Euro area,2019,39221
Spain,2019,29787
Estonia,2019,24021
Ethiopia,2019,793
European Union,2019,35374
Fragile and conflict affected situations,2019,1862
Finland,2019,48358
Fiji,2019,5842
France,2019,40408
Faroe Islands,2019,63068
"Micronesia, Fed. Sts.",2019,3573
Gabon,2019,7441
United Kingdom,2019,43159
Georgia,2019,4741
Ghana,2019,2187
Guinea,2019,1031
"Gambia, The",2019,738
Guinea-Bissau,2019,811
Equatorial Guinea,2019,6804
Greece,2019,19335
Grenada,2019,10463
Greenland,2019,53309
Guatemala,2019,4512
Guam,2019,39275
Guyana,2019,6406
High income,2019,41342
"Hong Kong SAR, China",2019,48359
Honduras,2019,2502
Heavily indebted poor countries (HIPC),2019,984
Croatia,2019,15564
Haiti,2019,1352
Hungary,2019,17013
IBRD only,2019,6476
IDA & IBRD total,2019,5168
IDA total,2019,1544
IDA blend,2019,2206
Indonesia,2019,4107
IDA only,2019,1186
Isle of Man,2019,87128
India,2019,2041
Ireland,2019,81828
"Iran, Islamic Rep.",2019,3997
Iraq,2019,5672
Iceland,2019,69296
Israel,2019,44251
Italy,2019,33813
Jamaica,2019,6031
Jordan,2019,4170
Japan,2019,40416
Kazakhstan,2019,9457
Kenya,2019,1960
Kyrgyz Republic,2019,1422
Cambodia,2019,2226
Kiribati,2019,1751
St. Kitts and Nevis,2019,23595
"Korea, Rep.",2019,33827
Kuwait,2019,31708
Latin America & Caribbean (excluding high income),2019,8283
Lao PDR,2019,2589
Lebanon,2019,8906
Liberia,2019,658
Libya,2019,9963
St. Lucia,2019,11794
Latin America & Caribbean,2019,8539
Least developed countries: UN classification,2019,1105
Low income,2019,646
Liechtenstein,2019,166908
Sri Lanka,2019,4082
Lower middle income,2019,2229
Low & middle income,2019,4943
Lesotho,2019,1082
Late-demographic dividend,2019,10120
Lithuania,2019,19609
Luxembourg,2019,112697
Latvia,2019,17295
"Macao SAR, China",2019,81883
St. Martin (French part),2019,19033
Morocco,2019,3508
Monaco,2019,193747
Moldova,2019,4405
Madagascar,2019,500
Maldives,2019,11740
"Middle East, North Africa, Afghanistan & Pakistan",2019,5412
Mexico,2019,10370
Marshall Islands,2019,5292
Middle income,2019,5354
North Macedonia,2019,6719
Mali,2019,972
Malta,2019,32422
Myanmar,2019,1426
"Middle East, North Africa, Afghanistan & Pakistan (excluding high income)",2019,2696
Montenegro,2019,8749
Mongolia,2019,4348
Northern Mariana Islands,2019,24497
Mozambique,2019,519
Mauritania,2019,1767
Mauritius,2019,11568
Malawi,2019,581
Malaysia,2019,10920
North America,2019,62875
Namibia,2019,4732
New Caledonia,2019,33411
Niger,2019,562
Nigeria,2019,3190
Nicaragua,2019,1959
Netherlands,2019,53555
Norway,2019,76431
Nepal,2019,1203
Nauru,2019,10802
New Zealand,2019,42856
OECD members,2019,39709
Oman,2019,19180
Other small states,2019,12908
Pakistan,2019,1390
Panama,2019,16478
Peru,2019,7037
Philippines,2019,3401
Palau,2019,15847
Papua New Guinea,2019,2576
Poland,2019,15875
Pre-demographic dividend,2019,1681
Puerto Rico (US),2019,31831
Portugal,2019,23343
Paraguay,2019,5821
West Bank and Gaza,2019,3657
Pacific island small states,2019,4136
Post-demographic dividend,2019,45840
French Polynesia,2019,21583
Qatar,2019,66841
Romania,2019,12910
Russian Federation,2019,11448
Rwanda,2019,810
South Asia,2019,2067
Saudi Arabia,2019,29567
Sudan,2019,710
Senegal,2019,1431
Singapore,2019,65952
Solomon Islands,2019,2224
Sierra Leone,2019,844
El Salvador,2019,4320
San Marino,2019,46630
"Somalia, Fed. Rep.",2019,540
Serbia,2019,7756
Sub-Saharan Africa (excluding high income),2019,1907
Sub-Saharan Africa,2019,1796
Small states,2019,11990
Sao Tome and Principe,2019,1935
Suriname,2019,6630
Slovak Republic,2019,19406
Slovenia,2019,25814
Sweden,2019,51649
Eswatini,2019,3913
Sint Maarten (Dutch part),2019,34861
Seychelles,2019,19142
Syrian Arab Republic,2019,1110
Turks and Caicos Islands,2019,31781
Chad,2019,893
East Asia & Pacific (IDA & IBRD countries),2019,8379
Europe & Central Asia (IDA & IBRD countries),2019,9059
Togo,2019,826
Thailand,2019,7606
Tajikistan,2019,871
Turkmenistan,2019,5998
Latin America & the Caribbean (IDA & IBRD countries),2019,8363
Timor-Leste,2019,1562
"Middle East, North Africa, Afghanistan & Pakistan (IDA & IBRD)",2019,2689
Tonga,2019,4789
South Asia (IDA & IBRD),2019,2067
Sub-Saharan Africa (IDA & IBRD countries),2019,1796
Trinidad and Tobago,2019,17213
Tunisia,2019,3529
Turkiye,2019,9395
Tuvalu,2019,5115
Tanzania,2019,1063
Uganda,2019,822
Ukraine,2019,3620
Upper middle income,2019,8658
Uruguay,2019,18316
United States,2019,64746
Uzbekistan,2019,2041
St. Vincent and the Grenadines,2019,8741
"Venezuela, RB",2019,2523
Virgin Islands (U.S.),2019,38634
Viet Nam,2019,3441
Vanuatu,2019,3207
World,2019,11376
Samoa,2019,4352
Kosovo,2019,4416
South Africa,2019,6534
Zambia,2019,1259
Zimbabwe,2019,2184
Aruba,2020,22760
Africa Eastern and Southern,2020,1352
Afghanistan,2020,511
Africa Western and Central,2020,2031
Angola,2020,1759
Albania,2020,6028
Andorra,2020,37361
Arab World,2020,5739
United Arab Emirates,2020,37992
Argentina,2020,8536
Armenia,2020,4269
American Samoa,2020,14489
Antigua and Barbuda,2020,15370
Australia,2020,51983
Austria,2020,48716
Azerbaijan,2020,4230
Burundi,2020,256
Belgium,2020,45906
Benin,2020,1200
Burkina Faso,2020,825
Bangladesh,2020,2249
Bulgaria,2020,10760
Bahrain,2020,24343
"Bahamas, The",2020,26179
Bosnia and Herzegovina,2020,6130
Belarus,2020,6543
Belize,2020,5239
Bermuda,2020,106977
Bolivia,2020,3581
Brazil,2020,7074
Barbados,2020,19194
Brunei Darussalam,2020,26834
Bhutan,2020,3192
Botswana,2020,6323
Central African Republic,2020,463
Canada,2020,43538
Central Europe and the Baltics,2020,16581
Switzerland,2020,85898
Channel Islands,2020,56786
Chile,2020,13115
China,2020,10627
Cote d'Ivoire,2020,2180
Cameroon,2020,1556
"Congo, Dem. Rep.",2020,486
"Congo, Rep.",2020,1994
Colombia,2020,5340
Comoros,2020,1519
Cabo Verde,2020,3539
Costa Rica,2020,12394
Caribbean small states,2020,11957
Cuba,2020,9605
Curacao,2020,16300
Cayman Islands,2020,82339
Cyprus,2020,28130
Czechia,2020,23473
Germany,2020,47395
Djibouti,2020,2845
Dominica,2020,7828
Denmark,2020,60985
Dominican Republic,2020,7135
Algeria,2020,3744
East Asia & Pacific (excluding high income),2020,8391
Early-demographic dividend,2020,3187
East Asia & Pacific,2020,11639
Europe & Central Asia (excluding high income),2020,5776
Europe & Central Asia,2020,24167
Ecuador,2020,5464
"Egypt, Arab Rep.",2020,3511
Euro area,2020,38237
Spain,2020,27234
Estonia,2020,23934
Ethiopia,2020,830
European Union,2020,34695
Fragile and conflict affected situations,2020,1618
Finland,2020,48829
Fiji,2020,4621
France,2020,39170
Faroe Islands,2020,62243
"Micronesia, Fed. Sts.",2020,3362
Gabon,2020,6606
United Kingdom,2020,40813
Georgia,2020,4301
Ghana,2020,2195
Guinea,2020,1054
"Gambia, The",2020,720
Guinea-Bissau,2020,847
Equatorial Guinea,2020,5764
Greece,2020,17887
Grenada,2020,8969
Greenland,2020,54813
Guatemala,2020,4478
Guam,2020,36483
Guyana,2020,6776
High income,2020,40108
"Hong Kong SAR, China",2020,46109
Honduras,2020,2308
Heavily indebted poor countries (HIPC),2020,963
Croatia,2020,14808
Haiti,2020,1290
Hungary,2020,16387
IBRD only,2020,6192
IDA & IBRD total,2020,4924
IDA total,2020,1465
IDA blend,2020,2009
Indonesia,2020,3854
IDA only,2020,1171
Isle of Man,2020,79514
India,2020,1907
Ireland,2020,86514
"Iran, Islamic Rep.",2020,3203
Iraq,2020,4295
Iceland,2020,60128
Israel,2020,44576
Italy,2020,32091
Jamaica,2020,5299
Jordan,2020,4022
Japan,2020,40029
Kazakhstan,2020,8782
Kenya,2020,1928
Kyrgyz Republic,2020,1230
Cambodia,2020,2082
Kiribati,2020,1752
St. Kitts and Nevis,2020,18859
"Korea, Rep.",2020,33646
Kuwait,2020,25236
Latin America & Caribbean (excluding high income),2020,6904
Lao PDR,2020,2584
Lebanon,2020,5561
Liberia,2020,617
Libya,2020,6650
St. Lucia,2020,8411
Latin America & Caribbean,2020,7169
Least developed countries: UN classification,2020,1089
Low income,2020,605
Liechtenstein,2020,164671
Sri Lanka,2020,3848
Lower middle income,2020,2122
Low & middle income,2020,4733
Lesotho,2020,919
Late-demographic dividend,2020,9874
Lithuania,2020,20429
Luxembourg,2020,116860
Latvia,2020,17564
"Macao SAR, China",2020,36884
Morocco,2020,3268
Monaco,2020,176892
Moldova,2020,4376
Madagascar,2020,451
Maldives,2020,7394
"Middle East, North Africa, Afghanistan & Pakistan",2020,4743
Mexico,2020,8841
Marshall Islands,2020,5662
Middle income,2020,5135
North Macedonia,2020,6660
Mali,2020,953
Malta,2020,31823
Myanmar,2020,1490
"Middle East, North Africa, Afghanistan & Pakistan (excluding high income)",2020,2408
Montenegro,2020,7539
Mongolia,2020,4001
Northern Mariana Islands,2020,18221
Mozambique,2020,462
Mauritania,2020,1796
Mauritius,2020,9136
Malawi,2020,603
Malaysia,2020,9958
North America,2020,61468
Namibia,2020,3879
New Caledonia,2020,33270
Niger,2020,580
Nigeria,2020,2797
Nicaragua,2020,1938
Netherlands,2020,53468
Norway,2020,68340
Nepal,2020,1154
Nauru,2020,10709
New Zealand,2020,41998
OECD members,2020,38597
Oman,2020,16785
Other small states,2020,11770
Pakistan,2020,1278
Panama,2020,13291
Peru,2020,6133
Philippines,2020,3228
Palau,2020,14708
Papua New Guinea,2020,2430
Poland,2020,16151
Pre-demographic dividend,2020,1496
Puerto Rico (US),2020,31427
Portugal,2020,22299
Paraguay,2020,5365
West Bank and Gaza,2020,3234
Pacific island small states,2020,3592
Post-demographic dividend,2020,44744
French Polynesia,2020,19966
Qatar,2020,51684
Romania,2020,13009
Russian Federation,2020,10108
Rwanda,2020,779
South Asia,2020,1957
Saudi Arabia,2020,24339
Sudan,2020,578
Senegal,2020,1461
Singapore,2020,61410
Solomon Islands,2020,2063
Sierra Leone,2020,845
El Salvador,2020,3997
San Marino,2020,44327
"Somalia, Fed. Rep.",2020,518
Serbia,2020,8099
Sub-Saharan Africa (excluding high income),2020,1717
Sub-Saharan Africa,2020,1627
Small states,2020,10723
Sao Tome and Principe,2020,2167
Suriname,2020,4755
Slovak Republic,2020,19735
Slovenia,2020,25392
Sweden,2020,52569
Eswatini,2020,3467
Sint Maarten (Dutch part),2020,30151
Seychelles,2020,14041
Syrian Arab Republic,2020,572
Turks and Caicos Islands,2020,20691
Chad,2020,867
East Asia & Pacific (IDA & IBRD countries),2020,8485
Europe & Central Asia (IDA & IBRD countries),2020,8478
Togo,2020,863
Thailand,2020,6986
Tajikistan,2020,834
Turkmenistan,2020,5973
Latin America & the Caribbean (IDA & IBRD countries),2020,6964
Timor-Leste,2020,1631
"Middle East, North Africa, Afghanistan & Pakistan (IDA & IBRD)",2020,2403
Tonga,2020,4792
South Asia (IDA & IBRD),2020,1957
Sub-Saharan Africa (IDA & IBRD countries),2020,1627
Trinidad and Tobago,2020,15284
Tunisia,2020,3549
Turkiye,2020,8798
Tuvalu,2020,4976
Tanzania,2020,1117
Uganda,2020,846
Ukraine,2020,3710
Upper middle income,2020,8346
Uruguay,2020,15758
United States,2020,63516
Uzbekistan,2020,1978
St. Vincent and the Grenadines,2020,8351
"Venezuela, RB",2020,1506
Virgin Islands (U.S.),2020,39787
Viet Nam,2020,3534
Vanuatu,2020,3043
World,2020,10938
Samoa,2020,4100
Kosovo,2020,4311
South Africa,2020,5581
Zambia,2020,952
Zimbabwe,2020,2060
Aruba,2021,26749
Africa Eastern and Southern,2021,1562
Afghanistan,2021,356
Africa Western and Central,2021,2113
Angola,2021,2304
Albania,2021,7242
Andorra,2021,42426
Arab World,2021,6697
United Arab Emirates,2021,44119
Argentina,2021,10738
Armenia,2021,4685
American Samoa,2021,15236
Antigua and Barbuda,2021,17349
Australia,2021,60759
Austria,2021,53649
Azerbaijan,2021,5408
Burundi,2021,265
Belgium,2021,51658
Benin,2021,1319
Burkina Faso,2021,896
Bangladesh,2021,2483
Bulgaria,2021,12966
Bahrain,2021,27148
"Bahamas, The",2021,30368
Bosnia and Herzegovina,2021,7295
Belarus,2021,7490
Belize,2021,6143
Bermuda,2021,112765
Bolivia,2021,4011
Brazil,2021,7973
Barbados,2021,21080
Brunei Darussalam,2021,31007
Bhutan,2021,3571
Botswana,2021,7808
Central African Republic,2021,492
Canada,2021,52887
Central Europe and the Baltics,2021,19224
Switzerland,2021,93665
Channel Islands,2021,66915
Chile,2021,16207
China,2021,12887
Cote d'Ivoire,2021,2456
Cameroon,2021,1672
"Congo, Dem. Rep.",2021,596
"Congo, Rep.",2021,2516
Colombia,2021,6223
Comoros,2021,1555
Cabo Verde,2021,3971
Costa Rica,2021,12838
Caribbean small states,2021,13995
Curacao,2021,17796
Cayman Islands,2021,86450
Cyprus,2021,32938
Czechia,2021,27696
Germany,2021,52349
Djibouti,2021,3026
Dominica,2021,8376
Denmark,2021,69341
Dominican Republic,2021,8527
Algeria,2021,4161
East Asia & Pacific (excluding high income),2021,9975
Early-demographic dividend,2021,3699
East Asia & Pacific,2021,13336
Europe & Central Asia (excluding high income),2021,6674
Europe & Central Asia,2021,27665
Ecuador,2021,6061
"Egypt, Arab Rep.",2021,3827
Euro area,2021,42985
Spain,2021,30799
Estonia,2021,27951
Ethiopia,2021,893
European Union,2021,39207
Fragile and conflict affected situations,2021,1711
Finland,2021,53099
Fiji,2021,4537
France,2021,43725
Faroe Islands,2021,69415
"Micronesia, Fed. Sts.",2021,3508
Gabon,2021,8181
United Kingdom,2021,47691
Georgia,2021,5084
Ghana,2021,2445
Guinea,2021,1245
"Gambia, The",2021,782
Guinea-Bissau,2021,927
Equatorial Guinea,2021,6946
Greece,2021,20655
Grenada,2021,9617
Greenland,2021,58136
Guatemala,2021,4913
Guam,2021,38075
Guyana,2021,9861
High income,2021,45082
"Hong Kong SAR, China",2021,49771
Honduras,2021,2735
Heavily indebted poor countries (HIPC),2021,1061
Croatia,2021,17789
Haiti,2021,1841
Hungary,2021,19031
IBRD only,2021,7315
IDA & IBRD total,2021,5754
IDA total,2021,1566
IDA blend,2021,2142
Indonesia,2021,4287
IDA only,2021,1256
Isle of Man,2021,94300
India,2021,2240
Ireland,2021,103783
"Iran, Islamic Rep.",2021,4605
Iraq,2021,4868
Iceland,2021,70425
Israel,2021,52271
Italy,2021,36853
Jamaica,2021,5626
Jordan,2021,4183
Japan,2021,40095
Kazakhstan,2021,9984
Kenya,2021,2061
Kyrgyz Republic,2021,1350
Cambodia,2021,2167
Kiribati,2021,2222
St. Kitts and Nevis,2021,18361
"Korea, Rep.",2021,37518
Kuwait,2021,34019
Latin America & Caribbean (excluding high income),2021,7971
Lao PDR,2021,2526
Lebanon,2021,4045
Liberia,2021,668
Libya,2021,4936
St. Lucia,2021,10459
Latin America & Caribbean,2021,8291
Least developed countries: UN classification,2021,1176
Low income,2021,652
Liechtenstein,2021,201945
Sri Lanka,2021,3997
Lower middle income,2021,2370
Low & middle income,2021,5524
Lesotho,2021,1067
Late-demographic dividend,2021,11760
Lithuania,2021,23870
Luxembourg,2021,134966
Latvia,2021,20262
"Macao SAR, China",2021,44885
St. Martin (French part),2021,21668
Morocco,2021,3786
Monaco,2021,223823
Moldova,2021,5275
Madagascar,2021,483
Maldives,2021,10176
"Middle East, North Africa, Afghanistan & Pakistan",2021,5616
Mexico,2021,10314
Marshall Islands,2021,6315
Middle income,2021,6007
North Macedonia,2021,7621
Mali,2021,1027
Malta,2021,38097
Myanmar,2021,1243
"Middle East, North Africa, Afghanistan & Pakistan (excluding high income)",2021,2753
Montenegro,2021,9317
Mongolia,2021,4518
Northern Mariana Islands,2021,19456
Mozambique,2021,510
Mauritania,2021,1948
Mauritius,2021,9178
Malawi,2021,617
Malaysia,2021,10903
North America,2021,68425
Namibia,2021,4413
New Caledonia,2021,35312
Niger,2021,609
Nigeria,2021,2787
Nicaragua,2021,2138
Netherlands,2021,60142
Norway,2021,93073
Nepal,2021,1253
Nauru,2021,14979
New Zealand,2021,49950
OECD members,2021,43028
Oman,2021,19403
Other small states,2021,13717
Pakistan,2021,1455
Panama,2021,15510
Peru,2021,6826
Philippines,2021,3484
Palau,2021,13009
Papua New Guinea,2021,2608
Poland,2021,18636
Pre-demographic dividend,2021,1594
Puerto Rico (US),2021,32619
Portugal,2021,24711
Paraguay,2021,5977
West Bank and Gaza,2021,3679
Pacific island small states,2021,3601
Post-demographic dividend,2021,49855
French Polynesia,2021,21426
Qatar,2021,71752
Romania,2021,14908
Russian Federation,2021,12425
Rwanda,2021,830
South Asia,2021,2274
Saudi Arabia,2021,31921
Sudan,2021,712
Senegal,2021,1598
Singapore,2021,80056
Solomon Islands,2021,2043
Sierra Leone,2021,885
El Salvador,2021,4643
San Marino,2021,54176
"Somalia, Fed. Rep.",2021,549
Serbia,2021,9681
Sub-Saharan Africa (excluding high income),2021,1885
Sub-Saharan Africa,2021,1785
Small states,2021,12429
Sao Tome and Principe,2021,2363
Suriname,2021,5030
Slovak Republic,2021,22123
Slovenia,2021,29193
Sweden,2021,60648
Eswatini,2021,3984
Sint Maarten (Dutch part),2021,32548
Seychelles,2021,14983
Syrian Arab Republic,2021,664
Turks and Caicos Islands,2021,27329
Chad,2021,946
East Asia & Pacific (IDA & IBRD countries),2021,10086
Europe & Central Asia (IDA & IBRD countries),2021,10015
Togo,2021,962
Thailand,2021,7057
Tajikistan,2021,897
Turkmenistan,2021,5723
Latin America & the Caribbean (IDA & IBRD countries),2021,8076
Timor-Leste,2021,2685
"Middle East, North Africa, Afghanistan & Pakistan (IDA & IBRD)",2021,2747
Tonga,2021,4923
South Asia (IDA & IBRD),2021,2274
Sub-Saharan Africa (IDA & IBRD countries),2021,1785
Trinidad and Tobago,2021,17713
Tunisia,2021,3907
Turkiye,2021,9982
Tuvalu,2021,5905
Tanzania,2021,1160
Uganda,2021,883
Ukraine,2021,4776
Upper middle income,2021,9919
Uruguay,2021,17882
United States,2021,70205
Uzbekistan,2021,2259
St. Vincent and the Grenadines,2021,8641
"Venezuela, RB",2021,2005
Virgin Islands (U.S.),2021,42571
Viet Nam,2021,3704
Vanuatu,2021,3107
World,2021,12391
Samoa,2021,4022
Kosovo,2021,5270
South Africa,2021,6829
Zambia,2021,1127
Zimbabwe,2021,2614
Aruba,2022,30976
Africa Eastern and Southern,2022,1679
Afghanistan,2022,357
Africa Western and Central,2022,2138
Angola,2022,3682
Albania,2022,7757
Andorra,2022,42414
Arab World,2022,7950
United Arab Emirates,2022,50760
Argentina,2022,13962
Armenia,2022,6572
American Samoa,2022,18017
Antigua and Barbuda,2022,20105
Australia,2022,65170
Austria,2022,52337
Azerbaijan,2022,7771
Burundi,2022,303
Belgium,2022,50606
Benin,2022,1266
Burkina Faso,2022,827
Bangladesh,2022,2716
Bulgaria,2022,13999
Bahrain,2022,30471
"Bahamas, The",2022,34957
Bosnia and Herzegovina,2022,7656
Belarus,2022,7995
Belize,2022,7068
Bermuda,2022,121614
Bolivia,2022,4219
Brazil,2022,9281
Barbados,2022,24387
Brunei Darussalam,2022,36633
Bhutan,2022,3711
Botswana,2022,8329
Central African Republic,2022,467
Canada,2022,56257
Central Europe and the Baltics,2022,19530
Switzerland,2022,94395
Channel Islands,2022,67627
Chile,2022,15406
China,2022,12971
Cote d'Ivoire,2022,2333
Cameroon,2022,1605
"Congo, Dem. Rep.",2022,688
"Congo, Rep.",2022,2621
Colombia,2022,6680
Comoros,2022,1465
Cabo Verde,2022,4323
Costa Rica,2022,13626
Caribbean small states,2022,17456
Curacao,2022,20057
Cayman Islands,2022,93031
Cyprus,2022,33231
Czechia,2022,28282
Germany,2022,50507
Djibouti,2022,3133
Dominica,2022,9324
Denmark,2022,67781
Dominican Republic,2022,10104
Algeria,2022,4960
East Asia & Pacific (excluding high income),2022,10107
Early-demographic dividend,2022,4044
East Asia & Pacific,2022,13139
Europe & Central Asia (excluding high income),2022,7266
Europe & Central Asia,2022,27914
Ecuador,2022,6516
"Egypt, Arab Rep.",2022,4233
Euro area,2022,41609
Spain,2022,30319
Estonia,2022,28340
Ethiopia,2022,982
European Union,2022,38067
Fragile and conflict affected situations,2022,1851
Finland,2022,50441
Fiji,2022,5414
France,2022,40989
Faroe Islands,2022,67058
"Micronesia, Fed. Sts.",2022,3710
Gabon,2022,8409
United Kingdom,2022,47057
Georgia,2022,6730
Ghana,2022,2230
Guinea,2022,1417
"Gambia, The",2022,836
Guinea-Bissau,2022,883
Equatorial Guinea,2022,7589
Greece,2022,20887
Grenada,2022,10469
Greenland,2022,55635
Guatemala,2022,5359
Guam,2022,41833
Guyana,2022,17913
High income,2022,46553
"Hong Kong SAR, China",2022,48826
Honduras,2022,3003
Heavily indebted poor countries (HIPC),2022,1121
Croatia,2022,18466
Haiti,2022,1761
Hungary,2022,18428
IBRD only,2022,7699
IDA & IBRD total,2022,6037
IDA total,2022,1648
IDA blend,2022,2235
Indonesia,2022,4731
IDA only,2022,1332
Isle of Man,2022,88329
India,2022,2347
Ireland,2022,105191
"Iran, Islamic Rep.",2022,4721
Iraq,2022,6521
Iceland,2022,76350
Israel,2022,54950
Italy,2022,35654
Jamaica,2022,6626
Jordan,2022,4332
Japan,2022,34066
Kazakhstan,2022,11255
Kenya,2022,2110
Kyrgyz Republic,2022,1740
Cambodia,2022,2325
Kiribati,2022,2070
St. Kitts and Nevis,2022,21012
"Korea, Rep.",2022,34822
Kuwait,2022,39982
Latin America & Caribbean (excluding high income),2022,9111
Lao PDR,2022,2046
Lebanon,2022,3654
Liberia,2022,745
Libya,2022,5987
St. Lucia,2022,13104
Latin America & Caribbean,2022,9409
Least developed countries: UN classification,2022,1299
Low income,2022,734
Liechtenstein,2022,188055
Sri Lanka,2022,3343
Lower middle income,2022,2494
Low & middle income,2022,5742
Lesotho,2022,1030
Late-demographic dividend,2022,12286
Lithuania,2022,25086
Luxembourg,2022,123720
Latvia,2022,20221
"Macao SAR, China",2022,36807
Morocco,2022,3463
Monaco,2022,226052
Moldova,2022,5744
Madagascar,2022,504
Maldives,2022,11786
"Middle East, North Africa, Afghanistan & Pakistan",2022,6431
Mexico,2022,11406
Marshall Islands,2022,6456
Middle income,2022,6248
North Macedonia,2022,7606
Mali,2022,977
Malta,2022,35639
Myanmar,2022,1158
"Middle East, North Africa, Afghanistan & Pakistan (excluding high income)",2022,3016
Montenegro,2022,10025
Mongolia,2022,4994
Northern Mariana Islands,2022,23786
Mozambique,2022,578
Mauritania,2022,1960
Mauritius,2022,10247
Malawi,2022,604
Malaysia,2022,11755
North America,2022,74536
Namibia,2022,4350
New Caledonia,2022,33516
Niger,2022,610
Nigeria,2022,2899
Nicaragua,2022,2323
Netherlands,2022,59123
Norway,2022,109270
Nepal,2022,1386
Nauru,2022,12912
New Zealand,2022,49100
OECD members,2022,43950
Oman,2022,23224
Other small states,2022,14321
Pakistan,2022,1538
Panama,2022,17379
Peru,2022,7351
Philippines,2022,3548
Palau,2022,13730
Papua New Guinea,2022,3102
Poland,2022,18891
Pre-demographic dividend,2022,1770
Puerto Rico (US),2022,35354
Portugal,2022,24621
Paraguay,2022,6206
West Bank and Gaza,2022,3800
Pacific island small states,2022,3897
Post-demographic dividend,2022,50970
French Polynesia,2022,20054
Qatar,2022,88701
Romania,2022,15504
Russian Federation,2022,15620
Rwanda,2022,975
South Asia,2022,2385
Saudi Arabia,2022,38510
Sudan,2022,1046
Senegal,2022,1574
Singapore,2022,90299
Solomon Islands,2022,1878
Sierra Leone,2022,860
El Salvador,2022,5075
San Marino,2022,54191
"Somalia, Fed. Rep.",2022,573
Serbia,2022,10025
Sub-Saharan Africa (excluding high income),2022,1964
Sub-Saharan Africa,2022,1865
Small states,2022,13636
Sao Tome and Principe,2022,2390
Suriname,2022,6084
Slovak Republic,2022,21318
Slovenia,2022,28360
Sweden,2022,54837
Eswatini,2022,3894
Sint Maarten (Dutch part),2022,37793
Seychelles,2022,16837
Syrian Arab Republic,2022,1052
Turks and Caicos Islands,2022,31281
Chad,2022,966
East Asia & Pacific (IDA & IBRD countries),2022,10220
Europe & Central Asia (IDA & IBRD countries),2022,11421
Togo,2022,951
Thailand,2022,6909
Tajikistan,2022,1052
Turkmenistan,2022,5838
Latin America & the Caribbean (IDA & IBRD countries),2022,9175
Timor-Leste,2022,2343
"Middle East, North Africa, Afghanistan & Pakistan (IDA & IBRD)",2022,3010
Tonga,2022,5298
South Asia (IDA & IBRD),2022,2385
Sub-Saharan Africa (IDA & IBRD countries),2022,1865
Trinidad and Tobago,2022,20751
Tunisia,2022,3707
Turkiye,2022,10898
Tuvalu,2022,5911
Tanzania,2022,1208
Uganda,2022,963
Ukraine,2022,4200
Upper middle income,2022,10325
Uruguay,2022,20819
United States,2022,76657
Uzbekistan,2022,2579
St. Vincent and the Grenadines,2022,9694
"Venezuela, RB",2022,3155
Virgin Islands (U.S.),2022,44321
Viet Nam,2022,4148
Vanuatu,2022,3370
World,2022,12798
Samoa,2022,4132
Kosovo,2022,5291
South Africa,2022,6534
Zambia,2022,1447
Zimbabwe,2022,2536
Aruba,2023,35719
Africa Eastern and Southern,2023,1571
Afghanistan,2023,414
Africa Western and Central,2023,1842
Angola,2023,2916
Albania,2023,9731
Andorra,2023,46812
Arab World,2023,7514
United Arab Emirates,2023,49851
Argentina,2023,14262
Armenia,2023,8159
Antigua and Barbuda,2023,21495
Australia,2023,65058
Austria,2023,56580
Azerbaijan,2023,7133
Burundi,2023,251
Belgium,2023,55291
Benin,2023,1394
Burkina Faso,2023,873
Bangladesh,2023,2551
Bulgaria,2023,15853
Bahrain,2023,29290
"Bahamas, The",2023,38232
Bosnia and Herzegovina,2023,8663
Belarus,2023,7897
Belize,2023,7425
Bermuda,2023,132604
Bolivia,2023,4275
Brazil,2023,10378
Barbados,2023,25584
Brunei Darussalam,2023,32891
Bhutan,2023,3831
Botswana,2023,7826
Central African Republic,2023,496
Canada,2023,54220
Central Europe and the Baltics,2023,22690
Switzerland,2023,100624
Channel Islands,2023,74586
Chile,2023,17067
China,2023,12951
Cote d'Ivoire,2023,2592
Cameroon,2023,1720
"Congo, Dem. Rep.",2023,660
"Congo, Rep.",2023,2478
Colombia,2023,7001
Comoros,2023,1560
Cabo Verde,2023,4795
Costa Rica,2023,16942
Caribbean small states,2023,17597
Curacao,2023,21218
Cayman Islands,2023,99144
Cyprus,2023,36624
Czechia,2023,31762
Germany,2023,54777
Djibouti,2023,3381
Dominica,2023,9913
Denmark,2023,68044
Dominican Republic,2023,10630
Algeria,2023,5370
East Asia & Pacific (excluding high income),2023,10126
Early-demographic dividend,2023,4253
East Asia & Pacific,2023,13176
Europe & Central Asia (excluding high income),2023,8617
Europe & Central Asia,2023,29989
Ecuador,2023,6738
"Egypt, Arab Rep.",2023,3457
Euro area,2023,45330
Spain,2023,33493
Estonia,2023,30264
Ethiopia,2023,1056
European Union,2023,41567
Fragile and conflict affected situations,2023,1683
Finland,2023,52834
Fiji,2023,5926
France,2023,44700
Faroe Islands,2023,72465
"Micronesia, Fed. Sts.",2023,3920
Gabon,2023,7803
United Kingdom,2023,49944
Georgia,2023,8284
Ghana,2023,2384
Guinea,2023,1555
"Gambia, The",2023,883
Guinea-Bissau,2023,988
Equatorial Guinea,2023,6678
Greece,2023,23344
Grenada,2023,11414
Greenland,2023,58499
Guatemala,2023,5758
Guyana,2023,20474
High income,2023,48608
"Hong Kong SAR, China",2023,50562
Honduras,2023,3227
Heavily indebted poor countries (HIPC),2023,1156
Croatia,2023,22184
Haiti,2023,1706
Hungary,2023,22231
IBRD only,2023,7925
IDA & IBRD total,2023,6150
IDA total,2023,1536
IDA blend,2023,1915
Indonesia,2023,4876
IDA only,2023,1333
India,2023,2530
Ireland,2023,106819
"Iran, Islamic Rep.",2023,5049
Iraq,2023,5965
Iceland,2023,82139
Israel,2023,52004
Italy,2023,39277
Jamaica,2023,7542
Jordan,2023,4466
Japan,2023,33836
Kazakhstan,2023,12879
Kenya,2023,1943
Kyrgyz Republic,2023,2138
Cambodia,2023,2430
Kiribati,2023,2178
St. Kitts and Nevis,2023,22577
"Korea, Rep.",2023,35674
Kuwait,2023,34076
Latin America & Caribbean (excluding high income),2023,10196
Lao PDR,2023,2067
Lebanon,2023,3478
Liberia,2023,799
Libya,2023,6027
St. Lucia,2023,13555
Latin America & Caribbean,2023,10509
Least developed countries: UN classification,2023,1258
Low income,2023,714
Liechtenstein,2023,206781
Sri Lanka,2023,3799
Lower middle income,2023,2493
Low & middle income,2023,5856
Lesotho,2023,916
Late-demographic dividend,2023,12438
Lithuania,2023,27786
Luxembourg,2023,133231
Latvia,2023,22710
"Macao SAR, China",2023,67216
Morocco,2023,3814
Monaco,2023,256800
Moldova,2023,6800
Madagascar,2023,509
Maldives,2023,12588
"Middle East, North Africa, Afghanistan & Pakistan",2023,6149
Mexico,2023,13861
Marshall Islands,2023,6793
Middle income,2023,6386
North Macedonia,2023,8674
Mali,2023,1044
Malta,2023,40906
Myanmar,2023,1233
"Middle East, North Africa, Afghanistan & Pakistan (excluding high income)",2023,2873
Montenegro,2023,12260
Mongolia,2023,5839
Mozambique,2023,622
Mauritania,2023,2136
Mauritius,2023,11270
Malawi,2023,633
Malaysia,2023,11386
North America,2023,78190
Namibia,2023,4188
New Caledonia,2023,33702
Niger,2023,638
Nigeria,2023,2139
Nicaragua,2023,2609
Netherlands,2023,63516
Norway,2023,87497
Nepal,2023,1382
Nauru,2023,12752
New Zealand,2023,49076
OECD members,2023,46580
Oman,2023,21028
Other small states,2023,15334
Pakistan,2023,1360
Panama,2023,18797
Peru,2023,7888
Philippines,2023,3804
Palau,2023,15611
Papua New Guinea,2023,2966
Poland,2023,22145
Pre-demographic dividend,2023,1558
Puerto Rico (US),2023,36981
Portugal,2023,27635
Paraguay,2023,6300
West Bank and Gaza,2023,3455
Pacific island small states,2023,4174
Post-demographic dividend,2023,53814
French Polynesia,2023,21832
Qatar,2023,81817
Romania,2023,18244
Russian Federation,2023,14159
Rwanda,2023,1027
South Asia,2023,2532
Saudi Arabia,2023,36157
Sudan,2023,797
Senegal,2023,1698
Singapore,2023,85412
Solomon Islands,2023,1883
Sierra Leone,2023,758
El Salvador,2023,5365
San Marino,2023,59880
"Somalia, Fed. Rep.",2023,597
Serbia,2023,12282
Sub-Saharan Africa (excluding high income),2023,1750
Sub-Saharan Africa,2023,1681
Small states,2023,14346
Sao Tome and Principe,2023,2991
Suriname,2023,5522
Slovak Republic,2023,24615
Slovenia,2023,32660
Sweden,2023,54950
Eswatini,2023,3756
Sint Maarten (Dutch part),2023,39452
Seychelles,2023,18263
Turks and Caicos Islands,2023,35470
Chad,2023,949
East Asia & Pacific (IDA & IBRD countries),2023,10240
Europe & Central Asia (IDA & IBRD countries),2023,12130
Togo,2023,1055
Thailand,2023,7195
Tajikistan,2023,1178
Turkmenistan,2023,6232
Latin America & the Caribbean (IDA & IBRD countries),2023,10261
Timor-Leste,2023,1502
"Middle East, North Africa, Afghanistan & Pakistan (IDA & IBRD)",2023,2869
Tonga,2023,5652
South Asia (IDA & IBRD),2023,2532
Sub-Saharan Africa (IDA & IBRD countries),2023,1681
Trinidad and Tobago,2023,18308
Tunisia,2023,3951
Turkiye,2023,13375
Tuvalu,2023,6345
Tanzania,2023,1224
Uganda,2023,1002
Ukraine,2023,5140
Upper middle income,2023,10658
Uruguay,2023,23019
United States,2023,81032
Uzbekistan,2023,2879
St. Vincent and the Grenadines,2023,10582
"Venezuela, RB",2023,3617
Viet Nam,2023,4323
Vanuatu,2023,3483
World,2023,13237
Samoa,2023,4823
Kosovo,2023,6221
South Africa,2023,6034
Zambia,2023,1331
Zimbabwe,2023,2195
Aruba,2024,39499
Africa Eastern and Southern,2024,1615
Africa Western and Central,2024,1411
Angola,2024,2666
Albania,2024,11378
Andorra,2024,49304
Arab World,2024,7584
United Arab Emirates,2024,50274
Argentina,2024,13970
Armenia,2024,8556
Antigua and Barbuda,2024,23542
Australia,2024,64604
Austria,2024,58269
Azerbaijan,2024,7284
Burundi,2024,219
Belgium,2024,56615
Benin,2024,1485
Burkina Faso,2024,982
Bangladesh,2024,2593
Bulgaria,2024,17596
Bahrain,2024,29654
"Bahamas, The",2024,39455
Bosnia and Herzegovina,2024,9359
Belarus,2024,8318
Belize,2024,7681
Bermuda,2024,142855
Bolivia,2024,4421
Brazil,2024,10311
Barbados,2024,26545
Brunei Darussalam,2024,33153
Botswana,2024,7696
Central African Republic,2024,516
Canada,2024,54340
Central Europe and the Baltics,2024,24605
Switzerland,2024,103998
Chile,2024,16710
China,2024,13303
Cote d'Ivoire,2024,2728
Cameroon,2024,1830
"Congo, Dem. Rep.",2024,649
"Congo, Rep.",2024,2482
Colombia,2024,7919
Comoros,2024,1663
Cabo Verde,2024,5192
Costa Rica,2024,18587
Caribbean small states,2024,19904
Curacao,2024,22833
Cyprus,2024,38674
Czechia,2024,31823
Germany,2024,56104
Djibouti,2024,3553
Dominica,2024,10405
Denmark,2024,71026
Dominican Republic,2024,10876
Algeria,2024,5753
East Asia & Pacific (excluding high income),2024,10397
Early-demographic dividend,2024,4450
East Asia & Pacific,2024,13406
Europe & Central Asia (excluding high income),2024,9794
Europe & Central Asia,2024,31556
Ecuador,2024,6875
"Egypt, Arab Rep.",2024,3338
Euro area,2024,46945
Spain,2024,35327
Estonia,2024,31428
Ethiopia,2024,1134
European Union,2024,43305
Fragile and conflict affected situations,2024,1528
Finland,2024,53150
Fiji,2024,6426
France,2024,46103
Faroe Islands,2024,74120
"Micronesia, Fed. Sts.",2024,4166
Gabon,2024,8230
United Kingdom,2024,53246
Georgia,2024,9241
Ghana,2024,2391
Guinea,2024,1695
"Gambia, The",2024,871
Guinea-Bissau,2024,1008
Equatorial Guinea,2024,6745
Greece,2024,24626
Grenada,2024,11705
Guatemala,2024,6150
Guyana,2024,29675
High income,2024,50303
"Hong Kong SAR, China",2024,54075
Honduras,2024,3426
Heavily indebted poor countries (HIPC),2024,1216
Croatia,2024,24050
Haiti,2024,2143
Hungary,2024,23292
IBRD only,2024,8220
IDA & IBRD total,2024,6327
IDA total,2024,1486
IDA blend,2024,1651
Indonesia,2024,4925
IDA only,2024,1398
India,2024,2695
Ireland,2024,112895
"Iran, Islamic Rep.",2024,5190
Iraq,2024,6074
Iceland,2024,86041
Israel,2024,54177
Italy,2024,40385
Jamaica,2024,7754
Jordan,2024,4618
Japan,2024,32487
Kazakhstan,2024,14155
Kenya,2024,2132
Kyrgyz Republic,2024,2420
Cambodia,2024,2628
Kiribati,2024,2289
St. Kitts and Nevis,2024,23961
"Korea, Rep.",2024,36239
Kuwait,2024,32718
Latin America & Caribbean (excluding high income),2024,10382
Lao PDR,2024,2124
Liberia,2024,851
Libya,2024,6569
St. Lucia,2024,14182
Latin America & Caribbean,2024,10738
Least developed countries: UN classification,2024,1293
Low income,2024,751
Sri Lanka,2024,4516
Lower middle income,2024,2544
Low & middle income,2024,6002
Lesotho,2024,972
Late-demographic dividend,2024,12874
Lithuania,2024,29384
Luxembourg,2024,137782
Latvia,2024,23409
"Macao SAR, China",2024,72005
Morocco,2024,4153
Monaco,2024,288001
Moldova,2024,7576
Madagascar,2024,545
Maldives,2024,13379
"Middle East, North Africa, Afghanistan & Pakistan",2024,6265
Mexico,2024,14186
Marshall Islands,2024,7726
Middle income,2024,6554
North Macedonia,2024,9292
Mali,2024,1095
Malta,2024,43899
Myanmar,2024,1359
"Middle East, North Africa, Afghanistan & Pakistan (excluding high income)",2024,2971
Montenegro,2024,13263
Mongolia,2024,6751
Mozambique,2024,657
Mauritania,2024,2110
Mauritius,2024,11991
Malawi,2024,523
Malaysia,2024,11874
North America,2024,81276
Namibia,2024,4413
New Caledonia,2024,29213
Niger,2024,735
Nigeria,2024,1084
Nicaragua,2024,2848
Netherlands,2024,67520
Norway,2024,86785
Nepal,2024,1447
Nauru,2024,13609
New Zealand,2024,49205
OECD members,2024,48322
Oman,2024,20285
Other small states,2024,16094
Pakistan,2024,1479
Panama,2024,19161
Peru,2024,8452
Philippines,2024,3985
Papua New Guinea,2024,3007
Poland,2024,25104
Pre-demographic dividend,2024,1366
Puerto Rico (US),2024,39344
Portugal,2024,29292
Paraguay,2024,6416
West Bank and Gaza,2024,2592
Pacific island small states,2024,4454
Post-demographic dividend,2024,55644
French Polynesia,2024,22440
Qatar,2024,76689
Romania,2024,20080
Russian Federation,2024,14889
Rwanda,2024,1000
South Asia,2024,2690
Saudi Arabia,2024,35122
Sudan,2024,985
Senegal,2024,1773
Singapore,2024,90674
Solomon Islands,2024,1934
Sierra Leone,2024,807
El Salvador,2024,5580
"Somalia, Fed. Rep.",2024,630
Serbia,2024,13679
Sub-Saharan Africa (excluding high income),2024,1577
Sub-Saharan Africa,2024,1533
Small states,2024,15383
Sao Tome and Principe,2024,3491
Suriname,2024,6962
Slovak Republic,2024,25993
Slovenia,2024,34301
Sweden,2024,57117
Eswatini,2024,3910
Sint Maarten (Dutch part),2024,41473
Seychelles,2024,17859
Turks and Caicos Islands,2024,37507
Chad,2024,962
East Asia & Pacific (IDA & IBRD countries),2024,10514
Europe & Central Asia (IDA & IBRD countries),2024,13337
Togo,2024,1119
Thailand,2024,7347
Tajikistan,2024,1341
Turkmenistan,2024,6857
Latin America & the Caribbean (IDA & IBRD countries),2024,10474
Timor-Leste,2024,1332
"Middle East, North Africa, Afghanistan & Pakistan (IDA & IBRD)",2024,2974
South Asia (IDA & IBRD),2024,2690
Sub-Saharan Africa (IDA & IBRD countries),2024,1533
Trinidad and Tobago,2024,18733
Tunisia,2024,4181
Turkiye,2024,15893
Tanzania,2024,1187
Uganda,2024,1078
Ukraine,2024,5389
Upper middle income,2024,10996
Uruguay,2024,23907
United States,2024,84534
Uzbekistan,2024,3162
St. Vincent and the Grenadines,2024,11501
"Venezuela, RB",2024,4218
Viet Nam,2024,4717
Vanuatu,2024,3411
World,2024,13631
Samoa,2024,5393
Kosovo,2024,7023
South Africa,2024,6267
Zambia,2024,1187
Zimbabwe,2024,2497
