country,year,gdp_growth
Afghanistan,2001,-10.119484105932557
Afghanistan,2002,22.02019026962985
Afghanistan,2003,2.345671636326884
Afghanistan,2004,-2.148212284955534
Afghanistan,2005,7.383377281979776
Afghanistan,2006,1.132485055289976
Afghanistan,2007,11.692303292208068
Afghanistan,2008,1.677279156061502
Afghanistan,2009,17.043896321607406
Afghanistan,2010,11.055030552728766
Afghanistan,2011,-3.213295005799253
Afghanistan,2012,8.279368993105194
Afghanistan,2013,2.052068260611705
Afghanistan,2014,-0.9399847557360062
Afghanistan,2015,-1.6650574474901276
Afghanistan,2016,-0.300121027406746
Afghanistan,2017,-0.1955695483427888
Afghanistan,2018,-1.713742692542624
Afghanistan,2019,0.8562947290877645
Afghanistan,2020,-5.382514642210765
Afghanistan,2021,-22.584481873298685
Afghanistan,2022,-7.576668911522134
Afghanistan,2023,0.1060928009208197
Africa Eastern and Southern,1961,-2.182394674172798
Africa Eastern and Southern,1962,5.075379152533571
Africa Eastern and Southern,1963,2.795642189836144
Africa Eastern and Southern,1964,1.7903839552311922
Africa Eastern and Southern,1965,2.2250289112559614
Africa Eastern and Southern,1966,1.922441890930472
Africa Eastern and Southern,1967,2.384372174437587
Africa Eastern and Southern,1968,1.1887595891237623
Africa Eastern and Southern,1969,2.127613781272558
Africa Eastern and Southern,1970,-1.7663529513235403
Africa Eastern and Southern,1971,2.4806713779513387
Africa Eastern and Southern,1972,-0.1162724107173147
Africa Eastern and Southern,1973,1.6098208257984084
Africa Eastern and Southern,1974,2.38087775280151
Africa Eastern and Southern,1975,-1.5446273536169173
Africa Eastern and Southern,1976,-0.5928609670488214
Africa Eastern and Southern,1977,-1.710636103529069
Africa Eastern and Southern,1978,-1.508030213833038
Africa Eastern and Southern,1979,-0.2428779111861274
Africa Eastern and Southern,1980,2.3366750159363505
Africa Eastern and Southern,1981,0.763189641653824
Africa Eastern and Southern,1982,-2.865286712190368
Africa Eastern and Southern,1983,-3.02244723718232
Africa Eastern and Southern,1984,0.3154085621405187
Africa Eastern and Southern,1985,-3.0494317888490343
Africa Eastern and Southern,1986,-0.7389430665056693
Africa Eastern and Southern,1987,0.8699730141983792
Africa Eastern and Southern,1988,1.3007555137667597
Africa Eastern and Southern,1989,-0.1944380679303634
Africa Eastern and Southern,1990,-2.7079196657342948
Africa Eastern and Southern,1991,-2.8163639208181195
Africa Eastern and Southern,1992,-4.957800305617283
Africa Eastern and Southern,1993,-3.547689892340358
Africa Eastern and Southern,1994,-0.7549913057845856
Africa Eastern and Southern,1995,1.6801812161403546
Africa Eastern and Southern,1996,2.745027319091633
Africa Eastern and Southern,1997,1.2280959471429895
Africa Eastern and Southern,1998,-0.827783979274102
Africa Eastern and Southern,1999,-0.0228032207341044
Africa Eastern and Southern,2000,0.5378696679324833
Africa Eastern and Southern,2001,0.8585792809013668
Africa Eastern and Southern,2002,1.2421911769947511
Africa Eastern and Southern,2003,0.3465101868374916
Africa Eastern and Southern,2004,2.88102072463532
Africa Eastern and Southern,2005,3.38824422723647
Africa Eastern and Southern,2006,3.828193639930874
Africa Eastern and Southern,2007,3.866562297410809
Africa Eastern and Southern,2008,1.631414556515324
Africa Eastern and Southern,2009,-1.8054686804866835
Africa Eastern and Southern,2010,2.4672494290899607
Africa Eastern and Southern,2011,1.3205626473515792
Africa Eastern and Southern,2012,-0.8108069584488788
Africa Eastern and Southern,2013,1.5277555615040797
Africa Eastern and Southern,2014,1.1479276394437647
Africa Eastern and Southern,2015,0.1951706515710469
Africa Eastern and Southern,2016,-0.5315782020252442
Africa Eastern and Southern,2017,0.000238209279459
Africa Eastern and Southern,2018,-0.0649911495143698
Africa Eastern and Southern,2019,-0.7094067657711491
Africa Eastern and Southern,2020,-5.405933570503478
Africa Eastern and Southern,2021,1.8444037839530976
Africa Eastern and Southern,2022,1.06800535315368
Africa Eastern and Southern,2023,-0.6045815567775747
Africa Eastern and Southern,2024,0.2538543311951571
Africa Western and Central,1961,-0.2511846940009405
Africa Western and Central,1962,1.5385422560867568
Africa Western and Central,1963,4.740660299561725
Africa Western and Central,1964,3.086962099435084
Africa Western and Central,1965,1.823449749569136
Africa Western and Central,1966,-3.7035287746687535
Africa Western and Central,1967,-11.005094946599286
Africa Western and Central,1968,-0.7369495619421684
Africa Western and Central,1969,12.35503275932382
Africa Western and Central,1970,14.539127925974071
Africa Western and Central,1971,7.771138054294212
Africa Western and Central,1972,0.6693706736120788
Africa Western and Central,1973,1.3341756232300668
Africa Western and Central,1974,7.095619410602666
Africa Western and Central,1975,-4.600731221762004
Africa Western and Central,1976,5.552427355891169
Africa Western and Central,1977,1.7578989853740552
Africa Western and Central,1978,-4.617831391691595
Africa Western and Central,1979,2.0988772575141184
Africa Western and Central,1980,-0.9762247505569944
Africa Western and Central,1981,-9.260897071118336
Africa Western and Central,1982,-6.037733695954401
Africa Western and Central,1983,-8.815524971260132
Africa Western and Central,1984,-2.1291560364673217
Africa Western and Central,1985,2.479553838961664
Africa Western and Central,1986,-1.4706933624268572
Africa Western and Central,1987,-1.3282046978283688
Africa Western and Central,1988,1.921431436330991
Africa Western and Central,1989,-1.0567880784997925
Africa Western and Central,1990,2.8274932163076016
Africa Western and Central,1991,-1.519425639980497
Africa Western and Central,1992,-0.491367257222322
Africa Western and Central,1993,-3.954914134660825
Africa Western and Central,1994,-2.8424953128754997
Africa Western and Central,1995,-0.8843922601224392
Africa Western and Central,1996,1.813865572478889
Africa Western and Central,1997,1.5876817814011588
Africa Western and Central,1998,0.7932134416348333
Africa Western and Central,1999,-1.2176000519966408
Africa Western and Central,2000,0.9948862158572354
Africa Western and Central,2001,2.341019505395707
Africa Western and Central,2002,6.896078046334793
Africa Western and Central,2003,2.695287029473036
Africa Western and Central,2004,5.057429606285567
Africa Western and Central,2005,2.835473616775076
Africa Western and Central,2006,2.3533187704246785
Africa Western and Central,2007,2.513426678911614
Africa Western and Central,2008,3.251234951430476
Africa Western and Central,2009,3.218330880015216
Africa Western and Central,2010,4.05981283645302
Africa Western and Central,2011,2.0016568003334214
Africa Western and Central,2012,2.246057542900374
Africa Western and Central,2013,3.189578895040569
Africa Western and Central,2014,2.8448767275388605
Africa Western and Central,2015,0.1915021698943348
Africa Western and Central,2016,-2.4483154154980014
Africa Western and Central,2017,-0.3552834228365498
Africa Western and Central,2018,0.3302018794203007
Africa Western and Central,2019,0.7920576704095765
Africa Western and Central,2020,-6.00341571014458
Africa Western and Central,2021,0.1540178834332977
Africa Western and Central,2022,2.064400921566872
Africa Western and Central,2023,1.2181101677499695
Africa Western and Central,2024,2.1070576197635376
Albania,1981,3.648648547230792
Albania,1982,0.7958400710932096
Albania,1983,-1.0168021722854093
Albania,1984,-3.3074972023194675
Albania,1985,-0.2905953483222134
Albania,1986,3.614655544066253
Albania,1987,-2.7494963794895853
Albania,1988,-3.262522334468258
Albania,1989,6.92361728508746
Albania,1990,-11.187905298960883
Albania,1991,-27.56682083488305
Albania,1992,-6.622551206964417
Albania,1993,10.229949339230544
Albania,1994,8.969761658544954
Albania,1995,14.0244959350984
Albania,1996,8.005513843534828
Albania,1997,-11.157660525489275
Albania,1998,8.993806822610594
Albania,1999,12.9639268824224
Albania,2000,8.149967934525051
Albania,2001,9.890193571073922
Albania,2002,4.942622963136628
Albania,2003,5.728105981218022
Albania,2004,5.707123084033142
Albania,2005,5.670250279570553
Albania,2006,6.689981396672323
Albania,2007,7.307982629228093
Albania,2008,7.73056161381389
Albania,2009,3.385115395012249
Albania,2010,3.4856480864462185
Albania,2011,2.7395325567882054
Albania,2012,2.5545386692104017
Albania,2013,3.288890314897316
Albania,2014,3.830170229398334
Albania,2015,3.817434470717629
Albania,2016,5.524825980819429
Albania,2017,4.889352880886435
Albania,2018,5.283579496272878
Albania,2019,3.649758084638762
Albania,2020,-1.810165363297287
Albania,2021,10.664149427441146
Albania,2022,6.456988220848061
Albania,2023,5.632935442646115
Albania,2024,5.663959047979134
Algeria,1961,-15.12073050430753
Algeria,1962,-20.8548956878044
Algeria,1963,32.28091690406998
Algeria,1964,4.121494780694789
Algeria,1965,4.608011492249091
Algeria,1966,-6.499365123839311
Algeria,1967,7.021413668319013
Algeria,1968,8.302379603445644
Algeria,1969,5.992429920769965
Algeria,1970,6.432002328914834
Algeria,1971,-13.31412049835481
Algeria,1972,24.525779768096044
Algeria,1973,1.3949809701830418
Algeria,1974,4.921070560304798
Algeria,1975,1.3932553263095857
Algeria,1976,3.5611287267815754
Algeria,1977,1.5048566314428342
Algeria,1978,6.151924883978779
Algeria,1979,4.321533843864359
Algeria,1980,-2.299757868019043
Algeria,1981,-0.2877912683893981
Algeria,1982,2.910988912336961
Algeria,1983,1.884124069948712
Algeria,1984,2.056225855284993
Algeria,1985,0.2293984966036362
Algeria,1986,-2.8529627039547734
Algeria,1987,-3.6570409520609246
Algeria,1988,-3.734412504700785
Algeria,1989,1.6799828593097883
Algeria,1990,-1.668080649960217
Algeria,1991,-3.527129476480312
Algeria,1992,-0.6491400424492753
Algeria,1993,-4.427459047514816
Algeria,1994,-3.068508375278199
Algeria,1995,1.6747451720669204
Algeria,1996,2.081849894500465
Algeria,1997,-0.7670686144224561
Algeria,1998,3.4395050395570763
Algeria,1999,1.776942417875162
Algeria,2000,2.3572643501028807
Algeria,2001,1.5951781437970425
Algeria,2002,4.0070503153696535
Algeria,2003,5.093332126620638
Algeria,2004,3.050861482350072
Algeria,2005,3.868902142421192
Algeria,2006,1.3261889485536784
Algeria,2007,1.3934683366122729
Algeria,2008,0.6525279439481437
Algeria,2009,-0.7204205754707402
Algeria,2010,2.7792190819471188
Algeria,2011,1.0039923712935632
Algeria,2012,0.3795632844180545
Algeria,2013,0.5487436296106978
Algeria,2014,2.000052009873883
Algeria,2015,1.0996206185960062
Algeria,2016,1.785940647340141
Algeria,2017,-0.5416670244959789
Algeria,2018,-0.546019580108478
Algeria,2019,-0.9399929620047374
Algeria,2020,-6.612475097070828
Algeria,2021,2.1326363268307773
Algeria,2022,1.9682518810058696
Algeria,2023,2.551203019436173
Algeria,2024,2.2599652708210414
American Samoa,2003,1.126789854971591
American Samoa,2004,0.6802205373614498
American Samoa,2005,-0.0545952701160814
American Samoa,2006,-3.6849768553925912
American Samoa,2007,2.325598280189894
American Samoa,2008,-2.1604117742256363
American Samoa,2009,-3.6489098592902
American Samoa,2010,0.8446815919917299
American Samoa,2011,0.6066126241005492
American Samoa,2012,-3.6220225851045313
American Samoa,2013,-1.6280135540495593
American Samoa,2014,2.7906124380986768
American Samoa,2015,4.296623366876588
American Samoa,2016,-0.4881375842971209
American Samoa,2017,-5.799364048168485
American Samoa,2018,4.038507121360553
American Samoa,2019,0.8975846813976176
American Samoa,2020,5.351787426250397
American Samoa,2021,0.2978848203492248
American Samoa,2022,3.593276062627922
Andorra,1971,-2.5005890584779564
Andorra,1972,1.0126236318552628
Andorra,1973,0.9052661807643574
Andorra,1974,-0.8767861449461378
Andorra,1975,-5.405687748891637
Andorra,1976,-2.5324066506702536
Andorra,1977,-2.6543939784835686
Andorra,1978,-3.6140242468073183
Andorra,1979,-4.539719707728651
Andorra,1980,-2.0073609792772515
Andorra,1981,-3.859135362569333
Andorra,1982,-2.919468732723658
Andorra,1983,-2.748259222220369
Andorra,1984,-2.327825920527985
Andorra,1985,-1.3021348851496697
Andorra,1986,-1.0566136980598486
Andorra,1987,1.2967092295821772
Andorra,1988,1.3449070371084275
Andorra,1989,2.3337164284284317
Andorra,1990,-0.1195156048806325
Andorra,1991,-4.819169045306964
Andorra,1992,-4.99409016591666
Andorra,1993,-5.836631689814382
Andorra,1994,0.2598388412192065
Andorra,1995,3.8829592914650983
Andorra,1996,4.531978271447045
Andorra,1997,7.860678957332666
Andorra,1998,2.118367937966653
Andorra,1999,3.579454848025776
Andorra,2000,3.5677657114412824
Andorra,2001,7.845168133843018
Andorra,2002,3.5182847336037355
Andorra,2003,4.032707485602671
Andorra,2004,1.095400014103248
Andorra,2005,1.183027687390222
Andorra,2006,1.9588300280000084
Andorra,2007,-1.2896115123410965
Andorra,2008,-7.389298787881316
Andorra,2009,-5.746485458565047
Andorra,2010,1.889880843122825
Andorra,2011,3.7495175357234976
Andorra,2012,-3.8007542983420137
Andorra,2013,-1.4439454035085504
Andorra,2014,4.52989381717444
Andorra,2015,3.63079793724701
Andorra,2016,3.699620468115057
Andorra,2017,-1.806057033127672
Andorra,2018,-0.3021193039958803
Andorra,2019,0.2653528206143676
Andorra,2020,-12.22383849354307
Andorra,2021,6.927044852335612
Andorra,2022,7.721238000965357
Andorra,2023,1.1232590791063046
Andorra,2024,2.006784450567366
Angola,1981,-7.819537670774139
Angola,1982,-3.611216995930377
Angola,1983,0.3989255624564833
Angola,1984,2.1435068508963866
Angola,1985,-0.2382213641315473
Angola,1986,-0.7567999211190966
Angola,1987,0.529253267498845
Angola,1988,2.577679019182085
Angola,1989,-3.316708773875092
Angola,1990,-6.670526972974997
Angola,1991,-2.344652710953582
Angola,1992,-8.871345190950052
Angola,1993,-26.37419588052224
Angola,1994,-1.893068011340148
Angola,1995,11.222449034023157
Angola,1996,9.768938152293345
Angola,1997,3.692910151071544
Angola,1998,1.2453317264634904
Angola,1999,-1.1307987789490994
Angola,2000,-0.3029283092320156
Angola,2001,0.769184668379836
Angola,2002,9.85780236264037
Angola,2003,-0.0654379872422197
Angola,2004,7.48604694407922
Angola,2005,10.067359326411292
Angola,2006,7.795575328872033
Angola,2007,8.851635442914116
Angola,2008,6.678885924197786
Angola,2009,-1.8090600933088865
Angola,2010,1.3157907662097583
Angola,2011,-0.3565121416692989
Angola,2012,4.370087786132885
Angola,2013,0.9218263583204732
Angola,2014,0.8212209889411355
Angola,2015,-2.804708183782509
Angola,2016,-5.154029046695385
Angola,2017,-3.622865017028815
Angola,2018,-3.968524543129419
Angola,2019,-3.5290001250474887
Angola,2020,-7.127614827167903
Angola,2021,-1.0943408561200982
Angola,2022,0.9914067958733312
Angola,2023,-1.808703341662934
Angola,2024,1.292932707468239
Antigua and Barbuda,1978,4.096628155349407
Antigua and Barbuda,1979,7.682602259294583
Antigua and Barbuda,1980,7.761278355123679
Antigua and Barbuda,1981,3.570424396186084
Antigua and Barbuda,1982,-0.2685800685011656
Antigua and Barbuda,1983,5.122047064201979
Antigua and Barbuda,1984,10.2535226083518
Antigua and Barbuda,1985,8.128809181682684
Antigua and Barbuda,1986,12.040070921382195
Antigua and Barbuda,1987,7.176390219323082
Antigua and Barbuda,1988,5.747276016549918
Antigua and Barbuda,1989,5.747606411065888
Antigua and Barbuda,1990,3.434862981514428
Antigua and Barbuda,1991,1.6594153249851047
Antigua and Barbuda,1992,-0.4388383002831801
Antigua and Barbuda,1993,3.38094182895334
Antigua and Barbuda,1994,4.6719249042893125
Antigua and Barbuda,1995,-6.24765118209551
Antigua and Barbuda,1996,4.425739622634239
Antigua and Barbuda,1997,3.3322317104264414
Antigua and Barbuda,1998,2.7657236010440585
Antigua and Barbuda,1999,1.942351958549466
Antigua and Barbuda,2000,4.437084457515539
Antigua and Barbuda,2001,-5.999921113467437
Antigua and Barbuda,2002,-0.2357367248335151
Antigua and Barbuda,2003,4.916227665583861
Antigua and Barbuda,2004,4.64519467801469
Antigua and Barbuda,2005,5.280706903332089
Antigua and Barbuda,2006,11.31964083192416
Antigua and Barbuda,2007,7.84344693304287
Antigua and Barbuda,2008,-1.470768948983519
Antigua and Barbuda,2009,-13.281768056804664
Antigua and Barbuda,2010,-9.079453610136795
Antigua and Barbuda,2011,-3.108000747394144
Antigua and Barbuda,2012,2.273781331477778
Antigua and Barbuda,2013,-1.5084679106200127
Antigua and Barbuda,2014,1.3912057316615147
Antigua and Barbuda,2015,0.6910948245202491
Antigua and Barbuda,2016,3.472284250399113
Antigua and Barbuda,2017,2.146187576295404
Antigua and Barbuda,2018,6.174489768863253
Antigua and Barbuda,2019,2.6776131942500427
Antigua and Barbuda,2020,-19.294546284516716
Antigua and Barbuda,2021,7.583674813722553
Antigua and Barbuda,2022,8.530771196582293
Antigua and Barbuda,2023,1.9048864184323548
Antigua and Barbuda,2024,3.152321277571275
Arab World,1967,3.801321368770431
Arab World,1968,7.643215532806266
Arab World,1969,4.387700597289907
Arab World,1970,19.45526664104472
Arab World,1971,4.46264517701016
Arab World,1972,10.74021713986646
Arab World,1973,10.01661603306087
Arab World,1974,7.294120661703232
Arab World,1975,-3.0643814308097888
Arab World,1976,10.731293225884912
Arab World,1977,3.3140958506204328
Arab World,1978,-0.3918236663995316
Arab World,1979,6.828471504181152
Arab World,1980,2.664872343329108
Arab World,1981,-2.3291322633101146
Arab World,1982,-8.858798822425868
Arab World,1983,-6.743479871548999
Arab World,1984,-1.885101475667028
Arab World,1985,-3.844447282811103
Arab World,1986,-3.757508989902405
Arab World,1987,-2.6969484397354364
Arab World,1988,0.4574675219381134
Arab World,1989,1.072179332632686
Arab World,1990,4.360349104891583
Arab World,1991,-2.9641943408981035
Arab World,1992,3.870947814598338
Arab World,1993,0.4280356487295336
Arab World,1994,0.5587563238058237
Arab World,1995,0.2364697376580693
Arab World,1996,2.2907402438523405
Arab World,1997,2.9400897897389484
Arab World,1998,2.2606123066494064
Arab World,1999,0.3451571901022419
Arab World,2000,3.799006265409659
Arab World,2001,-0.3481415630029971
Arab World,2002,-1.1730895341268592
Arab World,2003,1.8818774474117677
Arab World,2004,6.5662966917061
Arab World,2005,3.0964393775948764
Arab World,2006,3.7368468160613446
Arab World,2007,2.0021933717707867
Arab World,2008,2.918360721603804
Arab World,2009,-1.809326454806964
Arab World,2010,2.76964109833888
Arab World,2011,1.4843603163504469
Arab World,2012,3.0088274797576986
Arab World,2013,0.0416893763210453
Arab World,2014,0.2802602777022116
Arab World,2015,0.8413853532727131
Arab World,2016,1.2000501570568929
Arab World,2017,-0.6836660169443434
Arab World,2018,0.8634891880545723
Arab World,2019,-0.1492214934312841
Arab World,2020,-7.271701665156499
Arab World,2021,2.8620367675847262
Arab World,2022,4.577373033561671
Arab World,2023,-0.6321307941212524
Arab World,2024,-0.4656456064068663
Argentina,1961,3.697198142470782
Argentina,1962,-2.4812119556224417
Argentina,1963,-6.851643196213217
Argentina,1964,8.371062335271603
Argentina,1965,8.853455746052362
Argentina,1966,-2.169542718170433
Argentina,1967,1.6297229915498264
Argentina,1968,3.230850808178729
Argentina,1969,8.008685389568868
Argentina,1970,1.450585235702448
Argentina,1971,4.007823331574684
Argentina,1972,0.0320089147512163
Argentina,1973,1.1629035760346085
Argentina,1974,3.8122522471634426
Argentina,1975,-1.623206186216848
Argentina,1976,-3.5399533480205463
Argentina,1977,5.25406554729264
Argentina,1978,-6.020787796128502
Argentina,1979,8.476652165358729
Argentina,1980,-0.085639702838506
Argentina,1981,-6.696558857214811
Argentina,1982,-2.3153597537838664
Argentina,1983,2.690838015506557
Argentina,1984,-0.0338209216825902
Argentina,1985,-6.668386606260583
Argentina,1986,4.515050970923625
Argentina,1987,1.130142950144105
Argentina,1988,-2.611124782713219
Argentina,1989,-8.567869390271582
Argentina,1990,-3.911192292897141
Argentina,1991,7.575135073059187
Argentina,1992,6.453323571139109
Argentina,1993,6.752114947634169
Argentina,1994,4.427311622169626
Argentina,1995,-4.1099359865949765
Argentina,1996,4.208050172844935
Argentina,1997,6.805821142934249
Argentina,1998,2.6365406698450613
Argentina,1999,-4.493066551708409
Argentina,2000,-1.9068413922286709
Argentina,2001,-5.452639033040143
Argentina,2002,-11.842313817700756
Argentina,2003,7.718390380060882
Argentina,2004,7.929517130165323
Argentina,2005,7.73898107569444
Argentina,2006,6.941851600890246
Argentina,2007,7.932610112691634
Argentina,2008,3.00856892610517
Argentina,2009,-6.910312115305601
Argentina,2010,8.968196728992822
Argentina,2011,4.881272528041492
Argentina,2012,-2.0383253093713023
Argentina,2013,1.393512660566813
Argentina,2014,-3.513264210420033
Argentina,2015,1.6609125384392345
Argentina,2016,-3.024500955787616
Argentina,2017,1.9163960814885288
Argentina,2018,-3.4155368386781646
Argentina,2019,-2.695067235335742
Argentina,2020,-10.336109687851774
Argentina,2021,10.1485599877349
Argentina,2022,5.797479801693669
Argentina,2023,-2.137034735401244
Argentina,2024,-1.6835270052874591
Armenia,1991,-13.2111499901537
Armenia,1992,-41.11376353197949
Armenia,1993,-5.669733605055072
Armenia,1994,8.179314213956232
Armenia,1995,8.743158121609085
Armenia,1996,6.796794518684536
Armenia,1997,4.353752931953679
Armenia,1998,8.567105439782324
Armenia,1999,4.640952317493969
Armenia,2000,4.130758874261858
Armenia,2001,9.917354753617232
Armenia,2002,13.62452653083615
Armenia,2003,14.619701494095878
Armenia,2004,11.114490188077111
Armenia,2005,14.569701880623429
Armenia,2006,13.898653704173311
Armenia,2007,14.420824485047532
Armenia,2008,7.602947750748257
Armenia,2009,-13.508842140300176
Armenia,2010,2.911586968161941
Armenia,2011,5.284375308287252
Armenia,2012,7.334704541159837
Armenia,2013,3.371783587028432
Armenia,2014,3.8818767011025415
Armenia,2015,3.515995472570225
Armenia,2016,0.6118771511804084
Armenia,2017,7.965446064614241
Armenia,2018,5.568501178500114
Armenia,2019,7.836084386721637
Armenia,2020,-7.168664527316793
Armenia,2021,5.771427607583334
Armenia,2022,12.338333557637853
Armenia,2023,8.479020341665347
Armenia,2024,3.484216252306055
Aruba,1987,17.593205949568073
Aruba,1988,18.304687373615835
Aruba,1989,10.06693197536208
Aruba,1990,0.1344796962684569
Aruba,1991,2.8134346518556583
Aruba,1992,1.1118556063252925
Aruba,1993,0.4921947803880897
Aruba,1994,2.75152351032429
Aruba,1995,-0.2926431376930338
Aruba,1996,-2.733864297611305
Aruba,1997,2.9783966436664144
Aruba,1998,-0.4871595579643184
Aruba,1999,-0.1259657259943196
Aruba,2000,6.519223765794436
Aruba,2001,3.2124056879639227
Aruba,2002,-1.6280991524594557
Aruba,2003,-0.0338394415310148
Aruba,2004,5.026911515824821
Aruba,2005,-2.9308234940830857
Aruba,2006,-0.6732577003270706
Aruba,2007,2.32267757939195
Aruba,2008,1.0617723522018565
Aruba,2009,-12.27493627981424
Aruba,2010,-2.956952649755678
Aruba,2011,2.610525059372648
Aruba,2012,-2.484647977495697
Aruba,2013,4.855257957291741
Aruba,2014,0.35112842842166
Aruba,2015,2.556218740435142
Aruba,2016,0.4699126512032592
Aruba,2017,3.4858154928674168
Aruba,2018,3.048518448105696
Aruba,2019,0.9516636456504272
Aruba,2020,-23.466272979064318
Aruba,2021,15.675518951850648
Aruba,2022,11.0385203097525
Aruba,2023,7.657639656940177
Aruba,2024,6.181750775592704
Australia,1961,0.4619072737037868
Australia,1962,-1.1454351360011543
Australia,1963,4.196788196357531
Australia,1964,4.898756356345089
Australia,1965,3.920864284943491
Australia,1966,0.0699690591845438
Australia,1967,4.973445708319318
Australia,1968,3.257343378025638
Australia,1969,4.830356161531228
Australia,1970,5.083820588389983
Australia,1971,0.5442018266565043
Australia,1972,2.0144632119704085
Australia,1973,1.0616277264756917
Australia,1974,1.5045147094458144
Australia,1975,0.098681908405382
Australia,1976,1.5643562856800628
Australia,1977,2.4317791627371577
Australia,1978,-0.2711381846582981
Australia,1979,2.933179586551688
Australia,1980,1.786226664880019
Australia,1981,1.7409625968515885
Australia,1982,1.5526360379488438
Australia,1983,-3.554750628093103
Australia,1984,3.3166427647012995
Australia,1985,3.888543662044541
Australia,1986,2.4766632240772424
Australia,1987,1.0085423147692154
Australia,1988,4.045035947835672
Australia,1989,2.1352723948971715
Australia,1990,2.051335309415876
Australia,1991,-1.646292760603771
Australia,1992,-0.685109221290034
Australia,1993,3.124408909345661
Australia,1994,2.982238716166208
Australia,1995,2.7395309280597218
Australia,1996,2.6125172669228363
Australia,1997,2.7995858857527054
Australia,1998,3.638646074538116
Australia,1999,3.885498985736618
Australia,2000,2.733546090114288
Australia,2001,0.7297818691828013
Australia,2002,2.774036149312195
Australia,2003,1.912324813922368
Australia,2004,3.110570410616134
Australia,2005,1.9073909576527512
Australia,2006,1.3933984899891811
Australia,2007,1.9124961383100183
Australia,2008,1.5681198362492097
Australia,2009,-0.1247687414611959
Australia,2010,0.6322644960112314
Australia,2011,0.9817716215159606
Australia,2012,2.1533983277577136
Australia,2013,0.902732553895234
Australia,2014,1.0821814889093275
Australia,2015,0.7045117997244574
Australia,2016,1.1631281153860868
Australia,2017,0.6225109872987105
Australia,2018,1.3466306507712034
Australia,2019,0.6952095637733748
Australia,2020,-1.357747703207906
Australia,2021,1.8633268700033625
Australia,2022,2.917527279502025
Australia,2023,1.092514033642928
Australia,2024,-0.6277962632691896
Austria,1961,4.960717183491667
Austria,1962,2.021469666776383
Austria,1963,3.4714661593240947
Austria,1964,5.419336014151739
Austria,1965,2.810012785615413
Austria,1966,4.904479003778192
Austria,1967,2.241009758483699
Austria,1968,3.931241828877944
Austria,1969,5.909495926434531
Austria,1970,6.749434567853456
Austria,1971,4.64694258702778
Austria,1972,5.592381020092645
Austria,1973,4.3109064446142895
Austria,1974,3.7653731568099857
Austria,1975,-0.0990304305082361
Austria,1976,4.763369349898312
Austria,1977,5.039648225428081
Austria,1978,-0.1298304445952425
Austria,1979,5.536447972396601
Austria,1980,1.731377692918528
Austria,1981,-0.3986205581359314
Austria,1982,1.9381213524140009
Austria,1983,3.1396278874835843
Austria,1984,0.0575734873694386
Austria,1985,2.450566023597119
Austria,1986,2.2364019379299265
Austria,1987,1.2930452097559737
Austria,1988,3.1497464266193878
Austria,1989,3.420101753940316
Austria,1990,3.5535480818562206
Austria,1991,2.4139861681363755
Austria,1992,0.976092051303695
Austria,1993,-0.2987537998562288
Austria,1994,2.008761305035563
Austria,1995,2.510913051080294
Austria,1996,2.077848701597929
Austria,1997,2.030152415637261
Austria,1998,3.3793812628262003
Austria,1999,3.5602381471403106
Austria,2000,2.9416846420653826
Austria,2001,0.9298880609152748
Austria,2002,0.9863116838002952
Austria,2003,0.6500682958947124
Austria,2004,1.930896888785412
Austria,2005,1.625659095912965
Austria,2006,2.7596237006129627
Austria,2007,3.439385491599652
Austria,2008,1.136211312187868
Austria,2009,-3.838493076235622
Austria,2010,1.5645333788081928
Austria,2011,2.581103318529898
Austria,2012,0.1704886942116132
Austria,2013,-0.8369067953466356
Austria,2014,-0.0285805465757675
Austria,2015,0.1742597228213043
Austria,2016,1.0188772319298351
Austria,2017,1.5643068966353582
Austria,2018,1.9862629640023928
Austria,2019,1.303503175658733
Austria,2020,-6.706393610739738
Austria,2021,4.466965843644303
Austria,2022,4.328497511565587
Austria,2023,-1.763088598910329
Austria,2024,-1.159377786946294
Azerbaijan,1991,-2.012383103527512
Azerbaijan,1992,-23.76120215572577
Azerbaijan,1993,-24.25686416480805
Azerbaijan,1994,-20.77555854868081
Azerbaijan,1995,-12.813429438630592
Azerbaijan,1996,0.2802138895703336
Azerbaijan,1997,4.784282352386882
Azerbaijan,1998,8.960886762938088
Azerbaijan,1999,6.461584076116765
Azerbaijan,2000,10.19102926748164
Azerbaijan,2001,9.051822038187524
Azerbaijan,2002,8.625351065736425
Azerbaijan,2003,9.376460364306157
Azerbaijan,2004,8.301538479390587
Azerbaijan,2005,26.66009477002956
Azerbaijan,2006,32.99706657655156
Azerbaijan,2007,24.04867875895947
Azerbaijan,2008,8.293390955193843
Azerbaijan,2009,7.12223856098808
Azerbaijan,2010,3.5494554377938528
Azerbaijan,2011,-2.847182686482085
Azerbaijan,2012,0.8538859473716798
Azerbaijan,2013,4.483203167779635
Azerbaijan,2014,1.5224313553514437
Azerbaijan,2015,-0.1470247601339025
Azerbaijan,2016,-4.141174872597375
Azerbaijan,2017,-0.8243484683117828
Azerbaijan,2018,0.6248843746925701
Azerbaijan,2019,1.615829432871351
Azerbaijan,2020,-4.85235140794201
Azerbaijan,2021,5.151489359037086
Azerbaijan,2022,4.673317967871
Azerbaijan,2023,1.2326799286360313
Azerbaijan,2024,3.572895502299204
"Bahamas, The",1961,5.341905030458079
"Bahamas, The",1962,5.039960225250127
"Bahamas, The",1963,5.129045927542848
"Bahamas, The",1964,5.472593468083616
"Bahamas, The",1965,5.630973666816601
"Bahamas, The",1966,4.197024665544973
"Bahamas, The",1967,4.604745806896176
"Bahamas, The",1968,3.4356972401879773
"Bahamas, The",1969,4.149218202083489
"Bahamas, The",1970,-9.22052020394058
"Bahamas, The",1971,-1.501779657707374
"Bahamas, The",1972,-6.055908012142979
"Bahamas, The",1973,5.03040328662334
"Bahamas, The",1974,-18.599207234060454
"Bahamas, The",1975,-16.647625674146056
"Bahamas, The",1976,2.9221203328414878
"Bahamas, The",1977,6.83592798874075
"Bahamas, The",1978,11.83021660806844
"Bahamas, The",1979,23.66934653640089
"Bahamas, The",1980,4.527743963364728
"Bahamas, The",1981,-10.79470812347617
"Bahamas, The",1982,4.92512069760862
"Bahamas, The",1983,1.8680211445506671
"Bahamas, The",1984,12.260367064179874
"Bahamas, The",1985,3.052309063131986
"Bahamas, The",1986,0.0649144081291979
"Bahamas, The",1987,1.254972311375127
"Bahamas, The",1988,0.5768227814923819
"Bahamas, The",1989,4.865747119543059
"Bahamas, The",1990,-3.296191759463113
"Bahamas, The",1991,-5.815327371383688
"Bahamas, The",1992,-5.573309074822561
"Bahamas, The",1993,-1.555541082457637
"Bahamas, The",1994,1.3503874431031022
"Bahamas, The",1995,2.6641568464707603
"Bahamas, The",1996,2.5876999442699
"Bahamas, The",1997,-0.2225844674193382
"Bahamas, The",1998,3.2345435742758184
"Bahamas, The",1999,5.720718619555726
"Bahamas, The",2000,2.790905518430506
"Bahamas, The",2001,1.3735339995390063
"Bahamas, The",2002,1.5348629318823015
"Bahamas, The",2003,-2.4428489492103864
"Bahamas, The",2004,-0.3539313106999628
"Bahamas, The",2005,2.159759354526898
"Bahamas, The",2006,1.1979647331660033
"Bahamas, The",2007,0.0223161568588636
"Bahamas, The",2008,-3.6290178356787095
"Bahamas, The",2009,-5.414140447022561
"Bahamas, The",2010,0.2488370375535424
"Bahamas, The",2011,-0.5374163552383067
"Bahamas, The",2012,3.478927762708082
"Bahamas, The",2013,-3.756252482478999
"Bahamas, The",2014,0.9558377796056164
"Bahamas, The",2015,0.198544914739557
"Bahamas, The",2016,-1.846531484441812
"Bahamas, The",2017,2.7281154949569952
"Bahamas, The",2018,1.815978173695896
"Bahamas, The",2019,-1.3305299995626283
"Bahamas, The",2020,-20.32918135592692
"Bahamas, The",2021,17.434844816468015
"Bahamas, The",2022,10.55296909904864
"Bahamas, The",2023,2.5575604618712617
"Bahamas, The",2024,2.903871234629875
Bahrain,1971,-1.001589810754382
Bahrain,1972,5.851353498483974
Bahrain,1973,8.031073462196403
Bahrain,1974,2.9413234684539447
Bahrain,1975,-13.406877581610104
Bahrain,1976,24.072133546539447
Bahrain,1977,7.61285509034586
Bahrain,1978,-0.9574680074307054
Bahrain,1979,-1.173423458305379
Bahrain,1980,-1.8549466101652143
Bahrain,1981,-9.003912418811183
Bahrain,1982,-10.771348262628097
Bahrain,1983,2.7330429043079363
Bahrain,1984,1.3496100140116596
Bahrain,1985,-8.123037602759894
Bahrain,1986,-2.4282390760739787
Bahrain,1987,6.4472431457541575
Bahrain,1988,3.193126764409129
Bahrain,1989,-3.147028852624345
Bahrain,1990,0.893819936325329
Bahrain,1991,13.82693920875566
Bahrain,1992,3.9205839351172216
Bahrain,1993,9.939399205169082
Bahrain,1994,-2.841207904877379
Bahrain,1995,1.2311327478418974
Bahrain,1996,1.40416077716732
Bahrain,1997,0.4115295253144637
Bahrain,1998,2.0652715367719168
Bahrain,1999,1.5879822960744576
Bahrain,2000,2.5596469137085336
Bahrain,2001,-1.187353567614025
Bahrain,2002,-3.812875133079956
Bahrain,2003,-1.2065719291117318
Bahrain,2004,-0.7105826456878646
Bahrain,2005,-1.0488031697408076
Bahrain,2006,-1.4703803248099092
Bahrain,2007,0.0756469326690165
Bahrain,2008,0.0637144631576234
Bahrain,2009,-3.9791977256287367
Bahrain,2010,0.0771669589062469
Bahrain,2011,4.787472096971939
Bahrain,2012,2.6057812343001103
Bahrain,2013,1.5766868455926044
Bahrain,2014,-0.5608554631381821
Bahrain,2015,-1.6632927871623906
Bahrain,2016,-0.0791098754103387
Bahrain,2017,-0.4570571661101752
Bahrain,2018,1.918495728888729
Bahrain,2019,3.382740869379532
Bahrain,2020,-5.173074009324637
Bahrain,2021,2.119198224974994
Bahrain,2022,4.76451212539493
Bahrain,2023,0.4288593798565898
Bahrain,2024,1.8539035986906212
Bangladesh,1961,3.1104197190557272
Bangladesh,1962,2.434773841256572
Bangladesh,1963,-3.315593023856792
Bangladesh,1964,7.7603331957589745
Bangladesh,1965,-1.3182251654015855
Bangladesh,1966,-0.3724706921219081
Bangladesh,1967,-4.720391729882152
Bangladesh,1968,6.313411168743002
Bangladesh,1969,-1.615764764008517
Bangladesh,1970,2.92079667006378
Bangladesh,1971,-7.11748025644755
Bangladesh,1972,-15.612517238112332
Bangladesh,1973,0.4093643796716719
Bangladesh,1974,6.532698862507601
Bangladesh,1975,-6.570574215016833
Bangladesh,1976,3.0137617396393352
Bangladesh,1977,0.1497929735130583
Bangladesh,1978,4.492528204433583
Bangladesh,1979,2.307157781587293
Bangladesh,1980,-1.5649689652999683
Bangladesh,1981,4.518544664813163
Bangladesh,1982,-0.6292525945491008
Bangladesh,1983,1.134446241183369
Bangladesh,1984,2.1463300903981803
Bangladesh,1985,0.8280297511726644
Bangladesh,1986,1.755949338190348
Bangladesh,1987,1.4749596769563027
Bangladesh,1988,0.2605665605804432
Bangladesh,1989,0.752490665566441
Bangladesh,1990,3.5408054143984344
Bangladesh,1991,1.5267962884061743
Bangladesh,1992,3.473838199563445
Bangladesh,1993,2.779078566649403
Bangladesh,1994,1.981565712117316
Bangladesh,1995,3.185893832919916
Bangladesh,1996,2.629544607460474
Bangladesh,1997,2.571023780071016
Bangladesh,1998,3.209952444195835
Bangladesh,1999,2.7006924924019278
Bangladesh,2000,3.3867135898368588
Bangladesh,2001,3.340278822449477
Bangladesh,2002,2.2428605848182883
Bangladesh,2003,3.226324776393625
Bangladesh,2004,3.816356850424569
Bangladesh,2005,5.201313686724134
Bangladesh,2006,5.440428814558814
Bangladesh,2007,5.913202755895071
Bangladesh,2008,4.960571702425327
Bangladesh,2009,4.070764216406687
Bangladesh,2010,4.650462973555136
Bangladesh,2011,5.501503282369001
Bangladesh,2012,5.50548020192592
Bangladesh,2013,5.0234183969507455
Bangladesh,2014,5.099054601979418
Bangladesh,2015,5.604495397324342
Bangladesh,2016,6.161815600147818
Bangladesh,2017,5.687103070102651
Bangladesh,2018,6.441974947024846
Bangladesh,2019,6.972643997791522
Bangladesh,2020,2.586478165645815
Bangladesh,2021,6.070694170209691
Bangladesh,2022,6.008474628872776
Bangladesh,2023,4.490704093943904
Bangladesh,2024,2.964998379549172
Barbados,1961,6.654892408504892
Barbados,1962,8.098228702337323
Barbados,1963,-6.010627007906734
Barbados,1964,3.954205609836123
Barbados,1965,10.30448431742687
Barbados,1966,2.9085586967719763
Barbados,1967,9.698090223665346
Barbados,1968,6.298462034108113
Barbados,1969,7.128751654253108
Barbados,1970,9.53443250762993
Barbados,1971,4.004053935409772
Barbados,1972,1.075032107580128
Barbados,1973,1.071885757023793
Barbados,1974,-4.823839032304306
Barbados,1975,-2.0554446130740303
Barbados,1976,4.249393500189896
Barbados,1977,3.566418017996625
Barbados,1978,4.908208399545728
Barbados,1979,8.01409681058935
Barbados,1980,4.267249337271608
Barbados,1981,-2.189848630956064
Barbados,1982,-5.2109277138603005
Barbados,1983,0.1463221741401668
Barbados,1984,3.2232316392446734
Barbados,1985,0.7425662251215641
Barbados,1986,4.777326285243561
Barbados,1987,2.327390779956204
Barbados,1988,3.311030860072933
Barbados,1989,3.461122239053722
Barbados,1990,-3.48446373308893
Barbados,1991,-4.192979721405663
Barbados,1992,-6.016460945944431
Barbados,1993,0.4996015538837355
Barbados,1994,1.7795601895994366
Barbados,1995,1.850877928285996
Barbados,1996,3.879351747895953
Barbados,1997,4.696992519559643
Barbados,1998,3.711073199529324
Barbados,1999,0.3036976541010574
Barbados,2000,4.6281347602248815
Barbados,2001,-2.5001458212610856
Barbados,2002,0.1299800807415607
Barbados,2003,1.5496090723600986
Barbados,2004,0.8341586975766404
Barbados,2005,3.410738132644965
Barbados,2006,5.561411366264693
Barbados,2007,1.5952928300061444
Barbados,2008,0.1072561613006684
Barbados,2009,-5.505489282787266
Barbados,2010,-2.6155998628728554
Barbados,2011,-0.6337875470600665
Barbados,2012,-3.6925708989951143
Barbados,2013,-2.028363840269634
Barbados,2014,0.505392415183394
Barbados,2015,-1.3979025048784308
Barbados,2016,1.275796936208991
Barbados,2017,0.5024199961589204
Barbados,2018,-1.4659381704969547
Barbados,2019,0.050927970591033
Barbados,2020,-14.51397435859792
Barbados,2021,-0.2557608556835049
Barbados,2022,17.155458616124932
Barbados,2023,2.9077961756722885
Barbados,2024,2.434733839532967
Belarus,1991,-1.24556719322608
Belarus,1992,-9.798383500742432
Belarus,1993,-7.803770138138731
Belarus,1994,-11.595575079305206
Belarus,1995,-10.108852684303372
Belarus,1996,3.146685980964349
Belarus,1997,11.863952197098412
Belarus,1998,8.88936445502398
Belarus,1999,3.8663786949218775
Belarus,2000,6.299636281992306
Belarus,2001,5.2638921881462295
Belarus,2002,5.716082514330594
Belarus,2003,7.794917818678314
Belarus,2004,12.212618426407104
Belarus,2005,10.149767164698105
Belarus,2006,10.675586717124162
Belarus,2007,9.099460040686964
Belarus,2008,10.581305038427956
Belarus,2009,0.4467057174452264
Belarus,2010,7.98573283435519
Belarus,2011,5.797550173294596
Belarus,2012,1.8672697367038185
Belarus,2013,1.037490048028559
Belarus,2014,1.594062024662236
Belarus,2015,-3.957251263650804
Belarus,2016,-2.6119138156723807
Belarus,2017,2.64480751685403
Belarus,2018,3.3699915078144898
Belarus,2019,1.6513675093432028
Belarus,2020,-0.2512246852960942
Belarus,2021,3.2908174937027894
Belarus,2022,-3.8885400802651873
Belarus,2023,4.691207973908163
Belarus,2024,4.529964448806538
Belgium,1961,4.630257134107495
Belgium,1962,4.79403451766467
Belgium,1963,3.5743535407998053
Belgium,1964,5.9491393563051815
Belgium,1965,2.6244446611202363
Belgium,1966,2.461462453438344
Belgium,1967,3.2915757417689946
Belgium,1968,3.7850443643079785
Belgium,1969,6.328283646559754
Belgium,1970,6.247845513244471
Belgium,1971,3.796488656238424
Belgium,1972,4.884088167824331
Belgium,1973,6.047488541542251
Belgium,1974,4.236778029826027
Belgium,1975,-2.248829961955863
Belgium,1976,5.464140148771364
Belgium,1977,0.5019784351242436
Belgium,1978,2.7459901159859754
Belgium,1979,2.24912760560818
Belgium,1980,4.329008291076548
Belgium,1981,-0.2766537615169255
Belgium,1982,0.6223290651472269
Belgium,1983,0.3198125710059685
Belgium,1984,2.467921208665345
Belgium,1985,1.6215190469375074
Belgium,1986,1.7864698579214178
Belgium,1987,2.219478239087948
Belgium,1988,4.390794858474891
Belgium,1989,3.0939991180345885
Belgium,1990,2.830267877123702
Belgium,1991,1.455371861568878
Belgium,1992,1.119565668497316
Belgium,1993,-1.3479994777752893
Belgium,1994,2.90931869867012
Belgium,1995,2.170550242994082
Belgium,1996,1.1236502689184815
Belgium,1997,3.542803056132413
Belgium,1998,1.7443479765697276
Belgium,1999,3.3056810967503623
Belgium,2000,3.465478231515021
Belgium,2001,0.752467698420773
Belgium,2002,1.2519942818429683
Belgium,2003,0.6158525272696949
Belgium,2004,3.1239312841995
Belgium,2005,1.760456464573366
Belgium,2006,1.878174189162138
Belgium,2007,2.9183815198370557
Belgium,2008,-0.3434761369082508
Belgium,2009,-2.6925347172256835
Belgium,2010,1.7761834163912056
Belgium,2011,0.6136169278573078
Belgium,2012,-0.403775116080638
Belgium,2013,-0.1661730607286244
Belgium,2014,1.3147746230646362
Belgium,2015,0.887876358046185
Belgium,2016,0.6824548327146545
Belgium,2017,1.084311512625419
Belgium,2018,1.4152893745753945
Belgium,2019,1.8907193204418744
Belgium,2020,-5.202440110032015
Belgium,2021,5.818010226520599
Belgium,2022,3.1194854077064065
Belgium,2023,0.852949954251983
Belgium,2024,0.4000040349723832
Belize,1961,2.2999930793588845
Belize,1962,2.260561179975753
Belize,1963,2.125808996560636
Belize,1964,2.0039579240909973
Belize,1965,1.851041394693965
Belize,1966,1.6337202718631687
Belize,1967,1.7394804891338396
Belize,1968,4.146573712612593
Belize,1969,2.1439136017066858
Belize,1970,2.467367879274548
Belize,1971,2.2079482356206057
Belize,1972,8.564268933118413
Belize,1973,3.8779924041574247
Belize,1974,12.018507084250745
Belize,1975,1.8433294173211292
Belize,1976,-2.070908779007368
Belize,1977,4.311598746772077
Belize,1978,5.722136529010285
Belize,1979,5.266933437948751
Belize,1980,9.493481894736576
Belize,1981,-1.397991874210092
Belize,1982,-2.5702006939033737
Belize,1983,-4.494565163004111
Belize,1984,-0.4113002563338739
Belize,1985,-1.3072839390806337
Belize,1986,2.202531428842008
Belize,1987,8.281554271421811
Belize,1988,7.380629877117556
Belize,1989,10.533029787436844
Belize,1990,8.92908092614448
Belize,1991,9.40974058942497
Belize,1992,10.408691963730732
Belize,1993,4.003713519095385
Belize,1994,-2.1265783887578493
Belize,1995,-1.7597650432066274
Belize,1996,-1.858001259480062
Belize,1997,0.813912719992345
Belize,1998,0.3278440395838515
Belize,1999,5.720650236669059
Belize,2000,8.632863124714675
Belize,2001,1.789381352015937
Belize,2002,2.2577972024091792
Belize,2003,6.434472086031278
Belize,2004,1.7308229572525278
Belize,2005,-0.7198793178571634
Belize,2006,1.5537613407531126
Belize,2007,0.4699055722412311
Belize,2008,-4.297515667466357
Belize,2009,-3.07491344525414
Belize,2010,-0.9992270918899636
Belize,2011,-2.2821851242229485
Belize,2012,1.7320697175338182
Belize,2013,1.869240524135023
Belize,2014,1.719867525970244
Belize,2015,0.6233447237447507
Belize,2016,-2.31386521552362
Belize,2017,-4.068281536701818
Belize,2018,-1.0404400465437649
Belize,2019,2.742575303564365
Belize,2020,-14.625515261795613
Belize,2021,16.63676460676254
Belize,2022,7.246621034898084
Belize,2023,-1.5467591659572832
Belize,2024,2.024083473283582
Benin,1961,1.4511440835753149
Benin,1962,-5.11105170438546
Benin,1963,2.8252807578345767
Benin,1964,4.635480100207872
Benin,1965,3.234781724603096
Benin,1966,1.5008616872173943
Benin,1967,-0.9860937201402606
Benin,1968,1.6743655212152078
Benin,1969,0.6826774577746448
Benin,1970,-0.1285317276143445
Benin,1971,-3.687325251938418
Benin,1972,4.011657804558084
Benin,1973,1.30726050101147
Benin,1974,0.9073003541187176
Benin,1975,-7.180182238293369
Benin,1976,-1.594456394922389
Benin,1977,2.3467300725369142
Benin,1978,-1.3347207342317375
Benin,1979,3.7395567852372977
Benin,1980,3.87849215726132
Benin,1981,6.875964567036789
Benin,1982,-0.6743537109364866
Benin,1983,-7.083547190404616
Benin,1984,4.820793288169128
Benin,1985,4.399750497000937
Benin,1986,-0.8316115717759942
Benin,1987,-4.424573154993055
Benin,1988,0.3065275334497102
Benin,1989,-5.781173642333059
Benin,1990,5.678424808236926
Benin,1991,1.0598940649024513
Benin,1992,-0.1745776936056415
Benin,1993,1.2431244354412598
Benin,1994,-1.7247226803154518
Benin,1995,3.826683555583415
Benin,1996,1.6298602144386225
Benin,1997,2.658915883991341
Benin,1998,0.8048306251079396
Benin,1999,2.132400378754795
Benin,2000,2.650431499731539
Benin,2001,2.1645243905675784
Benin,2002,1.5096402569830332
Benin,2003,0.3369765108695048
Benin,2004,1.2807799435256442
Benin,2005,-1.510433394922046
Benin,2006,0.7500896977733191
Benin,2007,2.900175704286596
Benin,2008,1.7764706960941226
Benin,2009,-0.7037431556033056
Benin,2010,-0.8882448051443532
Benin,2011,-0.0571230167535077
Benin,2012,1.7464775302132691
Benin,2013,4.0766680269640005
Benin,2014,3.260772170607339
Benin,2015,-1.1843204375033594
Benin,2016,0.3611661399031192
Benin,2017,2.6704172004729827
Benin,2018,3.737015542791639
Benin,2019,3.982113265617926
Benin,2020,1.1202026480680445
Benin,2021,4.413354351197569
Benin,2022,3.5804340804717896
Benin,2023,3.7033251275418166
Benin,2024,4.840178690826974
Bermuda,1961,2.45886043672175
Bermuda,1962,1.834576099679737
Bermuda,1963,-1.384302387502359
Bermuda,1964,8.548317160879776
Bermuda,1965,2.440142447914837
Bermuda,1966,11.83526072378116
Bermuda,1967,11.033056923698268
Bermuda,1968,0.302356940952734
Bermuda,1969,1.6179320550961336
Bermuda,1970,4.643896683025204
Bermuda,1971,2.4878105786786904
Bermuda,1972,1.4347692398888086
Bermuda,1973,1.2095858042222147
Bermuda,1974,0.6680462026434952
Bermuda,1975,3.625537104167222
Bermuda,1976,8.772713552636063
Bermuda,1977,5.675004011391209
Bermuda,1978,1.2458193962484216
Bermuda,1979,1.9838230272711428
Bermuda,1980,7.630187382777521
Bermuda,1981,1.7666325289617646
Bermuda,1982,-5.964594590575288
Bermuda,1983,1.282647804162849
Bermuda,1984,-0.23256408613058
Bermuda,1985,-2.6703553191421747
Bermuda,1986,6.013944307859049
Bermuda,1987,3.056673772261348
Bermuda,1988,3.2597311052716407
Bermuda,1989,-0.3121791745866176
Bermuda,1990,-0.727990781411421
Bermuda,1991,-4.241437275204262
Bermuda,1992,-0.7835338336644355
Bermuda,1993,2.292256868656196
Bermuda,1994,-0.042793868031282
Bermuda,1995,3.816873067968672
Bermuda,1996,2.108168799186245
Bermuda,1997,3.9672939894053623
Bermuda,1998,3.1084006278220078
Bermuda,1999,2.562337749965863
Bermuda,2000,8.560550259260083
Bermuda,2001,6.673039056924225
Bermuda,2002,-1.913785698999149
Bermuda,2003,3.0062535555154284
Bermuda,2004,2.0448337780914585
Bermuda,2005,1.4212811702547017
Bermuda,2006,5.337260155072258
Bermuda,2007,3.056475296956606
Bermuda,2008,-2.315543074540784
Bermuda,2009,-6.020136318346076
Bermuda,2010,-2.747672945788864
Bermuda,2011,-3.754826881313648
Bermuda,2012,-5.175857523971459
Bermuda,2013,-0.1667714801962034
Bermuda,2014,-3.6328554077387167
Bermuda,2015,0.8787442689385756
Bermuda,2016,-0.6337206400968682
Bermuda,2017,3.4011918783493087
Bermuda,2018,-0.8274449886884412
Bermuda,2019,-0.1247459321532318
Bermuda,2020,-7.225547894474189
Bermuda,2021,4.17701251227291
Bermuda,2022,6.310136678879715
Bermuda,2023,4.99991948921101
Bermuda,2024,6.074183337477862
Bhutan,1971,-0.759182925944728
Bhutan,1972,-2.2223903860187875
Bhutan,1973,-1.9302413144322088
Bhutan,1974,1.6385930744801271
Bhutan,1975,-6.546261512843728
Bhutan,1976,5.299031630617009
Bhutan,1977,4.278527584826136
Bhutan,1978,3.530276937271992
Bhutan,1979,1.3020180842296298
Bhutan,1980,1.56727256680405
Bhutan,1981,11.412354241370366
Bhutan,1982,0.1633665151543653
Bhutan,1983,6.967470378777449
Bhutan,1984,1.3052826442664411
Bhutan,1985,0.8347822259939335
Bhutan,1986,8.00745745286568
Bhutan,1987,25.178805004912945
Bhutan,1988,1.6771280738936412
Bhutan,1989,4.248618374271146
Bhutan,1990,7.442063156061863
Bhutan,1991,-2.150867413796448
Bhutan,1992,8.585607792690197
Bhutan,1993,6.233890874305075
Bhutan,1994,4.9848158339958815
Bhutan,1995,8.345745823136113
Bhutan,1996,5.412245113413562
Bhutan,1997,3.5041831485530963
Bhutan,1998,3.916779512533793
Bhutan,1999,5.547664743415311
Bhutan,2000,0.8815965854264647
Bhutan,2001,4.880426958485899
Bhutan,2002,8.035595240297539
Bhutan,2003,5.546187246683502
Bhutan,2004,3.075106681610976
Bhutan,2005,5.105979516762019
Bhutan,2006,4.233833835761885
Bhutan,2007,14.763140998634851
Bhutan,2008,3.355236092679263
Bhutan,2009,6.482664060908576
Bhutan,2010,10.712420842869562
Bhutan,2011,7.304769408710612
Bhutan,2012,4.006257825917999
Bhutan,2013,0.6149967008643955
Bhutan,2014,4.745065435907648
Bhutan,2015,5.583706034647221
Bhutan,2016,7.424640568417857
Bhutan,2017,1.2113723912888616
Bhutan,2018,2.7629610277693786
Bhutan,2019,5.054791532015116
Bhutan,2020,-10.82261123810649
Bhutan,2021,3.689353192219343
Bhutan,2022,4.476615996034866
Bhutan,2023,3.904215221330489
Bolivia,1961,0.0249947459172403
Bolivia,1962,3.4232155112096763
Bolivia,1963,4.590046497789203
Bolivia,1964,1.7838420697169963
Bolivia,1965,2.6976417642729587
Bolivia,1966,4.880108753297591
Bolivia,1967,4.013276707770075
Bolivia,1968,6.146364268142307
Bolivia,1969,2.162936904098032
Bolivia,1970,2.8976566753010222
Bolivia,1971,2.728298212322187
Bolivia,1972,5.569386165551208
Bolivia,1973,3.3871101428565566
Bolivia,1974,0.6384035465002853
Bolivia,1975,4.907603383743336
Bolivia,1976,2.2470901580419
Bolivia,1977,2.577383783317515
Bolivia,1978,-0.2641501980242111
Bolivia,1979,-2.1202234262669606
Bolivia,1980,-3.5648033689546565
Bolivia,1981,-1.9248374768232992
Bolivia,1982,-6.013474416593695
Bolivia,1983,-6.085977744272071
Bolivia,1984,-2.31057153866044
Bolivia,1985,-3.7347051763011336
Bolivia,1986,-4.600383640971614
Bolivia,1987,0.3248025432440471
Bolivia,1988,0.7514045319351794
Bolivia,1989,1.615876343041876
Bolivia,1990,2.458349784474052
Bolivia,1991,3.09553411801879
Bolivia,1992,-0.4061347143042866
Bolivia,1993,2.2213974742628864
Bolivia,1994,2.6608716874760177
Bolivia,1995,2.719495973022702
Bolivia,1996,2.448117813988788
Bolivia,1997,3.076060508235372
Bolivia,1998,3.191219700026309
Bolivia,1999,-1.3111805742546494
Bolivia,2000,0.7626474907877139
Bolivia,2001,-0.0171004578048155
Bolivia,2002,0.7857664906561155
Bolivia,2003,1.0051583938264628
Bolivia,2004,2.435011684102008
Bolivia,2005,2.6760065963821376
Bolivia,2006,3.025736246287707
Bolivia,2007,2.7910034198735474
Bolivia,2008,4.371629808659634
Bolivia,2009,1.6500771107567118
Bolivia,2010,2.4284571305269083
Bolivia,2011,3.5106497172213267
Bolivia,2012,3.4540636116040133
Bolivia,2013,5.128470926555039
Bolivia,2014,3.844184168285537
Bolivia,2015,3.278651557872408
Bolivia,2016,2.722207156904304
Bolivia,2017,2.68372843487559
Bolivia,2018,1.4041199419002195
Bolivia,2019,0.0889440250061426
Bolivia,2020,-13.78986199674263
Bolivia,2021,8.913205288660635
Bolivia,2022,2.5465333552263587
Bolivia,2023,1.1180872866282527
Bolivia,2024,-2.4707460439636293
Bosnia and Herzegovina,1991,-9.545073160326597
Bosnia and Herzegovina,1992,-1.4936991765669774
Bosnia and Herzegovina,1993,6.089470198760225
Bosnia and Herzegovina,1994,16.473764207618572
Bosnia and Herzegovina,1995,16.275671744673545
Bosnia and Herzegovina,1996,47.84541898143229
Bosnia and Herzegovina,1997,31.779012616101483
Bosnia and Herzegovina,1998,14.587985161945651
Bosnia and Herzegovina,1999,8.435742679700425
Bosnia and Herzegovina,2000,4.667607000324935
Bosnia and Herzegovina,2001,1.9413442324094632
Bosnia and Herzegovina,2002,4.812675161429453
Bosnia and Herzegovina,2003,4.102758628473339
Bosnia and Herzegovina,2004,7.289053939149937
Bosnia and Herzegovina,2005,5.025660971564136
Bosnia and Herzegovina,2006,6.275859793632165
Bosnia and Herzegovina,2007,7.173920727196801
Bosnia and Herzegovina,2008,7.201551284752256
Bosnia and Herzegovina,2009,-1.3106934120428804
Bosnia and Herzegovina,2010,2.673720428568771
Bosnia and Herzegovina,2011,2.839424259486023
Bosnia and Herzegovina,2012,1.1153201578636924
Bosnia and Herzegovina,2013,4.029414352502727
Bosnia and Herzegovina,2014,2.45997274934615
Bosnia and Herzegovina,2015,5.656035112012887
Bosnia and Herzegovina,2016,4.595970256232064
Bosnia and Herzegovina,2017,4.578688077895492
Bosnia and Herzegovina,2018,5.10677209046635
Bosnia and Herzegovina,2019,4.161095451572081
Bosnia and Herzegovina,2020,-1.657507076671692
Bosnia and Herzegovina,2021,9.193424805177555
Bosnia and Herzegovina,2022,5.531111180932854
Bosnia and Herzegovina,2023,2.6261684915635186
Bosnia and Herzegovina,2024,3.649044509556248
Botswana,1961,3.9710442256500182
Botswana,1962,4.2489326815114765
Botswana,1963,3.473026665385447
Botswana,1964,4.3231098302965165
Botswana,1965,4.26761564409675
Botswana,1966,5.754758707540944
Botswana,1967,5.3653377398334925
Botswana,1968,9.992793820079696
Botswana,1969,14.51549598497968
Botswana,1970,16.47190752972105
Botswana,1971,23.69496703549892
Botswana,1972,21.91049371729497
Botswana,1973,15.725053809099435
Botswana,1974,3.553518252637218
Botswana,1975,3.1875752078046133
Botswana,1976,5.085453592660642
Botswana,1977,6.259118615440244
Botswana,1978,7.646416963598625
Botswana,1979,5.618852740868704
Botswana,1980,7.717235396977685
Botswana,1981,5.409370658023335
Botswana,1982,7.800910598150224
Botswana,1983,9.159207714219749
Botswana,1984,4.786872270574975
Botswana,1985,3.469752495068562
Botswana,1986,4.565606848472783
Botswana,1987,8.288303374183442
Botswana,1988,15.939493431742235
Botswana,1989,9.96224637065322
Botswana,1990,3.8762006085452327
Botswana,1991,4.5707317820370434
Botswana,1992,0.0625321470667756
Botswana,1993,-0.9604215411281984
Botswana,1994,0.7953697618555964
Botswana,1995,4.2588119460790494
Botswana,1996,3.2749972547158563
Botswana,1997,5.860027429790989
Botswana,1998,-1.7571097715149475
Botswana,1999,7.323082452663442
Botswana,2000,-0.1637727148685712
Botswana,2001,-1.791143000467585
Botswana,2002,4.093208373505064
Botswana,2003,2.8009737939559187
Botswana,2004,0.9206920819480332
Botswana,2005,2.69660633056192
Botswana,2006,6.361425591806125
Botswana,2007,3.761895522965503
Botswana,2008,1.1992313160418036
Botswana,2009,-15.899714907887471
Botswana,2010,7.821146993920777
Botswana,2011,4.75557328946104
Botswana,2012,-1.8317590038736429
Botswana,2013,9.438710739602612
Botswana,2014,4.170990129444107
Botswana,2015,-6.199954122454926
Botswana,2016,5.693194553883956
Botswana,2017,2.6459126098983035
Botswana,2018,2.7207143307998933
Botswana,2019,1.5763909406789909
Botswana,2020,-10.033238322274158
Botswana,2021,10.259647212854702
Botswana,2022,3.8236308432145303
Botswana,2023,1.5289381798400117
Botswana,2024,-4.563454906211248
Brazil,1961,5.372339416450529
Brazil,1962,3.4659107618658425
Brazil,1963,-2.3214019083238213
Brazil,1964,0.4506446454253847
Brazil,1965,-0.4453262747984468
Brazil,1966,3.824038278483215
Brazil,1967,1.482357867937779
Brazil,1968,7.022831241891765
Brazil,1969,6.787928483847196
Brazil,1970,7.703105279983873
Brazil,1971,8.650323901455593
Brazil,1972,9.249307736215217
Brazil,1973,11.242630327599556
Brazil,1974,5.592672803310549
Brazil,1975,2.6944215309107733
Brazil,1976,7.66231519452694
Brazil,1977,2.4596571731236025
Brazil,1978,2.494907462639233
Brazil,1979,4.252577515183404
Brazil,1980,6.653382114818584
Brazil,1981,-6.453945219524897
Brazil,1982,-1.4420711455688036
Brazil,1983,-5.074170994982879
Brazil,1984,3.120693961317073
Brazil,1985,5.576472452488275
Brazil,1986,5.29820398316059
Brazil,1987,1.498671698561992
Brazil,1988,-1.9510165069395955
Brazil,1989,1.2752627852494811
Brazil,1990,-6.043271763008846
Brazil,1991,-0.6865034057311874
Brazil,1992,-2.188501405032284
Brazil,1993,3.2386779519549123
Brazil,1994,4.2109403054947165
Brazil,1995,2.632056303616864
Brazil,1996,0.672968776246492
Brazil,1997,1.8692443488235
Brazil,1998,-1.143603909313967
Brazil,1999,-0.984800297786677
Brazil,2000,2.962220447124352
Brazil,2001,0.0770005208743356
Brazil,2002,1.782043081438303
Brazil,2003,-0.0458328306526993
Brazil,2004,4.571693673148474
Brazil,2005,2.07730833921147
Brazil,2006,2.8675208375460954
Brazil,2007,5.001470158927205
Brazil,2008,4.092216268718559
Brazil,2009,-1.0163236222852277
Brazil,2010,6.627829949291382
Brazil,2011,3.1316985440910514
Brazil,2012,1.0973329375466392
Brazil,2013,2.17333080616082
Brazil,2014,-0.3031635724692449
Brazil,2015,-4.306397559893156
Brazil,2016,-4.010127192057794
Brazil,2017,0.5876689286014738
Brazil,2018,1.0904086042094434
Brazil,2019,0.5629708366953423
Brazil,2020,-3.835505466249572
Brazil,2021,4.3179316178023015
Brazil,2022,2.646315324265487
Brazil,2023,2.833700127680672
Brazil,2024,3.00083291987643
Brunei Darussalam,1975,-4.048254768677708
Brunei Darussalam,1976,16.783360630605145
Brunei Darussalam,1977,6.251750911617819
Brunei Darussalam,1978,3.587966825784733
Brunei Darussalam,1979,20.521858578172257
Brunei Darussalam,1980,-12.4679873180703
Brunei Darussalam,1981,-24.756413420195173
Brunei Darussalam,1982,-0.8929890763256765
Brunei Darussalam,1983,-2.825312886656434
Brunei Darussalam,1984,-5.568272689145829
Brunei Darussalam,1985,-6.12623933511351
Brunei Darussalam,1986,-8.57124115256731
Brunei Darussalam,1987,-1.131393358814421
Brunei Darussalam,1988,-4.418511929452194
Brunei Darussalam,1989,-5.530349005417534
Brunei Darussalam,1990,-0.2630266474511842
Brunei Darussalam,1991,0.0482383620452822
Brunei Darussalam,1992,-5.721048556073569
Brunei Darussalam,1993,-3.1923320140905247
Brunei Darussalam,1994,-1.53838455173792
Brunei Darussalam,1995,-1.125177174513183
Brunei Darussalam,1996,-2.4006427841303832
Brunei Darussalam,1997,3.88335184862585
Brunei Darussalam,1998,-8.76195618128142
Brunei Darussalam,1999,1.967326400110366
Brunei Darussalam,2000,1.2515924816351998
Brunei Darussalam,2001,-0.6406052676188096
Brunei Darussalam,2002,1.896876645120301
Brunei Darussalam,2003,1.6297182741873255
Brunei Darussalam,2004,-1.6751054292325875
Brunei Darussalam,2005,-1.6769530681531537
Brunei Darussalam,2006,2.457846963036232
Brunei Darussalam,2007,-5.3750317488466095
Brunei Darussalam,2008,-5.660952947947408
Brunei Darussalam,2009,-3.724626798965886
Brunei Darussalam,2010,0.8087377690713282
Brunei Darussalam,2011,1.9112954911983733
Brunei Darussalam,2012,-0.6216237168513601
Brunei Darussalam,2013,-3.4684184157217146
Brunei Darussalam,2014,-3.805754681769784
Brunei Darussalam,2015,-1.6809705257192462
Brunei Darussalam,2016,-3.698643000094691
Brunei Darussalam,2017,0.1093316215588657
Brunei Darussalam,2018,-1.0989590906448825
Brunei Darussalam,2019,2.7261650628599625
Brunei Darussalam,2020,0.0657353317528475
Brunei Darussalam,2021,-2.5312384209191947
Brunei Darussalam,2022,-2.4166096886206674
Brunei Darussalam,2023,0.3390253186902612
Brunei Darussalam,2024,3.204303818815489
Bulgaria,1981,4.5511442294511255
Bulgaria,1982,2.032294164145213
Bulgaria,1983,3.172520881908269
Bulgaria,1984,3.15480736579876
Bulgaria,1985,2.6849533954788
Bulgaria,1986,4.235241268282124
Bulgaria,1987,5.898612494420249
Bulgaria,1988,10.820090846544872
Bulgaria,1989,-2.151690705158586
Bulgaria,1990,-7.463207653653157
Bulgaria,1991,-7.534068857463012
Bulgaria,1992,-6.271263888923315
Bulgaria,1993,-0.6912135732243456
Bulgaria,1994,2.1643588520866786
Bulgaria,1995,3.356463616814992
Bulgaria,1996,5.749370305700239
Bulgaria,1997,-13.590922699450402
Bulgaria,1998,4.484024542165898
Bulgaria,1999,-7.881072895410398
Bulgaria,2000,5.1050556930103
Bulgaria,2001,5.911159580583984
Bulgaria,2002,8.195216334818838
Bulgaria,2003,6.074061751362166
Bulgaria,2004,7.317404926791383
Bulgaria,2005,7.865501440244913
Bulgaria,2006,7.616849683906054
Bulgaria,2007,7.441488904615909
Bulgaria,2008,6.877126530954584
Bulgaria,2009,-2.7224148058797795
Bulgaria,2010,2.2260789652017507
Bulgaria,2011,2.7469101425004823
Bulgaria,2012,1.334066612889259
Bulgaria,2013,1.4836608551441088
Bulgaria,2014,2.1829650194318333
Bulgaria,2015,4.720285840018732
Bulgaria,2016,4.372881635090664
Bulgaria,2017,4.115239576498595
Bulgaria,2018,3.743238207926993
Bulgaria,2019,5.2689787249390605
Bulgaria,2020,-2.15683103882644
Bulgaria,2021,8.54724211432547
Bulgaria,2022,4.76332108962356
Bulgaria,2023,1.9733251631622155
Bulgaria,2024,3.470151223094774
Burkina Faso,1961,2.5502326534426487
Burkina Faso,1962,4.587498788040108
Burkina Faso,1963,-2.730146958285374
Burkina Faso,1964,0.72143838526857
Burkina Faso,1965,2.1173280057250423
Burkina Faso,1966,-1.0958081291381916
Burkina Faso,1967,7.016896506983812
Burkina Faso,1968,1.3151649420422444
Burkina Faso,1969,0.2766665887500465
Burkina Faso,1970,-1.6162315221870784
Burkina Faso,1971,-0.3223955731740915
Burkina Faso,1972,0.5631824902081917
Burkina Faso,1973,-1.3295073872813674
Burkina Faso,1974,6.2558753538276335
Burkina Faso,1975,0.943213343373543
Burkina Faso,1976,6.235397484257391
Burkina Faso,1977,-1.9418822501731512
Burkina Faso,1978,2.032698189123792
Burkina Faso,1979,1.014438224818747
Burkina Faso,1980,-1.8724634152105464
Burkina Faso,1981,1.446488859461283
Burkina Faso,1982,6.578035335430471
Burkina Faso,1983,-2.457063552731768
Burkina Faso,1984,-4.573172595050536
Burkina Faso,1985,5.428949254768597
Burkina Faso,1986,4.952235073930751
Burkina Faso,1987,-2.929012654127036
Burkina Faso,1988,2.990682683794077
Burkina Faso,1989,-0.5261294441790625
Burkina Faso,1990,-3.187661933981346
Burkina Faso,1991,6.338472499229525
Burkina Faso,1992,-2.2097269036368488
Burkina Faso,1993,0.9204914550191176
Burkina Faso,1994,-1.2077607254599343
Burkina Faso,1995,3.0403253575494062
Burkina Faso,1996,8.209981104843052
Burkina Faso,1997,3.6110224346088273
Burkina Faso,1998,4.382315502912391
Burkina Faso,1999,4.293848162380016
Burkina Faso,2000,-1.1071066015920508
Burkina Faso,2001,3.409757708307112
Burkina Faso,2002,1.1773689701407193
Burkina Faso,2003,4.4929468810609166
Burkina Faso,2004,1.2436096699957204
Burkina Faso,2005,5.295740309068208
Burkina Faso,2006,2.988892119124713
Burkina Faso,2007,1.001312767422263
Burkina Faso,2008,2.736636762727727
Burkina Faso,2009,-0.0002277735198674
Burkina Faso,2010,5.31934915891263
Burkina Faso,2011,3.5163362362312824
Burkina Faso,2012,3.2887834650034904
Burkina Faso,2013,2.6650827585779524
Burkina Faso,2014,1.2704765559969218
Burkina Faso,2015,0.8882598277679961
Burkina Faso,2016,2.903509091153296
Burkina Faso,2017,3.21640521697573
Burkina Faso,2018,3.767726783224589
Burkina Faso,2019,3.243918661860164
Burkina Faso,2020,-0.4434200024067394
Burkina Faso,2021,4.431005408618916
Burkina Faso,2022,-0.6930159147748185
Burkina Faso,2023,0.6887709250719638
Burkina Faso,2024,2.4722654974602705
Burundi,1961,-15.901965240984737
Burundi,1962,6.331874888298401
Burundi,1963,1.9649971377368305
Burundi,1964,3.2886702183036363
Burundi,1965,1.1303209504005594
Burundi,1966,2.12302317412258
Burundi,1967,10.968644132218811
Burundi,1968,-2.64849014689527
Burundi,1969,-3.576144753479909
Burundi,1970,18.719309381132263
Burundi,1971,0.2797100214696542
Burundi,1972,-6.399798922309614
Burundi,1973,7.041069108140746
Burundi,1974,-3.182111939789138
Burundi,1975,-1.7693115842113372
Burundi,1976,5.551346427379329
Burundi,1977,8.644480418395787
Burundi,1978,-3.761265919312223
Burundi,1979,-0.8308069525521518
Burundi,1980,-3.1598075983752665
Burundi,1981,7.684913820919007
Burundi,1982,-3.4922002929636164
Burundi,1983,0.9730825367406482
Burundi,1984,-2.2421274274594367
Burundi,1985,9.394384222239085
Burundi,1986,1.330433640513533
Burundi,1987,3.1232895463981265
Burundi,1988,2.7300748439757
Burundi,1989,-0.6208994441313962
Burundi,1990,1.3630440133902084
Burundi,1991,2.846685158837488
Burundi,1992,-1.6547354462747563
Burundi,1993,-3.2412486461481933
Burundi,1994,-4.452932936056527
Burundi,1995,-13.26998522685166
Burundi,1996,-8.063500470555354
Burundi,1997,-1.5824774393534966
Burundi,1998,2.7680298243110144
Burundi,1999,-3.3538202960687755
Burundi,2000,-2.8954279194971377
Burundi,2001,-0.4696198027061768
Burundi,2002,1.542047070666058
Burundi,2003,-4.295388278139399
Burundi,2004,0.9977211407548054
Burundi,2005,-2.7789480279354137
Burundi,2006,1.6847364254262374
Burundi,2007,-0.3111875203148315
Burundi,2008,0.6687603706484708
Burundi,2009,-1.3399510546405082
Burundi,2010,0.2876522542638184
Burundi,2011,0.3685358413771524
Burundi,2012,0.7623769637205413
Burundi,2013,1.2220776240640987
Burundi,2014,0.7657228776236167
Burundi,2015,-2.6384320779032464
Burundi,2016,1.43842311150118
Burundi,2017,1.4197630392159797
Burundi,2018,2.2095078191890423
Burundi,2019,1.084941769386873
Burundi,2020,-2.5691000762527096
Burundi,2021,0.4625967416120886
Burundi,2022,-0.4137413637523366
Burundi,2023,0.476410171242918
Burundi,2024,1.4565402733285708
Cabo Verde,1981,6.948074943456987
Cabo Verde,1982,1.3175328901355243
Cabo Verde,1983,7.92166519671882
Cabo Verde,1984,2.3133574095042637
Cabo Verde,1985,7.122070088141257
Cabo Verde,1986,1.426982654026702
Cabo Verde,1987,2.852306624415533
Cabo Verde,1988,4.526240666872326
Cabo Verde,1989,4.124850248346348
Cabo Verde,1990,-1.3529015098813773
Cabo Verde,1991,-1.0105513648214668
Cabo Verde,1992,8.447989794777428
Cabo Verde,1993,6.396030486773171
Cabo Verde,1994,16.78201035407696
Cabo Verde,1995,12.06018386410868
Cabo Verde,1996,9.390286197030347
Cabo Verde,1997,9.26550233677044
Cabo Verde,1998,10.729940731062923
Cabo Verde,1999,9.545038898616228
Cabo Verde,2000,12.571038262058522
Cabo Verde,2001,0.6822761664999462
Cabo Verde,2002,3.729072616251216
Cabo Verde,2003,2.781690962856274
Cabo Verde,2004,8.820787355624688
Cabo Verde,2005,5.646341529212535
Cabo Verde,2006,6.748620617852438
Cabo Verde,2007,13.902902855529264
Cabo Verde,2008,5.936286692641346
Cabo Verde,2009,-2.4349553226061857
Cabo Verde,2010,1.1086794111808729
Cabo Verde,2011,3.5868008800347866
Cabo Verde,2012,0.983345735610456
Cabo Verde,2013,0.5790923095679688
Cabo Verde,2014,0.676815488926465
Cabo Verde,2015,0.9226312498579006
Cabo Verde,2016,4.248162326063266
Cabo Verde,2017,4.482210931475322
Cabo Verde,2018,3.6015234964389577
Cabo Verde,2019,6.804495317323628
Cabo Verde,2020,-20.893752340424413
Cabo Verde,2021,6.625407659576268
Cabo Verde,2022,15.154508108451267
Cabo Verde,2023,4.2751322057766
Cabo Verde,2024,6.7236817380010905
Cambodia,1976,7.275968294004002
Cambodia,1977,-7.655506104897086
Cambodia,1978,8.76685381778104
Cambodia,1979,-10.724225178267304
Cambodia,1980,-7.68323347866135
Cambodia,1981,-1.560910977080212
Cambodia,1982,-2.794792613979169
Cambodia,1983,0.7318423301805694
Cambodia,1984,1.1816358722954448
Cambodia,1985,1.2295564095696534
Cambodia,1986,-0.1940407745157557
Cambodia,1987,16.48571431917108
Cambodia,1988,7.800895469744432
Cambodia,1989,-0.3455576963505677
Cambodia,1990,-2.970448161895817
Cambodia,1991,3.222924820289947
Cambodia,1992,1.3952112752501904
Cambodia,1993,-1.9821985005088292
Cambodia,1994,-39.202970330744535
Cambodia,1995,1.3541206370464067
Cambodia,1996,-1.776935283475055
Cambodia,1997,-2.911991734224572
Cambodia,1998,0.4521398730188366
Cambodia,1999,10.798205487593094
Cambodia,2000,8.258328773019727
Cambodia,2001,5.725666444091274
Cambodia,2002,4.63862356700642
Cambodia,2003,8.629743140191152
Cambodia,2004,7.856390011442272
Cambodia,2005,11.663786142880484
Cambodia,2006,9.317924012976732
Cambodia,2007,8.781439165591308
Cambodia,2008,5.857285553681706
Cambodia,2009,2.446745047639581
Cambodia,2010,3.454351171337052
Cambodia,2011,5.66993084409259
Cambodia,2012,6.047569826569514
Cambodia,2013,6.256914983124091
Cambodia,2014,6.411092519026184
Cambodia,2015,5.652931676093004
Cambodia,2016,6.343006276170286
Cambodia,2017,6.591964955903791
Cambodia,2018,7.431770302427168
Cambodia,2019,6.582723648527306
Cambodia,2020,-4.963681993993191
Cambodia,2021,1.578620515500944
Cambodia,2022,3.7400092003925063
Cambodia,2023,3.668477754284453
Cambodia,2024,4.683849492040551
Cameroon,1961,-0.3654940725903657
Cameroon,1962,1.124046703591091
Cameroon,1963,1.4990506020505734
Cameroon,1964,1.2893119079819115
Cameroon,1965,-0.2350789652063412
Cameroon,1966,2.23836086930811
Cameroon,1967,-12.99901492626654
Cameroon,1968,3.7675501076257945
Cameroon,1969,2.2703872583375926
Cameroon,1970,0.4334702290327357
Cameroon,1971,0.752051370916206
Cameroon,1972,-0.0784165028948109
Cameroon,1973,2.49785376682739
Cameroon,1974,7.70293237323871
Cameroon,1975,8.184072131307147
Cameroon,1976,-7.993248471430263
Cameroon,1977,10.843469617595773
Cameroon,1978,18.722657136149053
Cameroon,1979,3.104612790611
Cameroon,1980,-5.104555910155256
Cameroon,1981,13.043422758452976
Cameroon,1982,4.988058692012928
Cameroon,1983,4.701533971487066
Cameroon,1984,4.529044868526256
Cameroon,1985,4.889900228933669
Cameroon,1986,3.602456723314873
Cameroon,1987,-5.075499881531783
Cameroon,1988,-10.53431544953324
Cameroon,1989,-4.654742471760997
Cameroon,1990,-8.832387508248715
Cameroon,1991,-6.573505024625007
Cameroon,1992,-5.837375884350962
Cameroon,1993,-10.516604358251511
Cameroon,1994,-0.943945008602924
Cameroon,1995,0.1077233264250736
Cameroon,1996,1.4475466909911034
Cameroon,1997,1.792140146570759
Cameroon,1998,1.988754487213768
Cameroon,1999,1.7751131231241573
Cameroon,2000,1.1344279222618638
Cameroon,2001,1.6199240802358332
Cameroon,2002,1.7129598154117502
Cameroon,2003,2.615818789811314
Cameroon,2004,4.147820576342639
Cameroon,2005,-0.5504111346315028
Cameroon,2006,0.9951785016214956
Cameroon,2007,1.440565001009773
Cameroon,2008,-0.0546843542547179
Cameroon,2009,-0.3183342746361575
Cameroon,2010,0.0001364214844272
Cameroon,2011,0.4961743646454408
Cameroon,2012,1.7238116154850047
Cameroon,2013,2.087147191161435
Cameroon,2014,2.5687340637998943
Cameroon,2015,2.4012336870962088
Cameroon,2016,1.4571172266967665
Cameroon,2017,0.6470049762010746
Cameroon,2018,1.11514946861584
Cameroon,2019,0.6364152905499623
Cameroon,2020,-2.434760311216806
Cameroon,2021,0.631351991581198
Cameroon,2022,1.0450299752460095
Cameroon,2023,0.6524175602791189
Cameroon,2024,0.8549781485972119
Canada,1961,1.121346226011454
Canada,1962,5.4482656324288
Canada,1963,3.35406802873419
Canada,1964,4.663616231782214
Canada,1965,4.409995476976448
Canada,1966,4.789364633830445
Canada,1967,1.2274914930242602
Canada,1968,3.3276556959749968
Canada,1969,3.648017849234336
Canada,1970,1.4900909065072625
Canada,1971,0.9969320069650678
Canada,1972,4.301830889204084
Canada,1973,5.431703721068516
Canada,1974,1.924903927798581
Canada,1975,0.0741861797537239
Canada,1976,4.505104300046909
Canada,1977,2.330265155145497
Canada,1978,2.708452172484783
Canada,1979,2.703695748924688
Canada,1980,0.8679870936115606
Canada,1981,2.147380471405768
Canada,1982,-4.311284365508556
Canada,1983,1.553432711298626
Canada,1984,4.903554176320597
Canada,1985,3.784974253672189
Canada,1986,1.1113810279137084
Canada,1987,2.7091739639155463
Canada,1988,3.0657612285835114
Canada,1989,0.5175738117854536
Canada,1990,-1.296441312115448
Canada,1991,-3.3002999306796283
Canada,1992,-0.2967095757019251
Canada,1993,1.5357457546591178
Canada,1994,3.355814432273576
Canada,1995,1.6252812611406569
Canada,1996,0.6315308817338945
Canada,1997,3.248974855993467
Canada,1998,3.0342376924287606
Canada,1999,4.289836655478169
Canada,2000,4.163948494767709
Canada,2001,0.7745194074661157
Canada,2002,1.8879648464824756
Canada,2003,0.8950185810009401
Canada,2004,2.135815601925444
Canada,2005,2.2375766161755166
Canada,2006,1.602901476918376
Canada,2007,1.0641448777573856
Canada,2008,-0.0933427924909864
Canada,2009,-4.020088097425827
Canada,2010,1.9514474469071388
Canada,2011,2.13607717133128
Canada,2012,0.6588419567839168
Canada,2013,1.253590103447095
Canada,2014,1.84840952337521
Canada,2015,-0.11236916498423
Canada,2016,-0.0982963624127819
Canada,2017,1.809464472075504
Canada,2018,1.2809265967281362
Canada,2019,0.4296576013059336
Canada,2020,-6.062406423066761
Canada,2021,5.365287812930816
Canada,2022,2.326415944634362
Canada,2023,-1.3779207860968512
Canada,2024,-1.4093452542877856
Caribbean small states,1961,7.320244188043446
Caribbean small states,1962,3.1680159066618927
Caribbean small states,1963,-0.0198717148765013
Caribbean small states,1964,5.906596192934117
Caribbean small states,1965,5.022531748350119
Caribbean small states,1966,4.869162857527527
Caribbean small states,1967,4.707692734744711
Caribbean small states,1968,4.2523624374342575
Caribbean small states,1969,4.098810560906244
Caribbean small states,1970,0.5464696250542858
Caribbean small states,1971,0.91905814535869
Caribbean small states,1972,-0.1476685365114036
Caribbean small states,1973,1.5239889485405769
Caribbean small states,1974,-3.752682969892888
Caribbean small states,1975,-2.5228003624648494
Caribbean small states,1976,4.497950176709551
Caribbean small states,1977,5.870067060713865
Caribbean small states,1978,7.127931962556232
Caribbean small states,1979,6.669687391492673
Caribbean small states,1980,4.393409120234736
Caribbean small states,1981,-0.4051636425046183
Caribbean small states,1982,-0.2461289378043289
Caribbean small states,1983,-4.295881717924914
Caribbean small states,1984,1.1781962942060318
Caribbean small states,1985,0.2764021558441669
Caribbean small states,1986,0.519970299998306
Caribbean small states,1987,-0.5833067653450001
Caribbean small states,1988,1.0337075376508125
Caribbean small states,1989,2.508543889283501
Caribbean small states,1990,-0.8876420901281108
Caribbean small states,1991,-0.6744783913860175
Caribbean small states,1992,1.261024547811644
Caribbean small states,1993,-0.3071300554742322
Caribbean small states,1994,2.550168303303764
Caribbean small states,1995,2.210931546214141
Caribbean small states,1996,4.003549062055512
Caribbean small states,1997,3.734220993456219
Caribbean small states,1998,4.0589230166611685
Caribbean small states,1999,4.216562566680878
Caribbean small states,2000,3.871169016887734
Caribbean small states,2001,1.3129354794297257
Caribbean small states,2002,3.164588014324437
Caribbean small states,2003,5.256739782874647
Caribbean small states,2004,3.902027318794339
Caribbean small states,2005,5.197011774944798
Caribbean small states,2006,7.210960313225073
Caribbean small states,2007,3.1898922219177166
Caribbean small states,2008,1.0559080184089282
Caribbean small states,2009,-3.903278792175016
Caribbean small states,2010,1.212993408831963
Caribbean small states,2011,0.2194298073924869
Caribbean small states,2012,3.362244509389882
Caribbean small states,2013,0.6790939988580647
Caribbean small states,2014,1.900684557872708
Caribbean small states,2015,-0.741063880305461
Caribbean small states,2016,-3.6861413023550114
Caribbean small states,2017,-1.309390370359452
Caribbean small states,2018,0.2575212910982998
Caribbean small states,2019,0.0696850601913183
Caribbean small states,2020,-9.358994135045606
Caribbean small states,2021,6.059346406992631
Caribbean small states,2022,14.421634749939244
Caribbean small states,2023,8.29427799675571
Caribbean small states,2024,12.834715417678638
Cayman Islands,2007,0.1416818347268531
Cayman Islands,2008,-3.2092862703871106
Cayman Islands,2009,-9.787751241050344
Cayman Islands,2010,-5.37886797123619
Cayman Islands,2011,-1.572759724650993
Cayman Islands,2012,-1.480998262020563
Cayman Islands,2013,-1.343520028109765
Cayman Islands,2014,0.0864597299432574
Cayman Islands,2015,0.3608034325671099
Cayman Islands,2016,0.8544921322365582
Cayman Islands,2017,0.8896472470536025
Cayman Islands,2018,2.044069548813681
Cayman Islands,2019,1.7764192426877656
Cayman Islands,2020,-6.832629325151146
Cayman Islands,2021,2.7393593678768298
Cayman Islands,2022,3.584535314003844
Cayman Islands,2023,3.719215126882887
Central African Republic,1961,3.003183764232801
Central African Republic,1962,-5.540014944350759
Central African Republic,1963,-2.631564352543592
Central African Republic,1964,0.05379279607574
Central African Republic,1965,-1.109750976258212
Central African Republic,1966,-1.466042803079631
Central African Republic,1967,2.414722085990036
Central African Republic,1968,-0.8542789621289728
Central African Republic,1969,4.668623881449975
Central African Republic,1970,0.0891249899070345
Central African Republic,1971,-0.94510488147084
Central African Republic,1972,-1.9387384890719237
Central African Republic,1973,-0.0444254830098316
Central African Republic,1974,4.308630769506877
Central African Republic,1975,-1.5293326876547866
Central African Republic,1976,3.877000946161033
Central African Republic,1977,2.7404069682741152
Central African Republic,1978,0.1527677071653954
Central African Republic,1979,-3.50467253706556
Central African Republic,1980,-5.520997646565689
Central African Republic,1981,-2.651493651009502
Central African Republic,1982,6.4711156418164535
Central African Republic,1983,-9.213614815648114
Central African Republic,1984,8.151421869184531
Central African Republic,1985,2.6357072685684386
Central African Republic,1986,2.267614158467765
Central African Republic,1987,-6.181832208332381
Central African Republic,1988,0.0308390935576312
Central African Republic,1989,-0.5870240143318597
Central African Republic,1990,-5.143842846461268
Central African Republic,1991,-3.616018603519692
Central African Republic,1992,-9.349902202490398
Central African Republic,1993,-2.810544914499573
Central African Republic,1994,1.6764359917078622
Central African Republic,1995,4.315230834019701
Central African Republic,1996,-6.456357747278346
Central African Republic,1997,2.445534632325291
Central African Republic,1998,1.8978013664427067
Central African Republic,1999,0.8047798286955725
Central African Republic,2000,-5.134014626754535
Central African Republic,2001,2.170718264828892
Central African Republic,2002,1.3769056622124651
Central African Republic,2003,-7.634166427880928
Central African Republic,2004,3.7262518281164176
Central African Republic,2005,-1.350125405362192
Central African Republic,2006,2.6465265172667074
Central African Republic,2007,2.610653881090869
Central African Republic,2008,-0.0996463174017776
Central African Republic,2009,9.305022201764771
Central African Republic,2010,5.470380965936926
Central African Republic,2011,2.550653269273212
Central African Republic,2012,4.009636893588692
Central African Republic,2013,-36.82454660386131
Central African Republic,2014,0.4975065443435937
Central African Republic,2015,4.198780788248115
Central African Republic,2016,2.875987689279526
Central African Republic,2017,2.786113102797401
Central African Republic,2018,1.9780319759615992
Central African Republic,2019,1.7229015979321645
Central African Republic,2020,-0.7444886145425613
Central African Republic,2021,-0.7054687555052226
Central African Republic,2022,0.7309657267409335
Central African Republic,2023,-0.3628845147077868
Central African Republic,2024,-1.8943642394991256
Central Europe and the Baltics,1991,-10.651454933070468
Central Europe and the Baltics,1992,-4.626263652280429
Central Europe and the Baltics,1993,0.2722238228778764
Central Europe and the Baltics,1994,3.707642016004258
Central Europe and the Baltics,1995,5.86292502195333
Central Europe and the Baltics,1996,4.712945153318898
Central Europe and the Baltics,1997,2.426098410966631
Central Europe and the Baltics,1998,2.8062460681761365
Central Europe and the Baltics,1999,2.0669099824879997
Central Europe and the Baltics,2000,4.533725487957369
Central Europe and the Baltics,2001,3.759135216752483
Central Europe and the Baltics,2002,4.220356050833246
Central Europe and the Baltics,2003,4.324185893363634
Central Europe and the Baltics,2004,6.1652411385296375
Central Europe and the Baltics,2005,5.196550508869365
Central Europe and the Baltics,2006,6.9121763540906045
Central Europe and the Baltics,2007,6.7361825684538985
Central Europe and the Baltics,2008,4.335414400054759
Central Europe and the Baltics,2009,-3.437046367646616
Central Europe and the Baltics,2010,1.9070419224058952
Central Europe and the Baltics,2011,3.846650753473284
Central Europe and the Baltics,2012,1.0752260884532916
Central Europe and the Baltics,2013,1.0172269304130594
Central Europe and the Baltics,2014,3.551544779626425
Central Europe and the Baltics,2015,4.312042210031649
Central Europe and the Baltics,2016,3.1329945585125927
Central Europe and the Baltics,2017,5.425971390423868
Central Europe and the Baltics,2018,5.224104819745918
Central Europe and the Baltics,2019,4.246685595762983
Central Europe and the Baltics,2020,-2.6815496242548846
Central Europe and the Baltics,2021,7.646456682802594
Central Europe and the Baltics,2022,4.1814442148468345
Central Europe and the Baltics,2023,0.594942732470912
Central Europe and the Baltics,2024,2.1943475160847186
Chad,1961,-0.6259773185752948
Chad,1962,3.24830071213836
Chad,1963,-3.5823089451201184
Chad,1964,-4.473230734217765
Chad,1965,-1.3837314483077847
Chad,1966,-3.710022424615929
Chad,1967,-1.1745818347136208
Chad,1968,-2.3967312003824475
Chad,1969,4.747789937859565
Chad,1970,-0.236514145934592
Chad,1971,-4.288471071157943
Chad,1972,-1.0830658401476685
Chad,1973,-10.510673859512067
Chad,1974,2.582607517689567
Chad,1975,6.685316381803162
Chad,1976,0.9444756217198176
Chad,1977,0.3377577078909297
Chad,1978,-2.267823371348314
Chad,1979,-23.080448910433237
Chad,1980,-6.257174866462265
Chad,1981,0.9198596304743204
Chad,1982,0.510585365650229
Chad,1983,10.087834151011464
Chad,1984,0.7136036791434321
Chad,1985,20.570990741067646
Chad,1986,-6.909312301283379
Chad,1987,-5.749544251206856
Chad,1988,11.637608325595366
Chad,1989,1.3886169157308927
Chad,1990,-6.7930492664588655
Chad,1991,4.637689799599173
Chad,1992,3.5146832456734103
Chad,1993,-17.67419071518472
Chad,1994,7.631589839376446
Chad,1995,-3.1278218855421045
Chad,1996,-2.213983783726676
Chad,1997,2.0685385468117943
Chad,1998,3.3347141651986334
Chad,1999,-4.111486260558152
Chad,2000,-4.249502156258316
Chad,2001,7.954457068881098
Chad,2002,4.777308788394237
Chad,2003,10.227988103244485
Chad,2004,27.807314813437277
Chad,2005,12.69680388457543
Chad,2006,-4.057339196220482
Chad,2007,0.6718529233924073
Chad,2008,-0.4634680276751908
Chad,2009,-4.868746089429052
Chad,2010,9.80713115149598
Chad,2011,0.870883384911707
Chad,2012,5.2973425512200265
Chad,2013,-0.7678316690158766
Chad,2014,-1.5165275670804732
Chad,2015,0.0674074942708955
Chad,2016,-7.085061901895102
Chad,2017,-4.817195819786662
Chad,2018,2.2476897208278785
Chad,2019,2.043636514755235
Chad,2020,-3.5131964446127317
Chad,2021,-3.102092086018118
Chad,2022,0.5917590771979775
Chad,2023,-0.6688645018069792
Chad,2024,-0.8315706790192365
Channel Islands,2010,-4.281175018960553
Channel Islands,2011,0.4380265173841167
Channel Islands,2012,-6.375650593862474
Channel Islands,2013,-0.1334687597492205
Channel Islands,2014,1.829758277370104
Channel Islands,2015,-0.0726855379298143
Channel Islands,2016,0.9480765998425084
Channel Islands,2017,1.5363504960190966
Channel Islands,2018,0.7360210761944757
Channel Islands,2019,1.1502332935113628
Channel Islands,2020,-9.223410357792616
Channel Islands,2021,9.603182035115168
Channel Islands,2022,5.043351292791499
Channel Islands,2023,3.4206052333316705
Chile,1961,3.346400062003241
Chile,1962,1.8238434134176629
Chile,1963,3.576813331974506
Chile,1964,0.4637011021083594
Chile,1965,-1.2326050162164108
Chile,1966,9.414433423537789
Chile,1967,1.7353129851817073
Chile,1968,1.769129249006852
Chile,1969,2.322658594513044
Chile,1970,-0.0104849141995941
Chile,1971,7.771941976412805
Chile,1972,-2.322262173407381
Chile,1973,-6.559339637354583
Chile,1974,-0.3449889070978713
Chile,1975,-13.636254935641531
Chile,1976,2.011257509882625
Chile,1977,9.459887192073907
Chile,1978,6.410429542462623
Chile,1979,6.838093014831912
Chile,1980,6.585954532968245
Chile,1981,5.163674431121493
Chile,1982,-12.782809461513096
Chile,1983,-6.325881857604756
Chile,1984,2.436910150516724
Chile,1985,1.98564660313194
Chile,1986,3.784238393681093
Chile,1987,5.059448800921047
Chile,1988,5.622600772652646
Chile,1989,8.55804238316513
Chile,1990,1.8858161163200864
Chile,1991,5.979140255573839
Chile,1992,9.718440449492434
Chile,1993,5.038662652962174
Chile,1994,3.5062580351611388
Chile,1995,7.66762918859645
Chile,1996,5.612431245713552
Chile,1997,5.964963675787871
Chile,1998,2.83546295262515
Chile,1999,-1.5203580468630091
Chile,2000,3.7236187317844553
Chile,2001,1.968751819036612
Chile,2002,2.0699188584777346
Chile,2003,3.6330153019671623
Chile,2004,5.602919854861682
Chile,2005,4.791828391397161
Chile,2006,5.019521358274574
Chile,2007,4.143862129278617
Chile,2008,2.757556992850212
Chile,2009,-2.110610426924282
Chile,2010,4.793637480146359
Chile,2011,5.1810403333439865
Chile,2012,5.141584312510346
Chile,2013,2.327892560981823
Chile,2014,0.7830020863754328
Chile,2015,1.113704459474647
Chile,2016,0.5298335172986697
Chile,2017,-0.2351101674251765
Chile,2018,2.1498819546391417
Chile,2019,-0.9620960160308556
Chile,2020,-6.981130619844507
Chile,2021,10.824550522267032
Chile,2022,1.6487781321864503
Chile,2023,-0.0196132258928543
Chile,2024,2.0941545148582748
China,1961,-26.52764360636914
China,1962,-6.351504864332412
China,1963,7.622254460935579
China,1964,15.46899541892502
China,1965,14.197889011518043
China,1966,7.6084039282950044
China,1967,-8.16149758528853
China,1968,-6.571451614306781
China,1969,13.779340343518214
China,1970,16.05039929290659
China,1971,4.159176201309677
China,1972,1.2901059710043796
China,1973,5.32729301395436
China,1974,0.2180056673509227
China,1975,6.816440506256654
China,1976,-3.0813219848982527
China,1977,6.114001676060951
China,1978,9.846156847995928
China,1979,6.165663709322729
China,1980,6.490112655142767
China,1981,3.7749036646338254
China,1982,7.464964008532959
China,1983,9.138919675577569
China,1984,13.730506104997644
China,1985,11.901293680617655
China,1986,7.326756577537054
China,1987,9.852423169661776
China,1988,9.4461713568776
China,1989,2.6208591749211365
China,1990,2.4276263946986205
China,1991,7.879667555920065
China,1992,12.907376349184489
China,1993,12.626827003834975
China,1994,11.801888169280318
China,1995,9.83296054402696
China,1996,8.829513658786553
China,1997,8.174846273822084
China,1998,6.890190160506492
China,1999,6.808187599930207
China,2000,7.734180164793145
China,2001,7.528727371283367
China,2002,8.513909501600665
China,2003,9.4344412783923
China,2004,9.479239431837172
China,2005,10.804648548500424
China,2006,12.047281892569387
China,2007,13.555366350841156
China,2008,9.109747065846378
China,2009,8.859902053620644
China,2010,10.06342432075354
China,2011,8.864807475506424
China,2012,7.127012723470941
China,2013,7.063224657057063
China,2014,6.78666987945924
China,2015,6.358550263981044
China,2016,6.165427182327932
China,2017,6.246266187290644
China,2018,6.258612324773566
China,2019,5.692900601486301
China,2020,2.0968666731586723
China,2021,8.47322717245602
China,2022,3.1476998213381364
China,2023,5.524314946789261
China,2024,5.106624828373668
Colombia,1961,1.8964646736519624
Colombia,1962,2.21235000803928
Colombia,1963,0.1797818058854545
Colombia,1964,3.0152465269357407
Colombia,1965,0.5686032284158529
Colombia,1966,2.2340486949695304
Colombia,1967,1.2497687579006111
Colombia,1968,3.0864582896242894
Colombia,1969,3.3566336197984725
Colombia,1970,3.5549217210717075
Colombia,1971,3.439262648824794
Colombia,1972,5.199581345293154
Colombia,1973,4.305004677477456
Colombia,1974,3.3926810753251715
Colombia,1975,0.0826946618422113
Colombia,1976,2.4714344432331217
Colombia,1977,1.8754423412310643
Colombia,1978,6.049063596386262
Colombia,1979,3.0444846432041714
Colombia,1980,1.739324300125574
Colombia,1981,-0.0539162798288117
Colombia,1982,-1.3596653833434118
Colombia,1983,-0.7844337978675497
Colombia,1984,0.9890068344422788
Colombia,1985,0.9026054167287328
Colombia,1986,3.661340327213353
Colombia,1987,3.225742435986305
Colombia,1988,1.9546544659905292
Colombia,1989,1.312523120792804
Colombia,1990,2.148175875596152
Colombia,1991,-0.0271315908869098
Colombia,1992,2.0041331438641805
Colombia,1993,3.301958502473525
Colombia,1994,3.748406759349749
Colombia,1995,3.212513452053443
Colombia,1996,0.2139411916323865
Colombia,1997,1.5957890649286526
Colombia,1998,-1.2158752999568492
Colombia,1999,-5.854880765149645
Colombia,2000,1.2527022321234114
Colombia,2001,0.0920725777672828
Colombia,2002,0.9396086067134776
Colombia,2003,2.362829396309792
Colombia,2004,3.797158677361651
Colombia,2005,3.371110777669358
Colombia,2006,5.311743944210164
Colombia,2007,5.394467862310663
Colombia,2008,2.0479905181086053
Colombia,2009,-0.0317051022677077
Colombia,2010,3.31434936742798
Colombia,2011,5.808235033637615
Colombia,2012,2.875696275409041
Colombia,2013,4.14129387844136
Colombia,2014,3.570306654207698
Colombia,2015,2.069232271137267
Colombia,2016,1.0811492571219787
Colombia,2017,-0.1012215541330334
Colombia,2018,0.6952649472388117
Colombia,2019,1.3601406798428854
Colombia,2020,-8.509494776210587
Colombia,2021,9.592978283886096
Colombia,2022,6.187799537058638
Colombia,2023,-0.4102302984267965
Colombia,2024,0.512522429942436
Comoros,1981,2.528993721028371
Comoros,1982,1.215054449945029
Comoros,1983,0.2593818176079452
Comoros,1984,1.29672868132171
Comoros,1985,-0.0566384062004772
Comoros,1986,-0.7320216112115361
Comoros,1987,-0.6880910560430209
Comoros,1988,2.170630098764235
Comoros,1989,-3.528749975510891
Comoros,1990,4.564056005397305
Comoros,1991,-8.424457527160044
Comoros,1992,5.152055554765965
Comoros,1993,0.6922442970633398
Comoros,1994,-5.671237096066378
Comoros,1995,3.819043164401165
Comoros,1996,-2.208904708430381
Comoros,1997,2.6276777066894823
Comoros,1998,-1.6827137170516693
Comoros,1999,0.88368341102192
Comoros,2000,-2.8894514364376107
Comoros,2001,3.273526217741136
Comoros,2002,2.407565783174292
Comoros,2003,-0.011062920777249
Comoros,2004,1.164119096877485
Comoros,2005,3.530600471439314
Comoros,2006,-3.716261453552576
Comoros,2007,-1.185586977483254
Comoros,2008,1.9193743066934277
Comoros,2009,1.2077843081644346
Comoros,2010,1.735242391214456
Comoros,2011,2.0826927596026934
Comoros,2012,1.113858574373424
Comoros,2013,2.281082174747027
Comoros,2014,-0.0905881667515871
Comoros,2015,-0.9653036828585044
Comoros,2016,1.22276485365785
Comoros,2017,1.7675664007059595
Comoros,2018,1.6383563517506303
Comoros,2019,-0.1783169838628708
Comoros,2020,-2.134649597191725
Comoros,2021,0.0041312853108195
Comoros,2022,0.6333288958427943
Comoros,2023,1.033262437711841
Comoros,2024,1.4014984229993104
"Congo, Dem. Rep.",1961,-13.114064624223204
"Congo, Dem. Rep.",1962,18.084302364103703
"Congo, Dem. Rep.",1963,2.461361360820291
"Congo, Dem. Rep.",1964,-5.016419445816354
"Congo, Dem. Rep.",1965,-1.7407315663035092
"Congo, Dem. Rep.",1966,3.773666307306982
"Congo, Dem. Rep.",1967,-3.83265618856133
"Congo, Dem. Rep.",1968,1.3177318620660543
"Congo, Dem. Rep.",1969,6.210181757853775
"Congo, Dem. Rep.",1970,-3.0537634594898577
"Congo, Dem. Rep.",1971,3.146198445213954
"Congo, Dem. Rep.",1972,-2.4672189445671364
"Congo, Dem. Rep.",1973,5.281190262326234
"Congo, Dem. Rep.",1974,0.4109072642127813
"Congo, Dem. Rep.",1975,-7.467274382220239
"Congo, Dem. Rep.",1976,-7.725695632352199
"Congo, Dem. Rep.",1977,-1.7553296172873445
"Congo, Dem. Rep.",1978,-8.237376717811088
"Congo, Dem. Rep.",1979,-3.038625574355507
"Congo, Dem. Rep.",1980,-0.9588698554029804
"Congo, Dem. Rep.",1981,-0.5874987699141343
"Congo, Dem. Rep.",1982,-3.4001419974392206
"Congo, Dem. Rep.",1983,-1.7528370829467264
"Congo, Dem. Rep.",1984,2.072070866561887
"Congo, Dem. Rep.",1985,-2.809014135656824
"Congo, Dem. Rep.",1986,1.4704603637690925
"Congo, Dem. Rep.",1987,-0.5117487315460494
"Congo, Dem. Rep.",1988,-2.6967479806216232
"Congo, Dem. Rep.",1989,-4.337990991472935
"Congo, Dem. Rep.",1990,-9.61748597659816
"Congo, Dem. Rep.",1991,-11.419497798042627
"Congo, Dem. Rep.",1992,-13.47298977517508
"Congo, Dem. Rep.",1993,-16.507113955022263
"Congo, Dem. Rep.",1994,-8.342473429831557
"Congo, Dem. Rep.",1995,-3.394811215428035
"Congo, Dem. Rep.",1996,-2.907651663870624
"Congo, Dem. Rep.",1997,-7.121636697130825
"Congo, Dem. Rep.",1998,-4.2608811338120205
"Congo, Dem. Rep.",1999,-7.431658832881311
"Congo, Dem. Rep.",2000,-9.849659133719385
"Congo, Dem. Rep.",2001,-5.1521414670668975
"Congo, Dem. Rep.",2002,-0.1509380855966924
"Congo, Dem. Rep.",2003,2.5382500290235868
"Congo, Dem. Rep.",2004,3.6412016882855625
"Congo, Dem. Rep.",2005,2.924531504817395
"Congo, Dem. Rep.",2006,1.91803613632446
"Congo, Dem. Rep.",2007,5.295725693106817
"Congo, Dem. Rep.",2008,4.211042728503543
"Congo, Dem. Rep.",2009,-2.495424881457936
"Congo, Dem. Rep.",2010,4.459702916915617
"Congo, Dem. Rep.",2011,4.121332903541102
"Congo, Dem. Rep.",2012,5.100472768500026
"Congo, Dem. Rep.",2013,5.958096774827212
"Congo, Dem. Rep.",2014,3.7249798229858726
"Congo, Dem. Rep.",2015,2.904838657778413
"Congo, Dem. Rep.",2016,-3.098916861520692
"Congo, Dem. Rep.",2017,0.4981262507766359
"Congo, Dem. Rep.",2018,2.579952943103052
"Congo, Dem. Rep.",2019,-2.5817682293870234
"Congo, Dem. Rep.",2020,-2.418809839494358
"Congo, Dem. Rep.",2021,3.038710053494853
"Congo, Dem. Rep.",2022,5.843814689038467
"Congo, Dem. Rep.",2023,5.052732247138138
"Congo, Dem. Rep.",2024,2.740708772668924
"Congo, Rep.",1961,5.587275555911901
"Congo, Rep.",1962,2.481843757075609
"Congo, Rep.",1963,-6.555024058795155
"Congo, Rep.",1964,1.028503146217247
"Congo, Rep.",1965,0.8384716365149529
"Congo, Rep.",1966,-1.4678972675297928
"Congo, Rep.",1967,-0.7712262120268605
"Congo, Rep.",1968,4.538717769781272
"Congo, Rep.",1969,4.4031529991953136
"Congo, Rep.",1970,3.2037214322312053
"Congo, Rep.",1971,4.507745816479854
"Congo, Rep.",1972,5.298013042930691
"Congo, Rep.",1973,4.899456842885513
"Congo, Rep.",1974,4.570410786330427
"Congo, Rep.",1975,4.76979764471767
"Congo, Rep.",1976,-1.5165752281655216
"Congo, Rep.",1977,-11.104494207312442
"Congo, Rep.",1978,3.8943100062070073
"Congo, Rep.",1979,7.330564319623363
"Congo, Rep.",1980,15.034236029518992
"Congo, Rep.",1981,15.054778772066156
"Congo, Rep.",1982,20.966437859428797
"Congo, Rep.",1983,3.688872871850776
"Congo, Rep.",1984,4.343522518467964
"Congo, Rep.",1985,-4.054298780867697
"Congo, Rep.",1986,-9.553474375572648
"Congo, Rep.",1987,-2.695479869767297
"Congo, Rep.",1988,-1.1395938310064793
"Congo, Rep.",1989,-0.3228273267244788
"Congo, Rep.",1990,-1.8426898499580917
"Congo, Rep.",1991,-0.4754900652992972
"Congo, Rep.",1992,-0.2486008245285376
"Congo, Rep.",1993,-3.8665503288167145
"Congo, Rep.",1994,-8.251412082828978
"Congo, Rep.",1995,1.0989957484031692
"Congo, Rep.",1996,1.437715184167132
"Congo, Rep.",1997,-2.726553283996367
"Congo, Rep.",1998,1.4815536050663385
"Congo, Rep.",1999,-5.177963218842109
"Congo, Rep.",2000,3.5317916525504245
"Congo, Rep.",2001,-0.0415242113896709
"Congo, Rep.",2002,2.1400863574698974
"Congo, Rep.",2003,-1.965648239377444
"Congo, Rep.",2004,-0.000136349476449
"Congo, Rep.",2005,3.9415931821320953
"Congo, Rep.",2006,4.017991197339725
"Congo, Rep.",2007,-9.969451337769089
"Congo, Rep.",2008,2.8669841515069265
"Congo, Rep.",2009,7.264282804968047
"Congo, Rep.",2010,5.470469704356077
"Congo, Rep.",2011,-1.0629591025995069
"Congo, Rep.",2012,6.915172731071181
"Congo, Rep.",2013,-3.096943236569345
"Congo, Rep.",2014,4.100279277910701
"Congo, Rep.",2015,-1.9821458747138363
"Congo, Rep.",2016,-10.8700508595295
"Congo, Rep.",2017,-7.861394259915229
"Congo, Rep.",2018,-4.6581397485936975
"Congo, Rep.",2019,-1.2798844028515075
"Congo, Rep.",2020,-8.485785789869922
"Congo, Rep.",2021,-1.3746538951048135
"Congo, Rep.",2022,-0.9277440251745048
"Congo, Rep.",2023,-0.5288754127062134
"Congo, Rep.",2024,0.1487770855836032
Costa Rica,1961,-1.8489229335032888
Costa Rica,1962,1.6416720642130826
Costa Rica,1963,3.135609528296925
Costa Rica,1964,0.1210335461311302
Costa Rica,1965,4.62684698883929
Costa Rica,1966,3.5797157231067587
Costa Rica,1967,2.435516812849457
Costa Rica,1968,5.342804479685313
Costa Rica,1969,2.5707350938966727
Costa Rica,1970,4.599300037865689
Costa Rica,1971,3.974673425019645
Costa Rica,1972,5.403672377530427
Costa Rica,1973,4.995260201387652
Costa Rica,1974,2.8902916259107485
Costa Rica,1975,-0.4894134302863335
Costa Rica,1976,2.812778187923584
Costa Rica,1977,6.0768919480512125
Costa Rica,1978,3.4762072766422136
Costa Rica,1979,2.1434416598819865
Costa Rica,1980,-1.9513755825822583
Costa Rica,1981,-4.887652628522304
Costa Rica,1982,-9.788830506089056
Costa Rica,1983,0.0746781222387085
Costa Rica,1984,5.090573234678317
Costa Rica,1985,-2.007721244881296
Costa Rica,1986,2.714599437652936
Costa Rica,1987,2.0307745078520725
Costa Rica,1988,0.8044765606441757
Costa Rica,1989,3.037228799160303
Costa Rica,1990,0.9696653705691888
Costa Rica,1991,-0.3042591375964179
Costa Rica,1992,6.471889098419823
Costa Rica,1993,4.451878524564904
Costa Rica,1994,1.9844936810579556
Costa Rica,1995,1.6775398833934505
Costa Rica,1996,-0.9973957034843436
Costa Rica,1997,3.119777620533995
Costa Rica,1998,4.857248572042522
Costa Rica,1999,2.075980887447201
Costa Rica,2000,1.8735573897398157
Costa Rica,2001,1.6529317670122907
Costa Rica,2002,1.722959918519024
Costa Rica,2003,2.7272869439989904
Costa Rica,2004,2.900675181886413
Costa Rica,2005,2.484278971926912
Costa Rica,2006,5.834025474694158
Costa Rica,2007,6.759794980905724
Costa Rica,2008,3.327341148624214
Costa Rica,2009,-2.1893668615965822
Costa Rica,2010,4.06134325895124
Costa Rica,2011,3.183092787969059
Costa Rica,2012,3.665968604691656
Costa Rica,2013,1.360034895491765
Costa Rica,2014,2.434994988208913
Costa Rica,2015,2.5566433000795428
Costa Rica,2016,3.1560705780562017
Costa Rica,2017,3.178719703434126
Costa Rica,2018,1.6919341035898725
Costa Rica,2019,1.5625564134702756
Costa Rica,2020,-4.934442271983357
Costa Rica,2021,7.388232264086227
Costa Rica,2022,4.103454958423612
Costa Rica,2023,4.622753869551801
Costa Rica,2024,3.825333909599067
Cote d'Ivoire,1961,5.994615481159627
Cote d'Ivoire,1962,-2.5281576786140363
Cote d'Ivoire,1963,10.1713603588897
Cote d'Ivoire,1964,13.158077478430556
Cote d'Ivoire,1965,-6.783083268440265
Cote d'Ivoire,1966,7.34524241238725
Cote d'Ivoire,1967,0.6270236980076191
Cote d'Ivoire,1968,8.256614775383
Cote d'Ivoire,1969,5.273446948562793
Cote d'Ivoire,1970,5.901221996281137
Cote d'Ivoire,1971,4.821405897520165
Cote d'Ivoire,1972,-0.328982186808318
Cote d'Ivoire,1973,1.2249376399614818
Cote d'Ivoire,1974,-0.3315836931003701
Cote d'Ivoire,1975,3.424533599508024
Cote d'Ivoire,1976,8.410257642063485
Cote d'Ivoire,1977,3.4452496259083603
Cote d'Ivoire,1978,6.807784974079596
Cote d'Ivoire,1979,-1.481689848489495
Cote d'Ivoire,1980,-14.406941961865854
Cote d'Ivoire,1981,-0.5623263755674515
Cote d'Ivoire,1982,-3.751221866857136
Cote d'Ivoire,1983,-7.680994130371104
Cote d'Ivoire,1984,-6.510046277597951
Cote d'Ivoire,1985,0.4424514562491737
Cote d'Ivoire,1986,-0.7008928548416264
Cote d'Ivoire,1987,-4.119200129907114
Cote d'Ivoire,1988,-2.664156907626321
Cote d'Ivoire,1989,-0.9572616300049503
Cote d'Ivoire,1990,-4.909399960368702
Cote d'Ivoire,1991,-3.8561047410653657
Cote d'Ivoire,1992,-4.147324948666622
Cote d'Ivoire,1993,-4.084534297771128
Cote d'Ivoire,1994,-3.07844096219641
Cote d'Ivoire,1995,3.027185247314065
Cote d'Ivoire,1996,3.6360375235106233
Cote d'Ivoire,1997,5.5159008380308165
Cote d'Ivoire,1998,0.4048154466968441
Cote d'Ivoire,1999,-2.076808836481561
Cote d'Ivoire,2000,-2.987892093036862
Cote d'Ivoire,2001,-4.737069575625469
Cote d'Ivoire,2002,-5.211739303723434
Cote d'Ivoire,2003,-7.071018376582742
Cote d'Ivoire,2004,0.7129258667141158
Cote d'Ivoire,2005,-1.3866484040114244
Cote d'Ivoire,2006,0.4219596183266105
Cote d'Ivoire,2007,-1.2241587047447098
Cote d'Ivoire,2008,2.4260002438869464
Cote d'Ivoire,2009,1.3261851811359406
Cote d'Ivoire,2010,4.519307454766803
Cote d'Ivoire,2011,-7.404249700301136
Cote d'Ivoire,2012,5.395835952482813
Cote d'Ivoire,2013,8.573224303267196
Cote d'Ivoire,2014,6.751698250921407
Cote d'Ivoire,2015,4.142329475215362
Cote d'Ivoire,2016,4.108583591821841
Cote d'Ivoire,2017,4.421612284681032
Cote d'Ivoire,2018,2.053348747937477
Cote d'Ivoire,2019,3.9624473749090896
Cote d'Ivoire,2020,-1.8162106168940824
Cote d'Ivoire,2021,4.44709198559022
Cote d'Ivoire,2022,3.7560208464894345
Cote d'Ivoire,2023,3.964037685389883
Cote d'Ivoire,2024,3.467913057219804
Croatia,1991,-19.601900005771384
Croatia,1992,-9.529110837668073
Croatia,1993,-8.518295233609194
Croatia,1994,4.697052597645211
Croatia,1995,7.489969467021424
Croatia,1996,7.574334010293683
Croatia,1997,6.6871810791117525
Croatia,1998,2.3145116376277315
Croatia,1999,-0.4194032236110985
Croatia,2000,3.9657660862380624
Croatia,2001,7.15592999825914
Croatia,2002,5.741058804771157
Croatia,2003,5.538321871544355
Croatia,2004,4.141420931786044
Croatia,2005,4.192859678195177
Croatia,2006,5.044365085939063
Croatia,2007,5.072234922391814
Croatia,2008,1.984984610919696
Croatia,2009,-6.71438804670143
Croatia,2010,-1.1120018962814695
Croatia,2011,0.234570646490468
Croatia,2012,-1.7726655295566331
Croatia,2013,0.490141287616666
Croatia,2014,0.2073429451849193
Croatia,2015,3.5491157128330286
Croatia,2016,4.59659233874163
Croatia,2017,4.956887579689635
Croatia,2018,4.268990519023035
Croatia,2019,4.129699198364037
Croatia,2020,-7.486689058329532
Croatia,2021,13.655031447824072
Croatia,2022,7.9439569932168865
Croatia,2023,3.6529018834237377
Croatia,2024,3.6519534139608254
Cuba,1971,6.713039352319441
Cuba,1972,3.162973171626461
Cuba,1973,1.9655920396998423
Cuba,1974,-0.2958876876862604
Cuba,1975,8.25756484504619
Cuba,1976,4.4199047403729
Cuba,1977,7.839708759902052
Cuba,1978,5.898601148149936
Cuba,1979,0.5562549413342879
Cuba,1980,-5.251606773026509
Cuba,1981,19.147281408479454
Cuba,1982,8.22203902302428
Cuba,1983,4.58488277642482
Cuba,1984,7.04820772969525
Cuba,1985,0.7571830259349781
Cuba,1986,-0.7549487807951039
Cuba,1987,-3.262393137432696
Cuba,1988,2.7388918714523958
Cuba,1989,-0.2820379120699385
Cuba,1990,-3.848224657682451
Cuba,1991,-11.40798780564846
Cuba,1992,-12.139370530565133
Cuba,1993,-15.31183668930727
Cuba,1994,0.3006850455338821
Cuba,1995,2.088264312374505
Cuba,1996,7.478225038278424
Cuba,1997,2.4476900063083638
Cuba,1998,-0.1746780722641574
Cuba,1999,5.828937116808802
Cuba,2000,5.563154078504965
Cuba,2001,2.860747196577534
Cuba,2002,1.1227813269210287
Cuba,2003,3.4967618501721773
Cuba,2004,5.494101958003839
Cuba,2005,10.966685116153243
Cuba,2006,11.906923750545758
Cuba,2007,7.179252425500749
Cuba,2008,4.075427544726409
Cuba,2009,1.4247450966448696
Cuba,2010,2.3659723658808787
Cuba,2011,2.7644421019621603
Cuba,2012,3.0002817503856534
Cuba,2013,2.793146232942135
Cuba,2014,1.158528832290088
Cuba,2015,4.53753785531039
Cuba,2016,0.5971836451341517
Cuba,2017,1.9707547151640767
Cuba,2018,2.4365683745802187
Cuba,2019,0.0532186639248664
Cuba,2020,-10.7383538682124
Cuba,2021,1.747788271567586
Cuba,2022,2.3483909113422072
Cuba,2023,-1.5743835905819026
Cuba,2024,-0.6999611421594949
Curacao,2001,3.0079460132311056
Curacao,2002,0.2742933712139432
Curacao,2003,-1.7586816970604673
Curacao,2004,-1.5053401830220563
Curacao,2005,-1.8584399749865383
Curacao,2006,-0.9409617914444652
Curacao,2007,0.4661738241478872
Curacao,2008,0.9103422947634529
Curacao,2009,-1.1768965177602695
Curacao,2010,-1.176268627452984
Curacao,2011,-0.9095665586601172
Curacao,2012,-1.1725614862610882
Curacao,2013,-1.7558075683895282
Curacao,2014,-1.967467485866408
Curacao,2015,-0.8587797153857082
Curacao,2016,-2.111161328657701
Curacao,2017,-1.5911639402529971
Curacao,2018,-1.588630618889738
Curacao,2019,-2.041096052379274
Curacao,2020,-17.410833475638725
Curacao,2021,5.221840481094702
Curacao,2022,7.343187743361952
Curacao,2023,3.3038579150876477
Curacao,2024,4.1427365570923484
Cyprus,1976,21.2448705756902
Cyprus,1977,16.34797571190711
Cyprus,1978,7.378353879019755
Cyprus,1979,9.05434830861364
Cyprus,1980,4.610636027106139
Cyprus,1981,0.8288286722317082
Cyprus,1982,4.774509671399471
Cyprus,1983,4.715044352361304
Cyprus,1984,7.357751950234274
Cyprus,1985,3.615237826276882
Cyprus,1986,2.521405376330364
Cyprus,1987,5.907272584938156
Cyprus,1988,7.500786297468437
Cyprus,1989,6.419513088666108
Cyprus,1990,5.139970012194908
Cyprus,1991,-1.834743086620719
Cyprus,1992,6.527837797518714
Cyprus,1993,-1.7026312210937815
Cyprus,1994,3.732202876905518
Cyprus,1995,6.415539569738456
Cyprus,1996,-0.3524297691318026
Cyprus,1997,1.1962619910720491
Cyprus,1998,4.817776796245738
Cyprus,1999,3.829598195574405
Cyprus,2000,4.844160506027919
Cyprus,2001,2.838119513067156
Cyprus,2002,2.541086671236343
Cyprus,2003,1.383632549645057
Cyprus,2004,3.630737856845357
Cyprus,2005,3.353752260359414
Cyprus,2006,2.981250843688187
Cyprus,2007,2.88426389868701
Cyprus,2008,1.076740411425206
Cyprus,2009,-4.610482557397759
Cyprus,2010,-0.3576140190940435
Cyprus,2011,-2.1129375771814978
Cyprus,2012,-4.907385496731166
Cyprus,2013,-6.480317601210231
Cyprus,2014,-1.4888369469745584
Cyprus,2015,3.1951227598012792
Cyprus,2016,6.0183571140433685
Cyprus,2017,4.853408881078153
Cyprus,2018,5.051053377952954
Cyprus,2019,4.468265621634558
Cyprus,2020,-4.514035858652278
Cyprus,2021,9.746511615335152
Cyprus,2022,6.279339714974924
Cyprus,2023,1.6394163879707548
Cyprus,2024,2.296927593921083
Czechia,1991,-11.4025060254434
Czechia,1992,-0.6082136296197689
Czechia,1993,-0.0420531080889361
Czechia,1994,2.8721435374943667
Czechia,1995,6.286554618727294
Czechia,1996,4.2898875944212165
Czechia,1997,-0.4886600179756897
Czechia,1998,-0.2987332107627907
Czechia,1999,1.4819978336991966
Czechia,2000,4.302739522728302
Czechia,2001,3.3046271295288534
Czechia,2002,1.709469589347805
Czechia,2003,3.330406373619141
Czechia,2004,4.704468200996573
Czechia,2005,6.227986282161211
Czechia,2006,6.334832682242421
Czechia,2007,4.875046702443171
Czechia,2008,1.7647087292551191
Czechia,2009,-5.339173998963162
Czechia,2010,2.415829488839364
Czechia,2011,1.562186191131559
Czechia,2012,-0.9094183876444076
Czechia,2013,-0.0749629946207335
Czechia,2014,2.13762755318902
Czechia,2015,4.752624064360262
Czechia,2016,2.384054254540402
Czechia,2017,4.894550195119905
Czechia,2018,2.486987700676252
Czechia,2019,3.158748028519881
Czechia,2020,-5.534919698201534
Czechia,2021,5.931069689372492
Czechia,2022,1.2440947319028055
Czechia,2023,-1.7198586947826726
Czechia,2024,0.8526066503912375
Denmark,1961,5.638743553418763
Denmark,1962,4.847446966062165
Denmark,1963,-0.1526100554156784
Denmark,1964,8.400119264797155
Denmark,1965,3.743684867865469
Denmark,1966,1.919198016544144
Denmark,1967,5.054685534550728
Denmark,1968,5.2104879555037655
Denmark,1969,6.210158428192884
Denmark,1970,1.093500980283963
Denmark,1971,2.463328728651163
Denmark,1972,3.205579579640513
Denmark,1973,4.088385150081919
Denmark,1974,-1.424300050311771
Denmark,1975,-1.6936947852987885
Denmark,1976,5.727321234588061
Denmark,1977,1.6682953130403604
Denmark,1978,2.0993838595169763
Denmark,1979,3.798026804825199
Denmark,1980,-0.8720465044423236
Denmark,1981,-0.7127876514369973
Denmark,1982,3.9684814750319646
Denmark,1983,2.7253173158965183
Denmark,1984,4.394008899720021
Denmark,1985,4.110882380080014
Denmark,1986,4.593442065183723
Denmark,1987,0.3357856463732673
Denmark,1988,0.2242369334295944
Denmark,1989,0.636785441701889
Denmark,1990,1.495248290127677
Denmark,1991,1.1952189616913955
Denmark,1992,1.68600814422976
Denmark,1993,-0.4112499928245086
Denmark,1994,4.93970794392429
Denmark,1995,2.502628189674056
Denmark,1996,2.315081165083029
Denmark,1997,2.7406389670301223
Denmark,1998,1.9553659214786308
Denmark,1999,2.627163762281711
Denmark,2000,3.377907202328643
Denmark,2001,0.5889597285910071
Denmark,2002,0.1360964833119595
Denmark,2003,0.1682519925219736
Denmark,2004,2.51108744805822
Denmark,2005,2.0780148532787592
Denmark,2006,3.4758598731146435
Denmark,2007,0.5403215322725714
Denmark,2008,-1.0005594097131194
Denmark,2009,-5.481582809981646
Denmark,2010,1.1326693825002252
Denmark,2011,0.8945264042933445
Denmark,2012,-0.3809771254455256
Denmark,2013,0.9708459096902118
Denmark,2014,0.7657661551240693
Denmark,2015,1.385666321888607
Denmark,2016,2.2718015178963498
Denmark,2017,2.39559065097636
Denmark,2018,1.3561960019978727
Denmark,2019,1.3477924534065266
Denmark,2020,-2.066138376831887
Denmark,2021,6.039665773537962
Denmark,2022,-0.3440586392716369
Denmark,2023,-0.1383222946003712
Denmark,2024,2.957762591606226
Djibouti,2014,5.280180259839341
Djibouti,2015,5.458368312936273
Djibouti,2016,5.333315297459308
Djibouti,2017,3.7397153098045943
Djibouti,2018,3.1086154014099634
Djibouti,2019,3.913784409282556
Djibouti,2020,-0.3068676028246671
Djibouti,2021,2.911698992556282
Djibouti,2022,3.700803898862233
Djibouti,2023,5.339195774906528
Djibouti,2024,5.536224970997751
Dominica,1978,10.052406431878012
Dominica,1979,-18.622249097229957
Dominica,1980,13.190804787105776
Dominica,1981,10.976625730242802
Dominica,1982,4.5545772338874855
Dominica,1983,3.014076357696439
Dominica,1984,4.6434766110027965
Dominica,1985,1.8619920821423503
Dominica,1986,7.580187882666522
Dominica,1987,6.880837227104578
Dominica,1988,8.45031747886911
Dominica,1989,0.4562063041211104
Dominica,1990,6.214367950365158
Dominica,1991,1.8318679764207388
Dominica,1992,1.986732487636786
Dominica,1993,2.002513758696153
Dominica,1994,-0.0288746186022734
Dominica,1995,3.042730823010203
Dominica,1996,3.191836519229497
Dominica,1997,2.3493037345837564
Dominica,1998,4.036953809969404
Dominica,1999,0.7241943388253844
Dominica,2000,2.876485652624197
Dominica,2001,0.2625061780150162
Dominica,2002,-3.199405747145505
Dominica,2003,5.551755220819103
Dominica,2004,3.918904013065557
Dominica,2005,0.7904894385575716
Dominica,2006,4.291527700695013
Dominica,2007,5.295194439661643
Dominica,2008,7.11042175462228
Dominica,2009,-1.1501079052145684
Dominica,2010,-0.0983573113798996
Dominica,2011,-0.2383248073051191
Dominica,2012,-0.2512858516139005
Dominica,2013,-0.8518782574020491
Dominica,2014,1.3783650332157291
Dominica,2015,-3.424159287783908
Dominica,2016,2.619035143868203
Dominica,2017,-6.04609004192379
Dominica,2018,3.450331075989084
Dominica,2019,4.398314737429104
Dominica,2020,-15.323436855213032
Dominica,2021,5.961605599489133
Dominica,2022,11.017961100105625
Dominica,2023,4.144678899693417
Dominica,2024,2.522885519336967
Dominican Republic,1961,-5.3510012994725145
Dominican Republic,1962,13.458297990295762
Dominican Republic,1963,3.2869681216860727
Dominican Republic,1964,3.581686152352148
Dominican Republic,1965,-15.018575703442266
Dominican Republic,1966,10.19748662392115
Dominican Republic,1967,0.3322692894150094
Dominican Republic,1968,-2.6126692099559534
Dominican Republic,1969,7.784177310171955
Dominican Republic,1970,14.941197468265273
Dominican Republic,1971,7.809572174890803
Dominican Republic,1972,7.3649166407792706
Dominican Republic,1973,9.818685738844636
Dominican Republic,1974,3.155238203857749
Dominican Republic,1975,2.429822537794095
Dominican Republic,1976,3.975081455917049
Dominican Republic,1977,2.314718360492236
Dominican Republic,1978,-0.4154918651841086
Dominican Republic,1979,1.9542861634261897
Dominican Republic,1980,5.342621796239683
Dominican Republic,1981,1.8025055573087911
Dominican Republic,1982,-0.6487821337182424
Dominican Republic,1983,2.242824968351414
Dominican Republic,1984,-1.029940615164648
Dominican Republic,1985,-4.27424270185108
Dominican Republic,1986,1.3037845027761534
Dominican Republic,1987,7.799256366124368
Dominican Republic,1988,0.021884775476181
Dominican Republic,1989,2.2153913212317207
Dominican Republic,1990,-7.422538424186271
Dominican Republic,1991,-1.1119410318675165
Dominican Republic,1992,9.032557380169678
Dominican Republic,1993,5.287127633714064
Dominican Republic,1994,0.6441060833075767
Dominican Republic,1995,3.737961158111887
Dominican Republic,1996,4.051426229448651
Dominican Republic,1997,7.018621583526823
Dominican Republic,1998,4.955955903271118
Dominican Republic,1999,4.252340983571884
Dominican Republic,2000,2.969556959616341
Dominican Republic,2001,0.870183146599885
Dominican Republic,2002,2.9290209406912027
Dominican Republic,2003,-2.7596456845040365
Dominican Republic,2004,1.1853838341311302
Dominican Republic,2005,8.006607143484274
Dominican Republic,2006,7.813763189485485
Dominican Republic,2007,6.117943980011617
Dominican Republic,2008,2.0008827072605726
Dominican Republic,2009,-0.2689265997821763
Dominican Republic,2010,7.0223118298609535
Dominican Republic,2011,1.8903825242781949
Dominican Republic,2012,1.5021007455516155
Dominican Republic,2013,3.664234008615906
Dominican Republic,2014,5.847606956635175
Dominican Republic,2015,5.764524909666108
Dominican Republic,2016,5.540409786608876
Dominican Republic,2017,2.8093192177562685
Dominican Republic,2018,5.953142054777729
Dominican Republic,2019,3.8157268227303263
Dominican Republic,2020,-8.884672216998311
Dominican Republic,2021,12.831908041007097
Dominican Republic,2022,4.232891967672202
Dominican Republic,2023,1.2856482576487878
Dominican Republic,2024,4.069152398402082
Early-demographic dividend,1961,2.08175265229211
Early-demographic dividend,1962,1.5230691173353534
Early-demographic dividend,1963,2.6027498395132227
Early-demographic dividend,1964,5.692775268566038
Early-demographic dividend,1965,3.460004526157732
Early-demographic dividend,1966,1.7284475552514351
Early-demographic dividend,1967,2.984424195298473
Early-demographic dividend,1968,4.597885200354796
Early-demographic dividend,1969,3.9628808408602936
Early-demographic dividend,1970,5.761426254700325
Early-demographic dividend,1971,2.8364006268640054
Early-demographic dividend,1972,4.130387955178037
Early-demographic dividend,1973,4.439684968743208
Early-demographic dividend,1974,4.18033148337949
Early-demographic dividend,1975,0.3791645623119564
Early-demographic dividend,1976,4.406701038763131
Early-demographic dividend,1977,1.5114899749515018
Early-demographic dividend,1978,-0.2671889731751236
Early-demographic dividend,1979,1.529235423063824
Early-demographic dividend,1980,0.6308066223347026
Early-demographic dividend,1981,0.953900711488444
Early-demographic dividend,1982,-2.079177282585718
Early-demographic dividend,1983,-2.226348190814932
Early-demographic dividend,1984,-0.4256391918455762
Early-demographic dividend,1985,-1.456765614096028
Early-demographic dividend,1986,-0.9504565482117472
Early-demographic dividend,1987,0.4313655089906802
Early-demographic dividend,1988,0.7725058715276845
Early-demographic dividend,1989,-0.4099828757895665
Early-demographic dividend,1990,2.53879511814732
Early-demographic dividend,1991,2.025046822566281
Early-demographic dividend,1992,1.8585784257183064
Early-demographic dividend,1993,1.3508096013948006
Early-demographic dividend,1994,1.3090925080504403
Early-demographic dividend,1995,0.5004279314963327
Early-demographic dividend,1996,3.5397133823860827
Early-demographic dividend,1997,2.8544762274442093
Early-demographic dividend,1998,0.3966355902531973
Early-demographic dividend,1999,0.2900903385676798
Early-demographic dividend,2000,2.424331458887991
Early-demographic dividend,2001,-0.6566174533367501
Early-demographic dividend,2002,-0.0476503267581449
Early-demographic dividend,2003,3.185313888939916
Early-demographic dividend,2004,4.545853880972032
Early-demographic dividend,2005,4.205012510871313
Early-demographic dividend,2006,4.392554134561237
Early-demographic dividend,2007,4.055238011628475
Early-demographic dividend,2008,1.8526450697560224
Early-demographic dividend,2009,-0.9245892761243226
Early-demographic dividend,2010,4.748223695662233
Early-demographic dividend,2011,3.337314876003504
Early-demographic dividend,2012,2.68358566392817
Early-demographic dividend,2013,2.528882470424776
Early-demographic dividend,2014,2.560722501504188
Early-demographic dividend,2015,2.8208605283194714
Early-demographic dividend,2016,2.760433988514464
Early-demographic dividend,2017,3.17780003225532
Early-demographic dividend,2018,2.351745943293153
Early-demographic dividend,2019,1.0271013360899843
Early-demographic dividend,2020,-5.459311247782011
Early-demographic dividend,2021,6.383066003096786
Early-demographic dividend,2022,4.84146548742568
Early-demographic dividend,2023,3.3749731332663515
Early-demographic dividend,2024,2.4820111183406937
East Asia & Pacific,1961,3.588203210557509
East Asia & Pacific,1962,3.9947874877206857
East Asia & Pacific,1963,5.195658594903833
East Asia & Pacific,1964,7.862458425348478
East Asia & Pacific,1965,4.514297288070026
East Asia & Pacific,1966,5.875406069995719
East Asia & Pacific,1967,4.778180206821887
East Asia & Pacific,1968,6.653603707995686
East Asia & Pacific,1969,8.662268721019828
East Asia & Pacific,1970,1.28891097585786
East Asia & Pacific,1971,2.5687729994501467
East Asia & Pacific,1972,4.677544118455074
East Asia & Pacific,1973,5.306216683075064
East Asia & Pacific,1974,-1.040521340251459
East Asia & Pacific,1975,1.6723060886599086
East Asia & Pacific,1976,2.466514193359544
East Asia & Pacific,1977,3.602295546207529
East Asia & Pacific,1978,4.21317287099663
East Asia & Pacific,1979,4.329307063807903
East Asia & Pacific,1980,2.2295338427874185
East Asia & Pacific,1981,3.07784456665982
East Asia & Pacific,1982,2.483513447737735
East Asia & Pacific,1983,2.765725577914097
East Asia & Pacific,1984,4.586698880075474
East Asia & Pacific,1985,4.126916239592205
East Asia & Pacific,1986,3.3147692120286933
East Asia & Pacific,1987,4.579470822789844
East Asia & Pacific,1988,5.900044214819715
East Asia & Pacific,1989,3.5247880707569834
East Asia & Pacific,1990,3.516924747249845
East Asia & Pacific,1991,3.394868818594162
East Asia & Pacific,1992,2.892176728555881
East Asia & Pacific,1993,2.912141016128132
East Asia & Pacific,1994,3.948375090234308
East Asia & Pacific,1995,4.421123490450469
East Asia & Pacific,1996,4.385159073586038
East Asia & Pacific,1997,2.892945565519554
East Asia & Pacific,1998,-0.6269082987208918
East Asia & Pacific,1999,2.7648607360761304
East Asia & Pacific,2000,4.470901724104223
East Asia & Pacific,2001,2.3879314797198674
East Asia & Pacific,2002,3.5712522362232164
East Asia & Pacific,2003,4.162245510335566
East Asia & Pacific,2004,5.097133516200941
East Asia & Pacific,2005,5.171114618225374
East Asia & Pacific,2006,5.682039107946338
East Asia & Pacific,2007,6.672731656101561
East Asia & Pacific,2008,3.647522908418651
East Asia & Pacific,2009,1.892557330185028
East Asia & Pacific,2010,6.8751725092966325
East Asia & Pacific,2011,4.684625986766534
East Asia & Pacific,2012,4.3549788921645245
East Asia & Pacific,2013,4.443359180796563
East Asia & Pacific,2014,4.004085624019552
East Asia & Pacific,2015,3.9696748991745063
East Asia & Pacific,2016,3.9224857242751625
East Asia & Pacific,2017,4.323760165343302
East Asia & Pacific,2018,4.165442712438988
East Asia & Pacific,2019,3.505689945250694
East Asia & Pacific,2020,-0.464897458686579
East Asia & Pacific,2021,6.089752936896204
East Asia & Pacific,2022,2.804865867817228
East Asia & Pacific,2023,3.994831266083338
East Asia & Pacific,2024,3.6215773932280655
East Asia & Pacific (IDA & IBRD countries),1961,-13.366578964265258
East Asia & Pacific (IDA & IBRD countries),1962,-1.966401237142378
East Asia & Pacific (IDA & IBRD countries),1963,3.7923577260977615
East Asia & Pacific (IDA & IBRD countries),1964,8.163469744262812
East Asia & Pacific (IDA & IBRD countries),1965,8.150381218723936
East Asia & Pacific (IDA & IBRD countries),1966,5.125669492723617
East Asia & Pacific (IDA & IBRD countries),1967,-3.954421285822022
East Asia & Pacific (IDA & IBRD countries),1968,-0.8823204793550161
East Asia & Pacific (IDA & IBRD countries),1969,8.4519312589983
East Asia & Pacific (IDA & IBRD countries),1970,10.45977664578372
East Asia & Pacific (IDA & IBRD countries),1971,3.9530847813419134
East Asia & Pacific (IDA & IBRD countries),1972,2.348148943672029
East Asia & Pacific (IDA & IBRD countries),1973,5.778466708984894
East Asia & Pacific (IDA & IBRD countries),1974,1.7196114356224683
East Asia & Pacific (IDA & IBRD countries),1975,4.7148582121157006
East Asia & Pacific (IDA & IBRD countries),1976,0.9965399392292368
East Asia & Pacific (IDA & IBRD countries),1977,5.770219254952892
East Asia & Pacific (IDA & IBRD countries),1978,7.47742541640261
East Asia & Pacific (IDA & IBRD countries),1979,5.337221147377491
East Asia & Pacific (IDA & IBRD countries),1980,5.828896662770688
East Asia & Pacific (IDA & IBRD countries),1981,3.939955145472808
East Asia & Pacific (IDA & IBRD countries),1982,4.643734661062112
East Asia & Pacific (IDA & IBRD countries),1983,5.869066385625942
East Asia & Pacific (IDA & IBRD countries),1984,8.275169267927268
East Asia & Pacific (IDA & IBRD countries),1985,6.206068210802869
East Asia & Pacific (IDA & IBRD countries),1986,5.365004157607061
East Asia & Pacific (IDA & IBRD countries),1987,7.287498300694978
East Asia & Pacific (IDA & IBRD countries),1988,7.880515928048524
East Asia & Pacific (IDA & IBRD countries),1989,3.9333197593661993
East Asia & Pacific (IDA & IBRD countries),1990,3.466868400985689
East Asia & Pacific (IDA & IBRD countries),1991,6.444465974859526
East Asia & Pacific (IDA & IBRD countries),1992,9.670498829487345
East Asia & Pacific (IDA & IBRD countries),1993,9.798108270190966
East Asia & Pacific (IDA & IBRD countries),1994,9.466824573993703
East Asia & Pacific (IDA & IBRD countries),1995,8.502994136436044
East Asia & Pacific (IDA & IBRD countries),1996,7.719222127667919
East Asia & Pacific (IDA & IBRD countries),1997,6.0563993479717055
East Asia & Pacific (IDA & IBRD countries),1998,1.7827131927481474
East Asia & Pacific (IDA & IBRD countries),1999,5.300237561237452
East Asia & Pacific (IDA & IBRD countries),2000,6.653124329905239
East Asia & Pacific (IDA & IBRD countries),2001,5.971048017847068
East Asia & Pacific (IDA & IBRD countries),2002,7.192482901097392
East Asia & Pacific (IDA & IBRD countries),2003,8.100827354018762
East Asia & Pacific (IDA & IBRD countries),2004,8.262296191053721
East Asia & Pacific (IDA & IBRD countries),2005,9.166145196418183
East Asia & Pacific (IDA & IBRD countries),2006,10.186858180655506
East Asia & Pacific (IDA & IBRD countries),2007,11.561774921863346
East Asia & Pacific (IDA & IBRD countries),2008,7.799228591325232
East Asia & Pacific (IDA & IBRD countries),2009,7.200248817955938
East Asia & Pacific (IDA & IBRD countries),2010,9.081159075791971
East Asia & Pacific (IDA & IBRD countries),2011,7.733708128449109
East Asia & Pacific (IDA & IBRD countries),2012,6.637302660749086
East Asia & Pacific (IDA & IBRD countries),2013,6.395509788889768
East Asia & Pacific (IDA & IBRD countries),2014,6.1512736045878285
East Asia & Pacific (IDA & IBRD countries),2015,5.84494860392293
East Asia & Pacific (IDA & IBRD countries),2016,5.712761975973663
East Asia & Pacific (IDA & IBRD countries),2017,5.8575331960605865
East Asia & Pacific (IDA & IBRD countries),2018,5.851609439495746
East Asia & Pacific (IDA & IBRD countries),2019,5.302883062325421
East Asia & Pacific (IDA & IBRD countries),2020,0.8867764860163874
East Asia & Pacific (IDA & IBRD countries),2021,7.3817661073200895
East Asia & Pacific (IDA & IBRD countries),2022,3.306792174532916
East Asia & Pacific (IDA & IBRD countries),2023,5.061874081759584
East Asia & Pacific (IDA & IBRD countries),2024,4.787100224366014
East Asia & Pacific (excluding high income),1961,-13.39333319378187
East Asia & Pacific (excluding high income),1962,-1.9786719456484576
East Asia & Pacific (excluding high income),1963,3.79363557806333
East Asia & Pacific (excluding high income),1964,8.16204571782373
East Asia & Pacific (excluding high income),1965,8.149180718809262
East Asia & Pacific (excluding high income),1966,5.1271752827166495
East Asia & Pacific (excluding high income),1967,-3.957768540789772
East Asia & Pacific (excluding high income),1968,-0.8859883620796438
East Asia & Pacific (excluding high income),1969,8.4510442466093
East Asia & Pacific (excluding high income),1970,10.45965200355674
East Asia & Pacific (excluding high income),1971,3.958717840049701
East Asia & Pacific (excluding high income),1972,2.3494160580070518
East Asia & Pacific (excluding high income),1973,5.783896837677787
East Asia & Pacific (excluding high income),1974,1.7237690910925068
East Asia & Pacific (excluding high income),1975,4.720477454855072
East Asia & Pacific (excluding high income),1976,1.0019039086026424
East Asia & Pacific (excluding high income),1977,5.778924594057372
East Asia & Pacific (excluding high income),1978,7.487753357661674
East Asia & Pacific (excluding high income),1979,5.345363820839239
East Asia & Pacific (excluding high income),1980,5.836006008101307
East Asia & Pacific (excluding high income),1981,3.9453820016651378
East Asia & Pacific (excluding high income),1982,4.650846082101225
East Asia & Pacific (excluding high income),1983,5.876044159948265
East Asia & Pacific (excluding high income),1984,8.281055026006669
East Asia & Pacific (excluding high income),1985,6.210731555220889
East Asia & Pacific (excluding high income),1986,5.369980217021848
East Asia & Pacific (excluding high income),1987,7.2939632694109235
East Asia & Pacific (excluding high income),1988,7.886968123105277
East Asia & Pacific (excluding high income),1989,3.937429260089928
East Asia & Pacific (excluding high income),1990,3.4698509119093472
East Asia & Pacific (excluding high income),1991,6.448644672957045
East Asia & Pacific (excluding high income),1992,9.674064532790709
East Asia & Pacific (excluding high income),1993,9.800801205514304
East Asia & Pacific (excluding high income),1994,9.466427294320525
East Asia & Pacific (excluding high income),1995,8.504973120714567
East Asia & Pacific (excluding high income),1996,7.72391893937538
East Asia & Pacific (excluding high income),1997,6.061739335481221
East Asia & Pacific (excluding high income),1998,1.78751706925091
East Asia & Pacific (excluding high income),1999,5.305410351351881
East Asia & Pacific (excluding high income),2000,6.658094435432545
East Asia & Pacific (excluding high income),2001,5.975618440927022
East Asia & Pacific (excluding high income),2002,7.197859975903981
East Asia & Pacific (excluding high income),2003,8.104927553471924
East Asia & Pacific (excluding high income),2004,8.264612045631182
East Asia & Pacific (excluding high income),2005,9.16972498567992
East Asia & Pacific (excluding high income),2006,10.191241555525709
East Asia & Pacific (excluding high income),2007,11.56675440229374
East Asia & Pacific (excluding high income),2008,7.803870288927243
East Asia & Pacific (excluding high income),2009,7.204873005789267
East Asia & Pacific (excluding high income),2010,9.085817345714917
East Asia & Pacific (excluding high income),2011,7.738440011041447
East Asia & Pacific (excluding high income),2012,6.643068264385363
East Asia & Pacific (excluding high income),2013,6.401047543521514
East Asia & Pacific (excluding high income),2014,6.155748045135098
East Asia & Pacific (excluding high income),2015,5.848664645641094
East Asia & Pacific (excluding high income),2016,5.716453061869615
East Asia & Pacific (excluding high income),2017,5.861708916901122
East Asia & Pacific (excluding high income),2018,5.854496069180669
East Asia & Pacific (excluding high income),2019,5.304819261931428
East Asia & Pacific (excluding high income),2020,0.8878345178529514
East Asia & Pacific (excluding high income),2021,7.381364444011496
East Asia & Pacific (excluding high income),2022,3.305122989578152
East Asia & Pacific (excluding high income),2023,5.0599214119764895
East Asia & Pacific (excluding high income),2024,4.785235201058086
Ecuador,1961,2.1984122137332065
Ecuador,1962,1.9624433442900937
Ecuador,1963,-0.8015829115101383
Ecuador,1964,4.316328459997891
Ecuador,1965,0.2756252760604241
Ecuador,1966,-3.2540540720920177
Ecuador,1967,1.5486578864702238
Ecuador,1968,-1.088674275680944
Ecuador,1969,1.5939932983337997
Ecuador,1970,3.744086194984348
Ecuador,1971,3.1966498671580155
Ecuador,1972,1.9779193969868205
Ecuador,1973,10.6789981468617
Ecuador,1974,8.049343645828145
Ecuador,1975,7.859212667784448
Ecuador,1976,4.4241671207181525
Ecuador,1977,-1.174705030638478
Ecuador,1978,2.8462982286748115
Ecuador,1979,0.9582523038343282
Ecuador,1980,0.952627019811672
Ecuador,1981,2.8294876210121345
Ecuador,1982,-2.006915492757656
Ecuador,1983,-2.919859704060215
Ecuador,1984,-0.0251234212967688
Ecuador,1985,1.296518131731176
Ecuador,1986,0.9194139345769088
Ecuador,1987,-2.6384896814332706
Ecuador,1988,3.4415591501786054
Ecuador,1989,-1.272792274574968
Ecuador,1990,1.3850952864821409
Ecuador,1991,2.062664351241807
Ecuador,1992,-0.0134164931923947
Ecuador,1993,-0.0759415801517349
Ecuador,1994,2.260371679106328
Ecuador,1995,0.3265365992813969
Ecuador,1996,-0.1669429550941146
Ecuador,1997,2.4186008725259427
Ecuador,1998,1.411645552581902
Ecuador,1999,-6.416927560742124
Ecuador,2000,-0.6482253875515909
Ecuador,2001,2.4182076388856477
Ecuador,2002,3.109353937466679
Ecuador,2003,1.085416926678718
Ecuador,2004,4.976625491144702
Ecuador,2005,3.5910337468279465
Ecuador,2006,2.5636011108780536
Ecuador,2007,0.1768231261362274
Ecuador,2008,4.763183262840883
Ecuador,2009,-0.6187436963646036
Ecuador,2010,2.299025938148503
Ecuador,2011,6.7152493105412105
Ecuador,2012,4.112337995106657
Ecuador,2013,5.617805734906838
Ecuador,2014,2.7441230647264945
Ecuador,2015,-1.302749850426352
Ecuador,2016,-2.125508822019384
Ecuador,2017,4.361954674059049
Ecuador,2018,-0.6745589601766824
Ecuador,2019,-1.5125315480752732
Ecuador,2020,-10.310833916914191
Ecuador,2021,8.577895441869416
Ecuador,2022,5.028295969789596
Ecuador,2023,1.10230591349449
Ecuador,2024,-2.840963262741795
"Egypt, Arab Rep.",1961,2.4772345513982827
"Egypt, Arab Rep.",1962,1.177223650136909
"Egypt, Arab Rep.",1963,7.65044443289365
"Egypt, Arab Rep.",1964,8.643032604522787
"Egypt, Arab Rep.",1965,2.275699811839345
"Egypt, Arab Rep.",1966,2.4463208916851755
"Egypt, Arab Rep.",1967,-1.6676214074607714
"Egypt, Arab Rep.",1968,-3.998045019559768
"Egypt, Arab Rep.",1969,2.747150737369381
"Egypt, Arab Rep.",1970,3.1208804951144486
"Egypt, Arab Rep.",1971,1.6804419674796236
"Egypt, Arab Rep.",1972,0.7109278751396886
"Egypt, Arab Rep.",1973,1.1530442749804166
"Egypt, Arab Rep.",1974,-0.7617289368969153
"Egypt, Arab Rep.",1975,6.401243670252981
"Egypt, Arab Rep.",1976,10.660216907077142
"Egypt, Arab Rep.",1977,6.452936272612845
"Egypt, Arab Rep.",1978,5.994919834608538
"Egypt, Arab Rep.",1979,1.96639478092861
"Egypt, Arab Rep.",1980,7.178382461692024
"Egypt, Arab Rep.",1981,4.502843379615129
"Egypt, Arab Rep.",1982,6.922195895670029
"Egypt, Arab Rep.",1983,2.0620960525288297
"Egypt, Arab Rep.",1984,6.490132739743999
"Egypt, Arab Rep.",1985,2.6895221471938413
"Egypt, Arab Rep.",1986,1.7925166270003956
"Egypt, Arab Rep.",1987,0.9926478701878664
"Egypt, Arab Rep.",1988,2.56957149459862
"Egypt, Arab Rep.",1989,2.1032247660866688
"Egypt, Arab Rep.",1990,2.6163032546706546
"Egypt, Arab Rep.",1991,-1.6245161943689652
"Egypt, Arab Rep.",1992,2.0060772044846686
"Egypt, Arab Rep.",1993,0.5537638999885104
"Egypt, Arab Rep.",1994,1.75753283456244
"Egypt, Arab Rep.",1995,2.46357101461021
"Egypt, Arab Rep.",1996,2.8343454377756245
"Egypt, Arab Rep.",1997,3.328464501250508
"Egypt, Arab Rep.",1998,3.293891085839533
"Egypt, Arab Rep.",1999,3.7140367091239312
"Egypt, Arab Rep.",2000,4.096090576599764
"Egypt, Arab Rep.",2001,1.359552116409276
"Egypt, Arab Rep.",2002,0.2586962683648153
"Egypt, Arab Rep.",2003,1.053582467786086
"Egypt, Arab Rep.",2004,1.9652468387307775
"Egypt, Arab Rep.",2005,2.3803246179742104
"Egypt, Arab Rep.",2006,4.777512979350433
"Egypt, Arab Rep.",2007,5.085467278484202
"Egypt, Arab Rep.",2008,5.173810698782759
"Egypt, Arab Rep.",2009,2.715525920641795
"Egypt, Arab Rep.",2010,3.149778511682939
"Egypt, Arab Rep.",2011,-0.3546462677027477
"Egypt, Arab Rep.",2012,-0.0429670178954921
"Egypt, Arab Rep.",2013,-0.1432338810776201
"Egypt, Arab Rep.",2014,0.5995585640064576
"Egypt, Arab Rep.",2015,2.2041585801561467
"Egypt, Arab Rep.",2016,2.244973756496975
"Egypt, Arab Rep.",2017,2.1201547717273286
"Egypt, Arab Rep.",2018,3.351667532470444
"Egypt, Arab Rep.",2019,3.7158408857354175
"Egypt, Arab Rep.",2020,1.881119759177181
"Egypt, Arab Rep.",2021,1.7622048428369794
"Egypt, Arab Rep.",2022,5.015558649917921
"Egypt, Arab Rep.",2023,2.023158424129477
"Egypt, Arab Rep.",2024,0.639636335125445
El Salvador,1966,4.181853485115994
El Salvador,1967,2.5021261831015664
El Salvador,1968,0.4016059887766516
El Salvador,1969,0.7159967679673258
El Salvador,1970,0.386271474352867
El Salvador,1971,1.4058356349311794
El Salvador,1972,3.653936756447223
El Salvador,1973,2.432215869742606
El Salvador,1974,2.9414895673908603
El Salvador,1975,0.6560138637185844
El Salvador,1976,2.807184989634265
El Salvador,1977,4.522298067137214
El Salvador,1978,3.0970472052428164
El Salvador,1979,-6.025362728416283
El Salvador,1980,-16.948947631354713
El Salvador,1981,-6.344284866884166
El Salvador,1982,-7.359970198224346
El Salvador,1983,-0.2920721971226072
El Salvador,1984,-0.5790013918316959
El Salvador,1985,-1.3734857294415548
El Salvador,1986,-1.77325101840664
El Salvador,1987,0.5018240749280096
El Salvador,1988,-0.149099217112905
El Salvador,1989,-1.0012323906666012
El Salvador,1990,2.8769494362455674
El Salvador,1991,-0.2670456689256468
El Salvador,1992,5.287342725069635
El Salvador,1993,4.428308508541903
El Salvador,1994,3.699543292485558
El Salvador,1995,3.861583818422005
El Salvador,1996,0.0620554724499129
El Salvador,1997,2.444592868191762
El Salvador,1998,2.020333958778849
El Salvador,1999,1.5899063094167616
El Salvador,2000,0.6265353790709582
El Salvador,2001,0.4622047900461012
El Salvador,2002,1.2578312694353428
El Salvador,2003,1.3627566119054393
El Salvador,2004,0.7873838314319954
El Salvador,2005,2.66532259162382
El Salvador,2006,4.393649087189331
El Salvador,2007,1.720416076209048
El Salvador,2008,1.8244718665989128
El Salvador,2009,-2.415991531602785
El Salvador,2010,1.8180161360778868
El Salvador,2011,3.400791706418161
El Salvador,2012,2.486379214570576
El Salvador,2013,1.769083036909663
El Salvador,2014,1.3313268065054729
El Salvador,2015,2.05686593954016
El Salvador,2016,2.255892674432431
El Salvador,2017,2.0380895055327954
El Salvador,2018,2.309139462866213
El Salvador,2019,2.396133219464943
El Salvador,2020,-8.075625885643873
El Salvador,2021,11.527159410665618
El Salvador,2022,2.552374866508373
El Salvador,2023,3.0582698782416458
El Salvador,2024,2.1395481105827656
Equatorial Guinea,1981,0.6743850384286674
Equatorial Guinea,1982,-3.813396497729002
Equatorial Guinea,1983,-1.4792525073001173
Equatorial Guinea,1984,-4.934160672869908
Equatorial Guinea,1985,6.858533107326096
Equatorial Guinea,1986,-6.959338152889956
Equatorial Guinea,1987,0.0385112236216826
Equatorial Guinea,1988,-1.344232839430518
Equatorial Guinea,1989,-4.938856963602916
Equatorial Guinea,1990,-5.376483093158029
Equatorial Guinea,1991,-4.630318175111981
Equatorial Guinea,1992,29.85088628687353
Equatorial Guinea,1993,6.999949479886737
Equatorial Guinea,1994,12.403008373160064
Equatorial Guinea,1995,13.141486523239124
Equatorial Guinea,1996,60.3410922687992
Equatorial Guinea,1997,140.49057785774747
Equatorial Guinea,1998,19.031498904049784
Equatorial Guinea,1999,20.816107936924084
Equatorial Guinea,2000,12.151633960644432
Equatorial Guinea,2001,53.23568808254194
Equatorial Guinea,2002,12.258597420865954
Equatorial Guinea,2003,7.247865427050186
Equatorial Guinea,2004,30.01629766887234
Equatorial Guinea,2005,10.901203443510752
Equatorial Guinea,2006,3.031055581955073
Equatorial Guinea,2007,10.196897569374713
Equatorial Guinea,2008,12.532673345121609
Equatorial Guinea,2009,-3.220460295269177
Equatorial Guinea,2010,-13.015171837035185
Equatorial Guinea,2011,1.9990576279925705
Equatorial Guinea,2012,3.988003867820879
Equatorial Guinea,2013,-7.888560394436496
Equatorial Guinea,2014,-3.430585953129139
Equatorial Guinea,2015,-12.491714266342797
Equatorial Guinea,2016,-12.097109899898555
Equatorial Guinea,2017,-8.940535550475772
Equatorial Guinea,2018,-9.370419051859429
Equatorial Guinea,2019,-8.523912820418417
Equatorial Guinea,2020,-7.358746573666735
Equatorial Guinea,2021,-1.5665204001559945
Equatorial Guinea,2022,0.6617862587819872
Equatorial Guinea,2023,-7.349844197205328
Equatorial Guinea,2024,-1.4903516854681411
Eritrea,1993,9.954669941060246
Eritrea,1994,17.553635607016886
Eritrea,1995,-2.796917859912881
Eritrea,1996,3.961504728667393
Eritrea,1997,6.721813646217427
Eritrea,1998,0.452407592557293
Eritrea,1999,-1.449176033204509
Eritrea,2000,-4.618371337720845
Eritrea,2001,5.695711543716371
Eritrea,2002,-0.4768578230957701
Eritrea,2003,-6.594920166051722
Eritrea,2004,-2.6238903510385967
Eritrea,2005,0.1488234050296597
Eritrea,2006,-2.5182134554669062
Eritrea,2007,-0.0417696046355899
Eritrea,2008,-12.124843163296276
Eritrea,2009,1.302578155833103
Eritrea,2010,0.2059188776796077
Eritrea,2011,6.747982978532278
Estonia,1991,-7.536694458938015
Estonia,1992,-19.71743314578653
Estonia,1993,-3.2824497129791013
Estonia,1994,0.483692726110803
Estonia,1995,6.40966000708616
Estonia,1996,6.502782208052338
Estonia,1997,14.347216046452658
Estonia,1998,5.346902251168473
Estonia,1999,-0.7178246909679871
Estonia,2000,9.556422588701864
Estonia,2001,6.557319677840411
Estonia,2002,7.612500410927666
Estonia,2003,8.273723956806478
Estonia,2004,7.44108988454812
Estonia,2005,10.151602327500058
Estonia,2006,10.411704360158367
Estonia,2007,8.062766014082683
Estonia,2008,-4.870579152927064
Estonia,2009,-14.465498147072111
Estonia,2010,2.683661650946334
Estonia,2011,7.934147249752371
Estonia,2012,4.043771860187164
Estonia,2013,2.119282000098096
Estonia,2014,3.594115907693024
Estonia,2015,1.771417019572226
Estonia,2016,3.063010903491985
Estonia,2017,5.506857313542056
Estonia,2018,3.339409363788917
Estonia,2019,3.3419636171696965
Estonia,2020,-3.0754800776694395
Estonia,2021,8.140194360088529
Estonia,2022,-2.537549632088528
Estonia,2023,-4.266344801379134
Estonia,2024,-0.2396521543136884
Eswatini,1971,10.740056666082069
Eswatini,1972,2.571337080155203
Eswatini,1973,6.003260708648426
Eswatini,1974,2.7512809234377897
Eswatini,1975,10.613517053748495
Eswatini,1976,-5.047830869239462
Eswatini,1977,-2.171655569231888
Eswatini,1978,-1.9566594547283955
Eswatini,1979,-0.2429646688821662
Eswatini,1980,8.784267443293501
Eswatini,1981,10.893710795097505
Eswatini,1982,-2.1346294706591493
Eswatini,1983,-2.0696585578558317
Eswatini,1984,2.7581940894589394
Eswatini,1985,0.0573666967944745
Eswatini,1986,7.9042771158106575
Eswatini,1987,10.243410029250311
Eswatini,1988,1.7747005919101326
Eswatini,1989,7.789538332811418
Eswatini,1990,16.214611233451407
Eswatini,1991,-2.2465567054914857
Eswatini,1992,-0.6282432219171312
Eswatini,1993,0.1442963789730811
Eswatini,1994,2.411867717948084
Eswatini,1995,4.909798315652125
Eswatini,1996,1.8060030472955615
Eswatini,1997,1.3827094162171818
Eswatini,1998,1.294084717115254
Eswatini,1999,1.8393499932846569
Eswatini,2000,0.7212838313722898
Eswatini,2001,0.4811308927777702
Eswatini,2002,3.2656189993449942
Eswatini,2003,3.827259270498047
Eswatini,2004,2.993481094427409
Eswatini,2005,5.416360662692796
Eswatini,2006,6.195970483490811
Eswatini,2007,3.7181387973540296
Eswatini,2008,0.7582422589791094
Eswatini,2009,0.7849471224097471
Eswatini,2010,3.2176365534427878
Eswatini,2011,1.2764364735135416
Eswatini,2012,3.5319924716050224
Eswatini,2013,3.5301664885926414
Eswatini,2014,1.4907351424831743
Eswatini,2015,1.1245468239479095
Eswatini,2016,2.349657522972379
Eswatini,2017,2.744408885210234
Eswatini,2018,-0.8534813307299487
Eswatini,2019,5.444562780528699
Eswatini,2020,-3.997800689912197
Eswatini,2021,3.038523689467837
Eswatini,2022,-0.6288940365143105
Eswatini,2023,2.557498871288132
Eswatini,2024,1.9534696306666888
Ethiopia,1962,1.7300324983901874
Ethiopia,1963,1.859329144252726
Ethiopia,1964,1.3859769269671318
Ethiopia,1965,2.969703358660823
Ethiopia,1966,4.496695298723921
Ethiopia,1967,1.3500572443538204
Ethiopia,1968,1.3045290879678362
Ethiopia,1969,-1.362624126121588
Ethiopia,1970,0.6694683751683215
Ethiopia,1971,3.65482353629109
Ethiopia,1972,1.4790669667043943
Ethiopia,1973,2.3496939999939457
Ethiopia,1974,0.6365853618106598
Ethiopia,1975,-1.1985234146187338
Ethiopia,1976,-2.348154893772943
Ethiopia,1977,0.7656060875294628
Ethiopia,1978,1.0122113017091436
Ethiopia,1979,-2.5567541068524946
Ethiopia,1980,5.83727167777019
Ethiopia,1981,1.7930084257335324
Ethiopia,1982,-2.9260234670100544
Ethiopia,1983,5.2537981106687255
Ethiopia,1984,-5.343314794548206
Ethiopia,1985,-13.61186957503554
Ethiopia,1986,6.466920861052401
Ethiopia,1987,10.045118732446396
Ethiopia,1988,-3.345181997883373
Ethiopia,1989,-4.115696910713893
Ethiopia,1990,-1.006468892951574
Ethiopia,1991,-11.073793028811965
Ethiopia,1992,-12.435481489834416
Ethiopia,1993,9.234798495415577
Ethiopia,1994,-0.3404374486841135
Ethiopia,1995,2.575326961598236
Ethiopia,1996,8.776856917785608
Ethiopia,1997,-0.1192806156291084
Ethiopia,1998,-6.442885647635052
Ethiopia,1999,1.9271724167863769
Ethiopia,2000,2.868066189045408
Ethiopia,2001,5.065304324572722
Ethiopia,2002,-1.5288589401725543
Ethiopia,2003,-5.0728865238029215
Ethiopia,2004,10.22181510818399
Ethiopia,2005,8.550898628987497
Ethiopia,2006,7.62653694970021
Ethiopia,2007,8.237707080381256
Ethiopia,2008,7.627867428676652
Ethiopia,2009,5.756385598310601
Ethiopia,2010,9.4043448666486
Ethiopia,2011,8.061416763622262
Ethiopia,2012,5.643743769467008
Ethiopia,2013,7.616614547206908
Ethiopia,2014,7.338618593550251
Ethiopia,2015,7.4680767605293
Ethiopia,2016,6.509914563067397
Ethiopia,2017,6.618620700267513
Ethiopia,2018,3.974075459421329
Ethiopia,2019,5.486641480217116
Ethiopia,2020,3.223115994928065
Ethiopia,2021,2.855657630785231
Ethiopia,2022,2.595399676443733
Ethiopia,2023,3.854750252304356
Ethiopia,2024,4.86819977515492
Euro area,1961,4.840819945265267
Euro area,1962,4.858962519873273
Euro area,1963,3.970702884310299
Euro area,1964,4.952158459201073
Euro area,1965,4.148248890509237
Euro area,1966,3.554746323174584
Euro area,1967,2.718796897620976
Euro area,1968,4.979219446192687
Euro area,1969,6.402218157256073
Euro area,1970,5.010425050231817
Euro area,1971,3.163227021415622
Euro area,1972,4.1789120896639815
Euro area,1973,5.445319072822514
Euro area,1974,2.660753426099774
Euro area,1975,-1.2483293706131064
Euro area,1976,4.5774859652795215
Euro area,1977,2.6874927771404917
Euro area,1978,2.6873261199739744
Euro area,1979,3.4720398076327825
Euro area,1980,1.7314526420002352
Euro area,1981,0.1430500604526372
Euro area,1982,0.4365822512689021
Euro area,1983,1.1850992643300629
Euro area,1984,2.238429531182802
Euro area,1985,2.11662339085359
Euro area,1986,2.270775740944856
Euro area,1987,2.2532834127356693
Euro area,1988,3.968840193343453
Euro area,1989,3.6605884685035903
Euro area,1990,3.1150879679554606
Euro area,1991,1.9374076164326224
Euro area,1992,0.69853824450594
Euro area,1993,-1.089257881496934
Euro area,1994,2.205240491519419
Euro area,1995,2.2196995897221683
Euro area,1996,1.503021152822896
Euro area,1997,2.5293251744581227
Euro area,1998,2.7874275552997005
Euro area,1999,2.7544359697385943
Euro area,2000,3.5800424686672585
Euro area,2001,1.850100470944227
Euro area,2002,0.4524406865472343
Euro area,2003,0.1990220070627657
Euro area,2004,1.7408403234264682
Euro area,2005,1.2359419581165554
Euro area,2006,2.831215343715712
Euro area,2007,2.466527710824053
Euro area,2008,-0.091698435386462
Euro area,2009,-4.808059472345974
Euro area,2010,1.8589070209132077
Euro area,2011,1.9675547726329228
Euro area,2012,-1.1338552977530585
Euro area,2013,-0.3241927729495302
Euro area,2014,1.2812528118987956
Euro area,2015,1.8603261254296517
Euro area,2016,1.519813603288256
Euro area,2017,2.421076612830575
Euro area,2018,1.4696109197151657
Euro area,2019,1.437283509482043
Euro area,2020,-6.189282902058679
Euro area,2021,6.369374491684511
Euro area,2022,3.363613766184727
Euro area,2023,0.0245399971959869
Euro area,2024,0.5098239885825251
Europe & Central Asia,1961,3.9970084911429353
Europe & Central Asia,1962,3.5020179787042025
Europe & Central Asia,1963,3.6678686791792927
Europe & Central Asia,1964,4.661694431540624
Europe & Central Asia,1965,3.330035250797863
Europe & Central Asia,1966,2.8132234075039406
Europe & Central Asia,1967,2.4864831617139345
Europe & Central Asia,1968,4.477789381717187
Europe & Central Asia,1969,5.0175012373890695
Europe & Central Asia,1970,4.188893856068958
Europe & Central Asia,1971,2.6752355042985414
Europe & Central Asia,1972,3.6795735344288687
Europe & Central Asia,1973,5.147171984245631
Europe & Central Asia,1974,1.5529877716334113
Europe & Central Asia,1975,-1.3926393624964533
Europe & Central Asia,1976,3.639199165573359
Europe & Central Asia,1977,2.147684329703111
Europe & Central Asia,1978,2.2743388928459467
Europe & Central Asia,1979,2.871017285104415
Europe & Central Asia,1980,0.7676826325660784
Europe & Central Asia,1981,-0.2092312327189631
Europe & Central Asia,1982,0.3744415285633664
Europe & Central Asia,1983,1.2711150252987269
Europe & Central Asia,1984,2.1133879305820216
Europe & Central Asia,1985,2.053550088071248
Europe & Central Asia,1986,2.2393154368174635
Europe & Central Asia,1987,2.312977037311171
Europe & Central Asia,1988,3.4419152159177457
Europe & Central Asia,1989,2.827609710110494
Europe & Central Asia,1990,1.7691296436415485
Europe & Central Asia,1991,-0.2961343919408676
Europe & Central Asia,1992,-0.996431582059941
Europe & Central Asia,1993,-0.9689660943833758
Europe & Central Asia,1994,1.1483174640802645
Europe & Central Asia,1995,2.1115837272529348
Europe & Central Asia,1996,1.6240802980413775
Europe & Central Asia,1997,2.939529370214217
Europe & Central Asia,1998,2.4591129754480505
Europe & Central Asia,1999,2.7837821323157783
Europe & Central Asia,2000,4.277669793338674
Europe & Central Asia,2001,2.087644868854227
Europe & Central Asia,2002,1.370459336450864
Europe & Central Asia,2003,1.557879117125708
Europe & Central Asia,2004,2.878568432814916
Europe & Central Asia,2005,2.4315308903645416
Europe & Central Asia,2006,3.577837741868194
Europe & Central Asia,2007,3.39762256368617
Europe & Central Asia,2008,0.6170824775884114
Europe & Central Asia,2009,-4.810130545690853
Europe & Central Asia,2010,2.258044275660282
Europe & Central Asia,2011,2.097753393098259
Europe & Central Asia,2012,-0.0770417005690689
Europe & Central Asia,2013,0.4840244243144838
Europe & Central Asia,2014,1.5178180217923796
Europe & Central Asia,2015,1.6298042127235135
Europe & Central Asia,2016,1.4526495711704115
Europe & Central Asia,2017,2.562237837140046
Europe & Central Asia,2018,1.756095595223357
Europe & Central Asia,2019,1.465213487470578
Europe & Central Asia,2020,-5.558349906811955
Europe & Central Asia,2021,6.716866247084255
Europe & Central Asia,2022,3.407276393773202
Europe & Central Asia,2023,0.987474710094375
Europe & Central Asia,2024,1.1844233329947116
Europe & Central Asia (IDA & IBRD countries),1990,-2.0802600812008194
Europe & Central Asia (IDA & IBRD countries),1991,-6.36007571432657
Europe & Central Asia (IDA & IBRD countries),1992,-9.892051025070558
Europe & Central Asia (IDA & IBRD countries),1993,-4.92725558444792
Europe & Central Asia (IDA & IBRD countries),1994,-8.618862103025833
Europe & Central Asia (IDA & IBRD countries),1995,-0.1889144609040158
Europe & Central Asia (IDA & IBRD countries),1996,0.8631488048691978
Europe & Central Asia (IDA & IBRD countries),1997,2.8395660944686227
Europe & Central Asia (IDA & IBRD countries),1998,-0.7312042117971771
Europe & Central Asia (IDA & IBRD countries),1999,2.510886909283073
Europe & Central Asia (IDA & IBRD countries),2000,7.436746816028346
Europe & Central Asia (IDA & IBRD countries),2001,2.7324613535447497
Europe & Central Asia (IDA & IBRD countries),2002,5.062892242617025
Europe & Central Asia (IDA & IBRD countries),2003,6.164261722678631
Europe & Central Asia (IDA & IBRD countries),2004,7.818027401047971
Europe & Central Asia (IDA & IBRD countries),2005,6.591353290243248
Europe & Central Asia (IDA & IBRD countries),2006,7.774553122497153
Europe & Central Asia (IDA & IBRD countries),2007,7.6341836496008
Europe & Central Asia (IDA & IBRD countries),2008,4.2360529287181805
Europe & Central Asia (IDA & IBRD countries),2009,-5.040374830375882
Europe & Central Asia (IDA & IBRD countries),2010,4.304016575751234
Europe & Central Asia (IDA & IBRD countries),2011,5.409452201219338
Europe & Central Asia (IDA & IBRD countries),2012,2.970018404369128
Europe & Central Asia (IDA & IBRD countries),2013,2.8470756511890443
Europe & Central Asia (IDA & IBRD countries),2014,1.749196632350916
Europe & Central Asia (IDA & IBRD countries),2015,0.9277763838188235
Europe & Central Asia (IDA & IBRD countries),2016,1.3583841485532986
Europe & Central Asia (IDA & IBRD countries),2017,3.8932237302040846
Europe & Central Asia (IDA & IBRD countries),2018,3.3671874261733024
Europe & Central Asia (IDA & IBRD countries),2019,2.3739032660787416
Europe & Central Asia (IDA & IBRD countries),2020,-1.6514828043940497
Europe & Central Asia (IDA & IBRD countries),2021,7.530011218720347
Europe & Central Asia (IDA & IBRD countries),2022,2.430200324664483
Europe & Central Asia (IDA & IBRD countries),2023,4.3557390621983245
Europe & Central Asia (IDA & IBRD countries),2024,3.5497901082625702
Europe & Central Asia (excluding high income),1988,1.8664807611332748
Europe & Central Asia (excluding high income),1989,-0.1066018580588945
Europe & Central Asia (excluding high income),1990,1.5483947242944396
Europe & Central Asia (excluding high income),1991,-5.565689316107608
Europe & Central Asia (excluding high income),1992,-5.541674983953087
Europe & Central Asia (excluding high income),1993,-2.652354341628268
Europe & Central Asia (excluding high income),1994,-10.38050677926114
Europe & Central Asia (excluding high income),1995,0.5879916201978403
Europe & Central Asia (excluding high income),1996,3.394725508627189
Europe & Central Asia (excluding high income),1997,5.14465160317657
Europe & Central Asia (excluding high income),1998,1.8476693657947865
Europe & Central Asia (excluding high income),1999,-1.3500841209687875
Europe & Central Asia (excluding high income),2000,6.366568689619243
Europe & Central Asia (excluding high income),2001,-0.3640705250391534
Europe & Central Asia (excluding high income),2002,5.931456493405278
Europe & Central Asia (excluding high income),2003,6.135901749236922
Europe & Central Asia (excluding high income),2004,9.10751456690302
Europe & Central Asia (excluding high income),2005,8.075063370909305
Europe & Central Asia (excluding high income),2006,7.735378109757505
Europe & Central Asia (excluding high income),2007,6.893823604664647
Europe & Central Asia (excluding high income),2008,2.4076949850878577
Europe & Central Asia (excluding high income),2009,-4.226581023090631
Europe & Central Asia (excluding high income),2010,6.262128630837623
Europe & Central Asia (excluding high income),2011,7.449189904832878
Europe & Central Asia (excluding high income),2012,3.2210742497150875
Europe & Central Asia (excluding high income),2013,5.600564660571223
Europe & Central Asia (excluding high income),2014,2.2746626487996053
Europe & Central Asia (excluding high income),2015,2.518416909863916
Europe & Central Asia (excluding high income),2016,1.875419128974684
Europe & Central Asia (excluding high income),2017,5.098580214319966
Europe & Central Asia (excluding high income),2018,2.8808780510539265
Europe & Central Asia (excluding high income),2019,1.6838431672890408
Europe & Central Asia (excluding high income),2020,-0.4346986919781699
Europe & Central Asia (excluding high income),2021,8.62244735458448
Europe & Central Asia (excluding high income),2022,3.6358921506243433
Europe & Central Asia (excluding high income),2023,5.793900380233822
Europe & Central Asia (excluding high income),2024,3.3342179050607683
European Union,1961,4.879179014143759
European Union,1962,4.814486662155957
European Union,1963,3.885911557582361
European Union,1964,5.0718195391292085
European Union,1965,4.38008372034129
European Union,1966,3.459999146529185
European Union,1967,2.768563643683251
European Union,1968,4.8481081746722765
European Union,1969,6.293251185838429
European Union,1970,4.934607638879157
European Union,1971,3.078254425499267
European Union,1972,4.063252241955823
European Union,1973,5.32036947111807
European Union,1974,2.5267034915470674
European Union,1975,-1.1475313164905288
European Union,1976,4.327521136875404
European Union,1977,2.4459065618885205
European Union,1978,2.584594470632723
European Union,1979,3.429100286544468
European Union,1980,1.5981056278465502
European Union,1981,0.1317124885219698
European Union,1982,0.5094111014240639
European Union,1983,1.1791909488064078
European Union,1984,2.296644692012123
European Union,1985,2.078134525198294
European Union,1986,2.301528976774378
European Union,1987,2.2458875487039904
European Union,1988,3.791797639117192
European Union,1989,3.534013431128514
European Union,1990,2.9479790383087447
European Union,1991,1.1677369278222614
European Union,1992,0.6087782967086213
European Union,1993,-0.9182995740154212
European Union,1994,2.445590505950861
European Union,1995,2.5304915785367967
European Union,1996,1.7501323991279776
European Union,1997,2.530185557722703
European Union,1998,2.8437105025451785
European Union,1999,2.834203839752149
European Union,2000,3.80934196534804
European Union,2001,2.025657705402637
European Union,2002,0.8596149751651296
European Union,2003,0.5661865046399299
European Union,2004,2.202846027286242
European Union,2005,1.6101078621242522
European Union,2006,3.2182611765172737
European Union,2007,2.781682157735915
European Union,2008,0.2809602604970393
European Union,2009,-4.5544260716077645
European Union,2010,2.0200677321094247
European Union,2011,2.11633922331238
European Union,2012,-0.9116219256413842
European Union,2013,-0.1134573252281825
European Union,2014,1.5191214500743797
European Union,2015,2.170712499683674
European Union,2016,1.717497043386814
European Union,2017,2.6693260864452526
European Union,2018,1.815766764704364
European Union,2019,1.7429050162419202
European Union,2020,-5.570535714277483
European Union,2021,6.531180503911855
European Union,2022,3.335692467313379
European Union,2023,0.07504413828417
European Union,2024,0.7658630361150927
Faroe Islands,2009,-5.030619780441398
Faroe Islands,2010,-0.1054668312791022
Faroe Islands,2011,3.809581879839058
Faroe Islands,2012,7.640273567843977
Faroe Islands,2013,5.954878019883452
Faroe Islands,2014,5.035911584878789
Faroe Islands,2015,-0.0144355164052711
Faroe Islands,2016,0.2283664638093654
Faroe Islands,2017,2.0350387487940083
Faroe Islands,2018,1.119361201815721
Faroe Islands,2019,2.9318402568680284
Faroe Islands,2020,-3.0838036443142727
Faroe Islands,2021,3.625288327076575
Faroe Islands,2022,2.674281166166949
Faroe Islands,2023,2.207040872756181
Faroe Islands,2024,0.3513104871896786
Fiji,1961,0.4128431787400473
Fiji,1962,0.4464404514870494
Fiji,1963,3.0694438510098934
Fiji,1964,1.6627075599539722
Fiji,1965,-5.6344435168931
Fiji,1966,-2.8596858703315746
Fiji,1967,10.537533383279808
Fiji,1968,5.561329580164596
Fiji,1969,0.4698079137711204
Fiji,1970,10.498041839287154
Fiji,1971,4.926896271067108
Fiji,1972,5.654216285973888
Fiji,1973,9.87188002319283
Fiji,1974,1.106488862056338
Fiji,1975,-0.9390612104639472
Fiji,1976,1.046861216702581
Fiji,1977,3.730145548181071
Fiji,1978,-0.5140563947065573
Fiji,1979,9.580421474889889
Fiji,1980,-3.919850812163233
Fiji,1981,3.823888319187233
Fiji,1982,-8.20443486404298
Fiji,1983,-6.246279586219956
Fiji,1984,5.803890160681831
Fiji,1985,-6.85988398988809
Fiji,1986,5.48430709502567
Fiji,1987,-8.012796094574071
Fiji,1988,-0.1296535277252246
Fiji,1989,6.36974338132228
Fiji,1990,4.84299288693262
Fiji,1991,-3.4912270093664546
Fiji,1992,5.3312846682187285
Fiji,1993,1.480969574974651
Fiji,1994,4.517881994420776
Fiji,1995,1.9899020945549355
Fiji,1996,4.142481601052268
Fiji,1997,-3.205529216749852
Fiji,1998,0.0533665427538494
Fiji,1999,7.548278426443275
Fiji,2000,-2.761542904678521
Fiji,2001,0.95706444404766
Fiji,2002,2.183332708307858
Fiji,2003,0.0396502284114319
Fiji,2004,4.3269243590296185
Fiji,2005,-0.2144695738757036
Fiji,2006,0.9389327595839916
Fiji,2007,-1.6752497402230233
Fiji,2008,0.4102015835352688
Fiji,2009,-1.8034333610442843
Fiji,2010,2.595062332369835
Fiji,2011,2.416035254892208
Fiji,2012,1.1975002198083755
Fiji,2013,4.570320823170746
Fiji,2014,5.461610241159804
Fiji,2015,4.388232657948947
Fiji,2016,2.3801162532733287
Fiji,2017,5.4000349262816485
Fiji,2018,3.991072631819435
Fiji,2019,-0.3340804644840602
Fiji,2020,-17.18932812122418
Fiji,2021,-4.528356732348968
Fiji,2022,17.397944683227237
Fiji,2023,8.883134292714388
Fiji,2024,3.0137530946859385
Finland,1961,6.847965181311409
Finland,1962,2.284048566637693
Finland,1963,2.5574723643868538
Finland,1964,4.654852825713718
Finland,1965,4.952389127268859
Finland,1966,1.9898469755798944
Finland,1967,1.6170288656646363
Finland,1968,1.8450062071153184
Finland,1969,9.656904147675036
Finland,1970,7.878214457906267
Finland,1971,2.227824483442149
Finland,1972,7.096152837793952
Finland,1973,6.377979318626359
Finland,1974,2.697458172468515
Finland,1975,1.3540249702234348
Finland,1976,0.0423518733126258
Finland,1977,-0.0405058466502907
Finland,1978,2.624625886734492
Finland,1979,6.848494326511428
Finland,1980,5.061714301683452
Finland,1981,0.8582891958723451
Finland,1982,2.5107501756654926
Finland,1983,2.491186337165985
Finland,1984,2.676420287557434
Finland,1985,3.1091202873685546
Finland,1986,2.4218973982000875
Finland,1987,3.2677223490076983
Finland,1988,4.925661655626314
Finland,1989,4.705240792244808
Finland,1990,0.2461894677994678
Finland,1991,-6.393248775573923
Finland,1992,-3.85315295201346
Finland,1993,-1.2587364087441273
Finland,1994,3.517200007990411
Finland,1995,3.837309258713219
Finland,1996,3.32316149378687
Finland,1997,6.081768030983497
Finland,1998,5.1746889130757125
Finland,1999,4.147257217478455
Finland,2000,5.534413799353487
Finland,2001,2.4068290221923547
Finland,2002,1.4411540918774364
Finland,2003,1.7688352033485444
Finland,2004,3.703837503346733
Finland,2005,2.426156539510856
Finland,2006,3.621134972253088
Finland,2007,4.865721372201065
Finland,2008,0.3163205257052084
Finland,2009,-8.514604664331387
Finland,2010,2.697376650626836
Finland,2011,1.9168533830168144
Finland,2012,-1.990290829992972
Finland,2013,-1.434901576361753
Finland,2014,-0.8888016315779765
Finland,2015,0.1361276937417415
Finland,2016,2.277543731316726
Finland,2017,3.0612316929677235
Finland,2018,1.0588431570541843
Finland,2019,1.2381209751921745
Finland,2020,-2.630998552588508
Finland,2021,2.463730500118928
Finland,2022,0.489394588644501
Finland,2023,-1.4323657389096525
Finland,2024,-0.2270734870205188
Fragile and conflict affected situations,1961,-1.6833752987270003
Fragile and conflict affected situations,1962,5.730154433144151
Fragile and conflict affected situations,1963,3.6454836349437727
Fragile and conflict affected situations,1964,3.947370530258681
Fragile and conflict affected situations,1965,3.5489085774476763
Fragile and conflict affected situations,1966,-1.1994421872397822
Fragile and conflict affected situations,1967,-6.184750363282348
Fragile and conflict affected situations,1968,4.0507585988123935
Fragile and conflict affected situations,1969,7.975133870345957
Fragile and conflict affected situations,1970,8.807635838941266
Fragile and conflict affected situations,1971,4.084360537716194
Fragile and conflict affected situations,1972,1.0154376177365665
Fragile and conflict affected situations,1973,2.042818045045024
Fragile and conflict affected situations,1974,6.806681700305887
Fragile and conflict affected situations,1975,-1.9242354514893376
Fragile and conflict affected situations,1976,6.252446753335022
Fragile and conflict affected situations,1977,2.764304645941678
Fragile and conflict affected situations,1978,-2.196032937723345
Fragile and conflict affected situations,1979,2.7515314009733918
Fragile and conflict affected situations,1980,1.3176619912066911
Fragile and conflict affected situations,1981,-7.724139699211832
Fragile and conflict affected situations,1982,-2.508859615702576
Fragile and conflict affected situations,1983,-7.67861860662623
Fragile and conflict affected situations,1984,-2.4935973072333013
Fragile and conflict affected situations,1985,1.279174394162581
Fragile and conflict affected situations,1986,-1.4684934903984583
Fragile and conflict affected situations,1987,-0.3118639723361838
Fragile and conflict affected situations,1988,1.71535825343814
Fragile and conflict affected situations,1989,-3.097637087291716
Fragile and conflict affected situations,1990,2.4524848172695783
Fragile and conflict affected situations,1991,-6.433360801367897
Fragile and conflict affected situations,1992,-1.6235784525339767
Fragile and conflict affected situations,1993,-4.27588809903051
Fragile and conflict affected situations,1994,-5.921414001356126
Fragile and conflict affected situations,1995,-2.3827113993623783
Fragile and conflict affected situations,1996,0.5959393281959109
Fragile and conflict affected situations,1997,2.5012155452585887
Fragile and conflict affected situations,1998,1.941303049371456
Fragile and conflict affected situations,1999,-0.4540579339181221
Fragile and conflict affected situations,2000,2.812785042209782
Fragile and conflict affected situations,2001,1.70368985634326
Fragile and conflict affected situations,2002,0.7265274422152856
Fragile and conflict affected situations,2003,-2.2352108320993693
Fragile and conflict affected situations,2004,9.265813176206493
Fragile and conflict affected situations,2005,3.714283178425532
Fragile and conflict affected situations,2006,3.645962540682774
Fragile and conflict affected situations,2007,3.823534243594296
Fragile and conflict affected situations,2008,2.563968705734652
Fragile and conflict affected situations,2009,-0.2083701319846653
Fragile and conflict affected situations,2010,3.5768255281347194
Fragile and conflict affected situations,2011,-1.980116156630885
Fragile and conflict affected situations,2012,3.078605646392532
Fragile and conflict affected situations,2013,0.8454689777420015
Fragile and conflict affected situations,2014,-0.6502735226393952
Fragile and conflict affected situations,2015,-2.027942352191829
Fragile and conflict affected situations,2016,-1.7283526966825065
Fragile and conflict affected situations,2017,-0.9158634041879168
Fragile and conflict affected situations,2018,-0.7432785110905655
Fragile and conflict affected situations,2019,-1.3795252390089274
Fragile and conflict affected situations,2020,-9.448054398543576
Fragile and conflict affected situations,2021,-0.6662260662265282
Fragile and conflict affected situations,2022,-0.2896445383232588
Fragile and conflict affected situations,2023,0.150623349685361
Fragile and conflict affected situations,2024,-0.3254238288478603
France,1961,3.866383372630793
France,1962,5.788499530834358
France,1963,5.043878581930471
France,1964,5.452448340482704
France,1965,3.8377487139258193
France,1966,4.256561258512832
France,1967,3.952257869403681
France,1968,3.745944495163684
France,1969,6.21456747145352
France,1970,5.23806196732815
France,1971,4.305917663551213
France,1972,3.6008279388423574
France,1973,5.339721435824572
France,1974,3.7261932125925767
France,1975,-1.4156932489040912
France,1976,3.895964237619509
France,1977,3.071256806005522
France,1978,3.479197332787436
France,1979,3.231677573343702
France,1980,1.134990204580916
France,1981,0.589285105722027
France,1982,2.06907254844478
France,1983,0.7178485474781127
France,1984,1.114328102351152
France,1985,1.0626523527752454
France,1986,1.8675153983440824
France,1987,1.9973000519438528
France,1988,4.210032858619911
France,1989,3.783751695495212
France,1990,2.268451182730999
France,1991,0.7296859510276192
France,1992,1.0117428316556811
France,1993,-0.7914440961799443
France,1994,2.0009288843667434
France,1995,1.9329176176385372
France,1996,1.0352850288836637
France,1997,2.161935896236116
France,1998,3.069970187081239
France,1999,2.8672856945412377
France,2000,3.428690296552844
France,2001,1.1593271284505988
France,2002,0.3356190140236634
France,2003,0.2578668053083248
France,2004,2.117365434077385
France,2005,1.1253537135494014
France,2006,2.001311302476566
France,2007,1.8985674533317507
France,2008,-0.1784106611955991
France,2009,-3.3221244460422525
France,2010,1.4987246617740766
France,2011,1.9443350542451583
France,2012,-0.2995987292723043
France,2013,0.2621445497365897
France,2014,0.5193837646917387
France,2015,0.7080305903506883
France,2016,0.5942437523892323
France,2017,1.7877954938423102
France,2018,1.2821660370212555
France,2019,1.6887084411620918
France,2020,-7.740567512549944
France,2021,6.501552197572067
France,2022,2.202088585137659
France,2023,1.1605460944901154
France,2024,0.925700761599856
French Polynesia,1966,5.932484015680828
French Polynesia,1967,-7.922747809275094
French Polynesia,1968,11.041528150138191
French Polynesia,1969,-6.007191695131169
French Polynesia,1970,-1.8487956126505052
French Polynesia,1971,8.265671371706645
French Polynesia,1972,-7.776619637111111
French Polynesia,1973,4.36803867101456
French Polynesia,1974,14.311927167312447
French Polynesia,1975,-7.800777376518852
French Polynesia,1976,5.015811216555207
French Polynesia,1977,-0.9328873807839811
French Polynesia,1978,6.518412159583903
French Polynesia,1979,0.6703752988211704
French Polynesia,1980,-2.663138861845667
French Polynesia,1981,-0.553998949711243
French Polynesia,1982,-1.43818390493972
French Polynesia,1983,-0.6240123040379046
French Polynesia,1984,-0.3769487656234815
French Polynesia,1985,-3.638406002923304
French Polynesia,1986,10.685080635389385
French Polynesia,1987,-1.2718989010100472
French Polynesia,1988,-5.941585471188205
French Polynesia,1989,-0.119196508348466
French Polynesia,1990,-1.9009585370512383
French Polynesia,1991,1.6756615502038272
French Polynesia,1992,-3.2343869703125563
French Polynesia,1993,-2.976207647420836
French Polynesia,1994,-3.2482917257156174
French Polynesia,1995,-1.9047640997783049
French Polynesia,1996,-2.1535152678158767
French Polynesia,1997,-1.7060564197623904
French Polynesia,1998,0.0865317933867402
French Polynesia,1999,0.2953911595908494
French Polynesia,2000,1.6379001928130918
French Polynesia,2001,-1.876704983884224
French Polynesia,2002,-0.6507905906200051
French Polynesia,2003,0.559535344536414
French Polynesia,2004,-0.6152662047428095
French Polynesia,2005,-1.1793671882480083
French Polynesia,2006,-0.5347051526447189
French Polynesia,2007,0.4777426732267145
French Polynesia,2008,-0.7165123475995472
French Polynesia,2009,-4.623022432490416
French Polynesia,2010,-2.8622124470994947
French Polynesia,2011,-3.371569435414969
French Polynesia,2012,-1.4198453223667542
French Polynesia,2013,-0.2019951172231486
French Polynesia,2014,-0.0102536380222915
French Polynesia,2015,1.261471204482547
French Polynesia,2016,1.821427960799582
French Polynesia,2017,3.954160213951568
French Polynesia,2018,1.90583847677253
French Polynesia,2019,2.976888449019711
French Polynesia,2020,-10.629863570005924
French Polynesia,2021,3.1505198503272998
French Polynesia,2022,2.722204352217801
French Polynesia,2023,2.5023070377805823
French Polynesia,2024,0.8791414568172939
Gabon,1961,13.44925199435356
Gabon,1962,6.141959857870873
Gabon,1963,4.734369386763419
Gabon,1964,3.155948020560757
Gabon,1965,6.816135928506228
Gabon,1966,2.9709087149634428
Gabon,1967,2.516746338239173
Gabon,1968,0.8699340440849141
Gabon,1969,6.041054451280175
Gabon,1970,6.386636793386785
Gabon,1971,7.992832685907999
Gabon,1972,9.075662588736703
Gabon,1973,7.917071869372492
Gabon,1974,36.53751697632316
Gabon,1975,16.579151998837062
Gabon,1976,32.53686672860732
Gabon,1977,-14.64237975821105
Gabon,1978,-25.892434006970817
Gabon,1979,-2.023076766853165
Gabon,1980,-0.0525815593727969
Gabon,1981,2.360390147842523
Gabon,1982,-5.663584823331021
Gabon,1983,2.7800147382135947
Gabon,1984,4.607261798870695
Gabon,1985,-4.980607103963138
Gabon,1986,-3.5044232429425506
Gabon,1987,-19.412935152412544
Gabon,1988,9.749626875603454
Gabon,1989,5.583368862930186
Gabon,1990,2.3482848029829317
Gabon,1991,3.269310104645058
Gabon,1992,-5.662450015603497
Gabon,1993,1.2148515705625158
Gabon,1994,1.030218070659345
Gabon,1995,2.310933566025014
Gabon,1996,1.0342766241894452
Gabon,1997,3.1049299323662183
Gabon,1998,0.8905803206432665
Gabon,1999,-11.224296890763329
Gabon,2000,-4.3871748201515
Gabon,2001,-0.5177624685802016
Gabon,2002,-2.885012357986085
Gabon,2003,-0.5053262523781115
Gabon,2004,-2.0910884449459104
Gabon,2005,-0.2624438456037836
Gabon,2006,-5.696083428743904
Gabon,2007,2.745244865607475
Gabon,2008,-6.37298501256997
Gabon,2009,-3.1468304905213813
Gabon,2010,3.4583507367765662
Gabon,2011,3.3593760032179887
Gabon,2012,1.5523078543640023
Gabon,2013,1.9848060951943156
Gabon,2014,0.8697848910547776
Gabon,2015,0.6932965754958644
Gabon,2016,-0.7918319800700004
Gabon,2017,-2.1636177414924878
Gabon,2018,-1.6880474356877926
Gabon,2019,1.3825759911969726
Gabon,2020,-4.155280832932817
Gabon,2021,-0.8452447891961157
Gabon,2022,0.7475336587946089
Gabon,2023,0.2109788584628802
Gabon,2024,1.1883528174786449
"Gambia, The",1967,-2.714353347674773
"Gambia, The",1968,6.549280860565816
"Gambia, The",1969,-0.4139074634773863
"Gambia, The",1970,3.1835521469113672
"Gambia, The",1971,-2.8974068494986938
"Gambia, The",1972,-2.642971963596068
"Gambia, The",1973,6.075716851299333
"Gambia, The",1974,2.806415094507344
"Gambia, The",1975,9.108424355601556
"Gambia, The",1976,4.117650683520708
"Gambia, The",1977,0.2194732404343682
"Gambia, The",1978,2.916598386538311
"Gambia, The",1979,-4.572226506218698
"Gambia, The",1980,2.6778918165171604
"Gambia, The",1981,-0.2024781751060373
"Gambia, The",1982,-4.215356833970645
"Gambia, The",1983,6.867832116914812
"Gambia, The",1984,-0.3654776678289693
"Gambia, The",1985,-4.65135850423313
"Gambia, The",1986,-0.0008788497750202
"Gambia, The",1987,-1.6249539799586756
"Gambia, The",1988,0.2694743696716557
"Gambia, The",1989,1.5821253345431645
"Gambia, The",1990,-0.6965063292670948
"Gambia, The",1991,-1.1357861145335164
"Gambia, The",1992,-0.7383852538713995
"Gambia, The",1993,-0.6964955071385788
"Gambia, The",1994,-3.017113932909368
"Gambia, The",1995,-2.0773913666090635
"Gambia, The",1996,-0.690360718985545
"Gambia, The",1997,1.9635741586800464
"Gambia, The",1998,0.6363965398316225
"Gambia, The",1999,3.484664973834484
"Gambia, The",2000,2.650214562372227
"Gambia, The",2001,2.974417950052242
"Gambia, The",2002,-5.812879006132235
"Gambia, The",2003,4.0302689250437
"Gambia, The",2004,4.164563977210861
"Gambia, The",2005,-5.0301145295360215
"Gambia, The",2006,-3.352217018009412
"Gambia, The",2007,0.0963372438063174
"Gambia, The",2008,3.2118760703800007
"Gambia, The",2009,3.612386871827724
"Gambia, The",2010,2.873509505005288
"Gambia, The",2011,-10.777260908274371
"Gambia, The",2012,2.186458971401549
"Gambia, The",2013,-0.0966163079995681
"Gambia, The",2014,-4.172586097690285
"Gambia, The",2015,1.2513724814662766
"Gambia, The",2016,-0.7010078911197581
"Gambia, The",2017,2.2080754670725327
"Gambia, The",2018,4.667874304555369
"Gambia, The",2019,3.748482959566715
"Gambia, The",2020,-1.7631871131438004
"Gambia, The",2021,2.7930458838913097
"Gambia, The",2022,3.073813990192505
"Gambia, The",2023,3.507226841369772
"Gambia, The",2024,3.174702538554783
Georgia,1961,3.223694086267699
Georgia,1962,3.528061031630685
Georgia,1963,2.678212302455549
Georgia,1964,3.953143020018274
Georgia,1965,9.112375380432326
Georgia,1966,6.313020043102412
Georgia,1967,5.215962103987579
Georgia,1968,3.512400365025954
Georgia,1969,3.80071619599029
Georgia,1970,10.975044293228793
Georgia,1971,1.4104347487901947
Georgia,1972,1.802055589356684
Georgia,1973,5.548862477087397
Georgia,1974,7.868985776731435
Georgia,1975,6.590866407627487
Georgia,1976,5.337210737967553
Georgia,1977,6.168159176026535
Georgia,1978,6.804188822696773
Georgia,1979,6.582968337469652
Georgia,1980,3.698676129479338
Georgia,1981,4.406613672961029
Georgia,1982,1.142470598367538
Georgia,1983,3.3889730252205936
Georgia,1984,4.531567718925402
Georgia,1985,4.025229348999247
Georgia,1986,-8.987637796258767
Georgia,1987,0.4487668919599912
Georgia,1988,4.515476911737281
Georgia,1989,-7.437231799663138
Georgia,1990,-14.765716621189767
Georgia,1991,-21.65294644715296
Georgia,1992,-45.3248837559735
Georgia,1993,-29.841453334551417
Georgia,1994,-9.008201646874568
Georgia,1995,6.525214337983741
Georgia,1996,15.312835245369754
Georgia,1997,14.123244741854664
Georgia,1998,5.684291063469686
Georgia,1999,5.005584537733341
Georgia,2000,3.840180243270524
Georgia,2001,6.445785292909179
Georgia,2002,6.424652843515005
Georgia,2003,11.809610686787607
Georgia,2004,6.4498499387719335
Georgia,2005,10.289578521487314
Georgia,2006,10.045296671285088
Georgia,2007,13.164350952042398
Georgia,2008,2.7332346709434034
Georgia,2009,-2.7911810481928114
Georgia,2010,7.024283668976736
Georgia,2011,8.803628873367202
Georgia,2012,7.366752154639485
Georgia,2013,5.449782655484171
Georgia,2014,4.041627523145138
Georgia,2015,3.188392948629442
Georgia,2016,3.388353283167447
Georgia,2017,5.145826775627356
Georgia,2018,6.103447450873588
Georgia,2019,5.561671658731584
Georgia,2020,-6.354787152064674
Georgia,2021,11.06507800678311
Georgia,2022,10.842208805380809
Georgia,2023,7.7456855172756605
Georgia,2024,10.15194781053306
Germany,1961,3.49857633754948
Germany,1962,3.7074129529913336
Germany,1963,1.7884858186287147
Germany,1964,5.784319143475386
Germany,1965,4.3500505795475135
Germany,1966,1.957721564302119
Germany,1967,-0.784914890861927
Germany,1968,5.199889094369709
Germany,1969,6.569663106202441
Germany,1970,4.754087870448714
Germany,1971,2.9436502081690463
Germany,1972,3.802475974286537
Germany,1973,4.448017216172431
Germany,1974,0.8507602828457692
Germany,1975,-0.4964342769978884
Germany,1976,5.400212169501415
Germany,1977,3.581437071972587
Germany,1978,3.0981816607631174
Germany,1979,4.104331339109322
Germany,1980,1.1986939162609929
Germany,1981,0.3762425184009998
Germany,1982,-0.3000577771605606
Germany,1983,1.8390341560211847
Germany,1984,3.17898722012832
Germany,1985,2.5568835452665724
Germany,1986,2.2405350351696285
Germany,1987,1.2464996467807197
Germany,1988,3.3028637422370224
Germany,1989,3.096180013257893
Germany,1990,4.351639072387314
Germany,1991,4.345220035538944
Germany,1992,1.240897398493928
Germany,1993,-1.621892557019038
Germany,1994,2.2416081377153176
Germany,1995,1.2071041245065717
Germany,1996,0.7458191976087392
Germany,1997,1.7054049520475445
Germany,1998,2.0801524792763786
Germany,1999,2.0635804747619204
Germany,2000,2.737290107102752
Germany,2001,1.4653076736466488
Germany,2002,-0.3958593386438593
Germany,2003,-0.5848561408547965
Germany,2004,1.1840512427310728
Germany,2005,0.9427825822080392
Germany,2006,3.9839075349550086
Germany,2007,3.0267913002331994
Germany,2008,1.0799159504174156
Germany,2009,-5.304916617230958
Germany,2010,4.294292696234848
Germany,2011,5.699283115027569
Germany,2012,0.2750910098504988
Germany,2013,0.1233854783878598
Germany,2014,1.7551066061302265
Germany,2015,0.7867052445811566
Germany,2016,1.40038690062336
Germany,2017,2.4144426920241955
Germany,2018,0.8322125270525476
Germany,2019,0.7502664262532193
Germany,2020,-4.210200118257788
Germany,2021,3.866027203711269
Germany,2022,1.831614399766707
Germany,2023,-0.9999292889139751
Germany,2024,-0.7690705526588175
Ghana,1961,0.5206856881303992
Ghana,1962,1.6302471588011116
Ghana,1963,1.9421078355862988
Ghana,1964,-0.1949176929324068
Ghana,1965,-1.0340795934010174
Ghana,1966,-6.53387677338354
Ghana,1967,0.6156848609264216
Ghana,1968,-2.044711369626839
Ghana,1969,3.387803660724685
Ghana,1970,6.829372391263462
Ghana,1971,2.34442387239848
Ghana,1972,-5.19376048717281
Ghana,1973,-0.0430027197385101
Ghana,1974,3.797699031433965
Ghana,1975,-14.93070655711638
Ghana,1976,-6.267280260262908
Ghana,1977,-0.6966570280681736
Ghana,1978,5.2300908922422025
Ghana,1979,-5.44695212886333
Ghana,1980,-2.424238824685901
Ghana,1981,-6.176507948380944
Ghana,1982,-9.589268901358423
Ghana,1983,-7.391096171244271
Ghana,1984,5.878649470189302
Ghana,1985,2.855821169602123
Ghana,1986,2.909236902931326
Ghana,1987,2.4195144542253217
Ghana,1988,3.120643535098509
Ghana,1989,2.493215689095308
Ghana,1990,0.7256708620090961
Ghana,1991,2.662047116250605
Ghana,1992,1.3290457785223708
Ghana,1993,2.292420636974299
Ghana,1994,0.8461217922036184
Ghana,1995,1.6840271461594511
Ghana,1996,2.1876195356425114
Ghana,1997,1.7468204899963098
Ghana,1998,2.184415210782646
Ghana,1999,1.882232640083004
Ghana,2000,1.1270611757982891
Ghana,2001,1.2669243366550944
Ghana,2002,1.6652639048673024
Ghana,2003,2.397606594968664
Ghana,2004,2.8398299585786617
Ghana,2005,3.158610995304741
Ghana,2006,3.6695080409383536
Ghana,2007,1.6917177752790309
Ghana,2008,6.414669925187539
Ghana,2009,2.260688935130005
Ghana,2010,5.306175081637619
Ghana,2011,11.337041782457476
Ghana,2012,6.679747405946529
Ghana,2013,4.757963385248161
Ghana,2014,0.4522440939418715
Ghana,2015,-0.2083258204139042
Ghana,2016,1.047044067362222
Ghana,2017,5.780945858173965
Ghana,2018,4.018953383144748
Ghana,2019,4.390631334788637
Ghana,2020,-1.4683080165409166
Ghana,2021,3.038002700445631
Ghana,2022,1.8305124767941976
Ghana,2023,1.1902230417219215
Ghana,2024,3.629078922020384
Greece,1961,12.309792416488932
Greece,1962,-0.2313605873550273
Greece,1963,11.430811320652154
Greece,1964,9.013662539906491
Greece,1965,10.251061900019138
Greece,1966,5.711672027707166
Greece,1967,4.81239682140054
Greece,1968,6.508585720293226
Greece,1969,11.156735561847157
Greece,1970,8.682287824836664
Greece,1971,7.374326688126672
Greece,1972,9.446392003848985
Greece,1973,7.602608732716405
Greece,1974,-6.782085977859623
Greece,1975,5.373056163899776
Greece,1976,5.205082903377985
Greece,1977,1.610301476360604
Greece,1978,5.865272708500655
Greece,1979,2.0024569879228125
Greece,1980,-0.306898946794945
Greece,1981,-2.432461069386946
Greece,1982,-1.7402523382800157
Greece,1983,-1.6524025261227138
Greece,1984,1.503672167660497
Greece,1985,2.112294852799735
Greece,1986,0.1857379591438785
Greece,1987,-2.585123274005369
Greece,1988,3.909777326802725
Greece,1989,3.259729565042477
Greece,1990,-1.052232898346844
Greece,1991,1.8698341766946245
Greece,1992,-0.0662990265129082
Greece,1993,-2.177150507638004
Greece,1994,1.4905588001274026
Greece,1995,1.6238249593147174
Greece,1996,0.9366908333416292
Greece,1997,3.093102604808905
Greece,1998,2.8652615929025416
Greece,1999,2.265872467589517
Greece,2000,3.71272971778744
Greece,2001,4.107765144790918
Greece,2002,4.300106458022611
Greece,2003,5.5446468657020205
Greece,2004,5.117469494849843
Greece,2005,0.8872212983706476
Greece,2006,6.124193826967655
Greece,2007,3.2435137699593213
Greece,2008,-0.2077841521305998
Greece,2009,-4.371136310225722
Greece,2010,-5.815205241660564
Greece,2011,-9.74334160929287
Greece,2012,-7.834089433555007
Greece,2013,-1.560896297017834
Greece,2014,1.4658565510640642
Greece,2015,0.4312255757475469
Greece,2016,0.3848518650595878
Greece,2017,1.6740201486058766
Greece,2018,2.2719513220299348
Greece,2019,2.38497557963629
Greece,2020,-9.00116455331775
Greece,2021,9.98468495798464
Greece,2022,6.859856328121381
Greece,2023,2.425723357360837
Greece,2024,2.108325709576292
Greenland,1971,11.144565744911787
Greenland,1972,3.759157594198427
Greenland,1973,5.280208853905208
Greenland,1974,4.638514053449242
Greenland,1975,0.4433243362663859
Greenland,1976,5.746010903423127
Greenland,1977,9.48317955986741
Greenland,1978,6.447679456087528
Greenland,1979,4.014947484724814
Greenland,1980,7.37708985498719
Greenland,1981,-0.9137836370504572
Greenland,1982,-5.347625299874295
Greenland,1983,2.265770787849576
Greenland,1984,-6.259164457632622
Greenland,1985,2.6821738166497084
Greenland,1986,6.49677699893094
Greenland,1987,4.345640619340912
Greenland,1988,4.254659476067161
Greenland,1989,5.695173011183229
Greenland,1990,-12.195866441457897
Greenland,1991,0.0665111452330364
Greenland,1992,-4.768523540574023
Greenland,1993,-4.8558817827393455
Greenland,1994,5.351805640402958
Greenland,1995,3.170996427341777
Greenland,1996,1.3480101030775415
Greenland,1997,1.2877318695751114
Greenland,1998,7.565899780931005
Greenland,1999,1.3778844452400565
Greenland,2000,6.939567234491207
Greenland,2001,0.920568578995386
Greenland,2002,-1.3491298806963954
Greenland,2003,4.142983164883447
Greenland,2004,6.630382132400499
Greenland,2005,4.919264192162572
Greenland,2006,5.853165815535959
Greenland,2007,2.7505908652023976
Greenland,2008,6.593978748647217
Greenland,2009,0.8749065707001336
Greenland,2010,1.3561197649597716
Greenland,2011,-1.119181355335115
Greenland,2012,1.5369769446427597
Greenland,2013,-0.7268616431404809
Greenland,2014,5.091927333136454
Greenland,2015,-2.2149188822392034
Greenland,2016,4.547808580660643
Greenland,2017,0.0776647739674274
Greenland,2018,0.8906847411241898
Greenland,2019,2.462731594332169
Greenland,2020,-0.0017624785013197
Greenland,2021,1.1210171163825748
Greenland,2022,1.990153725274709
Greenland,2023,0.5041110022914381
Grenada,1978,6.120209914334083
Grenada,1979,6.503389361299952
Grenada,1980,0.4668331987723206
Grenada,1981,2.0588505858406307
Grenada,1982,3.7590990891233673
Grenada,1983,3.0158962432023486
Grenada,1984,2.9719852444604555
Grenada,1985,5.303765105552529
Grenada,1986,6.442285838083393
Grenada,1987,8.274098969552824
Grenada,1988,2.1477328986426016
Grenada,1989,2.916617830574907
Grenada,1990,3.142692414993874
Grenada,1991,0.5446310778938255
Grenada,1992,-1.6406157024759267
Grenada,1993,-2.705744962055917
Grenada,1994,0.9481437968188686
Grenada,1995,1.4107174227084016
Grenada,1996,3.724231256403371
Grenada,1997,4.308363217175753
Grenada,1998,10.998703794282989
Grenada,1999,6.179209602375238
Grenada,2000,4.181221837608163
Grenada,2001,-2.510210333424084
Grenada,2002,3.039428950819101
Grenada,2003,8.981416698400494
Grenada,2004,-1.0464127422096254
Grenada,2005,12.851921344971998
Grenada,2006,-4.344879916078014
Grenada,2007,5.751852754144096
Grenada,2008,0.6070940880649687
Grenada,2009,-6.913786905345475
Grenada,2010,-0.8071537460597682
Grenada,2011,0.3215412466929308
Grenada,2012,-1.7648690453907392
Grenada,2013,1.7089629547195386
Grenada,2014,6.73549593358203
Grenada,2015,5.9402683055353975
Grenada,2016,3.3305204833079785
Grenada,2017,4.160022954550556
Grenada,2018,4.133216552384653
Grenada,2019,0.4247792274772735
Grenada,2020,-14.023489621144307
Grenada,2021,4.386380009863515
Grenada,2022,7.103718661663862
Grenada,2023,4.37658936970584
Grenada,2024,3.8515623940904495
Guam,2003,0.3710125466229073
Guam,2004,6.056268464138228
Guam,2005,3.2923544623939307
Guam,2006,-3.9295676507036177
Guam,2007,0.4563808420492137
Guam,2008,1.7722550398840011
Guam,2009,0.1485611947893801
Guam,2010,2.048926651776256
Guam,2011,0.0650356763903516
Guam,2012,2.2640270637945576
Guam,2013,1.914050543127189
Guam,2014,2.088307503865039
Guam,2015,1.1809212365529334
Guam,2016,0.5919030225300759
Guam,2017,1.3486071220459197
Guam,2018,-0.3338330954675115
Guam,2019,3.075478685803219
Guam,2020,-10.711994656679336
Guam,2021,1.07830501841417
Guam,2022,4.177265865387781
Guatemala,1961,1.2453046522317095
Guatemala,1962,0.5148846169098249
Guatemala,1963,6.377864296910985
Guatemala,1964,1.637941582154312
Guatemala,1965,1.3926826170990552
Guatemala,1966,2.548040356933697
Guatemala,1967,1.2284874435853226
Guatemala,1968,5.806825764876706
Guatemala,1969,1.9682074786311148
Guatemala,1970,2.9680206274945675
Guatemala,1971,2.888300487146452
Guatemala,1972,4.604260429311566
Guatemala,1973,4.058198265052866
Guatemala,1974,3.7150125647928007
Guatemala,1975,-0.5042023785866121
Guatemala,1976,5.095050373581685
Guatemala,1977,5.466423940064445
Guatemala,1978,2.4360896141314186
Guatemala,1979,2.125688751209381
Guatemala,1980,1.1673365669260676
Guatemala,1981,-1.8486135056452893
Guatemala,1982,-5.723147508519972
Guatemala,1983,-4.927820227856458
Guatemala,1984,-2.282716078743817
Guatemala,1985,-3.382396203300644
Guatemala,1986,-2.6006787157576383
Guatemala,1987,0.7275544115315
Guatemala,1988,1.023397746195755
Guatemala,1989,1.0590639145981982
Guatemala,1990,0.2552957138281471
Guatemala,1991,0.8879687201430073
Guatemala,1992,2.089387481742392
Guatemala,1993,1.1907954599064825
Guatemala,1994,1.2996509629916773
Guatemala,1995,2.208283181796574
Guatemala,1996,0.3260323778399083
Guatemala,1997,1.7282266128078303
Guatemala,1998,2.341238620896817
Guatemala,1999,1.2668325208237403
Guatemala,2000,1.1764199887853692
Guatemala,2001,0.0085642475433189
Guatemala,2002,1.4864761702283715
Guatemala,2003,0.2765504840414081
Guatemala,2004,0.87051616698119
Guatemala,2005,1.0647225561393157
Guatemala,2006,3.146006198274989
Guatemala,2007,4.121076025581132
Guatemala,2008,1.1948125938613003
Guatemala,2009,-1.505249538996864
Guatemala,2010,0.8655254483730772
Guatemala,2011,2.1075886022135397
Guatemala,2012,0.9443669529304088
Guatemala,2013,1.6886946507442389
Guatemala,2014,2.4832844950093573
Guatemala,2015,2.2020450362160773
Guatemala,2016,0.8032251841370908
Guatemala,2017,1.2220211792973288
Guatemala,2018,1.6983630677179633
Guatemala,2019,2.44813633260803
Guatemala,2020,-3.2200771368362666
Guatemala,2021,6.5601603586233495
Guatemala,2022,2.7296899645463384
Guatemala,2023,1.9510938965902085
Guatemala,2024,2.066532566149874
Guinea,1971,3.4868607738869173
Guinea,1972,0.5582728247513131
Guinea,1973,-0.1238469573505796
Guinea,1974,3.545587220253552
Guinea,1975,1.2551179829468424
Guinea,1976,6.253360707859372
Guinea,1977,-4.844827074045057
Guinea,1978,5.116417110065498
Guinea,1979,-2.8299793263661
Guinea,1980,0.8098038056784134
Guinea,1981,-1.2655914072166323
Guinea,1982,-0.2249487212044982
Guinea,1983,-0.8194620738712075
Guinea,1984,-0.8256077446516485
Guinea,1985,2.5617547340523856
Guinea,1986,0.5984393691661865
Guinea,1987,0.6819860461034182
Guinea,1988,3.5633243395954537
Guinea,1989,1.3391090418754032
Guinea,1990,0.7803800084003001
Guinea,1991,-1.413054263764721
Guinea,1992,0.0269116593674851
Guinea,1993,1.8933258126725436
Guinea,1994,0.8994517213161828
Guinea,1995,1.7250394754699556
Guinea,1996,1.5470699360466966
Guinea,1997,3.0420646398720947
Guinea,1998,1.7125576616200675
Guinea,1999,1.5118079281434262
Guinea,2000,0.5121947417639632
Guinea,2001,2.309470745470477
Guinea,2002,3.538704716278801
Guinea,2003,-0.9966484653037072
Guinea,2004,0.1725935658798789
Guinea,2005,0.9573663565592768
Guinea,2006,-0.903894697466356
Guinea,2007,4.373078214523574
Guinea,2008,1.6441738816814393
Guinea,2009,-3.5075830272275117
Guinea,2010,2.2671303926640576
Guinea,2011,3.028260487644687
Guinea,2012,3.3475905899190224
Guinea,2013,1.435321962019202
Guinea,2014,1.1563096747785124
Guinea,2015,1.2305341257088998
Guinea,2016,8.01216245351651
Guinea,2017,7.51589992127235
Guinea,2018,3.6870087391261137
Guinea,2019,2.946402443566299
Guinea,2020,2.0669499756241265
Guinea,2021,2.9692100936955512
Guinea,2022,1.4230632799339986
Guinea,2023,2.9750250246766967
Guinea,2024,2.8559023366455705
Guinea-Bissau,1971,-4.2089606403341975
Guinea-Bissau,1972,6.302508144895143
Guinea-Bissau,1973,0.0544616615972159
Guinea-Bissau,1974,1.0593743861895462
Guinea-Bissau,1975,1.6117508374388765
Guinea-Bissau,1976,-1.5910299528219412
Guinea-Bissau,1977,-13.126641191980966
Guinea-Bissau,1978,5.995061972139055
Guinea-Bissau,1979,-1.5106692585777637
Guinea-Bissau,1980,-16.908961533014732
Guinea-Bissau,1981,16.32592968895956
Guinea-Bissau,1982,2.5615219611896123
Guinea-Bissau,1983,-4.920311624117815
Guinea-Bissau,1984,7.389323189591138
Guinea-Bissau,1985,2.521313581146984
Guinea-Bissau,1986,-2.3631983219836457
Guinea-Bissau,1987,1.2640127730939523
Guinea-Bissau,1988,2.9124071469681923
Guinea-Bissau,1989,4.357715655633569
Guinea-Bissau,1990,4.369567981377955
Guinea-Bissau,1991,2.884173990373128
Guinea-Bissau,1992,-1.8329537114654784
Guinea-Bissau,1993,-1.216300819509584
Guinea-Bissau,1994,0.0543794271908382
Guinea-Bissau,1995,1.7975250718278204
Guinea-Bissau,1996,9.298192363953037
Guinea-Bissau,1997,4.488867862022161
Guinea-Bissau,1998,-23.87785234093967
Guinea-Bissau,1999,14.620720564687543
Guinea-Bissau,2000,-0.9086413845435573
Guinea-Bissau,2001,2.581705484183175
Guinea-Bissau,2002,1.400140437050723
Guinea-Bissau,2003,-2.516331368852107
Guinea-Bissau,2004,-1.133850311857458
Guinea-Bissau,2005,4.089957831000831
Guinea-Bissau,2006,0.2205910800997514
Guinea-Bissau,2007,0.0376503174978779
Guinea-Bissau,2008,1.92082759963192
Guinea-Bissau,2009,-0.1242266044982756
Guinea-Bissau,2010,2.910528339646888
Guinea-Bissau,2011,5.280273300141275
Guinea-Bissau,2012,-4.292389184504486
Guinea-Bissau,2013,0.5433650788979634
Guinea-Bissau,2014,-1.6535833659261527
Guinea-Bissau,2015,3.440719781493698
Guinea-Bissau,2016,2.817656989415539
Guinea-Bissau,2017,2.1445430536447248
Guinea-Bissau,2018,1.3271052400443324
Guinea-Bissau,2019,2.8904575585828525
Guinea-Bissau,2020,0.5630149053336311
Guinea-Bissau,2021,2.7245725994962555
Guinea-Bissau,2022,3.1898531393959075
Guinea-Bissau,2023,3.4778359446295326
Guinea-Bissau,2024,1.8748087465540808
Guyana,1961,2.277004461805234
Guyana,1962,-1.0842113605752246
Guyana,1963,-14.163578436718453
Guyana,1964,8.991276688004874
Guyana,1965,8.215077888960721
Guyana,1966,3.0401772026123552
Guyana,1967,2.161391770708974
Guyana,1968,-1.04434666125492
Guyana,1969,4.814421545443054
Guyana,1970,2.403589305724168
Guyana,1971,1.6722034461264457
Guyana,1972,-4.5174628698687656
Guyana,1973,0.0631533283582683
Guyana,1974,6.547239786282006
Guyana,1975,7.415354597323187
Guyana,1976,0.6109705105570526
Guyana,1977,-3.4601474335907483
Guyana,1978,-2.5680202577091507
Guyana,1979,-2.5337539848280244
Guyana,1980,1.1683124295353051
Guyana,1981,1.22348875608769
Guyana,1982,-13.219081839829755
Guyana,1983,-6.693760141895339
Guyana,1984,-4.810359818914407
Guyana,1985,2.749283485626435
Guyana,1986,-0.4646463240455034
Guyana,1987,1.424677701261288
Guyana,1988,-3.1284958105788547
Guyana,1989,-4.312307165948425
Guyana,1990,-2.424925137340935
Guyana,1991,6.346175967410588
Guyana,1992,7.463312598936952
Guyana,1993,7.736351006210526
Guyana,1994,8.12217163524447
Guyana,1995,4.676073461674008
Guyana,1996,7.652031668968945
Guyana,1997,5.941209052027247
Guyana,1998,-1.8517743953218684
Guyana,1999,2.839344334316479
Guyana,2000,-1.4088125220776249
Guyana,2001,2.3270171760090506
Guyana,2002,1.2418840807394815
Guyana,2003,-0.560476505993833
Guyana,2004,1.6543360187625211
Guyana,2005,-1.7571567715638992
Guyana,2006,5.399440247940788
Guyana,2007,7.489359082531564
Guyana,2008,2.059300098787517
Guyana,2009,3.957571742577756
Guyana,2010,4.532892759942314
Guyana,2011,5.633727478447412
Guyana,2012,5.257286625879189
Guyana,2013,3.1374813337109515
Guyana,2014,1.1191644103188023
Guyana,2015,0.0833711927134857
Guyana,2016,3.159363224438323
Guyana,2017,3.0688718244037148
Guyana,2018,1.3960456275579247
Guyana,2019,3.251561782455312
Guyana,2020,43.51234630150907
Guyana,2021,18.8820438552858
Guyana,2022,62.11107131450368
Guyana,2023,33.03144243224449
Guyana,2024,43.00009378022395
Haiti,1961,-4.675856084321154
Haiti,1962,5.931669983502943
Haiti,1963,-3.6148307247874953
Haiti,1964,-3.383158006072563
Haiti,1965,0.2854623095315105
Haiti,1966,-2.397114841843532
Haiti,1967,-3.912307358148595
Haiti,1968,1.279217459158673
Haiti,1969,1.894997615985929
Haiti,1970,-1.2117657039626266
Haiti,1971,4.493811285382179
Haiti,1972,-0.9238478579194832
Haiti,1973,2.772509757873109
Haiti,1974,3.769672060977783
Haiti,1975,-0.8066565415291649
Haiti,1976,6.3680212027663
Haiti,1977,1.7292971958741958
Haiti,1978,4.18195071593199
Haiti,1979,5.509629703056618
Haiti,1980,5.330215468780068
Haiti,1981,-4.7066759329445205
Haiti,1982,-5.417998452382619
Haiti,1983,-1.0444815891831496
Haiti,1984,-1.6513814486057328
Haiti,1985,-1.3729304318643898
Haiti,1986,-2.4708172972517843
Haiti,1987,-2.779292500016865
Haiti,1988,-1.825807181345695
Haiti,1989,-4.8882722219739065
Haiti,1990,-1.0212919883392857
Haiti,1991,-0.1730863835400811
Haiti,1992,-7.182366750472312
Haiti,1993,-7.26639617990007
Haiti,1994,-13.630857753603806
Haiti,1995,7.822924050592306
Haiti,1996,2.1814550022617283
Haiti,1997,0.7858928691226765
Haiti,1998,0.2939617720991236
Haiti,1999,0.8308485111283517
Haiti,2000,-0.974737113523176
Haiti,2001,-2.1431839132750525
Haiti,2002,-0.729374655833098
Haiti,2003,1.6820034644328956
Haiti,2004,-2.983010629779926
Haiti,2005,1.3544314101920918
Haiti,2006,0.0540583442750062
Haiti,2007,2.955697227275394
Haiti,2008,0.961802640900089
Haiti,2009,4.154892820646154
Haiti,2010,-6.745903854949901
Haiti,2011,3.9151449421595856
Haiti,2012,-1.0432422218172803
Haiti,2013,2.7675096675069994
Haiti,2014,1.3923118794573668
Haiti,2015,-0.0454395053176881
Haiti,2016,0.3984029741272366
Haiti,2017,1.1239442791237622
Haiti,2018,0.3266785596055968
Haiti,2019,-2.986837118688854
Haiti,2020,-4.498164421820164
Haiti,2021,-2.9269580433954303
Haiti,2022,-2.784680847534404
Haiti,2023,-2.9921284376233217
Haiti,2024,-5.269848333247182
Heavily indebted poor countries (HIPC),1961,-2.6025101836714697
Heavily indebted poor countries (HIPC),1962,4.726334887895007
Heavily indebted poor countries (HIPC),1963,0.832603167235419
Heavily indebted poor countries (HIPC),1964,0.7406060777594803
Heavily indebted poor countries (HIPC),1965,1.1736819097502291
Heavily indebted poor countries (HIPC),1966,1.171489033634515
Heavily indebted poor countries (HIPC),1967,-0.3712733097275418
Heavily indebted poor countries (HIPC),1968,1.6846260620459077
Heavily indebted poor countries (HIPC),1969,1.8744915029392784
Heavily indebted poor countries (HIPC),1970,-2.644892767395987
Heavily indebted poor countries (HIPC),1971,1.744378998584878
Heavily indebted poor countries (HIPC),1972,-0.6176066792932886
Heavily indebted poor countries (HIPC),1973,0.299960029116562
Heavily indebted poor countries (HIPC),1974,2.4576006351030912
Heavily indebted poor countries (HIPC),1975,-0.6748254810011787
Heavily indebted poor countries (HIPC),1976,0.9548436391177972
Heavily indebted poor countries (HIPC),1977,0.7064493235333629
Heavily indebted poor countries (HIPC),1978,-0.4406442000890536
Heavily indebted poor countries (HIPC),1979,-2.2925028420931
Heavily indebted poor countries (HIPC),1980,-1.736538270412396
Heavily indebted poor countries (HIPC),1981,0.769047666016192
Heavily indebted poor countries (HIPC),1982,-1.8896707379401505
Heavily indebted poor countries (HIPC),1983,-2.424922702460478
Heavily indebted poor countries (HIPC),1984,-1.657955770809835
Heavily indebted poor countries (HIPC),1985,-1.3150478100506575
Heavily indebted poor countries (HIPC),1986,0.2185188023834143
Heavily indebted poor countries (HIPC),1987,0.331275113684228
Heavily indebted poor countries (HIPC),1988,-1.3611609058049652
Heavily indebted poor countries (HIPC),1989,-1.2895972088115144
Heavily indebted poor countries (HIPC),1990,-3.744859246508057
Heavily indebted poor countries (HIPC),1991,-1.745679102731927
Heavily indebted poor countries (HIPC),1992,-4.266497063331087
Heavily indebted poor countries (HIPC),1993,-2.819235256110858
Heavily indebted poor countries (HIPC),1994,-2.625846777952532
Heavily indebted poor countries (HIPC),1995,2.216313493012919
Heavily indebted poor countries (HIPC),1996,2.603645269935967
Heavily indebted poor countries (HIPC),1997,3.0464670442269157
Heavily indebted poor countries (HIPC),1998,0.8511316827831905
Heavily indebted poor countries (HIPC),1999,0.5734585763140814
Heavily indebted poor countries (HIPC),2000,0.1209613486020231
Heavily indebted poor countries (HIPC),2001,0.903119687621782
Heavily indebted poor countries (HIPC),2002,0.9594566681679026
Heavily indebted poor countries (HIPC),2003,1.0325870362035516
Heavily indebted poor countries (HIPC),2004,2.8221334759256536
Heavily indebted poor countries (HIPC),2005,2.575453607333131
Heavily indebted poor countries (HIPC),2006,2.7464648673429792
Heavily indebted poor countries (HIPC),2007,2.6088801494688028
Heavily indebted poor countries (HIPC),2008,2.722333426223827
Heavily indebted poor countries (HIPC),2009,0.5885670685205326
Heavily indebted poor countries (HIPC),2010,3.2664104787329507
Heavily indebted poor countries (HIPC),2011,1.7065121580401126
Heavily indebted poor countries (HIPC),2012,1.191956882467693
Heavily indebted poor countries (HIPC),2013,2.839803574246929
Heavily indebted poor countries (HIPC),2014,2.487796956496439
Heavily indebted poor countries (HIPC),2015,1.959761812308031
Heavily indebted poor countries (HIPC),2016,1.3665538384824316
Heavily indebted poor countries (HIPC),2017,2.01414858279972
Heavily indebted poor countries (HIPC),2018,1.2537633861455788
Heavily indebted poor countries (HIPC),2019,1.3454463661225873
Heavily indebted poor countries (HIPC),2020,-2.742407335737284
Heavily indebted poor countries (HIPC),2021,1.6150308208451063
Heavily indebted poor countries (HIPC),2022,2.178280120430159
Heavily indebted poor countries (HIPC),2023,0.8236155912066323
Heavily indebted poor countries (HIPC),2024,2.4520419089603536
High income,1961,3.200008701697115
High income,1962,4.311743451042929
High income,1963,3.785465476130952
High income,1964,5.106924709386192
High income,1965,4.314479757494155
High income,1966,4.453536999907897
High income,1967,2.826685362975141
High income,1968,4.915490026950067
High income,1969,4.623762803439874
High income,1970,2.090432436999137
High income,1971,2.69149741188852
High income,1972,4.452879429927776
High income,1973,5.386542627319216
High income,1974,0.3219446269931296
High income,1975,-0.929863658238176
High income,1976,4.1100819068093415
High income,1977,3.0576451491139807
High income,1978,3.383304551908409
High income,1979,3.191489846996461
High income,1980,0.4898212020530081
High income,1981,1.1203406030693372
High income,1982,-0.8940255131373647
High income,1983,2.124566041269801
High income,1984,4.022790727689767
High income,1985,2.830709869252331
High income,1986,2.5078857158084844
High income,1987,2.804328461711464
High income,1988,3.905580498244589
High income,1989,3.140140616981597
High income,1990,1.9988378531600688
High income,1991,0.132527079296338
High income,1992,0.8406802484672227
High income,1993,0.4767553359827303
High income,1994,2.3372117276578592
High income,1995,2.190285925611832
High income,1996,2.321037604970357
High income,1997,2.9247135066044336
High income,1998,2.148167304238939
High income,1999,3.039649217098585
High income,2000,3.753652173114432
High income,2001,1.071776504890252
High income,2002,1.1208409508406447
High income,2003,1.7636150634388343
High income,2004,2.9525245735270857
High income,2005,2.4459772472752945
High income,2006,2.6229016612931986
High income,2007,2.204045499911828
High income,2008,-0.0072246260439357
High income,2009,-3.938017071669108
High income,2010,2.588797760044372
High income,2011,1.5844426305340562
High income,2012,0.8880527852740414
High income,2013,1.0328728981268398
High income,2014,1.6043511651121918
High income,2015,1.706122404374952
High income,2016,1.2331551390494866
High income,2017,2.0489090893513406
High income,2018,2.029046510064731
High income,2019,1.5524004380671528
High income,2020,-4.14631820678774
High income,2021,5.979733559683083
High income,2022,2.589268749688884
High income,2023,1.0906008172277382
High income,2024,1.2559987836136628
Honduras,1961,-1.1728175979206554
Honduras,1962,-0.6630348573772693
Honduras,1963,-1.5653117228136608
Honduras,1964,-1.3093996837549895
Honduras,1965,-0.3210006056320651
Honduras,1966,-3.931834004656892
Honduras,1967,0.8023257524535552
Honduras,1968,-4.013894632890114
Honduras,1969,-2.0363949967059227
Honduras,1970,1.8735733113537376
Honduras,1971,1.5572851947016204
Honduras,1972,0.7958222957962278
Honduras,1973,1.340954226529604
Honduras,1974,6.291839745570812
Honduras,1975,2.239545754754872
Honduras,1976,12.532858367599715
Honduras,1977,5.346326250782866
Honduras,1978,9.497193496895264
Honduras,1979,8.151385802713506
Honduras,1980,9.64336022608687
Honduras,1981,4.054801095997476
Honduras,1982,1.3073448057888868
Honduras,1983,3.8620556772942503
Honduras,1984,-0.6070165671757621
Honduras,1985,1.678481390126322
Honduras,1986,2.5572117962795176
Honduras,1987,-1.1054612255072982
Honduras,1988,4.586283989567107
Honduras,1989,4.1598852000684445
Honduras,1990,17.79812165904491
Honduras,1991,22.521576814819028
Honduras,1992,5.981443351603161
Honduras,1993,10.456024302211103
Honduras,1994,25.411708871227543
Honduras,1995,21.190416725779087
Honduras,1996,19.535279273565948
Honduras,1997,19.05019402823073
Honduras,1998,8.659404403721481
Honduras,1999,8.681512783854515
Honduras,2000,6.657519328544723
Honduras,2001,-0.0161960531288656
Honduras,2002,1.0499116620787987
Honduras,2003,1.8985042178203884
Honduras,2004,3.615702692410764
Honduras,2005,3.507079754698552
Honduras,2006,4.083213351375719
Honduras,2007,3.7762787856267854
Honduras,2008,1.918834962960105
Honduras,2009,-4.543991316518671
Honduras,2010,1.549121631332497
Honduras,2011,1.7116419481737069
Honduras,2012,2.043826169570309
Honduras,2013,0.7771672170535453
Honduras,2014,1.081275112846498
Honduras,2015,1.8820222203750063
Honduras,2016,1.9605106830205443
Honduras,2017,2.9210727832683574
Honduras,2018,1.9619687252863829
Honduras,2019,0.7193615161734499
Honduras,2020,-10.548417486839496
Honduras,2021,10.70299036559507
Honduras,2022,2.4118455105240173
Honduras,2023,1.8148973269289
Honduras,2024,1.824018399488267
"Hong Kong SAR, China",1962,9.55066114016627
"Hong Kong SAR, China",1963,11.848460967253756
"Hong Kong SAR, China",1964,6.033323559683467
"Hong Kong SAR, China",1965,11.66915277338903
"Hong Kong SAR, China",1966,0.8973437139658529
"Hong Kong SAR, China",1967,-0.9319723016409114
"Hong Kong SAR, China",1968,1.2248681104112933
"Hong Kong SAR, China",1969,9.579689720853608
"Hong Kong SAR, China",1970,6.583226677571901
"Hong Kong SAR, China",1971,5.004165636647031
"Hong Kong SAR, China",1972,8.511519137314167
"Hong Kong SAR, China",1973,9.156174777289491
"Hong Kong SAR, China",1974,-0.7710039861072886
"Hong Kong SAR, China",1975,-1.3954719873014625
"Hong Kong SAR, China",1976,14.71418519622793
"Hong Kong SAR, China",1977,10.124195221321912
"Hong Kong SAR, China",1978,6.317046754571962
"Hong Kong SAR, China",1979,5.623161572190426
"Hong Kong SAR, China",1980,7.207154983313785
"Hong Kong SAR, China",1981,6.724952369751676
"Hong Kong SAR, China",1982,1.363892985168988
"Hong Kong SAR, China",1983,4.378943931868946
"Hong Kong SAR, China",1984,8.89803111960488
"Hong Kong SAR, China",1985,-0.3195437746532263
"Hong Kong SAR, China",1986,9.68113488041034
"Hong Kong SAR, China",1987,12.26251852719578
"Hong Kong SAR, China",1988,7.603362410865856
"Hong Kong SAR, China",1989,1.2230429941211869
"Hong Kong SAR, China",1990,3.497423709762984
"Hong Kong SAR, China",1991,4.829082861879613
"Hong Kong SAR, China",1992,5.346692470359329
"Hong Kong SAR, China",1993,4.39241266340737
"Hong Kong SAR, China",1994,3.674775227950761
"Hong Kong SAR, China",1995,0.3666076087402103
"Hong Kong SAR, China",1996,-0.2679877670091883
"Hong Kong SAR, China",1997,4.22845216857921
"Hong Kong SAR, China",1998,-6.665074533154467
"Hong Kong SAR, China",1999,1.5323522382255703
"Hong Kong SAR, China",2000,6.718451238857298
"Hong Kong SAR, China",2001,-0.177510266157995
"Hong Kong SAR, China",2002,1.2074974549313424
"Hong Kong SAR, China",2003,3.2599679272878603
"Hong Kong SAR, China",2004,7.855626049577637
"Hong Kong SAR, China",2005,6.920064815065857
"Hong Kong SAR, China",2006,6.347440835370804
"Hong Kong SAR, China",2007,5.553523978609192
"Hong Kong SAR, China",2008,1.518770533170283
"Hong Kong SAR, China",2009,-2.668984372003365
"Hong Kong SAR, China",2010,5.986409450970214
"Hong Kong SAR, China",2011,4.112147569170332
"Hong Kong SAR, China",2012,0.5837519581938864
"Hong Kong SAR, China",2013,2.6879056887610204
"Hong Kong SAR, China",2014,2.0431818002495845
"Hong Kong SAR, China",2015,1.5199554771160706
"Hong Kong SAR, China",2016,1.5445444052548822
"Hong Kong SAR, China",2017,3.001480960332429
"Hong Kong SAR, China",2018,2.0272229246582043
"Hong Kong SAR, China",2019,-2.3966849599192277
"Hong Kong SAR, China",2020,-6.208760179795121
"Hong Kong SAR, China",2021,7.429509414927665
"Hong Kong SAR, China",2022,-2.80533347557801
"Hong Kong SAR, China",2023,0.6213821024394264
"Hong Kong SAR, China",2024,2.668470240536223
Hungary,1961,4.235947777204686
Hungary,1962,5.75338938904099
Hungary,1963,5.415819740131454
Hungary,1964,4.370086162472234
Hungary,1965,42.01607466597946
Hungary,1966,7.075879195410195
Hungary,1967,7.100676261896766
Hungary,1968,4.498936418022751
Hungary,1969,6.454618062841178
Hungary,1970,4.30312298133795
Hungary,1971,5.896515440455758
Hungary,1972,5.78418419252975
Hungary,1973,6.556040406229059
Hungary,1974,5.428394355417197
Hungary,1975,5.577289935748041
Hungary,1976,3.0315755447595905
Hungary,1977,7.101270197278353
Hungary,1978,4.04051994502106
Hungary,1979,2.514540096216706
Hungary,1980,0.1347973069496788
Hungary,1981,2.8597731226910383
Hungary,1982,2.901733413720507
Hungary,1983,0.8744065482702297
Hungary,1984,2.863669882581931
Hungary,1985,-0.071515493730601
Hungary,1986,1.7082940759987224
Hungary,1987,4.2259728692432645
Hungary,1988,0.0880272078164665
Hungary,1989,1.8394230991465577
Hungary,1990,-2.4944992284526397
Hungary,1991,-11.887046599598378
Hungary,1992,-3.026235553147089
Hungary,1993,-0.4626652222312231
Hungary,1994,3.088168306339753
Hungary,1995,1.6309175971738483
Hungary,1996,0.2733274892913897
Hungary,1997,3.185546317139625
Hungary,1998,4.090022567171545
Hungary,1999,3.3784742677943456
Hungary,2000,4.680946506329391
Hungary,2001,4.300996767650162
Hungary,2002,5.028710607868618
Hungary,2003,4.2369196351254885
Hungary,2004,5.195812589673878
Hungary,2005,4.507920786498957
Hungary,2006,4.095899964783413
Hungary,2007,0.4879048177151617
Hungary,2008,1.1704288438734665
Hungary,2009,-6.5955864275355225
Hungary,2010,1.2966366075498996
Hungary,2011,2.2059103447462007
Hungary,2012,-0.8286465158765282
Hungary,2013,2.524393052702351
Hungary,2014,4.75555169835647
Hungary,2015,4.033108739295855
Hungary,2016,2.83749039789862
Hungary,2017,4.477435682096058
Hungary,2018,5.821463618036788
Hungary,2019,5.2087641343076
Hungary,2020,-4.097307380338108
Hungary,2021,7.6625317535375075
Hungary,2022,4.4327711564573065
Hungary,2023,-0.6838458678477792
Hungary,2024,0.8768874226771999
IBRD only,1961,0.0316471144130758
IBRD only,1962,1.405108340202247
IBRD only,1963,2.2741129658075465
IBRD only,1964,5.820321573732528
IBRD only,1965,3.779232877841807
IBRD only,1966,3.0835256737747443
IBRD only,1967,1.7326455713660778
IBRD only,1968,3.9612547923764367
IBRD only,1969,5.269248694447271
IBRD only,1970,5.24307845259591
IBRD only,1971,3.5836287976376724
IBRD only,1972,4.218704541496038
IBRD only,1973,4.759039273784921
IBRD only,1974,3.4833563303704693
IBRD only,1975,2.568517806648458
IBRD only,1976,4.269231141977215
IBRD only,1977,2.757490220204289
IBRD only,1978,2.1588766850317
IBRD only,1979,2.832939306636348
IBRD only,1980,2.9672754856345307
IBRD only,1981,0.2372490765233408
IBRD only,1982,0.914302556123232
IBRD only,1983,-0.3895958217213433
IBRD only,1984,3.001778615179873
IBRD only,1985,2.4856633797306387
IBRD only,1986,1.9625500254980324
IBRD only,1987,2.921135304305892
IBRD only,1988,2.168650293670453
IBRD only,1989,1.093106070461488
IBRD only,1990,0.2379551043153185
IBRD only,1991,-0.4167108184522874
IBRD only,1992,0.0634326119190404
IBRD only,1993,2.143923893948994
IBRD only,1994,2.0882974140892685
IBRD only,1995,2.5891875398862823
IBRD only,1996,3.99101783751432
IBRD only,1997,3.958617656989304
IBRD only,1998,1.298667387151056
IBRD only,1999,2.3662282969661703
IBRD only,2000,4.617368142856847
IBRD only,2001,2.4213127403654084
IBRD only,2002,3.3309667391118154
IBRD only,2003,4.722786051286391
IBRD only,2004,6.5432745896859785
IBRD only,2005,6.097285957796345
IBRD only,2006,7.1924757301371045
IBRD only,2007,7.861980559348481
IBRD only,2008,4.862539296442492
IBRD only,2009,1.7300984713380956
IBRD only,2010,6.6681708605498216
IBRD only,2011,5.246516196530067
IBRD only,2012,4.322878639852831
IBRD only,2013,4.069507033062635
IBRD only,2014,3.679504346807704
IBRD only,2015,3.287501993412363
IBRD only,2016,3.451521195615939
IBRD only,2017,4.186977867019465
IBRD only,2018,3.9616721877046928
IBRD only,2019,3.173202040065888
IBRD only,2020,-1.9543217551885164
IBRD only,2021,7.035204677611944
IBRD only,2022,3.286058780282275
IBRD only,2023,4.309289955130907
IBRD only,2024,3.7815480923896416
IDA & IBRD total,1961,-0.2045397509262727
IDA & IBRD total,1962,1.682428138225717
IDA & IBRD total,1963,2.2612861789237826
IDA & IBRD total,1964,5.244931922267114
IDA & IBRD total,1965,3.461257414818647
IDA & IBRD total,1966,2.476826870656112
IDA & IBRD total,1967,0.7713040399367657
IDA & IBRD total,1968,3.570391936344848
IDA & IBRD total,1969,5.3698673701716615
IDA & IBRD total,1970,5.252801568142587
IDA & IBRD total,1971,3.598662039602644
IDA & IBRD total,1972,3.522493440350829
IDA & IBRD total,1973,4.279141328277888
IDA & IBRD total,1974,3.586304745904556
IDA & IBRD total,1975,1.7986267061356926
IDA & IBRD total,1976,4.0349593794099405
IDA & IBRD total,1977,2.531640442029598
IDA & IBRD total,1978,1.6502069593483242
IDA & IBRD total,1979,2.501953069284241
IDA & IBRD total,1980,2.629672715141524
IDA & IBRD total,1981,-0.2160835019057856
IDA & IBRD total,1982,0.4130101031154112
IDA & IBRD total,1983,-0.8264290503359035
IDA & IBRD total,1984,2.464317389236399
IDA & IBRD total,1985,2.2803971815551023
IDA & IBRD total,1986,1.6919908219886253
IDA & IBRD total,1987,2.6169013357581434
IDA & IBRD total,1988,2.0773373626592075
IDA & IBRD total,1989,0.8498980182011877
IDA & IBRD total,1990,0.2238691828870145
IDA & IBRD total,1991,-0.5344522748454921
IDA & IBRD total,1992,-0.1235395087008583
IDA & IBRD total,1993,1.638916546227037
IDA & IBRD total,1994,1.6174070696997944
IDA & IBRD total,1995,2.293296117940713
IDA & IBRD total,1996,3.681261674215804
IDA & IBRD total,1997,3.5662227238970416
IDA & IBRD total,1998,1.1117872067834185
IDA & IBRD total,1999,2.047298071586738
IDA & IBRD total,2000,4.174524126511585
IDA & IBRD total,2001,2.172403736217987
IDA & IBRD total,2002,3.109010686734237
IDA & IBRD total,2003,4.334591839067343
IDA & IBRD total,2004,6.148495487719913
IDA & IBRD total,2005,5.693203635747352
IDA & IBRD total,2006,6.670197161544891
IDA & IBRD total,2007,7.26189311239807
IDA & IBRD total,2008,4.4506918730238
IDA & IBRD total,2009,1.5809034204661572
IDA & IBRD total,2010,6.200244743715118
IDA & IBRD total,2011,4.750326386984767
IDA & IBRD total,2012,3.8689976737853726
IDA & IBRD total,2013,3.817890899872325
IDA & IBRD total,2014,3.4546311906267704
IDA & IBRD total,2015,2.9314752914800124
IDA & IBRD total,2016,3.0484808433220394
IDA & IBRD total,2017,3.769758838822426
IDA & IBRD total,2018,3.5679188144543303
IDA & IBRD total,2019,2.785105196347516
IDA & IBRD total,2020,-2.3911940922024257
IDA & IBRD total,2021,6.297526957406546
IDA & IBRD total,2022,2.8776271417828383
IDA & IBRD total,2023,3.714698793433243
IDA & IBRD total,2024,3.328508495860333
IDA blend,1961,-0.7447836066795617
IDA blend,1962,1.5198504784575562
IDA blend,1963,5.449316753930717
IDA blend,1964,3.1113957776861128
IDA blend,1965,2.456807511527259
IDA blend,1966,-2.0513084722454096
IDA blend,1967,-9.296534555748224
IDA blend,1968,0.3571023069824548
IDA blend,1969,11.995204869951309
IDA blend,1970,14.00191406492108
IDA blend,1971,7.483207266783268
IDA blend,1972,1.2249542866630063
IDA blend,1973,2.7062176119603976
IDA blend,1974,5.110550852208533
IDA blend,1975,-4.151265658671335
IDA blend,1976,3.691957156351606
IDA blend,1977,2.293651847629093
IDA blend,1978,-2.5540857537256016
IDA blend,1979,2.289557176107351
IDA blend,1980,0.4708648924087271
IDA blend,1981,-6.871438506102635
IDA blend,1982,-4.1820298208069175
IDA blend,1983,-5.88444178705285
IDA blend,1984,-1.6047352173010836
IDA blend,1985,2.7788448779619443
IDA blend,1986,-0.1882733365264783
IDA blend,1987,0.3623392897043516
IDA blend,1988,2.891916870821205
IDA blend,1989,0.0763922023432712
IDA blend,1990,2.804321576213624
IDA blend,1991,-1.078953202818056
IDA blend,1992,0.0321748400512404
IDA blend,1993,-2.899979142339788
IDA blend,1994,-1.760954576829235
IDA blend,1995,-0.4349637521270324
IDA blend,1996,1.9572853700068575
IDA blend,1997,-0.2435704238458811
IDA blend,1998,0.108663748833095
IDA blend,1999,-0.5622139071256811
IDA blend,2000,0.8677999136549772
IDA blend,2001,1.2647425608145682
IDA blend,2002,3.762076988044228
IDA blend,2003,1.976079195368868
IDA blend,2004,4.713063715055526
IDA blend,2005,3.3639657747864646
IDA blend,2006,3.1281664888519742
IDA blend,2007,2.7145617170297958
IDA blend,2008,1.4806502881523895
IDA blend,2009,3.182520879909603
IDA blend,2010,3.273751852023807
IDA blend,2011,1.6840372920302116
IDA blend,2012,2.1487368382025096
IDA blend,2013,3.4477329109373898
IDA blend,2014,3.5721200232662795
IDA blend,2015,1.7546859479457029
IDA blend,2016,0.2833860026446189
IDA blend,2017,0.7649846080849585
IDA blend,2018,1.8052545413061123
IDA blend,2019,0.9985624120352412
IDA blend,2020,-5.211745701367249
IDA blend,2021,2.2127897021549074
IDA blend,2022,2.756622075231931
IDA blend,2023,0.8910544771248681
IDA blend,2024,2.124939706546442
IDA only,1962,4.83469452049134
IDA only,1963,-0.5366307030808031
IDA only,1964,1.3306928663907345
IDA only,1965,1.0781125721175613
IDA only,1966,0.1125651232835309
IDA only,1967,-0.8435080740345455
IDA only,1968,1.9511896090023129
IDA only,1969,1.4207028076284445
IDA only,1970,-2.252889074316016
IDA only,1971,-0.2112193196688991
IDA only,1972,-3.001134660168788
IDA only,1973,-0.3063938446483405
IDA only,1974,3.682311952554528
IDA only,1975,-1.828578321517071
IDA only,1976,1.3644218724156048
IDA only,1977,-0.1841990338026278
IDA only,1978,-0.4260826046139527
IDA only,1979,-1.6541399402076422
IDA only,1980,0.3600806097095983
IDA only,1981,1.0979586929981622
IDA only,1982,-1.6013144180404737
IDA only,1983,-1.174128493326549
IDA only,1984,-0.7720758014456379
IDA only,1985,-0.4782050151662957
IDA only,1986,0.3613308639727393
IDA only,1987,1.118426356465264
IDA only,1988,0.7337582523467603
IDA only,1989,-1.2544135219893064
IDA only,1990,-1.2008417905983606
IDA only,1991,-0.1902104613318158
IDA only,1992,-1.4982420072182665
IDA only,1993,-0.499403956021311
IDA only,1994,-1.299485563847128
IDA only,1995,2.525062799726811
IDA only,1996,2.5613940778089983
IDA only,1997,2.8971575445229263
IDA only,1998,1.7889495461024012
IDA only,1999,1.6232674239025329
IDA only,2000,1.9399440291753225
IDA only,2001,1.7397444870022412
IDA only,2002,2.032002816322162
IDA only,2003,2.9399000956635604
IDA only,2004,3.609016751370845
IDA only,2005,3.978541488635884
IDA only,2006,3.907748188801264
IDA only,2007,4.027156982102895
IDA only,2008,3.559853476894361
IDA only,2009,1.8701075538747745
IDA only,2010,4.089903707025641
IDA only,2011,1.933480675001519
IDA only,2012,0.1403994652906277
IDA only,2013,2.7382114083519724
IDA only,2014,2.8161165229263503
IDA only,2015,0.8496618517196168
IDA only,2016,1.92233042853556
IDA only,2017,2.8800506309097216
IDA only,2018,2.506637266857311
IDA only,2019,2.421251943589468
IDA only,2020,-2.6501053533269783
IDA only,2021,1.3548268870275706
IDA only,2022,2.0397768062696287
IDA only,2023,0.9868513470889582
IDA only,2024,2.2436999555933994
IDA total,1961,-1.3237501382783137
IDA total,1962,3.3111936012847565
IDA total,1963,2.217193410220247
IDA total,1964,2.191356858226328
IDA total,1965,1.7553602198001812
IDA total,1966,-0.904785429287216
IDA total,1967,-4.839222604025082
IDA total,1968,1.2479548822304167
IDA total,1969,6.134724690677444
IDA total,1970,5.411921384578648
IDA total,1971,3.7433517372246
IDA total,1972,-0.7133090114957383
IDA total,1973,1.3568343115011745
IDA total,1974,4.521606169579812
IDA total,1975,-3.002116524604148
IDA total,1976,2.7375105431916893
IDA total,1977,1.3076928707270523
IDA total,1978,-1.4755658287121207
IDA total,1979,0.6398079465386104
IDA total,1980,0.7060598245989098
IDA total,1981,-3.06757799845117
IDA total,1982,-2.834450362522361
IDA total,1983,-3.6006951517712054
IDA total,1984,-1.139875315950789
IDA total,1985,1.3045686686188986
IDA total,1986,0.1821119464588037
IDA total,1987,0.8305099266978004
IDA total,1988,2.0162246720532835
IDA total,1989,-0.4159459176926106
IDA total,1990,1.1336816981854554
IDA total,1991,-0.554659610585901
IDA total,1992,-0.6218562222076685
IDA total,1993,-1.805656706674995
IDA total,1994,-1.5354625068137295
IDA total,1995,0.9555337517955138
IDA total,1996,2.271707579063872
IDA total,1997,1.2641713180513676
IDA total,1998,0.944338875270077
IDA total,1999,0.5158353432538831
IDA total,2000,1.4303718584760787
IDA total,2001,1.5497665988941236
IDA total,2002,2.9302156340718284
IDA total,2003,2.458038660427462
IDA total,2004,4.208494254750846
IDA total,2005,3.693042104175632
IDA total,2006,3.5310309652126506
IDA total,2007,3.4022561523891426
IDA total,2008,2.558435084621806
IDA total,2009,2.5752907093938404
IDA total,2010,3.7304910646062126
IDA total,2011,1.8390994316629588
IDA total,2012,1.1542031498875502
IDA total,2013,3.108637235915438
IDA total,2014,3.1955374741573905
IDA total,2015,1.2931787179438317
IDA total,2016,1.0479482710001378
IDA total,2017,1.770917802921872
IDA total,2018,2.1161667427406456
IDA total,2019,1.66602224653883
IDA total,2020,-3.953268794177873
IDA total,2021,1.7377123965956542
IDA total,2022,2.356202165245918
IDA total,2023,0.8951046741430702
IDA total,2024,2.136333552410491
Iceland,1961,-2.00260727283343
Iceland,1962,6.325793668229537
Iceland,1963,8.335609136632229
Iceland,1964,7.945725398557826
Iceland,1965,5.453292484333332
Iceland,1966,6.9245242317652185
Iceland,1967,-2.840624576876096
Iceland,1968,-6.781987033651788
Iceland,1969,1.4425886845184124
Iceland,1970,6.8962477569460106
Iceland,1971,12.150198031173986
Iceland,1972,4.634456339239961
Iceland,1973,5.206311555281957
Iceland,1974,4.285800406685382
Iceland,1975,-0.6328206729761092
Iceland,1976,4.912547502176608
Iceland,1977,8.015183245908176
Iceland,1978,5.192434659868965
Iceland,1979,3.83954643229265
Iceland,1980,4.634067475637352
Iceland,1981,3.082534192254613
Iceland,1982,0.7982422543870769
Iceland,1983,-3.438184637241477
Iceland,1984,3.027443643870328
Iceland,1985,2.4824330255400757
Iceland,1986,5.494860482952106
Iceland,1987,7.363170046350049
Iceland,1988,-1.6423477984675117
Iceland,1989,-0.975500463843204
Iceland,1990,0.3856656470919262
Iceland,1991,-1.3734066291206943
Iceland,1992,-4.580531435535164
Iceland,1993,0.2885019853443822
Iceland,1994,2.714620489940799
Iceland,1995,-0.4250463577111532
Iceland,1996,3.9349773494685536
Iceland,1997,3.291236309441217
Iceland,1998,5.8706656015896215
Iceland,1999,2.649178617442786
Iceland,2000,3.478616405418535
Iceland,2001,2.4697206362925783
Iceland,2002,-0.3511567272564662
Iceland,2003,1.5755204811840713
Iceland,2004,6.681882949014934
Iceland,2005,5.348519646732683
Iceland,2006,3.2199414679123066
Iceland,2007,6.024593608968502
Iceland,2008,-0.1740914821309473
Iceland,2009,-8.63377661962879
Iceland,2010,-2.0810114506776927
Iceland,2011,1.0707853816207376
Iceland,2012,0.6324187700446515
Iceland,2013,2.62166783315034
Iceland,2014,0.7863034854295847
Iceland,2015,2.6929966410740747
Iceland,2016,4.753879731773907
Iceland,2017,1.085985447149369
Iceland,2018,1.8950063364242735
Iceland,2019,-1.0614750201533385
Iceland,2020,-8.148865691974265
Iceland,2021,3.4703853414312675
Iceland,2022,6.119284174670469
Iceland,2023,4.1879251113234375
Iceland,2024,-1.186667216116888
India,1961,1.266648793702288
India,1962,0.5185019259308774
India,1963,3.536491053202837
India,1964,4.966118870425447
India,1965,-4.803103499167449
India,1966,-2.171043686105449
India,1967,5.535822687264826
India,1968,1.190385211565243
India,1969,4.311912695274913
India,1970,2.84864261828497
India,1971,-0.5848360980790517
India,1972,-2.7123915816372204
India,1973,0.99695741776938
India,1974,-1.1154609770398878
India,1975,6.602321027734433
India,1976,-0.7007355779769142
India,1977,4.75429678765606
India,1978,3.3060712769124194
India,1979,-7.416424712482453
India,1980,4.2204707098845375
India,1981,3.54437832702817
India,1982,1.0886068026898528
India,1983,4.806751121453701
India,1984,1.4135191676568866
India,1985,2.8332535277537687
India,1986,2.385743231078635
India,1987,1.620950763413802
India,1988,7.18812237907234
India,1989,3.606024080582799
India,1990,3.223516343128182
India,1991,-1.1102810529725389
India,1992,3.259395440100917
India,1993,2.5740895174478453
India,1994,4.500575214819193
India,1995,5.430702802875203
India,1996,5.422261410598964
India,1997,2.0237448902126403
India,1998,4.148494857336814
India,1999,6.795041924681385
India,2000,1.9076300581657928
India,2001,2.8813465826862625
India,2002,1.9407054851532592
India,2003,6.005799643147469
India,2004,6.09996522450102
India,2005,6.177028924863649
India,2006,6.383677208545805
India,2007,6.051600137406979
India,2008,1.6141345170288162
India,2009,6.313409857938893
India,2010,6.930797804152533
India,2011,3.760741531458649
India,2012,4.017267358363228
India,2013,4.97769997302639
India,2014,6.0639807416271765
India,2015,6.715667346402256
India,2016,6.973946909292465
India,2017,5.561185034605003
India,2018,5.292119719147223
India,2019,2.796757599658889
India,2020,-6.69047102833747
India,2021,8.79093447676263
India,2022,6.7623860172789705
India,2023,8.23053143349361
India,2024,5.550421585113938
Indonesia,1961,2.8346186250121264
Indonesia,1962,-0.9769618565380824
Indonesia,1963,-4.960280197321936
Indonesia,1964,0.615174818388283
Indonesia,1965,-1.442710705057635
Indonesia,1966,0.3871448846566494
Indonesia,1967,-1.2211817885228695
Indonesia,1968,7.952428090001916
Indonesia,1969,3.909940594307514
Indonesia,1970,4.634754012411307
Indonesia,1971,4.163441956384432
Indonesia,1972,4.225630675355546
Indonesia,1973,5.300888798781472
Indonesia,1974,4.899720822638031
Indonesia,1975,2.358675369491124
Indonesia,1976,4.253569422322627
Indonesia,1977,6.123512024722075
Indonesia,1978,4.195073480483728
Indonesia,1979,4.754994242103422
Indonesia,1980,7.286558573539635
Indonesia,1981,5.425481848882157
Indonesia,1982,-0.0907542989156979
Indonesia,1983,1.844009611626035
Indonesia,1984,4.616680911093823
Indonesia,1985,0.2964548224267247
Indonesia,1986,3.760419360386962
Indonesia,1987,2.908522581311317
Indonesia,1988,3.780439442707277
Indonesia,1989,5.460986481247801
Indonesia,1990,5.313848999115621
Indonesia,1991,5.036145804883361
Indonesia,1992,4.667568634127164
Indonesia,1993,4.699612178826484
Indonesia,1994,5.742097170659363
Indonesia,1995,6.435418904240976
Indonesia,1996,6.058596364413461
Indonesia,1997,3.0109076972068607
Indonesia,1998,-14.489150562288984
Indonesia,1999,-0.712606708277562
Indonesia,2000,3.4278636272188976
Indonesia,2001,2.2148134392147227
Indonesia,2002,3.092309298766409
Indonesia,2003,3.4024459517882946
Indonesia,2004,3.704367451237104
Indonesia,2005,4.344355842202404
Indonesia,2006,4.112018902180608
Indonesia,2007,4.949583922758109
Indonesia,2008,4.647217582770693
Indonesia,2009,3.311600212714012
Indonesia,2010,4.8932624690878725
Indonesia,2011,4.8229427651275785
Indonesia,2012,4.675403741986756
Indonesia,2013,4.256039232264428
Indonesia,2014,3.779685951574379
Indonesia,2015,3.705834288955387
Indonesia,2016,3.9105427549557694
Indonesia,2017,4.001098651799225
Indonesia,2018,4.15930013909383
Indonesia,2019,4.041304181853604
Indonesia,2020,-2.89423403981894
Indonesia,2021,2.974761922278788
Indonesia,2022,4.524475766188758
Indonesia,2023,4.167530010196458
Indonesia,2024,4.1790017564892
"Iran, Islamic Rep.",1961,7.121498600329872
"Iran, Islamic Rep.",1962,4.681718277441902
"Iran, Islamic Rep.",1963,3.805654062022242
"Iran, Islamic Rep.",1964,5.149580086968712
"Iran, Islamic Rep.",1965,13.417081190139328
"Iran, Islamic Rep.",1966,8.082160980054425
"Iran, Islamic Rep.",1967,7.913927843282153
"Iran, Islamic Rep.",1968,11.031110752819243
"Iran, Islamic Rep.",1969,12.100650973052211
"Iran, Islamic Rep.",1970,7.610183117546825
"Iran, Islamic Rep.",1971,10.354529666141543
"Iran, Islamic Rep.",1972,11.195600799983623
"Iran, Islamic Rep.",1973,4.341720243332148
"Iran, Islamic Rep.",1974,2.71498847983618
"Iran, Islamic Rep.",1975,-3.294081229793619
"Iran, Islamic Rep.",1976,14.749353142700343
"Iran, Islamic Rep.",1977,-5.738842817257051
"Iran, Islamic Rep.",1978,-15.642403124075956
"Iran, Islamic Rep.",1979,-14.993665478779164
"Iran, Islamic Rep.",1980,-24.38870507542711
"Iran, Islamic Rep.",1981,-10.51867776994652
"Iran, Islamic Rep.",1982,16.82009817917003
"Iran, Islamic Rep.",1983,6.845458931354813
"Iran, Islamic Rep.",1984,-10.56806962317502
"Iran, Islamic Rep.",1985,-1.8064241217475685
"Iran, Islamic Rep.",1986,-13.053163099456851
"Iran, Islamic Rep.",1987,-3.686912630449882
"Iran, Islamic Rep.",1988,-9.064989705886234
"Iran, Islamic Rep.",1989,3.07716065422359
"Iran, Islamic Rep.",1990,10.335395408759425
"Iran, Islamic Rep.",1991,9.69687907443604
"Iran, Islamic Rep.",1992,1.2753229636285963
"Iran, Islamic Rep.",1993,-1.8217159314442315
"Iran, Islamic Rep.",1994,-1.88532440370534
"Iran, Islamic Rep.",1995,1.2734679626985894
"Iran, Islamic Rep.",1996,5.207665422689317
"Iran, Islamic Rep.",1997,0.1426950588100197
"Iran, Islamic Rep.",1998,0.68737125932347
"Iran, Islamic Rep.",1999,0.5601689894854331
"Iran, Islamic Rep.",2000,4.294516564295606
"Iran, Islamic Rep.",2001,0.8235530379365343
"Iran, Islamic Rep.",2002,7.190009759287676
"Iran, Islamic Rep.",2003,7.441801272916109
"Iran, Islamic Rep.",2004,2.1283788512710373
"Iran, Islamic Rep.",2005,0.9312463136596136
"Iran, Islamic Rep.",2006,2.761831069932441
"Iran, Islamic Rep.",2007,6.401710068063309
"Iran, Islamic Rep.",2008,-0.9593034555620932
"Iran, Islamic Rep.",2009,-0.239219321569081
"Iran, Islamic Rep.",2010,4.481946244292629
"Iran, Islamic Rep.",2011,1.3849595027636925
"Iran, Islamic Rep.",2012,-4.944086039791827
"Iran, Islamic Rep.",2013,-2.800619929600586
"Iran, Islamic Rep.",2014,3.5841213775808427
"Iran, Islamic Rep.",2015,-2.7579822808213805
"Iran, Islamic Rep.",2016,7.266364931613253
"Iran, Islamic Rep.",2017,1.5552144345614636
"Iran, Islamic Rep.",2018,-4.967617643418492
"Iran, Islamic Rep.",2019,-3.4086326314646413
"Iran, Islamic Rep.",2020,3.6419827182955657
"Iran, Islamic Rep.",2021,3.2691244028871864
"Iran, Islamic Rep.",2022,3.107026560589105
"Iran, Islamic Rep.",2023,4.071668499752519
"Iran, Islamic Rep.",2024,2.5774090682399304
Iraq,1961,4.752459853492397
Iraq,1962,1.5089025641357807
Iraq,1963,-0.9465843623459308
Iraq,1964,11.037784909235569
Iraq,1965,7.082968369913246
Iraq,1966,1.462540561698873
Iraq,1967,-11.906716050052124
Iraq,1968,15.48477978159272
Iraq,1969,-0.2510288984596371
Iraq,1970,0.9764879948545512
Iraq,1971,1.7964969132363962
Iraq,1972,0.2308859306545514
Iraq,1973,0.8816191839949141
Iraq,1974,12.246734417982694
Iraq,1975,8.827801858928481
Iraq,1976,13.402638733974143
Iraq,1977,-1.433572417794906
Iraq,1978,13.180791713273734
Iraq,1979,17.042202180483983
Iraq,1980,20.8838349579151
Iraq,1981,-3.6657405277500734
Iraq,1982,0.5641647796923479
Iraq,1983,-15.618177593061231
Iraq,1984,-4.510535916069074
Iraq,1985,-0.9570280550656918
Iraq,1986,2.1039166586213582
Iraq,1987,6.348509852294114
Iraq,1988,-2.311900681279127
Iraq,1989,-5.661136786174836
Iraq,1990,55.87294231442502
Iraq,1991,-64.42358204750386
Iraq,1992,28.72626166465372
Iraq,1993,24.18049890093272
Iraq,1994,-0.9855889290127208
Iraq,1995,-1.244053124507289
Iraq,1996,7.533083149501479
Iraq,1997,17.54626971258108
Iraq,1998,30.82543760462758
Iraq,1999,13.838701148243588
Iraq,2000,13.030161136292447
Iraq,2001,-1.358475511269944
Iraq,2002,-11.05826961793656
Iraq,2003,-38.53821828719028
Iraq,2004,49.07385258244827
Iraq,2005,-1.293947596345788
Iraq,2006,4.866525150765085
Iraq,2007,2.695663369577545
Iraq,2008,6.063514029872067
Iraq,2009,-0.3598087084960184
Iraq,2010,3.019246512690785
Iraq,2011,3.814419424515663
Iraq,2012,8.88055394419878
Iraq,2013,2.664647321016105
Iraq,2014,-1.2842545257663005
Iraq,2015,-0.1536222315890256
Iraq,2016,11.098415558520315
Iraq,2017,-3.985466872748973
Iraq,2018,0.2677625506208159
Iraq,2019,3.1404394326469287
Iraq,2020,-13.967532268643666
Iraq,2021,-0.7474563094710902
Iraq,2022,5.510978020618083
Iraq,2023,-1.7201523708625217
Iraq,2024,-3.6151190083087954
Ireland,1961,5.172332516434935
Ireland,1962,2.792449230723193
Ireland,1963,4.135109417021866
Ireland,1964,3.282699837400031
Ireland,1965,1.552612205525918
Ireland,1966,0.4914480247255426
Ireland,1967,5.288202199515752
Ireland,1968,7.757572724074734
Ireland,1969,5.246573118899448
Ireland,1970,1.8065436622730005
Ireland,1971,2.266448842063042
Ireland,1972,4.918856473267198
Ireland,1973,3.0552240765850343
Ireland,1974,2.5472056412048687
Ireland,1975,3.9324445378748862
Ireland,1976,-0.1238999841726666
Ireland,1977,6.755713124380122
Ireland,1978,5.676692605989089
Ireland,1979,1.7089130655300693
Ireland,1980,1.8998730756845816
Ireland,1981,2.122299929744571
Ireland,1982,1.3210214294042402
Ireland,1983,-0.9490073409981504
Ireland,1984,3.709680500474221
Ireland,1985,2.9207339431700348
Ireland,1986,-0.4735633305621149
Ireland,1987,4.652240097368548
Ireland,1988,5.668377304404373
Ireland,1989,6.234040214146134
Ireland,1990,8.375006524833807
Ireland,1991,1.3452997328055716
Ireland,1992,2.640607355164562
Ireland,1993,2.1805898845175307
Ireland,1994,5.339772128685837
Ireland,1995,9.073769553470612
Ireland,1996,6.533313181041393
Ireland,1997,9.913986231091188
Ireland,1998,7.637504834556452
Ireland,1999,9.290879508481396
Ireland,2000,7.954806569819794
Ireland,2001,3.642469806768858
Ireland,2002,4.129755276641348
Ireland,2003,1.3493871322583857
Ireland,2004,4.853457513575421
Ireland,2005,3.460940940062613
Ireland,2006,2.19518952781192
Ireland,2007,2.3092311319900034
Ireland,2008,-6.411646131316957
Ireland,2009,-6.05481156494983
Ireland,2010,1.130423861189243
Ireland,2011,1.1667429167059993
Ireland,2012,-0.8261640367516065
Ireland,2013,1.6562485927566826
Ireland,2014,8.589097173839065
Ireland,2015,23.452027072576072
Ireland,2016,-0.0687294094505688
Ireland,2017,8.632595196383292
Ireland,2018,6.136942678805184
Ireland,2019,3.318400851501451
Ireland,2020,5.808019468107489
Ireland,2021,14.64672924570047
Ireland,2022,5.402282694922562
Ireland,2023,-4.3474982542060445
Ireland,2024,0.997438539135004
Isle of Man,1985,0.6169511210083272
Isle of Man,1986,18.564275012237744
Isle of Man,1987,8.385202880559177
Isle of Man,1988,10.013051913000368
Isle of Man,1989,5.095719276241411
Isle of Man,1990,2.484693886357462
Isle of Man,1991,0.3066938852107199
Isle of Man,1992,0.0191402471247954
Isle of Man,1993,1.9925605899214105
Isle of Man,1994,3.421314146651767
Isle of Man,1995,3.7968239666261496
Isle of Man,1996,6.901752243771767
Isle of Man,1997,7.316021227993772
Isle of Man,1998,12.0370958218258
Isle of Man,1999,12.287678562103736
Isle of Man,2000,4.090552532999965
Isle of Man,2001,4.274001342985883
Isle of Man,2002,5.10192250991517
Isle of Man,2003,4.948813897679244
Isle of Man,2004,4.207978503731908
Isle of Man,2005,4.935770758887955
Isle of Man,2006,6.656451261935899
Isle of Man,2007,6.369983098064495
Isle of Man,2008,3.7720852529370177
Isle of Man,2009,0.9797673265485258
Isle of Man,2010,2.2485480343469533
Isle of Man,2011,1.3847259862613583
Isle of Man,2012,7.363691676579805
Isle of Man,2013,4.381976646162485
Isle of Man,2014,5.46721088334894
Isle of Man,2015,-0.0295616197691401
Isle of Man,2016,7.115039082452256
Isle of Man,2017,2.661870314784508
Isle of Man,2018,1.97434466746698
Isle of Man,2019,0.0733713448695283
Isle of Man,2020,-8.952853097019002
Isle of Man,2021,3.78598283934312
Isle of Man,2022,-4.195010004338911
Israel,1961,7.591418236099301
Israel,1962,4.967778509318734
Israel,1963,6.694112308663307
Israel,1964,3.7505319190812543
Israel,1965,5.255528703499323
Israel,1966,-2.5881077681991087
Israel,1967,-1.3574045273751238
Israel,1968,13.83665997495443
Israel,1969,10.644651770347323
Israel,1970,3.8073988972038535
Israel,1971,7.516613002779124
Israel,1972,9.332203078784374
Israel,1973,1.40004162249663
Israel,1974,3.354710428549467
Israel,1975,0.9120116969659476
Israel,1976,-1.892372081567828
Israel,1977,-1.201851037860152
Israel,1978,3.3524469316835024
Israel,1979,3.514749156935707
Israel,1980,-0.7415439665589361
Israel,1981,3.262951395978291
Israel,1982,0.1831731654797295
Israel,1983,1.4958677710320387
Israel,1984,-0.3772919115711914
Israel,1985,2.218198665263074
Israel,1986,2.590574891493077
Israel,1987,5.423121779534725
Israel,1988,1.218789128337974
Israel,1989,-1.1170815847626443
Israel,1990,4.04507939070038
Israel,1991,1.4353801600604186
Israel,1992,4.09927943070052
Israel,1993,1.385695270415212
Israel,1994,4.681958516977659
Israel,1995,3.796066772633907
Israel,1996,3.1060587402147064
Israel,1997,1.05577005544572
Israel,1998,1.758067607511563
Israel,1999,0.7000910572728429
Israel,2000,5.750564115350059
Israel,2001,-2.0581014200139265
Israel,2002,-2.125311064621883
Israel,2003,-0.3661884609744561
Israel,2004,2.8143691483260653
Israel,2005,2.563664942592325
Israel,2006,3.751199391106482
Israel,2007,4.451610757983971
Israel,2008,1.404467421284707
Israel,2009,-1.1533701109132153
Israel,2010,3.623991033341525
Israel,2011,3.586635609324105
Israel,2012,0.5731900774486434
Israel,2013,2.16142471851542
Israel,2014,1.8028030781017603
Israel,2015,0.2319156577378294
Israel,2016,2.4319477135746013
Israel,2017,2.3434145219072064
Israel,2018,2.0193148401339727
Israel,2019,1.749458446869113
Israel,2020,-3.734490844096257
Israel,2021,7.563950483015589
Israel,2022,4.194145643394421
Israel,2023,-1.1872302132928496
Israel,2024,-0.3962126030945541
Italy,1961,7.486418839140299
Italy,1962,5.487477769839089
Italy,1963,4.842052489275488
Italy,1964,1.95553270968054
Italy,1965,2.402046146849941
Italy,1966,5.1641632807451
Italy,1967,6.405677603781527
Italy,1968,5.873594595947921
Italy,1969,5.49917950556609
Italy,1970,4.755009601017562
Italy,1971,1.344280407393697
Italy,1972,3.103489737485248
Italy,1973,6.401805970969335
Italy,1974,4.812013816480047
Italy,1975,-2.673183899107002
Italy,1976,6.592319690288662
Italy,1977,2.125827487102498
Italy,1978,2.8729363777159307
Italy,1979,5.653224090904189
Italy,1980,3.217170075828875
Italy,1981,0.7232324208224128
Italy,1982,0.3392249896396748
Italy,1983,1.1324910953197929
Italy,1984,3.2027830479351564
Italy,1985,2.7683814629812105
Italy,1986,2.8543668917814387
Italy,1987,3.181430295774092
Italy,1988,4.144042067478509
Italy,1989,3.3108619854674544
Italy,1990,1.9004398021661613
Italy,1991,1.4681756454127992
Italy,1992,0.7658075632986225
Italy,1993,-0.9134016900428604
Italy,1994,2.1302155082690604
Italy,1995,2.8852023107310174
Italy,1996,1.3171061973416442
Italy,1997,1.8718096981836112
Italy,1998,1.7750842893434964
Italy,1999,1.6608899209873158
Italy,2000,3.8350471466141594
Italy,2001,1.9439998333888155
Italy,2002,0.0717374312631875
Italy,2003,-0.4727672568463532
Italy,2004,0.7212425476824933
Italy,2005,0.1760203739795685
Italy,2006,1.3930148978998034
Italy,2007,0.8468725483836721
Italy,2008,-1.7836019705945034
Italy,2009,-5.852557759991811
Italy,2010,1.0811087798198002
Italy,2011,0.3474911080021883
Italy,2012,-3.389841896840892
Italy,2013,-2.013970316091686
Italy,2014,-0.0164634913490715
Italy,2015,1.038265117706544
Italy,2016,1.428844531596326
Italy,2017,1.7949972993703227
Italy,2018,0.581227670101029
Italy,2019,1.1346441186792475
Italy,2020,-8.42323993924451
Italy,2021,9.494161084662082
Italy,2022,5.033445486679497
Italy,2023,1.02611231433292
Italy,2024,0.7465002240615917
Jamaica,1967,0.6073980636622309
Jamaica,1968,4.538932878025122
Jamaica,1969,4.358969402371173
Jamaica,1970,10.68797449644589
Jamaica,1971,1.0839488229211582
Jamaica,1972,16.30924460809507
Jamaica,1973,-6.915694372204513
Jamaica,1974,-5.657327687430822
Jamaica,1975,-1.6430841156234235
Jamaica,1976,-7.907424530576307
Jamaica,1977,-3.777249669943515
Jamaica,1978,-1.2072997278766024
Jamaica,1979,-2.2107306738395067
Jamaica,1980,-6.864225577195867
Jamaica,1981,1.3098395100684854
Jamaica,1982,0.6765463008689352
Jamaica,1983,0.4980673675458291
Jamaica,1984,-2.8349339732035475
Jamaica,1985,-4.049252818806778
Jamaica,1986,0.9365678423648234
Jamaica,1987,7.031552169277106
Jamaica,1988,3.266713119538167
Jamaica,1989,6.440987887818579
Jamaica,1990,3.414130686576925
Jamaica,1991,3.9215855311038874
Jamaica,1992,0.9534377091687531
Jamaica,1993,8.290960999650608
Jamaica,1994,0.3469545422087918
Jamaica,1995,1.3293439711984831
Jamaica,1996,-1.075692211778161
Jamaica,1997,-2.04782575477212
Jamaica,1998,-3.1664293789047946
Jamaica,1999,0.265019143424567
Jamaica,2000,0.181209199316882
Jamaica,2001,0.704785923037818
Jamaica,2002,1.372731491445478
Jamaica,2003,3.039978036917645
Jamaica,2004,0.732138408370318
Jamaica,2005,0.3365489303019302
Jamaica,2006,2.369499062478724
Jamaica,2007,0.952340641642138
Jamaica,2008,-1.242422797768043
Jamaica,2009,-4.742320256520358
Jamaica,2010,-1.8720674270889504
Jamaica,2011,1.2908765039358483
Jamaica,2012,-1.0415190329386943
Jamaica,2013,0.1112008025115471
Jamaica,2014,0.327176684512608
Jamaica,2015,0.6051322592995518
Jamaica,2016,2.49050959451111
Jamaica,2017,2.0805471713615447
Jamaica,2018,2.358331864189793
Jamaica,2019,1.6949744706587353
Jamaica,2020,-8.546328714998026
Jamaica,2021,5.44605052451513
Jamaica,2022,6.384492962291915
Jamaica,2023,2.723116126425154
Jamaica,2024,-0.5136338700587402
Japan,1961,11.044073040340365
Japan,1962,7.901714420689771
Japan,1963,7.37985706283402
Japan,1964,10.520792091416851
Japan,1965,4.6864500164935095
Japan,1966,9.632359630586834
Japan,1967,9.938834499126358
Japan,1968,11.617428153246422
Japan,1969,11.148657322063087
Japan,1970,-0.750553099554736
Japan,1971,2.426652356493776
Japan,1972,6.905499722749113
Japan,1973,6.523023596230757
Japan,1974,-2.529839200129388
Japan,1975,1.7878356422278898
Japan,1976,2.8667780976663124
Japan,1977,3.3846807147641016
Japan,1978,4.318280114882114
Japan,1979,4.5947683066595175
Japan,1980,2.0104158573361275
Japan,1981,3.5038862938949364
Japan,1982,2.5658154191394544
Japan,1983,2.911865413611835
Japan,1984,3.7361564791001314
Japan,1985,4.503630614765356
Japan,1986,2.7456152472942392
Japan,1987,4.145630588300264
Japan,1988,6.218728553383386
Japan,1989,4.507170159638235
Japan,1990,4.493661203737801
Japan,1991,3.1174946333559745
Japan,1992,0.5267450362863855
Japan,1993,-0.781376228236013
Japan,1994,0.8015596851465858
Japan,1995,2.3905195580232714
Japan,1996,2.9001412342813357
Japan,1997,0.7409059527571316
Japan,1998,-1.5382440756760474
Japan,1999,-0.515740589995616
Japan,2000,2.5928910864396078
Japan,2001,0.1445116900811882
Japan,2002,-0.1903920136392685
Japan,2003,1.318091962601713
Japan,2004,2.151723329157633
Japan,2005,1.7943398004883733
Japan,2006,1.308127182971802
Japan,2007,1.3674223259777136
Japan,2008,-1.2721099487595635
Japan,2009,-5.68145234041657
Japan,2010,4.079223048563179
Japan,2011,0.2092518028444061
Japan,2012,1.5367866586897063
Japan,2013,2.152371065685969
Japan,2014,0.4293811225196862
Japan,2015,1.668465117176268
Japan,2016,0.8053628245016711
Japan,2017,1.7586118016830454
Japan,2018,0.7711684715052485
Japan,2019,-0.2621708285730619
Japan,2020,-3.886419115788982
Japan,2021,3.1700173875166087
Japan,2022,1.391027548516206
Japan,2023,1.9708016112115276
Japan,2024,0.541366477991744
Jordan,1977,5.035781715072375
Jordan,1978,11.12441388436325
Jordan,1979,16.860783334178535
Jordan,1980,7.188497048607317
Jordan,1981,12.576708749870718
Jordan,1982,2.553826624196589
Jordan,1983,-6.473455293647589
Jordan,1984,-0.3197251773019616
Jordan,1985,-7.0527672470007445
Jordan,1986,0.7521366560397524
Jordan,1987,-2.301534269886872
Jordan,1988,-3.158226865733411
Jordan,1989,-14.902440063368346
Jordan,1990,-7.772774785631057
Jordan,1991,-6.001852915404427
Jordan,1992,8.461654340648295
Jordan,1993,-0.8076742274898407
Jordan,1994,0.0608321468427988
Jordan,1995,1.939292870538381
Jordan,1996,-1.246668080360493
Jordan,1997,0.5699317923633771
Jordan,1998,0.658442073539419
Jordan,1999,1.1918063846075595
Jordan,2000,2.1073467782185134
Jordan,2001,3.126823613910261
Jordan,2002,3.5767647149791912
Jordan,2003,1.8802373845807665
Jordan,2004,5.978885737300772
Jordan,2005,5.500570373958439
Jordan,2006,1.4032017956128016
Jordan,2007,1.8405243652883885
Jordan,2008,4.725600861993868
Jordan,2009,2.7901217293862857
Jordan,2010,0.1374494078889512
Jordan,2011,0.2185998185690891
Jordan,2012,0.9888232917796528
Jordan,2013,-2.5859223861416893
Jordan,2014,-6.022172499892946
Jordan,2015,-5.589801747536114
Jordan,2016,-2.7112621610250898
Jordan,2017,0.1920839880176714
Jordan,2018,-0.3027816775840932
Jordan,2019,-0.2470492899484355
Jordan,2020,-2.862539828560088
Jordan,2021,1.7717305580984115
Jordan,2022,0.915646680170994
Jordan,2023,1.2386342647416626
Jordan,2024,1.480556850000255
Kazakhstan,1991,-11.641521536989956
Kazakhstan,1992,-5.595175571016668
Kazakhstan,1993,-8.894408849029134
Kazakhstan,1994,-11.41689454586799
Kazakhstan,1995,-6.48128800058484
Kazakhstan,1996,2.4254448433041205
Kazakhstan,1997,4.063069629198708
Kazakhstan,1998,0.5792783521263942
Kazakhstan,1999,3.9751954154279474
Kazakhstan,2000,9.479626400334212
Kazakhstan,2001,12.957500086722646
Kazakhstan,2002,9.231057777707292
Kazakhstan,2003,8.670445249005581
Kazakhstan,2004,8.88930817801581
Kazakhstan,2005,8.889635658840973
Kazakhstan,2006,9.767866739577372
Kazakhstan,2007,7.871783713981003
Kazakhstan,2008,2.235269249182579
Kazakhstan,2009,0.0228479849101006
Kazakhstan,2010,5.91730119035698
Kazakhstan,2011,5.957645734734868
Kazakhstan,2012,3.346010334127115
Kazakhstan,2013,4.488196791312831
Kazakhstan,2014,2.6806378826726984
Kazakhstan,2015,-0.2990935326088788
Kazakhstan,2016,-0.4383952011721277
Kazakhstan,2017,2.4907694569136254
Kazakhstan,2018,2.556066908442304
Kazakhstan,2019,2.99405538115775
Kazakhstan,2020,-3.864060945149873
Kazakhstan,2021,2.9186417011774357
Kazakhstan,2022,1.701002979105894
Kazakhstan,2023,3.5723873274194204
Kazakhstan,2024,3.661700134450285
Kenya,1961,-11.15136044190234
Kenya,1962,5.348567185164228
Kenya,1963,4.634675891136951
Kenya,1964,0.9223655777925756
Kenya,1965,-1.9731708321516948
Kenya,1966,10.245378373703318
Kenya,1967,-0.6587111094346909
Kenya,1968,3.796701712102674
Kenya,1969,3.8058166435814655
Kenya,1970,-8.254067592142405
Kenya,1971,17.820065627683974
Kenya,1972,13.081004000777654
Kenya,1973,2.3028802386503457
Kenya,1974,0.6001574265249872
Kenya,1975,-2.414863097742
Kenya,1976,-1.1098981744052736
Kenya,1977,5.879410243201022
Kenya,1978,3.2950316756188016
Kenya,1979,3.9502014523985034
Kenya,1980,1.915064139466452
Kenya,1981,0.1289981058182832
Kenya,1982,-2.060713125461433
Kenya,1983,-2.325186755976602
Kenya,1984,-1.9189371729291336
Kenya,1985,0.5696505562508207
Kenya,1986,3.408459451976782
Kenya,1987,2.2658611319335904
Kenya,1988,2.522596963611548
Kenya,1989,1.0826542002969006
Kenya,1990,0.668332502815062
Kenya,1991,-1.7955597548241116
Kenya,1992,-3.793704371336133
Kenya,1993,-2.5823345363314303
Kenya,1994,-0.3042122734425163
Kenya,1995,1.4837374235438006
Kenya,1996,1.3190062666126607
Kenya,1997,-2.233663079840482
Kenya,1998,0.4788111121439868
Kenya,1999,-0.6032575496901131
Kenya,2000,-2.386106932779626
Kenya,2001,0.5755767474943951
Kenya,2002,-2.5673628097737264
Kenya,2003,-0.1947980072169173
Kenya,2004,1.8911351327838304
Kenya,2005,2.702441031951168
Kenya,2006,3.277154575069005
Kenya,2007,3.6697866621601776
Kenya,2008,-2.7588645638462026
Kenya,2009,0.2325983945998615
Kenya,2010,4.96811299885232
Kenya,2011,2.269522189647617
Kenya,2012,1.876707539044034
Kenya,2013,1.2633112906722062
Kenya,2014,2.5921835334223857
Kenya,2015,2.655893527954049
Kenya,2016,1.9379479558083543
Kenya,2017,1.6047518336192184
Kenya,2018,3.524047814917168
Kenya,2019,3.0700476944844866
Kenya,2020,-2.210321711852899
Kenya,2021,5.565136515904797
Kenya,2022,2.862812764897143
Kenya,2023,3.644255485774366
Kenya,2024,2.694672425859295
Kiribati,1971,-4.192548453720875
Kiribati,1972,9.968062266716046
Kiribati,1973,18.83057640633505
Kiribati,1974,44.36522432046593
Kiribati,1975,5.745159359041679
Kiribati,1976,-26.3746754393182
Kiribati,1977,-3.989027592293368
Kiribati,1978,1.7399191959030134
Kiribati,1979,-12.03756049910318
Kiribati,1980,-2.6582650961957768
Kiribati,1981,4.460004431047665
Kiribati,1982,-2.677183904039154
Kiribati,1983,-11.233158919736468
Kiribati,1984,12.068979922903694
Kiribati,1985,-14.894530803348218
Kiribati,1986,-4.705634202637384
Kiribati,1987,-1.138884325511441
Kiribati,1988,19.150922356405403
Kiribati,1989,-9.472394311106484
Kiribati,1990,-8.521382013917744
Kiribati,1991,-7.516757746815159
Kiribati,1992,21.925203969688155
Kiribati,1993,-1.6244625370234471
Kiribati,1994,0.5404840306157297
Kiribati,1995,1.217894725637052
Kiribati,1996,-1.7323017500725657
Kiribati,1997,-0.6553024142928194
Kiribati,1998,2.6011187599827394
Kiribati,1999,-5.53429931669956
Kiribati,2000,4.951434417331768
Kiribati,2001,-4.990432488120916
Kiribati,2002,-0.6738409165920984
Kiribati,2003,-3.5726984586068795
Kiribati,2004,-2.584685678948972
Kiribati,2005,-0.7223627800044881
Kiribati,2006,3.680792000828916
Kiribati,2007,0.9842449927845536
Kiribati,2008,-4.989786664880512
Kiribati,2009,-1.5831525814699745
Kiribati,2010,-0.8571586101766968
Kiribati,2011,1.4503800468183383
Kiribati,2012,4.261137294411839
Kiribati,2013,6.260289474160729
Kiribati,2014,-0.0428972459236831
Kiribati,2015,9.847070926325358
Kiribati,2016,5.584903338872252
Kiribati,2017,2.199039089155264
Kiribati,2018,1.946114983742035
Kiribati,2019,1.7334740109405686
Kiribati,2020,-3.169913249970662
Kiribati,2021,6.554807059235017
Kiribati,2022,2.889661329852018
Kiribati,2023,1.0556493385435175
Kiribati,2024,3.7111904943169662
"Korea, Rep.",1961,3.794405703337844
"Korea, Rep.",1962,0.9923810092995922
"Korea, Rep.",1963,6.015961625336246
"Korea, Rep.",1964,6.601874600758535
"Korea, Rep.",1965,4.619948876379638
"Korea, Rep.",1966,9.226789830883348
"Korea, Rep.",1967,6.632250683062793
"Korea, Rep.",1968,10.62596316813216
"Korea, Rep.",1969,12.026129974845093
"Korea, Rep.",1970,7.786889730044905
"Korea, Rep.",1971,8.491463190871286
"Korea, Rep.",1972,5.341955659864013
"Korea, Rep.",1973,12.95947196158616
"Korea, Rep.",1974,7.78693652931419
"Korea, Rep.",1975,6.13128616568828
"Korea, Rep.",1976,11.469240484049024
"Korea, Rep.",1977,10.63887438731517
"Korea, Rep.",1978,9.39484451977266
"Korea, Rep.",1979,7.099959075591073
"Korea, Rep.",1980,-3.04707446533358
"Korea, Rep.",1981,5.741107223423157
"Korea, Rep.",1982,6.80481381279148
"Korea, Rep.",1983,11.80632636319308
"Korea, Rep.",1984,9.279718860360989
"Korea, Rep.",1985,6.881281732324851
"Korea, Rep.",1986,10.39933647039986
"Korea, Rep.",1987,11.785530537810487
"Korea, Rep.",1988,11.040557174232518
"Korea, Rep.",1989,6.110280172334257
"Korea, Rep.",1990,8.946332155230266
"Korea, Rep.",1991,9.782962183204717
"Korea, Rep.",1992,5.252149734206441
"Korea, Rep.",1993,5.913344347015496
"Korea, Rep.",1994,8.276900747254672
"Korea, Rep.",1995,8.637266716251332
"Korea, Rep.",1996,6.966405326309896
"Korea, Rep.",1997,5.2902280201992085
"Korea, Rep.",1998,-5.622671542320347
"Korea, Rep.",1999,10.826706430893624
"Korea, Rep.",2000,8.292540414469514
"Korea, Rep.",2001,3.925509006369168
"Korea, Rep.",2002,7.123080720369785
"Korea, Rep.",2003,2.541850396496088
"Korea, Rep.",2004,4.767586055267103
"Korea, Rep.",2005,4.137233867376835
"Korea, Rep.",2006,4.693707774413696
"Korea, Rep.",2007,5.308562368095664
"Korea, Rep.",2008,2.2252368090998687
"Korea, Rep.",2009,0.3022923042849186
"Korea, Rep.",2010,6.449977506842288
"Korea, Rep.",2011,2.8937581616018946
"Korea, Rep.",2012,2.0099730192904843
"Korea, Rep.",2013,2.822262885542088
"Korea, Rep.",2014,2.568369351669304
"Korea, Rep.",2015,2.379034059518986
"Korea, Rep.",2016,2.762900759394114
"Korea, Rep.",2017,3.1429854591730617
"Korea, Rep.",2018,2.7297957283084457
"Korea, Rep.",2019,1.958496367208568
"Korea, Rep.",2020,-0.8370518340351367
"Korea, Rep.",2021,4.747751556973
"Korea, Rep.",2022,2.9203456137622936
"Korea, Rep.",2023,1.5043414252941432
"Korea, Rep.",2024,1.9278322720159904
Kosovo,2009,5.396367016739333
Kosovo,2010,5.288314826753165
Kosovo,2011,6.12959202990389
Kosovo,2012,0.8579743949037208
Kosovo,2013,4.703870840537377
Kosovo,2014,3.652730272738026
Kosovo,2015,7.368151119943917
Kosovo,2016,6.207616502414865
Kosovo,2017,4.0383887986432825
Kosovo,2018,3.0575293127826058
Kosovo,2019,5.236696763122978
Kosovo,2020,-5.406901842684192
Kosovo,2021,10.998140049109663
Kosovo,2022,5.339097617379167
Kosovo,2023,9.351075229094263
Kosovo,2024,10.36564943000731
Kuwait,1971,0.1189963334306867
Kuwait,1972,-2.3394657491254662
Kuwait,1973,-12.046165016550075
Kuwait,1974,-18.07703365252937
Kuwait,1975,-17.55582653467009
Kuwait,1976,-0.0728517532238584
Kuwait,1977,-9.90946431104578
Kuwait,1978,0.7631581147605573
Kuwait,1979,7.242553140373829
Kuwait,1980,-23.76308833602816
Kuwait,1981,-22.95149558110072
Kuwait,1982,-15.945596265304246
Kuwait,1983,2.875689964380939
Kuwait,1984,0.8258448535194844
Kuwait,1985,-7.982026824658291
Kuwait,1986,4.259283041197449
Kuwait,1987,3.9069996517642656
Kuwait,1988,-13.495651816326928
Kuwait,1989,21.194246499856348
Kuwait,1990,-2.906442674426785
Kuwait,1991,-26.453108863935757
Kuwait,1992,51.10350915816895
Kuwait,1993,31.010410438807924
Kuwait,1994,8.943698403764273
Kuwait,1995,3.788701298482721
Kuwait,1996,-2.228452379495664
Kuwait,1997,-0.8190707555958454
Kuwait,1998,0.4796898676213175
Kuwait,1999,-4.669543694749606
Kuwait,2000,1.7659643414754242
Kuwait,2001,-2.452141525696661
Kuwait,2002,0.4212408978568476
Kuwait,2003,14.550797691219898
Kuwait,2004,7.816137758075612
Kuwait,2005,6.6793567047624265
Kuwait,2006,1.697635238169099
Kuwait,2007,-0.0585846444072188
Kuwait,2008,-3.06795857769427
Kuwait,2009,-11.864816474583108
Kuwait,2010,-7.275882603000113
Kuwait,2011,2.99936488052495
Kuwait,2012,0.0983286715542846
Kuwait,2013,-3.7737163459855054
Kuwait,2014,-3.831572448788663
Kuwait,2015,-3.8327010217198136
Kuwait,2016,-1.431520535990245
Kuwait,2017,-8.168791291643032
Kuwait,2018,-1.2657011077952376
Kuwait,2019,-0.471027490632153
Kuwait,2020,-3.907749154731974
Kuwait,2021,2.59077518987651
Kuwait,2022,1.4371128405418432
Kuwait,2023,-7.011464133797389
Kuwait,2024,-3.4324466396931257
Kyrgyz Republic,1987,1.3534047638735842
Kyrgyz Republic,1988,11.219619896015304
Kyrgyz Republic,1989,0.6635601532425426
Kyrgyz Republic,1990,3.6871615410120455
Kyrgyz Republic,1991,-9.437030564160224
Kyrgyz Republic,1992,-14.825628578551743
Kyrgyz Republic,1993,-15.485101581013154
Kyrgyz Republic,1994,-20.05492795055997
Kyrgyz Republic,1995,-6.365030811124811
Kyrgyz Republic,1996,5.5116104584212735
Kyrgyz Republic,1997,8.324176625056381
Kyrgyz Republic,1998,0.5673355587640003
Kyrgyz Republic,1999,2.126635752882549
Kyrgyz Republic,2000,4.196106043451621
Kyrgyz Republic,2001,4.326756774361101
Kyrgyz Republic,2002,-0.9314861142155592
Kyrgyz Republic,2003,5.913918479893795
Kyrgyz Republic,2004,5.739378358270315
Kyrgyz Republic,2005,-1.295588258085928
Kyrgyz Republic,2006,2.001744444369507
Kyrgyz Republic,2007,7.5124933103100915
Kyrgyz Republic,2008,7.37554930252675
Kyrgyz Republic,2009,1.5325725025946897
Kyrgyz Republic,2010,-1.8809337172750131
Kyrgyz Republic,2011,4.43705345314649
Kyrgyz Republic,2012,-1.9528811630455325
Kyrgyz Republic,2013,8.514174449846323
Kyrgyz Republic,2014,1.7571862289909888
Kyrgyz Republic,2015,1.5680760766056778
Kyrgyz Republic,2016,2.0498514994800416
Kyrgyz Republic,2017,2.5583783419425714
Kyrgyz Republic,2018,1.5458682024800368
Kyrgyz Republic,2019,2.281200887744632
Kyrgyz Republic,2020,-9.031577140732267
Kyrgyz Republic,2021,3.5877699333519217
Kyrgyz Republic,2022,7.030428696041227
Kyrgyz Republic,2023,7.1011937661346565
Kyrgyz Republic,2024,7.196324060565857
Lao PDR,1985,2.2004186796871608
Lao PDR,1986,1.975016377792869
Lao PDR,1987,-4.187959038510542
Lao PDR,1988,-4.776921630663907
Lao PDR,1989,10.965350996285949
Lao PDR,1990,3.7107564838131
Lao PDR,1991,1.40025340364474
Lao PDR,1992,2.676923880729902
Lao PDR,1993,3.077391718074992
Lao PDR,1994,5.366668891607446
Lao PDR,1995,4.421615029505816
Lao PDR,1996,4.46434380896963
Lao PDR,1997,4.6663448003354375
Lao PDR,1998,2.060806470852341
Lao PDR,1999,5.447515780201201
Lao PDR,2000,4.037265324972466
Lao PDR,2001,4.022496614115156
Lao PDR,2002,4.230976002589685
Lao PDR,2003,4.446458589432041
Lao PDR,2004,4.818315673178759
Lao PDR,2005,5.503616234889577
Lao PDR,2006,6.912946279330612
Lao PDR,2007,5.943924494262205
Lao PDR,2008,6.19878841672832
Lao PDR,2009,5.905638513143714
Lao PDR,2010,6.941165933253359
Lao PDR,2011,6.485365578828393
Lao PDR,2012,6.495135271034584
Lao PDR,2013,6.516421990421662
Lao PDR,2014,6.138425346447491
Lao PDR,2015,5.717029013113745
Lao PDR,2016,5.36288912313843
Lao PDR,2017,5.2271106715724045
Lao PDR,2018,4.609861719892081
Lao PDR,2019,3.860912781094655
Lao PDR,2020,-0.9867156011071644
Lao PDR,2021,1.0610905999219398
Lao PDR,2022,1.2697005231296004
Lao PDR,2023,2.3111608757282056
Lao PDR,2024,2.725327025989003
Late-demographic dividend,1961,-3.892974601627514
Late-demographic dividend,1962,1.6523268815792136
Late-demographic dividend,1963,1.7803254747076949
Late-demographic dividend,1964,4.852922046131596
Late-demographic dividend,1965,4.328344119203223
Late-demographic dividend,1966,5.157067446374413
Late-demographic dividend,1967,-0.5162381180622901
Late-demographic dividend,1968,2.810570103718348
Late-demographic dividend,1969,7.423881979534116
Late-demographic dividend,1970,8.271828529557368
Late-demographic dividend,1971,6.000280347244001
Late-demographic dividend,1972,5.569531443928625
Late-demographic dividend,1973,7.583821338734211
Late-demographic dividend,1974,2.9672126430051837
Late-demographic dividend,1975,2.5555669764309528
Late-demographic dividend,1976,4.900309113503681
Late-demographic dividend,1977,4.750349766914638
Late-demographic dividend,1978,5.097049031741946
Late-demographic dividend,1979,6.212070579189287
Late-demographic dividend,1980,5.798389203111327
Late-demographic dividend,1981,-1.2650185472798512
Late-demographic dividend,1982,0.4063466822109518
Late-demographic dividend,1983,0.2499030589522703
Late-demographic dividend,1984,6.311783396571457
Late-demographic dividend,1985,5.709712717056775
Late-demographic dividend,1986,4.2139031669218525
Late-demographic dividend,1987,4.802165856997135
Late-demographic dividend,1988,3.5283061900972967
Late-demographic dividend,1989,3.190332353122244
Late-demographic dividend,1990,-1.1011621406012182
Late-demographic dividend,1991,-0.7573655485313822
Late-demographic dividend,1992,-0.3773039955926407
Late-demographic dividend,1993,3.187641792310501
Late-demographic dividend,1994,3.3495280175211803
Late-demographic dividend,1995,4.605795557865775
Late-demographic dividend,1996,4.073974930774085
Late-demographic dividend,1997,4.625453702173616
Late-demographic dividend,1998,1.919676935236552
Late-demographic dividend,1999,3.7623947412741785
Late-demographic dividend,2000,6.194713367784118
Late-demographic dividend,2001,4.427376195500557
Late-demographic dividend,2002,5.335726186426498
Late-demographic dividend,2003,6.187218176856419
Late-demographic dividend,2004,7.516251177551808
Late-demographic dividend,2005,7.123424095917841
Late-demographic dividend,2006,8.596535062926463
Late-demographic dividend,2007,9.493311387228104
Late-demographic dividend,2008,6.262556515193523
Late-demographic dividend,2009,3.101783886861085
Late-demographic dividend,2010,7.42858360517738
Late-demographic dividend,2011,6.503366411783972
Late-demographic dividend,2012,5.11202274988041
Late-demographic dividend,2013,4.895094475790685
Late-demographic dividend,2014,4.5338271297675306
Late-demographic dividend,2015,4.011520746111614
Late-demographic dividend,2016,3.774088489815668
Late-demographic dividend,2017,4.570168042056409
Late-demographic dividend,2018,4.865245916028854
Late-demographic dividend,2019,4.271427101682775
Late-demographic dividend,2020,-0.0787494561824644
Late-demographic dividend,2021,7.408311537597598
Late-demographic dividend,2022,3.123794758617976
Late-demographic dividend,2023,4.315952354548514
Late-demographic dividend,2024,4.382928714182441
Latin America & Caribbean,1961,3.132973866901523
Latin America & Caribbean,1962,1.648400846122854
Latin America & Caribbean,1963,-0.6275226244925705
Latin America & Caribbean,1964,4.5622432069373815
Latin America & Caribbean,1965,2.7789660595185097
Latin America & Caribbean,1966,2.0386209301621534
Latin America & Caribbean,1967,1.5902076172435358
Latin America & Caribbean,1968,4.417925412664076
Latin America & Caribbean,1969,3.924196816940011
Latin America & Caribbean,1970,3.983197455270826
Latin America & Caribbean,1971,4.075943382665059
Latin America & Caribbean,1972,4.381718727234542
Latin America & Caribbean,1973,5.394063865870621
Latin America & Caribbean,1974,3.582204689330595
Latin America & Caribbean,1975,1.2016679475922416
Latin America & Caribbean,1976,3.107061744834013
Latin America & Caribbean,1977,2.551761088945653
Latin America & Caribbean,1978,2.0986848785792915
Latin America & Caribbean,1979,4.764076358437606
Latin America & Caribbean,1980,3.930217102622379
Latin America & Caribbean,1981,-1.0248683451161185
Latin America & Caribbean,1982,-2.201489472371435
Latin America & Caribbean,1983,-4.5789542541689485
Latin America & Caribbean,1984,1.7520082854070296
Latin America & Caribbean,1985,0.9370826534412088
Latin America & Caribbean,1986,1.480909348213828
Latin America & Caribbean,1987,1.3169790737907334
Latin America & Caribbean,1988,-1.1494305800198674
Latin America & Caribbean,1989,-0.7041154202633351
Latin America & Caribbean,1990,-2.0438666194118724
Latin America & Caribbean,1991,1.304406773603091
Latin America & Caribbean,1992,0.8544349522412205
Latin America & Caribbean,1993,2.4571179993617847
Latin America & Caribbean,1994,3.262354541965621
Latin America & Caribbean,1995,-0.7258888730725488
Latin America & Caribbean,1996,2.214283667136712
Latin America & Caribbean,1997,3.796122432453956
Latin America & Caribbean,1998,1.32504796257453
Latin America & Caribbean,1999,-0.9902736087347536
Latin America & Caribbean,2000,2.1253809366097016
Latin America & Caribbean,2001,-0.8595758095424344
Latin America & Caribbean,2002,-1.1200313042254637
Latin America & Caribbean,2003,0.8986424703434182
Latin America & Caribbean,2004,4.409055697749949
Latin America & Caribbean,2005,2.8461704403255084
Latin America & Caribbean,2006,4.019223296931116
Latin America & Caribbean,2007,4.065279704213424
Latin America & Caribbean,2008,2.5069787805643102
Latin America & Caribbean,2009,-3.3948381909021776
Latin America & Caribbean,2010,5.013120999519202
Latin America & Caribbean,2011,3.2834480687852903
Latin America & Caribbean,2012,1.5612831761564507
Latin America & Caribbean,2013,1.655419687944601
Latin America & Caribbean,2014,0.1773445083731388
Latin America & Caribbean,2015,-0.7366755006283512
Latin America & Caribbean,2016,-1.662428806607636
Latin America & Caribbean,2017,0.6387544465360548
Latin America & Caribbean,2018,0.3640912414744974
Latin America & Caribbean,2019,-0.4992740957041377
Latin America & Caribbean,2020,-7.51510968982349
Latin America & Caribbean,2021,6.447636282309773
Latin America & Caribbean,2022,3.467814382289717
Latin America & Caribbean,2023,1.5485537345995937
Latin America & Caribbean,2024,1.5479797758326015
Latin America & Caribbean (excluding high income),1961,3.297540602295456
Latin America & Caribbean (excluding high income),1962,1.455675066487828
Latin America & Caribbean (excluding high income),1963,-1.083433550502278
Latin America & Caribbean (excluding high income),1964,4.709240917102633
Latin America & Caribbean (excluding high income),1965,2.9815980260543284
Latin America & Caribbean (excluding high income),1966,1.8310328124863984
Latin America & Caribbean (excluding high income),1967,1.7009088917202035
Latin America & Caribbean (excluding high income),1968,4.675652460198705
Latin America & Caribbean (excluding high income),1969,4.229287955657824
Latin America & Caribbean (excluding high income),1970,4.166513921621771
Latin America & Caribbean (excluding high income),1971,4.3674496705654775
Latin America & Caribbean (excluding high income),1972,5.118226160472261
Latin America & Caribbean (excluding high income),1973,6.086215605802508
Latin America & Caribbean (excluding high income),1974,4.146915819693305
Latin America & Caribbean (excluding high income),1975,1.822117429333474
Latin America & Caribbean (excluding high income),1976,3.057303824990385
Latin America & Caribbean (excluding high income),1977,2.308887961879577
Latin America & Caribbean (excluding high income),1978,1.9072212221163056
Latin America & Caribbean (excluding high income),1979,4.964163740604377
Latin America & Caribbean (excluding high income),1980,4.329318733220575
Latin America & Caribbean (excluding high income),1981,-1.115711493063117
Latin America & Caribbean (excluding high income),1982,-1.8275360616842704
Latin America & Caribbean (excluding high income),1983,-4.2052297048212495
Latin America & Caribbean (excluding high income),1984,1.684780855450768
Latin America & Caribbean (excluding high income),1985,1.0249971291349738
Latin America & Caribbean (excluding high income),1986,1.266920759452546
Latin America & Caribbean (excluding high income),1987,1.1086962405201175
Latin America & Caribbean (excluding high income),1988,-1.6070421662007277
Latin America & Caribbean (excluding high income),1989,-0.5616732014456716
Latin America & Caribbean (excluding high income),1990,-2.3521338157093368
Latin America & Caribbean (excluding high income),1991,0.984486951504394
Latin America & Caribbean (excluding high income),1992,0.2613922532634092
Latin America & Caribbean (excluding high income),1993,2.526462745323784
Latin America & Caribbean (excluding high income),1994,3.5491844385184663
Latin America & Caribbean (excluding high income),1995,-1.2582569176849887
Latin America & Caribbean (excluding high income),1996,2.264521533174957
Latin America & Caribbean (excluding high income),1997,3.6634738790820194
Latin America & Caribbean (excluding high income),1998,1.1659620083567432
Latin America & Caribbean (excluding high income),1999,-0.996344380394902
Latin America & Caribbean (excluding high income),2000,2.119618875928637
Latin America & Caribbean (excluding high income),2001,-1.2456225687172378
Latin America & Caribbean (excluding high income),2002,-1.0001654552354182
Latin America & Caribbean (excluding high income),2003,1.0747412596086718
Latin America & Caribbean (excluding high income),2004,3.9768456625471487
Latin America & Caribbean (excluding high income),2005,2.73039588893576
Latin America & Caribbean (excluding high income),2006,3.98690249944724
Latin America & Caribbean (excluding high income),2007,4.077854135627717
Latin America & Caribbean (excluding high income),2008,2.5391861393143387
Latin America & Caribbean (excluding high income),2009,-3.51755244304664
Latin America & Caribbean (excluding high income),2010,5.526312047012368
Latin America & Caribbean (excluding high income),2011,3.305326518207451
Latin America & Caribbean (excluding high income),2012,1.255270068634772
Latin America & Caribbean (excluding high income),2013,1.700407720922129
Latin America & Caribbean (excluding high income),2014,0.2409964188068158
Latin America & Caribbean (excluding high income),2015,-0.7319925229595299
Latin America & Caribbean (excluding high income),2016,-1.4951348804037536
Latin America & Caribbean (excluding high income),2017,0.980338668982327
Latin America & Caribbean (excluding high income),2018,0.5149660145014252
Latin America & Caribbean (excluding high income),2019,-0.3851934803895744
Latin America & Caribbean (excluding high income),2020,-7.322624594139526
Latin America & Caribbean (excluding high income),2021,6.2059098155878445
Latin America & Caribbean (excluding high income),2022,3.278874437935869
Latin America & Caribbean (excluding high income),2023,1.4317697687600912
Latin America & Caribbean (excluding high income),2024,1.2405560571032055
Latin America & the Caribbean (IDA & IBRD countries),1961,3.059668858016849
Latin America & the Caribbean (IDA & IBRD countries),1962,1.515242324869746
Latin America & the Caribbean (IDA & IBRD countries),1963,-0.826889129479838
Latin America & the Caribbean (IDA & IBRD countries),1964,4.529534571549192
Latin America & the Caribbean (IDA & IBRD countries),1965,2.641467622526548
Latin America & the Caribbean (IDA & IBRD countries),1966,1.9182603151342192
Latin America & the Caribbean (IDA & IBRD countries),1967,1.4784888880006832
Latin America & the Caribbean (IDA & IBRD countries),1968,4.418788624246844
Latin America & the Caribbean (IDA & IBRD countries),1969,3.804963936674156
Latin America & the Caribbean (IDA & IBRD countries),1970,3.957505108803062
Latin America & the Caribbean (IDA & IBRD countries),1971,4.035930929633395
Latin America & the Caribbean (IDA & IBRD countries),1972,4.424130006261564
Latin America & the Caribbean (IDA & IBRD countries),1973,5.488691266870688
Latin America & the Caribbean (IDA & IBRD countries),1974,3.794359876781158
Latin America & the Caribbean (IDA & IBRD countries),1975,1.2095204684867724
Latin America & the Caribbean (IDA & IBRD countries),1976,3.0417042620853465
Latin America & the Caribbean (IDA & IBRD countries),1977,2.39189244898283
Latin America & the Caribbean (IDA & IBRD countries),1978,1.916425948602196
Latin America & the Caribbean (IDA & IBRD countries),1979,4.75118094581606
Latin America & the Caribbean (IDA & IBRD countries),1980,4.118946857739189
Latin America & the Caribbean (IDA & IBRD countries),1981,-1.356512731400457
Latin America & the Caribbean (IDA & IBRD countries),1982,-2.4092780100257016
Latin America & the Caribbean (IDA & IBRD countries),1983,-4.813746607999931
Latin America & the Caribbean (IDA & IBRD countries),1984,1.5348558217823864
Latin America & the Caribbean (IDA & IBRD countries),1985,0.920841036075032
Latin America & the Caribbean (IDA & IBRD countries),1986,1.4916957241509294
Latin America & the Caribbean (IDA & IBRD countries),1987,1.3444872294557513
Latin America & the Caribbean (IDA & IBRD countries),1988,-1.3906887148749971
Latin America & the Caribbean (IDA & IBRD countries),1989,-0.8337341554396289
Latin America & the Caribbean (IDA & IBRD countries),1990,-1.9375366989232528
Latin America & the Caribbean (IDA & IBRD countries),1991,1.6134431605196369
Latin America & the Caribbean (IDA & IBRD countries),1992,1.0493065394351078
Latin America & the Caribbean (IDA & IBRD countries),1993,2.7239849199225006
Latin America & the Caribbean (IDA & IBRD countries),1994,3.306539247719641
Latin America & the Caribbean (IDA & IBRD countries),1995,-0.889554068610451
Latin America & the Caribbean (IDA & IBRD countries),1996,2.174511363715183
Latin America & the Caribbean (IDA & IBRD countries),1997,3.822683870083665
Latin America & the Caribbean (IDA & IBRD countries),1998,1.247402978025633
Latin America & the Caribbean (IDA & IBRD countries),1999,-1.252587436647275
Latin America & the Caribbean (IDA & IBRD countries),2000,2.0647025728084145
Latin America & the Caribbean (IDA & IBRD countries),2001,-1.1074722371801613
Latin America & the Caribbean (IDA & IBRD countries),2002,-1.1975386981810487
Latin America & the Caribbean (IDA & IBRD countries),2003,0.9311149017375868
Latin America & the Caribbean (IDA & IBRD countries),2004,4.306395339247487
Latin America & the Caribbean (IDA & IBRD countries),2005,2.915808807399386
Latin America & the Caribbean (IDA & IBRD countries),2006,4.096995155867347
Latin America & the Caribbean (IDA & IBRD countries),2007,4.196737539057381
Latin America & the Caribbean (IDA & IBRD countries),2008,2.6357672471081486
Latin America & the Caribbean (IDA & IBRD countries),2009,-3.4728960526579726
Latin America & the Caribbean (IDA & IBRD countries),2010,5.248401898963067
Latin America & the Caribbean (IDA & IBRD countries),2011,3.416557214135324
Latin America & the Caribbean (IDA & IBRD countries),2012,1.5997235368135847
Latin America & the Caribbean (IDA & IBRD countries),2013,1.710584452594304
Latin America & the Caribbean (IDA & IBRD countries),2014,0.1936809818084981
Latin America & the Caribbean (IDA & IBRD countries),2015,-0.8202764854592175
Latin America & the Caribbean (IDA & IBRD countries),2016,-1.7134275821557168
Latin America & the Caribbean (IDA & IBRD countries),2017,0.6690636314452121
Latin America & the Caribbean (IDA & IBRD countries),2018,0.4046142905928604
Latin America & the Caribbean (IDA & IBRD countries),2019,-0.5429889922082367
Latin America & the Caribbean (IDA & IBRD countries),2020,-7.461110542795566
Latin America & the Caribbean (IDA & IBRD countries),2021,6.618485632151575
Latin America & the Caribbean (IDA & IBRD countries),2022,3.468930987865804
Latin America & the Caribbean (IDA & IBRD countries),2023,1.5996585388817266
Latin America & the Caribbean (IDA & IBRD countries),2024,1.5500625405264543
Latvia,1991,-12.18071717464315
Latvia,1992,-31.177518981556474
Latvia,1993,-3.0907129342622284
Latvia,1994,3.9147913524222986
Latvia,1995,0.4776963533306997
Latvia,1996,3.4587562610579567
Latvia,1997,10.2650977955077
Latvia,1998,7.559434382519598
Latvia,1999,3.658721771576154
Latvia,2000,6.866198613332671
Latvia,2001,7.844419565834698
Latvia,2002,8.923681511515184
Latvia,2003,9.482072190231053
Latvia,2004,9.918172996100624
Latvia,2005,12.827940952417308
Latvia,2006,13.86469226126951
Latvia,2007,11.319401304458523
Latvia,2008,-2.368036506136022
Latvia,2009,-14.64231279714015
Latvia,2010,-1.635143791255956
Latvia,2011,4.929579990641315
Latvia,2012,8.64449958601972
Latvia,2013,3.1954517038993373
Latvia,2014,3.060973816764488
Latvia,2015,4.6364521267937135
Latvia,2016,3.493186400440024
Latvia,2017,4.319358696813595
Latvia,2018,5.125604220806878
Latvia,2019,1.3777461259632418
Latvia,2020,-2.789963807207357
Latvia,2021,7.848195792721796
Latvia,2022,2.185458523501964
Latvia,2023,-1.1691494117692829
Latvia,2024,0.89583858235207
Least developed countries: UN classification,1962,4.957338379990887
Least developed countries: UN classification,1963,-0.4430835663060861
Least developed countries: UN classification,1964,1.0475857443303909
Least developed countries: UN classification,1965,1.1117838527755737
Least developed countries: UN classification,1966,0.7386318963576315
Least developed countries: UN classification,1967,-1.5259009119276925
Least developed countries: UN classification,1968,2.418220376722502
Least developed countries: UN classification,1969,0.6756251444803922
Least developed countries: UN classification,1970,-3.077329565701476
Least developed countries: UN classification,1971,-0.5999889284210411
Least developed countries: UN classification,1972,-3.7272800320858153
Least developed countries: UN classification,1973,-0.3897085763375401
Least developed countries: UN classification,1974,2.8786146022371923
Least developed countries: UN classification,1975,-1.949483869983581
Least developed countries: UN classification,1976,1.405663064555668
Least developed countries: UN classification,1977,-0.4261147120945594
Least developed countries: UN classification,1978,-0.942457798033189
Least developed countries: UN classification,1979,-0.7741493903421457
Least developed countries: UN classification,1980,-0.368326071997032
Least developed countries: UN classification,1981,0.1184307223470995
Least developed countries: UN classification,1982,-1.5173534691652009
Least developed countries: UN classification,1983,-1.060752005458923
Least developed countries: UN classification,1984,-0.3447391303953111
Least developed countries: UN classification,1985,-0.9592961895542658
Least developed countries: UN classification,1986,0.6757731718263642
Least developed countries: UN classification,1987,1.5478987271207956
Least developed countries: UN classification,1988,0.3227572835149033
Least developed countries: UN classification,1989,-0.7834846350281026
Least developed countries: UN classification,1990,-2.557284776537699
Least developed countries: UN classification,1991,-0.6368502626391006
Least developed countries: UN classification,1992,-2.362963746064082
Least developed countries: UN classification,1993,-3.301918726141153
Least developed countries: UN classification,1994,-2.0274072076296505
Least developed countries: UN classification,1995,3.027787318201618
Least developed countries: UN classification,1996,2.894525988975886
Least developed countries: UN classification,1997,2.6688111705612982
Least developed countries: UN classification,1998,1.4201524148132876
Least developed countries: UN classification,1999,1.4536792307610256
Least developed countries: UN classification,2000,1.793286299849143
Least developed countries: UN classification,2001,2.429268044976652
Least developed countries: UN classification,2002,2.829977905501522
Least developed countries: UN classification,2003,2.567038603406303
Least developed countries: UN classification,2004,4.019541779844516
Least developed countries: UN classification,2005,4.860348781354617
Least developed countries: UN classification,2006,4.3240196713740175
Least developed countries: UN classification,2007,4.796352207296309
Least developed countries: UN classification,2008,4.0086915580924085
Least developed countries: UN classification,2009,1.804923994170892
Least developed countries: UN classification,2010,3.894217676189143
Least developed countries: UN classification,2011,0.9331802901772192
Least developed countries: UN classification,2012,0.8879660326391701
Least developed countries: UN classification,2013,3.3055648561667117
Least developed countries: UN classification,2014,2.882995578375102
Least developed countries: UN classification,2015,0.3781368222586962
Least developed countries: UN classification,2016,1.247329835707859
Least developed countries: UN classification,2017,2.056745504365452
Least developed countries: UN classification,2018,2.21625783206278
Least developed countries: UN classification,2019,2.443839338765656
Least developed countries: UN classification,2020,-2.446675309870656
Least developed countries: UN classification,2021,0.4994701013751381
Least developed countries: UN classification,2022,2.4049811629849103
Least developed countries: UN classification,2023,0.6999552366399513
Least developed countries: UN classification,2024,1.4997588994910558
Lebanon,1989,-43.60422294736197
Lebanon,1990,24.07336257048121
Lebanon,1991,46.44381807498343
Lebanon,1992,14.000466944867654
Lebanon,1993,8.641300490090174
Lebanon,1994,6.183370514779128
Lebanon,1995,4.542383970487791
Lebanon,1996,9.243624523554558
Lebanon,1997,-0.7559723383440087
Lebanon,1998,1.8589226428805856
Lebanon,1999,-2.255368345541413
Lebanon,2000,-0.3918067326014096
Lebanon,2001,2.127580247477539
Lebanon,2002,1.9961502995174527
Lebanon,2003,1.8127834557223537
Lebanon,2004,4.968339613040413
Lebanon,2005,1.1068797855130017
Lebanon,2006,-0.1611103914059697
Lebanon,2007,7.212424195208355
Lebanon,2008,7.270203824293375
Lebanon,2009,8.754241974394006
Lebanon,2010,6.925624080926212
Lebanon,2011,-0.2159901017520553
Lebanon,2012,-0.1722720584471915
Lebanon,2013,-5.350045156363649
Lebanon,2014,-7.261451454427444
Lebanon,2015,-1.4852994355926654
Lebanon,2016,3.954204587009144
Lebanon,2017,3.57185811074811
Lebanon,2018,1.0011283697322142
Lebanon,2019,-3.8703716690846894
Lebanon,2020,-20.129098381518503
Lebanon,2021,-7.256971630463227
Lebanon,2022,-1.0778219262124369
Lebanon,2023,-1.2591284206915816
Lesotho,1961,-1.131986291682324
Lesotho,1962,11.940370321104112
Lesotho,1963,7.379326480095543
Lesotho,1964,5.110487940581535
Lesotho,1965,-0.7945358845956747
Lesotho,1966,-3.542871125082911
Lesotho,1967,7.015258177762803
Lesotho,1968,-3.952981056484703
Lesotho,1969,-2.077368366618259
Lesotho,1970,-1.4388679714186168
Lesotho,1971,1.434300703743304
Lesotho,1972,-3.652266719695419
Lesotho,1973,22.0934666602339
Lesotho,1974,7.219950028587078
Lesotho,1975,-16.451126732527428
Lesotho,1976,7.542684855290787
Lesotho,1977,18.338521804260168
Lesotho,1978,14.994171460823551
Lesotho,1979,-0.0380445167258614
Lesotho,1980,-5.534956319752965
Lesotho,1981,-2.1944927210366245
Lesotho,1982,1.4677613325180232
Lesotho,1983,-0.917132307576523
Lesotho,1984,2.5557662771063008
Lesotho,1985,-0.25717695813087
Lesotho,1986,2.061102830000735
Lesotho,1987,-1.4731635523587556
Lesotho,1988,6.326625787049139
Lesotho,1989,3.67419823598037
Lesotho,1990,4.037888676743393
Lesotho,1991,5.069066330656426
Lesotho,1992,5.192385474623677
Lesotho,1993,1.957549370049236
Lesotho,1994,4.555195177711283
Lesotho,1995,2.0348924693700354
Lesotho,1996,4.473779520993503
Lesotho,1997,2.8840438412854468
Lesotho,1998,1.0335881718661994
Lesotho,1999,0.2159614800495148
Lesotho,2000,3.840349890342893
Lesotho,2001,3.719963504344406
Lesotho,2002,1.0355999970418992
Lesotho,2003,5.0664951285587705
Lesotho,2004,2.4110357996074185
Lesotho,2005,4.4224976602418735
Lesotho,2006,4.659487876548525
Lesotho,2007,3.7502568834664913
Lesotho,2008,4.811198389234932
Lesotho,2009,-1.9687008855207184
Lesotho,2010,4.459259514366522
Lesotho,2011,3.693985952741088
Lesotho,2012,5.27066659627468
Lesotho,2013,0.6961481886022653
Lesotho,2014,0.5573091933890169
Lesotho,2015,1.9225105947227237
Lesotho,2016,2.353639812713212
Lesotho,2017,-4.336559992928741
Lesotho,2018,-2.675939075232065
Lesotho,2019,-2.569259860926365
Lesotho,2020,-9.237270052980776
Lesotho,2021,1.099357825265514
Lesotho,2022,1.2874556400528547
Lesotho,2023,0.7093597270848164
Lesotho,2024,1.7125907059245549
Liberia,1961,-0.0334695228826689
Liberia,1962,-1.1378748978579978
Liberia,1963,-0.2565409183994944
Liberia,1964,2.5346590688177173
Liberia,1965,2.1632200207138084
Liberia,1966,5.000540260509709
Liberia,1967,4.069985478028926
Liberia,1968,2.1303468343096625
Liberia,1969,4.581129593183334
Liberia,1970,3.967224942598577
Liberia,1971,2.296223434229347
Liberia,1972,1.5352111910959678
Liberia,1973,-4.781562652097023
Liberia,1974,1.9981474064988447
Liberia,1975,-6.042374521388084
Liberia,1976,2.4804460002363413
Liberia,1977,-1.2283193157832528
Liberia,1978,1.805440711564657
Liberia,1979,0.261464846117903
Liberia,1980,-6.90892261299831
Liberia,1981,-4.974531051984343
Liberia,1982,-5.20984958159201
Liberia,1983,-4.785316445025018
Liberia,1984,-5.089123099167679
Liberia,1985,-3.818497905694514
Liberia,1986,-4.573582067345967
Liberia,1987,-3.863324207229084
Liberia,1988,-4.832670477587797
Liberia,1989,-28.733877000900733
Liberia,1990,-44.55225155254384
Liberia,1991,-2.5132603179823434
Liberia,1992,-38.71728365186776
Liberia,1993,-35.54628390144558
Liberia,1994,-21.57318680115739
Liberia,1995,-5.115078340030749
Liberia,1996,8.950523151188719
Liberia,1997,90.83226685072692
Liberia,1998,17.668984311267195
Liberia,1999,15.202396479117027
Liberia,2000,23.94092306807012
Liberia,2001,-0.0567743363726407
Liberia,2002,1.0993892349159466
Liberia,2003,-30.699353029251142
Liberia,2004,1.4054000654277985
Liberia,2005,0.6846128670937617
Liberia,2006,2.1702462728013643
Liberia,2007,4.213438159186225
Liberia,2008,2.884739434543633
Liberia,2009,2.041801672029948
Liberia,2010,3.071179981864546
Liberia,2011,4.040866350732216
Liberia,2012,4.243455569417762
Liberia,2013,6.324110002726798
Liberia,2014,-1.3737078686148865
Liberia,2015,-2.060023200387292
Liberia,2016,-3.5459025188871323
Liberia,2017,0.4834183112713504
Liberia,2018,-0.8022901675845162
Liberia,2019,-4.38160849244818
Liberia,2020,-4.97470394166794
Liberia,2021,2.793685277460796
Liberia,2022,2.5850582756660003
Liberia,2023,2.401862065164039
Liberia,2024,1.8018710155725015
Libya,1961,5.458926638547837
Libya,1962,27.11068798278897
Libya,1963,29.549376431777542
Libya,1964,39.84074749075336
Libya,1965,24.574094838549428
Libya,1966,15.702949147546704
Libya,1967,8.233936873209686
Libya,1968,30.12229733655505
Libya,1969,9.634439738901436
Libya,1970,1.5090154093665689
Libya,1971,-8.398017194503808
Libya,1972,5.569003190731593
Libya,1973,-1.944137020490004
Libya,1974,16.264253582664907
Libya,1975,-1.6087150840496776
Libya,1976,16.121914549538644
Libya,1977,2.797382408272924
Libya,1978,-2.4819010152931043
Libya,1979,2.848887545916611
Libya,1980,-4.91683695828884
Libya,1981,-23.588447656946627
Libya,1982,-0.0445141284845362
Libya,1983,-2.32002046932395
Libya,1984,-6.417526162350811
Libya,1985,4.850536737417002
Libya,1986,-13.970798357882032
Libya,1987,-17.02230395366074
Libya,1988,4.836945116161687
Libya,1989,4.603553832043957
Libya,1990,1.332736907084282
Libya,1991,13.131480917970292
Libya,1992,-4.723964545593887
Libya,1993,-5.647915561466434
Libya,1994,0.0535526200486486
Libya,1995,-3.9103522361141927
Libya,1996,0.4845833256962493
Libya,1997,3.607964746012925
Libya,1998,-4.9793447133342426
Libya,1999,-0.7435023769084097
Libya,2000,1.979308432947405
Libya,2001,-3.555695935329382
Libya,2002,-2.842677837122181
Libya,2003,10.783872175660347
Libya,2004,2.325769437823766
Libya,2005,9.539223889949838
Libya,2006,4.338302666454297
Libya,2007,4.069162074504831
Libya,2008,-2.260341953636754
Libya,2009,-6.37107364350932
Libya,2010,2.907367722447177
Libya,2011,-49.127856521228594
Libya,2012,91.78137026909388
Libya,2013,-19.6276937990081
Libya,2014,-24.511053685644896
Libya,2015,-2.430052651756469
Libya,2016,-2.980832619527206
Libya,2017,30.395061126349475
Libya,2018,6.203272049378654
Libya,2019,-12.498917422236758
Libya,2020,-30.40017174088831
Libya,2021,26.6853936559494
Libya,2022,-9.424902069920703
Libya,2023,8.96534736140164
Libya,2024,0.8595001828136049
Liechtenstein,1971,-0.4959558111057873
Liechtenstein,1972,-0.7746637527268945
Liechtenstein,1973,-1.244533564441184
Liechtenstein,1974,-1.2181470380561592
Liechtenstein,1975,-0.0148802519785391
Liechtenstein,1976,3.835534752109069
Liechtenstein,1977,3.1128489199308405
Liechtenstein,1978,2.3058805889294263
Liechtenstein,1979,2.518085180911271
Liechtenstein,1980,5.017366316204715
Liechtenstein,1981,4.157507648541696
Liechtenstein,1982,-3.771579283206037
Liechtenstein,1983,-0.1875163709911476
Liechtenstein,1984,3.697543679791892
Liechtenstein,1985,5.897710609798224
Liechtenstein,1986,2.625449782635968
Liechtenstein,1987,7.966311921062868
Liechtenstein,1988,4.155953196567424
Liechtenstein,1989,3.1303459135438203
Liechtenstein,1990,0.7408860893345519
Liechtenstein,1991,0.1735502695248527
Liechtenstein,1992,2.1465101051623208
Liechtenstein,1993,2.730139333930339
Liechtenstein,1994,5.529878923324375
Liechtenstein,1995,4.822849645611058
Liechtenstein,1996,6.019964817732287
Liechtenstein,1997,6.541931670780983
Liechtenstein,1998,6.277622866095925
Liechtenstein,1999,8.51597144502081
Liechtenstein,2000,1.879547903442628
Liechtenstein,2001,-2.374881099090288
Liechtenstein,2002,-2.463114463287411
Liechtenstein,2003,-3.0454041083389285
Liechtenstein,2004,1.9383965541368584
Liechtenstein,2005,3.905066059111789
Liechtenstein,2006,7.764323224194385
Liechtenstein,2007,2.6666605262821435
Liechtenstein,2008,1.192574519326712
Liechtenstein,2009,-1.9013874884594344
Lithuania,1991,-5.835988197624076
Lithuania,1992,-21.17342213452619
Lithuania,1993,-15.82874460684377
Lithuania,1994,-9.137646805873755
Lithuania,1995,4.088200608466593
Lithuania,1996,5.828552841200093
Lithuania,1997,9.102660474646784
Lithuania,1998,8.244264265968852
Lithuania,1999,-0.3928069390525337
Lithuania,2000,4.148617928672849
Lithuania,2001,7.365190179032794
Lithuania,2002,7.579997636922783
Lithuania,2003,11.45354177835813
Lithuania,2004,7.704784670317366
Lithuania,2005,9.50010821862925
Lithuania,2006,9.123676971589916
Lithuania,2007,12.40534513781617
Lithuania,2008,3.660124768036326
Lithuania,2009,-13.887756811150098
Lithuania,2010,2.555336047617402
Lithuania,2011,8.752238922580673
Lithuania,2012,5.743976084232315
Lithuania,2013,5.026825169489001
Lithuania,2014,4.620352865531856
Lithuania,2015,3.7563242032567103
Lithuania,2016,3.8774405462423545
Lithuania,2017,5.888726069932943
Lithuania,2018,5.790665482285931
Lithuania,2019,4.979383539293991
Lithuania,2020,0.0684462144062649
Lithuania,2021,6.455358377278415
Lithuania,2022,1.695285500032
Lithuania,2023,-1.0535768728222763
Lithuania,2024,2.178649802596212
Low & middle income,1961,-0.414355812307889
Low & middle income,1962,1.5427693863686187
Low & middle income,1963,2.217241723006751
Low & middle income,1964,5.244935894732336
Low & middle income,1965,3.523330268305955
Low & middle income,1966,2.308898426172618
Low & middle income,1967,0.6756850412997295
Low & middle income,1968,3.490223459463792
Low & middle income,1969,5.51877089229842
Low & middle income,1970,5.283597879924159
Low & middle income,1971,3.5810159178039958
Low & middle income,1972,3.654522758033792
Low & middle income,1973,4.366212874120549
Low & middle income,1974,3.6251091299034215
Low & middle income,1975,1.990287251823375
Low & middle income,1976,3.996709093288089
Low & middle income,1977,2.406837300165776
Low & middle income,1978,1.5332285101538758
Low & middle income,1979,2.415117277237556
Low & middle income,1980,2.5489035717377533
Low & middle income,1981,-0.1849559773500715
Low & middle income,1982,0.6977514764596009
Low & middle income,1983,-0.55530739974337
Low & middle income,1984,2.497359415261883
Low & middle income,1985,2.326988090592834
Low & middle income,1986,1.5131738451894563
Low & middle income,1987,2.4533935598102232
Low & middle income,1988,1.979430422693483
Low & middle income,1989,0.9751580244623312
Low & middle income,1990,1.04677982647965
Low & middle income,1991,0.9412371377212024
Low & middle income,1992,2.351600012780437
Low & middle income,1993,3.1191693637102134
Low & middle income,1994,3.3255932239554653
Low & middle income,1995,2.829102558601008
Low & middle income,1996,4.453430275911074
Low & middle income,1997,3.914315090363544
Low & middle income,1998,1.638391308406966
Low & middle income,1999,2.0384806427642843
Low & middle income,2000,3.937513810089357
Low & middle income,2001,2.081366488942677
Low & middle income,2002,3.2520468215353877
Low & middle income,2003,4.403703169775426
Low & middle income,2004,6.138811487510452
Low & middle income,2005,5.848285695961252
Low & middle income,2006,6.705440638094686
Low & middle income,2007,7.349995853987437
Low & middle income,2008,4.489800131879534
Low & middle income,2009,2.587648913097013
Low & middle income,2010,6.686714080101353
Low & middle income,2011,4.900863618317743
Low & middle income,2012,4.03225914762784
Low & middle income,2013,4.193134158314123
Low & middle income,2014,3.7825709906242224
Low & middle income,2015,3.354627465774172
Low & middle income,2016,3.414944619337689
Low & middle income,2017,4.005620948405863
Low & middle income,2018,3.704525714884639
Low & middle income,2019,2.9250522054990853
Low & middle income,2020,-2.2231144241119125
Low & middle income,2021,6.302097288947579
Low & middle income,2022,3.036700164850558
Low & middle income,2023,3.83993000076508
Low & middle income,2024,3.3331783304374767
Low income,1981,0.7665672920619926
Low income,1982,-1.0371924712412834
Low income,1983,-1.9188359072756496
Low income,1984,-3.2029692992378784
Low income,1985,-0.6930149203507767
Low income,1986,-0.7476834347322807
Low income,1987,1.4809161868271303
Low income,1988,1.4727256594756284
Low income,1989,-2.483881763244554
Low income,1990,-5.772216901099668
Low income,1991,-0.1444255617222722
Low income,1992,-2.2199079632879237
Low income,1993,-3.04486028194313
Low income,1994,-1.2053521289187898
Low income,1995,1.922093661173065
Low income,1996,2.102092609835111
Low income,1997,3.423748553704684
Low income,1998,1.8842249165583809
Low income,1999,-0.455069462738038
Low income,2000,0.1794870665767121
Low income,2001,1.3316755368603737
Low income,2002,2.261957253500313
Low income,2003,2.605295026586532
Low income,2004,2.77002581620944
Low income,2005,3.051855519901409
Low income,2006,2.1768867673012124
Low income,2007,2.572679869293083
Low income,2008,2.034902997603865
Low income,2009,0.3900028227790955
Low income,2010,3.5346634729975506
Low income,2011,-2.876235999352147
Low income,2012,-6.927769016627877
Low income,2013,0.0280309982273081
Low income,2014,0.4021757753783106
Low income,2015,-4.437123140487998
Low income,2016,-2.071159010426868
Low income,2017,-0.8342306373479147
Low income,2018,0.0050689521012543
Low income,2019,0.0883363671423893
Low income,2020,-3.911885652940967
Low income,2021,-1.43402362536942
Low income,2022,0.6656879623111251
Low income,2023,-2.884572142939817
Low income,2024,-0.4315622071868574
Lower middle income,1961,0.7419943495703478
Lower middle income,1962,1.2312363538738538
Lower middle income,1963,3.517781302462282
Lower middle income,1964,3.921460849658942
Lower middle income,1965,-0.4251701797082461
Lower middle income,1966,-1.0058004963415073
Lower middle income,1967,-0.7822673988141702
Lower middle income,1968,1.432574300487886
Lower middle income,1969,5.414423305225242
Lower middle income,1970,4.704449123884629
Lower middle income,1971,2.416871870727789
Lower middle income,1972,-0.6400180256902104
Lower middle income,1973,2.0532336793881
Lower middle income,1974,2.3685851642202778
Lower middle income,1975,1.0009710412263644
Lower middle income,1976,2.9082430267905863
Lower middle income,1977,3.091525218390373
Lower middle income,1978,1.2589849108625089
Lower middle income,1979,-0.965534731463265
Lower middle income,1980,2.5801271712048788
Lower middle income,1981,-0.6058225572568006
Lower middle income,1982,-0.3550959775962781
Lower middle income,1983,-0.2929733728055055
Lower middle income,1984,0.1151345027350601
Lower middle income,1985,1.374257549354169
Lower middle income,1986,1.2864118219310114
Lower middle income,1987,1.0865393708098736
Lower middle income,1988,4.170086510034608
Lower middle income,1989,1.2206941620932668
Lower middle income,1990,2.516179114269846
Lower middle income,1991,-0.1882086656344199
Lower middle income,1992,1.34282931109135
Lower middle income,1993,0.0068430770009371
Lower middle income,1994,1.7693929778564836
Lower middle income,1995,2.910228010957041
Lower middle income,1996,4.1690409826317705
Lower middle income,1997,1.8685624751779244
Lower middle income,1998,2.390827448898932
Lower middle income,1999,3.279064124162872
Lower middle income,2000,2.123961939206879
Lower middle income,2001,2.27413475941367
Lower middle income,2002,2.540636454938422
Lower middle income,2003,3.988659793027665
Lower middle income,2004,5.147992728368635
Lower middle income,2005,4.801423725518035
Lower middle income,2006,5.097692526041868
Lower middle income,2007,4.999417786584857
Lower middle income,2008,2.786557547700582
Lower middle income,2009,4.158908167672919
Lower middle income,2010,5.045321138207726
Lower middle income,2011,2.997718742148024
Lower middle income,2012,3.451811234956238
Lower middle income,2013,3.988622030744949
Lower middle income,2014,4.433357949160779
Lower middle income,2015,4.310107427977528
Lower middle income,2016,4.119412686143576
Lower middle income,2017,3.910536638706148
Lower middle income,2018,3.940601858358235
Lower middle income,2019,2.640764877216867
Lower middle income,2020,-5.264248988221027
Lower middle income,2021,5.150056672868203
Lower middle income,2022,4.945230633872271
Lower middle income,2023,4.71237036344138
Lower middle income,2024,3.859737688440859
Luxembourg,1961,2.887846741254833
Luxembourg,1962,0.1246772459915064
Luxembourg,1963,2.369929232732119
Luxembourg,1964,6.664577025913147
Luxembourg,1965,-1.8578415953806056
Luxembourg,1966,0.3806801936150066
Luxembourg,1967,-0.1123439623565047
Luxembourg,1968,3.9186432741179535
Luxembourg,1969,9.435212860052316
Luxembourg,1970,1.2585912948281504
Luxembourg,1971,1.6927949454123734
Luxembourg,1972,5.312925548535858
Luxembourg,1973,7.122771739359109
Luxembourg,1974,2.862297657464552
Luxembourg,1975,-7.586475316738642
Luxembourg,1976,2.028096580238952
Luxembourg,1977,1.3935426751709343
Luxembourg,1978,3.888387085349933
Luxembourg,1979,2.106143500147553
Luxembourg,1980,0.4825516494920236
Luxembourg,1981,-0.8436744116141881
Luxembourg,1982,1.048296169037812
Luxembourg,1983,2.9617581865787344
Luxembourg,1984,6.07785079672442
Luxembourg,1985,2.593243800175756
Luxembourg,1986,9.491574152698192
Luxembourg,1987,3.27946506666585
Luxembourg,1988,7.679108360426397
Luxembourg,1989,8.73531025675274
Luxembourg,1990,4.00981242168632
Luxembourg,1991,7.198408849045194
Luxembourg,1992,0.4760775181622563
Luxembourg,1993,2.811217610579959
Luxembourg,1994,2.4166305079508703
Luxembourg,1995,0.0173001277039759
Luxembourg,1996,0.027252339399638
Luxembourg,1997,4.106638288077463
Luxembourg,1998,5.3558380947792585
Luxembourg,1999,6.723967085834005
Luxembourg,2000,5.510408913641697
Luxembourg,2001,1.8545751855652952
Luxembourg,2002,2.149610812583873
Luxembourg,2003,1.3798933925965002
Luxembourg,2004,2.7608861901998694
Luxembourg,2005,0.9267659937241888
Luxembourg,2006,4.339108666291168
Luxembourg,2007,6.442030995895294
Luxembourg,2008,-2.0664733423519976
Luxembourg,2009,-5.014263076077768
Luxembourg,2010,1.883548243245173
Luxembourg,2011,-1.1767980050868374
Luxembourg,2012,-0.7621833140118071
Luxembourg,2013,0.8146517227604448
Luxembourg,2014,0.2325651992040036
Luxembourg,2015,-0.1154765508421604
Luxembourg,2016,2.739791486766705
Luxembourg,2017,-1.1161134751719288
Luxembourg,2018,-0.3298403143324577
Luxembourg,2019,0.7521740493922238
Luxembourg,2020,-2.1541744826160425
Luxembourg,2021,5.318430877944948
Luxembourg,2022,-3.07197647023996
Luxembourg,2023,-1.902308481560837
Luxembourg,2024,-1.2100374075405966
"Macao SAR, China",1983,4.038260856587428
"Macao SAR, China",1984,3.263282380902993
"Macao SAR, China",1985,-1.6495675990261276
"Macao SAR, China",1986,4.406487563563346
"Macao SAR, China",1987,10.270513313338682
"Macao SAR, China",1988,4.689087125900386
"Macao SAR, China",1989,2.085130033971751
"Macao SAR, China",1990,4.804045284151883
"Macao SAR, China",1991,-1.2634364765123678
"Macao SAR, China",1992,7.418650208593419
"Macao SAR, China",1993,1.597854068509804
"Macao SAR, China",1994,0.8905563837293187
"Macao SAR, China",1995,0.1414661746193246
"Macao SAR, China",1996,-1.8112485513828036
"Macao SAR, China",1997,-0.804714039124292
"Macao SAR, China",1998,-5.700974323191048
"Macao SAR, China",1999,-3.523709540376544
"Macao SAR, China",2000,4.9612869775108095
"Macao SAR, China",2001,2.105729868322399
"Macao SAR, China",2002,7.786944905046454
"Macao SAR, China",2003,10.334641330259617
"Macao SAR, China",2004,23.545452845170928
"Macao SAR, China",2005,3.786786793032178
"Macao SAR, China",2006,7.619148244901311
"Macao SAR, China",2007,9.646681620958349
"Macao SAR, China",2008,-0.3936353246579926
"Macao SAR, China",2009,2.377633231416425
"Macao SAR, China",2010,24.637174163337576
"Macao SAR, China",2011,18.83402212020444
"Macao SAR, China",2012,5.698052734396299
"Macao SAR, China",2013,6.28976356008269
"Macao SAR, China",2014,-6.734327738951279
"Macao SAR, China",2015,-24.33421480181876
"Macao SAR, China",2016,-2.162453510575162
"Macao SAR, China",2017,10.61360176658033
"Macao SAR, China",2018,4.664267758690045
"Macao SAR, China",2019,-4.362341077535774
"Macao SAR, China",2020,-55.293560275816375
"Macao SAR, China",2021,22.9825542159725
"Macao SAR, China",2022,-18.33472991288086
"Macao SAR, China",2023,74.92102504742618
"Macao SAR, China",2024,6.562314243358742
Madagascar,1961,-0.5799060190847882
Madagascar,1962,-0.3500663092506642
Madagascar,1963,-3.4582620758122857
Madagascar,1964,1.309705312629191
Madagascar,1965,-3.0055282360215188
Madagascar,1966,-0.5862515042167757
Madagascar,1967,2.739107271167242
Madagascar,1968,3.9489539256628343
Madagascar,1969,0.8705950352378551
Madagascar,1970,2.321284311965257
Madagascar,1971,0.9507003589941548
Madagascar,1972,-4.140913376683557
Madagascar,1973,-5.473229300686569
Madagascar,1974,-1.0042399351434597
Madagascar,1975,-1.745443111163027
Madagascar,1976,-5.954799120939995
Madagascar,1977,-0.691255504288236
Madagascar,1978,-5.57446503036428
Madagascar,1979,6.564170983153957
Madagascar,1980,-2.05648173389217
Madagascar,1981,-12.45359161744078
Madagascar,1982,-4.760168130930694
Madagascar,1983,-2.025328354294757
Madagascar,1984,-1.16680579675797
Madagascar,1985,-1.7387065668684016
Madagascar,1986,-0.9239384913089026
Madagascar,1987,-1.6681487188603938
Madagascar,1988,0.4767365776259424
Madagascar,1989,1.0914654391543053
Madagascar,1990,0.1293774106388951
Madagascar,1991,-9.065346049609843
Madagascar,1992,-1.818434335569321
Madagascar,1993,-0.9673655078837272
Madagascar,1994,-3.1002343507275896
Madagascar,1995,-1.4867260037249397
Madagascar,1996,-1.0801869433682612
Madagascar,1997,0.3725550823810692
Madagascar,1998,0.5723370456139634
Madagascar,1999,1.3545720423914815
Madagascar,2000,1.194501965492293
Madagascar,2001,2.7659052436081737
Madagascar,2002,-14.988200508686162
Madagascar,2003,6.614147364382347
Madagascar,2004,2.231916851036757
Madagascar,2005,1.731772066828796
Madagascar,2006,2.3472633780323946
Madagascar,2007,2.653099507292268
Madagascar,2008,3.625791508385362
Madagascar,2009,-6.756948552062198
Madagascar,2010,-2.265802527279419
Madagascar,2011,-1.2654822696809165
Madagascar,2012,0.2006409416032397
Madagascar,2013,-0.4443418024216186
Madagascar,2014,0.605710119846222
Madagascar,2015,0.4457487080561577
Madagascar,2016,1.3106359337680118
Madagascar,2017,1.2623699429705797
Madagascar,2018,0.5425190187085178
Madagascar,2019,1.7301372288985846
Madagascar,2020,-9.491825796218464
Madagascar,2021,2.0511586990358524
Madagascar,2022,1.602681800336498
Madagascar,2023,1.66887506096856
Madagascar,2024,1.6931202532066294
Malawi,1961,5.107606262526488
Malawi,1962,-1.7323794614803774
Malawi,1963,-3.772528974533003
Malawi,1964,0.1750552593417182
Malawi,1965,10.874602031002851
Malawi,1966,10.503575545362253
Malawi,1967,4.661573759975866
Malawi,1968,-4.325322867448762
Malawi,1969,3.3032071098516558
Malawi,1970,-1.9657133648662888
Malawi,1971,13.344795622212049
Malawi,1972,3.549868150880627
Malawi,1973,-0.3460839623371043
Malawi,1974,4.311753350449706
Malawi,1975,3.156847717917642
Malawi,1976,1.988310809185492
Malawi,1977,1.711640669742593
Malawi,1978,6.0589830533437095
Malawi,1979,0.6104970529958109
Malawi,1980,-3.387715222776393
Malawi,1981,-8.937053149153712
Malawi,1982,-1.464675619396985
Malawi,1983,-0.2941585692497312
Malawi,1984,1.321349406714262
Malawi,1985,0.62310053551127
Malawi,1986,-3.8239650789144832
Malawi,1987,-3.1133409276272204
Malawi,1988,-2.245902107164511
Malawi,1989,-3.326574604467723
Malawi,1990,1.5997050726010968
Malawi,1991,5.4346573203747965
Malawi,1992,-9.992295406896416
Malawi,1993,8.103157877405522
Malawi,1994,-9.1882192265535
Malawi,1995,16.898756398901213
Malawi,1996,5.221492044176529
Malawi,1997,1.7306595867154757
Malawi,1998,1.673113249476856
Malawi,1999,0.6645782896867303
Malawi,2000,-0.8308281623659752
Malawi,2001,-7.246405544064615
Malawi,2002,-0.7600729470565852
Malawi,2003,3.092548352853825
Malawi,2004,2.7289504627920707
Malawi,2005,0.5398806545492221
Malawi,2006,1.8548145510952168
Malawi,2007,6.551346557344488
Malawi,2008,4.558556158453399
Malawi,2009,5.1723487536079205
Malawi,2010,3.769617523380092
Malawi,2011,1.917989323473776
Malawi,2012,-0.983601161818072
Malawi,2013,2.460763684800483
Malawi,2014,2.703864029147752
Malawi,2015,0.0079251828197612
Malawi,2016,-0.2563674351601008
Malawi,2017,1.2213804938523936
Malawi,2018,1.6029974563561922
Malawi,2019,2.9515101541935
Malawi,2020,-1.8283524067907848
Malawi,2021,1.880764329291523
Malawi,2022,-1.637493993986908
Malawi,2023,-0.642220906290575
Malawi,2024,-0.912638164593119
Malaysia,1961,4.853550581597304
Malaysia,1962,3.681455493317401
Malaysia,1963,4.568810139428507
Malaysia,1964,2.6589235229321986
Malaysia,1965,4.9738146524522335
Malaysia,1966,5.165852021226655
Malaysia,1967,1.4274913667128717
Malaysia,1968,5.555560284898206
Malaysia,1969,2.544409815668473
Malaysia,1970,3.579121955545844
Malaysia,1971,7.4520145276737395
Malaysia,1972,6.792445055736621
Malaysia,1973,9.057731398408905
Malaysia,1974,5.753216263989543
Malaysia,1975,-1.5802168321479968
Malaysia,1976,8.922229345386995
Malaysia,1977,5.1960019332180565
Malaysia,1978,4.123887863589843
Malaysia,1979,6.753848890262603
Malaysia,1980,4.49993284463055
Malaysia,1981,3.6231900380767
Malaysia,1982,2.62231879948132
Malaysia,1983,2.88220732900794
Malaysia,1984,4.307471581534244
Malaysia,1985,-4.226035103621285
Malaysia,1986,-2.023691507958887
Malaysia,1987,1.8551154028066463
Malaysia,1988,6.535061671953301
Malaysia,1989,5.794476153379094
Malaysia,1990,5.84109356459912
Malaysia,1991,6.503850991691593
Malaysia,1992,6.040177427611098
Malaysia,1993,7.118988492260854
Malaysia,1994,6.469228206410406
Malaysia,1995,7.073158660138091
Malaysia,1996,7.261940756786302
Malaysia,1997,4.686113828571536
Malaysia,1998,-9.607037075793327
Malaysia,1999,3.6358891983016406
Malaysia,2000,6.336036105743787
Malaysia,2001,-1.869477290752968
Malaysia,2002,2.872625550498256
Malaysia,2003,3.314667347659011
Malaysia,2004,4.343213107865736
Malaysia,2005,2.970371271704849
Malaysia,2006,3.2594065393694933
Malaysia,2007,4.013304402747281
Malaysia,2008,2.6580647877918864
Malaysia,2009,-3.456026426162694
Malaysia,2010,5.434240703797229
Malaysia,2011,3.465974390152951
Malaysia,2012,3.692765691431205
Malaysia,2013,2.9192325989428696
Malaysia,2014,4.204477578638247
Malaysia,2015,3.2857855627230066
Malaysia,2016,2.620045575660157
Malaysia,2017,3.9618656454818506
Malaysia,2018,3.074017790719367
Malaysia,2019,2.7595012238144108
Malaysia,2020,-6.709335130852196
Malaysia,2021,2.1314619977843137
Malaysia,2022,7.733575637540426
Malaysia,2023,2.267237852844687
Malaysia,2024,3.830351374392493
Maldives,1971,2.046910109570661
Maldives,1972,-0.6515817946730635
Maldives,1973,-1.4208339007218456
Maldives,1974,2.6653572221757287
Maldives,1975,-10.67556516985725
Maldives,1976,-2.379099461559534
Maldives,1977,8.026746055037435
Maldives,1978,11.578903182519513
Maldives,1979,7.76510253033527
Maldives,1980,15.353798928903714
Maldives,1981,8.668188278272865
Maldives,1982,-5.683182574395644
Maldives,1983,13.144280936940971
Maldives,1984,23.461060298175767
Maldives,1985,11.792165898392554
Maldives,1986,5.603340531596928
Maldives,1987,5.088993925469907
Maldives,1988,5.151626831113831
Maldives,1989,5.885899453907058
Maldives,1990,13.2974405956587
Maldives,1991,-1.6381944483832171
Maldives,1992,3.6564086125217727
Maldives,1993,2.823493435541508
Maldives,1994,5.198607724607271
Maldives,1995,10.420536964621547
Maldives,1996,5.51602988994901
Maldives,1997,6.227609396497471
Maldives,1998,5.517609731748635
Maldives,1999,4.381005190854097
Maldives,2000,2.149408220698959
Maldives,2001,-5.534039357599951
Maldives,2002,5.484724463170764
Maldives,2003,11.879734886165965
Maldives,2004,4.195165123992112
Maldives,2005,-12.631266787635482
Maldives,2006,20.706643006311538
Maldives,2007,3.624328612814281
Maldives,2008,5.186575271492828
Maldives,2009,-11.526502486952552
Maldives,2010,3.0807468181819786
Maldives,2011,5.091168652785896
Maldives,2012,-1.089880004286485
Maldives,2013,3.4315018698838173
Maldives,2014,4.327976897667327
Maldives,2015,0.3415279204266568
Maldives,2016,2.738960150370673
Maldives,2017,3.5747267717879225
Maldives,2018,5.169829036805979
Maldives,2019,3.715352748002744
Maldives,2020,-34.83116711092215
Maldives,2021,33.768558862439846
Maldives,2022,12.099062802729648
Maldives,2023,4.566181671126145
Maldives,2024,3.1404675960662587
Mali,1968,2.1386621417894816
Mali,1969,-1.305879236367275
Mali,1970,4.466759447385286
Mali,1971,0.9371408105775884
Mali,1972,4.117171134577347
Mali,1973,-3.148740092698489
Mali,1974,-3.2639470993385373
Mali,1975,9.63613550505329
Mali,1976,11.604000668888888
Mali,1977,4.398941217481792
Mali,1978,-3.35350626705889
Mali,1979,8.216058667071778
Mali,1980,-6.29825711883754
Mali,1981,0.0928805017584863
Mali,1982,-10.360107077549998
Mali,1983,-4.419699166490233
Mali,1984,-4.873102095100165
Mali,1985,10.947240298066689
Mali,1986,-2.5844212788427257
Mali,1987,-2.4848400612919197
Mali,1988,8.888711328632454
Mali,1989,1.6848634315973072
Mali,1990,-7.1334325326944
Mali,1991,10.44256424589129
Mali,1992,-6.953835657718926
Mali,1993,2.1954727918693067
Mali,1994,3.343144082665532
Mali,1995,-1.430531652838141
Mali,1996,4.097674231469867
Mali,1997,1.7818283255317766
Mali,1998,3.986062761930384
Mali,1999,1.8349719980672603
Mali,2000,-3.585955702959524
Mali,2001,12.37556659666268
Mali,2002,-0.1156088723058701
Mali,2003,6.361633280472972
Mali,2004,-1.7558297939624763
Mali,2005,-0.7655808352900664
Mali,2006,0.3433152368962737
Mali,2007,-1.5313774567598983
Mali,2008,0.2882687618911603
Mali,2009,2.074583586122287
Mali,2010,2.20222024869554
Mali,2011,-0.3388113730507314
Mali,2012,-3.9193056741130334
Mali,2013,0.3174236761180253
Mali,2014,3.1890964575829344
Mali,2015,2.966207623174327
Mali,2016,2.7004736399861144
Mali,2017,2.068917711441614
Mali,2018,1.6409752649158236
Mali,2019,1.8782927293759428
Mali,2020,-4.106798456549598
Mali,2021,-0.0065243104385217
Mali,2022,0.6288121735514238
Mali,2023,1.6567292921663608
Mali,2024,1.9492573015200063
Malta,1971,2.437070256874918
Malta,1972,5.925811178468791
Malta,1973,4.232295006593972
Malta,1974,10.110734170728987
Malta,1975,18.68525675592491
Malta,1976,16.423152464183644
Malta,1977,11.74708387410135
Malta,1978,10.01006096347936
Malta,1979,9.37649278639732
Malta,1980,5.933049981858488
Malta,1981,2.554855452836378
Malta,1982,0.1138367382739176
Malta,1983,-2.0034149239234296
Malta,1984,0.9213026624231446
Malta,1985,0.7988520227202116
Malta,1986,2.163795698665808
Malta,1987,3.396064603058633
Malta,1988,7.527756972110012
Malta,1989,7.13131154020617
Malta,1990,5.256597734649816
Malta,1991,3.4310273610518323
Malta,1992,3.6164502723826217
Malta,1993,3.442436016745788
Malta,1994,4.667593812741401
Malta,1995,5.60371150999319
Malta,1996,3.098243639820339
Malta,1997,4.4634104100861975
Malta,1998,4.444567092952838
Malta,1999,4.1009690293769125
Malta,2000,18.91149147792497
Malta,2001,-1.4998297262237088
Malta,2002,1.978040866072476
Malta,2003,3.013524068800692
Malta,2004,-0.2647503424513786
Malta,2005,2.227517994729624
Malta,2006,1.9640192901910751
Malta,2007,4.670719929663832
Malta,2008,3.733448696476984
Malta,2009,-2.135842583092412
Malta,2010,5.677006247216497
Malta,2011,0.5652022978160858
Malta,2012,3.16977820606121
Malta,2013,5.09582251827085
Malta,2014,5.478393688557176
Malta,2015,6.970627224080658
Malta,2016,1.7228209615339836
Malta,2017,9.923743264390168
Malta,2018,3.4685161417021675
Malta,2019,-0.0478838227421505
Malta,2020,-5.625649909100488
Malta,2021,12.829488461795036
Malta,2022,-0.0182292034453723
Malta,2023,6.291895851613248
Malta,2024,3.777159736768169
Marshall Islands,1971,-1.350581611009957
Marshall Islands,1972,-1.555588354224497
Marshall Islands,1973,30.713756737696286
Marshall Islands,1974,12.063494261518542
Marshall Islands,1975,-3.2222856103923903
Marshall Islands,1976,-2.8588753906850286
Marshall Islands,1977,-0.8181904838582454
Marshall Islands,1978,2.3131892497329005
Marshall Islands,1979,-1.0553272170374584
Marshall Islands,1980,-10.319475267873258
Marshall Islands,1981,2.3043147544118625
Marshall Islands,1982,0.4994896762098904
Marshall Islands,1983,10.816144514646012
Marshall Islands,1984,-0.2956045173099397
Marshall Islands,1985,-9.97363489636767
Marshall Islands,1986,19.70802056251384
Marshall Islands,1987,5.233282026143954
Marshall Islands,1988,3.986465181774946
Marshall Islands,1989,-4.544821029301886
Marshall Islands,1990,0.2766560239578126
Marshall Islands,1991,-1.9746665313680156
Marshall Islands,1992,5.2469534025756985
Marshall Islands,1993,4.419296171586424
Marshall Islands,1994,4.504074581428853
Marshall Islands,1995,6.971215732010336
Marshall Islands,1996,-11.239006206219544
Marshall Islands,1997,-7.364904389501746
Marshall Islands,1998,-1.5891001891785097
Marshall Islands,1999,-2.2879238419479293
Marshall Islands,2000,1.4360686762804278
Marshall Islands,2001,6.057837656077254
Marshall Islands,2002,3.027175495644556
Marshall Islands,2003,-1.9696187427163352
Marshall Islands,2004,-0.7006442854640085
Marshall Islands,2005,1.565522290293984
Marshall Islands,2006,0.0102519719929858
Marshall Islands,2007,3.6028398288037664
Marshall Islands,2008,-7.557463970152298
Marshall Islands,2009,3.68716247105003
Marshall Islands,2010,5.488489704124618
Marshall Islands,2011,-0.239905288671963
Marshall Islands,2012,-0.3538685462358302
Marshall Islands,2013,5.320614526342254
Marshall Islands,2014,0.4952814273033539
Marshall Islands,2015,3.965217351772552
Marshall Islands,2016,4.848125885846713
Marshall Islands,2017,6.184441279530489
Marshall Islands,2018,8.384961341701967
Marshall Islands,2019,13.659736304602376
Marshall Islands,2020,0.1890494903575899
Marshall Islands,2021,5.466158059325508
Marshall Islands,2022,2.495690097794196
Marshall Islands,2023,-1.9497339874897364
Marshall Islands,2024,5.993457083219738
Mauritania,1962,-1.9407489876378463
Mauritania,1963,-4.642995575537668
Mauritania,1964,24.143156908882887
Mauritania,1965,12.83739869460902
Mauritania,1966,-2.6827784385129263
Mauritania,1967,0.5044090375656793
Mauritania,1968,6.906115990288143
Mauritania,1969,-1.790098893095987
Mauritania,1970,8.620465789711943
Mauritania,1971,-1.2020640682604125
Mauritania,1972,-3.677135045110447
Mauritania,1973,-7.397111311229494
Mauritania,1974,8.875116814638531
Mauritania,1975,-7.892862123956064
Mauritania,1976,5.409717525037365
Mauritania,1977,-4.6641536066507285
Mauritania,1978,-3.286940982308977
Mauritania,1979,1.8612010908077248
Mauritania,1980,0.4759891068231781
Mauritania,1981,0.5290300353829593
Mauritania,1982,-5.11106824793859
Mauritania,1983,0.7932344779651572
Mauritania,1984,-5.974175104805397
Mauritania,1985,0.0652218003039024
Mauritania,1986,2.712768848018456
Mauritania,1987,-0.9920835497632936
Mauritania,1988,-1.1760582906901649
Mauritania,1989,2.1794641543438047
Mauritania,1990,-4.228685168559551
Mauritania,1991,-1.1423736870338104
Mauritania,1992,-1.9506393459166131
Mauritania,1993,1.676677978370165
Mauritania,1994,-6.298255333153222
Mauritania,1995,6.848085147839143
Mauritania,1996,3.746998156898968
Mauritania,1997,-6.158469667584001
Mauritania,1998,0.146944912525953
Mauritania,1999,0.9384019606001316
Mauritania,2000,-6.555624738498111
Mauritania,2001,-3.21840327415039
Mauritania,2002,-0.8357518658238519
Mauritania,2003,4.509219375697924
Mauritania,2004,2.3005849667018907
Mauritania,2005,5.965957147784607
Mauritania,2006,15.403944910221838
Mauritania,2007,-4.485873229193373
Mauritania,2008,-3.1555760985784502
Mauritania,2009,-2.985687286283792
Mauritania,2010,-0.6032773919634451
Mauritania,2011,0.8465092889126566
Mauritania,2012,1.1150244452106932
Mauritania,2013,0.935521308544125
Mauritania,2014,1.180702357257246
Mauritania,2015,2.2558016453798477
Mauritania,2016,-1.7297966745024669
Mauritania,2017,3.1423714799739315
Mauritania,2018,1.7025704724648278
Mauritania,2019,0.1393085245488379
Mauritania,2020,-3.228954105965854
Mauritania,2021,-2.1241772148656253
Mauritania,2022,3.7127307470940414
Mauritania,2023,3.687490105229799
Mauritania,2024,3.2855217223691966
Mauritius,1961,22.77221923167352
Mauritius,1962,-2.013536673231826
Mauritius,1963,10.961530976746076
Mauritius,1964,-9.104781115817945
Mauritius,1965,0.9193828064218366
Mauritius,1966,-5.551620516674404
Mauritius,1967,2.3729242369867194
Mauritius,1968,-8.580168729344678
Mauritius,1969,3.1257169607259243
Mauritius,1970,-2.041604700998988
Mauritius,1971,2.629747992905408
Mauritius,1972,6.715799953246872
Mauritius,1973,10.328671986433989
Mauritius,1974,7.173158824601018
Mauritius,1975,-0.6728864113632653
Mauritius,1976,21.772010655453087
Mauritius,1977,4.8278314416514405
Mauritius,1978,2.482728188010782
Mauritius,1979,1.7304916664710817
Mauritius,1980,-11.56492513339242
Mauritius,1981,4.324779863485716
Mauritius,1982,4.215300289115675
Mauritius,1983,-0.535170122849479
Mauritius,1984,3.609222391200476
Mauritius,1985,6.083876293531205
Mauritius,1986,8.90623690277333
Mauritius,1987,8.07946640916164
Mauritius,1988,6.058719163126966
Mauritius,1989,3.6680908318353858
Mauritius,1990,6.425944037061441
Mauritius,1991,3.314166399574887
Mauritius,1992,5.120444414639863
Mauritius,1993,3.843628000835153
Mauritius,1994,2.6883285166561848
Mauritius,1995,3.394776363454909
Mauritius,1996,4.513432613862605
Mauritius,1997,4.3724171399103255
Mauritius,1998,4.9625194260115535
Mauritius,1999,1.3147486670756336
Mauritius,2000,7.144715946915838
Mauritius,2001,2.5342628530189018
Mauritius,2002,0.9119102168812674
Mauritius,2003,5.16167044757961
Mauritius,2004,3.67780930188448
Mauritius,2005,1.1766990870534642
Mauritius,2006,4.3775868209085615
Mauritius,2007,5.246496965343809
Mauritius,2008,5.006539055308409
Mauritius,2009,3.0411004632039607
Mauritius,2010,4.12919884822152
Mauritius,2011,3.911001240698369
Mauritius,2012,3.2094994788002538
Mauritius,2013,3.110405554377138
Mauritius,2014,3.6391900738820766
Mauritius,2015,3.5533569656273727
Mauritius,2016,3.791130707344365
Mauritius,2017,3.844308006398947
Mauritius,2018,3.950035487273397
Mauritius,2019,2.85812532389771
Mauritius,2020,-14.548495592136206
Mauritius,2021,3.3776687343074485
Mauritius,2022,9.021163173374616
Mauritius,2023,6.174854006454481
Mauritius,2024,5.166678936889184
Mexico,1961,1.7701917694358968
Mexico,1962,1.3500665064233743
Mexico,1963,4.644003515427798
Mexico,1964,8.294290958348881
Mexico,1965,3.621091873200655
Mexico,1966,2.6380704580429466
Mexico,1967,2.4116802173071505
Mexico,1968,5.891182196349007
Mexico,1969,0.1314299275807542
Mexico,1970,3.1872932749170677
Mexico,1971,0.5996486295348831
Mexico,1972,4.988543447333811
Mexico,1973,4.689038300095731
Mexico,1974,2.7266813637002514
Mexico,1975,2.764377829919013
Mexico,1976,1.5539526984790657
Mexico,1977,0.6311977568190059
Mexico,1978,6.111974197568685
Mexico,1979,6.907930141881408
Mexico,1980,6.087866123985862
Mexico,1981,7.05382554663818
Mexico,1982,-2.2366039745555213
Mexico,1983,-6.662250183141978
Mexico,1984,1.350950568377158
Mexico,1985,-0.1676536300415421
Mexico,1986,-5.864544919384343
Mexico,1987,0.03740353614306
Mexico,1988,-0.7616129377774712
Mexico,1989,1.6464197123051747
Mexico,1990,3.2510489106452525
Mexico,1991,1.992701478246218
Mexico,1992,1.625622561114696
Mexico,1993,0.9787438037355968
Mexico,1994,2.516516227056485
Mexico,1995,-7.570493728271003
Mexico,1996,4.391272910102416
Mexico,1997,5.410535217805503
Mexico,1998,4.458526749963326
Mexico,1999,1.125116710461242
Mexico,2000,3.421405142147975
Mexico,2001,-1.9162965888934025
Mexico,2002,-1.6606305352465114
Mexico,2003,-0.2194501450732673
Mexico,2004,2.161062296453835
Mexico,2005,0.7454132519731473
Mexico,2006,3.395776775423116
Mexico,2007,0.6507887006850268
Mexico,2008,-0.5198899251839748
Mexico,2009,-7.655171731180758
Mexico,2010,3.47084287436401
Mexico,2011,1.990263277998892
Mexico,2012,2.157318304569799
Mexico,2013,-0.4478107382784912
Mexico,2014,1.2709142053195135
Mexico,2015,1.6097101058542904
Mexico,2016,0.7909552161025317
Mexico,2017,0.9234253586912048
Mexico,2018,1.0113662168676427
Mexico,2019,-1.3346217688336708
Mexico,2020,-9.102871546054216
Mexico,2021,5.343066795862612
Mexico,2022,2.9316350545895773
Mexico,2023,2.4560336456466416
Mexico,2024,0.5583735466358206
"Micronesia, Fed. Sts.",1971,-0.5901877640016977
"Micronesia, Fed. Sts.",1972,-1.5977795324068893
"Micronesia, Fed. Sts.",1973,30.354968717088468
"Micronesia, Fed. Sts.",1974,12.234880754538466
"Micronesia, Fed. Sts.",1975,-2.4176252031985115
"Micronesia, Fed. Sts.",1976,-1.9996501113823515
"Micronesia, Fed. Sts.",1977,-0.0405965358471007
"Micronesia, Fed. Sts.",1978,2.7347186468033016
"Micronesia, Fed. Sts.",1979,-1.010179313446386
"Micronesia, Fed. Sts.",1980,-10.017433117419827
"Micronesia, Fed. Sts.",1981,6.44139123488597
"Micronesia, Fed. Sts.",1982,-5.493197320424514
"Micronesia, Fed. Sts.",1983,-1.0323286495939217
"Micronesia, Fed. Sts.",1984,-6.702504951478687
"Micronesia, Fed. Sts.",1985,13.262306588429112
"Micronesia, Fed. Sts.",1986,4.984537189852631
"Micronesia, Fed. Sts.",1987,-1.5509988972641937
"Micronesia, Fed. Sts.",1988,0.1693995906866234
"Micronesia, Fed. Sts.",1989,1.5329348050932623
"Micronesia, Fed. Sts.",1990,1.802622527699356
"Micronesia, Fed. Sts.",1991,5.476473925320022
"Micronesia, Fed. Sts.",1992,1.9716397854959524
"Micronesia, Fed. Sts.",1993,5.857970775377993
"Micronesia, Fed. Sts.",1994,-2.366528006566881
"Micronesia, Fed. Sts.",1995,5.893157516310055
"Micronesia, Fed. Sts.",1996,-3.758134155480448
"Micronesia, Fed. Sts.",1997,-6.515904454691622
"Micronesia, Fed. Sts.",1998,2.5542730728269163
"Micronesia, Fed. Sts.",1999,0.8544185472499919
"Micronesia, Fed. Sts.",2000,4.2846772857641895
"Micronesia, Fed. Sts.",2001,1.529265958207077
"Micronesia, Fed. Sts.",2002,0.3690933350602847
"Micronesia, Fed. Sts.",2003,1.910490950504368
"Micronesia, Fed. Sts.",2004,-2.879000856755738
"Micronesia, Fed. Sts.",2005,2.7852421462827976
"Micronesia, Fed. Sts.",2006,0.4166155701242076
"Micronesia, Fed. Sts.",2007,-0.9643313588421448
"Micronesia, Fed. Sts.",2008,-1.7393118626836497
"Micronesia, Fed. Sts.",2009,2.0152705394000776
"Micronesia, Fed. Sts.",2010,2.4619628088171908
"Micronesia, Fed. Sts.",2011,3.631463395910558
"Micronesia, Fed. Sts.",2012,-1.8691642616223163
"Micronesia, Fed. Sts.",2013,-3.882224277316325
"Micronesia, Fed. Sts.",2014,-2.8329556973821326
"Micronesia, Fed. Sts.",2015,4.126243408866202
"Micronesia, Fed. Sts.",2016,0.6104923220211305
"Micronesia, Fed. Sts.",2017,1.7968408692537423
"Micronesia, Fed. Sts.",2018,-0.3894130598950056
"Micronesia, Fed. Sts.",2019,3.729603772739949
"Micronesia, Fed. Sts.",2020,-2.234982318362796
"Micronesia, Fed. Sts.",2021,2.4457665525579984
"Micronesia, Fed. Sts.",2022,-3.3302447973775315
"Micronesia, Fed. Sts.",2023,-0.0070949463165703
"Micronesia, Fed. Sts.",2024,0.2472593113667329
"Middle East, North Africa, Afghanistan & Pakistan",1961,3.431168725226911
"Middle East, North Africa, Afghanistan & Pakistan",1962,2.7020295353817403
"Middle East, North Africa, Afghanistan & Pakistan",1963,7.648753956078579
"Middle East, North Africa, Afghanistan & Pakistan",1964,6.652998041435836
"Middle East, North Africa, Afghanistan & Pakistan",1965,8.820192690638606
"Middle East, North Africa, Afghanistan & Pakistan",1966,3.765134667417641
"Middle East, North Africa, Afghanistan & Pakistan",1967,4.753505481801952
"Middle East, North Africa, Afghanistan & Pakistan",1968,9.16453473404411
"Middle East, North Africa, Afghanistan & Pakistan",1969,7.324841217551281
"Middle East, North Africa, Afghanistan & Pakistan",1970,14.125238477984295
"Middle East, North Africa, Afghanistan & Pakistan",1971,5.956999642926348
"Middle East, North Africa, Afghanistan & Pakistan",1972,10.443998734525238
"Middle East, North Africa, Afghanistan & Pakistan",1973,8.012856907419035
"Middle East, North Africa, Afghanistan & Pakistan",1974,5.610649940355401
"Middle East, North Africa, Afghanistan & Pakistan",1975,-2.8178006874016006
"Middle East, North Africa, Afghanistan & Pakistan",1976,10.430065994892772
"Middle East, North Africa, Afghanistan & Pakistan",1977,0.6743627617165942
"Middle East, North Africa, Afghanistan & Pakistan",1978,-3.263337478348191
"Middle East, North Africa, Afghanistan & Pakistan",1979,2.375958523629734
"Middle East, North Africa, Afghanistan & Pakistan",1980,-1.706656446875343
"Middle East, North Africa, Afghanistan & Pakistan",1981,-2.6178974369130543
"Middle East, North Africa, Afghanistan & Pakistan",1982,-4.349328431321069
"Middle East, North Africa, Afghanistan & Pakistan",1983,-3.522098143014631
"Middle East, North Africa, Afghanistan & Pakistan",1984,-3.0567602133256884
"Middle East, North Africa, Afghanistan & Pakistan",1985,-2.565806466750928
"Middle East, North Africa, Afghanistan & Pakistan",1986,-4.581108010253558
"Middle East, North Africa, Afghanistan & Pakistan",1987,-2.1091878339231585
"Middle East, North Africa, Afghanistan & Pakistan",1988,-0.7656031011224371
"Middle East, North Africa, Afghanistan & Pakistan",1989,0.7964539755880082
"Middle East, North Africa, Afghanistan & Pakistan",1990,5.006034963460593
"Middle East, North Africa, Afghanistan & Pakistan",1991,-0.627067374323957
"Middle East, North Africa, Afghanistan & Pakistan",1992,3.239415203717556
"Middle East, North Africa, Afghanistan & Pakistan",1993,-0.3143349685752667
"Middle East, North Africa, Afghanistan & Pakistan",1994,0.4456583954474951
"Middle East, North Africa, Afghanistan & Pakistan",1995,0.6559241847352837
"Middle East, North Africa, Afghanistan & Pakistan",1996,2.5555834993900675
"Middle East, North Africa, Afghanistan & Pakistan",1997,1.645615417580217
"Middle East, North Africa, Afghanistan & Pakistan",1998,1.7011401014699743
"Middle East, North Africa, Afghanistan & Pakistan",1999,0.3677936950046785
"Middle East, North Africa, Afghanistan & Pakistan",2000,3.910589594566801
"Middle East, North Africa, Afghanistan & Pakistan",2001,-0.3781487155810197
"Middle East, North Africa, Afghanistan & Pakistan",2002,-0.2216568425101286
"Middle East, North Africa, Afghanistan & Pakistan",2003,2.301762372549703
"Middle East, North Africa, Afghanistan & Pakistan",2004,5.407079930537279
"Middle East, North Africa, Afghanistan & Pakistan",2005,2.8041445613257423
"Middle East, North Africa, Afghanistan & Pakistan",2006,3.442440160903743
"Middle East, North Africa, Afghanistan & Pakistan",2007,2.7370780210553107
"Middle East, North Africa, Afghanistan & Pakistan",2008,1.9224713494593573
"Middle East, North Africa, Afghanistan & Pakistan",2009,-1.2488335294928987
"Middle East, North Africa, Afghanistan & Pakistan",2010,2.6793214526030056
"Middle East, North Africa, Afghanistan & Pakistan",2011,1.5307569849661178
"Middle East, North Africa, Afghanistan & Pakistan",2012,1.979065583190092
"Middle East, North Africa, Afghanistan & Pakistan",2013,0.239741354009638
"Middle East, North Africa, Afghanistan & Pakistan",2014,1.1144261287802522
"Middle East, North Africa, Afghanistan & Pakistan",2015,0.7692779174025759
"Middle East, North Africa, Afghanistan & Pakistan",2016,2.6080161291112063
"Middle East, North Africa, Afghanistan & Pakistan",2017,0.3918907848571251
"Middle East, North Africa, Afghanistan & Pakistan",2018,0.7911652362728887
"Middle East, North Africa, Afghanistan & Pakistan",2019,-0.0982006174738359
"Middle East, North Africa, Afghanistan & Pakistan",2020,-5.330094046859585
"Middle East, North Africa, Afghanistan & Pakistan",2021,3.507364248116801
"Middle East, North Africa, Afghanistan & Pakistan",2022,4.43679682623204
"Middle East, North Africa, Afghanistan & Pakistan",2023,0.278616203328113
"Middle East, North Africa, Afghanistan & Pakistan",2024,0.1853881274011399
"Middle East, North Africa, Afghanistan & Pakistan (IDA & IBRD)",1961,1.142543723541408
"Middle East, North Africa, Afghanistan & Pakistan (IDA & IBRD)",1962,0.0173357651938772
"Middle East, North Africa, Afghanistan & Pakistan (IDA & IBRD)",1963,8.350656510287351
"Middle East, North Africa, Afghanistan & Pakistan (IDA & IBRD)",1964,7.301415995529155
"Middle East, North Africa, Afghanistan & Pakistan (IDA & IBRD)",1965,9.281761341641584
"Middle East, North Africa, Afghanistan & Pakistan (IDA & IBRD)",1966,4.295123914624213
"Middle East, North Africa, Afghanistan & Pakistan (IDA & IBRD)",1967,4.64543540003055
"Middle East, North Africa, Afghanistan & Pakistan (IDA & IBRD)",1968,9.351711008176425
"Middle East, North Africa, Afghanistan & Pakistan (IDA & IBRD)",1969,7.989929638161158
"Middle East, North Africa, Afghanistan & Pakistan (IDA & IBRD)",1970,5.730717131213581
"Middle East, North Africa, Afghanistan & Pakistan (IDA & IBRD)",1971,2.729194080567268
"Middle East, North Africa, Afghanistan & Pakistan (IDA & IBRD)",1972,8.898976403814473
"Middle East, North Africa, Afghanistan & Pakistan (IDA & IBRD)",1973,2.586642244328516
"Middle East, North Africa, Afghanistan & Pakistan (IDA & IBRD)",1974,4.426791138011922
"Middle East, North Africa, Afghanistan & Pakistan (IDA & IBRD)",1975,0.1722340142936644
"Middle East, North Africa, Afghanistan & Pakistan (IDA & IBRD)",1976,11.79896137426482
"Middle East, North Africa, Afghanistan & Pakistan (IDA & IBRD)",1977,-1.2737169994725122
"Middle East, North Africa, Afghanistan & Pakistan (IDA & IBRD)",1978,-4.721155672609655
"Middle East, North Africa, Afghanistan & Pakistan (IDA & IBRD)",1979,-3.466622938541235
"Middle East, North Africa, Afghanistan & Pakistan (IDA & IBRD)",1980,-6.227987780674965
"Middle East, North Africa, Afghanistan & Pakistan (IDA & IBRD)",1981,-4.4474041678563765
"Middle East, North Africa, Afghanistan & Pakistan (IDA & IBRD)",1982,7.574413654542369
"Middle East, North Africa, Afghanistan & Pakistan (IDA & IBRD)",1983,1.553610854482315
"Middle East, North Africa, Afghanistan & Pakistan (IDA & IBRD)",1984,-2.9491648486010007
"Middle East, North Africa, Afghanistan & Pakistan (IDA & IBRD)",1985,1.1486365358166069
"Middle East, North Africa, Afghanistan & Pakistan (IDA & IBRD)",1986,-4.772567486667072
"Middle East, North Africa, Afghanistan & Pakistan (IDA & IBRD)",1987,-1.9956930303756764
"Middle East, North Africa, Afghanistan & Pakistan (IDA & IBRD)",1988,-1.15203345557849
"Middle East, North Africa, Afghanistan & Pakistan (IDA & IBRD)",1989,-0.129117337547072
"Middle East, North Africa, Afghanistan & Pakistan (IDA & IBRD)",1990,6.754080676321877
"Middle East, North Africa, Afghanistan & Pakistan (IDA & IBRD)",1991,-1.5800717608493784
"Middle East, North Africa, Afghanistan & Pakistan (IDA & IBRD)",1992,2.121141626050573
"Middle East, North Africa, Afghanistan & Pakistan (IDA & IBRD)",1993,-1.1358028621328344
"Middle East, North Africa, Afghanistan & Pakistan (IDA & IBRD)",1994,-0.247020584912093
"Middle East, North Africa, Afghanistan & Pakistan (IDA & IBRD)",1995,0.4573830863478179
"Middle East, North Africa, Afghanistan & Pakistan (IDA & IBRD)",1996,3.514625638373886
"Middle East, North Africa, Afghanistan & Pakistan (IDA & IBRD)",1997,1.021491925149732
"Middle East, North Africa, Afghanistan & Pakistan (IDA & IBRD)",1998,2.945098699529453
"Middle East, North Africa, Afghanistan & Pakistan (IDA & IBRD)",1999,1.8115085128982005
"Middle East, North Africa, Afghanistan & Pakistan (IDA & IBRD)",2000,3.5332839729136083
"Middle East, North Africa, Afghanistan & Pakistan (IDA & IBRD)",2001,0.6918845264570166
"Middle East, North Africa, Afghanistan & Pakistan (IDA & IBRD)",2002,1.0819962013334674
"Middle East, North Africa, Afghanistan & Pakistan (IDA & IBRD)",2003,0.5137312693570522
"Middle East, North Africa, Afghanistan & Pakistan (IDA & IBRD)",2004,5.212767599916418
"Middle East, North Africa, Afghanistan & Pakistan (IDA & IBRD)",2005,2.555662187842003
"Middle East, North Africa, Afghanistan & Pakistan (IDA & IBRD)",2006,3.0699936293070635
"Middle East, North Africa, Afghanistan & Pakistan (IDA & IBRD)",2007,3.547211253560661
"Middle East, North Africa, Afghanistan & Pakistan (IDA & IBRD)",2008,1.2261925873851425
"Middle East, North Africa, Afghanistan & Pakistan (IDA & IBRD)",2009,0.5492596311791544
"Middle East, North Africa, Afghanistan & Pakistan (IDA & IBRD)",2010,2.583431371730626
"Middle East, North Africa, Afghanistan & Pakistan (IDA & IBRD)",2011,-2.508679280449229
"Middle East, North Africa, Afghanistan & Pakistan (IDA & IBRD)",2012,1.4884752102470884
"Middle East, North Africa, Afghanistan & Pakistan (IDA & IBRD)",2013,-0.8164677539926259
"Middle East, North Africa, Afghanistan & Pakistan (IDA & IBRD)",2014,0.5484176751134697
"Middle East, North Africa, Afghanistan & Pakistan (IDA & IBRD)",2015,-0.6207398383032086
"Middle East, North Africa, Afghanistan & Pakistan (IDA & IBRD)",2016,3.831684286045075
"Middle East, North Africa, Afghanistan & Pakistan (IDA & IBRD)",2017,1.7008946494120494
"Middle East, North Africa, Afghanistan & Pakistan (IDA & IBRD)",2018,0.3283314159186545
"Middle East, North Africa, Afghanistan & Pakistan (IDA & IBRD)",2019,-0.3969162119499572
"Middle East, North Africa, Afghanistan & Pakistan (IDA & IBRD)",2020,-4.255119744661016
"Middle East, North Africa, Afghanistan & Pakistan (IDA & IBRD)",2021,2.55215277928977
"Middle East, North Africa, Afghanistan & Pakistan (IDA & IBRD)",2022,2.5822446001366046
"Middle East, North Africa, Afghanistan & Pakistan (IDA & IBRD)",2023,1.1380240849451866
"Middle East, North Africa, Afghanistan & Pakistan (IDA & IBRD)",2024,0.6825983304288741
"Middle East, North Africa, Afghanistan & Pakistan (excluding high income)",1961,1.1425437235414364
"Middle East, North Africa, Afghanistan & Pakistan (excluding high income)",1962,0.0173357651938488
"Middle East, North Africa, Afghanistan & Pakistan (excluding high income)",1963,8.350656510287322
"Middle East, North Africa, Afghanistan & Pakistan (excluding high income)",1964,7.30141599552914
"Middle East, North Africa, Afghanistan & Pakistan (excluding high income)",1965,9.281761341641626
"Middle East, North Africa, Afghanistan & Pakistan (excluding high income)",1966,4.295123914624185
"Middle East, North Africa, Afghanistan & Pakistan (excluding high income)",1967,4.64543540003055
"Middle East, North Africa, Afghanistan & Pakistan (excluding high income)",1968,9.351711008176435
"Middle East, North Africa, Afghanistan & Pakistan (excluding high income)",1969,7.989929638161186
"Middle East, North Africa, Afghanistan & Pakistan (excluding high income)",1970,5.730717131213609
"Middle East, North Africa, Afghanistan & Pakistan (excluding high income)",1971,2.729194080567268
"Middle East, North Africa, Afghanistan & Pakistan (excluding high income)",1972,8.89897640381443
"Middle East, North Africa, Afghanistan & Pakistan (excluding high income)",1973,2.5866422443285444
"Middle East, North Africa, Afghanistan & Pakistan (excluding high income)",1974,4.426791138011879
"Middle East, North Africa, Afghanistan & Pakistan (excluding high income)",1975,0.1722340142936644
"Middle East, North Africa, Afghanistan & Pakistan (excluding high income)",1976,11.798961374264834
"Middle East, North Africa, Afghanistan & Pakistan (excluding high income)",1977,-1.2737169994724835
"Middle East, North Africa, Afghanistan & Pakistan (excluding high income)",1978,-4.721155672609669
"Middle East, North Africa, Afghanistan & Pakistan (excluding high income)",1979,-3.466622938541235
"Middle East, North Africa, Afghanistan & Pakistan (excluding high income)",1980,-6.227987780674965
"Middle East, North Africa, Afghanistan & Pakistan (excluding high income)",1981,-4.4474041678563765
"Middle East, North Africa, Afghanistan & Pakistan (excluding high income)",1982,7.574413654542326
"Middle East, North Africa, Afghanistan & Pakistan (excluding high income)",1983,1.553610854482315
"Middle East, North Africa, Afghanistan & Pakistan (excluding high income)",1984,-2.949164848600944
"Middle East, North Africa, Afghanistan & Pakistan (excluding high income)",1985,1.148636535816621
"Middle East, North Africa, Afghanistan & Pakistan (excluding high income)",1986,-4.772567486667114
"Middle East, North Africa, Afghanistan & Pakistan (excluding high income)",1987,-1.9956930303757048
"Middle East, North Africa, Afghanistan & Pakistan (excluding high income)",1988,-1.1520334555784757
"Middle East, North Africa, Afghanistan & Pakistan (excluding high income)",1989,-0.1291173375471004
"Middle East, North Africa, Afghanistan & Pakistan (excluding high income)",1990,6.1695994388286834
"Middle East, North Africa, Afghanistan & Pakistan (excluding high income)",1991,-1.5891973524613974
"Middle East, North Africa, Afghanistan & Pakistan (excluding high income)",1992,2.1112140123492225
"Middle East, North Africa, Afghanistan & Pakistan (excluding high income)",1993,-1.146019697536289
"Middle East, North Africa, Afghanistan & Pakistan (excluding high income)",1994,-0.2583272289245855
"Middle East, North Africa, Afghanistan & Pakistan (excluding high income)",1995,0.4705679125917754
"Middle East, North Africa, Afghanistan & Pakistan (excluding high income)",1996,3.4712045558799645
"Middle East, North Africa, Afghanistan & Pakistan (excluding high income)",1997,1.0760157394380911
"Middle East, North Africa, Afghanistan & Pakistan (excluding high income)",1998,3.003588539843662
"Middle East, North Africa, Afghanistan & Pakistan (excluding high income)",1999,1.8396154561446136
"Middle East, North Africa, Afghanistan & Pakistan (excluding high income)",2000,3.422373269171814
"Middle East, North Africa, Afghanistan & Pakistan (excluding high income)",2001,0.6102027425954049
"Middle East, North Africa, Afghanistan & Pakistan (excluding high income)",2002,0.9891631934199978
"Middle East, North Africa, Afghanistan & Pakistan (excluding high income)",2003,0.5661067027662057
"Middle East, North Africa, Afghanistan & Pakistan (excluding high income)",2004,5.287712724448596
"Middle East, North Africa, Afghanistan & Pakistan (excluding high income)",2005,2.5926218471342395
"Middle East, North Africa, Afghanistan & Pakistan (excluding high income)",2006,3.026584151789848
"Middle East, North Africa, Afghanistan & Pakistan (excluding high income)",2007,3.5323204710119995
"Middle East, North Africa, Afghanistan & Pakistan (excluding high income)",2008,1.2460818138144705
"Middle East, North Africa, Afghanistan & Pakistan (excluding high income)",2009,0.5820762107142201
"Middle East, North Africa, Afghanistan & Pakistan (excluding high income)",2010,2.586725194269775
"Middle East, North Africa, Afghanistan & Pakistan (excluding high income)",2011,-2.4452298200498035
"Middle East, North Africa, Afghanistan & Pakistan (excluding high income)",2012,1.503906989397862
"Middle East, North Africa, Afghanistan & Pakistan (excluding high income)",2013,-0.7928792646322478
"Middle East, North Africa, Afghanistan & Pakistan (excluding high income)",2014,0.5252180624511311
"Middle East, North Africa, Afghanistan & Pakistan (excluding high income)",2015,-0.6048429918945573
"Middle East, North Africa, Afghanistan & Pakistan (excluding high income)",2016,3.8530480707976262
"Middle East, North Africa, Afghanistan & Pakistan (excluding high income)",2017,1.682823360241727
"Middle East, North Africa, Afghanistan & Pakistan (excluding high income)",2018,0.3161706777697901
"Middle East, North Africa, Afghanistan & Pakistan (excluding high income)",2019,-0.4021427746870643
"Middle East, North Africa, Afghanistan & Pakistan (excluding high income)",2020,-4.327654417148366
"Middle East, North Africa, Afghanistan & Pakistan (excluding high income)",2021,2.565775936779445
"Middle East, North Africa, Afghanistan & Pakistan (excluding high income)",2022,2.5751616628144376
"Middle East, North Africa, Afghanistan & Pakistan (excluding high income)",2023,1.0795447116969117
"Middle East, North Africa, Afghanistan & Pakistan (excluding high income)",2024,0.4841581241057611
Middle income,1961,-0.2220842347766165
Middle income,1962,1.2797933887182469
Middle income,1963,2.3374063566192262
Middle income,1964,5.521292900570685
Middle income,1965,3.619852548981356
Middle income,1966,2.378662172741897
Middle income,1967,0.7201720819051758
Middle income,1968,3.5880076422795497
Middle income,1969,5.589795086669099
Middle income,1970,5.450698282147684
Middle income,1971,3.639968743285877
Middle income,1972,3.798336613923709
Middle income,1973,4.540192113730981
Middle income,1974,3.6493597756979312
Middle income,1975,2.055594490981136
Middle income,1976,4.096425942668432
Middle income,1977,2.483775830282781
Middle income,1978,1.683111769786123
Middle income,1979,2.5647378351539345
Middle income,1980,2.629456782548175
Middle income,1981,-0.2159997996040488
Middle income,1982,0.7371751732671044
Middle income,1983,-0.5027637439666535
Middle income,1984,2.657010922642882
Middle income,1985,2.416938817132348
Middle income,1986,1.580653877334086
Middle income,1987,2.491009260332561
Middle income,1988,2.004660294011103
Middle income,1989,1.065436936054212
Middle income,1990,1.198044493820845
Middle income,1991,0.9796842827296928
Middle income,1992,2.4885629801440814
Middle income,1993,3.3078608803129583
Middle income,1994,3.46781889796668
Middle income,1995,2.897697052067457
Middle income,1996,4.557682989791132
Middle income,1997,3.979437755877086
Middle income,1998,1.690324405953291
Middle income,1999,2.148455201332226
Middle income,2000,4.067333142592972
Middle income,2001,2.155387336486569
Middle income,2002,3.350157391677272
Middle income,2003,4.5245583623994605
Middle income,2004,6.286809914819315
Middle income,2005,5.989510447024074
Middle income,2006,6.8906187884931285
Middle income,2007,7.540011697187225
Middle income,2008,4.630407333557201
Middle income,2009,2.724069054081795
Middle income,2010,6.84534343864857
Middle income,2011,5.142544509245184
Middle income,2012,4.31380022697256
Middle income,2013,4.342121225990468
Middle income,2014,3.915683041261701
Middle income,2015,3.5597739080564423
Middle income,2016,3.596034104841678
Middle income,2017,4.187231619656345
Middle income,2018,3.882917641653179
Middle income,2019,3.1038234359537284
Middle income,2020,-2.060944889535449
Middle income,2021,6.554501634828711
Middle income,2022,3.220672578355277
Middle income,2023,4.08594204461366
Middle income,2024,3.5430151522329822
Moldova,1991,-16.102944831188537
Moldova,1992,-29.08570558676212
Moldova,1993,-1.0340366120967983
Moldova,1994,-30.68522912248909
Moldova,1995,-0.9477652025498172
Moldova,1996,-5.688417960958532
Moldova,1997,2.0236873523371344
Moldova,1998,-6.504429764283358
Moldova,1999,-3.216413267390166
Moldova,2000,2.315585604822317
Moldova,2001,6.337532693928026
Moldova,2002,8.049932249164655
Moldova,2003,6.9006112835132285
Moldova,2004,7.666087053360954
Moldova,2005,7.761886244679857
Moldova,2006,5.09166801572276
Moldova,2007,3.238946835622002
Moldova,2008,8.005391954835588
Moldova,2009,-5.881237714619687
Moldova,2010,7.206974611367073
Moldova,2011,5.879385123389682
Moldova,2012,-0.576700868382531
Moldova,2013,9.073075576600502
Moldova,2014,5.063665810429114
Moldova,2015,0.4291588879770955
Moldova,2016,5.870175764291361
Moldova,2017,5.990411998222456
Moldova,2018,5.920367181907224
Moldova,2019,5.222809849620489
Moldova,2020,-7.263269767719066
Moldova,2021,15.655797612201482
Moldova,2022,-2.0664042871333947
Moldova,2023,4.118136110778806
Moldova,2024,2.4147621301126208
Monaco,1971,3.742295991975951
Monaco,1972,3.444487863262637
Monaco,1973,5.661276288544244
Monaco,1974,3.7997799989677503
Monaco,1975,-2.001745379604685
Monaco,1976,2.818943193997555
Monaco,1977,2.0633748823542817
Monaco,1978,2.6563297649769595
Monaco,1979,2.4292548768078746
Monaco,1980,0.8231443591458714
Monaco,1981,0.2900650731285026
Monaco,1982,1.4363486791816342
Monaco,1983,-0.2491180088428422
Monaco,1984,0.0672540922531368
Monaco,1985,0.3811871576533008
Monaco,1986,1.1775646965941178
Monaco,1987,1.2559843897119691
Monaco,1988,3.4219945281629123
Monaco,1989,3.114543874576526
Monaco,1990,1.7170325866826772
Monaco,1991,0.1344421097563213
Monaco,1992,0.5067936513064382
Monaco,1993,-1.7063283157576734
Monaco,1994,1.4369936548082478
Monaco,1995,1.3611843481961898
Monaco,1996,0.3866294368416163
Monaco,1997,1.5166174483178736
Monaco,1998,2.848892603699767
Monaco,1999,2.8447544517336496
Monaco,2000,3.766154735877308
Monaco,2001,2.2129286812945423
Monaco,2002,1.1043972228752352
Monaco,2003,1.2374161346144348
Monaco,2004,2.682991421492062
Monaco,2005,2.2022708353393483
Monaco,2006,6.322689524244623
Monaco,2007,15.228300415346922
Monaco,2008,0.7500357732653384
Monaco,2009,-12.783472519723489
Monaco,2010,-0.3938495313037862
Monaco,2011,4.553774329995903
Monaco,2012,-1.2140022982889462
Monaco,2013,7.301905941509304
Monaco,2014,5.166590277731501
Monaco,2015,3.115104908970025
Monaco,2016,1.5742397506906656
Monaco,2017,-4.238910939662745
Monaco,2018,4.379239971249959
Monaco,2019,7.247380375677466
Monaco,2020,-13.104574137618812
Monaco,2021,20.718867366102927
Monaco,2022,10.1116479795959
Monaco,2023,5.376282268105939
Monaco,2024,9.423429429773606
Mongolia,1982,5.762662584818173
Mongolia,1983,3.303869536682072
Mongolia,1984,3.375609373483641
Mongolia,1985,3.118070651143242
Mongolia,1986,6.630804304545436
Mongolia,1987,0.807482244578523
Mongolia,1988,2.398571316012621
Mongolia,1989,1.830810283567729
Mongolia,1990,-2.0092735745960084
Mongolia,1991,-11.503231019836306
Mongolia,1992,-9.35893880867637
Mongolia,1993,-3.049828248085632
Mongolia,1994,1.0024303535204382
Mongolia,1995,4.676752523363746
Mongolia,1996,0.6712795629196648
Mongolia,1997,2.434973980383617
Mongolia,1998,1.9142707948798967
Mongolia,1999,1.62700695420628
Mongolia,2000,-0.1873910496533142
Mongolia,2001,1.6985850230427817
Mongolia,2002,3.395455999019532
Mongolia,2003,5.652308561728731
Mongolia,2004,9.388880567649068
Mongolia,2005,6.069878149904355
Mongolia,2006,7.255463562407556
Mongolia,2007,8.778438288262606
Mongolia,2008,7.196699125963761
Mongolia,2009,-3.0264637432636903
Mongolia,2010,4.5200403965167055
Mongolia,2011,15.283043493164383
Mongolia,2012,10.208146086769403
Mongolia,2013,9.364878416583892
Mongolia,2014,5.5513088464518034
Mongolia,2015,0.2235390881543111
Mongolia,2016,-0.5470714624312052
Mongolia,2017,3.622007010372698
Mongolia,2018,5.7542701655270605
Mongolia,2019,3.679884212397937
Mongolia,2020,-6.265423782891105
Mongolia,2021,-0.0614212834574061
Mongolia,2022,3.5030776686689933
Mongolia,2023,5.959523332289734
Mongolia,2024,3.820451812546338
Montenegro,1998,5.220750291207992
Montenegro,1999,-9.151670806217766
Montenegro,2000,3.27911916013548
Montenegro,2001,0.6938674016715822
Montenegro,2002,1.496373122454003
Montenegro,2003,2.0744137968754472
Montenegro,2004,4.24115443247463
Montenegro,2005,4.026604842761586
Montenegro,2006,8.431554010497038
Montenegro,2007,6.989684254078952
Montenegro,2008,6.709049344554387
Montenegro,2009,-6.195901907436806
Montenegro,2010,2.5874443549634805
Montenegro,2011,3.25692677248162
Montenegro,2012,-2.65570357284696
Montenegro,2013,3.1920026066843974
Montenegro,2014,2.180419406788772
Montenegro,2015,2.3741987442469394
Montenegro,2016,3.323188176159192
Montenegro,2017,3.112970731464216
Montenegro,2018,4.656683402852636
Montenegro,2019,4.341448285211342
Montenegro,2020,-14.970505034481988
Montenegro,2021,13.324240534367874
Montenegro,2022,7.992140690711835
Montenegro,2023,6.488950407689529
Montenegro,2024,3.164760675408445
Morocco,1967,7.0839118825957
Morocco,1968,6.953817861692471
Morocco,1969,5.491123386412241
Morocco,1970,1.9216948935815596
Morocco,1971,2.8580489107293374
Morocco,1972,-0.1039945707056517
Morocco,1973,1.0279297359495416
Morocco,1974,3.043166641137617
Morocco,1975,5.013495001787604
Morocco,1976,8.167925879552953
Morocco,1977,3.400827013374027
Morocco,1978,-0.3888068192995177
Morocco,1979,2.0871868105478057
Morocco,1980,0.9065088242537342
Morocco,1981,-4.357022449310335
Morocco,1982,6.095585340327972
Morocco,1983,-1.2267530728956189
Morocco,1984,3.781666461697668
Morocco,1985,3.5043763996022363
Morocco,1986,6.906631474053015
Morocco,1987,-2.2959945064214224
Morocco,1988,9.74037643742669
Morocco,1989,0.9507648054133
Morocco,1990,1.5513814457275714
Morocco,1991,5.374165378436118
Morocco,1992,-3.7128772623033086
Morocco,1993,-2.3082713662061
Morocco,1994,8.934930147759431
Morocco,1995,-6.850937355615542
Morocco,1996,10.62617699172334
Morocco,1997,-3.058480499353749
Morocco,1998,5.6191020810503005
Morocco,1999,0.1935272687025815
Morocco,2000,1.119234491717421
Morocco,2001,6.224629017007516
Morocco,2002,2.334860557076837
Morocco,2003,4.797592793512877
Morocco,2004,3.207134712394378
Morocco,2005,1.7849497198146196
Morocco,2006,6.31205425044466
Morocco,2007,2.033027044203536
Morocco,2008,4.249780335170712
Morocco,2009,2.343925498420859
Morocco,2010,2.079764887205755
Morocco,2011,4.065610205866292
Morocco,2012,1.6638463835719364
Morocco,2013,2.757864877803698
Morocco,2014,1.4385249531453326
Morocco,2015,3.106347191915134
Morocco,2016,-0.6936166020375651
Morocco,2017,3.783712091163707
Morocco,2018,1.9141066327099447
Morocco,2019,1.816420555729053
Morocco,2020,-8.138669504058356
Morocco,2021,7.060629957482803
Morocco,2022,0.7790781504135964
Morocco,2023,2.5879346468235696
Morocco,2024,2.7749446791754053
Mozambique,1981,2.89507009127341
Mozambique,1982,-8.917546545503853
Mozambique,1983,-17.4416877347159
Mozambique,1984,-8.338212496050232
Mozambique,1985,-0.8752594650063656
Mozambique,1986,-3.9955460779277994
Mozambique,1987,14.234887785034104
Mozambique,1988,8.386091059298991
Mozambique,1989,5.623008733691634
Mozambique,1990,-0.4477249166468482
Mozambique,1991,2.901508579040595
Mozambique,1992,-9.35015950296335
Mozambique,1993,7.483208487732298
Mozambique,1994,-0.5170891575961889
Mozambique,1995,-3.806416615684725
Mozambique,1996,7.125514663045024
Mozambique,1997,8.796915518554258
Mozambique,1998,7.883878089213866
Mozambique,1999,9.332531138129866
Mozambique,2000,-1.4300274571954643
Mozambique,2001,10.367447679430626
Mozambique,2002,7.23540386040537
Mozambique,2003,4.8174311218535735
Mozambique,2004,5.762294958968184
Mozambique,2005,3.881241087325946
Mozambique,2006,7.359387898493864
Mozambique,2007,5.118134814042946
Mozambique,2008,4.275022963051384
Mozambique,2009,3.219648614927621
Mozambique,2010,3.861945687438834
Mozambique,2011,4.190338819873787
Mozambique,2012,4.938054790954794
Mozambique,2013,3.535004571923864
Mozambique,2014,4.625141597943156
Mozambique,2015,4.322312866124861
Mozambique,2016,1.6731978985938838
Mozambique,2017,-0.3837143090920705
Mozambique,2018,0.4456743386316049
Mozambique,2019,-0.6462835159545506
Mozambique,2020,-4.105273994847366
Mozambique,2021,-0.6063164369979859
Mozambique,2022,1.3333599737992614
Mozambique,2023,2.4115686626646777
Mozambique,2024,-0.7910017896662254
Myanmar,1961,-1.701259405735044
Myanmar,1962,1.8215602392705108
Myanmar,1963,10.865405464074598
Myanmar,1964,-7.971034806753977
Myanmar,1965,8.221081853503037
Myanmar,1966,-6.985885862316053
Myanmar,1967,-8.035602663298604
Myanmar,1968,9.544620863583988
Myanmar,1969,0.978225674449007
Myanmar,1970,2.6325017280398413
Myanmar,1971,1.8299505187153928
Myanmar,1972,0.1978123826288822
Myanmar,1973,-3.008592152953909
Myanmar,1974,3.3073659461868345
Myanmar,1975,2.1564011697249725
Myanmar,1976,4.072357414572636
Myanmar,1977,3.934490771943388
Myanmar,1978,4.46225115146774
Myanmar,1979,3.188770592623541
Myanmar,1980,5.889859209300255
Myanmar,1981,4.3718657696796726
Myanmar,1982,3.692322741159799
Myanmar,1983,2.373050408432249
Myanmar,1984,2.7796718493492136
Myanmar,1985,0.8190943296550728
Myanmar,1986,-2.8923637538198648
Myanmar,1987,-5.665847512487417
Myanmar,1988,-12.79771137939457
Myanmar,1989,2.0725130117562003
Myanmar,1990,1.2608018128504597
Myanmar,1991,-2.0695092848205547
Myanmar,1992,8.171526314737918
Myanmar,1993,4.62881857490504
Myanmar,1994,6.065418344485977
Myanmar,1995,5.56695024355048
Myanmar,1996,5.087303376785044
Myanmar,1997,4.312620803453456
Myanmar,1998,4.552997609755522
Myanmar,1999,9.632420640277118
Myanmar,2000,12.482374612358996
Myanmar,2001,10.175612356949417
Myanmar,2002,10.90722712658136
Myanmar,2003,12.783944754293472
Myanmar,2004,12.595753891026533
Myanmar,2005,12.684132660310569
Myanmar,2006,12.255524024474568
Myanmar,2007,11.200437821892734
Myanmar,2008,9.649811132777517
Myanmar,2009,9.93736426370333
Myanmar,2010,8.820589435358727
Myanmar,2011,4.746580785946605
Myanmar,2012,6.433248076398428
Myanmar,2013,7.508738815210748
Myanmar,2014,7.275686185090379
Myanmar,2015,6.1396000781747375
Myanmar,2016,5.026521188535966
Myanmar,2017,5.319574035056675
Myanmar,2018,5.501797463632215
Myanmar,2019,5.833094747341349
Myanmar,2020,-9.693060344823351
Myanmar,2021,-12.62710000817799
Myanmar,2022,3.322028414617037
Myanmar,2023,0.255328677987336
Myanmar,2024,-1.6376094528404792
Namibia,1981,-0.1543440113542118
Namibia,1982,-2.153704675734076
Namibia,1983,-4.397588557008163
Namibia,1984,-2.902072688405994
Namibia,1985,-2.366051783498307
Namibia,1986,1.6003013261639154
Namibia,1987,0.2900967077954703
Namibia,1988,-2.6709456709103563
Namibia,1989,-4.404113072761504
Namibia,1990,-3.941079989493218
Namibia,1991,4.621863139433472
Namibia,1992,3.84175231745985
Namibia,1993,-4.670066503184671
Namibia,1994,-1.3820153423641273
Namibia,1995,0.9246530819835072
Namibia,1996,0.4372412027175301
Namibia,1997,1.5572579362727057
Namibia,1998,0.699616557473064
Namibia,1999,0.8307965149013228
Namibia,2000,1.086248610820789
Namibia,2001,-0.9142613116450208
Namibia,2002,2.9633135653419203
Namibia,2003,2.745127953001216
Namibia,2004,10.846409567190603
Namibia,2005,1.251936345264724
Namibia,2006,5.712860996262975
Namibia,2007,3.979636409984295
Namibia,2008,1.222883291667884
Namibia,2009,-1.1687387971028187
Namibia,2010,4.4099687760363935
Namibia,2011,3.3034890846583664
Namibia,2012,2.748093671298932
Namibia,2013,2.9020837566377367
Namibia,2014,3.356350179447133
Namibia,2015,1.5344582619200935
Namibia,2016,-2.6283321041971703
Namibia,2017,-3.69773452685817
Namibia,2018,-1.7034266463266905
Namibia,2019,-3.57649160039189
Namibia,2020,-10.737293113449653
Namibia,2021,0.5889926644018431
Namibia,2022,2.5130880822762123
Namibia,2023,1.8544487032495736
Namibia,2024,1.417120416043076
Nauru,1971,2.107095158399602
Nauru,1972,2.143114570497076
Nauru,1973,2.08910826191115
Nauru,1974,2.0511810714158685
Nauru,1975,1.955851892114396
Nauru,1976,-3.876077791382429
Nauru,1977,-4.159919113799219
Nauru,1978,-4.614464540299849
Nauru,1979,-5.029006643246717
Nauru,1980,-5.116415957822426
Nauru,1981,-5.172254152960662
Nauru,1982,-5.246328334389389
Nauru,1983,-4.898569564921203
Nauru,1984,-4.684540612980584
Nauru,1985,-4.794280012236925
Nauru,1986,-4.940060225992298
Nauru,1987,-5.032864602524256
Nauru,1988,-5.138965266964107
Nauru,1989,-5.14541974597546
Nauru,1990,-5.1599723888407
Nauru,1991,-20.86885499417733
Nauru,1992,-17.689252937969513
Nauru,1993,-16.78991474767227
Nauru,1994,-4.198050847196328
Nauru,1995,-8.17712065666727
Nauru,1996,-12.015302674085447
Nauru,1997,-9.078614895755166
Nauru,1998,-11.796625369621978
Nauru,1999,-6.467321636256372
Nauru,2000,-6.682144259257839
Nauru,2001,-6.411327899820094
Nauru,2002,-9.542760900193898
Nauru,2003,0.5139586922973933
Nauru,2004,-4.324337953578862
Nauru,2005,0.1094636282217038
Nauru,2006,8.61282905726155
Nauru,2007,-21.96904891515659
Nauru,2008,20.13188130682377
Nauru,2009,-5.621561057863062
Nauru,2010,-0.268843970925019
Nauru,2011,14.081122645136476
Nauru,2012,22.31196289830764
Nauru,2013,1.6485827070358994
Nauru,2014,13.41518717129624
Nauru,2015,1.4172709809000992
Nauru,2016,2.301745543490739
Nauru,2017,-7.788206534233268
Nauru,2018,-2.1692611457246755
Nauru,2019,7.516528617762617
Nauru,2020,1.086253035684976
Nauru,2021,7.144573742719089
Nauru,2022,2.0756685051072594
Nauru,2023,0.0717850570483022
Nauru,2024,0.7778568306317197
Nepal,1961,-0.015037989225533
Nepal,1962,-0.0532796554804804
Nepal,1963,-0.0868151307077909
Nepal,1964,5.404922650497753
Nepal,1965,-3.210521714679075
Nepal,1966,4.832982831751352
Nepal,1967,-3.632574520827987
Nepal,1968,-1.4684522452135695
Nepal,1969,2.2245093118157087
Nepal,1970,0.355960221194266
Nepal,1971,-3.3243832482666846
Nepal,1972,0.9025747522588148
Nepal,1973,-2.621706227572247
Nepal,1974,4.035861609682257
Nepal,1975,-0.754394199496474
Nepal,1976,2.138249704188084
Nepal,1977,0.7325237817971839
Nepal,1978,2.0099884404195336
Nepal,1979,0.0042081297447111
Nepal,1980,-4.596154042338881
Nepal,1981,5.8289997466771695
Nepal,1982,1.387926123054541
Nepal,1983,-5.251261133401087
Nepal,1984,7.138162332546798
Nepal,1985,3.761491680179603
Nepal,1986,2.280812133190821
Nepal,1987,-0.435088375434745
Nepal,1988,5.453988667032832
Nepal,1989,2.035084103315881
Nepal,1990,2.133569227807868
Nepal,1991,3.650473750852328
Nepal,1992,1.210949587389365
Nepal,1993,1.0528287835750945
Nepal,1994,5.538591444312928
Nepal,1995,1.012793280942816
Nepal,1996,3.029115232146125
Nepal,1997,2.887868241991626
Nepal,1998,1.0113675151730348
Nepal,1999,2.4873208535550333
Nepal,2000,4.377210354591483
Nepal,2001,3.1185105039034795
Nepal,2002,-1.3907436082898812
Nepal,2003,2.4892634544756618
Nepal,2004,3.3632478262599648
Nepal,2005,2.327545344917766
Nepal,2006,2.3686611923353382
Nepal,2007,2.5504552009153514
Nepal,2008,5.312314942911115
Nepal,2009,3.829096105833557
Nepal,2010,4.168864892161665
Nepal,2011,2.960357808170187
Nepal,2012,4.402446307306263
Nepal,2013,3.318474309800252
Nepal,2014,5.695912116626275
Nepal,2015,3.410803000293299
Nepal,2016,-0.040511029906014
Nepal,2017,8.76020605401564
Nepal,2018,7.360097315237368
Nepal,2019,5.401921603371477
Nepal,2020,-4.231827768586427
Nepal,2021,3.029719712404954
Nepal,2022,4.776657252350418
Nepal,2023,2.0540590686006084
Nepal,2024,3.817667838223741
Netherlands,1961,-1.0149975725171745
Netherlands,1962,5.332336874141092
Netherlands,1963,2.236631336866424
Netherlands,1964,6.836068175038989
Netherlands,1965,7.1619820145114375
Netherlands,1966,1.40887038783886
Netherlands,1967,4.0937741009248185
Netherlands,1968,5.316671612646772
Netherlands,1969,5.204136993914304
Netherlands,1970,4.833288512035864
Netherlands,1971,3.0838584248325844
Netherlands,1972,2.4922433507861683
Netherlands,1973,4.575449107446033
Netherlands,1974,2.6312652430070926
Netherlands,1975,-0.8854181014331601
Netherlands,1976,3.639544547378733
Netherlands,1977,1.9126360531786588
Netherlands,1978,2.0663327846753674
Netherlands,1979,1.3124055464625712
Netherlands,1980,0.543127879050175
Netherlands,1981,-1.4619529265095537
Netherlands,1982,-1.692590092018179
Netherlands,1983,1.6836186544697114
Netherlands,1984,2.653403884998042
Netherlands,1985,2.1029348356502737
Netherlands,1986,2.2181314907591343
Netherlands,1987,1.2865149193822276
Netherlands,1988,2.77504345151209
Netherlands,1989,3.7955694661302175
Netherlands,1990,3.468277531953774
Netherlands,1991,1.6350547680288514
Netherlands,1992,0.9400149715527136
Netherlands,1993,0.5542497186937112
Netherlands,1994,2.3421681921304724
Netherlands,1995,2.6079733260609146
Netherlands,1996,2.944498340836276
Netherlands,1997,3.713221617622637
Netherlands,1998,4.004469479605817
Netherlands,1999,4.346586151257384
Netherlands,2000,3.4774778085809714
Netherlands,2001,1.554104163565782
Netherlands,2002,-0.3920370863105233
Netherlands,2003,-0.3733312388387872
Netherlands,2004,1.662443524247152
Netherlands,2005,1.7958259193053436
Netherlands,2006,3.371213394949109
Netherlands,2007,3.659579057947198
Netherlands,2008,1.7200556500705204
Netherlands,2009,-4.15945322331045
Netherlands,2010,0.8009606534663476
Netherlands,2011,1.2997503381437523
Netherlands,2012,-1.3436360573740416
Netherlands,2013,-0.3245301831604195
Netherlands,2014,1.2476362480807095
Netherlands,2015,1.668987770131764
Netherlands,2016,1.8806531452477917
Netherlands,2017,2.1756909152691435
Netherlands,2018,1.6633574367007782
Netherlands,2019,1.6321429177163225
Netherlands,2020,-4.400525372790028
Netherlands,2021,5.721935229577184
Netherlands,2022,4.010978809619402
Netherlands,2023,-1.5774573433764658
Netherlands,2024,0.4272917686898125
New Caledonia,1966,-6.518781570277341
New Caledonia,1967,2.44255161452341
New Caledonia,1968,11.0478256240184
New Caledonia,1969,11.955083464558273
New Caledonia,1970,25.62096004229811
New Caledonia,1971,2.1628817750679445
New Caledonia,1972,-1.271766457030708
New Caledonia,1973,-15.197231222131506
New Caledonia,1974,7.671009590401383
New Caledonia,1975,1.8431898827369797
New Caledonia,1976,-1.032701899068627
New Caledonia,1977,0.1324209158917
New Caledonia,1978,8.45518362011471
New Caledonia,1979,-14.614883632250098
New Caledonia,1980,-1.5202012657189383
New Caledonia,1981,-7.997298655146039
New Caledonia,1982,1.3559209576365276
New Caledonia,1983,-3.265753747633781
New Caledonia,1984,0.1332966248947826
New Caledonia,1985,2.7710946384292896
New Caledonia,1986,-2.6190288408857043
New Caledonia,1987,3.94397251578846
New Caledonia,1988,32.3218128456333
New Caledonia,1989,8.724237839212662
New Caledonia,1990,1.0008422426934374
New Caledonia,1991,2.13222042921386
New Caledonia,1992,-2.09143329184117
New Caledonia,1993,-1.9906005493168808
New Caledonia,1994,0.0953679299492904
New Caledonia,1995,3.4207838349416875
New Caledonia,1996,-1.8306899300907704
New Caledonia,1997,-0.1959607228617272
New Caledonia,1998,-5.229457733553417
New Caledonia,1999,-1.1683717471455282
New Caledonia,2000,0.0082048320171566
New Caledonia,2018,0.4017704670576734
New Caledonia,2019,-1.4225982525052387
New Caledonia,2020,-2.5957660041664354
New Caledonia,2021,-2.4562945717952545
New Caledonia,2022,2.811857635926131
New Caledonia,2023,1.825799151343716
New Caledonia,2024,-14.31847771486369
New Zealand,1961,1.2704293306044434
New Zealand,1962,0.4934687727138964
New Zealand,1963,4.015109915578094
New Zealand,1964,3.9035723704523377
New Zealand,1965,4.375769122137712
New Zealand,1966,4.362441873759622
New Zealand,1967,-6.277610876621651
New Zealand,1968,-0.921752584265846
New Zealand,1969,9.213061831071087
New Zealand,1970,-2.727180543107494
New Zealand,1971,2.2466830164134137
New Zealand,1972,3.276565071188145
New Zealand,1973,5.71074409698538
New Zealand,1974,3.806057606961261
New Zealand,1975,-3.624952419853415
New Zealand,1976,0.0397432614710453
New Zealand,1977,-4.234977899367735
New Zealand,1978,0.2864223453115926
New Zealand,1979,2.5927841595244416
New Zealand,1980,1.1573581248127027
New Zealand,1981,4.253763422451314
New Zealand,1982,-0.0680685037253141
New Zealand,1983,2.0940837346358165
New Zealand,1984,3.8899579510128177
New Zealand,1985,0.989450984407256
New Zealand,1986,2.7309523474292234
New Zealand,1987,0.1043347248326398
New Zealand,1988,-0.6268141369333478
New Zealand,1989,-0.3182623838165455
New Zealand,1990,-0.7672407815820605
New Zealand,1991,-5.76868280785115
New Zealand,1992,0.0461709248823893
New Zealand,1993,5.185309114448415
New Zealand,1994,3.731209720341198
New Zealand,1995,3.199742406204507
New Zealand,1996,1.9849613638459545
New Zealand,1997,0.7483792379521077
New Zealand,1998,-0.0325316016859744
New Zealand,1999,4.825437611351319
New Zealand,2000,2.2673958387663333
New Zealand,2001,2.8033985745619106
New Zealand,2002,2.910130455361397
New Zealand,2003,2.6814347514470853
New Zealand,2004,2.5524286249989814
New Zealand,2005,2.1928666831701094
New Zealand,2006,1.534515840311414
New Zealand,2007,2.0999763305470083
New Zealand,2008,-1.8535534735896704
New Zealand,2009,-1.031840780969958
New Zealand,2010,0.3369408958778308
New Zealand,2011,1.3180141400531085
New Zealand,2012,1.8066487462912877
New Zealand,2013,1.8043177883235304
New Zealand,2014,2.1160598787743226
New Zealand,2015,1.6005449662232394
New Zealand,2016,1.474180179615331
New Zealand,2017,1.2418317764399518
New Zealand,2018,1.6336762235868036
New Zealand,2019,0.8826430075789489
New Zealand,2020,-2.313916340848664
New Zealand,2021,4.2845831836099535
New Zealand,2022,3.5554496825248094
New Zealand,2023,-0.9124674131700344
New Zealand,2024,-0.3875509702113362
Nicaragua,1961,4.33208013781379
Nicaragua,1962,7.616849942012834
Nicaragua,1963,7.577363531065146
Nicaragua,1964,8.363543374792485
Nicaragua,1965,6.222250137953694
Nicaragua,1966,0.1535689121458432
Nicaragua,1967,3.683799242945554
Nicaragua,1968,-1.786117991604911
Nicaragua,1969,2.955117110440213
Nicaragua,1970,-1.7694021181429065
Nicaragua,1971,0.1326652102322469
Nicaragua,1972,-0.7086948198109582
Nicaragua,1973,3.3762730782902963
Nicaragua,1974,10.73176233142857
Nicaragua,1975,-3.1613994350831405
Nicaragua,1976,2.060689885019414
Nicaragua,1977,5.157007591689975
Nicaragua,1978,-10.465126811214889
Nicaragua,1979,-28.435257756430783
Nicaragua,1980,1.785185320482043
Nicaragua,1981,2.4259629305826564
Nicaragua,1982,-3.500806499502048
Nicaragua,1983,1.9006862387495715
Nicaragua,1984,-3.9819118632870953
Nicaragua,1985,-6.342986172365585
Nicaragua,1986,-3.304669533311141
Nicaragua,1987,-2.957297516916455
Nicaragua,1988,-14.436865840952365
Nicaragua,1989,-4.013389355809778
Nicaragua,1990,-2.359555469735412
Nicaragua,1991,-2.4639882192023066
Nicaragua,1992,-1.857506432083511
Nicaragua,1993,-2.555751574555515
Nicaragua,1994,1.1665352760560097
Nicaragua,1995,3.776415666406166
Nicaragua,1996,4.387275753176724
Nicaragua,1997,2.2459906013824167
Nicaragua,1998,2.1384399499341957
Nicaragua,1999,5.515715189959721
Nicaragua,2000,2.6794416256896767
Nicaragua,2001,1.641571835427854
Nicaragua,2002,-0.4606859922787691
Nicaragua,2003,1.3195536075013337
Nicaragua,2004,4.0749066715682005
Nicaragua,2005,2.9316925788004653
Nicaragua,2006,2.677774446128339
Nicaragua,2007,3.5780145638521645
Nicaragua,2008,1.963917911321772
Nicaragua,2009,-4.660511405153471
Nicaragua,2010,2.938809240386803
Nicaragua,2011,4.825798471661045
Nicaragua,2012,5.012084555151901
Nicaragua,2013,3.479434471237468
Nicaragua,2014,3.3579128937948752
Nicaragua,2015,3.3791420491993733
Nicaragua,2016,3.166509510673947
Nicaragua,2017,3.24691576299918
Nicaragua,2018,-4.629416757141655
Nicaragua,2019,-4.148569071472934
Nicaragua,2020,-3.4517971097023974
Nicaragua,2021,9.133306819201948
Nicaragua,2022,2.2285383201230644
Nicaragua,2023,3.005110612053969
Nicaragua,2024,2.201989114447884
Niger,1961,1.55872572044737
Niger,1962,7.121098676441889
Niger,1963,6.2988614877526885
Niger,1964,-2.7168509737899456
Niger,1965,3.913083686158217
Niger,1966,-3.152984819076749
Niger,1967,-2.636289920680497
Niger,1968,-2.353047287095805
Niger,1969,-8.035599592002342
Niger,1970,0.2955986606954894
Niger,1971,2.89253600729144
Niger,1972,-7.653101969439191
Niger,1973,-19.23786267492653
Niger,1974,5.893708529440687
Niger,1975,-5.390472509344562
Niger,1976,-2.0472749168364146
Niger,1977,4.796993435828341
Niger,1978,10.269990218368632
Niger,1979,4.041300640694615
Niger,1980,-5.32313551445273
Niger,1981,-3.1150957244784365
Niger,1982,-0.8177289414158224
Niger,1983,-6.671090775860776
Niger,1984,-19.243349344920475
Niger,1985,4.563269379202268
Niger,1986,3.20101161942344
Niger,1987,-2.894570882768704
Niger,1988,3.681668544609423
Niger,1989,-2.071522165577932
Niger,1990,-4.30134942960251
Niger,1991,-3.4779548861283303
Niger,1992,-1.1310370529264162
Niger,1993,-2.799686936375608
Niger,1994,-1.3690781399412089
Niger,1995,-0.8784044774065052
Niger,1996,-3.191255928984688
Niger,1997,-1.7881825874447088
Niger,1998,6.31303577624729
Niger,1999,-3.594201175459133
Niger,2000,-4.5750422673111615
Niger,2001,3.5695917774957597
Niger,2002,1.277955096785789
Niger,2003,-1.4049263328982278
Niger,2004,-3.183337787224133
Niger,2005,3.5058953552876204
Niger,2006,2.127034369928424
Niger,2007,-0.5850388417884886
Niger,2008,3.816082889171568
Niger,2009,-1.7578564345149772
Niger,2010,4.607665895525727
Niger,2011,-1.3813622828285474
Niger,2012,6.455376385409849
Niger,2013,1.4304537380573237
Niger,2014,2.7794986618560102
Niger,2015,0.6043201401594729
Niger,2016,1.9262062876915849
Niger,2017,1.3328557240328536
Niger,2018,3.57478885227313
Niger,2019,2.4327021896037166
Niger,2020,0.1894646408047862
Niger,2021,-1.8625759602319505
Niger,2022,8.319863726177303
Niger,2023,-1.627618809255381
Niger,2024,6.739765956526028
Nigeria,1961,-1.8463353293239064
Nigeria,1962,1.9396365743561008
Nigeria,1963,6.296571441958349
Nigeria,1964,2.7268525193290287
Nigeria,1965,2.6343838614521786
Nigeria,1966,-6.310854576862951
Nigeria,1967,-17.523769638107694
Nigeria,1968,-3.3547266942407816
Nigeria,1969,21.4713411933041
Nigeria,1970,22.18493370348993
Nigeria,1971,11.60026825150291
Nigeria,1972,0.9176994042532414
Nigeria,1973,2.7959405856926764
Nigeria,1974,8.282486854481363
Nigeria,1975,-7.815860658158698
Nigeria,1976,5.955797586185497
Nigeria,1977,2.9071916232768444
Nigeria,1978,-8.607743804480435
Nigeria,1979,3.516686536577552
Nigeria,1980,1.0031652912475693
Nigeria,1981,-15.758505126264597
Nigeria,1982,-9.550817653318106
Nigeria,1983,-13.204804462126134
Nigeria,1984,-3.6177142689236206
Nigeria,1985,2.954465397683876
Nigeria,1986,-2.620752819149274
Nigeria,1987,0.4865371128273068
Nigeria,1988,4.50152275031104
Nigeria,1989,-0.7877918289057533
Nigeria,1990,8.796146341510862
Nigeria,1991,-2.257519034622092
Nigeria,1992,1.920066350026957
Nigeria,1993,-4.597233014625161
Nigeria,1994,-4.374391936379368
Nigeria,1995,-2.6729475916286987
Nigeria,1996,1.50723164585267
Nigeria,1997,0.2921318667390835
Nigeria,1998,-0.0648532095970892
Nigeria,1999,-2.032560969414135
Nigeria,2000,2.2446141110977464
Nigeria,2001,3.079267318444394
Nigeria,2002,12.210386283219949
Nigeria,2003,4.42833467516175
Nigeria,2004,6.26527336879505
Nigeria,2005,3.5318371066804133
Nigeria,2006,3.170928103369832
Nigeria,2007,3.677206981715713
Nigeria,2008,3.832588985098326
Nigeria,2009,5.067183213932182
Nigeria,2010,5.028537793102899
Nigeria,2011,2.397348416230912
Nigeria,2012,1.3782214658733238
Nigeria,2013,3.8144920768526447
Nigeria,2014,3.537572681184613
Nigeria,2015,0.0819795778254359
Nigeria,2016,-4.018925342685009
Nigeria,2017,-1.6158553726860418
Nigeria,2018,-0.4068368520995591
Nigeria,2019,-0.0100047593980292
Nigeria,2020,-8.342423479307243
Nigeria,2021,-0.988127022973842
Nigeria,2022,2.158314103066729
Nigeria,2023,1.1812365708534711
Nigeria,2024,1.9171875236755511
North America,1961,0.6515965560607953
North America,1962,4.5478372765857245
North America,1963,2.9343933002721485
North America,1964,4.360268238568239
North America,1965,5.016831548490771
North America,1966,5.23156786465573
North America,1967,1.3715127235413718
North America,1968,3.713684673717111
North America,1969,2.212869540257742
North America,1970,-0.7504368623339417
North America,1971,1.890610577306134
North America,1972,4.145409571193895
North America,1973,4.7012915526480725
North America,1974,-1.169609730000957
North America,1975,-1.0787129225803227
North America,1976,4.399819127472469
North America,1977,3.466971631934058
North America,1978,4.272642413280224
North America,1979,2.091961993000794
North America,1980,-1.0293609314046392
North America,1981,1.5876466164296943
North America,1982,-2.8786179052102625
North America,1983,3.4478800105423915
North America,1984,6.18629731189597
North America,1985,3.2924286505387386
North America,1986,2.392152037439189
North America,1987,2.5430751034946724
North America,1988,3.215404250263433
North America,1989,2.497513872547813
North America,1990,0.5631071412331607
North America,1991,-1.5882800773184442
North America,1992,1.9051527338860128
North America,1993,1.4207740908064324
North America,1994,2.809448049440519
North America,1995,1.4853385439900393
North America,1996,2.42030959493502
North America,1997,3.205935807169752
North America,1998,3.2608081875210075
North America,1999,3.652664159029555
North America,2000,3.028124376893146
North America,2001,0.0261768537352509
North America,2002,0.8460988246825565
North America,2003,1.8337509757479609
North America,2004,2.8304542640812542
North America,2005,2.509523426812052
North America,2006,1.7832381920324138
North America,2007,1.040726992287432
North America,2008,-0.7745832981279221
North America,2009,-3.4802652353625234
North America,2010,1.8319758543182445
North America,2011,0.8660341867428087
North America,2012,1.4015655800854887
North America,2013,1.3339894124430742
North America,2014,1.7157917227827824
North America,2015,1.9476011803619289
North America,2016,0.9260611678217714
North America,2017,1.744000563220169
North America,2018,2.258395841298494
North America,2019,1.9050934516794624
North America,2020,-2.853852066738966
North America,2021,5.836681864401456
North America,2022,1.921381641113868
North America,2023,1.710338340192166
North America,2024,1.4857744916503748
North Macedonia,1991,-5.8195915537051945
North Macedonia,1992,-5.486240051615198
North Macedonia,1993,-6.28574163754088
North Macedonia,1994,-1.0586735727636665
North Macedonia,1995,-1.4050699039292738
North Macedonia,1996,0.4802707879811123
North Macedonia,1997,2.2367209661228458
North Macedonia,1998,2.83010081232176
North Macedonia,1999,3.8414738938269153
North Macedonia,2000,4.074050806310709
North Macedonia,2001,-3.473683221478794
North Macedonia,2002,2.2334565991919817
North Macedonia,2003,2.092822453005155
North Macedonia,2004,5.013574067528936
North Macedonia,2005,5.291020122772409
North Macedonia,2006,5.719202234774173
North Macedonia,2007,7.08313931163076
North Macedonia,2008,6.08402471253315
North Macedonia,2009,0.287981674208055
North Macedonia,2010,4.0217174978456285
North Macedonia,2011,2.810014013644647
North Macedonia,2012,-0.0653472343038856
North Macedonia,2013,3.305596703502971
North Macedonia,2014,3.907927557807668
North Macedonia,2015,4.1342905053065095
North Macedonia,2016,3.178225747009904
North Macedonia,2017,1.489367186251883
North Macedonia,2018,3.403754110894837
North Macedonia,2019,4.618695011377568
North Macedonia,2020,-3.654368238247727
North Macedonia,2021,5.592130079247241
North Macedonia,2022,3.061935884276608
North Macedonia,2023,2.773561733917049
North Macedonia,2024,3.188899444216233
Northern Mariana Islands,2003,2.424546648639094
Northern Mariana Islands,2004,-0.8299325453749447
Northern Mariana Islands,2005,-10.485255165098836
Northern Mariana Islands,2006,-4.305448361319677
Northern Mariana Islands,2007,-3.92765941553607
Northern Mariana Islands,2008,-8.282819996337679
Northern Mariana Islands,2009,-14.854218227401034
Northern Mariana Islands,2010,3.709125916496987
Northern Mariana Islands,2011,-6.549776162151645
Northern Mariana Islands,2012,1.5190657464392243
Northern Mariana Islands,2013,3.607386532080767
Northern Mariana Islands,2014,5.335562030234527
Northern Mariana Islands,2015,4.716040401893821
Northern Mariana Islands,2016,31.097890849885037
Northern Mariana Islands,2017,25.17759684892833
Northern Mariana Islands,2018,-18.050559869850915
Northern Mariana Islands,2019,-9.703268492416711
Northern Mariana Islands,2020,-28.16277800076824
Northern Mariana Islands,2021,6.196565140487024
Northern Mariana Islands,2022,18.923563768080115
Norway,1961,5.432493154732953
Norway,1962,1.9912455187945284
Norway,1963,3.003259317417985
Norway,1964,4.219393699263378
Norway,1965,4.470367904597111
Norway,1966,2.961201558164376
Norway,1967,5.370915607898468
Norway,1968,1.403879660921234
Norway,1969,3.656641879359341
Norway,1970,1.2053500067088976
Norway,1971,4.935121712695633
Norway,1972,4.528105893883819
Norway,1973,3.804272459730356
Norway,1974,3.2794966355039747
Norway,1975,4.374479380274266
Norway,1976,5.330359575084145
Norway,1977,3.721396816456519
Norway,1978,3.4735491451216376
Norway,1979,4.017654270674626
Norway,1980,4.228894762411102
Norway,1981,1.249365446447143
Norway,1982,-0.1321448833551528
Norway,1983,3.629363186224509
Norway,1984,5.753520562469234
Norway,1985,5.237775438124245
Norway,1986,3.671666860090596
Norway,1987,1.278413976750841
Norway,1988,-0.7902964424524157
Norway,1989,0.6220185604038022
Norway,1990,1.5820928381736508
Norway,1991,2.5944060142091985
Norway,1992,2.978369523950491
Norway,1993,2.234836278848775
Norway,1994,4.458801368042927
Norway,1995,3.61634550965195
Norway,1996,4.496892781999279
Norway,1997,4.715277386325283
Norway,1998,2.0592028954057757
Norway,1999,1.3754868003454277
Norway,2000,2.6505309372073924
Norway,2001,1.5519275587765122
Norway,2002,0.8323087367352571
Norway,2003,0.3545674355499528
Norway,2004,3.4017461609018085
Norway,2005,1.988138473505032
Norway,2006,1.6395700679473322
Norway,2007,1.854643337246614
Norway,2008,-0.7626479499021173
Norway,2009,-3.169256315377879
Norway,2010,-0.4606312403318924
Norway,2011,-0.1974059466105586
Norway,2012,1.3776408832650446
Norway,2013,-0.1978832061529658
Norway,2014,0.903762655946366
Norway,2015,0.8487991141232953
Norway,2016,0.2774077887653732
Norway,2017,1.639507125910768
Norway,2018,0.1655607886908825
Norway,2019,0.4433985630978299
Norway,2020,-1.857696096480012
Norway,2021,3.3544950655535644
Norway,2022,2.322823543608948
Norway,2023,-1.06055299614016
Norway,2024,1.1320459931744722
OECD members,1961,2.9834956167598534
OECD members,1962,4.095021659611106
OECD members,1963,3.6612317610785823
OECD members,1964,5.019055667006597
OECD members,1965,4.096562056189995
OECD members,1966,4.251769456454355
OECD members,1967,2.5834656490522576
OECD members,1968,4.735456040508112
OECD members,1969,4.320607892066491
OECD members,1970,1.62565978035974
OECD members,1971,2.301230619986214
OECD members,1972,4.113135807312162
OECD members,1973,4.91813197432127
OECD members,1974,0.0703936950723829
OECD members,1975,-0.8443095232619697
OECD members,1976,3.7203017400159126
OECD members,1977,2.7699513467019443
OECD members,1978,3.3553600230149527
OECD members,1979,2.877680935552036
OECD members,1980,0.3127610633846984
OECD members,1981,1.1938355937242733
OECD members,1982,-0.6861226288592519
OECD members,1983,1.9797877618233457
OECD members,1984,3.930265789261696
OECD members,1985,2.8554743181136217
OECD members,1986,2.2636244601837774
OECD members,1987,2.667353948963296
OECD members,1988,3.649497450696544
OECD members,1989,2.89145241155984
OECD members,1990,2.0389138582153947
OECD members,1991,0.1888177570031501
OECD members,1992,1.192029058672034
OECD members,1993,0.5654926697114888
OECD members,1994,2.447245072411945
OECD members,1995,1.9311100089011008
OECD members,1996,2.3172739945567287
OECD members,1997,2.8435456228693
OECD members,1998,2.245398483674535
OECD members,1999,2.685068243781899
OECD members,2000,3.3835803323949705
OECD members,2001,0.6625471680564488
OECD members,2002,0.7872398412676915
OECD members,2003,1.3044689640094165
OECD members,2004,2.5202508161000168
OECD members,2005,2.122107198458693
OECD members,2006,2.2950071841209194
OECD members,2007,1.8919583948640903
OECD members,2008,-0.3904113050103461
OECD members,2009,-4.077251620352769
OECD members,2010,2.271810569324856
OECD members,2011,1.333768301305497
OECD members,2012,0.7496956294323951
OECD members,2013,1.026052043087347
OECD members,2014,1.5582451182934136
OECD members,2015,1.877858640671008
OECD members,2016,1.2189388030661803
OECD members,2017,2.009122129454795
OECD members,2018,1.7349711187224557
OECD members,2019,1.2727322554335672
OECD members,2020,-4.251727268127027
OECD members,2021,5.784326843634304
OECD members,2022,2.587933451606659
OECD members,2023,1.137717600920098
OECD members,2024,1.152310046155904
Oman,1961,-0.6156403338582805
Oman,1962,17.983311292867256
Oman,1963,2.5022272715703906
Oman,1964,-1.978920040595895
Oman,1965,-1.7246532324960242
Oman,1966,2.820688404415449
Oman,1967,62.28555525529288
Oman,1968,77.41001039880464
Oman,1969,22.461097720265897
Oman,1970,10.900254198100171
Oman,1971,-1.8332540871869585
Oman,1972,6.772472533639558
Oman,1973,-16.69972635851329
Oman,1974,7.646438426563407
Oman,1975,19.340903332516305
Oman,1976,15.237813988820475
Oman,1977,-3.788922208346605
Oman,1978,-8.506158865029064
Oman,1979,-1.0339260645532988
Oman,1980,0.5144944842863595
Oman,1981,10.83981494993678
Oman,1982,5.544727981948498
Oman,1983,10.368426845325146
Oman,1984,10.51390149349649
Oman,1985,7.318559278013922
Oman,1986,-4.3441309699285
Oman,1987,-9.074620929432513
Oman,1988,0.1226146088032322
Oman,1989,5.91242628879651
Oman,1990,-5.097198268306926
Oman,1991,1.0599636194671689
Oman,1992,3.5607492636871
Oman,1993,1.6664379843665245
Oman,1994,0.8740638005807995
Oman,1995,3.0809066276125066
Oman,1996,1.307045705331376
Oman,1997,4.397841804469763
Oman,1998,-1.4963372741519976
Oman,1999,-1.0566768740579562
Oman,2000,4.832648807491921
Oman,2001,3.341352896237737
Oman,2002,-1.9270959936619927
Oman,2003,-3.2975946091853814
Oman,2004,0.2525756579502314
Oman,2005,0.4821381334587045
Oman,2006,2.3809176622242347
Oman,2007,2.7186585274531723
Oman,2008,6.612418447277292
Oman,2009,3.687175789813793
Oman,2010,-0.232906393185388
Oman,2011,-7.78414520830087
Oman,2012,-5.572027838915759
Oman,2013,-2.6441600230445346
Oman,2014,-2.9727416533590514
Oman,2015,0.4384503298689566
Oman,2016,0.1185536143032237
Oman,2017,-2.934903770161384
Oman,2018,-0.0452382355009746
Oman,2019,-0.9857332213621532
Oman,2020,-1.911048576043754
Oman,2021,3.0853045496459544
Oman,2022,2.7395876467278413
Oman,2023,-4.993929697670239
Oman,2024,-2.837876023273964
Other small states,1976,14.203766140742305
Other small states,1977,8.03639292875755
Other small states,1978,5.04386896537423
Other small states,1979,12.691429855024978
Other small states,1980,-4.487264069144132
Other small states,1981,-9.157736941768135
Other small states,1982,1.2316226861172763
Other small states,1983,-0.7275371649735973
Other small states,1984,0.9931590481900798
Other small states,1985,0.1937694032563115
Other small states,1986,0.1559895628939358
Other small states,1987,4.116229850981284
Other small states,1988,1.1522667328608378
Other small states,1989,0.8569195011483828
Other small states,1990,3.075495490876733
Other small states,1991,-2.5006418651314988
Other small states,1992,-3.8658582872937615
Other small states,1993,-0.1446622919550293
Other small states,1994,1.9755969804326128
Other small states,1995,3.656998120992867
Other small states,1996,2.134689317203509
Other small states,1997,4.848717405007832
Other small states,1998,2.064644501997819
Other small states,1999,2.4674739110937622
Other small states,2000,6.980816734439642
Other small states,2001,1.3926783868373889
Other small states,2002,1.71260960572819
Other small states,2003,2.914586587897133
Other small states,2004,3.433622229101857
Other small states,2005,3.518319236195609
Other small states,2006,4.983079240126926
Other small states,2007,4.192676878824557
Other small states,2008,-0.3299790301836509
Other small states,2009,-6.226525592367295
Other small states,2010,1.3422855729852614
Other small states,2011,2.244115038250243
Other small states,2012,0.1310761470134025
Other small states,2013,-0.2675926570677518
Other small states,2014,1.0011669105672212
Other small states,2015,2.194387110412535
Other small states,2016,2.9731682816339884
Other small states,2017,3.8566311630272168
Other small states,2018,3.1036209844702825
Other small states,2019,3.0001673210518334
Other small states,2020,-6.82487650611408
Other small states,2021,6.932548903697011
Other small states,2022,3.065898439301378
Other small states,2023,2.218800564142825
Other small states,2024,2.0101581613492385
Pacific island small states,1971,4.1784555605702565
Pacific island small states,1972,3.3864203238930486
Pacific island small states,1973,8.871159806261659
Pacific island small states,1974,1.1008970434600371
Pacific island small states,1975,-1.5864766502009928
Pacific island small states,1976,-1.0993704010000016
Pacific island small states,1977,1.0897157589834023
Pacific island small states,1978,-0.1124298680911977
Pacific island small states,1979,6.132942235084343
Pacific island small states,1980,-5.50641652323047
Pacific island small states,1981,0.7030418964004497
Pacific island small states,1982,-5.376223926359614
Pacific island small states,1983,-3.315521696972496
Pacific island small states,1984,2.9982137310739887
Pacific island small states,1985,-3.862926325644764
Pacific island small states,1986,3.069587339222892
Pacific island small states,1987,-3.8565684776365
Pacific island small states,1988,-0.5573348864977845
Pacific island small states,1989,2.8676732131554417
Pacific island small states,1990,2.094330792230138
Pacific island small states,1991,-1.9637385971983576
Pacific island small states,1992,3.302879757449844
Pacific island small states,1993,0.4450915945114673
Pacific island small states,1994,3.3833527799121583
Pacific island small states,1995,3.0915290683244905
Pacific island small states,1996,1.6598348860782437
Pacific island small states,1997,-2.7124549668880604
Pacific island small states,1998,-0.1231727199515404
Pacific island small states,1999,2.7141877760977597
Pacific island small states,2000,-2.884772652297812
Pacific island small states,2001,-0.4112278238762741
Pacific island small states,2002,0.7211267946384652
Pacific island small states,2003,0.6775597205323862
Pacific island small states,2004,2.765471321367798
Pacific island small states,2005,1.269134806499551
Pacific island small states,2006,1.2193632044935183
Pacific island small states,2007,-0.9540388447498458
Pacific island small states,2008,0.9356724981746964
Pacific island small states,2009,-1.5168816734632316
Pacific island small states,2010,2.445969705362657
Pacific island small states,2011,2.4605005388092565
Pacific island small states,2012,-0.3039331710910176
Pacific island small states,2013,1.899266336541004
Pacific island small states,2014,2.221377776970442
Pacific island small states,2015,2.658489781759272
Pacific island small states,2016,2.384840057749756
Pacific island small states,2017,2.5797069681900098
Pacific island small states,2018,1.4274630911690736
Pacific island small states,2019,0.0850091885625374
Pacific island small states,2020,-11.178473460178026
Pacific island small states,2021,-3.815680477330517
Pacific island small states,2022,7.218158638790541
Pacific island small states,2023,5.609884514447529
Pacific island small states,2024,2.130231005596372
Pakistan,1961,3.24971491199571
Pakistan,1962,1.8036406791866848
Pakistan,1963,5.849720779427159
Pakistan,1964,4.70640502795456
Pakistan,1965,7.4393801633148655
Pakistan,1966,2.893550830907671
Pakistan,1967,2.468317628394118
Pakistan,1968,4.221168370596033
Pakistan,1969,2.529267802719588
Pakistan,1970,8.196492033180363
Pakistan,1971,-2.262608152420583
Pakistan,1972,-1.937965287545822
Pakistan,1973,3.991583064112476
Pakistan,1974,0.5397901874639786
Pakistan,1975,1.1423048307861166
Pakistan,1976,1.986129334790277
Pakistan,1977,0.7385183327051124
Pakistan,1978,4.642357577803807
Pakistan,1979,0.2257093126525831
Pakistan,1980,5.803954408204675
Pakistan,1981,3.5046218338076898
Pakistan,1982,2.606488136059255
Pakistan,1983,3.144761071839568
Pakistan,1984,1.8224130227099096
Pakistan,1985,4.235683985809871
Pakistan,1986,1.9947058418162695
Pakistan,1987,2.8840894802864483
Pakistan,1988,4.067600708828351
Pakistan,1989,1.5850625048080929
Pakistan,1990,1.0242118115141068
Pakistan,1991,1.6445581443993404
Pakistan,1992,4.66648101392903
Pakistan,1993,-1.0247409262878475
Pakistan,1994,0.7795935441272235
Pakistan,1995,1.97228554754696
Pakistan,1996,1.8388082865322417
Pakistan,1997,-1.80254112696187
Pakistan,1998,-0.2427322753300274
Pakistan,1999,0.8766236626522925
Pakistan,2000,1.3561979688156498
Pakistan,2001,0.7932391998661643
Pakistan,2002,0.1109810313790262
Pakistan,2003,2.949225643276449
Pakistan,2004,5.202455894756881
Pakistan,2005,4.728634599893098
Pakistan,2006,3.5553311677478234
Pakistan,2007,1.7214837391026094
Pakistan,2008,-0.5772120990088041
Pakistan,2009,0.8761508100959503
Pakistan,2010,-0.9754747176548904
Pakistan,2011,0.4087545341444638
Pakistan,2012,1.0822719691448128
Pakistan,2013,2.682325010009506
Pakistan,2014,2.566004131021572
Pakistan,2015,2.766486407103286
Pakistan,2016,5.195068598589231
Pakistan,2017,2.966236784030457
Pakistan,2018,4.442019422371075
Pakistan,2019,0.7780961070461814
Pakistan,2020,-3.0388932826837447
Pakistan,2021,4.523045651727813
Pakistan,2022,2.962502872180025
Pakistan,2023,-1.9454312506637592
Pakistan,2024,1.5050396965275326
Palau,1971,-3.2029740025129314
Palau,1972,-3.238202193834354
Palau,1973,-2.655872577521251
Palau,1974,-0.959669659678852
Palau,1975,0.2781950108621061
Palau,1976,0.4107408239767238
Palau,1977,2.0212737629695
Palau,1978,0.1913463847635057
Palau,1979,0.4576162966384345
Palau,1980,0.1616963481701532
Palau,1981,-1.4264761514817792
Palau,1982,-2.665842189614437
Palau,1983,-0.5132310548709142
Palau,1984,2.0254699454521585
Palau,1985,2.7328085888679965
Palau,1986,2.910360870380117
Palau,1987,3.156240869460092
Palau,1988,3.1974655060643897
Palau,1989,3.3200157833193917
Palau,1990,3.266832200639953
Palau,1991,2.5200990842261035
Palau,1992,-8.595297924532304
Palau,1993,-14.351656786350503
Palau,1994,4.753494523303331
Palau,1995,8.158930445383206
Palau,1996,7.529667237507056
Palau,1997,-0.264852834914663
Palau,1998,-0.2906643409063036
Palau,1999,-7.286903126820647
Palau,2000,-4.010655985787309
Palau,2001,6.38071260767974
Palau,2002,3.90423259365231
Palau,2003,-2.904408332776072
Palau,2004,2.631992090054297
Palau,2005,2.890018485052167
Palau,2006,1.3842001175448502
Palau,2007,2.850149104136591
Palau,2008,-3.733602778894067
Palau,2009,-5.037827952736663
Palau,2010,-0.9867787120662256
Palau,2011,6.940621020885104
Palau,2012,3.4462020491683205
Palau,2013,-1.9062371188007603
Palau,2014,4.770405888380964
Palau,2015,7.586083277448722
Palau,2016,1.173131518586089
Palau,2017,-3.071197891670721
Palau,2018,-1.2549946064041393
Palau,2019,-0.2724563641163939
Palau,2020,-6.8409260592569865
Palau,2021,-13.216132717151352
Palau,2022,1.649866060876377
Palau,2023,2.4005138214179738
Panama,1961,7.68784469349302
Panama,1962,5.036156495630777
Panama,1963,5.295021272785277
Panama,1964,1.3124007022476576
Panama,1965,5.926523553515423
Panama,1966,4.425657995576017
Panama,1967,5.407257931264269
Panama,1968,3.922563907440989
Panama,1969,5.386289911751561
Panama,1970,3.977230566197548
Panama,1971,6.58628264579859
Panama,1972,1.7296916191025955
Panama,1973,2.5459243735731008
Panama,1974,-0.2365753109857991
Panama,1975,-0.8703338644524479
Panama,1976,-0.8841659652599816
Panama,1977,-1.381678666981145
Panama,1978,7.159000820671864
Panama,1979,2.0411841281787133
Panama,1980,10.42815461602558
Panama,1981,6.6524260592862845
Panama,1982,2.892036362302747
Panama,1983,-6.711225801368968
Panama,1984,0.3372222760915235
Panama,1985,2.551832841125659
Panama,1986,1.2487751116555756
Panama,1987,-3.9693270684029898
Panama,1988,-15.252918587335913
Panama,1989,-0.5913380609253664
Panama,1990,5.820296592312005
Panama,1991,7.120838692865945
Panama,1992,5.959736359763568
Panama,1993,3.287712789367532
Panama,1994,0.7524563475260493
Panama,1995,-0.3027695453859564
Panama,1996,1.9956581714016863
Panama,1997,5.564955453540833
Panama,1998,6.244414995760565
Panama,1999,3.147633904126195
Panama,2000,2.182302478432433
Panama,2001,-0.9959895509276748
Panama,2002,0.5497285552970652
Panama,2003,3.1047422888966167
Panama,2004,6.134422011646109
Panama,2005,6.25411767660357
Panama,2006,7.839200027020183
Panama,2007,11.09685005831922
Panama,2008,8.20927222938532
Panama,2009,-0.205009199670286
Panama,2010,4.197971928865456
Panama,2011,9.940362289586275
Panama,2012,7.70986516046257
Panama,2013,4.487866200467792
Panama,2014,2.8308771673397786
Panama,2015,3.461073942589792
Panama,2016,2.7797989898054425
Panama,2017,3.947881513191561
Panama,2018,2.1939906612764304
Panama,2019,1.4757013989387815
Panama,2020,-18.942165978737396
Panama,2021,15.06954241212783
Panama,2022,9.64152425334943
Panama,2023,5.772635211069016
Panama,2024,1.4550430665986198
Papua New Guinea,1961,3.533650557135587
Papua New Guinea,1962,3.94619691734745
Papua New Guinea,1963,1.7660750465022517
Papua New Guinea,1964,6.240981199848278
Papua New Guinea,1965,7.926111493618819
Papua New Guinea,1966,3.5012719420291347
Papua New Guinea,1967,1.7661170014599463
Papua New Guinea,1968,2.0342879435639247
Papua New Guinea,1969,5.790041174891343
Papua New Guinea,1970,8.246018248984626
Papua New Guinea,1971,3.777287811389641
Papua New Guinea,1972,3.1511691709496006
Papua New Guinea,1973,4.066717716220381
Papua New Guinea,1974,0.2978106360280463
Papua New Guinea,1975,-3.068377950742743
Papua New Guinea,1976,-5.487236219098534
Papua New Guinea,1977,-1.3256901463532529
Papua New Guinea,1978,6.259145260166093
Papua New Guinea,1979,-0.2799518991368757
Papua New Guinea,1980,-4.305450629246138
Papua New Guinea,1981,-2.3182008307041144
Papua New Guinea,1982,-1.7151750267210986
Papua New Guinea,1983,1.0760459174287291
Papua New Guinea,1984,-2.4489112841455096
Papua New Guinea,1985,1.7958479717204483
Papua New Guinea,1986,2.458974456964569
Papua New Guinea,1987,0.5708220478810802
Papua New Guinea,1988,0.7096784263346194
Papua New Guinea,1989,-3.606119310077631
Papua New Guinea,1990,-5.511313750843343
Papua New Guinea,1991,6.1324478186246125
Papua New Guinea,1992,9.890938498511744
Papua New Guinea,1993,13.984711113162646
Papua New Guinea,1994,2.174339373731655
Papua New Guinea,1995,-6.728163024718796
Papua New Guinea,1996,3.949243211381102
Papua New Guinea,1997,-7.26669749488677
Papua New Guinea,1998,-7.094043567038582
Papua New Guinea,1999,-1.6278261982349562
Papua New Guinea,2000,-5.800698818146614
Papua New Guinea,2001,-3.457957150859343
Papua New Guinea,2002,-3.4549360247166305
Papua New Guinea,2003,-1.1723144679098
Papua New Guinea,2004,-0.5910088012627313
Papua New Guinea,2005,2.962669857959653
Papua New Guinea,2006,2.101062378783496
Papua New Guinea,2007,4.476614136132852
Papua New Guinea,2008,-3.345403253239141
Papua New Guinea,2009,3.5784868670768475
Papua New Guinea,2010,6.852310148313848
Papua New Guinea,2011,-1.797584717090757
Papua New Guinea,2012,1.7815640966618531
Papua New Guinea,2013,1.0574975755700535
Papua New Guinea,2014,10.60317508537578
Papua New Guinea,2015,3.898978937162696
Papua New Guinea,2016,2.917910216519573
Papua New Guinea,2017,1.0869262716133932
Papua New Guinea,2018,-2.5699125497504696
Papua New Guinea,2019,2.148249649980613
Papua New Guinea,2020,-5.206887605736938
Papua New Guinea,2021,-2.4702458981892192
Papua New Guinea,2022,3.736304419502432
Papua New Guinea,2023,1.9477600738502476
Papua New Guinea,2024,1.9658474387499183
Paraguay,1961,4.466541023811615
Paraguay,1962,0.905818908144738
Paraguay,1963,2.184132496269456
Paraguay,1964,1.6382300704310635
Paraguay,1965,3.5673008220350937
Paraguay,1966,-0.4630833604834663
Paraguay,1967,6.585081940965182
Paraguay,1968,2.127438946679618
Paraguay,1969,2.342520086830916
Paraguay,1970,3.2091770529603707
Paraguay,1971,3.182904458681506
Paraguay,1972,4.185314997988627
Paraguay,1973,4.737828963384175
Paraguay,1974,5.718282097253137
Paraguay,1975,4.231319527203212
Paraguay,1976,4.907289525135681
Paraguay,1977,8.772132743722992
Paraguay,1978,9.270003117219744
Paraguay,1979,9.052436000427548
Paraguay,1980,8.811914984317994
Paraguay,1981,6.234905974475026
Paraguay,1982,-4.105051174180417
Paraguay,1983,-5.727417385925307
Paraguay,1984,-0.041351935506924
Paraguay,1985,1.613273527877098
Paraguay,1986,2.0350706086729677
Paraguay,1987,4.587430503081265
Paraguay,1988,2.986287985344987
Paraguay,1989,4.015137616786689
Paraguay,1990,1.338274857254774
Paraguay,1991,0.7812509064711861
Paraguay,1992,-0.9152211824328303
Paraguay,1993,2.312262510748525
Paraguay,1994,2.757147925289871
Paraguay,1995,4.294664441949863
Paraguay,1996,-0.7607544956707954
Paraguay,1997,1.9189165761290357
Paraguay,1998,-2.0887850505050096
Paraguay,1999,-3.398833879708775
Paraguay,2000,-4.185808703858555
Paraguay,2001,-2.4936928591708494
Paraguay,2002,-1.420732435705531
Paraguay,2003,3.045574790313537
Paraguay,2004,2.8651035348965053
Paraguay,2005,1.0101547497611565
Paraguay,2006,3.720979119200592
Paraguay,2007,4.3931175693770825
Paraguay,2008,5.468280183417164
Paraguay,2009,-1.27522707846056
Paraguay,2010,9.803147314355144
Paraguay,2011,2.911549888395058
Paraguay,2012,-2.09516519053814
Paraguay,2013,6.746512237467314
Paraguay,2014,3.785582223917146
Paraguay,2015,1.464523619440584
Paraguay,2016,2.7659725076742063
Paraguay,2017,3.329629422952408
Paraguay,2018,1.779644257215125
Paraguay,2019,-1.7421911272101909
Paraguay,2020,-2.151667315980092
Paraguay,2021,2.764913474539398
Paraguay,2022,-0.9543024741609544
Paraguay,2023,3.715423417613706
Paraguay,2024,2.9710193223235564
Peru,1961,4.262545762705059
Peru,1962,6.877580020222069
Peru,1963,1.3447722751354974
Peru,1964,3.509560037167276
Peru,1965,2.630228944225067
Peru,1966,5.195925996264222
Peru,1967,0.9534503536455076
Peru,1968,-2.625955907100604
Peru,1969,0.6624031027978532
Peru,1970,0.8052319028527961
Peru,1971,2.0447196505462277
Peru,1972,0.7680683407692186
Peru,1973,3.5606280703768505
Peru,1974,6.65383740719912
Peru,1975,1.733771888068418
Peru,1976,-1.0240795205803437
Peru,1977,-2.098941012027637
Peru,1978,-5.037249524431772
Peru,1979,1.5268921985533694
Peru,1980,3.332670605920015
Peru,1981,2.9554295804304047
Peru,1982,-2.6708685577724225
Peru,1983,-12.608634176956729
Peru,1984,1.0754032981078296
Peru,1985,-0.3983660792096373
Peru,1986,6.875309070555559
Peru,1987,7.246135242883582
Peru,1988,-11.473043469298418
Peru,1989,-14.258158351555522
Peru,1990,-7.063697950667304
Peru,1991,0.0869996669868413
Peru,1992,-2.54546849500791
Peru,1993,3.142448225287737
Peru,1994,10.108849347755909
Peru,1995,5.349419370262481
Peru,1996,0.8837458250890933
Peru,1997,4.52636436123332
Peru,1998,-2.187052994487928
Peru,1999,-0.2430545082184778
Peru,2000,1.1043349822596866
Peru,2001,-0.7488371662048792
Peru,2002,4.20293608263907
Peru,2003,3.0611767652869446
Peru,2004,3.9343288245660375
Peru,2005,5.343323459585548
Peru,2006,6.681138497385234
Peru,2007,7.734062095718571
Peru,2008,8.410906656389301
Peru,2009,0.4738932818074914
Peru,2010,7.6277436246787005
Peru,2011,5.535956262547074
Peru,2012,5.255130200057593
Peru,2013,4.902714879340223
Peru,2014,1.3693888242595875
Peru,2015,2.0936199066413224
Peru,2016,2.5762303972815914
Peru,2017,1.0194314164824192
Peru,2018,2.101845390350604
Peru,2019,0.5022862912275059
Peru,2020,-11.989123385760962
Peru,2021,12.277739643211106
Peru,2022,1.8276201502518177
Peru,2023,-1.492559808891443
Peru,2024,2.1801727875387087
Philippines,1961,2.388983243734259
Philippines,1962,1.5626004874708317
Philippines,1963,3.697789910108739
Philippines,1964,0.2382989577131695
Philippines,1965,2.173356196476533
Philippines,1966,1.3596861537923104
Philippines,1967,2.170829319734821
Philippines,1968,2.040654099231247
Philippines,1969,1.769720247792918
Philippines,1970,1.042709819827394
Philippines,1971,2.936261981302792
Philippines,1972,3.0496202884932018
Philippines,1973,6.39123697222152
Philippines,1974,1.1842717947614858
Philippines,1975,3.081541382432647
Philippines,1976,6.057370043420107
Philippines,1977,2.787623929291172
Philippines,1978,2.405769468075576
Philippines,1979,2.816613626785028
Philippines,1980,2.4928641931962545
Philippines,1981,0.7628409934200704
Philippines,1982,0.8674657967570027
Philippines,1983,-1.0293012552207728
Philippines,1984,-9.689387195588496
Philippines,1985,-9.36657778201814
Philippines,1986,0.8937814386859202
Philippines,1987,1.647821026782097
Philippines,1988,3.872193082890078
Philippines,1989,3.538720166744412
Philippines,1990,0.4760208885211057
Philippines,1991,-2.7987132409376017
Philippines,1992,-1.9339783959218693
Philippines,1993,-0.2459039740243156
Philippines,1994,2.1224410361149357
Philippines,1995,2.3606395486743
Philippines,1996,3.449578997091379
Philippines,1997,2.740559804198412
Philippines,1998,-2.984749545596955
Philippines,1999,0.7383312830234132
Philippines,2000,1.928279712484596
Philippines,2001,0.8008103778323488
Philippines,2002,1.6344095671770162
Philippines,2003,3.0244766496209934
Philippines,2004,4.5182953575341145
Philippines,2005,3.0092209666944427
Philippines,2006,3.559722382798625
Philippines,2007,4.687504953004762
Philippines,2008,2.5165712858027547
Philippines,2009,-0.3629552898373163
Philippines,2010,5.158694302764673
Philippines,2011,1.8376051414421115
Philippines,2012,4.8407653397621
Philippines,2013,4.762666338180793
Philippines,2014,4.6151406827822825
Philippines,2015,4.787250557423505
Philippines,2016,5.721214858897298
Philippines,2017,5.562230206657759
Philippines,2018,5.034290671144575
Philippines,2019,4.83577546655691
Philippines,2020,-10.548861506562416
Philippines,2021,4.761639162540689
Philippines,2022,6.765954105691321
Philippines,2023,4.667697362791245
Philippines,2024,4.823012407153144
Poland,1991,-7.344790996172463
Poland,1992,2.201065853347501
Poland,1993,3.474682759540954
Poland,1994,5.070855522545386
Poland,1995,7.783275672680475
Poland,1996,6.01319811600105
Poland,1997,6.289311514500625
Poland,1998,4.58421234371184
Poland,1999,4.707878067334377
Poland,2000,5.755022676619362
Poland,2001,1.261675975954191
Poland,2002,1.9484048628204815
Poland,2003,3.593265476511931
Poland,2004,5.152304956576813
Poland,2005,3.306214771520885
Poland,2006,6.269429323513734
Poland,2007,6.818439881045691
Poland,2008,4.369536452220331
Poland,2009,2.5456168247388438
Poland,2010,3.4640085386787263
Poland,2011,5.1988822232338805
Poland,2012,1.5120243670463651
Poland,2013,0.7450319772714238
Poland,2014,3.998318321246288
Poland,2015,4.501384676348948
Poland,2016,3.0754752825238825
Poland,2017,5.13933542172569
Poland,2018,6.246071105400191
Poland,2019,4.606007273410853
Poland,2020,-0.8612020023789171
Poland,2021,8.471717999834055
Poland,2022,5.712275974473101
Poland,2023,0.6168531013367868
Poland,2024,3.389474229012549
Portugal,1961,4.688668546946502
Portugal,1962,5.847863243364529
Portugal,1963,5.447292905676321
Portugal,1964,6.251799366154216
Portugal,1965,7.908127607571686
Portugal,1966,4.865748975541976
Portugal,1967,8.228805391303439
Portugal,1968,9.342101837828537
Portugal,1969,3.0412930541168635
Portugal,1970,10.08518347780381
Portugal,1971,7.084084084691327
Portugal,1972,8.182480109477169
Portugal,1973,11.166280337895088
Portugal,1974,-0.2581658766095103
Portugal,1975,-7.914607260886669
Portugal,1976,3.9027124599248415
Portugal,1977,4.487288369615854
Portugal,1978,1.7125896414434294
Portugal,1979,4.512542895251514
Portugal,1980,3.4643714103515464
Portugal,1981,0.7408013651027545
Portugal,1982,1.512893086757643
Portugal,1983,-0.6352016069100728
Portugal,1984,-2.2565788465296635
Portugal,1985,2.5266056975683995
Portugal,1986,4.046279034423023
Portugal,1987,6.410062708837344
Portugal,1988,7.600902531280738
Portugal,1989,6.596071621911023
Portugal,1990,4.177328827108084
Portugal,1991,4.609033263817025
Portugal,1992,1.1681037872908036
Portugal,1993,-2.1630213734849235
Portugal,1994,0.693517750119014
Portugal,1995,3.922373311783218
Portugal,1996,3.115805229764206
Portugal,1997,3.935797868430612
Portugal,1998,4.279611269292658
Portugal,1999,3.320509613095496
Portugal,2000,3.0890531320244605
Portugal,2001,1.2272632622176474
Portugal,2002,0.2205432410208061
Portugal,2003,-1.3017419389135796
Portugal,2004,1.545619950127147
Portugal,2005,0.5950380724855506
Portugal,2006,1.4419375641536902
Portugal,2007,2.305551845291845
Portugal,2008,0.1746999751442928
Portugal,2009,-3.214388823431719
Portugal,2010,1.690927475758258
Portugal,2011,-1.5688565518252773
Portugal,2012,-3.661114521370578
Portugal,2013,-0.4391983879716576
Portugal,2014,1.28604644379557
Portugal,2015,2.01139554784055
Portugal,2016,2.326430636218376
Portugal,2017,3.567001261870772
Portugal,2018,3.1112365869710743
Portugal,2019,2.721302078487753
Portugal,2020,-8.30107079726919
Portugal,2021,4.899131071755633
Portugal,2022,6.242470311360208
Portugal,2023,1.6980256724859544
Portugal,2024,1.0269703514054245
Post-demographic dividend,1961,3.170878623506397
Post-demographic dividend,1962,4.316983825281696
Post-demographic dividend,1963,3.7920319495020607
Post-demographic dividend,1964,5.1623536720344845
Post-demographic dividend,1965,4.336190114800658
Post-demographic dividend,1966,4.427909581523167
Post-demographic dividend,1967,2.775759063962923
Post-demographic dividend,1968,4.881100979434947
Post-demographic dividend,1969,4.614992523522048
Post-demographic dividend,1970,1.7666167300084652
Post-demographic dividend,1971,2.461530162610785
Post-demographic dividend,1972,4.2725905581455095
Post-demographic dividend,1973,5.20395013385442
Post-demographic dividend,1974,0.1325370241561216
Post-demographic dividend,1975,-0.7692615276538106
Post-demographic dividend,1976,4.00395213102307
Post-demographic dividend,1977,3.063380772497084
Post-demographic dividend,1978,3.524680247154805
Post-demographic dividend,1979,3.021858036659026
Post-demographic dividend,1980,0.3939482820813964
Post-demographic dividend,1981,1.2434121179953053
Post-demographic dividend,1982,-0.3972649303455711
Post-demographic dividend,1983,2.529729926277824
Post-demographic dividend,1984,4.281293322649532
Post-demographic dividend,1985,3.1506529034954127
Post-demographic dividend,1986,2.6881191219797245
Post-demographic dividend,1987,2.905000437288677
Post-demographic dividend,1988,4.029760943311132
Post-demographic dividend,1989,3.154148986476386
Post-demographic dividend,1990,2.058030821100772
Post-demographic dividend,1991,0.3215436686585491
Post-demographic dividend,1992,1.258218671485395
Post-demographic dividend,1993,0.5833576168733146
Post-demographic dividend,1994,2.6449887437795923
Post-demographic dividend,1995,2.23207971199318
Post-demographic dividend,1996,2.373783063993073
Post-demographic dividend,1997,2.8963553928119694
Post-demographic dividend,1998,2.308443460457994
Post-demographic dividend,1999,3.044804663140482
Post-demographic dividend,2000,3.5404597977356502
Post-demographic dividend,2001,1.0292938527485944
Post-demographic dividend,2002,1.0141611438442055
Post-demographic dividend,2003,1.517845296916093
Post-demographic dividend,2004,2.6675051629165125
Post-demographic dividend,2005,2.2761877535917137
Post-demographic dividend,2006,2.372545136341813
Post-demographic dividend,2007,1.9595249102805496
Post-demographic dividend,2008,-0.2432131132616035
Post-demographic dividend,2009,-3.868412753860071
Post-demographic dividend,2010,2.4162135937200877
Post-demographic dividend,2011,1.3576876724465734
Post-demographic dividend,2012,0.7989696789715879
Post-demographic dividend,2013,1.1248213452062572
Post-demographic dividend,2014,1.5855962824998784
Post-demographic dividend,2015,1.781349190910575
Post-demographic dividend,2016,1.3452707234054486
Post-demographic dividend,2017,2.0967975682275157
Post-demographic dividend,2018,1.8753034105014168
Post-demographic dividend,2019,1.492721305398348
Post-demographic dividend,2020,-4.246531758930686
Post-demographic dividend,2021,5.728483381696051
Post-demographic dividend,2022,2.718045893107245
Post-demographic dividend,2023,1.4757252654693789
Post-demographic dividend,2024,1.1583525735726423
Pre-demographic dividend,1961,-2.5986600545055865
Pre-demographic dividend,1962,3.684047030579009
Pre-demographic dividend,1963,3.2228315840040693
Pre-demographic dividend,1964,2.069082920143188
Pre-demographic dividend,1965,1.8178600844291
Pre-demographic dividend,1966,-1.354940175929258
Pre-demographic dividend,1967,-8.13093624289445
Pre-demographic dividend,1968,0.9601121472079228
Pre-demographic dividend,1969,8.412672624612938
Pre-demographic dividend,1970,5.726937396260297
Pre-demographic dividend,1971,6.440193588596202
Pre-demographic dividend,1972,0.6888797897143917
Pre-demographic dividend,1973,1.2252416844185348
Pre-demographic dividend,1974,5.293292755408928
Pre-demographic dividend,1975,-3.137205313987778
Pre-demographic dividend,1976,3.9190381219239327
Pre-demographic dividend,1977,1.711727414521221
Pre-demographic dividend,1978,-3.191990621511408
Pre-demographic dividend,1979,2.428364569650583
Pre-demographic dividend,1980,1.2521208104242731
Pre-demographic dividend,1981,-6.291661464371586
Pre-demographic dividend,1982,-3.7306660467142194
Pre-demographic dividend,1983,-7.328309808051756
Pre-demographic dividend,1984,-2.1689250491509
Pre-demographic dividend,1985,0.7185590647786739
Pre-demographic dividend,1986,-0.2605877453442247
Pre-demographic dividend,1987,1.0776450653529963
Pre-demographic dividend,1988,1.147721474352721
Pre-demographic dividend,1989,-1.3174158353396734
Pre-demographic dividend,1990,5.324434488970397
Pre-demographic dividend,1991,-10.357940179107132
Pre-demographic dividend,1992,-0.6453687384187532
Pre-demographic dividend,1993,-3.7118929866549593
Pre-demographic dividend,1994,-3.195406149905523
Pre-demographic dividend,1995,-0.0487126760722986
Pre-demographic dividend,1996,2.863925987180039
Pre-demographic dividend,1997,3.5148618631541098
Pre-demographic dividend,1998,3.968790169037305
Pre-demographic dividend,1999,1.2674822952378548
Pre-demographic dividend,2000,2.559737043757053
Pre-demographic dividend,2001,1.4400870225360336
Pre-demographic dividend,2002,2.8894062593080463
Pre-demographic dividend,2003,-3.5076818950695383
Pre-demographic dividend,2004,8.78912091128936
Pre-demographic dividend,2005,2.898887486737493
Pre-demographic dividend,2006,3.220009865194484
Pre-demographic dividend,2007,3.218695106825976
Pre-demographic dividend,2008,3.3737125409201667
Pre-demographic dividend,2009,1.757855673431294
Pre-demographic dividend,2010,3.567942833454921
Pre-demographic dividend,2011,1.3286763329115132
Pre-demographic dividend,2012,1.270016413841219
Pre-demographic dividend,2013,2.804686981004238
Pre-demographic dividend,2014,2.1557022898277296
Pre-demographic dividend,2015,0.1818296790384863
Pre-demographic dividend,2016,-0.4341384456154742
Pre-demographic dividend,2017,-1.1433881957987495
Pre-demographic dividend,2018,-0.1354647005559428
Pre-demographic dividend,2019,0.4659436317399468
Pre-demographic dividend,2020,-6.605235756678184
Pre-demographic dividend,2021,-0.2684118773941577
Pre-demographic dividend,2022,2.063525613219525
Pre-demographic dividend,2023,-0.1188765267909843
Pre-demographic dividend,2024,0.7225348220652137
Puerto Rico (US),1961,5.180691477426677
Puerto Rico (US),1962,6.086398520792642
Puerto Rico (US),1963,6.299405800043445
Puerto Rico (US),1964,4.9844817196101445
Puerto Rico (US),1965,7.5236604374588865
Puerto Rico (US),1966,6.229836986345049
Puerto Rico (US),1967,5.39296609738436
Puerto Rico (US),1968,4.532851623537184
Puerto Rico (US),1969,8.47526145119808
Puerto Rico (US),1970,7.047929157617176
Puerto Rico (US),1971,4.663795476861552
Puerto Rico (US),1972,5.078763543333224
Puerto Rico (US),1973,4.071923337587606
Puerto Rico (US),1974,0.7985605943488565
Puerto Rico (US),1975,-2.46962901165594
Puerto Rico (US),1976,4.502977117000071
Puerto Rico (US),1977,4.412682375976473
Puerto Rico (US),1978,5.540172762212947
Puerto Rico (US),1979,6.589805340324247
Puerto Rico (US),1980,3.010752186645334
Puerto Rico (US),1981,0.0077466166231232
Puerto Rico (US),1982,-2.604948583672368
Puerto Rico (US),1983,-3.335473116871839
Puerto Rico (US),1984,4.881749916495991
Puerto Rico (US),1985,2.0957763452341425
Puerto Rico (US),1986,3.975056526048519
Puerto Rico (US),1987,4.776533924463962
Puerto Rico (US),1988,4.911513148464763
Puerto Rico (US),1989,3.3899512122126225
Puerto Rico (US),1990,-3.701708114222697
Puerto Rico (US),1991,1.5832278146652925
Puerto Rico (US),1992,3.891316523551524
Puerto Rico (US),1993,3.766936312026132
Puerto Rico (US),1994,3.222679345134722
Puerto Rico (US),1995,3.587663831110092
Puerto Rico (US),1996,1.1723027078393216
Puerto Rico (US),1997,3.909938799745774
Puerto Rico (US),1998,4.9258868989182645
Puerto Rico (US),1999,4.863317304615535
Puerto Rico (US),2000,2.9867515005423684
Puerto Rico (US),2001,6.086049176633111
Puerto Rico (US),2002,0.78642430938811
Puerto Rico (US),2003,-0.0091839462306637
Puerto Rico (US),2004,8.726426331550343
Puerto Rico (US),2005,-1.845460353198092
Puerto Rico (US),2006,-0.9910300233063652
Puerto Rico (US),2007,-0.5822974034368826
Puerto Rico (US),2008,-1.2665834218047394
Puerto Rico (US),2009,-1.4162109210860478
Puerto Rico (US),2010,0.0130918561743698
Puerto Rico (US),2011,0.4778277738522121
Puerto Rico (US),2012,0.9150465817733248
Puerto Rico (US),2013,0.5062730890986273
Puerto Rico (US),2014,0.0887811529566988
Puerto Rico (US),2015,0.3460310067283814
Puerto Rico (US),2016,0.2890817701743486
Puerto Rico (US),2017,-0.903680354883278
Puerto Rico (US),2018,-0.869549149955759
Puerto Rico (US),2019,1.3060053015888258
Puerto Rico (US),2020,-3.564746343562291
Puerto Rico (US),2021,0.9660809750480156
Puerto Rico (US),2022,4.318309600370156
Puerto Rico (US),2023,1.2454006982031132
Puerto Rico (US),2024,3.193083753945274
Qatar,1971,-2.551935034597534
Qatar,1972,-0.4147714702668281
Qatar,1973,0.287639462417232
Qatar,1974,-3.332434320595823
Qatar,1975,-2.7436612012806023
Qatar,1976,0.0744618436574313
Qatar,1977,-13.984576951545634
Qatar,1978,1.4246157489522917
Qatar,1979,-1.6317766889620202
Qatar,1980,-7.202334872985588
Qatar,1981,-5.162304880579356
Qatar,1982,-12.250321399638182
Qatar,1983,-7.236097764751676
Qatar,1984,-0.8083350225788735
Qatar,1985,-6.951305109706979
Qatar,1986,0.7959210936933232
Qatar,1987,-3.629914735567837
Qatar,1988,2.232619373788026
Qatar,1989,2.633106933222137
Qatar,1990,0.0010271539009778
Qatar,1991,-4.835569294225167
Qatar,1992,7.821291966691817
Qatar,1993,-4.356993569546333
Qatar,1994,-1.6096855384393791
Qatar,1995,-0.5605013903728775
Qatar,1996,1.4748270932923615
Qatar,1997,24.938854308699845
Qatar,1998,5.463651376979044
Qatar,1999,-1.1574355190064836
Qatar,2000,2.5865973517382344
Qatar,2001,-1.1495556040042345
Qatar,2002,2.1666891793643828
Qatar,2003,-0.9427470913019677
Qatar,2004,14.802155236127575
Qatar,2005,0.7109089117302858
Qatar,2006,7.050381965864176
Qatar,2007,-5.030134572795902
Qatar,2008,-0.3407394700629282
Qatar,2009,-0.7055916831763227
Qatar,2010,19.00569032130957
Qatar,2011,12.82195179919654
Qatar,2012,-1.2090084764000295
Qatar,2013,-5.128690570239556
Qatar,2014,-6.185225976721839
Qatar,2015,-3.861394469266159
Qatar,2016,-2.4510916934917475
Qatar,2017,-4.155961742601207
Qatar,2018,-0.1347446398317089
Qatar,2019,-1.5220222309424545
Qatar,2020,-8.924412657458817
Qatar,2021,13.361637590199235
Qatar,2022,-1.7910161552097748
Qatar,2023,1.5895282542918778
Qatar,2024,-4.867883899221766
Romania,1991,-12.158441341251772
Romania,1992,-7.939239528267578
Romania,1993,1.6671186096830866
Romania,1994,4.083147899437421
Romania,1995,6.448659414463492
Romania,1996,4.207522543761044
Romania,1997,-4.574730429656398
Romania,1998,-1.826823974417508
Romania,1999,-0.2201505549029008
Romania,2000,2.593975231990669
Romania,2001,6.696673666374878
Romania,2002,7.655869434261305
Romania,2003,3.08196384315724
Romania,2004,11.05911321619493
Romania,2005,5.3165061122384
Romania,2006,8.67067585292331
Romania,2007,8.829648237239041
Romania,2008,11.144208901497905
Romania,2009,-4.726288593853923
Romania,2010,-3.333352913550541
Romania,2011,5.010833714480327
Romania,2012,2.35828066727251
Romania,2013,0.651822267051088
Romania,2014,4.506725444019423
Romania,2015,3.643069410963662
Romania,2016,3.451695414649137
Romania,2017,8.822666570908737
Romania,2018,6.015530451183878
Romania,2019,4.509412961103493
Romania,2020,-3.065617249342253
Romania,2021,6.378016539029318
Romania,2022,4.5900405206182455
Romania,2023,2.1903529702579334
Romania,2024,0.965042709085722
Russian Federation,1990,-3.16283597296696
Russian Federation,1991,-5.318761909656317
Russian Federation,1992,-14.61391713580356
Russian Federation,1993,-8.6196861844154
Russian Federation,1994,-12.53978986086544
Russian Federation,1995,-4.122772365226027
Russian Federation,1996,-3.614975494976463
Russian Federation,1997,1.5677041497550448
Russian Federation,1998,-5.1431153621187065
Russian Federation,1999,6.729502923350211
Russian Federation,2000,10.4637091559227
Russian Federation,2001,5.546718339326432
Russian Federation,2002,5.182750238249881
Russian Federation,2003,7.78796752390349
Russian Federation,2004,7.6324911823090815
Russian Federation,2005,6.806607652592092
Russian Federation,2006,8.554941474697372
Russian Federation,2007,8.685765481559656
Russian Federation,2008,5.246210018298655
Russian Federation,2009,-7.827749976723297
Russian Federation,2010,4.453096398347569
Russian Federation,2011,4.176976243681835
Russian Federation,2012,3.762719155000156
Russian Federation,2013,1.453147678759322
Russian Federation,2014,-1.1219404174418628
Russian Federation,2015,-2.2762114110788048
Russian Federation,2016,-0.0904862004782103
Russian Federation,2017,1.6138732592420268
Russian Federation,2018,2.716592716605419
Russian Federation,2019,2.142026247173675
Russian Federation,2020,-2.526804317432223
Russian Federation,2021,6.218577408699517
Russian Federation,2022,-1.097171762521114
Russian Federation,2023,4.377510970288441
Russian Federation,2024,4.556260993519061
Rwanda,1961,-6.900036078320113
Rwanda,1962,8.564592795497077
Rwanda,1963,-11.83675466545219
Rwanda,1964,-14.4584228191122
Rwanda,1965,4.2468958911476165
Rwanda,1966,4.018420359735359
Rwanda,1967,3.7361177568625976
Rwanda,1968,3.742980904906929
Rwanda,1969,7.636243069259322
Rwanda,1970,2.8219701921686777
Rwanda,1971,-1.7400454156487086
Rwanda,1972,-2.594701257442182
Rwanda,1973,0.4691971601621105
Rwanda,1974,-1.5181055391779663
Rwanda,1975,-4.94988786256377
Rwanda,1976,16.024004102387266
Rwanda,1977,-0.9747164891560658
Rwanda,1978,5.965717174092333
Rwanda,1979,8.542184506366794
Rwanda,1980,5.619559823375326
Rwanda,1981,2.117567712133521
Rwanda,1982,-1.4747199387772838
Rwanda,1983,2.5029776904276844
Rwanda,1984,-7.412811077841667
Rwanda,1985,0.938741579531822
Rwanda,1986,2.006074537652708
Rwanda,1987,-3.247384803976516
Rwanda,1988,1.220852629117644
Rwanda,1989,-3.0506569662707648
Rwanda,1990,-4.9215986730723245
Rwanda,1991,-4.478593614089945
Rwanda,1992,3.718965765336748
Rwanda,1993,-11.538192406006218
Rwanda,1994,-41.54061160273707
Rwanda,1995,61.873535014622064
Rwanda,1996,-4.6422885407725545
Rwanda,1997,-1.5128715733126228
Rwanda,1998,4.461545845318923
Rwanda,1999,3.503655064600736
Rwanda,2000,7.499871065814091
Rwanda,2001,7.526799287089986
Rwanda,2002,11.668244512478054
Rwanda,2003,-0.0196868446927851
Rwanda,2004,4.645118905437641
Rwanda,2005,6.50669742325816
Rwanda,2006,6.352667291453102
Rwanda,2007,4.807909926887916
Rwanda,2008,8.27757420238298
Rwanda,2009,3.542919168093775
Rwanda,2010,4.659797963651414
Rwanda,2011,5.342776973002344
Rwanda,2012,6.071726785300655
Rwanda,2013,2.2330148310371527
Rwanda,2014,3.631645705839489
Rwanda,2015,6.282592219254582
Rwanda,2016,3.488788293339809
Rwanda,2017,1.509064569003769
Rwanda,2018,6.031779965236964
Rwanda,2019,6.979296301451441
Rwanda,2020,-5.516369026034226
Rwanda,2021,8.456009304885526
Rwanda,2022,5.81773274151854
Rwanda,2023,5.896000903588401
Rwanda,2024,6.583267310796259
Samoa,1971,11.838328423952362
Samoa,1972,0.1570191703531804
Samoa,1973,5.843204158183795
Samoa,1974,-12.422013964622906
Samoa,1975,-6.259048337742001
Samoa,1976,6.6994963395997615
Samoa,1977,-2.414934393585
Samoa,1978,5.182068130536749
Samoa,1979,9.882950326023618
Samoa,1980,-7.015135330986951
Samoa,1981,-9.773678102365224
Samoa,1982,-1.439994571516536
Samoa,1983,0.292480477532635
Samoa,1984,1.2377633051143562
Samoa,1985,3.886486116059757
Samoa,1986,5.370693211347529
Samoa,1987,0.1235022421373059
Samoa,1988,-1.843331040776832
Samoa,1989,3.447996187752807
Samoa,1990,-4.576374053849989
Samoa,1991,-2.4880655958048834
Samoa,1992,-0.7642262582047294
Samoa,1993,3.2254914524198317
Samoa,1994,-3.321610589156464
Samoa,1995,5.810824097955674
Samoa,1996,6.265880045536903
Samoa,1997,-0.1932531445973211
Samoa,1998,1.419167070443763
Samoa,1999,1.4088760875096114
Samoa,2000,4.277450708260872
Samoa,2001,6.521819543913125
Samoa,2002,4.904547373984826
Samoa,2003,4.668494152354754
Samoa,2004,2.633950603366003
Samoa,2005,6.223432883649437
Samoa,2006,1.7343913698832694
Samoa,2007,-0.0698092296218391
Samoa,2008,2.8185465318062484
Samoa,2009,-1.2718546722779678
Samoa,2010,5.294516645888251
Samoa,2011,2.947725999226236
Samoa,2012,-4.606633499404921
Samoa,2013,-0.786395614806608
Samoa,2014,-0.2302485750684297
Samoa,2015,2.952269413114621
Samoa,2016,7.0727611405643245
Samoa,2017,0.4604194535900063
Samoa,2018,-1.6472076564482023
Samoa,2019,3.35744960284687
Samoa,2020,-4.097929256999393
Samoa,2021,-5.858576704260997
Samoa,2022,1.5629761083559828
Samoa,2023,14.487947925699515
Samoa,2024,4.09688706632852
San Marino,1998,6.128725994303494
San Marino,1999,7.672796924329759
San Marino,2000,0.8830257800401426
San Marino,2001,4.240283369002086
San Marino,2002,-0.959002843255874
San Marino,2003,2.5597718400727416
San Marino,2004,-1.1795679274358832
San Marino,2005,1.1240238840612164
San Marino,2006,2.632996728699084
San Marino,2007,3.5848833240598026
San Marino,2008,-1.9182242207898383
San Marino,2009,-14.128776602067902
San Marino,2010,-6.053286507522188
San Marino,2011,-6.487814736474135
San Marino,2012,-9.402513148005838
San Marino,2013,0.5012329207287252
San Marino,2014,0.4713819107332995
San Marino,2015,1.5390191842420649
San Marino,2016,1.7136618106599002
San Marino,2017,-1.887691198790108
San Marino,2018,-0.5552590409818094
San Marino,2019,1.6505086881122963
San Marino,2020,-6.9351893206100215
San Marino,2021,15.62028906866945
San Marino,2022,9.48711055571971
San Marino,2023,0.0905880817326192
Sao Tome and Principe,1971,3.111879064414211
Sao Tome and Principe,1972,0.1313856411784684
Sao Tome and Principe,1973,-0.5635200350386924
Sao Tome and Principe,1974,3.344733036988387
Sao Tome and Principe,1975,2.903701906438826
Sao Tome and Principe,1976,-0.8912950967577729
Sao Tome and Principe,1977,20.20167913929569
Sao Tome and Principe,1978,0.1623385842782312
Sao Tome and Principe,1979,13.37208784657136
Sao Tome and Principe,1980,-3.3820730458540567
Sao Tome and Principe,1981,-12.159948120236123
Sao Tome and Principe,1982,1.1889844896256392
Sao Tome and Principe,1983,-5.597940909998243
Sao Tome and Principe,1984,-7.809269460017688
Sao Tome and Principe,1985,7.022511697591355
Sao Tome and Principe,1986,-7.9433771599274365
Sao Tome and Principe,1987,-5.2895663966934166
Sao Tome and Principe,1988,-0.63543114584715
Sao Tome and Principe,1989,0.522097002820658
Sao Tome and Principe,1990,-4.540350358084268
Sao Tome and Principe,1991,-0.9865028551298848
Sao Tome and Principe,1992,-1.1967253038736914
Sao Tome and Principe,1993,-0.7264609436352032
Sao Tome and Principe,1994,0.4560136699977875
Sao Tome and Principe,1995,0.3644629270569908
Sao Tome and Principe,1996,-0.0318143345786694
Sao Tome and Principe,1997,-0.4285994494123031
Sao Tome and Principe,1998,1.1680437048316603
Sao Tome and Principe,1999,1.2831775781198047
Sao Tome and Principe,2000,-0.6508459225092196
Sao Tome and Principe,2001,1.404889541444902
Sao Tome and Principe,2002,0.9147926463326996
Sao Tome and Principe,2003,5.551387914375511
Sao Tome and Principe,2004,0.983351604603726
Sao Tome and Principe,2005,4.019818213746291
Sao Tome and Principe,2006,6.237753720466117
Sao Tome and Principe,2007,1.160672448823192
Sao Tome and Principe,2008,3.7269903063578624
Sao Tome and Principe,2009,0.944228915067228
Sao Tome and Principe,2010,-0.7551506153580192
Sao Tome and Principe,2011,-0.1141899215720343
Sao Tome and Principe,2012,0.8834209591481965
Sao Tome and Principe,2013,3.101075643125583
Sao Tome and Principe,2014,2.976742762125852
Sao Tome and Principe,2015,-0.2468259053636217
Sao Tome and Principe,2016,3.4222338631546165
Sao Tome and Principe,2017,2.462524590713855
Sao Tome and Principe,2018,2.780577149233835
Sao Tome and Principe,2019,0.482132360625684
Sao Tome and Principe,2020,0.7166464343391254
Sao Tome and Principe,2021,-0.1785265914714102
Sao Tome and Principe,2022,-1.7540731047441227
Sao Tome and Principe,2023,-1.612837193728495
Sao Tome and Principe,2024,-0.9023760201837376
Saudi Arabia,1961,7.84948336340932
Saudi Arabia,1962,7.884465787695461
Saudi Arabia,1963,4.761675588894903
Saudi Arabia,1964,4.820880168633494
Saudi Arabia,1965,8.047491443240574
Saudi Arabia,1966,4.226835238522568
Saudi Arabia,1967,4.861210691555627
Saudi Arabia,1968,3.545232337452944
Saudi Arabia,1969,1.8671711176970265
Saudi Arabia,1970,46.366027329873134
Saudi Arabia,1971,10.230080536471291
Saudi Arabia,1972,13.259330742445812
Saudi Arabia,1973,16.510407664509728
Saudi Arabia,1974,10.264982064408002
Saudi Arabia,1975,-10.314164071608786
Saudi Arabia,1976,9.192784454561746
Saudi Arabia,1977,0.16011579269815
Saudi Arabia,1978,-5.390140133108275
Saudi Arabia,1979,4.703459701868468
Saudi Arabia,1980,-0.2252110550254684
Saudi Arabia,1981,-2.9928535429913268
Saudi Arabia,1982,-21.074515872039957
Saudi Arabia,1983,-16.251349976250324
Saudi Arabia,1984,-9.549157039571298
Saudi Arabia,1985,-12.38486385191311
Saudi Arabia,1986,-4.574042515066068
Saudi Arabia,1987,-8.454290654560637
Saudi Arabia,1988,1.0764480818844788
Saudi Arabia,1989,-4.534276014020961
Saudi Arabia,1990,4.157769444569254
Saudi Arabia,1991,3.178048101630111
Saudi Arabia,1992,-0.1258267309990373
Saudi Arabia,1993,-3.9685763136362056
Saudi Arabia,1994,-3.276577891683246
Saudi Arabia,1995,-3.758393360067984
Saudi Arabia,1996,-0.7417870994351716
Saudi Arabia,1997,-1.2367563168652964
Saudi Arabia,1998,-0.9663172395610786
Saudi Arabia,1999,-4.164962817698054
Saudi Arabia,2000,0.1504925435893653
Saudi Arabia,2001,-4.740970888078152
Saudi Arabia,2002,-5.509626786222839
Saudi Arabia,2003,3.6978316821685127
Saudi Arabia,2004,3.7559400924814383
Saudi Arabia,2005,1.3566229042051106
Saudi Arabia,2006,-1.0159081045281084
Saudi Arabia,2007,-1.9408607536137623
Saudi Arabia,2008,2.042988191132906
Saudi Arabia,2009,-4.865016112106218
Saudi Arabia,2010,6.087203608475193
Saudi Arabia,2011,6.799841915735968
Saudi Arabia,2012,1.4088975469781673
Saudi Arabia,2013,-2.477204660862114
Saudi Arabia,2014,1.5065962283723024
Saudi Arabia,2015,-0.6348103344719362
Saudi Arabia,2016,-2.0343952058834134
Saudi Arabia,2017,1.106468772261593
Saudi Arabia,2018,5.897077302069874
Saudi Arabia,2019,2.0995368308579287
Saudi Arabia,2020,-8.343472907023198
Saudi Arabia,2021,9.177456927108054
Saudi Arabia,2022,7.159129057327448
Saudi Arabia,2023,-4.014293877900229
Saudi Arabia,2024,-2.6194505852581926
Senegal,1961,0.1321253453157282
Senegal,1962,-2.9137682349021787
Senegal,1963,-0.9705099139313518
Senegal,1964,0.9772872957011174
Senegal,1965,-1.543513196194425
Senegal,1966,-0.0948919641384833
Senegal,1967,-4.1119633181409085
Senegal,1968,3.165472585894392
Senegal,1969,-9.300131109634547
Senegal,1970,5.369252928227979
Senegal,1971,-3.0815541845241654
Senegal,1972,3.247397216920092
Senegal,1973,-8.357656425898057
Senegal,1974,1.2120539106376498
Senegal,1975,4.595574057613035
Senegal,1976,6.094083024557733
Senegal,1977,-5.026312754396841
Senegal,1978,-6.171284193403139
Senegal,1979,4.472492945470336
Senegal,1980,1.4485138849711774
Senegal,1981,2.5227853530354736
Senegal,1982,5.207026118315298
Senegal,1983,-8.146961832903557
Senegal,1984,1.1395347720983438
Senegal,1985,0.6157967631448003
Senegal,1986,0.2047110445059843
Senegal,1987,3.204848335960847
Senegal,1988,-3.6478459937490726
Senegal,1989,1.0274926271563345
Senegal,1990,-3.552915226955648
Senegal,1991,-0.2165275990940784
Senegal,1992,-1.4744973486676545
Senegal,1993,-1.3909173766622305
Senegal,1994,-2.687591597733359
Senegal,1995,2.798250423079878
Senegal,1996,-0.4431820267541866
Senegal,1997,0.642689765162558
Senegal,1998,3.4529063446177304
Senegal,1999,3.793742204991048
Senegal,2000,1.413357053196222
Senegal,2001,1.811768659442123
Senegal,2002,-2.352866649445744
Senegal,2003,3.0828043202799904
Senegal,2004,2.2166023716128507
Senegal,2005,1.8985497213755025
Senegal,2006,-0.0239030984175911
Senegal,2007,0.466183194352098
Senegal,2008,1.305181117507658
Senegal,2009,0.3499114843558288
Senegal,2010,0.9522696072259436
Senegal,2011,-1.1954418828608055
Senegal,2012,1.2557464643975038
Senegal,2013,-0.5780355282875576
Senegal,2014,2.912079405797229
Senegal,2015,3.1510387301385805
Senegal,2016,3.235035723934871
Senegal,2017,4.350235730189695
Senegal,2018,3.27615846996514
Senegal,2019,1.808922902607918
Senegal,2020,-1.2914759332948051
Senegal,2021,3.873432597682097
Senegal,2022,1.3191343501756734
Senegal,2023,1.7978823896979748
Senegal,2024,3.627662880396926
Serbia,1996,6.2496333783465445
Serbia,1997,9.272218644322663
Serbia,1998,5.7712767548466815
Serbia,1999,-10.000316070652415
Serbia,2000,6.394504011206976
Serbia,2001,6.962282822568255
Serbia,2002,6.589372821808695
Serbia,2003,4.831411875815817
Serbia,2004,6.936089825875385
Serbia,2005,6.222141717957314
Serbia,2006,4.310012896364967
Serbia,2007,8.27017213045292
Serbia,2008,5.609523277009274
Serbia,2009,-2.753437797596036
Serbia,2010,2.020277083575621
Serbia,2011,0.8135713236094233
Serbia,2012,0.040200455150412
Serbia,2013,0.941379127713546
Serbia,2014,-1.325586359829643
Serbia,2015,1.8154526618065605
Serbia,2016,3.5158880281916964
Serbia,2017,2.909624475020948
Serbia,2018,5.222668883137757
Serbia,2019,5.313818892467182
Serbia,2020,-0.2880422649256644
Serbia,2021,8.972580823215353
Serbia,2022,5.321391690501855
Serbia,2023,4.394338578790496
Serbia,2024,4.529248148908337
Seychelles,1961,-7.519198954189832
Seychelles,1962,5.5704927646236655
Seychelles,1963,7.370998430453952
Seychelles,1964,3.2988186379301823
Seychelles,1965,-3.514268906113728
Seychelles,1966,11.09230390688893
Seychelles,1967,-1.9358396496772483
Seychelles,1968,4.9808257672228535
Seychelles,1969,-2.350806836627513
Seychelles,1970,6.363348234060595
Seychelles,1971,13.532410277442011
Seychelles,1972,3.77720293642696
Seychelles,1973,7.399933300554309
Seychelles,1974,-0.5243329313833414
Seychelles,1975,0.8194919860434311
Seychelles,1976,13.948404881131822
Seychelles,1977,-8.136689270057985
Seychelles,1978,20.44213152479486
Seychelles,1979,14.804234899125674
Seychelles,1980,-5.963248101855527
Seychelles,1981,-5.038637872292838
Seychelles,1982,-2.64575863549878
Seychelles,1983,-0.4957419905122009
Seychelles,1984,3.6899461962155726
Seychelles,1985,9.40285816904985
Seychelles,1986,0.1357528418519678
Seychelles,1987,0.5156880065132725
Seychelles,1988,4.934241659195266
Seychelles,1989,9.628727318762271
Seychelles,1990,6.929141274544733
Seychelles,1991,1.400771561971979
Seychelles,1992,6.682334596714881
Seychelles,1993,5.090562684550591
Seychelles,1994,-5.003024139516768
Seychelles,1995,-0.9814598392103449
Seychelles,1996,8.395845453031697
Seychelles,1997,10.884795738661609
Seychelles,1998,0.4829676289563025
Seychelles,1999,-0.1094376965627788
Seychelles,2000,3.3267145637140345
Seychelles,2001,-2.356613335458732
Seychelles,2002,-1.8348069544047831
Seychelles,2003,-4.816178330427064
Seychelles,2004,-2.4900082529000827
Seychelles,2005,8.501897213232596
Seychelles,2006,7.153345153701025
Seychelles,2007,8.321654206636993
Seychelles,2008,-4.877126230027443
Seychelles,2009,-2.861424257944733
Seychelles,2010,1.6273701359067303
Seychelles,2011,12.42658765900093
Seychelles,2012,2.1041282650332818
Seychelles,2013,-0.5991333045680136
Seychelles,2014,2.457612439160457
Seychelles,2015,6.512325509964882
Seychelles,2016,10.62779004126888
Seychelles,2017,5.652986795779086
Seychelles,2018,3.942806929855721
Seychelles,2019,4.5815511358634495
Seychelles,2020,-12.49013744744579
Seychelles,2021,-0.254097866449726
Seychelles,2022,-6.676656925275992
Seychelles,2023,2.348899650561947
Seychelles,2024,2.117729701432552
Sierra Leone,1961,0.2241336385650214
Sierra Leone,1962,2.844248737378095
Sierra Leone,1963,-0.0085866625913411
Sierra Leone,1964,4.831220881727887
Sierra Leone,1965,5.257859060621769
Sierra Leone,1966,-0.1592546581955503
Sierra Leone,1967,-1.827737382393352
Sierra Leone,1968,0.0999491770538014
Sierra Leone,1969,6.493351013160108
Sierra Leone,1970,6.581230365819764
Sierra Leone,1971,1.5586720129035996
Sierra Leone,1972,-0.9341468977425365
Sierra Leone,1973,0.3816939424221175
Sierra Leone,1974,1.603669234834257
Sierra Leone,1975,-0.1831880147916962
Sierra Leone,1976,-2.22939810359523
Sierra Leone,1977,-1.7865137660824502
Sierra Leone,1978,0.4476486933012751
Sierra Leone,1979,2.4916804749795887
Sierra Leone,1980,2.7739262298194234
Sierra Leone,1981,0.8215753181843439
Sierra Leone,1982,2.652937001295115
Sierra Leone,1983,-4.168440076367602
Sierra Leone,1984,1.8375220738929412
Sierra Leone,1985,-7.38497548183301
Sierra Leone,1986,-1.2061324264572448
Sierra Leone,1987,4.3938268498725535
Sierra Leone,1988,-9.554998354324384
Sierra Leone,1989,-1.7550167814615063
Sierra Leone,1990,-0.6588509570680401
Sierra Leone,1991,1.1602843535896596
Sierra Leone,1992,-17.45976982490322
Sierra Leone,1993,1.5997763548260195
Sierra Leone,1994,-2.322738762803695
Sierra Leone,1995,-8.133465473653644
Sierra Leone,1996,1.2684362846738535
Sierra Leone,1997,-7.083147219584944
Sierra Leone,1998,0.7882227996256717
Sierra Leone,1999,-2.484549162390038
Sierra Leone,2000,4.107498474418321
Sierra Leone,2001,-11.716099448466537
Sierra Leone,2002,19.430674044242963
Sierra Leone,2003,5.122375380565174
Sierra Leone,2004,2.939370416601264
Sierra Leone,2005,1.584345550228079
Sierra Leone,2006,2.007131185418203
Sierra Leone,2007,1.4961315025558122
Sierra Leone,2008,1.1290531944359683
Sierra Leone,2009,-1.1672975048301026
Sierra Leone,2010,3.5002192188052987
Sierra Leone,2011,5.315958374306234
Sierra Leone,2012,7.812995642748973
Sierra Leone,2013,11.88008660181272
Sierra Leone,2014,-9.991268684366943
Sierra Leone,2015,-6.554875876215576
Sierra Leone,2016,3.960563261789929
Sierra Leone,2017,0.7746792477584421
Sierra Leone,2018,0.5067442987673303
Sierra Leone,2019,3.081711377434757
Sierra Leone,2020,-3.506777888695595
Sierra Leone,2021,3.5152795706904385
Sierra Leone,2022,2.9951900300615506
Sierra Leone,2023,3.414716416336788
Sierra Leone,2024,2.1027333434642657
Singapore,1961,4.580373932249813
Singapore,1962,4.616034380597412
Singapore,1963,7.293766759142215
Singapore,1964,-5.555053670703472
Singapore,1965,5.245415269427241
Singapore,1966,7.474577044361212
Singapore,1967,10.05090033167886
Singapore,1968,11.585976031158182
Singapore,1969,12.133980971073813
Singapore,1970,12.184023063802089
Singapore,1971,10.370799507618372
Singapore,1972,11.236039878848374
Singapore,1973,8.555359641666797
Singapore,1974,4.366072197425666
Singapore,1975,2.481255806222933
Singapore,1976,5.998924537890929
Singapore,1977,5.3819748599143225
Singapore,1978,6.481254757880748
Singapore,1979,8.180134488698613
Singapore,1980,8.724607402683574
Singapore,1981,5.614279638121133
Singapore,1982,2.5035126271782677
Singapore,1983,7.153752205383924
Singapore,1984,6.755184055956008
Singapore,1985,-0.7584031931692721
Singapore,1986,1.438615056598323
Singapore,1987,9.144182519857182
Singapore,1988,8.475501124135263
Singapore,1989,6.971857275113109
Singapore,1990,5.631848024123087
Singapore,1991,3.695382282251231
Singapore,1992,3.4837182442404355
Singapore,1993,8.675304888244241
Singapore,1994,7.665158475040485
Singapore,1995,3.9685677515225
Singapore,1996,3.1909851392228035
Singapore,1997,4.739926747172561
Singapore,1998,-5.457986674462063
Singapore,1999,4.876891841977525
Singapore,2000,7.165988201564915
Singapore,2001,-3.7036659520453696
Singapore,2002,2.979229620627308
Singapore,2003,6.101275545554046
Singapore,2004,8.572205291598095
Singapore,2005,4.872093268507527
Singapore,2006,5.648343293837812
Singapore,2007,4.572986270965515
Singapore,2008,-3.415492694462813
Singapore,2009,-2.8467719492420827
Singapore,2010,12.508521549855216
Singapore,2011,4.023381648658969
Singapore,2012,1.9044622366221235
Singapore,2013,3.133979148992651
Singapore,2014,2.594723154867438
Singapore,2015,1.7623246863890216
Singapore,2016,2.410214434662564
Singapore,2017,4.384378349290444
Singapore,2018,2.9671969927647126
Singapore,2019,0.1553975094036701
Singapore,2020,-3.514233805335735
Singapore,2021,14.430815930952605
Singapore,2022,0.719821622511958
Singapore,2023,-3.0071557148656325
Singapore,2024,2.326636567052631
Sint Maarten (Dutch part),2010,2.2746924085416964
Sint Maarten (Dutch part),2011,3.156171108586065
Sint Maarten (Dutch part),2012,-0.7980529736901758
Sint Maarten (Dutch part),2013,-1.0412885305772477
Sint Maarten (Dutch part),2014,-0.685454189827837
Sint Maarten (Dutch part),2015,-2.0287587778097844
Sint Maarten (Dutch part),2016,-1.0859663357852014
Sint Maarten (Dutch part),2017,-9.306451949969984
Sint Maarten (Dutch part),2018,-8.536334326322745
Sint Maarten (Dutch part),2019,9.115813226203272
Sint Maarten (Dutch part),2020,-14.633693731571825
Sint Maarten (Dutch part),2021,3.1612924569268444
Sint Maarten (Dutch part),2022,12.364719143786049
Sint Maarten (Dutch part),2023,2.3188425460244844
Sint Maarten (Dutch part),2024,1.5720184544407516
Slovak Republic,1991,-14.639958800032488
Slovak Republic,1992,-6.751766650148198
Slovak Republic,1993,1.5130925748336352
Slovak Republic,1994,5.787846412893188
Slovak Republic,1995,5.534214892975413
Slovak Republic,1996,5.89518837997754
Slovak Republic,1997,5.29126136870515
Slovak Republic,1998,3.686947842863077
Slovak Republic,1999,-0.5747795824778166
Slovak Republic,2000,0.9257617889542756
Slovak Republic,2001,3.1136989179886
Slovak Republic,2002,4.45521871825531
Slovak Republic,2003,4.925739494514232
Slovak Republic,2004,5.410959869720415
Slovak Republic,2005,6.474487485145559
Slovak Republic,2006,8.920679719523307
Slovak Republic,2007,10.786299120150034
Slovak Republic,2008,5.273061263498164
Slovak Republic,2009,-5.631175102680501
Slovak Republic,2010,6.691108446136539
Slovak Republic,2011,2.430269586016081
Slovak Republic,2012,1.3964637175960064
Slovak Republic,2013,0.5951678796430002
Slovak Republic,2014,2.6083264985250025
Slovak Republic,2015,5.07697290945579
Slovak Republic,2016,1.8164695995740203
Slovak Republic,2017,2.7152170964372715
Slovak Republic,2018,3.9180850649215273
Slovak Republic,2019,2.1375847071709586
Slovak Republic,2020,-2.6690284917353893
Slovak Republic,2021,5.880466731435689
Slovak Republic,2022,0.8314122468010083
Slovak Republic,2023,2.206944983991548
Slovak Republic,2024,2.026492509521745
Slovenia,1991,-8.957881756131627
Slovenia,1992,-5.324911812625302
Slovenia,1993,3.088787914176521
Slovenia,1994,5.449413940442454
Slovenia,1995,4.084713710527723
Slovenia,1996,2.9779960780256687
Slovenia,1997,5.312840811865442
Slovenia,1998,3.2888717031724184
Slovenia,1999,5.192840027265987
Slovenia,2000,3.191941183272704
Slovenia,2001,2.666858380024877
Slovenia,2002,3.1546799061381137
Slovenia,2003,3.132826647756985
Slovenia,2004,4.47906492828298
Slovenia,2005,3.674398812137497
Slovenia,2006,5.5713496665250375
Slovenia,2007,6.541772411902286
Slovenia,2008,3.2088941220965665
Slovenia,2009,-8.422088689438283
Slovenia,2010,0.6721679114033918
Slovenia,2011,0.4465608949883517
Slovenia,2012,-3.119224817261511
Slovenia,2013,-0.958293257973466
Slovenia,2014,2.661813740295571
Slovenia,2015,2.316344918428044
Slovenia,2016,2.959024147772965
Slovenia,2017,5.105893847920484
Slovenia,2018,4.001306498909841
Slovenia,2019,2.787045413919614
Slovenia,2020,-4.725249680379207
Slovenia,2021,8.125775176188426
Slovenia,2022,2.474210455861666
Slovenia,2023,1.971004961384068
Slovenia,2024,1.3995770850267348
Small states,1975,-1.529703839016335
Small states,1976,8.877691334821009
Small states,1977,6.569662004388405
Small states,1978,5.42992273838972
Small states,1979,9.62018989711848
Small states,1980,-1.150147890359392
Small states,1981,-5.071825080017433
Small states,1982,-0.0581019105814561
Small states,1983,-2.585553503836323
Small states,1984,1.0421412972471131
Small states,1985,-0.2234515186365513
Small states,1986,0.3381906224206403
Small states,1987,1.4737835508248338
Small states,1988,0.8352857597326135
Small states,1989,1.475956464051052
Small states,1990,1.278903076627742
Small states,1991,-1.943396386145821
Small states,1992,-1.8534749811036024
Small states,1993,-0.2000049416161857
Small states,1994,2.2123949285576288
Small states,1995,3.117261673696106
Small states,1996,2.6902583720957267
Small states,1997,3.9653998122445984
Small states,1998,2.527475323508412
Small states,1999,2.9988487036715554
Small states,2000,5.372025533968298
Small states,2001,1.2391406099483788
Small states,2002,2.0967691926883987
Small states,2003,3.5287995048031178
Small states,2004,3.5178523812692504
Small states,2005,3.793341481394279
Small states,2006,5.4879491432579925
Small states,2007,3.5884481981445617
Small states,2008,0.1450267401487508
Small states,2009,-5.296908352761832
Small states,2010,1.2961572713057166
Small states,2011,1.5175679715110135
Small states,2012,1.105172563172303
Small states,2013,0.0883399841103482
Small states,2014,1.2947644552701263
Small states,2015,1.183290397363848
Small states,2016,0.7357043848181348
Small states,2017,2.1506114439101367
Small states,2018,2.157106628095121
Small states,2019,2.0003925499066213
Small states,2020,-7.779057144233889
Small states,2021,6.157913967123776
Small states,2022,6.322044256105869
Small states,2023,4.090099380244382
Small states,2024,5.269406408271252
Solomon Islands,1981,-5.150709628450116
Solomon Islands,1982,-5.000547543980119
Solomon Islands,1983,0.4017108729553484
Solomon Islands,1984,-3.1649804210642287
Solomon Islands,1985,-6.319005585718429
Solomon Islands,1986,-3.411417679394418
Solomon Islands,1987,4.978176224057492
Solomon Islands,1988,-1.9541976250443012
Solomon Islands,1989,1.0134830636836227
Solomon Islands,1990,-0.9307393618058056
Solomon Islands,1991,2.804225798201273
Solomon Islands,1992,9.350724723831206
Solomon Islands,1993,0.9519920300020744
Solomon Islands,1994,4.965267531734739
Solomon Islands,1995,6.924447228531278
Solomon Islands,1996,-1.2833430704885131
Solomon Islands,1997,-3.7020344689606617
Solomon Islands,1998,-1.5115394233894648
Solomon Islands,1999,-3.1276554283707725
Solomon Islands,2000,-16.2171420100004
Solomon Islands,2001,-9.73056127432767
Solomon Islands,2002,-4.614979566256864
Solomon Islands,2003,4.584968909327557
Solomon Islands,2004,5.764847415565825
Solomon Islands,2005,5.476939486605545
Solomon Islands,2006,2.3336914579372205
Solomon Islands,2007,1.8655617156881876
Solomon Islands,2008,4.42328745185992
Solomon Islands,2009,1.008439198538241
Solomon Islands,2010,6.656125944049009
Solomon Islands,2011,3.5489584517241326
Solomon Islands,2012,-1.224852534598611
Solomon Islands,2013,1.4628764855067118
Solomon Islands,2014,-2.41306586755394
Solomon Islands,2015,-1.9031366735108577
Solomon Islands,2016,1.8954619438626992
Solomon Islands,2017,-0.4261202352075344
Solomon Islands,2018,-0.6489144142734631
Solomon Islands,2019,-0.9121830373505446
Solomon Islands,2020,-5.503243508003848
Solomon Islands,2021,-2.5951357274516624
Solomon Islands,2022,-4.888708439999405
Solomon Islands,2023,0.4064987985585162
Solomon Islands,2024,0.5844287811154487
"Somalia, Fed. Rep.",1961,-5.743403628019038
"Somalia, Fed. Rep.",1962,4.31900196431485
"Somalia, Fed. Rep.",1963,0.1555856019343338
"Somalia, Fed. Rep.",1964,-8.534759030135959
"Somalia, Fed. Rep.",1965,-8.384935630427677
"Somalia, Fed. Rep.",1966,6.270543543477913
"Somalia, Fed. Rep.",1967,3.198346119876817
"Somalia, Fed. Rep.",1968,-0.61824688565288
"Somalia, Fed. Rep.",1969,-4.248863837088436
"Somalia, Fed. Rep.",1970,1.8557633978386576
"Somalia, Fed. Rep.",1971,-0.5029416035407763
"Somalia, Fed. Rep.",1972,11.913887425465688
"Somalia, Fed. Rep.",1973,-14.454559120246074
"Somalia, Fed. Rep.",1974,-1.825870779280024
"Somalia, Fed. Rep.",1975,11.847895819143474
"Somalia, Fed. Rep.",1976,-4.282221248756628
"Somalia, Fed. Rep.",1977,10.648663869239058
"Somalia, Fed. Rep.",1978,-1.470296115838707
"Somalia, Fed. Rep.",1979,-16.04555741288732
"Somalia, Fed. Rep.",1980,-6.558748126182323
"Somalia, Fed. Rep.",1981,5.434832613911084
"Somalia, Fed. Rep.",1982,2.4077093266904512
"Somalia, Fed. Rep.",1983,-14.352400636350056
"Somalia, Fed. Rep.",1984,-0.4283959148946081
"Somalia, Fed. Rep.",1985,5.195053991399362
"Somalia, Fed. Rep.",1986,-6.095264990973988
"Somalia, Fed. Rep.",1987,6.226677234677112
"Somalia, Fed. Rep.",1988,3.3143674854169376
"Somalia, Fed. Rep.",1989,5.566429136423267
"Somalia, Fed. Rep.",1990,2.789328216990114
"Somalia, Fed. Rep.",1991,7.015720488044039
"Somalia, Fed. Rep.",1992,-3.9987176506235897
"Somalia, Fed. Rep.",1993,1.091111417594547
"Somalia, Fed. Rep.",1994,-21.88517153990965
"Somalia, Fed. Rep.",1995,0.3047506946257954
"Somalia, Fed. Rep.",1996,4.192029248084836
"Somalia, Fed. Rep.",1997,-2.311591443492972
"Somalia, Fed. Rep.",1998,2.261929846765426
"Somalia, Fed. Rep.",1999,3.0639861974093776
"Somalia, Fed. Rep.",2000,2.909451708679512
"Somalia, Fed. Rep.",2001,2.9209162347034123
"Somalia, Fed. Rep.",2002,3.6680344711039936
"Somalia, Fed. Rep.",2003,3.7298968377305775
"Somalia, Fed. Rep.",2004,3.2363707132134323
"Somalia, Fed. Rep.",2005,3.455217909092425
"Somalia, Fed. Rep.",2006,3.272288499515355
"Somalia, Fed. Rep.",2007,3.4237661469616967
"Somalia, Fed. Rep.",2008,3.5794262149136955
"Somalia, Fed. Rep.",2009,4.035137343944115
"Somalia, Fed. Rep.",2010,4.079104897075553
"Somalia, Fed. Rep.",2011,5.942029316992418
"Somalia, Fed. Rep.",2012,5.732565338105516
"Somalia, Fed. Rep.",2013,7.437854958569005
"Somalia, Fed. Rep.",2014,5.139145934156986
"Somalia, Fed. Rep.",2015,6.722192586013051
"Somalia, Fed. Rep.",2016,2.993470207399355
"Somalia, Fed. Rep.",2017,10.367704380293889
"Somalia, Fed. Rep.",2018,-1.4847023791703862
"Somalia, Fed. Rep.",2019,-0.9092580099020324
"Somalia, Fed. Rep.",2020,-6.386361941681869
"Somalia, Fed. Rep.",2021,-0.2677276339397707
"Somalia, Fed. Rep.",2022,-0.3426145339406474
"Somalia, Fed. Rep.",2023,1.0161680651213771
"Somalia, Fed. Rep.",2024,0.5484667763073929
South Africa,1961,0.9712418139951068
South Africa,1962,3.0661597491800734
South Africa,1963,4.168016375743932
South Africa,1964,4.692929468996709
South Africa,1965,2.909441054944466
South Africa,1966,1.2521701223862325
South Africa,1967,3.903810554230475
South Africa,1968,0.9566979207722426
South Africa,1969,1.5310722146611369
South Africa,1970,2.105805653572972
South Africa,1971,1.2692227589731857
South Africa,1972,-1.218408428342613
South Africa,1973,1.624269413890758
South Africa,1974,3.160605317041828
South Africa,1975,-1.08270939801929
South Africa,1976,-0.4792482520401648
South Africa,1977,-2.7593551941364325
South Africa,1978,0.2401919931765093
South Africa,1979,1.0188670149765071
South Africa,1980,3.4251108838716533
South Africa,1981,1.8344403909835023
South Africa,1982,-3.7684087416976553
South Africa,1983,-5.2162394509457215
South Africa,1984,1.5222788800127347
South Africa,1985,-4.451589072623236
South Africa,1986,-3.129218179071003
South Africa,1987,-1.033109518049784
South Africa,1988,1.0739993173279174
South Africa,1989,-0.571288009674646
South Africa,1990,-3.052100204494508
South Africa,1991,-3.25400629067984
South Africa,1992,-3.87926236884013
South Africa,1993,-0.76236352634794
South Africa,1994,1.541959480872194
South Africa,1995,1.856049542500088
South Africa,1996,2.9559698794594738
South Africa,1997,1.37819585551415
South Africa,1998,-0.711121199354281
South Africa,1999,1.2902071402387492
South Africa,2000,3.251270581822069
South Africa,2001,1.8210840609208248
South Africa,2002,2.722929240253322
South Africa,2003,1.928224901442448
South Africa,2004,3.5065412878493305
South Africa,2005,4.216385849771058
South Africa,2006,4.530319446397883
South Africa,2007,4.254696046900634
South Africa,2008,2.007986584381726
South Africa,2009,-2.7066407506231087
South Africa,2010,1.8280467246410692
South Africa,2011,1.900920497293868
South Africa,2012,0.8971796837544161
South Africa,2013,0.8056588098467046
South Africa,2014,-0.2571889661376758
South Africa,2015,-0.6942652939249854
South Africa,2016,-0.2777814757362762
South Africa,2017,0.4986959617269804
South Africa,2018,-0.1374850396531997
South Africa,2019,-1.380361054476296
South Africa,2020,-7.678733095988392
South Africa,2021,3.25562042833964
South Africa,2022,0.6252172710127297
South Africa,2023,-0.5238511462797248
South Africa,2024,-0.713538079423742
South Asia,1961,1.5089220281865607
South Asia,1962,0.8156640857987867
South Asia,1963,2.410222228125121
South Asia,1964,5.228793049577647
South Asia,1965,-4.107853326994999
South Asia,1966,-1.5853663124821369
South Asia,1967,3.8606252877369656
South Asia,1968,1.9242128264928908
South Asia,1969,3.516218974143783
South Asia,1970,2.7715651914254806
South Asia,1971,-1.5121190613008508
South Asia,1972,-4.244040214125192
South Asia,1973,1.0212409679945154
South Asia,1974,-0.0665740195643564
South Asia,1975,4.796231897522034
South Asia,1976,-0.1843882116594244
South Asia,1977,4.1119687807097165
South Asia,1978,3.420702305297226
South Asia,1979,-5.772494554925316
South Asia,1980,3.386755729756913
South Asia,1981,3.69618902297502
South Asia,1982,0.9465613230251364
South Asia,1983,4.172165639400944
South Asia,1984,1.692435267429687
South Asia,1985,2.663515673063003
South Asia,1986,2.3287999749028927
South Asia,1987,1.5167913981254344
South Asia,1988,6.144259716689774
South Asia,1989,3.1794425739850425
South Asia,1990,3.3232873106112493
South Asia,1991,-0.619111860461615
South Asia,1992,3.2168715982841007
South Asia,1993,2.668199616867369
South Asia,1994,4.237755828517734
South Asia,1995,5.078509919519078
South Asia,1996,4.973639379914701
South Asia,1997,2.192863654331248
South Asia,1998,3.959069731887837
South Asia,1999,6.171586014389945
South Asia,2000,2.158410919099012
South Asia,2001,2.667613944824865
South Asia,2002,1.9567561760410683
South Asia,2003,5.672662978006954
South Asia,2004,5.793875331320336
South Asia,2005,5.97128261077107
South Asia,2006,6.293080201871518
South Asia,2007,6.002067291994507
South Asia,2008,2.075104711136703
South Asia,2009,5.933981488832131
South Asia,2010,6.727058481930584
South Asia,2011,4.053674352721345
South Asia,2012,4.2793019246337
South Asia,2013,4.952171582960219
South Asia,2014,5.962825507084887
South Asia,2015,6.461739174159504
South Asia,2016,6.7373372987697735
South Asia,2017,5.601967719377043
South Asia,2018,5.279340855043756
South Asia,2019,3.041009510669724
South Asia,2020,-5.905372980089723
South Asia,2021,8.330281926505506
South Asia,2022,6.241736557779106
South Asia,2023,7.554338202673549
South Asia,2024,5.29503146643988
South Asia (IDA & IBRD),1961,1.5089220281865607
South Asia (IDA & IBRD),1962,0.8156640857987867
South Asia (IDA & IBRD),1963,2.410222228125121
South Asia (IDA & IBRD),1964,5.228793049577647
South Asia (IDA & IBRD),1965,-4.107853326994999
South Asia (IDA & IBRD),1966,-1.5853663124821369
South Asia (IDA & IBRD),1967,3.8606252877369656
South Asia (IDA & IBRD),1968,1.9242128264928908
South Asia (IDA & IBRD),1969,3.516218974143783
South Asia (IDA & IBRD),1970,2.7715651914254806
South Asia (IDA & IBRD),1971,-1.5121190613008508
South Asia (IDA & IBRD),1972,-4.244040214125192
South Asia (IDA & IBRD),1973,1.0212409679945154
South Asia (IDA & IBRD),1974,-0.0665740195643564
South Asia (IDA & IBRD),1975,4.796231897522034
South Asia (IDA & IBRD),1976,-0.1843882116594244
South Asia (IDA & IBRD),1977,4.1119687807097165
South Asia (IDA & IBRD),1978,3.420702305297226
South Asia (IDA & IBRD),1979,-5.772494554925316
South Asia (IDA & IBRD),1980,3.386755729756913
South Asia (IDA & IBRD),1981,3.69618902297502
South Asia (IDA & IBRD),1982,0.9465613230251364
South Asia (IDA & IBRD),1983,4.172165639400944
South Asia (IDA & IBRD),1984,1.692435267429687
South Asia (IDA & IBRD),1985,2.663515673063003
South Asia (IDA & IBRD),1986,2.3287999749028927
South Asia (IDA & IBRD),1987,1.5167913981254344
South Asia (IDA & IBRD),1988,6.144259716689774
South Asia (IDA & IBRD),1989,3.1794425739850425
South Asia (IDA & IBRD),1990,3.3232873106112493
South Asia (IDA & IBRD),1991,-0.619111860461615
South Asia (IDA & IBRD),1992,3.2168715982841007
South Asia (IDA & IBRD),1993,2.668199616867369
South Asia (IDA & IBRD),1994,4.237755828517734
South Asia (IDA & IBRD),1995,5.078509919519078
South Asia (IDA & IBRD),1996,4.973639379914701
South Asia (IDA & IBRD),1997,2.192863654331248
South Asia (IDA & IBRD),1998,3.959069731887837
South Asia (IDA & IBRD),1999,6.171586014389945
South Asia (IDA & IBRD),2000,2.158410919099012
South Asia (IDA & IBRD),2001,2.667613944824865
South Asia (IDA & IBRD),2002,1.9567561760410683
South Asia (IDA & IBRD),2003,5.672662978006954
South Asia (IDA & IBRD),2004,5.793875331320336
South Asia (IDA & IBRD),2005,5.97128261077107
South Asia (IDA & IBRD),2006,6.293080201871518
South Asia (IDA & IBRD),2007,6.002067291994507
South Asia (IDA & IBRD),2008,2.075104711136703
South Asia (IDA & IBRD),2009,5.933981488832131
South Asia (IDA & IBRD),2010,6.727058481930584
South Asia (IDA & IBRD),2011,4.053674352721345
South Asia (IDA & IBRD),2012,4.2793019246337
South Asia (IDA & IBRD),2013,4.952171582960219
South Asia (IDA & IBRD),2014,5.962825507084887
South Asia (IDA & IBRD),2015,6.461739174159504
South Asia (IDA & IBRD),2016,6.7373372987697735
South Asia (IDA & IBRD),2017,5.601967719377043
South Asia (IDA & IBRD),2018,5.279340855043756
South Asia (IDA & IBRD),2019,3.041009510669724
South Asia (IDA & IBRD),2020,-5.905372980089723
South Asia (IDA & IBRD),2021,8.330281926505506
South Asia (IDA & IBRD),2022,6.241736557779106
South Asia (IDA & IBRD),2023,7.554338202673549
South Asia (IDA & IBRD),2024,5.29503146643988
South Sudan,2009,0.2017100774623657
South Sudan,2010,0.0553052206663267
South Sudan,2011,-9.665518591828018
South Sudan,2012,-48.42872583153075
South Sudan,2013,8.975512360637921
South Sudan,2014,2.740639660220296
South Sudan,2015,-9.769294942539346
Spain,1961,10.804486856498883
Spain,1962,8.946470289787541
Spain,1963,8.639492988972847
Spain,1964,4.267245416580678
Spain,1965,5.10563214429321
Spain,1966,6.153434724569266
Spain,1967,3.0641265961756545
Spain,1968,5.212172291350271
Spain,1969,7.839083051083563
Spain,1970,3.0935989220967457
Spain,1971,3.395927031464268
Spain,1972,6.962193114819513
Spain,1973,6.604025765445698
Spain,1974,4.47106819908592
Spain,1975,-0.5390965213123025
Spain,1976,2.21777242101939
Spain,1977,1.7856571268631145
Spain,1978,0.4907282828501991
Spain,1979,-0.8365280806159063
Spain,1980,1.3913154137247543
Spain,1981,-0.8398874957609763
Spain,1982,0.6404091818942135
Spain,1983,1.2755146780102535
Spain,1984,1.3628971550260474
Spain,1985,1.9513290918068265
Spain,1986,2.945279390632777
Spain,1987,5.273762975018599
Spain,1988,4.871691997133439
Spain,1989,4.66281523950552
Spain,1990,3.67576794722082
Spain,1991,2.2853246888711425
Spain,1992,0.4361151557485527
Spain,1993,-1.543358351454259
Spain,1994,1.896906947016717
Spain,1995,2.304957025566253
Spain,1996,2.18092390343854
Spain,1997,3.1540536766529783
Spain,1998,3.8712183046362574
Spain,1999,3.986528772798522
Spain,2000,4.731300329426119
Spain,2001,3.2003168479779447
Spain,2002,1.3141412054032455
Spain,2003,1.0944115829831986
Spain,2004,1.3505868838275887
Spain,2005,1.816577327894194
Spain,2006,2.2995150134976114
Spain,2007,1.6346398071037385
Spain,2008,-0.8276484768022527
Spain,2009,-4.616729629159835
Spain,2010,-0.3656600899836775
Spain,2011,-0.9923586047117112
Spain,2012,-2.928158977704058
Spain,2013,-1.0701701820676846
Spain,2014,1.8339664619386296
Spain,2015,4.147011936195156
Spain,2016,2.8357712406947684
Spain,2017,2.646170611071085
Spain,2018,1.9340629203919093
Spain,2019,1.2330374124960457
Spain,2020,-11.393129045595316
Spain,2021,6.493367388030393
Spain,2022,5.608410688446682
Spain,2023,1.2605795889106162
Spain,2024,2.404132186239252
Sri Lanka,1962,1.3168493546622528
Sri Lanka,1963,0.0385451735382105
Sri Lanka,1964,1.3865845786788211
Sri Lanka,1965,0.0614065526938816
Sri Lanka,1966,2.516846806014499
Sri Lanka,1967,3.899127746701467
Sri Lanka,1968,3.288066570614319
Sri Lanka,1969,5.226320689992718
Sri Lanka,1970,1.5371934389953168
Sri Lanka,1971,-0.8303046813894639
Sri Lanka,1972,-2.410907382652468
Sri Lanka,1973,4.99418032556585
Sri Lanka,1974,1.9354402287481487
Sri Lanka,1975,4.22058788193911
Sri Lanka,1976,1.479238053942339
Sri Lanka,1977,3.210931701857575
Sri Lanka,1978,3.7286285341578775
Sri Lanka,1979,4.436819744697999
Sri Lanka,1980,3.932981701041769
Sri Lanka,1981,3.939384372602064
Sri Lanka,1982,2.866494366469226
Sri Lanka,1983,4.1177167940283965
Sri Lanka,1984,4.737973013310665
Sri Lanka,1985,4.308419308569242
Sri Lanka,1986,3.114378917067455
Sri Lanka,1987,0.541198280744652
Sri Lanka,1988,1.4399356341929632
Sri Lanka,1989,1.229401230404335
Sri Lanka,1990,5.723946125289075
Sri Lanka,1991,3.8197357221451824
Sri Lanka,1992,2.7539059299446222
Sri Lanka,1993,5.100383919664935
Sri Lanka,1994,4.072654637233626
Sri Lanka,1995,3.768416518654689
Sri Lanka,1996,1.8233928834008992
Sri Lanka,1997,4.404302717469832
Sri Lanka,1998,2.740237429484907
Sri Lanka,1999,2.3806125304664647
Sri Lanka,2000,4.086274478621803
Sri Lanka,2001,-3.0890471601874623
Sri Lanka,2002,2.8865391549469024
Sri Lanka,2003,5.166252546488991
Sri Lanka,2004,4.7307209819853
Sri Lanka,2005,5.564253736827538
Sri Lanka,2006,6.949422712482217
Sri Lanka,2007,6.066518271301646
Sri Lanka,2008,5.247329757592794
Sri Lanka,2009,2.9051161460903216
Sri Lanka,2010,7.381428648010967
Sri Lanka,2011,7.997268957170462
Sri Lanka,2012,7.809029068493828
Sri Lanka,2013,7.006027387198884
Sri Lanka,2014,5.38986888056003
Sri Lanka,2015,3.2518523056272386
Sri Lanka,2016,3.8697964987568128
Sri Lanka,2017,5.249829351110577
Sri Lanka,2018,1.2855670296423796
Sri Lanka,2019,-0.8291467150224179
Sri Lanka,2020,-5.129262346024163
Sri Lanka,2021,3.092781968606289
Sri Lanka,2022,-7.4536188809126145
Sri Lanka,2023,-1.6916260243542354
Sri Lanka,2024,5.588480900941264
St. Kitts and Nevis,1978,4.248921154621058
St. Kitts and Nevis,1979,8.057739913616246
St. Kitts and Nevis,1980,8.903237540260236
St. Kitts and Nevis,1981,1.9083987542285852
St. Kitts and Nevis,1982,0.940170202068046
St. Kitts and Nevis,1983,1.6599800399443865
St. Kitts and Nevis,1984,9.437111887059586
St. Kitts and Nevis,1985,9.169628527070644
St. Kitts and Nevis,1986,11.53889568058058
St. Kitts and Nevis,1987,7.246112695041447
St. Kitts and Nevis,1988,9.986138144591465
St. Kitts and Nevis,1989,6.266531831268509
St. Kitts and Nevis,1990,5.7228684529764
St. Kitts and Nevis,1991,-1.684749265581459
St. Kitts and Nevis,1992,3.3547155998206506
St. Kitts and Nevis,1993,5.437208924714355
St. Kitts and Nevis,1994,3.955704162885155
St. Kitts and Nevis,1995,4.0137543741318495
St. Kitts and Nevis,1996,4.482682143866029
St. Kitts and Nevis,1997,5.468619864090002
St. Kitts and Nevis,1998,-1.775953354662775
St. Kitts and Nevis,1999,1.824366332301892
St. Kitts and Nevis,2000,8.469309099300062
St. Kitts and Nevis,2001,4.073514519192443
St. Kitts and Nevis,2002,0.7972188056135394
St. Kitts and Nevis,2003,-4.257944202017455
St. Kitts and Nevis,2004,3.684234123503828
St. Kitts and Nevis,2005,9.444528950158812
St. Kitts and Nevis,2006,2.8580010687290667
St. Kitts and Nevis,2007,0.3055164164093753
St. Kitts and Nevis,2008,11.01042970689356
St. Kitts and Nevis,2009,-3.571510893969304
St. Kitts and Nevis,2010,0.0951505914335228
St. Kitts and Nevis,2011,1.5299148098426372
St. Kitts and Nevis,2012,-1.0478777894671083
St. Kitts and Nevis,2013,5.646416989294394
St. Kitts and Nevis,2014,7.531275112026165
St. Kitts and Nevis,2015,0.6984124678187698
St. Kitts and Nevis,2016,3.959196924826557
St. Kitts and Nevis,2017,0.2741935071019554
St. Kitts and Nevis,2018,2.094662072016632
St. Kitts and Nevis,2019,3.061021793728329
St. Kitts and Nevis,2020,-15.153708139549693
St. Kitts and Nevis,2021,0.5972613910328164
St. Kitts and Nevis,2022,10.608220003753743
St. Kitts and Nevis,2023,2.913314217454271
St. Kitts and Nevis,2024,0.1302030896017925
St. Lucia,1978,8.693935794666345
St. Lucia,1979,2.296708842385442
St. Lucia,1980,-3.66480197615796
St. Lucia,1981,4.664263068580482
St. Lucia,1982,0.4930961654601447
St. Lucia,1983,3.322624184834225
St. Lucia,1984,5.557826907834325
St. Lucia,1985,6.533818365778998
St. Lucia,1986,12.588867698432267
St. Lucia,1987,2.372991830939114
St. Lucia,1988,12.403781579263809
St. Lucia,1989,7.773936130271906
St. Lucia,1990,8.818554341760915
St. Lucia,1991,-0.8207436433350495
St. Lucia,1992,6.354555415586944
St. Lucia,1993,-0.8927333943744742
St. Lucia,1994,0.0915392271761561
St. Lucia,1995,0.1568651587656688
St. Lucia,1996,1.398275120274576
St. Lucia,1997,-2.0824817757921608
St. Lucia,1998,4.8379566892261465
St. Lucia,1999,1.3438305785079765
St. Lucia,2000,-1.158527539253882
St. Lucia,2001,-4.385213610962424
St. Lucia,2002,-0.4557582689183732
St. Lucia,2003,3.4105393765459127
St. Lucia,2004,6.442521130721076
St. Lucia,2005,-1.1392447140597142
St. Lucia,2006,5.437534543917494
St. Lucia,2007,1.0133026598391697
St. Lucia,2008,4.296528304686916
St. Lucia,2009,-3.435829226936576
St. Lucia,2010,-0.2787501878072334
St. Lucia,2011,3.78344996295867
St. Lucia,2012,-0.5636833308859934
St. Lucia,2013,-2.261633279074317
St. Lucia,2014,0.8806215389063112
St. Lucia,2015,-0.3370528675722255
St. Lucia,2016,2.991539673919803
St. Lucia,2017,2.9717988223679583
St. Lucia,2018,2.49445186760282
St. Lucia,2019,-1.060271920262409
St. Lucia,2020,-24.61140921446957
St. Lucia,2021,11.42874925098512
St. Lucia,2022,20.21403646856892
St. Lucia,2023,1.9225537588581003
St. Lucia,2024,3.6264489616946776
St. Martin (French part),2015,1.2189247772217584
St. Martin (French part),2016,5.547948890383324
St. Martin (French part),2017,-7.155852009154827
St. Martin (French part),2018,-5.8923641662807
St. Martin (French part),2019,11.923370326434735
St. Martin (French part),2020,-5.670344711153646
St. Martin (French part),2021,11.289722958281274
St. Vincent and the Grenadines,1961,2.723283971638793
St. Vincent and the Grenadines,1962,2.07054721676397
St. Vincent and the Grenadines,1963,-7.628108865826988
St. Vincent and the Grenadines,1964,2.2535640647689945
St. Vincent and the Grenadines,1965,-0.4220744402072398
St. Vincent and the Grenadines,1966,-1.2221353148220544
St. Vincent and the Grenadines,1967,-10.565333094449189
St. Vincent and the Grenadines,1968,5.379236295594552
St. Vincent and the Grenadines,1969,1.8490953452338343
St. Vincent and the Grenadines,1970,9.700333204394866
St. Vincent and the Grenadines,1971,2.00291114622803
St. Vincent and the Grenadines,1972,24.65025033858616
St. Vincent and the Grenadines,1973,-11.912935759435667
St. Vincent and the Grenadines,1974,-9.612810954144337
St. Vincent and the Grenadines,1975,-8.373521178770133
St. Vincent and the Grenadines,1976,9.493343181747235
St. Vincent and the Grenadines,1977,12.33910845318644
St. Vincent and the Grenadines,1978,8.948601890603712
St. Vincent and the Grenadines,1979,2.679867596742838
St. Vincent and the Grenadines,1980,1.720205847000031
St. Vincent and the Grenadines,1981,3.757661713258869
St. Vincent and the Grenadines,1982,3.593465729057428
St. Vincent and the Grenadines,1983,1.3375761477962556
St. Vincent and the Grenadines,1984,5.746016574251527
St. Vincent and the Grenadines,1985,5.377907707747994
St. Vincent and the Grenadines,1986,4.850847309199153
St. Vincent and the Grenadines,1987,-0.2194014474436727
St. Vincent and the Grenadines,1988,13.397408899710245
St. Vincent and the Grenadines,1989,0.8460536592845216
St. Vincent and the Grenadines,1990,3.64619461199149
St. Vincent and the Grenadines,1991,0.7660791494405288
St. Vincent and the Grenadines,1992,6.106580389591059
St. Vincent and the Grenadines,1993,4.0417391994385525
St. Vincent and the Grenadines,1994,-1.407665916804163
St. Vincent and the Grenadines,1995,7.643675748267341
St. Vincent and the Grenadines,1996,1.2234424651832825
St. Vincent and the Grenadines,1997,3.4850245407912297
St. Vincent and the Grenadines,1998,4.0543271332726505
St. Vincent and the Grenadines,1999,2.54179354025959
St. Vincent and the Grenadines,2000,1.478801275464292
St. Vincent and the Grenadines,2001,1.7876749209144691
St. Vincent and the Grenadines,2002,5.485251176191227
St. Vincent and the Grenadines,2003,6.885593513115822
St. Vincent and the Grenadines,2004,4.397050006061789
St. Vincent and the Grenadines,2005,2.8394519109745886
St. Vincent and the Grenadines,2006,7.413397957311574
St. Vincent and the Grenadines,2007,3.770422614064088
St. Vincent and the Grenadines,2008,0.859512861875416
St. Vincent and the Grenadines,2009,-0.9141245850361912
St. Vincent and the Grenadines,2010,-3.9935109501687274
St. Vincent and the Grenadines,2011,-0.0518118530617357
St. Vincent and the Grenadines,2012,1.7394537980291176
St. Vincent and the Grenadines,2013,3.031957080902401
St. Vincent and the Grenadines,2014,1.7100777370034734
St. Vincent and the Grenadines,2015,3.337654306029677
St. Vincent and the Grenadines,2016,4.748045400168394
St. Vincent and the Grenadines,2017,2.207386418509415
St. Vincent and the Grenadines,2018,3.900316716907312
St. Vincent and the Grenadines,2019,1.4019365711429117
St. Vincent and the Grenadines,2020,-3.676188031654277
St. Vincent and the Grenadines,2021,2.7734216630926483
St. Vincent and the Grenadines,2022,3.914128695943788
St. Vincent and the Grenadines,2023,6.077931114533271
St. Vincent and the Grenadines,2024,4.793047801776808
Sub-Saharan Africa,1961,-1.3229603578615183
Sub-Saharan Africa,1962,3.479734274876023
Sub-Saharan Africa,1963,3.6399184892991623
Sub-Saharan Africa,1964,2.3516376212837145
Sub-Saharan Africa,1965,2.034661269406641
Sub-Saharan Africa,1966,-0.5659481593843623
Sub-Saharan Africa,1967,-3.315847986659577
Sub-Saharan Africa,1968,0.4381169852509572
Sub-Saharan Africa,1969,6.136142746436562
Sub-Saharan Africa,1970,4.95623194522264
Sub-Saharan Africa,1971,4.850508351104736
Sub-Saharan Africa,1972,0.2278622286338674
Sub-Saharan Africa,1973,1.4609781032768725
Sub-Saharan Africa,1974,4.540427378242001
Sub-Saharan Africa,1975,-3.0047281871543987
Sub-Saharan Africa,1976,2.2482889081433086
Sub-Saharan Africa,1977,-0.0565331367716197
Sub-Saharan Africa,1978,-3.038222776058319
Sub-Saharan Africa,1979,0.8567229710652953
Sub-Saharan Africa,1980,0.720781637015449
Sub-Saharan Africa,1981,-3.73805827979038
Sub-Saharan Africa,1982,-4.207123466517331
Sub-Saharan Africa,1983,-5.392158020287823
Sub-Saharan Africa,1984,-0.6409015079394464
Sub-Saharan Africa,1985,-0.9071811623554707
Sub-Saharan Africa,1986,-1.029994368864834
Sub-Saharan Africa,1987,-0.0007259849613916
Sub-Saharan Africa,1988,1.5453747696804214
Sub-Saharan Africa,1989,-0.5323849386338964
Sub-Saharan Africa,1990,-0.5468575024231654
Sub-Saharan Africa,1991,-2.2938963768449554
Sub-Saharan Africa,1992,-3.1423749999965622
Sub-Saharan Africa,1993,-3.718313353595036
Sub-Saharan Africa,1994,-1.622519085423562
Sub-Saharan Africa,1995,0.6279983476236595
Sub-Saharan Africa,1996,2.368358246087851
Sub-Saharan Africa,1997,1.3730125858679685
Sub-Saharan Africa,1998,-0.172445635831167
Sub-Saharan Africa,1999,-0.5101412926092621
Sub-Saharan Africa,2000,0.7236647819438531
Sub-Saharan Africa,2001,1.463248967330614
Sub-Saharan Africa,2002,3.569838742353369
Sub-Saharan Africa,2003,1.349006138241066
Sub-Saharan Africa,2004,3.824598123176728
Sub-Saharan Africa,2005,3.1525196282374424
Sub-Saharan Africa,2006,3.190032256358762
Sub-Saharan Africa,2007,3.284537056448784
Sub-Saharan Africa,2008,2.329921714011533
Sub-Saharan Africa,2009,0.3399237465248461
Sub-Saharan Africa,2010,3.1684438817573266
Sub-Saharan Africa,2011,1.6275493567211612
Sub-Saharan Africa,2012,0.5534751910994515
Sub-Saharan Africa,2013,2.279257913428623
Sub-Saharan Africa,2014,1.9243654001021184
Sub-Saharan Africa,2015,0.1936142856445997
Sub-Saharan Africa,2016,-1.4134855752873676
Sub-Saharan Africa,2017,-0.1626808709345795
Sub-Saharan Africa,2018,0.1052048984237643
Sub-Saharan Africa,2019,-0.0398203828858783
Sub-Saharan Africa,2020,-5.69478945537233
Sub-Saharan Africa,2021,1.0595563817581422
Sub-Saharan Africa,2022,1.505042624958321
Sub-Saharan Africa,2023,0.2146041560589395
Sub-Saharan Africa,2024,1.0973618864486667
Sub-Saharan Africa (IDA & IBRD countries),1961,-1.3229603578615323
Sub-Saharan Africa (IDA & IBRD countries),1962,3.4797342748760656
Sub-Saharan Africa (IDA & IBRD countries),1963,3.639918489299149
Sub-Saharan Africa (IDA & IBRD countries),1964,2.3516376212837717
Sub-Saharan Africa (IDA & IBRD countries),1965,2.034661269406641
Sub-Saharan Africa (IDA & IBRD countries),1966,-0.5659481593844049
Sub-Saharan Africa (IDA & IBRD countries),1967,-3.315847986659577
Sub-Saharan Africa (IDA & IBRD countries),1968,0.4381169852508861
Sub-Saharan Africa (IDA & IBRD countries),1969,6.136142746436633
Sub-Saharan Africa (IDA & IBRD countries),1970,4.956231945222655
Sub-Saharan Africa (IDA & IBRD countries),1971,4.850508351104722
Sub-Saharan Africa (IDA & IBRD countries),1972,0.2278622286338532
Sub-Saharan Africa (IDA & IBRD countries),1973,1.4609781032769007
Sub-Saharan Africa (IDA & IBRD countries),1974,4.540427378242057
Sub-Saharan Africa (IDA & IBRD countries),1975,-3.0047281871543987
Sub-Saharan Africa (IDA & IBRD countries),1976,2.248288908143252
Sub-Saharan Africa (IDA & IBRD countries),1977,-0.0565331367716623
Sub-Saharan Africa (IDA & IBRD countries),1978,-3.0382227760582907
Sub-Saharan Africa (IDA & IBRD countries),1979,0.8567229710653095
Sub-Saharan Africa (IDA & IBRD countries),1980,0.720781637015449
Sub-Saharan Africa (IDA & IBRD countries),1981,-3.738058279790352
Sub-Saharan Africa (IDA & IBRD countries),1982,-4.20712346651743
Sub-Saharan Africa (IDA & IBRD countries),1983,-5.392158020287823
Sub-Saharan Africa (IDA & IBRD countries),1984,-0.6409015079394322
Sub-Saharan Africa (IDA & IBRD countries),1985,-0.9071811623554707
Sub-Saharan Africa (IDA & IBRD countries),1986,-1.029994368864834
Sub-Saharan Africa (IDA & IBRD countries),1987,-0.00072598496142
Sub-Saharan Africa (IDA & IBRD countries),1988,1.545374769680464
Sub-Saharan Africa (IDA & IBRD countries),1989,-0.532384938633939
Sub-Saharan Africa (IDA & IBRD countries),1990,-0.5468575024231228
Sub-Saharan Africa (IDA & IBRD countries),1991,-2.293896376844998
Sub-Saharan Africa (IDA & IBRD countries),1992,-3.1423749999965622
Sub-Saharan Africa (IDA & IBRD countries),1993,-3.718313353595008
Sub-Saharan Africa (IDA & IBRD countries),1994,-1.6225190854236615
Sub-Saharan Africa (IDA & IBRD countries),1995,0.6279983476237021
Sub-Saharan Africa (IDA & IBRD countries),1996,2.368358246087851
Sub-Saharan Africa (IDA & IBRD countries),1997,1.373012585867997
Sub-Saharan Africa (IDA & IBRD countries),1998,-0.1724456358311243
Sub-Saharan Africa (IDA & IBRD countries),1999,-0.5101412926093332
Sub-Saharan Africa (IDA & IBRD countries),2000,0.7236647819438957
Sub-Saharan Africa (IDA & IBRD countries),2001,1.4632489673305713
Sub-Saharan Africa (IDA & IBRD countries),2002,3.56983874235344
Sub-Saharan Africa (IDA & IBRD countries),2003,1.349006138241009
Sub-Saharan Africa (IDA & IBRD countries),2004,3.824598123176685
Sub-Saharan Africa (IDA & IBRD countries),2005,3.1525196282374424
Sub-Saharan Africa (IDA & IBRD countries),2006,3.1900322563588333
Sub-Saharan Africa (IDA & IBRD countries),2007,3.284537056448784
Sub-Saharan Africa (IDA & IBRD countries),2008,2.329921714011533
Sub-Saharan Africa (IDA & IBRD countries),2009,0.3399237465248035
Sub-Saharan Africa (IDA & IBRD countries),2010,3.1684438817573835
Sub-Saharan Africa (IDA & IBRD countries),2011,1.62754935672109
Sub-Saharan Africa (IDA & IBRD countries),2012,0.5534751910994657
Sub-Saharan Africa (IDA & IBRD countries),2013,2.2792579134286512
Sub-Saharan Africa (IDA & IBRD countries),2014,1.9243654001021184
Sub-Saharan Africa (IDA & IBRD countries),2015,0.1936142856445712
Sub-Saharan Africa (IDA & IBRD countries),2016,-1.4134855752873676
Sub-Saharan Africa (IDA & IBRD countries),2017,-0.1626808709345226
Sub-Saharan Africa (IDA & IBRD countries),2018,0.1052048984237643
Sub-Saharan Africa (IDA & IBRD countries),2019,-0.0398203828859351
Sub-Saharan Africa (IDA & IBRD countries),2020,-5.694789455372359
Sub-Saharan Africa (IDA & IBRD countries),2021,1.0595563817581422
Sub-Saharan Africa (IDA & IBRD countries),2022,1.5050426249583635
Sub-Saharan Africa (IDA & IBRD countries),2023,0.2146041560588685
Sub-Saharan Africa (IDA & IBRD countries),2024,1.0973618864487094
Sub-Saharan Africa (excluding high income),1961,-1.3149770846400486
Sub-Saharan Africa (excluding high income),1962,3.5222355496068047
Sub-Saharan Africa (excluding high income),1963,3.683745645274072
Sub-Saharan Africa (excluding high income),1964,2.380683369660176
Sub-Saharan Africa (excluding high income),1965,2.029222052942643
Sub-Saharan Africa (excluding high income),1966,-0.6752969567423008
Sub-Saharan Africa (excluding high income),1967,-3.4160617074655164
Sub-Saharan Africa (excluding high income),1968,0.4253512140524549
Sub-Saharan Africa (excluding high income),1969,6.322433111610891
Sub-Saharan Africa (excluding high income),1970,5.053945999797847
Sub-Saharan Africa (excluding high income),1971,4.873746302503548
Sub-Saharan Africa (excluding high income),1972,0.1998276086940364
Sub-Saharan Africa (excluding high income),1973,1.4315302711320754
Sub-Saharan Africa (excluding high income),1974,4.6039151599550365
Sub-Saharan Africa (excluding high income),1975,-3.07319605023541
Sub-Saharan Africa (excluding high income),1976,2.307533398455448
Sub-Saharan Africa (excluding high income),1977,-0.1377949343936819
Sub-Saharan Africa (excluding high income),1978,-3.2258929478108627
Sub-Saharan Africa (excluding high income),1979,0.7888522475563349
Sub-Saharan Africa (excluding high income),1980,0.444367315225108
Sub-Saharan Africa (excluding high income),1981,-3.871641392985609
Sub-Saharan Africa (excluding high income),1982,-4.172352802472375
Sub-Saharan Africa (excluding high income),1983,-5.611274382051974
Sub-Saharan Africa (excluding high income),1984,-0.562743446860523
Sub-Saharan Africa (excluding high income),1985,-0.6622294564632369
Sub-Saharan Africa (excluding high income),1986,-1.1563994810540947
Sub-Saharan Africa (excluding high income),1987,-0.154018339418414
Sub-Saharan Africa (excluding high income),1988,1.7313199780646755
Sub-Saharan Africa (excluding high income),1989,-0.3847140990566515
Sub-Saharan Africa (excluding high income),1990,-0.4694075735720986
Sub-Saharan Africa (excluding high income),1991,-1.9898695799759736
Sub-Saharan Africa (excluding high income),1992,-2.853080683820636
Sub-Saharan Africa (excluding high income),1993,-3.880332474582275
Sub-Saharan Africa (excluding high income),1994,-1.5736828210032885
Sub-Saharan Africa (excluding high income),1995,0.658410683349004
Sub-Saharan Africa (excluding high income),1996,2.2886851342921943
Sub-Saharan Africa (excluding high income),1997,1.4470021383009597
Sub-Saharan Africa (excluding high income),1998,0.0041170276605839
Sub-Saharan Africa (excluding high income),1999,-0.5186384210675783
Sub-Saharan Africa (excluding high income),2000,0.714554224091259
Sub-Saharan Africa (excluding high income),2001,1.426031955317299
Sub-Saharan Africa (excluding high income),2002,3.721155648726281
Sub-Saharan Africa (excluding high income),2003,1.5241832441788006
Sub-Saharan Africa (excluding high income),2004,3.7327715149017
Sub-Saharan Africa (excluding high income),2005,3.05748481604158
Sub-Saharan Africa (excluding high income),2006,3.106910612612808
Sub-Saharan Africa (excluding high income),2007,3.1832820102520856
Sub-Saharan Africa (excluding high income),2008,2.2191241309700303
Sub-Saharan Africa (excluding high income),2009,0.21391366383925
Sub-Saharan Africa (excluding high income),2010,3.009441568413493
Sub-Saharan Africa (excluding high income),2011,1.4481644730379344
Sub-Saharan Africa (excluding high income),2012,0.4048820791534808
Sub-Saharan Africa (excluding high income),2013,2.1098174304984667
Sub-Saharan Africa (excluding high income),2014,1.7397708723676146
Sub-Saharan Africa (excluding high income),2015,-0.0708722890952628
Sub-Saharan Africa (excluding high income),2016,-1.722078985299916
Sub-Saharan Africa (excluding high income),2017,-0.4420908021187273
Sub-Saharan Africa (excluding high income),2018,-0.0660860789963777
Sub-Saharan Africa (excluding high income),2019,-0.2932394535153406
Sub-Saharan Africa (excluding high income),2020,-6.115209731475375
Sub-Saharan Africa (excluding high income),2021,0.9736853858340168
Sub-Saharan Africa (excluding high income),2022,1.4465296141332686
Sub-Saharan Africa (excluding high income),2023,0.0195988297970046
Sub-Saharan Africa (excluding high income),2024,0.8863942858034619
Sudan,1961,-2.696324812297547
Sudan,1962,3.946745345766132
Sudan,1963,-5.593092424669592
Sudan,1964,-4.012257927974019
Sudan,1965,3.6113949470524034
Sudan,1966,-6.346708930708189
Sudan,1967,-1.4675267177695872
Sudan,1968,-0.981796867696076
Sudan,1969,-1.5486749749274225
Sudan,1970,2.8331951437319702
Sudan,1971,-0.8304433520114856
Sudan,1972,-8.001897072660569
Sudan,1973,-3.0266722962571606
Sudan,1974,7.405310166362966
Sudan,1975,11.946272681276907
Sudan,1976,12.846117895224836
Sudan,1977,2.783118363423995
Sudan,1978,-9.309871280991544
Sudan,1979,-8.549250975265807
Sudan,1980,-2.3186996127283805
Sudan,1981,3.4262257716872995
Sudan,1982,2.204425980473673
Sudan,1983,-1.0589317242850456
Sudan,1984,-7.064597549636815
Sudan,1985,-7.959232437788842
Sudan,1986,3.451381159339448
Sudan,1987,12.183555768914658
Sudan,1988,-1.5552090949145736
Sudan,1989,7.668564257363002
Sudan,1990,-7.122836775450011
Sudan,1991,5.352459704156857
Sudan,1992,4.54963665240291
Sudan,1993,2.4904169735087294
Sudan,1994,-1.46917150041169
Sudan,1995,3.2216662371642717
Sudan,1996,3.5282098891249944
Sudan,1997,15.589960214383296
Sudan,1998,1.804409313026696
Sudan,1999,0.5245557714462166
Sudan,2000,3.371329754409416
Sudan,2001,3.515158586335218
Sudan,2002,3.0464085245175454
Sudan,2003,3.476626012584916
Sudan,2004,2.385010784521384
Sudan,2005,2.753372180407581
Sudan,2006,3.555877525900144
Sudan,2007,2.693292112510477
Sudan,2008,0.6935307438187692
Sudan,2009,-5.8104218539472186
Sudan,2010,0.7588860487514069
Sudan,2011,5.872001185509774
Sudan,2012,-7.200563692227391
Sudan,2013,-0.3725462635869974
Sudan,2014,1.8645292409050145
Sudan,2015,-1.1481029314782203
Sudan,2016,0.3694731615278215
Sudan,2017,-2.7198745238733157
Sudan,2018,-6.017167559981061
Sudan,2019,-5.007959437998878
Sudan,2020,-6.185958079479661
Sudan,2021,-4.477007795637931
Sudan,2022,-3.598008465578033
Sudan,2023,-30.36317357110299
Sudan,2024,-14.657023640740276
Suriname,1961,1.3911983773410697
Suriname,1962,-0.1698240943612603
Suriname,1963,0.9349340483494332
Suriname,1964,2.362214081507446
Suriname,1965,8.164350000887893
Suriname,1966,15.191689176089255
Suriname,1967,8.323630868256203
Suriname,1968,3.977994225926153
Suriname,1969,0.9996347790128084
Suriname,1970,-0.6930013002212263
Suriname,1971,0.5889383871553946
Suriname,1972,-1.97089476470012
Suriname,1973,-1.3928307129594657
Suriname,1974,0.9345471833393332
Suriname,1975,3.4585801553349995
Suriname,1976,9.607266758792804
Suriname,1977,11.122084725921994
Suriname,1978,7.596138943782165
Suriname,1979,0.4266365182084399
Suriname,1980,-8.259423463317418
Suriname,1981,7.076609430583858
Suriname,1982,-4.478835229933708
Suriname,1983,-4.455926932530332
Suriname,1984,-2.784764235966975
Suriname,1985,0.7403274691360764
Suriname,1986,-0.576612551612655
Suriname,1987,-7.282604909862499
Suriname,1988,6.375270174995578
Suriname,1989,2.6227468025150387
Suriname,1990,-5.4455239216591735
Suriname,1991,2.07639457886468
Suriname,1992,-0.2193419760994004
Suriname,1993,-7.092241189600685
Suriname,1994,2.6599498966699286
Suriname,1995,-1.6831701605657372
Suriname,1996,-1.1229712523563364
Suriname,1997,3.520968925094465
Suriname,1998,0.2113108262304308
Suriname,1999,-3.408254621832185
Suriname,2000,0.016412852428175
Suriname,2001,2.076210129456271
Suriname,2002,0.731583130433549
Suriname,2003,4.229683655123623
Suriname,2004,6.9146916825718
Suriname,2005,3.415384572252876
Suriname,2006,4.648145607625452
Suriname,2007,3.920062199344883
Suriname,2008,2.9359329756413928
Suriname,2009,1.8154025070282105
Suriname,2010,3.953477032898519
Suriname,2011,4.641822244527077
Suriname,2012,1.5288085896857098
Suriname,2013,1.7780589028709528
Suriname,2014,-0.8514714192933894
Suriname,2015,-4.451603186077534
Suriname,2016,-5.903382464015195
Suriname,2017,0.5471493703416144
Suriname,2018,3.9329470261760378
Suriname,2019,0.1229600229529097
Suriname,2020,-16.873874046823204
Suriname,2021,-3.31629942420831
Suriname,2022,1.5405176950056756
Suriname,2023,1.484741723491112
Suriname,2024,0.8319044886893323
Sweden,1961,5.184618726022535
Sweden,1962,3.685604978531657
Sweden,1963,4.735939924285248
Sweden,1964,6.026059088764697
Sweden,1965,2.848259778423312
Sweden,1966,1.123989546101356
Sweden,1967,2.575374818055721
Sweden,1968,3.0576942059249603
Sweden,1969,4.273715187252165
Sweden,1970,5.48438289686888
Sweden,1971,0.2524348275767778
Sweden,1972,1.98692133219636
Sweden,1973,3.7889320545390888
Sweden,1974,2.899184786072766
Sweden,1975,2.1462532350933827
Sweden,1976,0.6912381372034133
Sweden,1977,-1.9451271570977011
Sweden,1978,1.455733742931315
Sweden,1979,3.61364752879976
Sweden,1980,1.4937331729061327
Sweden,1981,0.334436796769495
Sweden,1982,1.1907753746750274
Sweden,1983,1.854515030058863
Sweden,1984,4.134865300606322
Sweden,1985,1.9917741047197095
Sweden,1986,2.452772629367985
Sweden,1987,3.009547751174395
Sweden,1988,2.0887605346613327
Sweden,1989,1.9721912501980512
Sweden,1990,-0.0207591788844041
Sweden,1991,-1.8175151550997697
Sweden,1992,-1.7366303564690355
Sweden,1993,-2.6328084512473997
Sweden,1994,3.27914084779151
Sweden,1995,3.5496329912237456
Sweden,1996,1.5429884907872236
Sweden,1997,3.0059914727676755
Sweden,1998,4.187978779835618
Sweden,1999,4.119949965193243
Sweden,2000,4.463244256177205
Sweden,2001,1.0890474943370947
Sweden,2002,1.945419039041667
Sweden,2003,1.502639996187412
Sweden,2004,3.770651630554213
Sweden,2005,2.382845127875612
Sweden,2006,4.088941626663981
Sweden,2007,2.4622327014569407
Sweden,2008,-1.691956520418401
Sweden,2009,-5.06780005582803
Sweden,2010,4.853045536941906
Sweden,2011,2.3877775324798307
Sweden,2012,-1.1483772102243677
Sweden,2013,0.2842986694723493
Sweden,2014,1.2857924485726926
Sweden,2015,3.290204212903973
Sweden,2016,0.8559758244363707
Sweden,2017,0.5192143623816889
Sweden,2018,0.594886136077946
Sweden,2019,1.5733220649980524
Sweden,2020,-2.6399704811603755
Sweden,2021,4.595780679940404
Sweden,2022,0.5686487821561741
Sweden,2023,-0.6747012579332363
Sweden,2024,0.5045640178753956
Switzerland,1961,5.990640686612878
Switzerland,1962,2.1668909635158826
Switzerland,1963,2.6610284148365797
Switzerland,1964,3.529461906709954
Switzerland,1965,0.9321906164766176
Switzerland,1966,1.3961564518719456
Switzerland,1967,1.7868887983714783
Switzerland,1968,2.2917659581213883
Switzerland,1969,4.450762272122532
Switzerland,1970,5.6117011322971
Switzerland,1971,3.530693853242269
Switzerland,1972,2.4166178375923693
Switzerland,1973,2.2919677464085595
Switzerland,1974,0.9100205481703796
Switzerland,1975,-7.242612985319226
Switzerland,1976,-0.8384898875065829
Switzerland,1977,2.781502688126736
Switzerland,1978,0.4000686239175479
Switzerland,1979,2.285905904004082
Switzerland,1980,4.187453141763854
Switzerland,1981,1.047028311529715
Switzerland,1982,-1.8843770974197012
Switzerland,1983,0.2084750128254313
Switzerland,1984,2.639204613560977
Switzerland,1985,3.216944979888538
Switzerland,1986,1.3299459741726452
Switzerland,1987,0.9494033241762168
Switzerland,1988,2.521347168471479
Switzerland,1989,3.4906431706119463
Switzerland,1990,2.615466107199026
Switzerland,1991,-2.1464898693706687
Switzerland,1992,-1.1397190747338186
Switzerland,1993,-1.0314224302964874
Switzerland,1994,0.4656865259773326
Switzerland,1995,-0.1883508176285175
Switzerland,1996,0.0285406433398378
Switzerland,1997,2.015283220957869
Switzerland,1998,2.724284792001725
Switzerland,1999,1.17900570197709
Switzerland,2000,3.376157482396991
Switzerland,2001,0.934949672470367
Switzerland,2002,-0.8262805998155329
Switzerland,2003,-0.7713331184552317
Switzerland,2004,1.998131975985018
Switzerland,2005,2.093586727858849
Switzerland,2006,3.422550627881151
Switzerland,2007,2.991821977981715
Switzerland,2008,1.5099507545685071
Switzerland,2009,-3.51055875649962
Switzerland,2010,2.173637986883776
Switzerland,2011,0.6873399809523875
Switzerland,2012,0.1105966233567983
Switzerland,2013,0.6283606260939933
Switzerland,2014,1.1086937326192583
Switzerland,2015,0.4941296459151516
Switzerland,2016,0.9601316962212394
Switzerland,2017,0.4213262599227789
Switzerland,2018,2.1055247198998472
Switzerland,2019,0.4230896337938077
Switzerland,2020,-2.854158236473424
Switzerland,2021,4.754645193041341
Switzerland,2022,2.1924092887960995
Switzerland,2023,-0.5822783357144772
Switzerland,2024,-0.0110810035101565
Syrian Arab Republic,1961,7.565565645495354
Syrian Arab Republic,1962,20.908845291233533
Syrian Arab Republic,1963,-11.354072471526775
Syrian Arab Republic,1964,5.981871006560624
Syrian Arab Republic,1965,-0.828367586194517
Syrian Arab Republic,1966,-10.519980670235014
Syrian Arab Republic,1967,4.870754001571712
Syrian Arab Republic,1968,0.4579078404446761
Syrian Arab Republic,1969,14.990062280013165
Syrian Arab Republic,1970,-4.958800136858997
Syrian Arab Republic,1971,5.364435699366638
Syrian Arab Republic,1972,21.464737157673056
Syrian Arab Republic,1973,-13.440915947470003
Syrian Arab Republic,1974,21.62956396416085
Syrian Arab Republic,1975,12.46715469490232
Syrian Arab Republic,1976,8.478474752169674
Syrian Arab Republic,1977,-5.115320682187885
Syrian Arab Republic,1978,6.2362639770461925
Syrian Arab Republic,1979,-2.479832515945006
Syrian Arab Republic,1980,10.727417275054693
Syrian Arab Republic,1981,4.235027685549639
Syrian Arab Republic,1982,-0.5646094843627054
Syrian Arab Republic,1983,-1.112421292251625
Syrian Arab Republic,1984,-10.795129865133063
Syrian Arab Republic,1985,5.571120888242234
Syrian Arab Republic,1986,-11.108256603453968
Syrian Arab Republic,1987,-1.7646980130077878
Syrian Arab Republic,1988,14.071437182498371
Syrian Arab Republic,1989,-16.46066950064717
Syrian Arab Republic,1990,0.4395726430410462
Syrian Arab Republic,1991,4.335380477954431
Syrian Arab Republic,1992,9.55674328354266
Syrian Arab Republic,1993,2.9952660133991174
Syrian Arab Republic,1994,4.097451943293279
Syrian Arab Republic,1995,4.037551084473947
Syrian Arab Republic,1996,6.890889335986046
Syrian Arab Republic,1997,2.3028455883869583
Syrian Arab Republic,1998,4.065988510336709
Syrian Arab Republic,1999,-5.976181907095452
Syrian Arab Republic,2000,-1.8042152252045585
Syrian Arab Republic,2001,-1.4028432545536162
Syrian Arab Republic,2002,1.4732818176879334
Syrian Arab Republic,2003,4.681741717157124
Syrian Arab Republic,2004,4.293598806054803
Syrian Arab Republic,2005,3.520951683653962
Syrian Arab Republic,2006,0.6440122332019627
Syrian Arab Republic,2007,-0.635804298088587
Syrian Arab Republic,2008,0.843363715439807
Syrian Arab Republic,2009,4.271553200518284
Syrian Arab Republic,2010,2.8269710683362064
Syrian Arab Republic,2011,1.0712107178033818
Syrian Arab Republic,2012,-25.956030997206497
Syrian Arab Republic,2013,-22.5827773307621
Syrian Arab Republic,2014,-4.14663574302196
Syrian Arab Republic,2015,0.0084650386573628
Syrian Arab Republic,2016,-5.280224533380988
Syrian Arab Republic,2017,-0.8825094078084845
Syrian Arab Republic,2018,-0.435918888364867
Syrian Arab Republic,2019,-2.6368945264415515
Syrian Arab Republic,2020,-3.980110714889364
Syrian Arab Republic,2021,-0.8743332940238417
Syrian Arab Republic,2022,-3.004348297016051
Tajikistan,1986,0.1787269637009814
Tajikistan,1987,-4.539036082130792
Tajikistan,1988,9.982411595621969
Tajikistan,1989,-9.202798632558896
Tajikistan,1990,-3.021475910459245
Tajikistan,1991,-9.487999076144945
Tajikistan,1992,-30.35976401891328
Tajikistan,1993,-17.50385705688683
Tajikistan,1994,-22.65605186229986
Tajikistan,1995,-14.230486819618406
Tajikistan,1996,-18.31943000833951
Tajikistan,1997,0.466665814442905
Tajikistan,1998,4.689351887248947
Tajikistan,1999,3.165499792653705
Tajikistan,2000,7.00808967496647
Tajikistan,2001,7.483376810798248
Tajikistan,2002,8.691575719222342
Tajikistan,2003,8.884446443597142
Tajikistan,2004,8.156355511367025
Tajikistan,2005,4.632585119194815
Tajikistan,2006,4.985920391803475
Tajikistan,2007,5.748564577784549
Tajikistan,2008,5.783786453905833
Tajikistan,2009,1.7939475992634613
Tajikistan,2010,4.246574671431674
Tajikistan,2011,5.030355209500598
Tajikistan,2012,4.960764486593192
Tajikistan,2013,4.751312028062131
Tajikistan,2014,4.055432388391296
Tajikistan,2015,3.341935193982522
Tajikistan,2016,4.225688617087698
Tajikistan,2017,4.503051615267722
Tajikistan,2018,5.040593208660724
Tajikistan,2019,4.89098971791482
Tajikistan,2020,2.051166803703026
Tajikistan,2021,7.011573661206526
Tajikistan,2022,5.716224550342346
Tajikistan,2023,6.136281810882593
Tajikistan,2024,6.341419370020546
Tanzania,1961,-1.7055437983298134
Tanzania,1962,5.977402695327868
Tanzania,1963,3.192379726810529
Tanzania,1964,2.3983157134023685
Tanzania,1965,1.2448850982871562
Tanzania,1966,8.276356691172992
Tanzania,1967,2.300080879373695
Tanzania,1968,2.8953854955643124
Tanzania,1969,-0.1809577068402177
Tanzania,1970,-48.24329624458129
Tanzania,1971,0.3409620284412966
Tanzania,1972,3.3582726009349813
Tanzania,1973,2.4367682395097603
Tanzania,1974,-1.5056732014400325
Tanzania,1975,0.2731937910900797
Tanzania,1976,-0.3842827701945595
Tanzania,1977,-3.506140206756271
Tanzania,1978,-1.457454863428154
Tanzania,1979,-0.8887684401676381
Tanzania,1980,-0.4578836802164971
Tanzania,1981,-3.9523179604423575
Tanzania,1982,-3.361813082892951
Tanzania,1983,-3.606841905251685
Tanzania,1984,1.3169300108256294
Tanzania,1985,-2.0022881117115787
Tanzania,1986,2.065383258395343
Tanzania,1987,1.4367493140318146
Tanzania,1988,4.058657661928763
Tanzania,1989,1.0419040223910656
Tanzania,1990,4.299146829525611
Tanzania,1991,-0.4760125052894182
Tanzania,1992,-1.889800121329316
Tanzania,1993,-1.9136328910211944
Tanzania,1994,-2.253896066539696
Tanzania,1995,0.3684472098636178
Tanzania,1996,2.6516898069876618
Tanzania,1997,1.4590279356637694
Tanzania,1998,1.0206389394629127
Tanzania,1999,2.0999494754291703
Tanzania,2000,1.5994265853141627
Tanzania,2001,3.250579618359623
Tanzania,2002,4.363687275323059
Tanzania,2003,3.893442536908907
Tanzania,2004,4.631631103891223
Tanzania,2005,4.540186497500613
Tanzania,2006,3.5955492710452432
Tanzania,2007,3.8349331168882657
Tanzania,2008,2.8735389867308214
Tanzania,2009,2.709365897243771
Tanzania,2010,3.6704149801856554
Tanzania,2011,4.704850043414538
Tanzania,2012,1.5389203269451317
Tanzania,2013,3.627227941682335
Tanzania,2014,3.51147946313948
Tanzania,2015,2.7703821196094225
Tanzania,2016,3.304006658902225
Tanzania,2017,3.2368852760472464
Tanzania,2018,2.2421302755794272
Tanzania,2019,2.7100588195059885
Tanzania,2020,-0.9989878367807848
Tanzania,2021,1.2540176107950174
Tanzania,2022,1.5429979236115514
Tanzania,2023,2.0809924305251286
Tanzania,2024,2.5538482690818967
Thailand,1961,2.3191146938734306
Thailand,1962,4.417221372667044
Thailand,1963,4.829723449883502
Thailand,1964,3.686652176879008
Thailand,1965,4.996239413420994
Thailand,1966,7.878361824925236
Thailand,1967,5.487048634999397
Thailand,1968,5.0545032012544056
Thailand,1969,3.591747835825771
Thailand,1970,8.369391694857683
Thailand,1971,2.103894503643972
Thailand,1972,1.5390630167723316
Thailand,1973,7.366845340910061
Thailand,1974,1.8381720000286488
Thailand,1975,2.439439328029593
Thailand,1976,6.830875252080901
Thailand,1977,7.414337820578126
Thailand,1978,7.915473904973112
Thailand,1979,3.1816488675636947
Thailand,1980,3.027246120725934
Thailand,1981,3.801655242479214
Thailand,1982,3.314441969248776
Thailand,1983,3.559156483018839
Thailand,1984,3.763026956814656
Thailand,1985,2.7340897217992506
Thailand,1986,3.663335748672964
Thailand,1987,7.633965852594088
Thailand,1988,11.372895100010425
Thailand,1989,10.358419297039958
Thailand,1990,9.360950586830086
Thailand,1991,6.803950899888832
Thailand,1992,6.379027164283542
Thailand,1993,6.5937409314766455
Thailand,1994,6.416472637111539
Thailand,1995,6.588330879713112
Thailand,1996,4.202878108464176
Thailand,1997,-4.04196098576827
Thailand,1998,-8.832168211660203
Thailand,1999,3.2690566052590526
Thailand,2000,3.280234795148715
Thailand,2001,2.398731617648224
Thailand,2002,5.132750097322571
Thailand,2003,6.194936231683371
Thailand,2004,5.341162059510623
Thailand,2005,3.295375785113407
Thailand,2006,4.100117796915143
Thailand,2007,4.594989212028196
Thailand,2008,0.9472801701565032
Thailand,2009,-1.42135866699509
Thailand,2010,6.794799286491667
Thailand,2011,0.2150455596284644
Thailand,2012,6.58038336266074
Thailand,2013,2.0861531602812846
Thailand,2014,0.4505365538058896
Thailand,2015,2.65971785318402
Thailand,2016,2.969441552967183
Thailand,2017,3.737978002830872
Thailand,2018,3.9076262417335528
Thailand,2019,1.905834957583295
Thailand,2020,-6.206373264205993
Thailand,2021,1.4306217564500798
Thailand,2022,2.5689431643766767
Thailand,2023,2.0645523192321065
Thailand,2024,2.5910741669606523
Timor-Leste,1991,8.163213681331811
Timor-Leste,1992,7.551955537368286
Timor-Leste,1993,7.237259541447557
Timor-Leste,1994,4.19821471942177
Timor-Leste,1995,3.774689137044291
Timor-Leste,1996,5.0612945008091685
Timor-Leste,1997,1.1763426433297042
Timor-Leste,1998,-4.635358530176532
Timor-Leste,1999,-27.11364723082123
Timor-Leste,2000,77.08957366368315
Timor-Leste,2001,6.7274552814317445
Timor-Leste,2002,-13.801408573835062
Timor-Leste,2003,-6.206343572790061
Timor-Leste,2004,-0.917955727961413
Timor-Leste,2005,0.8954925607891369
Timor-Leste,2006,-6.893259013592569
Timor-Leste,2007,7.160928002329129
Timor-Leste,2008,8.423356617583849
Timor-Leste,2009,7.405402530238646
Timor-Leste,2010,6.721179429306673
Timor-Leste,2011,3.5221535226162217
Timor-Leste,2012,2.5804339976026114
Timor-Leste,2013,0.9856802104166889
Timor-Leste,2014,2.421063737531142
Timor-Leste,2015,0.5048116589652096
Timor-Leste,2016,1.0659052963115698
Timor-Leste,2017,-4.991678315343279
Timor-Leste,2018,-2.358635675542459
Timor-Leste,2019,21.827241565176838
Timor-Leste,2020,29.231596853765097
Timor-Leste,2021,3.490041820576522
Timor-Leste,2022,-21.63434371364268
Timor-Leste,2023,-19.022444814037115
Timor-Leste,2024,-10.161913982094037
Togo,1961,10.218906951512936
Togo,1962,1.9626908824581903
Togo,1963,3.089372662344616
Togo,1964,11.854588160508882
Togo,1965,12.32491191365972
Togo,1966,5.716620432623955
Togo,1967,1.4103153671427575
Togo,1968,0.7658477162371327
Togo,1969,6.500260037150738
Togo,1970,-1.1276214981600532
Togo,1971,-3.158056856498945
Togo,1972,4.600905574556165
Togo,1973,1.1339979397478714
Togo,1974,2.202971002828136
Togo,1975,-0.0606482337539091
Togo,1976,-4.397343534597937
Togo,1977,4.4216566454699375
Togo,1978,8.38762711481536
Togo,1979,-7.562246674858713
Togo,1980,11.398026465786202
Togo,1981,-6.272133229715863
Togo,1982,-6.73950236153938
Togo,1983,-8.579406812813247
Togo,1984,2.0736666049852914
Togo,1985,2.2348580162891523
Togo,1986,-1.4731863006676775
Togo,1987,-2.500491884274922
Togo,1988,3.467378025819528
Togo,1989,1.0141430462401215
Togo,1990,-3.121271041914369
Togo,1991,-3.5180881144646463
Togo,1992,-6.658244102719237
Togo,1993,-14.567851823105883
Togo,1994,14.560733560040234
Togo,1995,3.2518307546850025
Togo,1996,4.865208856428566
Togo,1997,10.814877724317526
Togo,1998,-5.031006683352359
Togo,1999,-0.3743842922366127
Togo,2000,-3.481377430990335
Togo,2001,-1.8005128957712628
Togo,2002,1.2202133325121594
Togo,2003,4.05045980094252
Togo,2004,-3.487717978185259
Togo,2005,-7.0823824073942205
Togo,2006,-0.1854462395109379
Togo,2007,-4.0125367559412695
Togo,2008,1.0876380787824331
Togo,2009,2.507529802032508
Togo,2010,3.012853296046302
Togo,2011,3.0097990107847323
Togo,2012,3.544190259792728
Togo,2013,3.141314770964783
Togo,2014,2.989625127991033
Togo,2015,2.842830675121661
Togo,2016,1.6276100680225056
Togo,2017,1.4409871819913749
Togo,2018,2.2366097529703097
Togo,2019,2.390100923471977
Togo,2020,-0.2728602177104875
Togo,2021,2.6581695561342684
Togo,2022,3.8228270791828862
Togo,2023,3.742857767263658
Togo,2024,4.170831758333577
Tonga,1982,4.665365952647747
Tonga,1983,1.9636708689888709
Tonga,1984,1.7466980435321773
Tonga,1985,6.564988598228425
Tonga,1986,2.09157092326771
Tonga,1987,2.6024879052426684
Tonga,1988,-2.4697737216857263
Tonga,1989,-0.0484020966826932
Tonga,1990,-2.335895975387686
Tonga,1991,6.207226292181176
Tonga,1992,0.1246813938665383
Tonga,1993,3.65411673840201
Tonga,1994,4.88651073265973
Tonga,1995,6.165626314402829
Tonga,1996,0.0430089681125167
Tonga,1997,-0.9944864836536452
Tonga,1998,1.5722062469428693
Tonga,1999,1.6428089082943558
Tonga,2000,3.116478163457103
Tonga,2001,0.8921026437351998
Tonga,2002,3.84009133315611
Tonga,2003,-0.5132750153019003
Tonga,2004,-2.5342830803431866
Tonga,2005,-1.2217166210875376
Tonga,2006,-2.701550261863545
Tonga,2007,-2.896577176295935
Tonga,2008,4.574767362368476
Tonga,2009,-5.291126648087257
Tonga,2010,0.6394583089414709
Tonga,2011,6.535066537700445
Tonga,2012,1.0230661962681469
Tonga,2013,0.7520771315168133
Tonga,2014,2.4392184628852647
Tonga,2015,1.603611293252797
Tonga,2016,7.175519684619204
Tonga,2017,3.366882259385278
Tonga,2018,0.326899215374226
Tonga,2019,-0.3814613257795258
Tonga,2020,1.77247797101046
Tonga,2021,-0.7339600910987514
Tonga,2022,-1.7111266145183637
Tonga,2023,3.227456535463588
Trinidad and Tobago,1961,11.632386678776411
Trinidad and Tobago,1962,0.7522666708308776
Trinidad and Tobago,1963,3.648659984487452
Trinidad and Tobago,1964,5.725492399605045
Trinidad and Tobago,1965,-0.9831061913776296
Trinidad and Tobago,1966,2.455365053520282
Trinidad and Tobago,1967,0.6041976692673074
Trinidad and Tobago,1968,3.848330467551037
Trinidad and Tobago,1969,1.5050889575791755
Trinidad and Tobago,1970,2.4095084084168263
Trinidad and Tobago,1971,-0.079731091584108
Trinidad and Tobago,1972,4.494624720216493
Trinidad and Tobago,1973,0.377619149736887
Trinidad and Tobago,1974,2.5199345361826886
Trinidad and Tobago,1975,0.2538363423436891
Trinidad and Tobago,1976,5.123666638454367
Trinidad and Tobago,1977,7.783182156755444
Trinidad and Tobago,1978,8.625300981755018
Trinidad and Tobago,1979,2.265698885482621
Trinidad and Tobago,1980,9.002737299820637
Trinidad and Tobago,1981,3.3438016346710957
Trinidad and Tobago,1982,2.6423522759507705
Trinidad and Tobago,1983,-11.27474522589634
Trinidad and Tobago,1984,-6.751261859635477
Trinidad and Tobago,1985,-5.280775453032973
Trinidad and Tobago,1986,-4.545970915419247
Trinidad and Tobago,1987,-5.678158087383707
Trinidad and Tobago,1988,-4.912107328139882
Trinidad and Tobago,1989,-1.7509276297725762
Trinidad and Tobago,1990,0.6492394185382437
Trinidad and Tobago,1991,2.2984857271815144
Trinidad and Tobago,1992,9.270273706047009
Trinidad and Tobago,1993,-1.351145482599634
Trinidad and Tobago,1994,2.934124957298792
Trinidad and Tobago,1995,3.2626377788537013
Trinidad and Tobago,1996,6.660210283442922
Trinidad and Tobago,1997,7.1187287096166045
Trinidad and Tobago,1998,7.762367647536394
Trinidad and Tobago,1999,7.656465691967782
Trinidad and Tobago,2000,6.491014874370052
Trinidad and Tobago,2001,3.713286140668615
Trinidad and Tobago,2002,7.414533701201236
Trinidad and Tobago,2003,13.868403750775984
Trinidad and Tobago,2004,7.414786534538422
Trinidad and Tobago,2005,10.383965352004637
Trinidad and Tobago,2006,12.907145929289271
Trinidad and Tobago,2007,4.332681052971864
Trinidad and Tobago,2008,2.9651609402362453
Trinidad and Tobago,2009,-4.502582081715346
Trinidad and Tobago,2010,2.7266740979285657
Trinidad and Tobago,2011,-1.0680381272848365
Trinidad and Tobago,2012,6.137309282499686
Trinidad and Tobago,2013,2.9546606175450165
Trinidad and Tobago,2014,3.3020638436402976
Trinidad and Tobago,2015,-0.7253569795442445
Trinidad and Tobago,2016,-7.825112371140023
Trinidad and Tobago,2017,-5.064738320964665
Trinidad and Tobago,2018,-1.13201603020309
Trinidad and Tobago,2019,0.1147677558618625
Trinidad and Tobago,2020,-8.971657709670382
Trinidad and Tobago,2021,-0.777215541824603
Trinidad and Tobago,2022,0.990715463329252
Trinidad and Tobago,2023,1.339951942171936
Trinidad and Tobago,2024,2.4475527691373458
Tunisia,1962,-5.744357870597099
Tunisia,1963,-11.903370993445677
Tunisia,1964,-6.0079353248875975
Tunisia,1965,-4.064777649734452
Tunisia,1966,1.4334417852385144
Tunisia,1967,-2.1245356781664526
Tunisia,1968,7.718910886795356
Tunisia,1969,2.1358055523380277
Tunisia,1970,2.085239986114658
Tunisia,1971,7.823076891657294
Tunisia,1972,14.799475939920852
Tunisia,1973,-3.178716222744072
Tunisia,1974,5.271863238316541
Tunisia,1975,4.3192607378804695
Tunisia,1976,5.039492514858651
Tunisia,1977,0.7411748674852134
Tunisia,1978,3.851594318317765
Tunisia,1979,4.140709027003965
Tunisia,1980,4.983336289207372
Tunisia,1981,3.139575127774449
Tunisia,1982,-2.6593676368614894
Tunisia,1983,2.527700117444212
Tunisia,1984,3.3139397218676265
Tunisia,1985,2.941610343004669
Tunisia,1986,-3.915876988450279
Tunisia,1987,4.103195222354557
Tunisia,1988,-2.2425627034813687
Tunisia,1989,-0.4653104525666833
Tunisia,1990,5.70836371358358
Tunisia,1991,1.737464490494773
Tunisia,1992,5.562267754200917
Tunisia,1993,0.1663389408514461
Tunisia,1994,1.3417254758350057
Tunisia,1995,0.756163865617296
Tunisia,1996,5.610852974672852
Tunisia,1997,4.0213983238544415
Tunisia,1998,3.461598264069039
Tunisia,1999,4.799283717756666
Tunisia,2000,3.5414597420978566
Tunisia,2001,2.6947331733366013
Tunisia,2002,0.2877608736143031
Tunisia,2003,3.661605932169749
Tunisia,2004,5.247947468802039
Tunisia,2005,2.5853408109844054
Tunisia,2006,4.319074828572639
Tunisia,2007,5.735679385041266
Tunisia,2008,3.2398305834703223
Tunisia,2009,1.9981242321535573
Tunisia,2010,1.8683563536238097
Tunisia,2011,-3.126897863614204
Tunisia,2012,3.04657312459409
Tunisia,2013,1.218996687489195
Tunisia,2014,1.874864310591846
Tunisia,2015,-0.1654021016710913
Tunisia,2016,0.0084982715857364
Tunisia,2017,1.183404931788388
Tunisia,2018,1.603915879485058
Tunisia,2019,0.6131277316899713
Tunisia,2020,-9.727526013841668
Tunisia,2021,4.087859241519752
Tunisia,2022,2.1527645866267164
Tunisia,2023,-0.481913639518325
Tunisia,2024,0.979801739421518
Turkiye,1961,-1.5859849159095631
Turkiye,1962,2.7592074231209267
Turkiye,1963,6.188710699313177
Turkiye,1964,2.730123123512016
Turkiye,1965,0.2735487865846977
Turkiye,1966,8.422404354885018
Turkiye,1967,2.0481030942317773
Turkiye,1968,4.113985960407732
Turkiye,1969,1.5623066617911547
Turkiye,1970,0.8365794896230625
Turkiye,1971,3.090214124011254
Turkiye,1972,4.877522394631015
Turkiye,1973,0.901130367305143
Turkiye,1974,3.28170101269221
Turkiye,1975,4.973641958423983
Turkiye,1976,8.228602722960133
Turkiye,1977,1.295387844572346
Turkiye,1978,-0.5250369521273512
Turkiye,1979,-2.5556241606011554
Turkiye,1980,-4.377370723410451
Turkiye,1981,2.7913178689687754
Turkiye,1982,1.3727699741243242
Turkiye,1983,2.532861132633755
Turkiye,1984,4.28679512122811
Turkiye,1985,1.9522845097210533
Turkiye,1986,4.757908997778415
Turkiye,1987,7.277130212235733
Turkiye,1988,0.2975470335533572
Turkiye,1989,-1.6563873915033724
Turkiye,1990,7.239620322315247
Turkiye,1991,-1.0362942393670238
Turkiye,1992,3.260174066964637
Turkiye,1993,5.810130708661362
Turkiye,1994,-6.311169352999556
Turkiye,1995,6.126979544748082
Turkiye,1996,5.554991047846741
Turkiye,1997,5.817461628363716
Turkiye,1998,0.499222307705665
Turkiye,1999,-4.339868437247816
Turkiye,2000,5.621458408947163
Turkiye,2001,-6.628468438031277
Turkiye,2002,5.159740853118677
Turkiye,2003,4.5779270534455065
Turkiye,2004,8.70602046453412
Turkiye,2005,7.951773626430423
Turkiye,2006,5.973504178090749
Turkiye,2007,4.939247949266274
Turkiye,2008,-0.3490817313585665
Turkiye,2009,-6.186581277327292
Turkiye,2010,6.90544093016851
Turkiye,2011,9.36292358017863
Turkiye,2012,3.4801043202305806
Turkiye,2013,7.103728301734094
Turkiye,2014,3.199112988857138
Turkiye,2015,4.403379266697101
Turkiye,2016,1.942831570516404
Turkiye,2017,6.436646140923813
Turkiye,2018,2.0770413561878485
Turkiye,2019,-0.1363784692059511
Turkiye,2020,0.8199574445769855
Turkiye,2021,10.797736075362993
Turkiye,2022,4.408159371874689
Turkiye,2023,4.619097749913806
Turkiye,2024,3.094798821249327
Turkmenistan,1988,7.697557685570075
Turkmenistan,1989,-6.95047420490647
Turkmenistan,1990,31.8527372518528
Turkmenistan,1991,-6.963774896561205
Turkmenistan,1992,-16.880103328475926
Turkmenistan,1993,-0.7079557728045103
Turkmenistan,1994,-18.99246974049767
Turkmenistan,1995,-8.850498273005385
Turkmenistan,1996,4.882812155882419
Turkmenistan,1997,-12.889582143851795
Turkmenistan,1998,5.308479159255256
Turkmenistan,1999,14.382150115092813
Turkmenistan,2000,3.3860701559853936
Turkmenistan,2001,2.274291264485356
Turkmenistan,2002,-1.7199368616828536
Turkmenistan,2003,1.2645423764414687
Turkmenistan,2004,3.004886500073823
Turkmenistan,2005,10.927305766672603
Turkmenistan,2006,8.928353666802806
Turkmenistan,2007,9.006266459304626
Turkmenistan,2008,12.532986481457826
Turkmenistan,2009,4.026049182314281
Turkmenistan,2010,6.987016347422738
Turkmenistan,2011,12.297167847908398
Turkmenistan,2012,8.70665885774136
Turkmenistan,2013,7.773197361286492
Turkmenistan,2014,7.831900526290241
Turkmenistan,2015,4.092918327140183
Turkmenistan,2016,3.790962006587236
Turkmenistan,2017,4.093747822225595
Turkmenistan,2018,3.83102484770528
Turkmenistan,2019,3.981191126986033
Turkmenistan,2020,3.675797611562288
Turkmenistan,2021,4.071655307422745
Turkmenistan,2022,4.170796844240286
Turkmenistan,2023,4.362431359130142
Turkmenistan,2024,4.454699502372094
Turks and Caicos Islands,2008,3.704474874762511
Turks and Caicos Islands,2009,-22.817427517590147
Turks and Caicos Islands,2010,-2.9235336857076675
Turks and Caicos Islands,2011,0.8658826970368239
Turks and Caicos Islands,2012,-6.547532439100465
Turks and Caicos Islands,2013,-3.512192741205112
Turks and Caicos Islands,2014,4.37835200669825
Turks and Caicos Islands,2015,6.586115837300909
Turks and Caicos Islands,2016,2.464561493464572
Turks and Caicos Islands,2017,67.59799469609038
Turks and Caicos Islands,2018,2.52456646348665
Turks and Caicos Islands,2019,1.073407279295708
Turks and Caicos Islands,2020,-35.63621015473389
Turks and Caicos Islands,2021,27.173918165309715
Turks and Caicos Islands,2022,12.584110732370137
Turks and Caicos Islands,2023,12.867049386965263
Turks and Caicos Islands,2024,4.871817973750623
Tuvalu,1971,-1.9645546350045748
Tuvalu,1972,-2.07058151791972
Tuvalu,1973,-1.7406101038551751
Tuvalu,1974,-4.059307128134748
Tuvalu,1975,-6.256472617296183
Tuvalu,1976,-5.288800234228489
Tuvalu,1977,-7.8014606640741135
Tuvalu,1978,-5.6564747736092045
Tuvalu,1979,-3.544061469933297
Tuvalu,1980,-3.094510996470291
Tuvalu,1981,0.4190552484722047
Tuvalu,1982,-17.521462239039636
Tuvalu,1983,7.224761894979494
Tuvalu,1984,5.924288661098515
Tuvalu,1985,-3.591966219239282
Tuvalu,1986,20.03443263964964
Tuvalu,1987,10.191727069645154
Tuvalu,1988,17.248050833529007
Tuvalu,1989,-3.5778527360885874
Tuvalu,1990,13.592511025233051
Tuvalu,1991,2.100537063626092
Tuvalu,1992,1.5377635693581908
Tuvalu,1993,3.106906115890524
Tuvalu,1994,9.31314182840417
Tuvalu,1995,-5.751723044453641
Tuvalu,1996,-6.585476129786414
Tuvalu,1997,9.324558999467698
Tuvalu,1998,14.877892454222746
Tuvalu,1999,-2.0303436349560826
Tuvalu,2000,-1.468542068118026
Tuvalu,2001,-0.4381389526392496
Tuvalu,2002,9.102695427126475
Tuvalu,2003,-5.058187770477844
Tuvalu,2004,-3.477393124398006
Tuvalu,2005,-5.840625146226188
Tuvalu,2006,1.257349089004009
Tuvalu,2007,5.816987961949678
Tuvalu,2008,5.230113361108408
Tuvalu,2009,-7.504660166332087
Tuvalu,2010,-3.631681427046047
Tuvalu,2011,5.17330072524878
Tuvalu,2012,-3.5061432424333105
Tuvalu,2013,3.712310738549448
Tuvalu,2014,0.154770575382372
Tuvalu,2015,10.628173553467718
Tuvalu,2016,5.979388561860219
Tuvalu,2017,3.023363136311658
Tuvalu,2018,2.500082603798504
Tuvalu,2019,15.65082509554196
Tuvalu,2020,-2.5995822888967126
Tuvalu,2021,3.8514037023984
Tuvalu,2022,2.7126192584569537
Tuvalu,2023,5.714880753681939
Uganda,1983,3.155199651119787
Uganda,1984,-2.976623232337957
Uganda,1985,-5.983815229984316
Uganda,1986,-2.490968897276076
Uganda,1987,0.7911376390193396
Uganda,1988,4.873141652970702
Uganda,1989,2.9841659116839168
Uganda,1990,3.085376251483069
Uganda,1991,2.1472074438335937
Uganda,1992,-0.0452355171633342
Uganda,1993,4.648805500664935
Uganda,1994,2.892053482010354
Uganda,1995,8.518090255158086
Uganda,1996,6.165023226160656
Uganda,1997,2.096964134857941
Uganda,1998,1.8313227637414544
Uganda,1999,4.609035733626584
Uganda,2000,-0.0506112736721604
Uganda,2001,2.014737627164635
Uganda,2002,5.38039055287112
Uganda,2003,3.163140555197998
Uganda,2004,3.651177609615857
Uganda,2005,3.257139545966382
Uganda,2006,7.588577526012074
Uganda,2007,5.270375753772612
Uganda,2008,5.554503856026699
Uganda,2009,3.7059215908539898
Uganda,2010,2.573084633418261
Uganda,2011,6.230909939819256
Uganda,2012,0.865151267915266
Uganda,2013,0.6566694637321575
Uganda,2014,2.049484592672073
Uganda,2015,2.0042994309908124
Uganda,2016,1.3574331290959805
Uganda,2017,-0.4063908127407956
Uganda,2018,2.75300382511665
Uganda,2019,2.8895869024190546
Uganda,2020,-0.4239226833614822
Uganda,2021,0.2580755773649485
Uganda,2022,1.489270851058876
Uganda,2023,2.427594597821184
Uganda,2024,3.174939212389376
Ukraine,1988,2.151788683700317
Ukraine,1989,3.487032108933576
Ukraine,1990,-6.590415636319818
Ukraine,1991,-8.904518692904972
Ukraine,1992,-10.162969160726549
Ukraine,1993,-14.243354605516856
Ukraine,1994,-22.494146686446925
Ukraine,1995,-11.502473835657456
Ukraine,1996,-9.227956037699215
Ukraine,1997,-2.1611109527703576
Ukraine,1998,-1.1071809361952916
Ukraine,1999,0.605336123329252
Ukraine,2000,6.79706549402465
Ukraine,2001,9.796575500114216
Ukraine,2002,6.269264830718214
Ukraine,2003,10.337484498259045
Ukraine,2004,12.577393155842827
Ukraine,2005,3.924534288991481
Ukraine,2006,8.269613045026645
Ukraine,2007,8.71227296398449
Ukraine,2008,2.775509046461707
Ukraine,2009,-14.780720123391134
Ukraine,2010,4.467825135156758
Ukraine,2011,5.782622065214426
Ukraine,2012,0.3642755575786793
Ukraine,2013,0.2260829360049854
Ukraine,2014,-5.088468795971551
Ukraine,2015,-9.276866638179314
Ukraine,2016,2.94151228987063
Ukraine,2017,2.860278696509539
Ukraine,2018,4.099379754474313
Ukraine,2019,3.8728469833325514
Ukraine,2020,-3.0845857635287075
Ukraine,2021,4.410508832890912
Ukraine,2022,-22.74568130211584
Ukraine,2023,15.448021987689756
Ukraine,2024,2.5311816605188824
United Arab Emirates,1971,16.839431749010572
United Arab Emirates,1972,21.022699804210504
United Arab Emirates,1973,55.82352931909418
United Arab Emirates,1974,2.163481571195589
United Arab Emirates,1975,-4.294249187703883
United Arab Emirates,1976,2.712770660307328
United Arab Emirates,1977,5.307528508748007
United Arab Emirates,1978,-13.63623517398753
United Arab Emirates,1979,7.301788004730113
United Arab Emirates,1980,11.22874221351242
United Arab Emirates,1981,-3.3487816596143034
United Arab Emirates,1982,-12.03886717199697
United Arab Emirates,1983,-10.061387988947956
United Arab Emirates,1984,-1.6132821231167611
United Arab Emirates,1985,-8.626008467745834
United Arab Emirates,1986,-20.14346691483712
United Arab Emirates,1987,-3.6356737162349617
United Arab Emirates,1988,-8.846061298598343
United Arab Emirates,1989,5.555444281998433
United Arab Emirates,1990,11.572664514837244
United Arab Emirates,1991,-4.588784977969553
United Arab Emirates,1992,-1.937999970861128
United Arab Emirates,1993,-3.6313609157990783
United Arab Emirates,1994,2.0249152678194093
United Arab Emirates,1995,2.022152151262617
United Arab Emirates,1996,-0.8365707070448565
United Arab Emirates,1997,-0.2518324714082354
United Arab Emirates,1998,-7.064295444821738
United Arab Emirates,1999,-4.205392178519389
United Arab Emirates,2000,3.631932802863048
United Arab Emirates,2001,-4.864577327694306
United Arab Emirates,2002,-3.6045063779694
United Arab Emirates,2003,2.6855633117116757
United Arab Emirates,2004,3.7155106928225914
United Arab Emirates,2005,-0.4456877725775285
United Arab Emirates,2006,2.287443030954321
United Arab Emirates,2007,-8.107649862292192
United Arab Emirates,2008,-7.909351661904893
United Arab Emirates,2009,-10.956186026452444
United Arab Emirates,2010,-0.8046174846321463
United Arab Emirates,2011,3.210404807978364
United Arab Emirates,2012,0.6198297199669867
United Arab Emirates,2013,0.8054529967240285
United Arab Emirates,2014,-0.1240780236744711
United Arab Emirates,2015,1.474736000773106
United Arab Emirates,2016,0.5748415188329972
United Arab Emirates,2017,-4.152181138666165
United Arab Emirates,2018,0.1957948105572882
United Arab Emirates,2019,0.2090305202335542
United Arab Emirates,2020,-8.258825738051996
United Arab Emirates,2021,2.6516040150949465
United Arab Emirates,2022,2.180633163932839
United Arab Emirates,2023,0.2343543399574486
United Arab Emirates,2024,-0.7660187865786412
United Kingdom,1961,1.9232739339275893
United Kingdom,1962,0.2443410819979306
United Kingdom,1963,4.077740547071599
United Kingdom,1964,4.910400212569172
United Kingdom,1965,1.476280889452681
United Kingdom,1966,1.0090456889180928
United Kingdom,1967,2.22373311202324
United Kingdom,1968,4.960532958997277
United Kingdom,1969,1.5161514864198864
United Kingdom,1970,2.2998747004407107
United Kingdom,1971,1.579387173241372
United Kingdom,1972,3.275613029851684
United Kingdom,1973,7.106396607399006
United Kingdom,1974,-1.741678388111367
United Kingdom,1975,-0.6694968041859113
United Kingdom,1976,2.8299529927352296
United Kingdom,1977,2.3970072484990936
United Kingdom,1978,3.3978316517311957
United Kingdom,1979,2.654620243524917
United Kingdom,1980,-2.295945215388912
United Kingdom,1981,-1.357813072542399
United Kingdom,1982,2.129668431278219
United Kingdom,1983,3.589015118012597
United Kingdom,1984,2.508564502787692
United Kingdom,1985,3.3645279746504286
United Kingdom,1986,3.7717054376786905
United Kingdom,1987,4.339979100525682
United Kingdom,1988,4.799122206365496
United Kingdom,1989,2.015542641723215
United Kingdom,1990,0.4784559320401058
United Kingdom,1991,-1.59721933146524
United Kingdom,1992,1.0211660302119014
United Kingdom,1993,3.242670905913215
United Kingdom,1994,4.686553561818201
United Kingdom,1995,3.2598580236914927
United Kingdom,1996,2.353963786712285
United Kingdom,1997,4.610210971701449
United Kingdom,1998,2.945886729898291
United Kingdom,1999,2.6018073451557626
United Kingdom,2000,4.1515806138274485
United Kingdom,2001,1.997599243202103
United Kingdom,2002,1.279365437225394
United Kingdom,2003,2.7390055443689647
United Kingdom,2004,1.745494688738475
United Kingdom,2005,2.087299880722909
United Kingdom,2006,1.4414302818718028
United Kingdom,2007,2.132535584665149
United Kingdom,2008,-0.8329679427609022
United Kingdom,2009,-5.30637777763782
United Kingdom,2010,1.4620694768097593
United Kingdom,2011,0.0663488911998797
United Kingdom,2012,0.8076616429695065
United Kingdom,2013,1.0397015469407762
United Kingdom,2014,2.392299118820148
United Kingdom,2015,1.4059889671454613
United Kingdom,2016,1.3979908727901318
United Kingdom,2017,2.4625494765583937
United Kingdom,2018,1.0565116007131223
United Kingdom,2019,0.7365761320174045
United Kingdom,2020,-10.200188793660317
United Kingdom,2021,8.154207825815178
United Kingdom,2022,4.185370171117711
United Kingdom,2023,-1.028373680590306
United Kingdom,2024,0.0541839994899788
United States,1961,0.6181211926548258
United States,1962,4.480669354233569
United States,1963,2.908271948087446
United States,1964,4.340548963202977
United States,1965,5.078097610432991
United States,1966,5.277113858364075
United States,1967,1.3899512862836474
United States,1968,3.7588193676319577
United States,1969,2.097369706478787
United States,1970,-0.9441451181425008
United States,1971,1.9949789504467788
United States,1972,4.134727636836871
United States,1973,4.6421133579308815
United States,1974,-1.445132898008481
United States,1975,-1.1847429377659466
United States,1976,4.39135849431463
United States,1977,3.5771798130182333
United States,1978,4.422887168881488
United States,1979,2.0337316990935363
United States,1980,-1.2093240718637333
United States,1981,1.5363024181671108
United States,1982,-2.7346949123968898
United States,1983,3.631858038047
United States,1984,6.311989222054578
United States,1985,3.250576260504957
United States,1986,2.5108949697416563
United States,1987,2.534042346955175
United States,1988,3.2353379173193844
United States,1989,2.697760223406604
United States,1990,0.7414867177828626
United States,1991,-1.4342475784172848
United States,1992,2.096668631444018
United States,1993,1.4057231870421705
United States,1994,2.7611089702873386
United States,1995,1.4689291669984073
United States,1996,2.5724639994428173
United States,1997,3.1971656077061823
United States,1998,3.272229841990153
United States,1999,3.591980371935392
United States,2000,2.9258625437010863
United States,2001,-0.0387319237247254
United States,2002,0.7612368560752998
United States,2003,1.915882475084146
United States,2004,2.891110915819169
United States,2005,2.534110704821586
United States,2006,1.7981987445630807
United States,2007,1.0383438213053182
United States,2008,-0.8288881194647644
United States,2009,-3.426831937894775
United States,2010,1.829923693796573
United States,2011,0.7627964054291994
United States,2012,1.475705968973088
United States,2013,1.3481625273179816
United States,2014,1.710945438573262
United States,2015,2.127411381236115
United States,2016,1.0226658911794289
United States,2017,1.7501409492395794
United States,2018,2.3644424994398747
United States,2019,2.056765903281928
United States,2020,-2.5618073853474925
United States,2021,5.888341038908337
United States,2022,1.9238617291810696
United States,2023,2.0355998754099147
United States,2024,1.7941923515304694
Upper middle income,1961,-0.1422316189065782
Upper middle income,1962,1.4854147927934065
Upper middle income,1963,1.888564518821028
Upper middle income,1964,6.137747421612687
Upper middle income,1965,5.125018392905531
Upper middle income,1966,3.500755357044653
Upper middle income,1967,1.197413688540891
Upper middle income,1968,4.266436509350541
Upper middle income,1969,5.584101723534914
Upper middle income,1970,5.637788623811815
Upper middle income,1971,3.959494235811434
Upper middle income,1972,5.152583260639659
Upper middle income,1973,5.3019322281476775
Upper middle income,1974,4.090182098034319
Upper middle income,1975,2.478693655310323
Upper middle income,1976,4.5908481310748215
Upper middle income,1977,2.5069412347806974
Upper middle income,1978,1.996745880113877
Upper middle income,1979,3.779753159535176
Upper middle income,1980,2.9016367197966417
Upper middle income,1981,0.1344062056145958
Upper middle income,1982,1.2538382868868323
Upper middle income,1983,-0.3493876007183303
Upper middle income,1984,3.616361260903972
Upper middle income,1985,2.9491335800330205
Upper middle income,1986,1.8789122073588944
Upper middle income,1987,3.090302076346447
Upper middle income,1988,1.5958655297861384
Upper middle income,1989,1.221389347746154
Upper middle income,1990,1.0707567871226331
Upper middle income,1991,1.5672548600874023
Upper middle income,1992,3.0854020005460967
Upper middle income,1993,4.545333435330875
Upper middle income,1994,4.242354438269615
Upper middle income,1995,3.204897627440559
Upper middle income,1996,4.980438783585669
Upper middle income,1997,4.875121842752876
Upper middle income,1998,1.825216519415008
Upper middle income,1999,2.170713767750115
Upper middle income,2000,4.953375612279572
Upper middle income,2001,2.475569971821173
Upper middle income,2002,3.9275045377809192
Upper middle income,2003,5.024462755803398
Upper middle income,2004,6.956011192139286
Upper middle income,2005,6.656166731386648
Upper middle income,2006,7.7322078324011585
Upper middle income,2007,8.611626477800755
Upper middle income,2008,5.466109708922403
Upper middle income,2009,2.697341734004709
Upper middle income,2010,7.6778471848179635
Upper middle income,2011,6.03565946240623
Upper middle income,2012,4.824990294917015
Upper middle income,2013,4.703964840612969
Upper middle income,2014,4.073496113574109
Upper middle income,2015,3.6452290206413096
Upper middle income,2016,3.737356083096088
Upper middle income,2017,4.523338244101012
Upper middle income,2018,4.136583094350058
Upper middle income,2019,3.508545381151791
Upper middle income,2020,-0.9129656969764852
Upper middle income,2021,7.275651552838028
Upper middle income,2022,3.192703829777926
Upper middle income,2023,4.362538680887226
Upper middle income,2024,3.853623662198075
Uruguay,1961,1.2094166735830356
Uruguay,1962,-2.760756162196344
Uruguay,1963,-0.992752170102321
Uruguay,1964,1.304832481047427
Uruguay,1965,-0.0092214385512079
Uruguay,1966,2.0550450037477503
Uruguay,1967,-4.525350928266491
Uruguay,1968,1.0629941687299862
Uruguay,1969,5.125588681224414
Uruguay,1970,1.7159815260028353
Uruguay,1971,-0.8081272088415119
Uruguay,1972,-1.850524968081004
Uruguay,1973,-0.2722412557724993
Uruguay,1974,2.289245236187881
Uruguay,1975,5.4181470108030965
Uruguay,1976,3.249898213074516
Uruguay,1977,0.8253792739432129
Uruguay,1978,4.788573317509105
Uruguay,1979,5.686598779150231
Uruguay,1980,5.411343554402251
Uruguay,1981,1.1725139650919516
Uruguay,1982,-10.129273940236343
Uruguay,1983,-10.673255962679136
Uruguay,1984,-1.594021323727148
Uruguay,1985,0.9772358868181924
Uruguay,1986,8.242662446646037
Uruguay,1987,7.389381869681728
Uruguay,1988,0.8833897304784273
Uruguay,1989,0.5046003291774355
Uruguay,1990,-0.2889789371908478
Uruguay,1991,2.9435444340506933
Uruguay,1992,7.335226977166712
Uruguay,1993,2.116246109723249
Uruguay,1994,6.72380888757364
Uruguay,1995,-1.9607176266149224
Uruguay,1996,5.022000774207911
Uruguay,1997,7.974492892363344
Uruguay,1998,4.004730001432577
Uruguay,1999,-1.9668838955811907
Uruguay,2000,-2.2959737496200887
Uruguay,2001,-4.080389786300515
Uruguay,2002,-7.861902406237334
Uruguay,2003,0.7340391119110734
Uruguay,2004,4.94141016509036
Uruguay,2005,7.374347720263287
Uruguay,2006,3.980380826945336
Uruguay,2007,6.358927544138624
Uruguay,2008,6.948172257219838
Uruguay,2009,3.994261465658127
Uruguay,2010,7.527646178230185
Uruguay,2011,4.9015056135795305
Uruguay,2012,3.2719608293143807
Uruguay,2013,4.326754219615481
Uruguay,2014,2.9005302021195973
Uruguay,2015,0.0225745559950212
Uruguay,2016,1.350780376860811
Uruguay,2017,1.4654907353020403
Uruguay,2018,-0.0151011267874139
Uruguay,2019,0.8489680970101148
Uruguay,2020,-7.405352344788582
Uruguay,2021,5.915101985050924
Uruguay,2022,4.664391249234029
Uruguay,2023,0.8263362492815247
Uruguay,2024,3.153710745304465
Uzbekistan,1988,6.163109938861084
Uzbekistan,1989,0.4256470109767321
Uzbekistan,1990,-0.8215901897562219
Uzbekistan,1991,-2.8557179541228948
Uzbekistan,1992,-13.358221536132064
Uzbekistan,1993,-4.534401088883143
Uzbekistan,1994,-7.206021853501269
Uzbekistan,1995,-2.864470692038424
Uzbekistan,1996,-0.1918166441564892
Uzbekistan,1997,3.3979770629591286
Uzbekistan,1998,2.675235880132604
Uzbekistan,1999,2.846554664604483
Uzbekistan,2000,2.532002822256913
Uzbekistan,2001,2.904964585283494
Uzbekistan,2002,2.7057597385274192
Uzbekistan,2003,2.970712201944707
Uzbekistan,2004,6.1359228663663
Uzbekistan,2005,5.62058695275762
Uzbekistan,2006,6.074751461773673
Uzbekistan,2007,7.948870305745004
Uzbekistan,2008,7.368565239071771
Uzbekistan,2009,6.331691024360779
Uzbekistan,2010,5.905900269437353
Uzbekistan,2011,5.892334202581068
Uzbekistan,2012,5.496719097832425
Uzbekistan,2013,5.628259430624482
Uzbekistan,2014,5.109537480447003
Uzbekistan,2015,5.38345590914129
Uzbekistan,2016,4.119844565899527
Uzbekistan,2017,2.6412771615336794
Uzbekistan,2018,3.751768451409703
Uzbekistan,2019,4.86486140745366
Uzbekistan,2020,-0.3165561597591022
Uzbekistan,2021,5.960906100363999
Uzbekistan,2022,3.8919951116935607
Uzbekistan,2023,4.164676153149728
Uzbekistan,2024,4.421798002659116
Vanuatu,1980,-13.40683166389664
Vanuatu,1981,2.092655914642492
Vanuatu,1982,-0.367503627007494
Vanuatu,1983,0.5481578475824591
Vanuatu,1984,6.893137339753764
Vanuatu,1985,-1.5141969786408112
Vanuatu,1986,-2.6623826024046053
Vanuatu,1987,-5.34800638009034
Vanuatu,1988,-4.185551720364401
Vanuatu,1989,-1.0255122864689383
Vanuatu,1990,8.927126838023952
Vanuatu,1991,0.6129979399912173
Vanuatu,1992,0.0703543901579024
Vanuatu,1993,-1.6998200731399749
Vanuatu,1994,6.509287798785508
Vanuatu,1995,-1.3063637584373708
Vanuatu,1996,0.0677771442323802
Vanuatu,1997,2.6750212543165333
Vanuatu,1998,-0.9151919957166824
Vanuatu,1999,-1.7212835830350317
Vanuatu,2000,3.5178018108288995
Vanuatu,2001,-5.799608773993086
Vanuatu,2002,-7.537105175144703
Vanuatu,2003,1.7515974465846114
Vanuatu,2004,1.4775736614198536
Vanuatu,2005,2.7826153634628525
Vanuatu,2006,5.867261010685084
Vanuatu,2007,0.3871693742143947
Vanuatu,2008,2.985354815810197
Vanuatu,2009,0.4539662710933783
Vanuatu,2010,-1.085938085148058
Vanuatu,2011,0.92597879599046
Vanuatu,2012,-1.1852141346525968
Vanuatu,2013,-1.7469605053007058
Vanuatu,2014,0.3054926597354352
Vanuatu,2015,1.6760210650397198
Vanuatu,2016,1.1951380269002383
Vanuatu,2017,2.0057989567625896
Vanuatu,2018,0.4646108712472028
Vanuatu,2019,0.8629825141463101
Vanuatu,2020,-7.177430786078944
Vanuatu,2021,-3.808557111638109
Vanuatu,2022,2.774357049234439
Vanuatu,2023,-0.252371345822354
Vanuatu,2024,-1.3268634780919228
"Venezuela, RB",1961,-0.4176075625026243
"Venezuela, RB",1962,4.802887629915233
"Venezuela, RB",1963,0.3800765927064446
"Venezuela, RB",1964,7.41199126763415
"Venezuela, RB",1965,0.7249450314510426
"Venezuela, RB",1966,-1.8015535763278336
"Venezuela, RB",1967,-0.4785220339260974
"Venezuela, RB",1968,3.9355925969974095
"Venezuela, RB",1969,-2.42042323129607
"Venezuela, RB",1970,4.424975706871919
"Venezuela, RB",1971,-1.5736248839783968
"Venezuela, RB",1972,-1.7154696274962191
"Venezuela, RB",1973,3.978722922994877
"Venezuela, RB",1974,-0.8874076817515544
"Venezuela, RB",1975,-0.0665573543047344
"Venezuela, RB",1976,4.636811580544986
"Venezuela, RB",1977,3.231946097387194
"Venezuela, RB",1978,-0.5628661719393904
"Venezuela, RB",1979,-2.0740318551330432
"Venezuela, RB",1980,-7.075199510435553
"Venezuela, RB",1981,-3.988283596167335
"Venezuela, RB",1982,-0.1220698764575587
"Venezuela, RB",1983,-12.252155828409611
"Venezuela, RB",1984,2.4598494047010604
"Venezuela, RB",1985,-1.7469960757167513
"Venezuela, RB",1986,3.344873992225345
"Venezuela, RB",1987,2.1152269339161904
"Venezuela, RB",1988,3.823431569743832
"Venezuela, RB",1989,-16.045812850047653
"Venezuela, RB",1990,3.900591299538931
"Venezuela, RB",1991,7.147360692435683
"Venezuela, RB",1992,3.630708462374855
"Venezuela, RB",1993,-1.9588261970407643
"Venezuela, RB",1994,-4.4648969916778185
"Venezuela, RB",1995,1.756622028289584
"Venezuela, RB",1996,-2.260247822341981
"Venezuela, RB",1997,4.211679187830015
"Venezuela, RB",1998,-1.7017344675955002
"Venezuela, RB",1999,-7.788239688011544
"Venezuela, RB",2000,1.74180263726997
"Venezuela, RB",2001,1.5183409259180536
"Venezuela, RB",2002,-10.488745515466904
"Venezuela, RB",2003,-9.383510889839442
"Venezuela, RB",2004,16.27420417981054
"Venezuela, RB",2005,8.48531169784627
"Venezuela, RB",2006,8.100929100865812
"Venezuela, RB",2007,7.08319155201518
"Venezuela, RB",2008,3.7605028775954
"Venezuela, RB",2009,-4.5114030823229
"Venezuela, RB",2010,-2.770232515048477
"Venezuela, RB",2011,2.848177552889638
"Venezuela, RB",2012,4.308523269399146
"Venezuela, RB",2013,0.1289229044216142
"Venezuela, RB",2014,-4.980411379039694
"Venezuela, RB",2015,-7.202569248459284
"Venezuela, RB",2016,-17.55738246725501
"Venezuela, RB",2017,-15.11852099064933
"Venezuela, RB",2018,-17.612921050262912
"Venezuela, RB",2019,-25.48432940225265
"Venezuela, RB",2020,-28.78277456770209
"Venezuela, RB",2021,1.6928187747485453
"Venezuela, RB",2022,8.095883263524058
"Venezuela, RB",2023,3.6788972037278
"Venezuela, RB",2024,4.911915473680438
Viet Nam,1985,1.4250690108928126
Viet Nam,1986,0.598118657713286
Viet Nam,1987,1.501859835936045
Viet Nam,1988,3.0294465725895208
Viet Nam,1989,5.181784957095246
Viet Nam,1990,2.9233078487020663
Viet Nam,1991,3.7633940991992745
Viet Nam,1992,6.467786136037915
Viet Nam,1993,6.013282931673601
Viet Nam,1994,6.891203436158719
Viet Nam,1995,7.722837973786085
Viet Nam,1996,7.686226210932972
Viet Nam,1997,6.5923995760192895
Viet Nam,1998,4.257661926530147
Viet Nam,1999,3.4169481673635573
Viet Nam,2000,5.587929504107564
Viet Nam,2001,5.082401005461932
Viet Nam,2002,5.237176923062222
Viet Nam,2003,5.835561007467376
Viet Nam,2004,6.49878740751187
Viet Nam,2005,6.553397114411169
Viet Nam,2006,5.572397499465282
Viet Nam,2007,5.252312133417476
Viet Nam,2008,3.748386039930466
Viet Nam,2009,3.832374595675418
Viet Nam,2010,5.212276836048076
Viet Nam,2011,5.194497779993696
Viet Nam,2012,4.276305071460442
Viet Nam,2013,4.314988803699208
Viet Nam,2014,5.137840993644559
Viet Nam,2015,5.668964785415611
Viet Nam,2016,5.354270972412209
Viet Nam,2017,5.617878650631326
Viet Nam,2018,6.280958282019668
Viet Nam,2019,6.324648865819071
Viet Nam,2020,1.9158143477216496
Viet Nam,2021,1.6665160417681903
Viet Nam,2022,7.725699088081697
Viet Nam,2023,4.3619495764784375
Viet Nam,2024,6.417285431514102
Virgin Islands (U.S.),2003,-0.3924090192116409
Virgin Islands (U.S.),2004,3.3230311220047213
Virgin Islands (U.S.),2005,3.49771355206596
Virgin Islands (U.S.),2006,3.5852229118555385
Virgin Islands (U.S.),2007,4.041316111431286
Virgin Islands (U.S.),2008,1.162598334813694
Virgin Islands (U.S.),2009,-6.600820338202439
Virgin Islands (U.S.),2010,0.6400170459579471
Virgin Islands (U.S.),2011,-8.147450692179433
Virgin Islands (U.S.),2012,-14.732184946574492
Virgin Islands (U.S.),2013,-6.157647384069506
Virgin Islands (U.S.),2014,-1.6297623797500194
Virgin Islands (U.S.),2015,-0.26792231561096
Virgin Islands (U.S.),2016,1.7860705689114695
Virgin Islands (U.S.),2017,-0.5178538823551406
Virgin Islands (U.S.),2018,2.144901825325391
Virgin Islands (U.S.),2019,3.2286306850514848
Virgin Islands (U.S.),2020,-1.264124946136576
Virgin Islands (U.S.),2021,4.078869900813061
Virgin Islands (U.S.),2022,-0.8833838193133232
West Bank and Gaza,1995,2.427065970945904
West Bank and Gaza,1996,-3.2177491928896416
West Bank and Gaza,1997,9.646234186343676
West Bank and Gaza,1998,11.449573528409717
West Bank and Gaza,1999,5.548782906720163
West Bank and Gaza,2000,-10.86259290850694
West Bank and Gaza,2001,-11.59906907630466
West Bank and Gaza,2002,-14.69622458301096
West Bank and Gaza,2003,11.139172667223704
West Bank and Gaza,2004,18.84844713334782
West Bank and Gaza,2005,8.482908416825197
West Bank and Gaza,2006,-3.494302349611317
West Bank and Gaza,2007,1.16982596233521
West Bank and Gaza,2008,4.513711439421826
West Bank and Gaza,2009,5.7345768131615245
West Bank and Gaza,2010,3.065654256254007
West Bank and Gaza,2011,6.867834875025409
West Bank and Gaza,2012,3.5103674636903577
West Bank and Gaza,2013,2.214850479268861
West Bank and Gaza,2014,-2.4710263048180394
West Bank and Gaza,2015,1.372585088323433
West Bank and Gaza,2016,6.446661460945563
West Bank and Gaza,2017,-0.5776228024034822
West Bank and Gaza,2018,-1.3048141919532696
West Bank and Gaza,2019,-1.151613665351363
West Bank and Gaza,2020,-13.496386973047665
West Bank and Gaza,2021,4.414695344913213
West Bank and Gaza,2022,1.5885647138339325
West Bank and Gaza,2023,-6.812919486964844
West Bank and Gaza,2024,-28.270676700666318
World,1961,2.562757558896436
World,1962,3.4810743780348616
World,1963,2.80882129088171
World,1964,4.389947172983426
World,1965,3.434515946264028
World,1966,3.234739196185373
World,1967,1.6285232649102994
World,1968,3.7859965248584473
World,1969,3.7901031552561903
World,1970,1.640637164949183
World,1971,2.003882295549758
World,1972,3.458915962481541
World,1973,4.3490605620037
World,1974,0.0198756518984026
World,1975,-1.2191131680463485
World,1976,3.3072191114672336
World,1977,2.199247747458017
World,1978,2.3019639234070013
World,1979,2.2897987137972398
World,1980,0.0803175623409657
World,1981,0.1156311153831808
World,1982,-1.4334455182224417
World,1983,0.7371425838954764
World,1984,2.873164540363348
World,1985,1.8634032676698524
World,1986,1.4698058543288113
World,1987,1.8737667818479904
World,1988,2.684334305009856
World,1989,1.8657322912945915
World,1990,0.9646712397587152
World,1991,-0.4388460139213208
World,1992,0.431446761741455
World,1993,0.2850384344026224
World,1994,1.8193927637665013
World,1995,1.6242373544812665
World,1996,2.060621826757042
World,1997,2.4549525899577134
World,1998,1.3640354062238345
World,1999,2.142739664040178
World,2000,3.1385624276042137
World,2001,0.6786938675970191
World,2002,0.978015596603072
World,2003,1.7718494062399373
World,2004,3.165639426841693
World,2005,2.7400298081507515
World,2006,3.1563216794256164
World,2007,3.1054785435165684
World,2008,0.8066331844849941
World,2009,-2.5467188914592924
World,2010,3.260057900676088
World,2011,2.08715778909783
World,2012,1.4456735427625205
World,2013,1.6283858453301434
World,2014,1.896446685369952
World,2015,1.8998503065618733
World,2016,1.6029952922815625
World,2017,2.2882682266801737
World,2018,2.16423195881896
World,2019,1.6127914342479244
World,2020,-3.847884230113195
World,2021,5.529767394118295
World,2022,2.5096434833969283
World,2023,1.9973392951708744
World,2024,1.8895637185058831
"Yemen, Rep.",1991,2.29860098445927
"Yemen, Rep.",1992,4.170120141974735
"Yemen, Rep.",1993,0.1635482604307299
"Yemen, Rep.",1994,2.8544255651469825
"Yemen, Rep.",1995,1.9393248745705591
"Yemen, Rep.",1996,1.1712305436192878
"Yemen, Rep.",1997,1.929696327789344
"Yemen, Rep.",1998,2.719046919735163
"Yemen, Rep.",1999,0.5939636948179441
"Yemen, Rep.",2000,2.9640109201048546
"Yemen, Rep.",2001,0.7140600186415185
"Yemen, Rep.",2002,0.8975566937798902
"Yemen, Rep.",2003,0.7432784189005162
"Yemen, Rep.",2004,0.9667670597700776
"Yemen, Rep.",2005,2.372031853019948
"Yemen, Rep.",2006,-0.1293756309867433
"Yemen, Rep.",2007,0.045109908702031
"Yemen, Rep.",2008,0.3709786302551521
"Yemen, Rep.",2009,0.5982101435194664
"Yemen, Rep.",2010,4.373507784158704
"Yemen, Rep.",2011,-15.336687528568802
"Yemen, Rep.",2012,-0.670663085005188
"Yemen, Rep.",2013,1.6791123240989805
"Yemen, Rep.",2014,-3.204717056431889
"Yemen, Rep.",2015,-30.15075509929044
"Yemen, Rep.",2016,-12.055374350504536
"Yemen, Rep.",2017,-7.888612052442824
"Yemen, Rep.",2018,-2.186490192267001
Zambia,1961,-1.7646337968350707
Zambia,1962,-5.511066190239262
Zambia,1963,0.0600764246322
Zambia,1964,8.728433363243056
Zambia,1965,13.011975611392243
Zambia,1966,-8.540854469425113
Zambia,1967,4.510762111642379
Zambia,1968,-1.9704739290840791
Zambia,1969,-3.5568761768644634
Zambia,1970,1.775645546465725
Zambia,1971,-2.803031761373475
Zambia,1972,6.178661503600026
Zambia,1973,-3.771094145668784
Zambia,1974,3.350238936937984
Zambia,1975,-5.154978004447827
Zambia,1976,3.0458947974220507
Zambia,1977,-7.41945461965345
Zambia,1978,-2.443214003497218
Zambia,1979,-5.888479350531881
Zambia,1980,-0.0025333505817286
Zambia,1981,2.965931744407939
Zambia,1982,-5.885519955554187
Zambia,1983,-5.076221025762123
Zambia,1984,-3.357585269771519
Zambia,1985,-1.3887083834908367
Zambia,1986,-2.239057330646005
Zambia,1987,-0.2485880867196357
Zambia,1988,3.402697890366909
Zambia,1989,-3.6028427786294515
Zambia,1990,-2.998427022376873
Zambia,1991,-2.484378622646915
Zambia,1992,-4.074834158401842
Zambia,1993,4.281749824432211
Zambia,1994,-10.781328045884862
Zambia,1995,0.4441034777373573
Zambia,1996,3.643434313007134
Zambia,1997,1.195241999219661
Zambia,1998,-2.9631356772111843
Zambia,1999,1.8824730020709384
Zambia,2000,1.0179397659501888
Zambia,2001,2.179818031965894
Zambia,2002,1.3381949009154963
Zambia,2003,3.6768588762534193
Zambia,2004,3.684948862668477
Zambia,2005,3.752643861546872
Zambia,2006,4.249832176826814
Zambia,2007,4.596715271442193
Zambia,2008,3.9977318513802658
Zambia,2009,5.422723094617084
Zambia,2010,6.545123583806685
Zambia,2011,2.1165082957179067
Zambia,2012,4.164388005093571
Zambia,2013,1.7461805943035813
Zambia,2014,1.4243224094017108
Zambia,2015,-0.2413010670132109
Zambia,2016,0.5939797236337938
Zambia,2017,0.3983777808727211
Zambia,2018,0.9537337347912
Zambia,2019,-1.5189495107358937
Zambia,2020,-5.56773502453288
Zambia,2021,3.2857546110275564
Zambia,2022,2.343364501660375
Zambia,2023,2.464640311009944
Zambia,2024,0.9414725669048636
Zimbabwe,1961,3.042819298503545
Zimbabwe,1962,-1.7055779364952883
Zimbabwe,1963,2.946815040053025
Zimbabwe,1964,-4.176660714095277
Zimbabwe,1965,1.6526089940827688
Zimbabwe,1966,-1.626674562505471
Zimbabwe,1967,5.010085431419896
Zimbabwe,1968,-1.1955037383311833
Zimbabwe,1969,8.922125171471777
Zimbabwe,1970,18.85860115849096
Zimbabwe,1971,5.699654360078313
Zimbabwe,1972,5.051351917588718
Zimbabwe,1973,-0.5872683205565608
Zimbabwe,1974,3.2337668556050403
Zimbabwe,1975,-4.991803170123532
Zimbabwe,1976,-2.546451266169285
Zimbabwe,1977,-9.206070374883694
Zimbabwe,1978,-4.105497231326822
Zimbabwe,1979,1.6812642742828103
Zimbabwe,1980,8.022322550079593
Zimbabwe,1981,5.662645480131559
Zimbabwe,1982,-1.286791812179061
Zimbabwe,1983,-2.201788439863037
Zimbabwe,1984,-5.333377435034365
Zimbabwe,1985,3.308606576339073
Zimbabwe,1986,-1.2627362105335609
Zimbabwe,1987,-2.140094258767561
Zimbabwe,1988,4.20282934553336
Zimbabwe,1989,2.195630423663601
Zimbabwe,1990,4.112775703298951
Zimbabwe,1991,2.818292361845252
Zimbabwe,1992,-11.54789903334283
Zimbabwe,1993,-0.4149337614746997
Zimbabwe,1994,9.10603987351351
Zimbabwe,1995,-0.7678425357773904
Zimbabwe,1996,8.543267105191774
Zimbabwe,1997,0.7707945656655966
Zimbabwe,1998,0.8933967156774116
Zimbabwe,1999,-2.4100752634685847
Zimbabwe,2000,-3.94437178277245
Zimbabwe,2001,0.7629714474038423
Zimbabwe,2002,-9.766448575900997
Zimbabwe,2003,-17.976761175289354
Zimbabwe,2004,-6.824980635110009
Zimbabwe,2005,-6.5988890629487145
Zimbabwe,2006,-4.630375692595294
Zimbabwe,2007,-4.91448916093475
Zimbabwe,2008,-18.654310200768705
Zimbabwe,2009,11.68933181730985
Zimbabwe,2010,17.76012421704158
Zimbabwe,2011,12.187491621401009
Zimbabwe,2012,14.787157685886925
Zimbabwe,2013,0.5636145709528648
Zimbabwe,2014,0.9822740489821484
Zimbabwe,2015,0.4251415392197941
Zimbabwe,2016,-0.6332346133292646
Zimbabwe,2017,3.2340964268935157
Zimbabwe,2018,3.4595456273859924
Zimbabwe,2019,-7.78558358121073
Zimbabwe,2020,-9.333971448705114
Zimbabwe,2021,6.611911086837495
Zimbabwe,2022,4.343667183159639
Zimbabwe,2023,3.598766956213268
Zimbabwe,2024,-0.0530786093100204
