country,country_code,year,inflation_consumer_prices_annual_pct
Afghanistan,AFG,2005,12.6862687216715
Afghanistan,AFG,2006,6.78459655001655
Afghanistan,AFG,2007,8.68057078513405
Afghanistan,AFG,2008,26.4186641547443
Afghanistan,AFG,2009,-6.81116108898995
Afghanistan,AFG,2010,2.17853752389418
Afghanistan,AFG,2011,11.8041858089129
Afghanistan,AFG,2012,6.44121280934117
Afghanistan,AFG,2013,7.38577178397855
Afghanistan,AFG,2014,4.67399603536344
Afghanistan,AFG,2015,-0.661709164713741
Afghanistan,AFG,2016,4.38389195513914
Afghanistan,AFG,2017,4.97595150553832
Afghanistan,AFG,2018,0.626149149168846
Afghanistan,AFG,2019,2.30237251516833
Afghanistan,AFG,2020,5.60188791482224
Afghanistan,AFG,2021,5.13320340824962
Afghanistan,AFG,2022,13.7121023720064
Afghanistan,AFG,2023,-4.64470870797774
Afghanistan,AFG,2024,-6.60118564073725
Africa Eastern and Southern,AFE,1974,19.59839357421482
Africa Eastern and Southern,AFE,1975,15.224098935289074
Africa Eastern and Southern,AFE,1976,11.21648129382936
Africa Eastern and Southern,AFE,1977,14.23805549426815
Africa Eastern and Southern,AFE,1978,12.526892514640055
Africa Eastern and Southern,AFE,1979,15.069849824101496
Africa Eastern and Southern,AFE,1980,15.066511537250854
Africa Eastern and Southern,AFE,1981,14.46159107421063
Africa Eastern and Southern,AFE,1982,12.13991769547337
Africa Eastern and Southern,AFE,1983,11.56752438340691
Africa Eastern and Southern,AFE,1984,10.98386257157737
Africa Eastern and Southern,AFE,1985,13.0065664218827
Africa Eastern and Southern,AFE,1986,13.89197164555653
Africa Eastern and Southern,AFE,1987,12.563443221106915
Africa Eastern and Southern,AFE,1988,12.522258065593096
Africa Eastern and Southern,AFE,1989,12.55820207070122
Africa Eastern and Southern,AFE,1990,12.457913978956595
Africa Eastern and Southern,AFE,1991,17.67810026385227
Africa Eastern and Southern,AFE,1992,16.1676123963339
Africa Eastern and Southern,AFE,1993,13.13566076837237
Africa Eastern and Southern,AFE,1994,14.8528149833969
Africa Eastern and Southern,AFE,1995,12.28859126014257
Africa Eastern and Southern,AFE,1996,9.70658632526499
Africa Eastern and Southern,AFE,1997,10.249598740306638
Africa Eastern and Southern,AFE,1998,7.49525542305607
Africa Eastern and Southern,AFE,1999,7.819864776308623
Africa Eastern and Southern,AFE,2000,8.6014851485149
Africa Eastern and Southern,AFE,2001,5.840353983115572
Africa Eastern and Southern,AFE,2002,8.763755203135426
Africa Eastern and Southern,AFE,2003,7.449700140073658
Africa Eastern and Southern,AFE,2004,5.023420686162853
Africa Eastern and Southern,AFE,2005,8.55803802239778
Africa Eastern and Southern,AFE,2006,8.898163802140328
Africa Eastern and Southern,AFE,2007,8.450774806349992
Africa Eastern and Southern,AFE,2008,12.56664465951561
Africa Eastern and Southern,AFE,2009,8.954218023929492
Africa Eastern and Southern,AFE,2010,5.537537916456762
Africa Eastern and Southern,AFE,2011,8.971206409957876
Africa Eastern and Southern,AFE,2012,9.158708431679049
Africa Eastern and Southern,AFE,2013,5.748831335534543
Africa Eastern and Southern,AFE,2014,5.525819233925173
Africa Eastern and Southern,AFE,2015,5.098561643636867
Africa Eastern and Southern,AFE,2016,6.446877222555841
Africa Eastern and Southern,AFE,2017,6.221375289331178
Africa Eastern and Southern,AFE,2018,4.689806467763299
Africa Eastern and Southern,AFE,2019,4.102850754611558
Africa Eastern and Southern,AFE,2020,5.191629420928505
Africa Eastern and Southern,AFE,2021,6.824727092820669
Africa Eastern and Southern,AFE,2022,10.88347757260175
Africa Eastern and Southern,AFE,2023,7.399185580806266
Africa Eastern and Southern,AFE,2024,4.7708573191583294
Africa Western and Central,AFW,1981,8.79921083308777
Africa Western and Central,AFW,1982,12.0597652081336
Africa Western and Central,AFW,1983,10.67193675889338
Africa Western and Central,AFW,1984,11.2499999999997
Africa Western and Central,AFW,1985,7.3549257759783
Africa Western and Central,AFW,1986,5.95096499946618
Africa Western and Central,AFW,1987,0.2487885553547449
Africa Western and Central,AFW,1988,2.523659305993913
Africa Western and Central,AFW,1989,0.8692870226082834
Africa Western and Central,AFW,1990,1.0573613945720874
Africa Western and Central,AFW,1991,1.741887859326684
Africa Western and Central,AFW,1992,-0.0629990064787034
Africa Western and Central,AFW,1993,0.553455723541917
Africa Western and Central,AFW,1994,31.84101684163854
Africa Western and Central,AFW,1995,10.56328866918136
Africa Western and Central,AFW,1996,4.91423972637201
Africa Western and Central,AFW,1997,3.997141704393023
Africa Western and Central,AFW,1998,4.471125438510986
Africa Western and Central,AFW,1999,0.3722661703119278
Africa Western and Central,AFW,2000,2.53077516737996
Africa Western and Central,AFW,2001,4.36152914007256
Africa Western and Central,AFW,2002,3.188693302205894
Africa Western and Central,AFW,2003,1.76090410099628
Africa Western and Central,AFW,2004,0.6943363059457572
Africa Western and Central,AFW,2005,5.631633513576132
Africa Western and Central,AFW,2006,4.415899841695609
Africa Western and Central,AFW,2007,3.607367679845958
Africa Western and Central,AFW,2008,8.452976233267547
Africa Western and Central,AFW,2009,3.282440375893205
Africa Western and Central,AFW,2010,1.784844204771125
Africa Western and Central,AFW,2011,4.018699075344915
Africa Western and Central,AFW,2012,4.578374635159479
Africa Western and Central,AFW,2013,2.43920076104126
Africa Western and Central,AFW,2014,1.7684358214622329
Africa Western and Central,AFW,2015,2.1308173805879145
Africa Western and Central,AFW,2016,1.487415507555459
Africa Western and Central,AFW,2017,1.7254860237473135
Africa Western and Central,AFW,2018,1.784049948320435
Africa Western and Central,AFW,2019,1.9830922848723176
Africa Western and Central,AFW,2020,2.490377839319489
Africa Western and Central,AFW,2021,3.745567823330088
Africa Western and Central,AFW,2022,7.949251448485672
Africa Western and Central,AFW,2023,5.221168013240019
Africa Western and Central,AFW,2024,3.60804426950566
Albania,ALB,1992,226.005421253525
Albania,ALB,1993,85.0047512387156
Albania,ALB,1994,22.5650526933695
Albania,ALB,1995,7.79321853789214
Albania,ALB,1996,12.7254778087102
Albania,ALB,1997,33.1802743753956
Albania,ALB,1998,20.6428588670596
Albania,ALB,1999,0.389437653561628
Albania,ALB,2000,0.0500181363468103
Albania,ALB,2001,3.10758827031435
Albania,ALB,2002,7.7705258343155
Albania,ALB,2003,0.484002611818502
Albania,ALB,2004,2.28001916938098
Albania,ALB,2005,2.36658195679795
Albania,ALB,2006,2.37072831904284
Albania,ALB,2007,2.93268248162317
Albania,ALB,2008,3.32087090389274
Albania,ALB,2009,2.26692209450826
Albania,ALB,2010,3.62710091517479
Albania,ALB,2011,3.42807130141501
Albania,ALB,2012,2.03159268395296
Albania,ALB,2013,1.93762080205223
Albania,ALB,2014,1.62586504402613
Albania,ALB,2015,1.89617402592356
Albania,ALB,2016,1.27543168367423
Albania,ALB,2017,1.98666133171194
Albania,ALB,2018,2.02805963071134
Albania,ALB,2019,1.41109078954242
Albania,ALB,2020,1.6208866171702
Albania,ALB,2021,2.04147163139544
Albania,ALB,2022,6.72520271530059
Albania,ALB,2023,4.75834555150038
Albania,ALB,2024,2.21587375089991
Algeria,DZA,1970,6.59999999900017
Algeria,DZA,1971,2.62664165105634
Algeria,DZA,1972,3.65630712983235
Algeria,DZA,1973,6.17283950622715
Algeria,DZA,1974,4.69961240341694
Algeria,DZA,1975,8.23031665265143
Algeria,DZA,1976,9.43073540174557
Algeria,DZA,1977,11.989283322105
Algeria,DZA,1978,17.5239234455032
Algeria,DZA,1979,11.3486005086091
Algeria,DZA,1980,9.51782449754963
Algeria,DZA,1981,14.6548426360634
Algeria,DZA,1982,6.54250963007673
Algeria,DZA,1983,5.9671639303272
Algeria,DZA,1984,8.116397955171
Algeria,DZA,1985,10.4822870444467
Algeria,DZA,1986,12.3716091651298
Algeria,DZA,1987,7.44126091287247
Algeria,DZA,1988,5.91154496373488
Algeria,DZA,1989,9.30436125843165
Algeria,DZA,1990,16.6525343885432
Algeria,DZA,1991,25.8863869348513
Algeria,DZA,1992,31.6696619117149
Algeria,DZA,1993,20.5403261235826
Algeria,DZA,1994,29.0476561173071
Algeria,DZA,1995,29.7796264864998
Algeria,DZA,1996,18.6790758601749
Algeria,DZA,1997,5.73352275357186
Algeria,DZA,1998,4.95016163793114
Algeria,DZA,1999,2.64551113392798
Algeria,DZA,2000,0.339163189071768
Algeria,DZA,2001,4.22598834854673
Algeria,DZA,2002,1.4183019234505
Algeria,DZA,2003,4.268953958395
Algeria,DZA,2004,3.96180030257187
Algeria,DZA,2005,1.38244656662118
Algeria,DZA,2006,2.31149918514423
Algeria,DZA,2007,3.67899574741699
Algeria,DZA,2008,4.85859062814938
Algeria,DZA,2009,5.73706036145627
Algeria,DZA,2010,3.91106195534028
Algeria,DZA,2011,4.5242115050527
Algeria,DZA,2012,8.89145091062317
Algeria,DZA,2013,3.25423910998847
Algeria,DZA,2014,2.91692692067458
Algeria,DZA,2015,4.78444700693889
Algeria,DZA,2016,6.39769480268756
Algeria,DZA,2017,5.59111590961663
Algeria,DZA,2018,4.26999020467083
Algeria,DZA,2019,1.95176821052891
Algeria,DZA,2020,2.41513094083413
Algeria,DZA,2021,7.22606307415477
Algeria,DZA,2022,9.26551551551552
Algeria,DZA,2023,9.32217375928322
Algeria,DZA,2024,4.04611455313434
Angola,AGO,1991,83.7837837837837
Angola,AGO,1992,299.509803921568
Angola,AGO,1993,1378.52760736196
Angola,AGO,1994,949.792531120331
Angola,AGO,1995,2666.45059288537
Angola,AGO,1996,4145.10598220637
Angola,AGO,1997,219.176721172974
Angola,AGO,1998,107.284821528298
Angola,AGO,1999,248.195902412868
Angola,AGO,2000,324.99687160132
Angola,AGO,2001,152.561022469298
Angola,AGO,2002,108.897436089429
Angola,AGO,2003,98.2241436573304
Angola,AGO,2004,43.5421067519686
Angola,AGO,2005,22.9535138513939
Angola,AGO,2006,13.3052101780031
Angola,AGO,2007,12.2514974459486
Angola,AGO,2008,12.4758291326397
Angola,AGO,2009,13.7302839288408
Angola,AGO,2010,14.4696564932576
Angola,AGO,2011,13.4824679218511
Angola,AGO,2012,10.2779049218839
Angola,AGO,2013,8.77781429332623
Angola,AGO,2014,7.2803873036112
Angola,AGO,2015,9.35597215533783
Angola,AGO,2016,30.6944150806719
Angola,AGO,2017,29.8444799015679
Angola,AGO,2018,19.628937970152
Angola,AGO,2019,17.080954143438
Angola,AGO,2020,22.2715392470509
Angola,AGO,2021,25.754294884189
Angola,AGO,2022,21.3552901320822
Angola,AGO,2023,13.6441017767714
Angola,AGO,2024,28.2404948915772
Antigua and Barbuda,ATG,1999,1.12128789571146
Antigua and Barbuda,ATG,2000,0.77177979690018
Antigua and Barbuda,ATG,2001,1.40279663573988
Antigua and Barbuda,ATG,2002,2.4076580129349
Antigua and Barbuda,ATG,2003,1.99353055152453
Antigua and Barbuda,ATG,2004,2.03007757853236
Antigua and Barbuda,ATG,2005,2.09875196709308
Antigua and Barbuda,ATG,2006,1.7877853741912
Antigua and Barbuda,ATG,2007,1.4160525940974
Antigua and Barbuda,ATG,2008,5.33380639820233
Antigua and Barbuda,ATG,2009,-0.550159995508913
Antigua and Barbuda,ATG,2010,3.37002540220147
Antigua and Barbuda,ATG,2011,3.4567496723461
Antigua and Barbuda,ATG,2012,3.37688044338874
Antigua and Barbuda,ATG,2013,1.05949782356169
Antigua and Barbuda,ATG,2014,1.08944157435355
Antigua and Barbuda,ATG,2015,0.968993458825638
Antigua and Barbuda,ATG,2016,-0.489437796230498
Antigua and Barbuda,ATG,2017,2.43248789041362
Antigua and Barbuda,ATG,2018,1.20715793367007
Antigua and Barbuda,ATG,2019,1.43135598182983
Antigua and Barbuda,ATG,2020,0.625989707046719
Antigua and Barbuda,ATG,2021,2.06299638545334
Antigua and Barbuda,ATG,2022,7.53107834634288
Antigua and Barbuda,ATG,2023,5.06713865364212
Antigua and Barbuda,ATG,2024,6.19886698842115
Argentina,ARG,2018,34.27722371310032
Argentina,ARG,2019,53.5483043492339
Argentina,ARG,2020,42.01509473765087
Argentina,ARG,2021,48.40937862551991
Argentina,ARG,2022,72.43075753182404
Argentina,ARG,2023,133.4889355941749
Argentina,ARG,2024,219.883929014578
Armenia,ARM,1994,3373.75944336293
Armenia,ARM,1995,175.951325534583
Armenia,ARM,1996,18.681185640036
Armenia,ARM,1997,13.960764121791
Armenia,ARM,1998,8.67248632385157
Armenia,ARM,1999,0.648245760470385
Armenia,ARM,2000,-0.790883768934757
Armenia,ARM,2001,3.1459046468502
Armenia,ARM,2002,1.06004929341666
Armenia,ARM,2003,4.7215533660534
Armenia,ARM,2004,6.96126135875795
Armenia,ARM,2005,0.638928002410097
Armenia,ARM,2006,2.89235662459003
Armenia,ARM,2007,4.40736089644516
Armenia,ARM,2008,8.94995335353387
Armenia,ARM,2009,3.40676682683801
Armenia,ARM,2010,8.17636138473951
Armenia,ARM,2011,7.65000807859294
Armenia,ARM,2012,2.55802007757907
Armenia,ARM,2013,5.7896677854465
Armenia,ARM,2014,2.98130868933672
Armenia,ARM,2015,3.73169119261693
Armenia,ARM,2016,-1.40360755900899
Armenia,ARM,2017,0.969553268816137
Armenia,ARM,2018,2.52023382001637
Armenia,ARM,2019,1.44344660770698
Armenia,ARM,2020,1.21143577838464
Armenia,ARM,2021,7.1848362944337
Armenia,ARM,2022,8.64091108973854
Armenia,ARM,2023,1.98041877615553
Armenia,ARM,2024,0.269511978259125
Aruba,ABW,1985,4.03225805628627
Aruba,ABW,1986,1.07396640826828
Aruba,ABW,1987,3.64304545817705
Aruba,ABW,1988,3.12186849610722
Aruba,ABW,1989,3.99162804604575
Aruba,ABW,1990,5.83668775158165
Aruba,ABW,1991,5.55555555555579
Aruba,ABW,1992,3.87337536996479
Aruba,ABW,1993,5.2155599603571
Aruba,ABW,1994,6.31107971270439
Aruba,ABW,1995,3.36139107320898
Aruba,ABW,1996,3.22528797213979
Aruba,ABW,1997,2.99994809778412
Aruba,ABW,1998,1.8694885361554
Aruba,ABW,1999,2.28037198258753
Aruba,ABW,2000,4.04402131190512
Aruba,ABW,2001,2.88360430316263
Aruba,ABW,2002,3.31524678585423
Aruba,ABW,2003,3.65636507938418
Aruba,ABW,2004,2.52912946932762
Aruba,ABW,2005,3.39778677828805
Aruba,ABW,2006,3.60802438784541
Aruba,ABW,2007,5.39256784475516
Aruba,ABW,2008,8.95598705177784
Aruba,ABW,2009,-2.13542872046937
Aruba,ABW,2010,2.07814071860786
Aruba,ABW,2011,4.31629742195203
Aruba,ABW,2012,0.627471992893372
Aruba,ABW,2013,-2.37206524252261
Aruba,ABW,2014,0.421440918881214
Aruba,ABW,2015,0.474763597342641
Aruba,ABW,2016,-0.93119598707956
Aruba,ABW,2017,-1.02828178762012
Aruba,ABW,2018,3.6260414135296
Aruba,ABW,2019,4.25746204335427
Australia,AUS,1960,3.7288215039735
Australia,AUS,1961,2.28758040719309
Australia,AUS,1962,-0.319488641462281
Australia,AUS,1963,0.641025285901932
Australia,AUS,1964,2.86622669884314
Australia,AUS,1965,3.40558476676981
Australia,AUS,1966,3.2934114693033
Australia,AUS,1967,3.47825912694824
Australia,AUS,1968,2.52100718278494
Australia,AUS,1969,3.27868697620866
Australia,AUS,1970,3.43915186655203
Australia,AUS,1971,6.13810838730341
Australia,AUS,1972,6.02410407984535
Australia,AUS,1973,9.09090432931634
Australia,AUS,1974,15.4166772694776
Australia,AUS,1975,15.1624202011615
Australia,AUS,1976,13.3229029796495
Australia,AUS,1977,12.3098267517375
Australia,AUS,1978,8.00490439376775
Australia,AUS,1979,9.12202056872265
Australia,AUS,1980,10.1358489396034
Australia,AUS,1981,9.48766136649872
Australia,AUS,1982,11.3518321308515
Australia,AUS,1983,10.0389003957519
Australia,AUS,1984,3.96040844503847
Australia,AUS,1985,6.73468599874501
Australia,AUS,1986,9.05035323321654
Australia,AUS,1987,8.53300355802082
Australia,AUS,1988,7.2159571679871
Australia,AUS,1989,7.53389852824955
Australia,AUS,1990,7.33302368375269
Australia,AUS,1991,3.17666872277308
Australia,AUS,1992,1.01222824105977
Australia,AUS,1993,1.75365751770527
Australia,AUS,1994,1.96963507094102
Australia,AUS,1995,4.62776445368168
Australia,AUS,1996,2.61537902431631
Australia,AUS,1997,0.224895027032537
Australia,AUS,1998,0.860129922016289
Australia,AUS,1999,1.48313946657267
Australia,AUS,2000,4.45743705920869
Australia,AUS,2001,4.40712998561533
Australia,AUS,2002,2.98157117047457
Australia,AUS,2003,2.73259754838937
Australia,AUS,2004,2.34325687131265
Australia,AUS,2005,2.69182949622197
Australia,AUS,2006,3.55528696972984
Australia,AUS,2007,2.32761442623159
Australia,AUS,2008,4.35029726664093
Australia,AUS,2009,1.77112025681656
Australia,AUS,2010,2.9183370211222
Australia,AUS,2011,3.30384784681081
Australia,AUS,2012,1.76278299052228
Australia,AUS,2013,2.44988248109259
Australia,AUS,2014,2.48792932080492
Australia,AUS,2015,1.50836803138463
Australia,AUS,2016,1.27699365720306
Australia,AUS,2017,1.94864309065653
Australia,AUS,2018,1.91140002818579
Australia,AUS,2019,1.610770929127
Australia,AUS,2020,0.846900734607273
Australia,AUS,2021,2.86391284709318
Australia,AUS,2022,6.59409658717841
Australia,AUS,2023,5.59701792296707
Australia,AUS,2024,3.16656665428797
Austria,AUT,1960,1.94574935198645
Austria,AUT,1961,3.54223986727562
Austria,AUT,1962,4.38179863851182
Austria,AUT,1963,2.70876699499822
Austria,AUT,1964,3.86856354936629
Austria,AUT,1965,4.93091637676273
Austria,AUT,1966,2.05482059257981
Austria,AUT,1967,3.97467292898837
Austria,AUT,1968,2.76486447339763
Austria,AUT,1969,3.08040419539536
Austria,AUT,1970,4.37282441582134
Austria,AUT,1971,4.70425813828695
Austria,AUT,1972,6.35514612686787
Austria,AUT,1973,7.53107803827119
Austria,AUT,1974,9.52178819742244
Austria,AUT,1975,8.44525863917963
Austria,AUT,1976,7.31868545106923
Austria,AUT,1977,5.49461568127671
Austria,AUT,1978,3.57431857551213
Austria,AUT,1979,3.70740096353414
Austria,AUT,1980,6.32832536226103
Austria,AUT,1981,6.80304177599254
Austria,AUT,1982,5.43603082512851
Austria,AUT,1983,3.33916453409535
Austria,AUT,1984,5.66318573909344
Austria,AUT,1985,3.18951681805194
Austria,AUT,1986,1.70544456731966
Austria,AUT,1987,1.40195271783983
Austria,AUT,1988,1.91571684671249
Austria,AUT,1989,2.56834829029371
Austria,AUT,1990,3.26187231878573
Austria,AUT,1991,3.33742703474791
Austria,AUT,1992,4.02084780038554
Austria,AUT,1993,3.6317852494318
Austria,AUT,1994,2.9534093676108
Austria,AUT,1995,2.24336631500898
Austria,AUT,1996,1.86097115760436
Austria,AUT,1997,1.30597857227691
Austria,AUT,1998,0.922467196680849
Austria,AUT,1999,0.56899376588553
Austria,AUT,2000,2.3448628535728
Austria,AUT,2001,2.65000077279529
Austria,AUT,2002,1.81035787764128
Austria,AUT,2003,1.35555370896445
Austria,AUT,2004,2.06120618032869
Austria,AUT,2005,2.29913785639285
Austria,AUT,2006,1.44154851119016
Austria,AUT,2007,2.16855528800756
Austria,AUT,2008,3.21595033239879
Austria,AUT,2009,0.506308827696504
Austria,AUT,2010,1.81353438995061
Austria,AUT,2011,3.2865791487538
Austria,AUT,2012,2.48567562177014
Austria,AUT,2013,2.00015616900597
Austria,AUT,2014,1.60581182954473
Austria,AUT,2015,0.896563335260319
Austria,AUT,2016,0.891591752655362
Austria,AUT,2017,2.08126911385586
Austria,AUT,2018,1.99837981429548
Austria,AUT,2019,1.53089564152643
Austria,AUT,2020,1.38191063351853
Austria,AUT,2021,2.7666666666667
Austria,AUT,2022,8.54686993188457
Austria,AUT,2023,7.81413417002831
Austria,AUT,2024,2.93791574279375
Azerbaijan,AZE,1992,-10.63009715762
Azerbaijan,AZE,1993,1128.00002429404
Azerbaijan,AZE,1994,1662.21594875899
Azerbaijan,AZE,1995,411.759641777267
Azerbaijan,AZE,1996,19.7948028061898
Azerbaijan,AZE,1997,3.67434809684729
Azerbaijan,AZE,1998,-0.772697886033166
Azerbaijan,AZE,1999,-8.52517000536063
Azerbaijan,AZE,2000,1.80500303704356
Azerbaijan,AZE,2001,1.54719590152279
Azerbaijan,AZE,2002,2.7711647199827
Azerbaijan,AZE,2003,2.23386492967049
Azerbaijan,AZE,2004,6.70893042797784
Azerbaijan,AZE,2005,9.67950731917056
Azerbaijan,AZE,2006,8.32892482863209
Azerbaijan,AZE,2007,16.6997549618244
Azerbaijan,AZE,2008,20.8490871772712
Azerbaijan,AZE,2009,1.45704835970321
Azerbaijan,AZE,2010,5.72687224669605
Azerbaijan,AZE,2011,7.8583333333334
Azerbaijan,AZE,2012,1.06621339720302
Azerbaijan,AZE,2013,2.41571745279419
Azerbaijan,AZE,2014,1.37344181533176
Azerbaijan,AZE,2015,4.02768573742725
Azerbaijan,AZE,2016,12.4433748584372
Azerbaijan,AZE,2017,12.9359184187334
Azerbaijan,AZE,2018,2.26854690373999
Azerbaijan,AZE,2019,2.61057182799215
Azerbaijan,AZE,2020,2.75980947008127
Azerbaijan,AZE,2021,6.65029912708778
Azerbaijan,AZE,2022,13.8522590144267
Azerbaijan,AZE,2023,8.7854304984908
Azerbaijan,AZE,2024,2.21217188919901
"Bahamas, The",BHS,1967,5.43775649904797
"Bahamas, The",BHS,1968,4.54103146287562
"Bahamas, The",BHS,1969,8.93577412289434
"Bahamas, The",BHS,1970,6.15209342130048
"Bahamas, The",BHS,1971,4.61497182668251
"Bahamas, The",BHS,1972,6.83081131902369
"Bahamas, The",BHS,1973,5.48175416169897
"Bahamas, The",BHS,1974,13.0718458387012
"Bahamas, The",BHS,1975,10.359634997305
"Bahamas, The",BHS,1976,4.2558365758381
"Bahamas, The",BHS,1977,3.1898763705574
"Bahamas, The",BHS,1978,6.10907035899873
"Bahamas, The",BHS,1979,9.09139326792413
"Bahamas, The",BHS,1980,12.0978372310682
"Bahamas, The",BHS,1981,11.1144984973891
"Bahamas, The",BHS,1982,6.01262101667497
"Bahamas, The",BHS,1983,3.99999999999994
"Bahamas, The",BHS,1984,3.96634615384615
"Bahamas, The",BHS,1985,4.60500963391135
"Bahamas, The",BHS,1986,5.43378154356233
"Bahamas, The",BHS,1987,5.75646401118135
"Bahamas, The",BHS,1988,4.40241182786763
"Bahamas, The",BHS,1989,5.38765822784806
"Bahamas, The",BHS,1990,4.66931912018676
"Bahamas, The",BHS,1991,7.11468120203627
"Bahamas, The",BHS,1992,5.73819886173447
"Bahamas, The",BHS,1993,2.7228976697059
"Bahamas, The",BHS,1994,1.39933423745548
"Bahamas, The",BHS,1995,2.06699495410041
"Bahamas, The",BHS,1996,1.37913741223666
"Bahamas, The",BHS,1997,0.544150383378687
"Bahamas, The",BHS,1998,1.3366133661337
"Bahamas, The",BHS,1999,1.2542482602363
"Bahamas, The",BHS,2000,1.60632941740578
"Bahamas, The",BHS,2001,2.0449897750512
"Bahamas, The",BHS,2002,2.17357792508093
"Bahamas, The",BHS,2003,3.02504526252236
"Bahamas, The",BHS,2004,0.981914036757662
"Bahamas, The",BHS,2005,1.59160618079802
"Bahamas, The",BHS,2006,2.38982627439254
"Bahamas, The",BHS,2007,2.49257794939396
"Bahamas, The",BHS,2008,4.48955995375059
"Bahamas, The",BHS,2009,2.06273473452681
"Bahamas, The",BHS,2010,1.34402738392835
"Bahamas, The",BHS,2011,3.1987814166032
"Bahamas, The",BHS,2012,1.97336755976254
"Bahamas, The",BHS,2013,0.722414784530551
"Bahamas, The",BHS,2014,1.51375643050831
"Bahamas, The",BHS,2015,1.86148302863371
"Bahamas, The",BHS,2016,-0.346376929989396
"Bahamas, The",BHS,2017,1.51820700736147
"Bahamas, The",BHS,2018,2.26586346678735
"Bahamas, The",BHS,2019,2.49123527368045
"Bahamas, The",BHS,2020,0.0385210980054557
"Bahamas, The",BHS,2021,2.90491262928478
"Bahamas, The",BHS,2022,5.60540633583043
"Bahamas, The",BHS,2023,3.05291578969742
"Bahamas, The",BHS,2024,0.409162489083286
Bahrain,BHR,1966,2.1344717185224
Bahrain,BHR,1967,4.2580982230929
Bahrain,BHR,1968,3.25732899024461
Bahrain,BHR,1969,-0.194127638923919
Bahrain,BHR,1970,1.62898127839351
Bahrain,BHR,1971,5.78947368498404
Bahrain,BHR,1972,5.08819538648814
Bahrain,BHR,1973,14.3318269849978
Bahrain,BHR,1974,24.3929983061798
Bahrain,BHR,1975,16.1597821153706
Bahrain,BHR,1976,22.4957665759639
Bahrain,BHR,1977,17.7311208942372
Bahrain,BHR,1978,15.7855375941986
Bahrain,BHR,1979,2.20599195116766
Bahrain,BHR,1980,3.86952505941502
Bahrain,BHR,1981,11.3445968083975
Bahrain,BHR,1982,8.88571308471458
Bahrain,BHR,1983,2.97239915075072
Bahrain,BHR,1984,0.322399250235326
Bahrain,BHR,1985,-2.6359693029697
Bahrain,BHR,1986,-2.2960932141956
Bahrain,BHR,1987,-1.7450017537706
Bahrain,BHR,1988,0.303435966086577
Bahrain,BHR,1989,1.48589732182571
Bahrain,BHR,1990,0.929335437489092
Bahrain,BHR,1991,0.764419735927608
Bahrain,BHR,1992,-0.172413793103312
Bahrain,BHR,1993,2.53886010362695
Bahrain,BHR,1994,0.816910897759778
Bahrain,BHR,1995,2.70403475064704
Bahrain,BHR,1996,-0.452227382530347
Bahrain,BHR,1997,2.43155133955926
Bahrain,BHR,1998,-0.366533864541774
Bahrain,BHR,1999,-1.28758797184909
Bahrain,BHR,2000,-0.704852953090789
Bahrain,BHR,2001,-1.20757180156659
Bahrain,BHR,2002,-0.495540138751154
Bahrain,BHR,2003,1.59362549800786
Bahrain,BHR,2004,2.35294117647061
Bahrain,BHR,2005,2.58620689655172
Bahrain,BHR,2006,2.00746965452849
Bahrain,BHR,2007,3.25666666666703
Bahrain,BHR,2008,3.52600316363721
Bahrain,BHR,2009,2.79551283550411
Bahrain,BHR,2010,1.96188468334623
Bahrain,BHR,2011,-0.40004069748808
Bahrain,BHR,2012,2.75739669962979
Bahrain,BHR,2013,3.30001156888442
Bahrain,BHR,2014,2.64755321246188
Bahrain,BHR,2015,1.84862742374976
Bahrain,BHR,2016,2.78679347602044
Bahrain,BHR,2017,1.38671830576406
Bahrain,BHR,2018,2.08766938046978
Bahrain,BHR,2019,1.00582004702136
Bahrain,BHR,2020,-2.31770629331378
Bahrain,BHR,2021,-0.60631938514085
Bahrain,BHR,2022,3.62574104304482
Bahrain,BHR,2023,0.0746206782192255
Bahrain,BHR,2024,0.919635459817651
Bangladesh,BGD,1987,9.87469609126632
Bangladesh,BGD,1988,7.41276595744666
Bangladesh,BGD,1989,6.04547975596243
Bangladesh,BGD,1990,6.12671846981457
Bangladesh,BGD,1991,6.35736412278234
Bangladesh,BGD,1992,3.63407691798491
Bangladesh,BGD,1993,3.01481859989798
Bangladesh,BGD,1994,5.31374007936497
Bangladesh,BGD,1995,10.2978117947206
Bangladesh,BGD,1996,2.37712902953223
Bangladesh,BGD,1997,5.30560105668801
Bangladesh,BGD,1998,8.40223795613228
Bangladesh,BGD,1999,6.10669589841958
Bangladesh,BGD,2000,2.20825620937535
Bangladesh,BGD,2001,2.0071737421384
Bangladesh,BGD,2002,3.33256493271912
Bangladesh,BGD,2003,5.66870773441476
Bangladesh,BGD,2004,7.58753638504689
Bangladesh,BGD,2005,7.04661816222038
Bangladesh,BGD,2006,6.76526117054757
Bangladesh,BGD,2007,9.10698496905382
Bangladesh,BGD,2008,8.90194489465153
Bangladesh,BGD,2009,5.42347236174679
Bangladesh,BGD,2010,8.12667639169917
Bangladesh,BGD,2011,11.3951651552399
Bangladesh,BGD,2012,6.21750422069283
Bangladesh,BGD,2013,7.53040640913172
Bangladesh,BGD,2014,6.99163889220848
Bangladesh,BGD,2015,6.19428022984983
Bangladesh,BGD,2016,5.51352572692995
Bangladesh,BGD,2017,5.70207015717238
Bangladesh,BGD,2018,5.54362139486476
Bangladesh,BGD,2019,5.59199639930629
Bangladesh,BGD,2020,5.69107474746211
Bangladesh,BGD,2021,5.54565430773473
Bangladesh,BGD,2022,7.69695437176898
Bangladesh,BGD,2023,9.8835030377921
Bangladesh,BGD,2024,10.4657482763412
Barbados,BRB,1967,3.63487515335755
Barbados,BRB,1968,7.4887431868762
Barbados,BRB,1969,5.83523186605492
Barbados,BRB,1970,7.2842163736852
Barbados,BRB,1971,7.46925566353863
Barbados,BRB,1972,11.8766562275327
Barbados,BRB,1973,16.8550818260213
Barbados,BRB,1974,38.9229280878111
Barbados,BRB,1975,20.2944687625289
Barbados,BRB,1976,4.9867681111318
Barbados,BRB,1977,8.35236969934997
Barbados,BRB,1978,9.48238259101763
Barbados,BRB,1979,13.1698355431799
Barbados,BRB,1980,14.4305197203942
Barbados,BRB,1981,14.5675632146886
Barbados,BRB,1982,10.3324664370561
Barbados,BRB,1983,5.23029878288841
Barbados,BRB,1984,4.68579731185596
Barbados,BRB,1985,3.91510525082796
Barbados,BRB,1986,1.33006845161915
Barbados,BRB,1987,3.31173110743254
Barbados,BRB,1988,4.85885917814047
Barbados,BRB,1989,6.19011406844118
Barbados,BRB,1990,3.07457271078018
Barbados,BRB,1991,6.25752663270023
Barbados,BRB,1992,6.09389302994638
Barbados,BRB,1993,1.11343933604482
Barbados,BRB,1994,0.0772043884602322
Barbados,BRB,1995,1.87886279357232
Barbados,BRB,1996,2.38615222842324
Barbados,BRB,1997,7.71053878969883
Barbados,BRB,1998,-1.26888660701213
Barbados,BRB,1999,1.56006240249605
Barbados,BRB,2000,2.43581303489138
Barbados,BRB,2001,2.57783490431287
Barbados,BRB,2002,0.125249458056019
Barbados,BRB,2003,1.61943319838053
Barbados,BRB,2004,1.39442231075691
Barbados,BRB,2005,6.08218729535043
Barbados,BRB,2006,7.3076626282894
Barbados,BRB,2007,4.03422982885069
Barbados,BRB,2008,8.10810810810779
Barbados,BRB,2009,3.64386189258337
Barbados,BRB,2010,5.82421853311866
Barbados,BRB,2011,9.4322024017722
Barbados,BRB,2012,4.53334753888774
Barbados,BRB,2013,1.81410436049096
Barbados,BRB,2014,1.76950322089728
Barbados,BRB,2015,-1.11278992510958
Barbados,BRB,2016,1.28192813061895
Barbados,BRB,2017,4.66018463955995
Barbados,BRB,2018,3.1060057242059
Barbados,BRB,2019,1.67662473276987
Barbados,BRB,2023,3.18718905472631
Barbados,BRB,2024,1.44643664306159
Belarus,BLR,1993,1190.22923349187
Belarus,BLR,1994,2221.01656992039
Belarus,BLR,1995,709.346032118606
Belarus,BLR,1996,52.7120767531954
Belarus,BLR,1997,63.9373663357478
Belarus,BLR,1998,72.8697170535354
Belarus,BLR,1999,293.678750889772
Belarus,BLR,2000,168.620235850933
Belarus,BLR,2001,61.1349331618476
Belarus,BLR,2002,42.5375481348794
Belarus,BLR,2003,28.3978399133473
Belarus,BLR,2004,18.1082424937646
Belarus,BLR,2005,10.3388794457932
Belarus,BLR,2006,6.99712903535584
Belarus,BLR,2007,8.42675273505309
Belarus,BLR,2008,14.8378764828254
Belarus,BLR,2009,12.9456563410401
Belarus,BLR,2010,7.735748043125
Belarus,BLR,2011,53.2286983118174
Belarus,BLR,2012,59.2197360232518
Belarus,BLR,2013,18.3122610377873
Belarus,BLR,2014,18.1195543526734
Belarus,BLR,2015,13.5344897649734
Belarus,BLR,2016,11.8365807653496
Belarus,BLR,2017,6.03183725177785
Belarus,BLR,2018,4.87230220550689
Belarus,BLR,2019,5.59815595039853
Belarus,BLR,2020,5.5481435745651
Belarus,BLR,2021,9.46028389623105
Belarus,BLR,2022,15.2096752740809
Belarus,BLR,2023,5.00059903091312
Belarus,BLR,2024,5.78531910427998
Belgium,BEL,1960,0.299467254769694
Belgium,BEL,1961,0.992676260767274
Belgium,BEL,1962,1.40460703543514
Belgium,BEL,1963,2.14800341332196
Belgium,BEL,1964,4.16876058564364
Belgium,BEL,1965,4.06520137474655
Belgium,BEL,1966,4.17434761853
Belgium,BEL,1967,2.73030268590901
Belgium,BEL,1968,2.70144982931354
Belgium,BEL,1969,3.75399229053284
Belgium,BEL,1970,3.90847238471904
Belgium,BEL,1971,4.34362854612101
Belgium,BEL,1972,5.44843128438075
Belgium,BEL,1973,6.95528008719914
Belgium,BEL,1974,12.6778877513451
Belgium,BEL,1975,12.7681985920515
Belgium,BEL,1976,9.06860981054961
Belgium,BEL,1977,7.09600059132598
Belgium,BEL,1978,4.47059331592944
Belgium,BEL,1979,4.46908394900486
Belgium,BEL,1980,6.64868829655352
Belgium,BEL,1981,7.62748656814271
Belgium,BEL,1982,8.72654906555471
Belgium,BEL,1983,7.66160983743882
Belgium,BEL,1984,6.34177491009127
Belgium,BEL,1985,4.8687339949694
Belgium,BEL,1986,1.2943681910248
Belgium,BEL,1987,1.55338261314945
Belgium,BEL,1988,1.16093493415331
Belgium,BEL,1989,3.10705065111093
Belgium,BEL,1990,3.44831217961807
Belgium,BEL,1991,3.21531069260809
Belgium,BEL,1992,2.42795567164615
Belgium,BEL,1993,2.75442643473462
Belgium,BEL,1994,2.377540844764
Belgium,BEL,1995,1.46796699090271
Belgium,BEL,1996,2.07702107350675
Belgium,BEL,1997,1.62816049512954
Belgium,BEL,1998,0.94925028835061
Belgium,BEL,1999,1.12084823417847
Belgium,BEL,2000,2.544517761909
Belgium,BEL,2001,2.46925823086082
Belgium,BEL,2002,1.6452143617536
Belgium,BEL,2003,1.58896399970371
Belgium,BEL,2004,2.09728311239315
Belgium,BEL,2005,2.78143263670029
Belgium,BEL,2006,1.79120770070453
Belgium,BEL,2007,1.82305630026809
Belgium,BEL,2008,4.48944420508404
Belgium,BEL,2009,-0.0531456741254176
Belgium,BEL,2010,2.18929920422458
Belgium,BEL,2011,3.5320821072274
Belgium,BEL,2012,2.83966343445899
Belgium,BEL,2013,1.11309594027539
Belgium,BEL,2014,0.340002833356921
Belgium,BEL,2015,0.561429152790157
Belgium,BEL,2016,1.97385264653162
Belgium,BEL,2017,2.12597086002616
Belgium,BEL,2018,2.05316499865177
Belgium,BEL,2019,1.43681956996438
Belgium,BEL,2020,0.740791812220343
Belgium,BEL,2021,2.44024851144084
Belgium,BEL,2022,9.597511728725
Belgium,BEL,2023,4.04901077613941
Belgium,BEL,2024,3.14349136500041
Belize,BLZ,1981,11.2244897960225
Belize,BLZ,1982,6.83903252716288
Belize,BLZ,1983,4.99609679980487
Belize,BLZ,1984,3.38289962863707
Belize,BLZ,1985,6.23716611805549
Belize,BLZ,1986,0.799771493858952
Belize,BLZ,1987,2.01190138849529
Belize,BLZ,1988,3.13888888888894
Belize,BLZ,1989,2.12765957446807
Belize,BLZ,1990,3.05907172995785
Belize,BLZ,1991,0.761951500806879
Belize,BLZ,1992,2.39670073025188
Belize,BLZ,1993,1.47259694693679
Belize,BLZ,1994,2.56934304644295
Belize,BLZ,1995,2.88961584372151
Belize,BLZ,1996,5.96502097537242
Belize,BLZ,1997,1.14903756760539
Belize,BLZ,1998,2.1952625003759
Belize,BLZ,1999,2.62139524582746
Belize,BLZ,2000,3.06743966930585
Belize,BLZ,2001,3.65141786561502
Belize,BLZ,2002,4.24026660688645
Belize,BLZ,2003,2.31808274663101
Belize,BLZ,2004,6.39443099742398
Belize,BLZ,2005,-1.10431044411909
Belize,BLZ,2006,-7.11376771265013
Belize,BLZ,2007,2.3180827464202
Belize,BLZ,2008,6.39443100250033
Belize,BLZ,2009,-1.10431044864355
Belize,BLZ,2010,0.917977378808887
Belize,BLZ,2011,1.602056156402
Belize,BLZ,2012,1.30058074547858
Belize,BLZ,2013,0.50974776898322
Belize,BLZ,2014,1.20139964481057
Belize,BLZ,2015,-0.861584009427747
Belize,BLZ,2016,0.663427167917601
Belize,BLZ,2017,1.14765339305816
Belize,BLZ,2018,0.269982622646335
Belize,BLZ,2019,0.187069385181424
Belize,BLZ,2020,0.121434644614893
Belize,BLZ,2021,3.2356365923707
Belize,BLZ,2022,6.27689319447543
Belize,BLZ,2023,4.38984017487674
Belize,BLZ,2024,3.28955985952768
Benin,BEN,1993,0.440599214931793
Benin,BEN,1994,38.5308661668537
Benin,BEN,1995,14.4625482180894
Benin,BEN,1996,4.91423972637201
Benin,BEN,1997,3.46629590564776
Benin,BEN,1998,5.75331458417064
Benin,BEN,1999,0.326722893396866
Benin,BEN,2000,4.16540442290282
Benin,BEN,2001,3.98429547767893
Benin,BEN,2002,2.48916235491541
Benin,BEN,2003,1.48724246145441
Benin,BEN,2004,0.873890830868499
Benin,BEN,2005,5.36452085832342
Benin,BEN,2006,3.78217696540374
Benin,BEN,2007,1.29806813334152
Benin,BEN,2008,7.94729876067854
Benin,BEN,2009,0.896072355749069
Benin,BEN,2010,2.20783532536523
Benin,BEN,2011,2.7042390774728
Benin,BEN,2012,6.74468253340712
Benin,BEN,2013,0.428888888888883
Benin,BEN,2014,-0.54875755094818
Benin,BEN,2015,0.218785923536245
Benin,BEN,2016,-0.793310145785624
Benin,BEN,2017,0.0432648555103608
Benin,BEN,2018,0.919170717886053
Benin,BEN,2019,0.732849371241066
Benin,BEN,2020,3.02272119663759
Benin,BEN,2021,1.73353962694035
Benin,BEN,2022,1.35077863583527
Benin,BEN,2023,2.73870078406074
Benin,BEN,2024,1.16093089640415
Bhutan,BTN,1981,9.97237569060773
Bhutan,BTN,1982,9.84677216779703
Bhutan,BTN,1983,18.0577787941154
Bhutan,BTN,1984,7.03770661157024
Bhutan,BTN,1985,1.88201230546507
Bhutan,BTN,1986,9.96447602131438
Bhutan,BTN,1987,6.33177192699079
Bhutan,BTN,1988,10.0967137576586
Bhutan,BTN,1989,8.7798371889804
Bhutan,BTN,1990,10.0118383223406
Bhutan,BTN,1991,12.2751729438892
Bhutan,BTN,1992,15.9752173615389
Bhutan,BTN,1993,11.1980165874679
Bhutan,BTN,1994,7.0099535500995
Bhutan,BTN,1995,9.48754836789369
Bhutan,BTN,1996,8.79001381935162
Bhutan,BTN,1997,6.50548718269086
Bhutan,BTN,1998,10.5855899892463
Bhutan,BTN,1999,6.77699393553632
Bhutan,BTN,2000,4.01212081070342
Bhutan,BTN,2001,3.41478946111594
Bhutan,BTN,2002,2.45535714285714
Bhutan,BTN,2003,2.57230861693339
Bhutan,BTN,2004,4.10593698272957
Bhutan,BTN,2005,5.3126310463775
Bhutan,BTN,2006,5.0004543802254
Bhutan,BTN,2007,5.15611138758462
Bhutan,BTN,2008,8.32716049382712
Bhutan,BTN,2009,4.36112219119804
Bhutan,BTN,2010,7.03638316073018
Bhutan,BTN,2011,8.848985699468
Bhutan,BTN,2012,10.919656944683
Bhutan,BTN,2013,8.77638345268212
Bhutan,BTN,2014,8.27106093949327
Bhutan,BTN,2015,4.54814395082205
Bhutan,BTN,2016,3.21988689395717
Bhutan,BTN,2017,4.95508366985129
Bhutan,BTN,2018,2.72396386183713
Bhutan,BTN,2019,2.72643037388832
Bhutan,BTN,2020,5.62936522632507
Bhutan,BTN,2021,7.3468144053353
Bhutan,BTN,2022,5.6391667139637
Bhutan,BTN,2023,4.22934419929251
Bhutan,BTN,2024,2.76131569624097
Bolivia,BOL,1960,11.5331525756195
Bolivia,BOL,1961,7.56149307183899
Bolivia,BOL,1962,5.87933142225296
Bolivia,BOL,1963,-0.706357214552388
Bolivia,BOL,1964,10.181818181818
Bolivia,BOL,1965,2.86028602860271
Bolivia,BOL,1966,6.95187165775404
Bolivia,BOL,1967,11.1999999990001
Bolivia,BOL,1968,5.47062350162298
Bolivia,BOL,1969,2.20974847251324
Bolivia,BOL,1970,3.95550921099769
Bolivia,BOL,1971,3.67461430575032
Bolivia,BOL,1972,6.51154401154369
Bolivia,BOL,1973,31.4860287891617
Bolivia,BOL,1974,62.8360756029238
Bolivia,BOL,1975,7.97674602546865
Bolivia,BOL,1976,4.49401164707216
Bolivia,BOL,1977,8.10725552050414
Bolivia,BOL,1978,10.3556722757191
Bolivia,BOL,1979,19.7197167787998
Bolivia,BOL,1980,47.2416501018426
Bolivia,BOL,1981,32.1336011133424
Bolivia,BOL,1982,123.535718565329
Bolivia,BOL,1983,275.586283560361
Bolivia,BOL,1984,1281.34994174485
Bolivia,BOL,1985,11749.6396321438
Bolivia,BOL,1986,276.335967563201
Bolivia,BOL,1987,14.5786984489191
Bolivia,BOL,1988,16.002091054939
Bolivia,BOL,1989,15.1734681125731
Bolivia,BOL,1990,17.1187746048239
Bolivia,BOL,1991,21.447069817114
Bolivia,BOL,1992,12.0603236018289
Bolivia,BOL,1993,8.52787695688002
Bolivia,BOL,1994,7.87404421467434
Bolivia,BOL,1995,10.1932067630745
Bolivia,BOL,1996,12.4254866180049
Bolivia,BOL,1997,4.70844436028192
Bolivia,BOL,1998,7.67322895675083
Bolivia,BOL,1999,2.15951626835597
Bolivia,BOL,2000,4.60822998872598
Bolivia,BOL,2001,1.58965377879567
Bolivia,BOL,2002,0.928258851611069
Bolivia,BOL,2003,3.33727499671533
Bolivia,BOL,2004,4.43738080101724
Bolivia,BOL,2005,5.39323106890663
Bolivia,BOL,2006,4.28239604802561
Bolivia,BOL,2007,8.70560923578869
Bolivia,BOL,2008,14.0068107702519
Bolivia,BOL,2009,3.34645420142013
Bolivia,BOL,2010,2.5032760584424
Bolivia,BOL,2011,9.88446419823883
Bolivia,BOL,2012,4.51560291399375
Bolivia,BOL,2013,5.73640023719606
Bolivia,BOL,2014,5.76660074579143
Bolivia,BOL,2015,4.05961041135644
Bolivia,BOL,2016,3.62321431764138
Bolivia,BOL,2017,2.8227580554717
Bolivia,BOL,2018,2.27205987230154
Bolivia,BOL,2019,1.83954504969025
Bolivia,BOL,2020,0.940742153381849
Bolivia,BOL,2021,0.737383721452274
Bolivia,BOL,2022,1.74632872945968
Bolivia,BOL,2023,2.57688800489192
Bolivia,BOL,2024,5.09976568317427
Bosnia and Herzegovina,BIH,2006,6.12556615620284
Bosnia and Herzegovina,BIH,2007,1.50077710611541
Bosnia and Herzegovina,BIH,2008,7.42704310332952
Bosnia and Herzegovina,BIH,2009,-0.381464282453056
Bosnia and Herzegovina,BIH,2010,1.99621236745886
Bosnia and Herzegovina,BIH,2011,3.67125
Bosnia and Herzegovina,BIH,2012,2.05267452001717
Bosnia and Herzegovina,BIH,2013,-0.0930456838317588
Bosnia and Herzegovina,BIH,2014,-0.897194054194333
Bosnia and Herzegovina,BIH,2015,-1.03602303425474
Bosnia and Herzegovina,BIH,2016,-1.58410000000001
Bosnia and Herzegovina,BIH,2017,0.810133321953038
Bosnia and Herzegovina,BIH,2018,1.41710814018033
Bosnia and Herzegovina,BIH,2019,0.56278215406123
Bosnia and Herzegovina,BIH,2020,-1.05129600763489
Bosnia and Herzegovina,BIH,2021,1.98163900587622
Bosnia and Herzegovina,BIH,2022,14.0208440826771
Bosnia and Herzegovina,BIH,2023,6.1059011284828
Bosnia and Herzegovina,BIH,2024,1.69212733599723
Botswana,BWA,1975,11.9747550240953
Botswana,BWA,1976,11.7324236136419
Botswana,BWA,1977,13.1687242801078
Botswana,BWA,1978,9.04398827010361
Botswana,BWA,1979,11.7362306367885
Botswana,BWA,1980,13.6324251470894
Botswana,BWA,1981,16.4280267725711
Botswana,BWA,1982,11.1372064274689
Botswana,BWA,1983,10.4771438105237
Botswana,BWA,1984,8.57746904251905
Botswana,BWA,1985,8.0945757997594
Botswana,BWA,1986,10.0017155606022
Botswana,BWA,1987,9.80193387398674
Botswana,BWA,1988,8.35167956821219
Botswana,BWA,1989,11.5750147473285
Botswana,BWA,1990,11.3963461199555
Botswana,BWA,1991,11.7650160839534
Botswana,BWA,1992,16.1676123963339
Botswana,BWA,1993,14.3308033365887
Botswana,BWA,1994,10.5429209938218
Botswana,BWA,1995,10.512546081579
Botswana,BWA,1996,10.0828580652107
Botswana,BWA,1997,8.71993127147746
Botswana,BWA,1998,6.66139865665752
Botswana,BWA,1999,7.74929619202848
Botswana,BWA,2000,8.6014851485149
Botswana,BWA,2001,6.55903767014861
Botswana,BWA,2002,8.03279662527485
Botswana,BWA,2003,9.18990265632739
Botswana,BWA,2004,6.94570363654674
Botswana,BWA,2005,8.61022528546439
Botswana,BWA,2006,11.5552187914379
Botswana,BWA,2007,7.08099847172692
Botswana,BWA,2008,12.7021883920075
Botswana,BWA,2009,8.02729703109581
Botswana,BWA,2010,6.94887658743103
Botswana,BWA,2011,8.45987233408583
Botswana,BWA,2012,7.53690261091916
Botswana,BWA,2013,5.88460707056816
Botswana,BWA,2014,4.40225309243427
Botswana,BWA,2015,3.06203169580557
Botswana,BWA,2016,2.81495791361943
Botswana,BWA,2017,3.30828076768219
Botswana,BWA,2018,3.23801558947715
Botswana,BWA,2019,2.7728644286332
Botswana,BWA,2020,1.8903591682421
Botswana,BWA,2021,7.24097765588442
Botswana,BWA,2022,11.665567478802
Botswana,BWA,2023,5.06761549343829
Botswana,BWA,2024,2.81835131676251
Brazil,BRA,1981,101.725072957927
Brazil,BRA,1982,100.543359194849
Brazil,BRA,1983,135.027682230472
Brazil,BRA,1984,192.12173313205
Brazil,BRA,1985,225.989665211895
Brazil,BRA,1986,147.142826237604
Brazil,BRA,1987,228.336162575512
Brazil,BRA,1988,629.114509120897
Brazil,BRA,1989,1430.7237251472
Brazil,BRA,1990,2947.73277248299
Brazil,BRA,1991,432.786661926461
Brazil,BRA,1992,951.962053052817
Brazil,BRA,1993,1927.38079016026
Brazil,BRA,1994,2075.88839757325
Brazil,BRA,1995,66.0070335542481
Brazil,BRA,1996,15.7576656002606
Brazil,BRA,1997,6.92671251629154
Brazil,BRA,1998,3.19507629280051
Brazil,BRA,1999,4.85844749902666
Brazil,BRA,2000,7.04414105947265
Brazil,BRA,2001,6.84035902487523
Brazil,BRA,2002,8.45016437708331
Brazil,BRA,2003,14.7149197228147
Brazil,BRA,2004,6.59718509985963
Brazil,BRA,2005,6.86953720898964
Brazil,BRA,2006,4.18356812896909
Brazil,BRA,2007,3.64127299102652
Brazil,BRA,2008,5.67859390284168
Brazil,BRA,2009,4.88803479876798
Brazil,BRA,2010,5.03872690108074
Brazil,BRA,2011,6.6364496221309
Brazil,BRA,2012,5.40349914036997
Brazil,BRA,2013,6.204310666401
Brazil,BRA,2014,6.32904015516138
Brazil,BRA,2015,9.02990102416136
Brazil,BRA,2016,8.73914352329393
Brazil,BRA,2017,3.44637335032669
Brazil,BRA,2018,3.66485028376728
Brazil,BRA,2019,3.73297621216893
Brazil,BRA,2020,3.21176803803376
Brazil,BRA,2021,8.30165975585673
Brazil,BRA,2022,9.28010608956872
Brazil,BRA,2023,4.59356282283203
Brazil,BRA,2024,4.36746407652336
Brunei Darussalam,BRN,1981,9.13705583756338
Brunei Darussalam,BRN,1982,6.35658914728687
Brunei Darussalam,BRN,1983,1.16618075801749
Brunei Darussalam,BRN,1984,3.07396733909727
Brunei Darussalam,BRN,1985,2.35321528424927
Brunei Darussalam,BRN,1986,1.78124288641064
Brunei Darussalam,BRN,1987,1.24685490634579
Brunei Darussalam,BRN,1988,1.19284294234596
Brunei Darussalam,BRN,1989,1.30430037109822
Brunei Darussalam,BRN,1990,2.13866293163795
Brunei Darussalam,BRN,1991,1.6
Brunei Darussalam,BRN,1992,1.27952755905514
Brunei Darussalam,BRN,1993,4.25170068027212
Brunei Darussalam,BRN,1994,2.46251844946789
Brunei Darussalam,BRN,1995,5.96664139499612
Brunei Darussalam,BRN,1996,1.99613650998077
Brunei Darussalam,BRN,1997,1.71156004489335
Brunei Darussalam,BRN,1998,-0.441379310344899
Brunei Darussalam,BRN,1999,-0.415627597672453
Brunei Darussalam,BRN,2000,1.55815247634945
Brunei Darussalam,BRN,2001,0.595890410958989
Brunei Darussalam,BRN,2002,-2.3149724245932
Brunei Darussalam,BRN,2003,0.299999999999967
Brunei Darussalam,BRN,2004,0.814223994682612
Brunei Darussalam,BRN,2005,1.24443711883965
Brunei Darussalam,BRN,2006,0.15988807834512
Brunei Darussalam,BRN,2007,0.967774119525101
Brunei Darussalam,BRN,2008,2.08498023715415
Brunei Darussalam,BRN,2009,1.03571774271613
Brunei Darussalam,BRN,2010,0.35686913201756
Brunei Darussalam,BRN,2011,0.13791156316954
Brunei Darussalam,BRN,2012,0.111766261400306
Brunei Darussalam,BRN,2013,0.389205053123632
Brunei Darussalam,BRN,2014,-0.207108731719822
Brunei Darussalam,BRN,2015,-0.488347420743522
Brunei Darussalam,BRN,2016,-0.278693265753083
Brunei Darussalam,BRN,2017,-1.2605056462896
Brunei Darussalam,BRN,2018,1.02505179290212
Brunei Darussalam,BRN,2019,-0.390522069165529
Brunei Darussalam,BRN,2020,1.94031996607183
Brunei Darussalam,BRN,2021,1.73341388450593
Brunei Darussalam,BRN,2022,3.68225030604215
Brunei Darussalam,BRN,2023,0.35706431153689
Brunei Darussalam,BRN,2024,-0.38867416503646
Bulgaria,BGR,1986,2.69999999999986
Bulgaria,BGR,1987,2.72638753651417
Bulgaria,BGR,1988,2.36966824644544
Bulgaria,BGR,1989,6.38888888888882
Bulgaria,BGR,1990,23.8000000000002
Bulgaria,BGR,1991,338.449111470111
Bulgaria,BGR,1992,91.2979327269303
Bulgaria,BGR,1993,72.8787913866333
Bulgaria,BGR,1994,96.0573382686505
Bulgaria,BGR,1995,62.0548336837992
Bulgaria,BGR,1996,121.60754244925
Bulgaria,BGR,1997,1058.37355921973
Bulgaria,BGR,1998,18.672204442064
Bulgaria,BGR,1999,2.57304281890212
Bulgaria,BGR,2000,10.3162621289989
Bulgaria,BGR,2001,7.3609392723184
Bulgaria,BGR,2002,5.81014365721825
Bulgaria,BGR,2003,2.34864169582757
Bulgaria,BGR,2004,6.14713074246266
Bulgaria,BGR,2005,5.0388380711191
Bulgaria,BGR,2006,7.26159462769946
Bulgaria,BGR,2007,8.40253419005893
Bulgaria,BGR,2008,12.348719599402
Bulgaria,BGR,2009,2.75320223914819
Bulgaria,BGR,2010,2.43899060504117
Bulgaria,BGR,2011,4.21990346601872
Bulgaria,BGR,2012,2.95456829831012
Bulgaria,BGR,2013,0.890093540913096
Bulgaria,BGR,2014,-1.41818380264839
Bulgaria,BGR,2015,-0.104633261008479
Bulgaria,BGR,2016,-0.798649886453617
Bulgaria,BGR,2017,2.06159619443141
Bulgaria,BGR,2018,2.81454473824838
Bulgaria,BGR,2019,3.10372944796771
Bulgaria,BGR,2020,1.67244096855756
Bulgaria,BGR,2021,3.29774435299506
Bulgaria,BGR,2022,15.3252589264367
Bulgaria,BGR,2023,9.44284140088564
Bulgaria,BGR,2024,2.44651943006078
Burkina Faso,BFA,1960,7.78816199376883
Burkina Faso,BFA,1961,18.5621387281078
Burkina Faso,BFA,1962,1.67590956140175
Burkina Faso,BFA,1963,5.57420282915088
Burkina Faso,BFA,1964,1.84512319774996
Burkina Faso,BFA,1965,-0.730252522661333
Burkina Faso,BFA,1966,2.36410601983339
Burkina Faso,BFA,1967,-4.33375390856905
Burkina Faso,BFA,1968,-0.28671368777001
Burkina Faso,BFA,1969,9.65552935762117
Burkina Faso,BFA,1970,1.77260331451337
Burkina Faso,BFA,1971,2.06121817995228
Burkina Faso,BFA,1972,-2.92335655867951
Burkina Faso,BFA,1973,7.60389036254297
Burkina Faso,BFA,1974,8.71960945428422
Burkina Faso,BFA,1975,18.7569466058634
Burkina Faso,BFA,1976,-8.40071877820545
Burkina Faso,BFA,1977,29.9861042997141
Burkina Faso,BFA,1978,8.26914007214046
Burkina Faso,BFA,1979,14.9934659503595
Burkina Faso,BFA,1980,12.2026364968298
Burkina Faso,BFA,1981,7.55570560440938
Burkina Faso,BFA,1982,12.0597652081336
Burkina Faso,BFA,1983,8.15376277420426
Burkina Faso,BFA,1984,4.84695768186084
Burkina Faso,BFA,1985,6.90605782140466
Burkina Faso,BFA,1986,-2.61174292476783
Burkina Faso,BFA,1987,-2.68178423511595
Burkina Faso,BFA,1988,4.25561601785941
Burkina Faso,BFA,1989,-0.481798715203333
Burkina Faso,BFA,1990,-0.504303388918912
Burkina Faso,BFA,1991,2.16260052713423
Burkina Faso,BFA,1992,-1.99113580736894
Burkina Faso,BFA,1993,0.553455723541917
Burkina Faso,BFA,1994,25.1778762249962
Burkina Faso,BFA,1995,7.45884497828324
Burkina Faso,BFA,1996,6.09780439121741
Burkina Faso,BFA,1997,2.31869062176683
Burkina Faso,BFA,1998,5.08433344145324
Burkina Faso,BFA,1999,-1.07261362759533
Burkina Faso,BFA,2000,-0.304212168486802
Burkina Faso,BFA,2001,5.00743290822373
Burkina Faso,BFA,2002,2.17569480664608
Burkina Faso,BFA,2003,2.03456574053815
Burkina Faso,BFA,2004,-0.400228702115451
Burkina Faso,BFA,2005,6.41504018369684
Burkina Faso,BFA,2006,2.33310856372219
Burkina Faso,BFA,2007,-0.230627306273049
Burkina Faso,BFA,2008,10.6597978997424
Burkina Faso,BFA,2009,2.60817666368314
Burkina Faso,BFA,2010,-0.764230734676768
Burkina Faso,BFA,2011,2.75976724854534
Burkina Faso,BFA,2012,3.8181524025238
Burkina Faso,BFA,2013,0.533738507090536
Burkina Faso,BFA,2014,-0.258089517535291
Burkina Faso,BFA,2015,0.724838981070516
Burkina Faso,BFA,2016,0.441041448058809
Burkina Faso,BFA,2017,1.48299897161325
Burkina Faso,BFA,2018,1.95594302672532
Burkina Faso,BFA,2019,-3.23338933983321
Burkina Faso,BFA,2020,1.88470066518847
Burkina Faso,BFA,2021,3.65326761825508
Burkina Faso,BFA,2022,14.2902354303358
Burkina Faso,BFA,2023,0.742910428668917
Burkina Faso,BFA,2024,4.19081721344523
Burundi,BDI,1966,4.43686006769088
Burundi,BDI,1967,-1.08932461874253
Burundi,BDI,1968,6.05726872222518
Burundi,BDI,1969,4.02388369733122
Burundi,BDI,1970,-0.199650611430225
Burundi,BDI,1971,3.85096274044454
Burundi,BDI,1972,3.82855766917333
Burundi,BDI,1973,6.00649350675306
Burundi,BDI,1974,15.7223072990937
Burundi,BDI,1975,15.7098745988232
Burundi,BDI,1976,6.85655157364538
Burundi,BDI,1977,6.83451404136488
Burundi,BDI,1978,23.8956206469302
Burundi,BDI,1979,36.5407569980925
Burundi,BDI,1980,2.49851950030166
Burundi,BDI,1981,12.1673943487938
Burundi,BDI,1982,5.86809635722661
Burundi,BDI,1983,8.15123135622631
Burundi,BDI,1984,14.3168697883258
Burundi,BDI,1985,3.80428683649424
Burundi,BDI,1986,1.67567567567546
Burundi,BDI,1987,7.11323763955336
Burundi,BDI,1988,4.48679769704176
Burundi,BDI,1989,11.6615998479958
Burundi,BDI,1990,7.00216956651121
Burundi,BDI,1991,8.9969387349433
Burundi,BDI,1992,1.82333333333307
Burundi,BDI,1993,9.67934658067928
Burundi,BDI,1994,14.8528149833969
Burundi,BDI,1995,19.2632536382537
Burundi,BDI,1996,26.4367816091951
Burundi,BDI,1997,31.1115898319694
Burundi,BDI,1998,12.5004107653378
Burundi,BDI,1999,3.38542427340454
Burundi,BDI,2000,24.4320242102151
Burundi,BDI,2001,9.29618771341888
Burundi,BDI,2002,-1.36568005328059
Burundi,BDI,2003,10.6474645658305
Burundi,BDI,2004,8.17642937482053
Burundi,BDI,2005,13.2520699188223
Burundi,BDI,2006,2.7454200021424
Burundi,BDI,2007,8.41206285772543
Burundi,BDI,2008,24.4069510353913
Burundi,BDI,2009,10.5554355299529
Burundi,BDI,2010,6.49326591473993
Burundi,BDI,2011,9.5921660597967
Burundi,BDI,2012,18.161045306545
Burundi,BDI,2013,7.93795807492417
Burundi,BDI,2014,4.40535234185293
Burundi,BDI,2015,5.54468891259779
Burundi,BDI,2016,5.55768961400965
Burundi,BDI,2017,16.0525353030391
Burundi,BDI,2018,-2.81469807668465
Burundi,BDI,2019,-0.686772170797358
Burundi,BDI,2020,7.3211064341552
Burundi,BDI,2021,8.4045384507634
Burundi,BDI,2022,18.8008786664944
Burundi,BDI,2023,26.9414835762453
Burundi,BDI,2024,20.2124925027847
Cabo Verde,CPV,1984,11.2499999999997
Cabo Verde,CPV,1985,5.39325842696638
Cabo Verde,CPV,1986,10.8742004264391
Cabo Verde,CPV,1987,3.84615384615408
Cabo Verde,CPV,1988,4.07407407407384
Cabo Verde,CPV,1989,4.55516014234884
Cabo Verde,CPV,1990,10.6535057862491
Cabo Verde,CPV,1991,9.5509074131036
Cabo Verde,CPV,1992,3.1166643268286
Cabo Verde,CPV,1993,5.78839590443697
Cabo Verde,CPV,1994,3.45205833010708
Cabo Verde,CPV,1995,8.35152497972927
Cabo Verde,CPV,1996,5.96361961777575
Cabo Verde,CPV,1997,8.55606258148633
Cabo Verde,CPV,1998,4.39423509983477
Cabo Verde,CPV,1999,4.35643374510452
Cabo Verde,CPV,2000,-2.47745668519835
Cabo Verde,CPV,2001,3.34996472317894
Cabo Verde,CPV,2002,1.88453410076764
Cabo Verde,CPV,2003,1.18817038620528
Cabo Verde,CPV,2004,-1.8908217230618
Cabo Verde,CPV,2005,0.41889161285517
Cabo Verde,CPV,2006,5.36907687065548
Cabo Verde,CPV,2007,4.41099704193488
Cabo Verde,CPV,2008,6.77443546371142
Cabo Verde,CPV,2009,0.991103480568084
Cabo Verde,CPV,2010,2.07866470906423
Cabo Verde,CPV,2011,4.47388342165023
Cabo Verde,CPV,2012,2.54039644167108
Cabo Verde,CPV,2013,1.50654285701407
Cabo Verde,CPV,2014,-0.238778144990623
Cabo Verde,CPV,2015,0.131187999024544
Cabo Verde,CPV,2016,-1.40781637091705
Cabo Verde,CPV,2017,0.784415251101334
Cabo Verde,CPV,2018,1.25615185860785
Cabo Verde,CPV,2019,1.10750930553819
Cabo Verde,CPV,2020,0.6057961856899
Cabo Verde,CPV,2021,1.86215256793885
Cabo Verde,CPV,2022,7.93092928079189
Cabo Verde,CPV,2023,3.72437535861454
Cabo Verde,CPV,2024,1.0481698336865
Cambodia,KHM,1995,-0.7989443378118778
Cambodia,KHM,1996,7.150861408727962
Cambodia,KHM,1997,7.96021397777456
Cambodia,KHM,1998,14.80650354377626
Cambodia,KHM,1999,4.008207020887823
Cambodia,KHM,2000,-0.7919925294735668
Cambodia,KHM,2001,-0.6006483001236859
Cambodia,KHM,2002,0.211466568022607
Cambodia,KHM,2003,0.94174611779921
Cambodia,KHM,2004,4.319336774347855
Cambodia,KHM,2005,6.615259120015872
Cambodia,KHM,2006,5.810685504643064
Cambodia,KHM,2007,8.708827705680491
Cambodia,KHM,2008,24.09685193060504
Cambodia,KHM,2009,-1.241717541896374
Cambodia,KHM,2010,3.996395281072181
Cambodia,KHM,2011,5.4784474961745
Cambodia,KHM,2012,2.93431609293951
Cambodia,KHM,2013,2.941625095473491
Cambodia,KHM,2014,3.855688614242069
Cambodia,KHM,2015,1.22393195511119
Cambodia,KHM,2016,3.01913975139128
Cambodia,KHM,2017,2.912635573714778
Cambodia,KHM,2018,2.459085153801459
Cambodia,KHM,2019,1.94257500833107
Cambodia,KHM,2020,2.940295142639697
Cambodia,KHM,2021,2.920734775929485
Cambodia,KHM,2022,5.34370264895437
Cambodia,KHM,2023,2.127467965941944
Cambodia,KHM,2024,0.8080420165366541
Cameroon,CMR,1969,-1.1015911872741
Cameroon,CMR,1970,5.8580858085174
Cameroon,CMR,1971,4.01402961809856
Cameroon,CMR,1972,8.09291869579621
Cameroon,CMR,1973,10.3847487003839
Cameroon,CMR,1974,17.2329334923306
Cameroon,CMR,1975,13.5533294051262
Cameroon,CMR,1976,9.93065056369724
Cameroon,CMR,1977,14.6983091581553
Cameroon,CMR,1978,12.4630523441786
Cameroon,CMR,1979,6.58061081902716
Cameroon,CMR,1980,9.55175427642866
Cameroon,CMR,1981,10.7275000000004
Cameroon,CMR,1982,13.2570198610703
Cameroon,CMR,1983,16.6312264100787
Cameroon,CMR,1984,11.3733220902937
Cameroon,CMR,1985,8.50837434391594
Cameroon,CMR,1986,7.77002498703532
Cameroon,CMR,1987,13.140499844701
Cameroon,CMR,1988,1.68233260771209
Cameroon,CMR,1989,-1.66552589550543
Cameroon,CMR,1990,1.09938128383608
Cameroon,CMR,1991,0.0600513305003454
Cameroon,CMR,1992,-0.0160550458717418
Cameroon,CMR,1993,-3.20655456915868
Cameroon,CMR,1994,35.0944618459464
Cameroon,CMR,1995,9.06969071921509
Cameroon,CMR,1996,3.92406372749798
Cameroon,CMR,1997,4.78623881860375
Cameroon,CMR,1998,3.17075185386906
Cameroon,CMR,1999,1.87174500672008
Cameroon,CMR,2000,1.22719012976132
Cameroon,CMR,2001,4.41977245881145
Cameroon,CMR,2002,2.83442260128066
Cameroon,CMR,2003,0.623163557374316
Cameroon,CMR,2004,0.233647380067583
Cameroon,CMR,2005,2.01353950175986
Cameroon,CMR,2006,5.11757816019469
Cameroon,CMR,2007,0.921402245650095
Cameroon,CMR,2008,5.33780627627498
Cameroon,CMR,2009,3.04361847939999
Cameroon,CMR,2010,1.27538046242338
Cameroon,CMR,2011,2.93969946305091
Cameroon,CMR,2012,2.73529677529539
Cameroon,CMR,2013,2.0503471800174
Cameroon,CMR,2014,1.85489850366776
Cameroon,CMR,2015,2.67623531419899
Cameroon,CMR,2016,0.874190383288856
Cameroon,CMR,2017,0.64040914988195
Cameroon,CMR,2018,1.0688581131292
Cameroon,CMR,2019,2.45280214062732
Cameroon,CMR,2020,2.43760882182236
Cameroon,CMR,2021,2.27185762503637
Cameroon,CMR,2022,6.24767713343861
Cameroon,CMR,2023,7.38281384280983
Cameroon,CMR,2024,4.53331349711606
Canada,CAN,1960,1.35869565217391
Canada,CAN,1961,1.0187667560321
Canada,CAN,1962,1.06157112526535
Canada,CAN,1963,1.62815126050427
Canada,CAN,1964,1.91214470284237
Canada,CAN,1965,2.33265720081134
Canada,CAN,1966,3.81565906838453
Canada,CAN,1967,3.57995226730311
Canada,CAN,1968,4.05529953917047
Canada,CAN,1969,4.56155890168292
Canada,CAN,1970,3.34603981363832
Canada,CAN,1971,2.70491803278684
Canada,CAN,1972,4.98802873104551
Canada,CAN,1973,7.48764728240211
Canada,CAN,1974,10.9971711456859
Canada,CAN,1975,10.672188595094
Canada,CAN,1976,7.54173862982147
Canada,CAN,1977,7.97644539614569
Canada,CAN,1978,8.97372335151214
Canada,CAN,1979,9.14467697907181
Canada,CAN,1980,10.1292205085452
Canada,CAN,1981,12.4716124148372
Canada,CAN,1982,10.7689718997139
Canada,CAN,1983,5.86358802977367
Canada,CAN,1984,4.30477830391736
Canada,CAN,1985,3.96203054065204
Canada,CAN,1986,4.1947862908562
Canada,CAN,1987,4.3561087122174
Canada,CAN,1988,4.02823414871611
Canada,CAN,1989,4.98362189985957
Canada,CAN,1990,4.78047693336304
Canada,CAN,1991,5.62586408593005
Canada,CAN,1992,1.49013290374545
Canada,CAN,1993,1.86507936507938
Canada,CAN,1994,0.165562913907291
Canada,CAN,1995,2.14876033057849
Canada,CAN,1996,1.57053112507137
Canada,CAN,1997,1.6212163808453
Canada,CAN,1998,0.995942456658019
Canada,CAN,1999,1.73484295105918
Canada,CAN,2000,2.71943995691976
Canada,CAN,2001,2.52512013979905
Canada,CAN,2002,2.25839440940855
Canada,CAN,2003,2.75856321360112
Canada,CAN,2004,1.85725871857256
Canada,CAN,2005,2.21355203439767
Canada,CAN,2006,2.00202539534161
Canada,CAN,2007,2.13838399266837
Canada,CAN,2008,2.37027067444298
Canada,CAN,2009,0.299466803009299
Canada,CAN,2010,1.77687154092627
Canada,CAN,2011,2.91213508872351
Canada,CAN,2012,1.51567823124516
Canada,CAN,2013,0.938291897815316
Canada,CAN,2014,1.90663590717861
Canada,CAN,2015,1.12524136094277
Canada,CAN,2016,1.42875954701085
Canada,CAN,2017,1.59688412852976
Canada,CAN,2018,2.26822567248103
Canada,CAN,2019,1.94926902411592
Canada,CAN,2020,0.716999632307827
Canada,CAN,2021,3.39519318527527
Canada,CAN,2022,6.80280115341612
Canada,CAN,2023,3.87900159788425
Canada,CAN,2024,2.38158383281173
Cayman Islands,CYM,2010,0.276140861750108
Cayman Islands,CYM,2011,1.32543575779664
Cayman Islands,CYM,2012,1.18894845245607
Cayman Islands,CYM,2013,2.1606114681339
Cayman Islands,CYM,2014,1.27397911533387
Cayman Islands,CYM,2015,-2.34752770165615
Cayman Islands,CYM,2016,-0.62525835861814
Central African Republic,CAF,1981,-0.0333333333334091
Central African Republic,CAF,1982,13.2960986995662
Central African Republic,CAF,1983,14.6126112868811
Central African Republic,CAF,1984,2.54220966810047
Central African Republic,CAF,1985,10.4238402303886
Central African Republic,CAF,1986,2.24515251162269
Central African Republic,CAF,1987,-6.98680270599973
Central African Republic,CAF,1988,-3.96446882079366
Central African Republic,CAF,1989,0.689055807312737
Central African Republic,CAF,1990,-0.0123304562272101
Central African Republic,CAF,1991,-2.76236280675762
Central African Republic,CAF,1992,-1.03360811667777
Central African Republic,CAF,1993,-2.91535849298334
Central African Republic,CAF,1994,24.5710137275604
Central African Republic,CAF,1995,19.1894039735098
Central African Republic,CAF,1996,3.72494110325801
Central African Republic,CAF,1997,1.6113134776091
Central African Republic,CAF,1998,-1.8852009615791
Central African Republic,CAF,1999,-1.41420220082551
Central African Republic,CAF,2000,3.20340091563112
Central African Republic,CAF,2001,3.83486060237361
Central African Republic,CAF,2002,2.33181703516234
Central African Republic,CAF,2003,4.13470905150995
Central African Republic,CAF,2004,-2.06640601136302
Central African Republic,CAF,2005,2.88352073359021
Central African Republic,CAF,2006,6.69526465773354
Central African Republic,CAF,2007,0.959917619457109
Central African Republic,CAF,2008,9.25895099417076
Central African Republic,CAF,2009,3.52126227238642
Central African Republic,CAF,2010,1.49102370047802
Central African Republic,CAF,2011,1.1944757244985
Central African Republic,CAF,2012,5.47829594346117
Central African Republic,CAF,2013,6.98879341970198
Central African Republic,CAF,2014,14.8986841797549
Central African Republic,CAF,2015,1.40297017136816
Central African Republic,CAF,2016,4.94543276106518
Central African Republic,CAF,2017,4.18072331871266
Central African Republic,CAF,2018,1.61215686991555
Central African Republic,CAF,2019,2.68537355266786
Central African Republic,CAF,2020,1.71015659523152
Central African Republic,CAF,2021,4.25936417542868
Central African Republic,CAF,2022,5.58316735183246
Central African Republic,CAF,2023,2.97913852618936
Central African Republic,CAF,2024,1.47733600718743
Chad,TCD,1984,20.25089605734793
Chad,TCD,1985,5.153999006458158
Chad,TCD,1986,-13.05657257588289
Chad,TCD,1987,-5.97484276729554
Chad,TCD,1988,15.47751765143034
Chad,TCD,1989,-3.689134604414709
Chad,TCD,1990,-0.7382822653109185
Chad,TCD,1991,3.193874730294957
Chad,TCD,1992,-3.113030672149495
Chad,TCD,1993,-8.427933486517999
Chad,TCD,1994,41.72489723644135
Chad,TCD,1995,9.230325997686558
Chad,TCD,1996,11.33087890572822
Chad,TCD,1997,5.572257111253298
Chad,TCD,1998,4.258851102251403
Chad,TCD,1999,-8.025059627274542
Chad,TCD,2000,3.822600880863059
Chad,TCD,2001,12.43128652799407
Chad,TCD,2002,5.191818951954464
Chad,TCD,2003,-1.752569412486548
Chad,TCD,2004,-5.355400288848158
Chad,TCD,2005,7.890365674629931
Chad,TCD,2006,8.03628897951331
Chad,TCD,2007,-8.974739620092704
Chad,TCD,2008,10.29697582212537
Chad,TCD,2009,9.952422907488645
Chad,TCD,2010,-2.077865746418658
Chad,TCD,2011,2.0292405367826
Chad,TCD,2012,7.516623646638329
Chad,TCD,2013,0.2226715646245507
Chad,TCD,2014,1.681973139256705
Chad,TCD,2015,4.377126650656541
Chad,TCD,2016,-0.792440525236102
Chad,TCD,2017,-1.537099629808404
Chad,TCD,2018,4.274621986105452
Chad,TCD,2019,-0.971939175419401
Chad,TCD,2020,4.464144372328608
Chad,TCD,2021,-0.7728443703591396
Chad,TCD,2022,5.788026878436164
Chad,TCD,2023,10.83635683998429
Chad,TCD,2024,8.899507322637543
Chile,CHL,1971,20.0522312040536
Chile,CHL,1972,77.7957404755203
Chile,CHL,1973,352.810986573029
Chile,CHL,1974,504.738541215978
Chile,CHL,1975,374.735274232634
Chile,CHL,1976,211.924302225904
Chile,CHL,1977,91.9541325565104
Chile,CHL,1978,40.0872246313854
Chile,CHL,1979,33.3892190102251
Chile,CHL,1980,35.1383405330485
Chile,CHL,1981,19.6868327084319
Chile,CHL,1982,9.94102693041832
Chile,CHL,1983,27.2571946726204
Chile,CHL,1984,19.8602056602626
Chile,CHL,1985,30.703498909615
Chile,CHL,1986,19.4768379232582
Chile,CHL,1987,19.8808457201905
Chile,CHL,1988,14.6843512500819
Chile,CHL,1989,17.0279367308961
Chile,CHL,1990,26.0364811362364
Chile,CHL,1991,21.7844124277757
Chile,CHL,1992,15.4258064688927
Chile,CHL,1993,12.7277669490963
Chile,CHL,1994,11.4431196444972
Chile,CHL,1995,8.23263034116114
Chile,CHL,1996,7.35911781788767
Chile,CHL,1997,6.13386464357927
Chile,CHL,1998,5.11024954517559
Chile,CHL,1999,3.33687917526023
Chile,CHL,2000,3.84327295706565
Chile,CHL,2001,3.56910053001466
Chile,CHL,2002,2.48939816650705
Chile,CHL,2003,2.8101787574361
Chile,CHL,2004,1.05473871403516
Chile,CHL,2005,3.05257621387849
Chile,CHL,2006,3.39201733699405
Chile,CHL,2007,4.40779938398044
Chile,CHL,2008,8.71626873039607
Chile,CHL,2009,0.353045178360936
Chile,CHL,2010,1.4107110795432
Chile,CHL,2011,3.34121694259302
Chile,CHL,2012,3.00744840213047
Chile,CHL,2013,1.7895555398459
Chile,CHL,2014,4.71867527854671
Chile,CHL,2015,4.34877353217044
Chile,CHL,2016,3.78619355893118
Chile,CHL,2017,2.18271846868519
Chile,CHL,2018,2.43488981353057
Chile,CHL,2019,2.55754475703326
Chile,CHL,2020,3.04549084804326
Chile,CHL,2021,4.52456838259143
Chile,CHL,2022,11.6438667110559
Chile,CHL,2023,7.58168251407962
Chile,CHL,2024,4.29763891572524
China,CHN,1987,7.23383553065609
China,CHN,1988,18.8118179448752
China,CHN,1989,18.2456383621647
China,CHN,1990,3.05229012075233
China,CHN,1991,3.55668565220452
China,CHN,1992,6.35398134024868
China,CHN,1993,14.6100786356602
China,CHN,1994,24.2569897243361
China,CHN,1995,16.7912251650916
China,CHN,1996,8.31316028893908
China,CHN,1997,2.78646505531881
China,CHN,1998,-0.773186011549318
China,CHN,1999,-1.40147268276464
China,CHN,2000,0.347811226864586
China,CHN,2001,0.719125609120113
China,CHN,2002,-0.731970902350243
China,CHN,2003,1.12760348729637
China,CHN,2004,3.82463743108159
China,CHN,2005,1.7764140766757
China,CHN,2006,1.64943099455859
China,CHN,2007,4.81676767378834
China,CHN,2008,5.92525137041091
China,CHN,2009,-0.728165250932898
China,CHN,2010,3.17532475269199
China,CHN,2011,5.55389892257493
China,CHN,2012,2.6195243264554
China,CHN,2013,2.62105001748114
China,CHN,2014,1.9216416278852
China,CHN,2015,1.43702380935654
China,CHN,2016,2.00000182191943
China,CHN,2017,1.59313600071435
China,CHN,2018,2.07479039965576
China,CHN,2019,2.89923416358226
China,CHN,2020,2.41942189457782
China,CHN,2021,0.981015135544881
China,CHN,2022,1.9735755573905
China,CHN,2023,0.23483682889305
China,CHN,2024,0.218128938439177
Colombia,COL,1960,5.81407628204986
Colombia,COL,1961,8.28319045648716
Colombia,COL,1962,4.6970939506247
Colombia,COL,1963,26.3554355250466
Colombia,COL,1964,17.0724352164553
Colombia,COL,1965,7.5906836693158
Colombia,COL,1966,16.7281682748597
Colombia,COL,1967,8.32819136425947
Colombia,COL,1968,7.4475387831777
Colombia,COL,1969,6.98166307955375
Colombia,COL,1970,6.9086227584824
Colombia,COL,1971,11.9402616979216
Colombia,COL,1972,12.4444589907728
Colombia,COL,1973,22.5296486781842
Colombia,COL,1974,23.8709573656696
Colombia,COL,1975,23.4375025650554
Colombia,COL,1976,19.831224916793
Colombia,COL,1977,33.8028183579819
Colombia,COL,1978,17.7631590853462
Colombia,COL,1979,24.1340757440455
Colombia,COL,1980,26.5526531495356
Colombia,COL,1981,27.4537624347993
Colombia,COL,1982,24.7209882528585
Colombia,COL,1983,19.5973170624764
Colombia,COL,1984,16.1616171361426
Colombia,COL,1985,24.090174368125
Colombia,COL,1986,18.8424631612405
Colombia,COL,1987,23.302028364018
Colombia,COL,1988,28.1083969771703
Colombia,COL,1989,25.8675480831987
Colombia,COL,1990,29.1520245976215
Colombia,COL,1991,30.3878204854435
Colombia,COL,1992,27.010626623136
Colombia,COL,1993,22.4424828533275
Colombia,COL,1994,22.8462417553044
Colombia,COL,1995,20.8917930194849
Colombia,COL,1996,20.7975755127401
Colombia,COL,1997,18.4700217119089
Colombia,COL,1998,18.6769799276671
Colombia,COL,1999,10.873687085747
Colombia,COL,2000,9.22534818585365
Colombia,COL,2001,7.96556090304834
Colombia,COL,2002,6.35150728778872
Colombia,COL,2003,7.1297886294186
Colombia,COL,2004,5.90402005546502
Colombia,COL,2005,5.05101962689695
Colombia,COL,2006,4.29342363628926
Colombia,COL,2007,5.54438485815155
Colombia,COL,2008,6.9968849555451
Colombia,COL,2009,4.20251661216481
Colombia,COL,2010,2.27200227892008
Colombia,COL,2011,3.4150334477625
Colombia,COL,2012,3.16930188840055
Colombia,COL,2013,2.01699224310383
Colombia,COL,2014,2.89883787761737
Colombia,COL,2015,4.98983115849529
Colombia,COL,2016,7.51346024627674
Colombia,COL,2017,4.3143132569501
Colombia,COL,2018,3.24056932930569
Colombia,COL,2019,3.52301932741446
Colombia,COL,2020,2.52663500084706
Colombia,COL,2021,3.49505757399448
Colombia,COL,2022,10.1772313546166
Colombia,COL,2023,11.7359044948689
Colombia,COL,2024,6.60908593728228
Comoros,COM,2001,5.55459394816812
Comoros,COM,2002,3.53304214308077
Comoros,COM,2003,3.799081366719
Comoros,COM,2004,4.47499289078106
Comoros,COM,2005,3.0133239505812
Comoros,COM,2006,3.37436360121204
Comoros,COM,2007,4.46616710098131
Comoros,COM,2008,1.7007817628453
Comoros,COM,2009,4.36234829325719
Comoros,COM,2010,3.35475770328919
Comoros,COM,2011,1.8426630075619
Comoros,COM,2012,6.31474450315177
Comoros,COM,2013,-4.29487331536756
Comoros,COM,2014,7.54755379096711
Comoros,COM,2015,-0.117173884190069
Comoros,COM,2016,0.797517430888487
Comoros,COM,2017,-0.237362224154613
Comoros,COM,2018,2.15155084413033
Comoros,COM,2019,3.58213544469211
Comoros,COM,2020,0.786641929499151
Comoros,COM,2021,-0.0044179368234698
Comoros,COM,2022,12.5320314570998
Comoros,COM,2023,8.37373955490995
Comoros,COM,2024,5.05192609588218
"Congo, Dem. Rep.",COD,1964,35.4210649777883
"Congo, Dem. Rep.",COD,1965,-2.72698027762915
"Congo, Dem. Rep.",COD,1966,15.780101249114
"Congo, Dem. Rep.",COD,1967,36.9265248728318
"Congo, Dem. Rep.",COD,1968,53.3216727107738
"Congo, Dem. Rep.",COD,1969,6.17619573522313
"Congo, Dem. Rep.",COD,1970,8.02528404548486
"Congo, Dem. Rep.",COD,1971,5.77734982596516
"Congo, Dem. Rep.",COD,1972,15.804215390795
"Congo, Dem. Rep.",COD,1973,15.6427621238193
"Congo, Dem. Rep.",COD,1974,29.4692810459945
"Congo, Dem. Rep.",COD,1975,28.6579701952268
"Congo, Dem. Rep.",COD,1976,80.385959075414
"Congo, Dem. Rep.",COD,1977,68.9477081989997
"Congo, Dem. Rep.",COD,1978,48.7690376115202
"Congo, Dem. Rep.",COD,1979,101.051260411497
"Congo, Dem. Rep.",COD,1980,46.6259068303308
"Congo, Dem. Rep.",COD,1981,35.4082648744293
"Congo, Dem. Rep.",COD,1982,36.6996975740914
"Congo, Dem. Rep.",COD,1983,76.5266976662658
"Congo, Dem. Rep.",COD,1984,52.2270113573208
"Congo, Dem. Rep.",COD,1985,23.8207845213349
"Congo, Dem. Rep.",COD,1986,44.4
"Congo, Dem. Rep.",COD,1987,78.6703601108032
"Congo, Dem. Rep.",COD,1988,71.0917312661503
"Congo, Dem. Rep.",COD,1989,104.06522942826
"Congo, Dem. Rep.",COD,1990,81.295404814004
"Congo, Dem. Rep.",COD,1991,2154.4368271134
"Congo, Dem. Rep.",COD,1992,4129.16985661558
"Congo, Dem. Rep.",COD,1993,1986.90476190475
"Congo, Dem. Rep.",COD,1994,23773.1317741015
"Congo, Dem. Rep.",COD,1995,541.908883239026
"Congo, Dem. Rep.",COD,1996,492.441850235414
"Congo, Dem. Rep.",COD,1997,198.516707416462
"Congo, Dem. Rep.",COD,1998,29.1488069236652
"Congo, Dem. Rep.",COD,1999,284.894975914086
"Congo, Dem. Rep.",COD,2000,513.906843747535
"Congo, Dem. Rep.",COD,2001,359.936614264585
"Congo, Dem. Rep.",COD,2002,31.5225826025495
"Congo, Dem. Rep.",COD,2003,12.8739657187404
"Congo, Dem. Rep.",COD,2004,3.9943840081597
"Congo, Dem. Rep.",COD,2005,21.316816722934
"Congo, Dem. Rep.",COD,2006,13.0526949745101
"Congo, Dem. Rep.",COD,2007,16.9451006541949
"Congo, Dem. Rep.",COD,2008,17.3013845700156
"Congo, Dem. Rep.",COD,2009,2.79999999999981
"Congo, Dem. Rep.",COD,2010,7.10000000000037
"Congo, Dem. Rep.",COD,2011,15.316515913949
"Congo, Dem. Rep.",COD,2012,9.72182806273364
"Congo, Dem. Rep.",COD,2013,0.80822310148711
"Congo, Dem. Rep.",COD,2014,1.24303889760802
"Congo, Dem. Rep.",COD,2015,0.74419899478147
"Congo, Dem. Rep.",COD,2016,2.88585107289988
"Congo, Rep.",COG,1986,4.15811088295678
"Congo, Rep.",COG,1987,0.443568260226844
"Congo, Rep.",COG,1988,1.0304219823355
"Congo, Rep.",COG,1989,-1.79698882952884
"Congo, Rep.",COG,1990,2.88905374216946
"Congo, Rep.",COG,1991,-1.67834968956536
"Congo, Rep.",COG,1992,-3.93546810070881
"Congo, Rep.",COG,1993,4.92366412213743
"Congo, Rep.",COG,1994,42.4396750333452
"Congo, Rep.",COG,1995,9.41800743452227
"Congo, Rep.",COG,1996,10.0311203319502
"Congo, Rep.",COG,1999,4.14267137284048
"Congo, Rep.",COG,2000,-0.88199151702543
"Congo, Rep.",COG,2001,0.0559899218140582
"Congo, Rep.",COG,2002,4.37875971780872
"Congo, Rep.",COG,2003,-0.631844987363156
"Congo, Rep.",COG,2004,2.42976607961799
"Congo, Rep.",COG,2005,3.09449011456181
"Congo, Rep.",COG,2006,6.53784395299603
"Congo, Rep.",COG,2007,2.65464645060702
"Congo, Rep.",COG,2008,4.95875092023151
"Congo, Rep.",COG,2009,4.41500374795223
"Congo, Rep.",COG,2010,0.391525011227612
"Congo, Rep.",COG,2011,1.75958704273803
"Congo, Rep.",COG,2012,5.01018773134471
"Congo, Rep.",COG,2013,4.63161619729461
"Congo, Rep.",COG,2014,0.912139545450097
"Congo, Rep.",COG,2015,3.16909796750829
"Congo, Rep.",COG,2016,3.19056179723773
"Congo, Rep.",COG,2017,0.450063823285546
"Congo, Rep.",COG,2018,1.15277896375523
"Congo, Rep.",COG,2019,2.20607305781525
"Congo, Rep.",COG,2020,1.79537147083107
"Congo, Rep.",COG,2021,1.7156427545126
"Congo, Rep.",COG,2022,3.04344334698477
"Congo, Rep.",COG,2023,4.30174563591016
"Congo, Rep.",COG,2024,3.09143630919166
Costa Rica,CRI,1960,0.790205817960073
Costa Rica,CRI,1961,2.43079391009159
Costa Rica,CRI,1962,2.67785968742788
Costa Rica,CRI,1963,2.93161847051352
Costa Rica,CRI,1964,3.32403316018127
Costa Rica,CRI,1965,-0.665000000583401
Costa Rica,CRI,1966,0.182882837621526
Costa Rica,CRI,1967,1.20834031134424
Costa Rica,CRI,1968,4.09389143106836
Costa Rica,CRI,1969,2.62934083658331
Costa Rica,CRI,1970,4.65229749303154
Costa Rica,CRI,1971,3.08304841408706
Costa Rica,CRI,1972,4.60112569280858
Costa Rica,CRI,1973,15.2140342204182
Costa Rica,CRI,1974,30.0736292803636
Costa Rica,CRI,1975,17.3692020226551
Costa Rica,CRI,1976,3.48583333291706
Costa Rica,CRI,1977,4.19024045261669
Costa Rica,CRI,1978,6.00712709994901
Costa Rica,CRI,1979,9.18841043700977
Costa Rica,CRI,1980,18.1351707960709
Costa Rica,CRI,1981,37.0563415239513
Costa Rica,CRI,1982,90.1213328504165
Costa Rica,CRI,1983,32.6237081487831
Costa Rica,CRI,1984,11.9474270118863
Costa Rica,CRI,1985,15.0574196445756
Costa Rica,CRI,1986,11.8350618936099
Costa Rica,CRI,1987,16.8424201630394
Costa Rica,CRI,1988,20.8325332309202
Costa Rica,CRI,1989,16.509808768739
Costa Rica,CRI,1990,19.0397526635648
Costa Rica,CRI,1991,28.7092913706617
Costa Rica,CRI,1992,21.7911687900609
Costa Rica,CRI,1993,9.77860078293776
Costa Rica,CRI,1994,13.5344687273427
Costa Rica,CRI,1995,23.1864981102567
Costa Rica,CRI,1996,17.5114524814591
Costa Rica,CRI,1997,13.2480440791191
Costa Rica,CRI,1998,11.6592997742233
Costa Rica,CRI,1999,10.0452817292494
Costa Rica,CRI,2000,10.9615496593622
Costa Rica,CRI,2001,11.2556157091171
Costa Rica,CRI,2002,9.16752048509118
Costa Rica,CRI,2003,9.44758091616983
Costa Rica,CRI,2004,12.3148150178852
Costa Rica,CRI,2005,13.7982949108987
Costa Rica,CRI,2006,11.4705968149052
Costa Rica,CRI,2007,9.35724456417157
Costa Rica,CRI,2008,13.4244635507283
Costa Rica,CRI,2009,7.84270167700653
Costa Rica,CRI,2010,5.66275708420021
Costa Rica,CRI,2011,4.87799830970702
Costa Rica,CRI,2012,4.49545314354605
Costa Rica,CRI,2013,5.23133614174428
Costa Rica,CRI,2014,4.51920098516953
Costa Rica,CRI,2015,0.801982005099623
Costa Rica,CRI,2016,-0.0174788505908217
Costa Rica,CRI,2017,1.62590692991731
Costa Rica,CRI,2018,2.2211146152658
Costa Rica,CRI,2019,2.09604635327807
Costa Rica,CRI,2020,0.724911478131375
Costa Rica,CRI,2021,1.72647755109241
Costa Rica,CRI,2022,8.27477490232654
Costa Rica,CRI,2023,0.525193508693455
Costa Rica,CRI,2024,-0.412853001047069
Cote d'Ivoire,CIV,1961,11.6164921468989
Cote d'Ivoire,CIV,1962,-1.34124890120528
Cote d'Ivoire,CIV,1963,0.943466310460198
Cote d'Ivoire,CIV,1964,0.618192522743667
Cote d'Ivoire,CIV,1965,2.61117612633011
Cote d'Ivoire,CIV,1966,4.19131798405668
Cote d'Ivoire,CIV,1967,2.29185195349456
Cote d'Ivoire,CIV,1968,5.35045478867879
Cote d'Ivoire,CIV,1969,4.45022854223325
Cote d'Ivoire,CIV,1970,8.20519054310719
Cote d'Ivoire,CIV,1971,-0.443745436275745
Cote d'Ivoire,CIV,1972,0.31031369888391
Cote d'Ivoire,CIV,1973,11.1029866698228
Cote d'Ivoire,CIV,1974,17.3593884470647
Cote d'Ivoire,CIV,1975,11.4442239670113
Cote d'Ivoire,CIV,1976,12.0766402169566
Cote d'Ivoire,CIV,1977,27.4218615091476
Cote d'Ivoire,CIV,1978,13.2429868545927
Cote d'Ivoire,CIV,1979,16.3423565736251
Cote d'Ivoire,CIV,1980,14.7009812997865
Cote d'Ivoire,CIV,1981,8.79921083308777
Cote d'Ivoire,CIV,1982,7.58312589642149
Cote d'Ivoire,CIV,1983,5.64042843342125
Cote d'Ivoire,CIV,1984,4.2847611036187
Cote d'Ivoire,CIV,1985,1.86380327150627
Cote d'Ivoire,CIV,1986,9.68295473116514
Cote d'Ivoire,CIV,1987,6.94330626536573
Cote d'Ivoire,CIV,1988,6.93068617206514
Cote d'Ivoire,CIV,1989,1.04951823790383
Cote d'Ivoire,CIV,1990,-0.80587969827806
Cote d'Ivoire,CIV,1991,1.68334849863479
Cote d'Ivoire,CIV,1992,4.23138382869967
Cote d'Ivoire,CIV,1993,2.16471453976754
Cote d'Ivoire,CIV,1994,26.0815719947161
Cote d'Ivoire,CIV,1995,14.2950690851944
Cote d'Ivoire,CIV,1996,2.48080669187551
Cote d'Ivoire,CIV,1997,4.02083333333305
Cote d'Ivoire,CIV,1998,4.61144759515372
Cote d'Ivoire,CIV,1999,0.70237580595596
Cote d'Ivoire,CIV,2000,2.53077516737996
Cote d'Ivoire,CIV,2001,4.36152914007256
Cote d'Ivoire,CIV,2002,3.07726485157427
Cote d'Ivoire,CIV,2003,3.29680746974208
Cote d'Ivoire,CIV,2004,1.45798835600741
Cote d'Ivoire,CIV,2005,3.88583039886481
Cote d'Ivoire,CIV,2006,2.46719148596914
Cote d'Ivoire,CIV,2007,1.89200629349597
Cote d'Ivoire,CIV,2008,6.30852769152578
Cote d'Ivoire,CIV,2009,1.01950457731137
Cote d'Ivoire,CIV,2010,1.22645612135479
Cote d'Ivoire,CIV,2011,4.9124339505245
Cote d'Ivoire,CIV,2012,1.30451119915606
Cote d'Ivoire,CIV,2013,2.58117037252935
Cote d'Ivoire,CIV,2014,0.448682076766141
Cote d'Ivoire,CIV,2015,1.25149954781467
Cote d'Ivoire,CIV,2016,0.723178457513308
Cote d'Ivoire,CIV,2017,0.685881065304603
Cote d'Ivoire,CIV,2018,0.401297817263547
Cote d'Ivoire,CIV,2019,0.79085551205366
Cote d'Ivoire,CIV,2020,2.41252617189052
Cote d'Ivoire,CIV,2021,4.15919657911797
Cote d'Ivoire,CIV,2022,5.23352856100842
Cote d'Ivoire,CIV,2023,4.36972254867474
Cote d'Ivoire,CIV,2024,3.45053028131018
Croatia,HRV,1986,50.0
Croatia,HRV,1987,133.3332637443149
Croatia,HRV,1988,185.7142857142854
Croatia,HRV,1989,1400.0
Croatia,HRV,1990,500.0000000000007
Croatia,HRV,1991,122.2222222222214
Croatia,HRV,1992,625.0000000000007
Croatia,HRV,1993,1500.0
Croatia,HRV,1994,107.3275862068961
Croatia,HRV,1995,3.950103950104024
Croatia,HRV,1996,4.299999999999948
Croatia,HRV,1997,4.170661553211876
Croatia,HRV,1998,6.396686608375538
Croatia,HRV,1999,4.019138755980856
Croatia,HRV,2000,4.611315547378011
Croatia,HRV,2001,3.776702466658888
Croatia,HRV,2002,1.671784373933826
Croatia,HRV,2003,1.767337807606286
Croatia,HRV,2004,2.05539679050328
Croatia,HRV,2005,3.317178244480452
Croatia,HRV,2006,3.189825914729492
Croatia,HRV,2007,2.899282755833884
Croatia,HRV,2008,6.076968387983541
Croatia,HRV,2009,2.378528459046742
Croatia,HRV,2010,1.030555053335736
Croatia,HRV,2011,2.2727272727273
Croatia,HRV,2012,3.412073490813581
Croatia,HRV,2013,2.216582064297788
Croatia,HRV,2014,-0.2151961595762682
Croatia,HRV,2015,-0.4644990046449106
Croatia,HRV,2016,-1.125000000000021
Croatia,HRV,2017,1.129372102823469
Croatia,HRV,2018,1.500125010417563
Croatia,HRV,2019,0.7718203464980194
Croatia,HRV,2020,0.1548113745621064
Croatia,HRV,2021,2.554506996420408
Croatia,HRV,2022,10.7805806758686
Croatia,HRV,2023,7.9412817758683
Croatia,HRV,2024,2.972004776436181
Curacao,CUW,2001,1.79282868525896
Curacao,CUW,2002,0.391389432485324
Curacao,CUW,2003,1.6337139144157
Curacao,CUW,2004,1.37912138094799
Curacao,CUW,2005,4.11711711711707
Curacao,CUW,2006,3.11499524097949
Curacao,CUW,2007,2.99572039942908
Curacao,CUW,2008,6.8763239367776
Curacao,CUW,2009,1.75331605427595
Curacao,CUW,2010,2.77944261312586
Curacao,CUW,2011,2.3325315256217
Curacao,CUW,2012,3.18398746349454
Curacao,CUW,2013,1.33232086152117
Curacao,CUW,2014,1.49873969616429
Curacao,CUW,2015,-0.476542049801404
Curacao,CUW,2016,-0.0472079848940292
Curacao,CUW,2017,1.58558801700344
Curacao,CUW,2018,2.58368756641813
Curacao,CUW,2019,2.62220783425058
Cyprus,CYP,1960,0.827300930713946
Cyprus,CYP,1961,-0.615384615384945
Cyprus,CYP,1962,0.103199174406311
Cyprus,CYP,1963,1.9587628865985
Cyprus,CYP,1964,-0.303336704752537
Cyprus,CYP,1965,0.202839756594411
Cyprus,CYP,1966,0.506072874498885
Cyprus,CYP,1967,0.70493454280659
Cyprus,CYP,1968,3.76666666616697
Cyprus,CYP,1969,2.38515901013024
Cyprus,CYP,1970,2.4001882503169
Cyprus,CYP,1971,4.14400612825454
Cyprus,CYP,1972,4.83230361865648
Cyprus,CYP,1973,7.80888234052259
Cyprus,CYP,1974,16.1766666665001
Cyprus,CYP,1975,4.63948584046548
Cyprus,CYP,1976,3.85438972162729
Cyprus,CYP,1977,7.32646048101325
Cyprus,CYP,1978,7.43628329894658
Cyprus,CYP,1979,9.46370829519019
Cyprus,CYP,1980,13.5175605772583
Cyprus,CYP,1981,10.7446936083976
Cyprus,CYP,1982,6.43279726693689
Cyprus,CYP,1983,5.04971424100878
Cyprus,CYP,1984,5.99195111048443
Cyprus,CYP,1985,5.03445366364796
Cyprus,CYP,1986,1.21836925967664
Cyprus,CYP,1987,2.79166666666696
Cyprus,CYP,1988,3.42926631536285
Cyprus,CYP,1989,3.76548048283389
Cyprus,CYP,1990,4.50205462895842
Cyprus,CYP,1991,5.03527438848104
Cyprus,CYP,1992,6.51021953065818
Cyprus,CYP,1993,4.85416666666692
Cyprus,CYP,1994,4.6985893105498
Cyprus,CYP,1995,2.61581787956337
Cyprus,CYP,1996,2.97892486481265
Cyprus,CYP,1997,3.60534444364628
Cyprus,CYP,1998,2.22770732654316
Cyprus,CYP,1999,1.62999999999998
Cyprus,CYP,2000,4.1416576470206
Cyprus,CYP,2001,1.97304191729914
Cyprus,CYP,2002,2.80115505180746
Cyprus,CYP,2003,4.13906538686858
Cyprus,CYP,2004,2.28621706801674
Cyprus,CYP,2005,2.56016132330233
Cyprus,CYP,2006,2.30468732978555
Cyprus,CYP,2007,2.37265183669719
Cyprus,CYP,2008,4.66900841902485
Cyprus,CYP,2009,0.326276652249793
Cyprus,CYP,2010,2.43004084102254
Cyprus,CYP,2011,3.28944939564211
Cyprus,CYP,2012,2.38905410042316
Cyprus,CYP,2013,-0.399357676464425
Cyprus,CYP,2014,-1.35498885446314
Cyprus,CYP,2015,-2.0969976905311
Cyprus,CYP,2016,-1.42916666666665
Cyprus,CYP,2017,0.531766496174467
Cyprus,CYP,2018,1.43549119531759
Cyprus,CYP,2019,0.250370996758493
Cyprus,CYP,2020,-0.638422797978958
Cyprus,CYP,2021,2.44608867175474
Cyprus,CYP,2022,8.39548297993334
Cyprus,CYP,2023,3.54134188751663
Cyprus,CYP,2024,1.80023018624815
Czechia,CZE,1992,11.086500072223
Czechia,CZE,1993,20.8130295438428
Czechia,CZE,1994,10.039429835143
Czechia,CZE,1995,8.99052361478448
Czechia,CZE,1996,8.75877472878111
Czechia,CZE,1997,8.59615666715564
Czechia,CZE,1998,10.6983655274888
Czechia,CZE,1999,2.13544844417329
Czechia,CZE,2000,3.77538829151729
Czechia,CZE,2001,4.66267556988257
Czechia,CZE,2002,1.90298097019026
Czechia,CZE,2003,0.118739205526814
Czechia,CZE,2004,2.76010781671153
Czechia,CZE,2005,1.85709789109228
Czechia,CZE,2006,2.53399258343633
Czechia,CZE,2007,2.8531243721117
Czechia,CZE,2008,6.3586638015237
Czechia,CZE,2009,1.01937735329229
Czechia,CZE,2010,1.47272727272728
Czechia,CZE,2011,1.9172191363555
Czechia,CZE,2012,3.28762306610411
Czechia,CZE,2013,1.4382978723404
Czechia,CZE,2014,0.343988589646793
Czechia,CZE,2015,0.309364548494975
Czechia,CZE,2016,0.683504209385702
Czechia,CZE,2017,2.4505339846014
Czechia,CZE,2018,2.14949494949492
Czechia,CZE,2019,2.84787595918041
Czechia,CZE,2020,3.1612952849781
Czechia,CZE,2021,3.83984491500146
Czechia,CZE,2022,15.100165146837
Czechia,CZE,2023,10.6612601372427
Czechia,CZE,2024,2.43531202435314
Denmark,DNK,1960,1.25523012552924
Denmark,DNK,1961,3.45162858557825
Denmark,DNK,1962,7.3778195481846
Denmark,DNK,1963,6.10503282302932
Denmark,DNK,1964,3.09278350515448
Denmark,DNK,1965,5.4499999992505
Denmark,DNK,1966,7.06495969658814
Denmark,DNK,1967,8.20785355844022
Denmark,DNK,1968,8.00520710366458
Denmark,DNK,1969,3.48791924395193
Denmark,DNK,1970,6.51484141652987
Denmark,DNK,1971,5.86986959071895
Denmark,DNK,1972,6.56236090256542
Denmark,DNK,1973,9.30338297973667
Denmark,DNK,1974,15.2752062218395
Denmark,DNK,1975,9.6056120753867
Denmark,DNK,1976,9.01029083562224
Denmark,DNK,1977,10.9222378100329
Denmark,DNK,1978,10.2136545710404
Denmark,DNK,1979,9.61105037907118
Denmark,DNK,1980,12.3053240760182
Denmark,DNK,1981,11.7673874344181
Denmark,DNK,1982,10.1208256779822
Denmark,DNK,1983,6.90822881158844
Denmark,DNK,1984,6.29077936023769
Denmark,DNK,1985,4.67875145183254
Denmark,DNK,1986,3.67818411863452
Denmark,DNK,1987,4.01999345683161
Denmark,DNK,1988,4.53513301015726
Denmark,DNK,1989,4.77272342435518
Denmark,DNK,1990,2.64160306382001
Denmark,DNK,1991,2.39515331724416
Denmark,DNK,1992,2.09604442933213
Denmark,DNK,1993,1.2578566795326
Denmark,DNK,1994,1.99201463809517
Denmark,DNK,1995,2.08360842382854
Denmark,DNK,1996,2.12629802275577
Denmark,DNK,1997,2.1821667790712
Denmark,DNK,1998,1.84565122007883
Denmark,DNK,1999,2.49779544404529
Denmark,DNK,2000,2.90328203236461
Denmark,DNK,2001,2.33787000255262
Denmark,DNK,2002,2.42443661219694
Denmark,DNK,2003,2.07507820646506
Denmark,DNK,2004,1.15435693124934
Denmark,DNK,2005,1.81781458291254
Denmark,DNK,2006,1.92422138464584
Denmark,DNK,2007,1.69326586220324
Denmark,DNK,2008,3.41626794258374
Denmark,DNK,2009,1.30470991024335
Denmark,DNK,2010,2.31092436974786
Denmark,DNK,2011,2.7586822605125
Denmark,DNK,2012,2.3979148566464
Denmark,DNK,2013,0.789071780078062
Denmark,DNK,2014,0.56402054044954
Denmark,DNK,2015,0.452034153691574
Denmark,DNK,2016,0.250000000000031
Denmark,DNK,2017,1.14713216957601
Denmark,DNK,2018,0.813609467455631
Denmark,DNK,2019,0.75813157251162
Denmark,DNK,2020,0.420711974110024
Denmark,DNK,2021,1.85304543989689
Denmark,DNK,2022,7.69656699889259
Denmark,DNK,2023,3.30517811237605
Denmark,DNK,2024,1.37220049768925
Djibouti,DJI,1980,12.0580235721855
Djibouti,DJI,1981,5.71736785374116
Djibouti,DJI,1982,-2.41071428572344
Djibouti,DJI,1983,0.901842896356863
Djibouti,DJI,1984,1.88471502578426
Djibouti,DJI,1985,2.12890298848072
Djibouti,DJI,1986,18.147633450986
Djibouti,DJI,1987,4.08911644641214
Djibouti,DJI,2001,1.74665224985434
Djibouti,DJI,2002,0.637619553666319
Djibouti,DJI,2003,1.98196734627544
Djibouti,DJI,2004,3.12226204699352
Djibouti,DJI,2005,3.10496640148299
Djibouti,DJI,2006,3.48340699677866
Djibouti,DJI,2007,4.96597654553301
Djibouti,DJI,2008,11.9586206896551
Djibouti,DJI,2009,1.67549587285962
Djibouti,DJI,2010,3.95007875923886
Djibouti,DJI,2011,5.0687139477798
Djibouti,DJI,2012,3.73120950756887
Djibouti,DJI,2013,-12.563149225034
Djibouti,DJI,2014,1.34186494340162
Djibouti,DJI,2015,-0.522166521445793
Djibouti,DJI,2016,2.40252905434889
Djibouti,DJI,2017,0.57728572456066
Djibouti,DJI,2018,0.138836400011405
Djibouti,DJI,2019,3.31763203299602
Djibouti,DJI,2020,1.77900535643955
Djibouti,DJI,2021,1.18086783934059
Djibouti,DJI,2022,5.17222088647605
Djibouti,DJI,2023,1.44905087029085
Djibouti,DJI,2024,2.1120116728497
Dominica,DMA,1967,0.952456544255429
Dominica,DMA,1968,5.36991901857967
Dominica,DMA,1969,4.21578868850822
Dominica,DMA,1970,12.3934989618913
Dominica,DMA,1971,3.63740603887183
Dominica,DMA,1972,3.68799557454747
Dominica,DMA,1973,12.099116723085
Dominica,DMA,1974,34.3760742523203
Dominica,DMA,1975,19.9027884369402
Dominica,DMA,1976,10.9024962662686
Dominica,DMA,1977,9.50365525201994
Dominica,DMA,1978,7.71257905832726
Dominica,DMA,1981,13.2666874934914
Dominica,DMA,1982,4.39459409763737
Dominica,DMA,1983,4.14795244385732
Dominica,DMA,1984,2.2179942499574
Dominica,DMA,1985,3.73997998064239
Dominica,DMA,1986,2.77423367675706
Dominica,DMA,1987,4.02458043341634
Dominica,DMA,1988,2.92459163123741
Dominica,DMA,1989,6.21852149777859
Dominica,DMA,1990,3.19092323226821
Dominica,DMA,1991,5.55706153429132
Dominica,DMA,1992,5.47182559344177
Dominica,DMA,1993,1.56902604224498
Dominica,DMA,1994,0.0151367351744227
Dominica,DMA,1995,1.31753745774969
Dominica,DMA,1996,1.67716450485913
Dominica,DMA,1997,2.43629715479673
Dominica,DMA,1998,0.999147457910748
Dominica,DMA,1999,1.17947787394174
Dominica,DMA,2000,0.856946805358482
Dominica,DMA,2001,1.3038940346596
Dominica,DMA,2002,0.170055330197681
Dominica,DMA,2003,1.4533680043725
Dominica,DMA,2004,2.39410982050298
Dominica,DMA,2005,1.68190079877552
Dominica,DMA,2006,2.20239132631669
Dominica,DMA,2007,3.6322212931782
Dominica,DMA,2008,6.35992183336295
Dominica,DMA,2009,0.0062635710706685
Dominica,DMA,2010,2.99936630549
Dominica,DMA,2011,1.1312313652648
Dominica,DMA,2012,1.35677147808859
Dominica,DMA,2013,-0.0464116468805991
Dominica,DMA,2014,0.799250372687492
Dominica,DMA,2015,-0.843826984638329
Dominica,DMA,2016,0.141816225732312
Dominica,DMA,2017,0.296252889279486
Dominica,DMA,2018,0.989191119189889
Dominica,DMA,2019,1.50462353858141
Dominica,DMA,2020,1.22026442242476
Dominica,DMA,2021,2.22891330700343
Dominica,DMA,2022,2.88490226829353
Dominica,DMA,2023,5.08677483158111
Dominica,DMA,2024,2.56921890367725
Dominican Republic,DOM,1960,-3.56219179976054
Dominican Republic,DOM,1961,-3.90000000099988
Dominican Republic,DOM,1962,9.15712799177066
Dominican Republic,DOM,1963,8.57959961876622
Dominican Republic,DOM,1964,2.10711150133544
Dominican Republic,DOM,1965,-1.8916595013061
Dominican Republic,DOM,1966,0.262927256794539
Dominican Republic,DOM,1967,1.23834498871987
Dominican Republic,DOM,1968,0.0359763993382312
Dominican Republic,DOM,1969,0.956628066179125
Dominican Republic,DOM,1970,3.81666666641709
Dominican Republic,DOM,1971,3.58002889678131
Dominican Republic,DOM,1972,8.64073155607574
Dominican Republic,DOM,1973,15.0795349169138
Dominican Republic,DOM,1974,13.1407673714853
Dominican Republic,DOM,1975,14.5017257437615
Dominican Republic,DOM,1976,7.76555023925677
Dominican Republic,DOM,1977,12.8535275054286
Dominican Republic,DOM,1978,3.47785034212178
Dominican Republic,DOM,1979,9.17380513351445
Dominican Republic,DOM,1980,16.7531356897101
Dominican Republic,DOM,1981,7.51463890696157
Dominican Republic,DOM,1982,7.64624306606147
Dominican Republic,DOM,1983,5.62862329448987
Dominican Republic,DOM,1984,20.1516781053536
Dominican Republic,DOM,1985,45.3361755532178
Dominican Republic,DOM,1986,7.63897266579929
Dominican Republic,DOM,1987,13.5507237827822
Dominican Republic,DOM,1988,43.8638323515052
Dominican Republic,DOM,1989,40.6579161175004
Dominican Republic,DOM,1990,50.4624792378524
Dominican Republic,DOM,1991,47.0791574105359
Dominican Republic,DOM,1992,4.25902638893392
Dominican Republic,DOM,1993,5.2503388069097
Dominican Republic,DOM,1994,8.26076798575834
Dominican Republic,DOM,1995,12.5359594558962
Dominican Republic,DOM,1996,5.39929385038922
Dominican Republic,DOM,1997,8.29656754792045
Dominican Republic,DOM,1998,4.83166558591895
Dominican Republic,DOM,1999,6.47054186846928
Dominican Republic,DOM,2000,7.72413566181615
Dominican Republic,DOM,2001,8.8830684881296
Dominican Republic,DOM,2002,5.22336769759446
Dominican Republic,DOM,2003,27.4497127394394
Dominican Republic,DOM,2004,51.4608598338065
Dominican Republic,DOM,2005,4.19020260472056
Dominican Republic,DOM,2006,7.57280523853073
Dominican Republic,DOM,2007,6.14356655248047
Dominican Republic,DOM,2008,10.6446210953711
Dominican Republic,DOM,2009,1.44215131834353
Dominican Republic,DOM,2010,6.32993220146146
Dominican Republic,DOM,2011,5.79676809206533
Dominican Republic,DOM,2012,3.69449707884776
Dominican Republic,DOM,2013,4.830950967408
Dominican Republic,DOM,2014,2.99864226125218
Dominican Republic,DOM,2015,0.836746346724556
Dominican Republic,DOM,2016,1.61416607245222
Dominican Republic,DOM,2017,3.27955694678546
Dominican Republic,DOM,2018,3.56443426013507
Dominican Republic,DOM,2019,1.81060377042959
Dominican Republic,DOM,2020,3.78103179915516
Dominican Republic,DOM,2021,8.24300347981809
Dominican Republic,DOM,2022,8.81109209279587
Dominican Republic,DOM,2023,4.78561281021135
Dominican Republic,DOM,2024,3.30223338951227
Ecuador,ECU,1960,1.67659912611284
Ecuador,ECU,1961,3.98562050634913
Ecuador,ECU,1962,2.87088531460986
Ecuador,ECU,1963,5.93950905922402
Ecuador,ECU,1964,4.03420453764311
Ecuador,ECU,1965,3.06907066175735
Ecuador,ECU,1966,5.45372692773345
Ecuador,ECU,1967,3.81813815731001
Ecuador,ECU,1968,4.31765612971036
Ecuador,ECU,1969,6.32668144851309
Ecuador,ECU,1970,5.17127612015708
Ecuador,ECU,1971,9.52167078004847
Ecuador,ECU,1972,7.52511790034726
Ecuador,ECU,1973,12.1281464590342
Ecuador,ECU,1974,22.7040816226157
Ecuador,ECU,1975,14.2896742946894
Ecuador,ECU,1976,10.1746301165654
Ecuador,ECU,1977,12.94441387237
Ecuador,ECU,1978,13.0981385838539
Ecuador,ECU,1979,10.1171908690015
Ecuador,ECU,1980,11.9092893836134
Ecuador,ECU,1981,14.0479686718867
Ecuador,ECU,1982,16.2844880461284
Ecuador,ECU,1983,48.4182220804492
Ecuador,ECU,1984,31.2195815120372
Ecuador,ECU,1985,27.9936107429224
Ecuador,ECU,1986,23.0302261142617
Ecuador,ECU,1987,29.5039972488395
Ecuador,ECU,1988,58.2162865413937
Ecuador,ECU,1989,75.6481901026385
Ecuador,ECU,1990,48.5191129963729
Ecuador,ECU,1991,48.718080675219
Ecuador,ECU,1992,54.6078215093596
Ecuador,ECU,1993,44.9550537592163
Ecuador,ECU,1994,27.3108817940495
Ecuador,ECU,1995,22.9341344145802
Ecuador,ECU,1996,24.4114592150674
Ecuador,ECU,1997,30.6575675722172
Ecuador,ECU,1998,36.0984331623885
Ecuador,ECU,1999,52.2420051858225
Ecuador,ECU,2000,96.0963756926096
Ecuador,ECU,2001,37.6767454518094
Ecuador,ECU,2002,12.4835980082094
Ecuador,ECU,2003,7.92936487461555
Ecuador,ECU,2004,2.74323198926704
Ecuador,ECU,2005,2.1682770118372
Ecuador,ECU,2006,3.29874846258215
Ecuador,ECU,2007,2.27618478002121
Ecuador,ECU,2008,8.40009593987462
Ecuador,ECU,2009,5.15996829181047
Ecuador,ECU,2010,3.55437734567842
Ecuador,ECU,2011,4.4745326579584
Ecuador,ECU,2012,5.10172180958665
Ecuador,ECU,2013,2.72177577710371
Ecuador,ECU,2014,3.58922016616663
Ecuador,ECU,2015,3.96664623255357
Ecuador,ECU,2016,1.72826463324532
Ecuador,ECU,2017,0.417335588666824
Ecuador,ECU,2018,-0.224103246005552
Ecuador,ECU,2019,0.266012515466155
Ecuador,ECU,2020,-0.338872392562139
Ecuador,ECU,2021,0.133251386096389
Ecuador,ECU,2022,3.46616972213076
Ecuador,ECU,2023,2.21568764237058
Ecuador,ECU,2024,1.54732515615369
"Egypt, Arab Rep.",EGY,1960,0.332829047091751
"Egypt, Arab Rep.",EGY,1961,0.693606754935329
"Egypt, Arab Rep.",EGY,1962,-3.00307658790783
"Egypt, Arab Rep.",EGY,1963,0.746645708135429
"Egypt, Arab Rep.",EGY,1964,3.66098294885467
"Egypt, Arab Rep.",EGY,1965,14.839004461624
"Egypt, Arab Rep.",EGY,1966,9.03644065817629
"Egypt, Arab Rep.",EGY,1967,0.701897484353739
"Egypt, Arab Rep.",EGY,1968,-1.6757594245691
"Egypt, Arab Rep.",EGY,1969,3.40982028243742
"Egypt, Arab Rep.",EGY,1970,3.76289859580536
"Egypt, Arab Rep.",EGY,1971,3.14042171394198
"Egypt, Arab Rep.",EGY,1972,2.10236334610112
"Egypt, Arab Rep.",EGY,1973,5.11218403908756
"Egypt, Arab Rep.",EGY,1974,10.0243177516483
"Egypt, Arab Rep.",EGY,1975,9.66969548151244
"Egypt, Arab Rep.",EGY,1976,10.3174158877413
"Egypt, Arab Rep.",EGY,1977,12.7321627929891
"Egypt, Arab Rep.",EGY,1978,11.0781003826139
"Egypt, Arab Rep.",EGY,1979,9.90436051231129
"Egypt, Arab Rep.",EGY,1980,20.8192249324218
"Egypt, Arab Rep.",EGY,1981,10.3172842245395
"Egypt, Arab Rep.",EGY,1982,14.8230088495576
"Egypt, Arab Rep.",EGY,1983,16.0798738833419
"Egypt, Arab Rep.",EGY,1984,17.0363663799607
"Egypt, Arab Rep.",EGY,1985,12.1067560598246
"Egypt, Arab Rep.",EGY,1986,23.8642898217366
"Egypt, Arab Rep.",EGY,1987,19.693593314763
"Egypt, Arab Rep.",EGY,1988,17.66348615313
"Egypt, Arab Rep.",EGY,1989,21.2618670886077
"Egypt, Arab Rep.",EGY,1990,16.7563747077691
"Egypt, Arab Rep.",EGY,1991,19.7485448195578
"Egypt, Arab Rep.",EGY,1992,13.6374241717218
"Egypt, Arab Rep.",EGY,1993,12.0897922868977
"Egypt, Arab Rep.",EGY,1994,8.15423128587096
"Egypt, Arab Rep.",EGY,1995,15.7422305021595
"Egypt, Arab Rep.",EGY,1996,7.18710369719992
"Egypt, Arab Rep.",EGY,1997,4.62560578826438
"Egypt, Arab Rep.",EGY,1998,3.87257546427489
"Egypt, Arab Rep.",EGY,1999,3.07949912638332
"Egypt, Arab Rep.",EGY,2000,2.68380535348546
"Egypt, Arab Rep.",EGY,2001,2.26975720475955
"Egypt, Arab Rep.",EGY,2002,2.73723855000334
"Egypt, Arab Rep.",EGY,2003,4.50777636319303
"Egypt, Arab Rep.",EGY,2004,11.2706193320519
"Egypt, Arab Rep.",EGY,2005,4.86939696871988
"Egypt, Arab Rep.",EGY,2006,7.64452644526434
"Egypt, Arab Rep.",EGY,2007,9.31896905799229
"Egypt, Arab Rep.",EGY,2008,18.3168316831684
"Egypt, Arab Rep.",EGY,2009,11.7634954386443
"Egypt, Arab Rep.",EGY,2010,11.2651882653185
"Egypt, Arab Rep.",EGY,2011,10.0649259874818
"Egypt, Arab Rep.",EGY,2012,7.11172943343082
"Egypt, Arab Rep.",EGY,2013,9.4697198106492
"Egypt, Arab Rep.",EGY,2014,10.0702154687481
"Egypt, Arab Rep.",EGY,2015,10.370490343517
"Egypt, Arab Rep.",EGY,2016,13.8136062148289
"Egypt, Arab Rep.",EGY,2017,29.5066083940038
"Egypt, Arab Rep.",EGY,2018,14.4014657807421
"Egypt, Arab Rep.",EGY,2019,9.15279959324803
"Egypt, Arab Rep.",EGY,2020,5.04493288977538
"Egypt, Arab Rep.",EGY,2021,5.21404940513042
"Egypt, Arab Rep.",EGY,2022,13.8956609775177
"Egypt, Arab Rep.",EGY,2023,33.8847763115546
"Egypt, Arab Rep.",EGY,2024,28.2705899322082
El Salvador,SLV,1960,-0.0389741990030698
El Salvador,SLV,1961,-2.682470368074193
El Salvador,SLV,1962,0.0961538463947943
El Salvador,SLV,1963,1.569004162589255
El Salvador,SLV,1964,1.757566204057473
El Salvador,SLV,1965,0.4569746729171241
El Salvador,SLV,1966,-1.187355435933738
El Salvador,SLV,1967,1.466916354723788
El Salvador,SLV,1968,2.537680713487923
El Salvador,SLV,1969,-0.1949902500381535
El Salvador,SLV,1970,2.81785392208514
El Salvador,SLV,1971,0.4458086676924745
El Salvador,SLV,1972,1.535215366788719
El Salvador,SLV,1973,6.391974203118369
El Salvador,SLV,1974,16.89903684223535
El Salvador,SLV,1975,19.08849965438626
El Salvador,SLV,1976,7.034689631988251
El Salvador,SLV,1977,11.8202775391489
El Salvador,SLV,1978,13.27512329213834
El Salvador,SLV,1979,14.05602473610618
El Salvador,SLV,1980,17.36696825640247
El Salvador,SLV,1981,14.79715162997331
El Salvador,SLV,1982,11.72888686546786
El Salvador,SLV,1983,13.31431773035241
El Salvador,SLV,1984,11.50716950573086
El Salvador,SLV,1985,22.32837505544156
El Salvador,SLV,1986,31.93501614727633
El Salvador,SLV,1987,24.86450033731246
El Salvador,SLV,1988,19.76116178588576
El Salvador,SLV,1989,17.6340799385345
El Salvador,SLV,1990,23.9991651130861
El Salvador,SLV,1991,14.4026748806266
El Salvador,SLV,1992,11.21448138019865
El Salvador,SLV,1993,18.50668833027141
El Salvador,SLV,1994,10.58580665264513
El Salvador,SLV,1995,10.02965645010182
El Salvador,SLV,1996,9.788920401799665
El Salvador,SLV,1997,4.490136278552036
El Salvador,SLV,1998,2.547059775541512
El Salvador,SLV,1999,0.5148271301929789
El Salvador,SLV,2000,2.27128756828723
El Salvador,SLV,2001,3.7508205747202
El Salvador,SLV,2002,1.865525036100772
El Salvador,SLV,2003,2.120390917333296
El Salvador,SLV,2004,4.451943923950449
El Salvador,SLV,2005,4.690948709037688
El Salvador,SLV,2006,4.037123594296121
El Salvador,SLV,2007,4.578085723771535
El Salvador,SLV,2008,6.707922935159387
El Salvador,SLV,2009,1.055950297312006
El Salvador,SLV,2010,1.179335768736726
El Salvador,SLV,2011,5.1289237668161
El Salvador,SLV,2012,1.729734815813832
El Salvador,SLV,2013,0.7576691845229727
El Salvador,SLV,2014,1.141344675382328
El Salvador,SLV,2015,-0.7313844873879571
El Salvador,SLV,2016,0.6040490869966101
El Salvador,SLV,2017,1.012354033155798
El Salvador,SLV,2018,1.090330005818922
El Salvador,SLV,2019,0.0753241350024612
El Salvador,SLV,2020,-0.3715902123240951
El Salvador,SLV,2021,3.466925853130816
El Salvador,SLV,2022,7.198616156098668
El Salvador,SLV,2023,4.045546942224766
El Salvador,SLV,2024,0.8537822925672883
Equatorial Guinea,GNQ,1986,-17.64042409203713
Equatorial Guinea,GNQ,1987,-13.17447274719274
Equatorial Guinea,GNQ,1988,2.523659305993913
Equatorial Guinea,GNQ,1989,6.166153846153629
Equatorial Guinea,GNQ,1990,0.8578715511247355
Equatorial Guinea,GNQ,1991,-3.425287356322015
Equatorial Guinea,GNQ,1992,-4.278743156391288
Equatorial Guinea,GNQ,1993,5.452284737332798
Equatorial Guinea,GNQ,1994,31.84101684163854
Equatorial Guinea,GNQ,1995,19.87243494834721
Equatorial Guinea,GNQ,1996,4.540727715402347
Equatorial Guinea,GNQ,1997,3.016505406943662
Equatorial Guinea,GNQ,1998,7.935710698141481
Equatorial Guinea,GNQ,1999,0.3722661703119278
Equatorial Guinea,GNQ,2000,4.802288869013977
Equatorial Guinea,GNQ,2001,8.825389258549661
Equatorial Guinea,GNQ,2002,7.5924784983324
Equatorial Guinea,GNQ,2003,7.323543993518087
Equatorial Guinea,GNQ,2004,4.219687870948341
Equatorial Guinea,GNQ,2005,5.631633513576132
Equatorial Guinea,GNQ,2006,4.415899841695609
Equatorial Guinea,GNQ,2007,2.803738317757037
Equatorial Guinea,GNQ,2008,6.551766911845354
Equatorial Guinea,GNQ,2009,4.691065677473749
Equatorial Guinea,GNQ,2010,7.789165479911835
Equatorial Guinea,GNQ,2011,4.805389221557
Equatorial Guinea,GNQ,2012,3.656620482788057
Equatorial Guinea,GNQ,2013,2.948876946396622
Equatorial Guinea,GNQ,2014,4.309998661491074
Equatorial Guinea,GNQ,2015,1.676630853159882
Equatorial Guinea,GNQ,2016,1.411939154790155
Equatorial Guinea,GNQ,2017,0.7443547466124104
Equatorial Guinea,GNQ,2018,1.060074106621712
Equatorial Guinea,GNQ,2019,1.53027528964189
Equatorial Guinea,GNQ,2020,4.766695239442282
Equatorial Guinea,GNQ,2021,-0.0971007664640198
Equatorial Guinea,GNQ,2022,4.78671704710803
Equatorial Guinea,GNQ,2023,2.859495060373218
Equatorial Guinea,GNQ,2024,2.921402273091033
Estonia,EST,1993,89.8119490277274
Estonia,EST,1994,47.6546906187628
Estonia,EST,1995,28.7766137208513
Estonia,EST,1996,23.0503433495169
Estonia,EST,1997,10.5818789322146
Estonia,EST,1998,8.20833333333297
Estonia,EST,1999,3.29611089718909
Estonia,EST,2000,4.01848952508763
Estonia,EST,2001,5.74827981651373
Estonia,EST,2002,3.57191270164026
Estonia,EST,2003,1.33499116549955
Estonia,EST,2004,3.04811107523416
Estonia,EST,2005,4.07971423199848
Estonia,EST,2006,4.43762042389213
Estonia,EST,2007,6.60132603055637
Estonia,EST,2008,10.3623580313682
Estonia,EST,2009,-0.0784083112809768
Estonia,EST,2010,2.97204512015693
Estonia,EST,2011,4.9819013145361
Estonia,EST,2012,3.93339987296985
Estonia,EST,2013,2.78056658954987
Estonia,EST,2014,-0.106175146521709
Estonia,EST,2015,-0.49232600654737
Estonia,EST,2016,0.148684907627372
Estonia,EST,2017,3.41723549488054
Estonia,EST,2018,3.43632688420446
Estonia,EST,2019,2.27725931243522
Estonia,EST,2020,-0.444531097679829
Estonia,EST,2021,4.65316673847472
Estonia,EST,2022,19.3982634080616
Estonia,EST,2023,9.15922507983982
Estonia,EST,2024,3.5194118998392
Eswatini,SWZ,1966,3.177521008420103
Eswatini,SWZ,1967,1.824043437949715
Eswatini,SWZ,1968,3.449425095242383
Eswatini,SWZ,1969,3.205541237703141
Eswatini,SWZ,1970,1.84953956571386
Eswatini,SWZ,1971,2.32166117555597
Eswatini,SWZ,1972,2.366332184899928
Eswatini,SWZ,1973,11.54352596964347
Eswatini,SWZ,1974,19.28777544569613
Eswatini,SWZ,1975,12.04574193216782
Eswatini,SWZ,1976,6.530912659492434
Eswatini,SWZ,1977,20.80512182761996
Eswatini,SWZ,1978,8.517614762916228
Eswatini,SWZ,1979,16.45351697007622
Eswatini,SWZ,1980,18.68397540349558
Eswatini,SWZ,1981,20.05579665225394
Eswatini,SWZ,1982,10.80742134184117
Eswatini,SWZ,1983,11.56752438340691
Eswatini,SWZ,1984,12.93972664127265
Eswatini,SWZ,1985,20.46263345195762
Eswatini,SWZ,1986,13.73707533234863
Eswatini,SWZ,1987,13.37662337662282
Eswatini,SWZ,1988,20.39456227811148
Eswatini,SWZ,1989,7.546164772727713
Eswatini,SWZ,1990,13.09228991249806
Eswatini,SWZ,1991,8.934306569342876
Eswatini,SWZ,1992,7.558295363173374
Eswatini,SWZ,1993,12.02342387241482
Eswatini,SWZ,1994,13.76932488043589
Eswatini,SWZ,1995,12.28859126014257
Eswatini,SWZ,1996,6.425213303152184
Eswatini,SWZ,1997,7.12532722513057
Eswatini,SWZ,1998,8.109965635738632
Eswatini,SWZ,1999,6.088860634314926
Eswatini,SWZ,2000,12.20853585458438
Eswatini,SWZ,2001,5.942109822816477
Eswatini,SWZ,2002,12.01971546992315
Eswatini,SWZ,2003,7.289999999999992
Eswatini,SWZ,2004,3.445335073166136
Eswatini,SWZ,2005,4.774004045537119
Eswatini,SWZ,2006,5.304639463387275
Eswatini,SWZ,2007,8.076088278615886
Eswatini,SWZ,2008,12.65746018639152
Eswatini,SWZ,2009,7.448234234457536
Eswatini,SWZ,2010,4.50923691774369
Eswatini,SWZ,2011,6.107427145902511
Eswatini,SWZ,2012,8.939646827882116
Eswatini,SWZ,2013,5.621306234689477
Eswatini,SWZ,2014,5.681348857764474
Eswatini,SWZ,2015,4.951244937049192
Eswatini,SWZ,2016,7.847274590856799
Eswatini,SWZ,2017,6.221375289331178
Eswatini,SWZ,2018,4.815061674615126
Eswatini,SWZ,2019,2.598016203110773
Ethiopia,ETH,1966,-1.36186770466907
Ethiopia,ETH,1967,0.808678501054678
Ethiopia,ETH,1968,0.182612665558995
Ethiopia,ETH,1969,1.42568843148626
Ethiopia,ETH,1970,10.1219512195636
Ethiopia,ETH,1971,0.536224281695193
Ethiopia,ETH,1972,-6.08151197179128
Ethiopia,ETH,1973,8.91358024695812
Ethiopia,ETH,1974,8.59215597391084
Ethiopia,ETH,1975,6.55010438394198
Ethiopia,ETH,1976,28.5378398237848
Ethiopia,ETH,1977,16.6571395908502
Ethiopia,ETH,1978,14.3081144649154
Ethiopia,ETH,1979,16.0322359396519
Ethiopia,ETH,1980,4.48253780600435
Ethiopia,ETH,1981,6.13596718680434
Ethiopia,ETH,1982,5.89006107723961
Ethiopia,ETH,1983,-0.675378064854717
Ethiopia,ETH,1984,8.41727378312052
Ethiopia,ETH,1985,19.0646851444406
Ethiopia,ETH,1986,-9.80876507050661
Ethiopia,ETH,1987,-2.42867248283368
Ethiopia,ETH,1988,7.08071532141089
Ethiopia,ETH,1989,7.81730118223048
Ethiopia,ETH,1990,5.15248124174767
Ethiopia,ETH,1991,35.7225982298715
Ethiopia,ETH,1992,10.5274440119592
Ethiopia,ETH,1993,3.54306596166032
Ethiopia,ETH,1994,7.59387600185336
Ethiopia,ETH,1995,10.0221733553238
Ethiopia,ETH,1996,-8.48424868948825
Ethiopia,ETH,1997,2.39520958083829
Ethiopia,ETH,1998,0.894801693964106
Ethiopia,ETH,1999,7.94144864137325
Ethiopia,ETH,2000,0.662458109266481
Ethiopia,ETH,2001,-8.23784453391136
Ethiopia,ETH,2002,0.6750891021708
Ethiopia,ETH,2003,13.6740452028271
Ethiopia,ETH,2004,3.32737047894847
Ethiopia,ETH,2005,9.96997123512891
Ethiopia,ETH,2006,12.2994763114824
Ethiopia,ETH,2007,17.2404008340897
Ethiopia,ETH,2008,44.3566858766951
Ethiopia,ETH,2009,8.48364404530282
Ethiopia,ETH,2010,8.14926402965082
Ethiopia,ETH,2011,33.2499598823344
Ethiopia,ETH,2012,23.600417677317
Ethiopia,ETH,2013,7.46402192944517
Ethiopia,ETH,2014,6.89001951597191
Ethiopia,ETH,2015,9.56889955968623
Ethiopia,ETH,2016,6.62813337230924
Ethiopia,ETH,2017,10.6871150284238
Ethiopia,ETH,2018,13.8330356586661
Ethiopia,ETH,2019,15.8096321719344
Ethiopia,ETH,2020,20.3563468559061
Ethiopia,ETH,2021,26.8395221557722
Ethiopia,ETH,2022,33.8898797100898
Ethiopia,ETH,2023,30.2188278135278
Ethiopia,ETH,2024,21.037746057771
Fiji,FJI,1970,4.12417856333567
Fiji,FJI,1971,9.138193688792
Fiji,FJI,1972,21.978504057907
Fiji,FJI,1973,11.0853182063401
Fiji,FJI,1974,14.4984695078881
Fiji,FJI,1975,13.0648809829824
Fiji,FJI,1976,11.4324364264689
Fiji,FJI,1977,7.00630444983923
Fiji,FJI,1978,6.10807100501505
Fiji,FJI,1979,7.80675824952113
Fiji,FJI,1980,14.4928744064522
Fiji,FJI,1981,11.180666763762
Fiji,FJI,1982,7.03155689389487
Fiji,FJI,1983,6.70418399801419
Fiji,FJI,1984,5.29121761072432
Fiji,FJI,1985,4.42097239621908
Fiji,FJI,1986,1.79884248433801
Fiji,FJI,1987,5.66377475855221
Fiji,FJI,1988,11.7583268783888
Fiji,FJI,1989,6.18935403382354
Fiji,FJI,1990,8.19137132040969
Fiji,FJI,1991,6.49734555984547
Fiji,FJI,1992,4.88302271568615
Fiji,FJI,1993,5.20658925195764
Fiji,FJI,1994,0.816666666667011
Fiji,FJI,1995,2.16564721441536
Fiji,FJI,1996,3.05016181229797
Fiji,FJI,1997,3.36814006437943
Fiji,FJI,1998,5.71168160413118
Fiji,FJI,1999,1.96867366000919
Fiji,FJI,2000,1.09216459977387
Fiji,FJI,2001,4.27267024465105
Fiji,FJI,2002,0.762032085561206
Fiji,FJI,2003,4.17274777763034
Fiji,FJI,2004,2.827485193912
Fiji,FJI,2005,2.36576453830433
Fiji,FJI,2006,2.49083638787078
Fiji,FJI,2007,4.80370641306988
Fiji,FJI,2008,7.73227857918421
Fiji,FJI,2009,3.13103559015967
Fiji,FJI,2010,3.6890122967076
Fiji,FJI,2011,7.278117827085
Fiji,FJI,2012,3.42337523401979
Fiji,FJI,2013,2.91354193603992
Fiji,FJI,2014,0.519306474579106
Fiji,FJI,2015,1.37488542621446
Fiji,FJI,2016,3.86322538221277
Fiji,FJI,2017,3.34757834757831
Fiji,FJI,2018,4.08147637644542
Fiji,FJI,2019,1.79388647514555
Fiji,FJI,2020,-1.70014167847317
Fiji,FJI,2021,1.53454853751591
Fiji,FJI,2022,6.07882431529724
Fiji,FJI,2023,2.97544080604538
Fiji,FJI,2024,3.89084237884105
Finland,FIN,1960,3.41812725350792
Finland,FIN,1961,1.69100191533953
Finland,FIN,1962,4.38398278172668
Finland,FIN,1963,4.99638188645285
Finland,FIN,1964,10.2758607417486
Finland,FIN,1965,4.94058806755308
Finland,FIN,1966,3.87365401861324
Finland,FIN,1967,5.37778183372857
Finland,FIN,1968,9.19166799519512
Finland,FIN,1969,2.20561093521245
Finland,FIN,1970,2.7404204305122
Finland,FIN,1971,6.47576543061856
Finland,FIN,1972,6.66249783515327
Finland,FIN,1973,10.7544718831368
Finland,FIN,1974,16.9363999989274
Finland,FIN,1975,17.8113972340212
Finland,FIN,1976,14.3426930852257
Finland,FIN,1977,11.7933469184053
Finland,FIN,1978,7.79935074552145
Finland,FIN,1979,7.46696151310738
Finland,FIN,1980,11.5946192492107
Finland,FIN,1981,11.3057566509548
Finland,FIN,1982,9.58492764677445
Finland,FIN,1983,8.3662926064564
Finland,FIN,1984,7.06765638328172
Finland,FIN,1985,5.19562195429435
Finland,FIN,1986,2.93357920442326
Finland,FIN,1987,4.11302886205057
Finland,FIN,1988,5.0859286139488
Finland,FIN,1989,6.5929098018913
Finland,FIN,1990,6.14956531179849
Finland,FIN,1991,4.31021289843465
Finland,FIN,1992,2.91932319285011
Finland,FIN,1993,2.19065319556436
Finland,FIN,1994,1.08855677589404
Finland,FIN,1995,0.791239406938497
Finland,FIN,1996,0.629194238120965
Finland,FIN,1997,1.19255883425839
Finland,FIN,1998,1.3994737857984
Finland,FIN,1999,1.16223155669444
Finland,FIN,2000,3.04210080667795
Finland,FIN,2001,2.57844080098895
Finland,FIN,2002,1.57122012789379
Finland,FIN,2003,0.877440386254785
Finland,FIN,2004,0.187120559084418
Finland,FIN,2005,0.62387445002519
Finland,FIN,2006,1.56666380704386
Finland,FIN,2007,2.5106656524034
Finland,FIN,2008,4.06595355358379
Finland,FIN,2009,-9.17360384430342e-07
Finland,FIN,2010,1.18413523154646
Finland,FIN,2011,3.41680754255211
Finland,FIN,2012,2.80833622561573
Finland,FIN,2013,1.47828615688809
Finland,FIN,2014,1.04119621178439
Finland,FIN,2015,-0.207928839905268
Finland,FIN,2016,0.356684500891695
Finland,FIN,2017,0.754015047084346
Finland,FIN,2018,1.08382098409305
Finland,FIN,2019,1.0240939296343
Finland,FIN,2020,0.290554555653239
Finland,FIN,2021,2.19457432340007
Finland,FIN,2022,7.12350773301402
Finland,FIN,2023,6.25064322154762
Finland,FIN,2024,1.56568906231615
France,FRA,1960,4.13993575518436
France,FRA,1961,2.4004610454631
France,FRA,1962,5.33128007065639
France,FRA,1963,4.99915289796849
France,FRA,1964,3.21119170293105
France,FRA,1965,2.70310455873084
France,FRA,1966,2.60200076636451
France,FRA,1967,2.79177709435142
France,FRA,1968,4.54320486402014
France,FRA,1969,6.045962841739
France,FRA,1970,5.29964124562667
France,FRA,1971,5.3975186559511
France,FRA,1972,6.06300309718186
France,FRA,1973,7.38060106398917
France,FRA,1974,13.6493174728137
France,FRA,1975,11.6859272493228
France,FRA,1976,9.62549578155532
France,FRA,1977,9.49455467190425
France,FRA,1978,9.2505584672444
France,FRA,1979,10.6467341716662
France,FRA,1980,13.5625788483016
France,FRA,1981,13.3144055680072
France,FRA,1982,11.9784719523804
France,FRA,1983,9.45954847235315
France,FRA,1984,7.67380262247318
France,FRA,1985,5.83109973854513
France,FRA,1986,2.53852591781413
France,FRA,1987,3.28889821400135
France,FRA,1988,2.70081527508114
France,FRA,1989,3.49830220700752
France,FRA,1990,3.19428338029481
France,FRA,1991,3.21340732409677
France,FRA,1992,2.36376046269355
France,FRA,1993,2.10446277124642
France,FRA,1994,1.65551532926999
France,FRA,1995,1.79648142095589
France,FRA,1996,1.98288365089738
France,FRA,1997,1.20394294026963
France,FRA,1998,0.651126867833072
France,FRA,1999,0.537141639134596
France,FRA,2000,1.67595988720928
France,FRA,2001,1.63478079549599
France,FRA,2002,1.92341228727063
France,FRA,2003,2.09847219146919
France,FRA,2004,2.14208964640238
France,FRA,2005,1.74586936380487
France,FRA,2006,1.67512449608726
France,FRA,2007,1.48799805953859
France,FRA,2008,2.81286194914785
France,FRA,2009,0.0876204781574653
France,FRA,2010,1.53112270420918
France,FRA,2011,2.11159795175
France,FRA,2012,1.95419531613509
France,FRA,2013,0.863715497861804
France,FRA,2014,0.507758822937989
France,FRA,2015,0.0375143805125181
France,FRA,2016,0.183334861123764
France,FRA,2017,1.03228275064681
France,FRA,2018,1.85081508315492
France,FRA,2019,1.10825492288293
France,FRA,2020,0.476498852725065
France,FRA,2021,1.64233141038393
France,FRA,2022,5.22236748369725
France,FRA,2023,4.8783572650844
France,FRA,2024,1.99904942291462
Gabon,GAB,1963,7.158333332499956
Gabon,GAB,1964,3.328408119008304
Gabon,GAB,1965,2.438473695959194
Gabon,GAB,1966,3.644111380967695
Gabon,GAB,1967,1.977741546826663
Gabon,GAB,1968,2.335604059298392
Gabon,GAB,1969,2.975139247396499
Gabon,GAB,1970,3.812664907667902
Gabon,GAB,1971,3.863260897015763
Gabon,GAB,1972,3.4870916434787
Gabon,GAB,1973,6.207141168143387
Gabon,GAB,1974,12.07280418566191
Gabon,GAB,1975,28.45294263723375
Gabon,GAB,1976,20.17156446397207
Gabon,GAB,1977,13.85256908628412
Gabon,GAB,1978,10.76416909768074
Gabon,GAB,1979,7.952698537514438
Gabon,GAB,1980,12.34035925656025
Gabon,GAB,1981,8.706502148930054
Gabon,GAB,1982,16.68579687974915
Gabon,GAB,1983,10.67193675889338
Gabon,GAB,1984,5.857142857142951
Gabon,GAB,1985,7.3549257759783
Gabon,GAB,1986,6.285355122564509
Gabon,GAB,1987,-0.9461856889414412
Gabon,GAB,1988,-8.77611940298511
Gabon,GAB,1989,6.740837696334983
Gabon,GAB,1990,7.72532188841208
Gabon,GAB,1991,-11.68611269208882
Gabon,GAB,1992,-9.542913303365754
Gabon,GAB,1993,0.5337465564741912
Gabon,GAB,1994,36.11624569629852
Gabon,GAB,1995,9.64653104079616
Gabon,GAB,1996,0.6896933772816383
Gabon,GAB,1997,3.973450075452996
Gabon,GAB,1998,1.448738542945982
Gabon,GAB,1999,-1.93660397603626
Gabon,GAB,2000,0.5049200258348586
Gabon,GAB,2001,2.137620527014649
Gabon,GAB,2002,0.0366828893971394
Gabon,GAB,2003,2.235353135515361
Gabon,GAB,2004,0.4082053074392502
Gabon,GAB,2005,3.708333333333035
Gabon,GAB,2006,-1.409401366009797
Gabon,GAB,2007,5.03031883679951
Gabon,GAB,2008,5.264301455752853
Gabon,GAB,2009,1.885707545779184
Gabon,GAB,2010,1.46154402720469
Gabon,GAB,2011,1.26331707837421
Gabon,GAB,2012,2.652418286956261
Gabon,GAB,2013,0.5054410589156145
Gabon,GAB,2014,4.690457518262837
Gabon,GAB,2015,-0.3387951887534059
Gabon,GAB,2016,2.106707127840543
Gabon,GAB,2017,2.651925831439018
Gabon,GAB,2018,4.749066520832215
Gabon,GAB,2019,2.464567561511867
Gabon,GAB,2020,1.352761106753326
Gabon,GAB,2021,1.086907465194095
Gabon,GAB,2022,4.231247982745795
Gabon,GAB,2023,3.629015341853759
Gabon,GAB,2024,1.17311998381218
"Gambia, The",GMB,1962,1.787617876105171
"Gambia, The",GMB,1963,4.616128252987213
"Gambia, The",GMB,1964,-4.53565378123679
"Gambia, The",GMB,1965,1.218036621688556
"Gambia, The",GMB,1966,0.2390819253282196
"Gambia, The",GMB,1967,1.407218953816767
"Gambia, The",GMB,1968,4.178753430128872
"Gambia, The",GMB,1969,5.012040938840165
"Gambia, The",GMB,1970,-1.985093879619951
"Gambia, The",GMB,1971,3.056225780450084
"Gambia, The",GMB,1972,8.698119900794353
"Gambia, The",GMB,1973,6.918608445890195
"Gambia, The",GMB,1974,9.236310359668533
"Gambia, The",GMB,1975,25.92499999949994
"Gambia, The",GMB,1976,17.02733108325194
"Gambia, The",GMB,1977,12.38973083012857
"Gambia, The",GMB,1978,8.85534591214091
"Gambia, The",GMB,1979,6.128957707342815
"Gambia, The",GMB,1980,6.824615652477968
"Gambia, The",GMB,1981,5.944227006144452
"Gambia, The",GMB,1982,10.85584545530891
"Gambia, The",GMB,1983,10.63630367613855
"Gambia, The",GMB,1984,22.09845941453268
"Gambia, The",GMB,1985,18.31988487427302
"Gambia, The",GMB,1986,56.56017201350402
"Gambia, The",GMB,1987,23.52916695569413
"Gambia, The",GMB,1988,11.69058688767633
"Gambia, The",GMB,1989,8.275016087515917
"Gambia, The",GMB,1990,12.16778411306958
"Gambia, The",GMB,1991,8.642343259734378
"Gambia, The",GMB,1992,9.486542506171633
"Gambia, The",GMB,1993,6.463804227538466
"Gambia, The",GMB,1994,1.710206323056372
"Gambia, The",GMB,1995,6.98097441830556
"Gambia, The",GMB,1996,1.099488707710178
"Gambia, The",GMB,1997,2.781227900232293
"Gambia, The",GMB,1998,1.114188411747133
"Gambia, The",GMB,1999,3.812372053660197
"Gambia, The",GMB,2000,0.8449695667737002
"Gambia, The",GMB,2001,4.492596092397543
"Gambia, The",GMB,2002,8.60912474386327
"Gambia, The",GMB,2003,17.03286654319883
"Gambia, The",GMB,2004,14.20674328455688
"Gambia, The",GMB,2005,4.838621775431567
"Gambia, The",GMB,2006,2.056503423659901
"Gambia, The",GMB,2007,5.369134738019567
"Gambia, The",GMB,2008,4.443654909450098
"Gambia, The",GMB,2009,4.561506876709827
"Gambia, The",GMB,2010,5.049680758574017
"Gambia, The",GMB,2011,4.7958826618311
"Gambia, The",GMB,2012,4.254321998138986
"Gambia, The",GMB,2013,5.69912989637382
"Gambia, The",GMB,2014,5.947999356966258
"Gambia, The",GMB,2015,6.8084549457960994
"Gambia, The",GMB,2016,7.228792720579224
"Gambia, The",GMB,2017,8.034189745459113
"Gambia, The",GMB,2018,6.520968239465726
"Gambia, The",GMB,2019,7.115676256311922
"Gambia, The",GMB,2020,5.931276365624406
"Gambia, The",GMB,2021,7.370347588766179
"Gambia, The",GMB,2022,11.51311983805049
"Gambia, The",GMB,2023,16.97421296323269
"Gambia, The",GMB,2024,11.56105328975111
Georgia,GEO,1995,162.717152150377
Georgia,GEO,1996,39.35749999871458
Georgia,GEO,1997,7.087617629487261
Georgia,GEO,1998,3.566807812787829
Georgia,GEO,1999,19.19267582188947
Georgia,GEO,2000,4.063962013825961
Georgia,GEO,2001,4.64604442058634
Georgia,GEO,2002,5.587837300007943
Georgia,GEO,2003,0.837734531536568
Georgia,GEO,2004,5.656326361911319
Georgia,GEO,2005,8.247090431141581
Georgia,GEO,2006,9.160965083944967
Georgia,GEO,2007,9.244897455924036
Georgia,GEO,2008,9.99948761552747
Georgia,GEO,2009,1.727514611379096
Georgia,GEO,2010,7.110178974860989
Georgia,GEO,2011,8.5429333333333
Georgia,GEO,2012,-0.943658853270964
Georgia,GEO,2013,-0.5120584109470924
Georgia,GEO,2014,3.068812103795431
Georgia,GEO,2015,4.003578206950973
Georgia,GEO,2016,2.134927139391212
Georgia,GEO,2017,6.035317252721169
Georgia,GEO,2018,2.615244713976705
Georgia,GEO,2019,4.852898216967227
Georgia,GEO,2020,5.202464889753404
Georgia,GEO,2021,9.566914338247692
Georgia,GEO,2022,11.89816542031976
Georgia,GEO,2023,2.487760565787146
Georgia,GEO,2024,1.109717580220962
Germany,DEU,1960,1.53661234295201
Germany,DEU,1961,2.29369500700884
Germany,DEU,1962,2.84327019799061
Germany,DEU,1963,2.9669597758771
Germany,DEU,1964,2.33573581177832
Germany,DEU,1965,3.24231923668133
Germany,DEU,1966,3.53306035477689
Germany,DEU,1967,1.79604992213174
Germany,DEU,1968,1.470289313277
Germany,DEU,1969,1.91267848797595
Germany,DEU,1970,3.45024936360894
Germany,DEU,1971,5.24097448273094
Germany,DEU,1972,5.4849331221432
Germany,DEU,1973,7.03202399303898
Germany,DEU,1974,6.98643109327497
Germany,DEU,1975,5.91033626324104
Germany,DEU,1976,4.24663102299209
Germany,DEU,1977,3.73416240635147
Germany,DEU,1978,2.71869696123338
Germany,DEU,1979,4.04362006473399
Germany,DEU,1980,5.44105754460346
Germany,DEU,1981,6.34424277746325
Germany,DEU,1982,5.24104507228422
Germany,DEU,1983,3.29341474302853
Germany,DEU,1984,2.40579339931959
Germany,DEU,1985,2.0662330121658
Germany,DEU,1986,-0.129413360854742
Germany,DEU,1987,0.249906108705029
Germany,DEU,1988,1.27411894006923
Germany,DEU,1989,2.78056955569751
Germany,DEU,1990,2.69646824292392
Germany,DEU,1991,4.04703259753466
Germany,DEU,1992,5.0569779673173
Germany,DEU,1993,4.47457650752808
Germany,DEU,1994,2.69305639854954
Germany,DEU,1995,1.70616041317076
Germany,DEU,1996,1.44972701963238
Germany,DEU,1997,1.93937198922729
Germany,DEU,1998,0.911183535014403
Germany,DEU,1999,0.585433064230783
Germany,DEU,2000,1.44026838719741
Germany,DEU,2001,1.98385731334471
Germany,DEU,2002,1.42080615551526
Germany,DEU,2003,1.03422218628562
Germany,DEU,2004,1.66573696655991
Germany,DEU,2005,1.54691114751328
Germany,DEU,2006,1.57742642840563
Germany,DEU,2007,2.2983440070095
Germany,DEU,2008,2.62837981637219
Germany,DEU,2009,0.312739007368446
Germany,DEU,2010,1.1038103778926
Germany,DEU,2011,2.07517283735874
Germany,DEU,2012,2.00848884782956
Germany,DEU,2013,1.50472330251876
Germany,DEU,2014,0.906794000434245
Germany,DEU,2015,0.514426137125456
Germany,DEU,2016,0.491747008445174
Germany,DEU,2017,1.50949485109628
Germany,DEU,2018,1.73216879766941
Germany,DEU,2019,1.44565976888253
Germany,DEU,2020,0.144877925813981
Germany,DEU,2021,3.06666666666673
Germany,DEU,2022,6.87257438551096
Germany,DEU,2023,5.94643667725823
Germany,DEU,2024,2.2564981433876
Ghana,GHA,1965,26.44478484901733
Ghana,GHA,1966,13.23788546265387
Ghana,GHA,1967,-8.42248589780283
Ghana,GHA,1968,7.89473684210539
Ghana,GHA,1969,7.317073162601248
Ghana,GHA,1970,3.030303030532654
Ghana,GHA,1971,9.558823537467722
Ghana,GHA,1972,10.06711409395949
Ghana,GHA,1973,17.68292682317107
Ghana,GHA,1974,18.13471502684633
Ghana,GHA,1975,29.82456140481681
Ghana,GHA,1976,56.08108108297558
Ghana,GHA,1977,116.4502164536386
Ghana,GHA,1978,73.09166666734303
Ghana,GHA,1979,54.44128833456161
Ghana,GHA,1980,50.07013934363644
Ghana,GHA,1981,116.5036039965411
Ghana,GHA,1982,22.29556640808933
Ghana,GHA,1983,122.8745145725921
Ghana,GHA,1984,39.66531379472676
Ghana,GHA,1985,10.30544066982954
Ghana,GHA,1986,24.56541607650007
Ghana,GHA,1987,39.81506787753632
Ghana,GHA,1988,31.35926762647684
Ghana,GHA,1989,25.22369202958248
Ghana,GHA,1990,37.25906648556708
Ghana,GHA,1991,18.03143900898491
Ghana,GHA,1992,10.05611674488413
Ghana,GHA,1993,24.95984247424968
Ghana,GHA,1994,24.87025543695763
Ghana,GHA,1995,59.46155369914462
Ghana,GHA,1996,46.56101967622823
Ghana,GHA,1997,27.88520864075274
Ghana,GHA,1998,14.62416666666746
Ghana,GHA,1999,4.865397850775285
Ghana,GHA,2000,40.24093312391401
Ghana,GHA,2001,41.50949628780302
Ghana,GHA,2002,9.360932395603127
Ghana,GHA,2003,29.77297971603836
Ghana,GHA,2004,18.04273882325649
Ghana,GHA,2005,15.43899201559083
Ghana,GHA,2006,11.67918393924918
Ghana,GHA,2007,10.7342665456292
Ghana,GHA,2008,16.49463961341201
Ghana,GHA,2009,19.24694822208571
Ghana,GHA,2010,10.73338983549149
Ghana,GHA,2011,8.7284593709302
Ghana,GHA,2012,11.18634094410672
Ghana,GHA,2013,11.66619230717286
Ghana,GHA,2014,15.48961603333184
Ghana,GHA,2015,17.14996950078776
Ghana,GHA,2016,17.45463470708676
Ghana,GHA,2017,12.37192155070485
Ghana,GHA,2018,7.80876516610703
Ghana,GHA,2019,7.143640033308569
Ghana,GHA,2020,9.887289562699442
Ghana,GHA,2021,9.971088675044395
Ghana,GHA,2022,31.25589510490163
Ghana,GHA,2023,38.10696562965015
Ghana,GHA,2024,22.84832811578422
Greece,GRC,1960,1.477847584933761
Greece,GRC,1961,2.103579349970249
Greece,GRC,1962,-0.4754282910499135
Greece,GRC,1963,3.184662727915995
Greece,GRC,1964,0.6173029785126092
Greece,GRC,1965,3.220872469970955
Greece,GRC,1966,4.903415961306008
Greece,GRC,1967,1.841357027505897
Greece,GRC,1968,0.1390605835078319
Greece,GRC,1969,2.638918688354847
Greece,GRC,1970,2.841670678841101
Greece,GRC,1971,3.289470722303333
Greece,GRC,1972,4.331201232033557
Greece,GRC,1973,15.38462407021277
Greece,GRC,1974,26.56084658673485
Greece,GRC,1975,13.62876178217542
Greece,GRC,1976,13.02427945879555
Greece,GRC,1977,12.36979708750779
Greece,GRC,1978,12.57242567244419
Greece,GRC,1979,19.09417468087665
Greece,GRC,1980,24.67589397362335
Greece,GRC,1981,24.50606759779644
Greece,GRC,1982,20.99108862200169
Greece,GRC,1983,20.17948128921378
Greece,GRC,1984,18.45681320501867
Greece,GRC,1985,19.31469294066431
Greece,GRC,1986,23.0154508205012
Greece,GRC,1987,16.39686316353641
Greece,GRC,1988,13.52885832150482
Greece,GRC,1989,13.65556387236124
Greece,GRC,1990,20.433499109463
Greece,GRC,1991,19.45584564457454
Greece,GRC,1992,15.87707379239188
Greece,GRC,1993,14.41126444393487
Greece,GRC,1994,10.87407568091309
Greece,GRC,1995,8.93451415961512
Greece,GRC,1996,8.194552176327282
Greece,GRC,1997,5.536002667734823
Greece,GRC,1998,4.766225723976454
Greece,GRC,1999,2.636633060219802
Greece,GRC,2000,3.151181624938268
Greece,GRC,2001,3.373968322138647
Greece,GRC,2002,3.629358718788738
Greece,GRC,2003,3.530650277655543
Greece,GRC,2004,2.898848107581673
Greece,GRC,2005,3.545072733350802
Greece,GRC,2006,3.195946841445435
Greece,GRC,2007,2.895003215165784
Greece,GRC,2008,4.152797081102902
Greece,GRC,2009,1.210072691978092
Greece,GRC,2010,4.712989077603949
Greece,GRC,2011,3.3298532335065
Greece,GRC,2012,1.501526961777577
Greece,GRC,2013,-0.9212694542568984
Greece,GRC,2014,-1.312260964055254
Greece,GRC,2015,-1.735888047652747
Greece,GRC,2016,-0.8256539783910328
Greece,GRC,2017,1.121254520314255
Greece,GRC,2018,0.6256214134536403
Greece,GRC,2019,0.2530075220380588
Greece,GRC,2020,-1.247983555814054
Greece,GRC,2021,1.223825010198544
Greece,GRC,2022,9.645259812806424
Greece,GRC,2023,3.464801285134052
Greece,GRC,2024,2.741018756794773
Grenada,GRD,1977,18.45688350983372
Grenada,GRD,1978,18.13537675606647
Grenada,GRD,1979,20.88288288288313
Grenada,GRD,1980,21.82143389476799
Grenada,GRD,1981,18.78747094090257
Grenada,GRD,1982,7.812741412164894
Grenada,GRD,1983,6.095347281933436
Grenada,GRD,1984,5.659612787032883
Grenada,GRD,1985,2.501384923509793
Grenada,GRD,1986,0.5570799035505318
Grenada,GRD,1987,-0.8723333884575093
Grenada,GRD,1988,4.000000000000132
Grenada,GRD,1989,5.592948717948956
Grenada,GRD,1990,2.724237365305252
Grenada,GRD,1991,2.644603678806777
Grenada,GRD,1992,3.778337531486177
Grenada,GRD,1993,2.808599167822453
Grenada,GRD,1994,3.770657672849649
Grenada,GRD,1995,1.868824752989779
Grenada,GRD,1996,2.032351721277825
Grenada,GRD,1997,1.244527829893434
Grenada,GRD,1998,1.377693303894964
Grenada,GRD,1999,0.5774276386771193
Grenada,GRD,2000,2.18181818181821
Grenada,GRD,2001,3.140993052025434
Grenada,GRD,2002,1.067215479928745
Grenada,GRD,2003,2.154928099086793
Grenada,GRD,2004,2.312916782261104
Grenada,GRD,2005,3.475806937554001
Grenada,GRD,2006,4.251953219779671
Grenada,GRD,2007,3.858829224696526
Grenada,GRD,2008,8.033273276503401
Grenada,GRD,2009,-0.3086547795856416
Grenada,GRD,2010,3.436509059433511
Grenada,GRD,2011,3.0334728033474
Grenada,GRD,2012,2.410777040218625
Grenada,GRD,2013,-0.0439997864828058
Grenada,GRD,2014,-0.9836030555549796
Grenada,GRD,2015,-0.5154480314353295
Grenada,GRD,2016,1.650389944315728
Grenada,GRD,2017,0.9084582558742492
Grenada,GRD,2018,0.8041023132770334
Grenada,GRD,2019,0.5981497647360223
Grenada,GRD,2020,-0.7407325970454977
Grenada,GRD,2021,1.219511939168379
Grenada,GRD,2022,2.580539259079196
Grenada,GRD,2023,2.696122698145644
Grenada,GRD,2024,1.086153651347365
Guatemala,GTM,1960,-1.190693153460005
Guatemala,GTM,1961,-0.5533353827265639
Guatemala,GTM,1962,2.05255023209699
Guatemala,GTM,1963,0.1514508993759137
Guatemala,GTM,1964,-0.1935639970365518
Guatemala,GTM,1965,-0.8000000000035367
Guatemala,GTM,1966,0.6842619744652345
Guatemala,GTM,1967,0.485436893448745
Guatemala,GTM,1968,1.926328502300859
Guatemala,GTM,1969,2.097280644715766
Guatemala,GTM,1970,2.34433934881414
Guatemala,GTM,1971,-0.4535918807638048
Guatemala,GTM,1972,0.5297032523230116
Guatemala,GTM,1973,13.79603399450191
Guatemala,GTM,1974,16.49489668901339
Guatemala,GTM,1975,13.15924437985824
Guatemala,GTM,1976,10.72499999925003
Guatemala,GTM,1977,12.32457968609989
Guatemala,GTM,1978,8.287976249577042
Guatemala,GTM,1979,11.34338588116072
Guatemala,GTM,1980,10.82384323354108
Guatemala,GTM,1981,11.43306795035048
Guatemala,GTM,1982,0.3073855614370724
Guatemala,GTM,1983,4.538678151332532
Guatemala,GTM,1984,3.406750118377937
Guatemala,GTM,1985,18.68679129712383
Guatemala,GTM,1986,36.93112129650162
Guatemala,GTM,1987,12.32321327550458
Guatemala,GTM,1988,10.83270376899122
Guatemala,GTM,1989,11.38713219979581
Guatemala,GTM,1990,41.22186713809726
Guatemala,GTM,1991,33.16642191675347
Guatemala,GTM,1992,10.04591799840882
Guatemala,GTM,1993,11.81969017462566
Guatemala,GTM,1994,10.85532114943909
Guatemala,GTM,1995,8.411413122705664
Guatemala,GTM,1996,11.05691653219874
Guatemala,GTM,1997,9.232902948849349
Guatemala,GTM,1998,6.613460705180581
Guatemala,GTM,1999,5.213610586011222
Guatemala,GTM,2000,5.977577347371358
Guatemala,GTM,2001,7.285873666101375
Guatemala,GTM,2002,8.13263054281054
Guatemala,GTM,2003,5.60347675434469
Guatemala,GTM,2004,7.578622473097291
Guatemala,GTM,2005,9.108649857192203
Guatemala,GTM,2006,6.560852827953838
Guatemala,GTM,2007,6.821617535903265
Guatemala,GTM,2008,11.355761126315
Guatemala,GTM,2009,1.859102547330285
Guatemala,GTM,2010,3.859509098331602
Guatemala,GTM,2011,6.214123930671
Guatemala,GTM,2012,3.781807546796779
Guatemala,GTM,2013,4.343371312795206
Guatemala,GTM,2014,3.418361696629597
Guatemala,GTM,2015,2.388720328395503
Guatemala,GTM,2016,4.448441999428269
Guatemala,GTM,2017,4.424536551825459
Guatemala,GTM,2018,3.75186186704508
Guatemala,GTM,2019,3.699983980086048
Guatemala,GTM,2020,3.214440621973451
Guatemala,GTM,2021,4.261051274228131
Guatemala,GTM,2022,6.885128233442869
Guatemala,GTM,2023,6.206575922721259
Guatemala,GTM,2024,2.869927529182938
Guinea,GIN,2005,31.3733025877534
Guinea,GIN,2006,34.69527059970722
Guinea,GIN,2007,18.17556561085974
Guinea,GIN,2008,23.06561293879799
Guinea,GIN,2009,4.684388689765041
Guinea,GIN,2010,15.05026885590008
Guinea,GIN,2011,21.3169268542577
Guinea,GIN,2012,15.2262941038638
Guinea,GIN,2013,11.88758844818276
Guinea,GIN,2014,6.150505567064199
Guinea,GIN,2015,11.78008250298339
Guinea,GIN,2016,8.172681122751316
Guinea,GIN,2017,8.91435947913097
Guinea,GIN,2018,9.827617012591912
Guinea,GIN,2019,9.470010392530124
Guinea,GIN,2020,10.60162033871666
Guinea,GIN,2021,12.59728825669343
Guinea,GIN,2022,10.49304099844241
Guinea,GIN,2023,7.804975919279735
Guinea,GIN,2024,8.123139149485961
Guinea-Bissau,GNB,1988,60.2817826333536
Guinea-Bissau,GNB,1989,80.78814064362332
Guinea-Bissau,GNB,1990,33.00197783180257
Guinea-Bissau,GNB,1991,57.59528475056636
Guinea-Bissau,GNB,1992,69.58363639937932
Guinea-Bissau,GNB,1993,48.10816606870667
Guinea-Bissau,GNB,1994,15.17634743134412
Guinea-Bissau,GNB,1995,45.36530836218561
Guinea-Bissau,GNB,1996,50.73405496121191
Guinea-Bissau,GNB,1997,49.10092357695305
Guinea-Bissau,GNB,1998,8.013755189656028
Guinea-Bissau,GNB,1999,-2.086305132235272
Guinea-Bissau,GNB,2000,8.636320949302783
Guinea-Bissau,GNB,2001,3.348122655271079
Guinea-Bissau,GNB,2002,3.300121752837517
Guinea-Bissau,GNB,2003,-3.50258551103421
Guinea-Bissau,GNB,2004,0.8833026969309434
Guinea-Bissau,GNB,2005,3.329199228028556
Guinea-Bissau,GNB,2006,1.954737176289165
Guinea-Bissau,GNB,2007,4.617437722419966
Guinea-Bissau,GNB,2008,10.46007313547063
Guinea-Bissau,GNB,2009,-1.65139733620775
Guinea-Bissau,GNB,2010,2.517851401717014
Guinea-Bissau,GNB,2011,5.046102263202
Guinea-Bissau,GNB,2012,2.130545802745028
Guinea-Bissau,GNB,2013,1.207125556684045
Guinea-Bissau,GNB,2014,-1.509244605704939
Guinea-Bissau,GNB,2015,1.476720489104847
Guinea-Bissau,GNB,2016,1.503120558610882
Guinea-Bissau,GNB,2017,1.691114618222977
Guinea-Bissau,GNB,2018,0.3813247027909915
Guinea-Bissau,GNB,2019,0.2466002681478295
Guinea-Bissau,GNB,2020,1.140009393932222
Guinea-Bissau,GNB,2021,2.242488795776585
Guinea-Bissau,GNB,2022,9.39075933985203
Guinea-Bissau,GNB,2023,7.102209285570592
Guinea-Bissau,GNB,2024,3.76555825770114
Guyana,GUY,1995,12.21052631578946
Guyana,GUY,1996,7.094711972760453
Guyana,GUY,1997,3.555670905788086
Guyana,GUY,1998,4.586466165413502
Guyana,GUY,1999,7.538219398513927
Guyana,GUY,2000,6.148543330248714
Guyana,GUY,2001,2.62741314203332
Guyana,GUY,2002,5.341015213774097
Guyana,GUY,2003,5.980978140664727
Guyana,GUY,2004,4.66846622369882
Guyana,GUY,2005,6.925543038901568
Guyana,GUY,2006,6.677157904100276
Guyana,GUY,2007,12.20015444466475
Guyana,GUY,2008,8.102022069692756
Guyana,GUY,2009,2.952300963810012
Guyana,GUY,2010,3.733377577042457
Guyana,GUY,2011,4.9777356370697
Guyana,GUY,2012,2.39193521312334
Guyana,GUY,2013,1.901251818605823
Guyana,GUY,2014,0.8526304975399145
Guyana,GUY,2015,-1.001734327763738
Guyana,GUY,2016,0.8360080615062073
Guyana,GUY,2017,1.904656155155838
Guyana,GUY,2018,1.282842884435276
Guyana,GUY,2019,2.087230891620126
Guyana,GUY,2020,0.9933370228387302
Guyana,GUY,2021,5.032855746267019
Guyana,GUY,2022,6.115055501099348
Guyana,GUY,2023,2.821103350996412
Guyana,GUY,2024,2.903952264463725
Haiti,HTI,1960,-5.030041595936912
Haiti,HTI,1961,3.779706383426753
Haiti,HTI,1962,-0.5549042598695245
Haiti,HTI,1963,4.306821754359556
Haiti,HTI,1964,9.162145871294417
Haiti,HTI,1965,2.263942572897306
Haiti,HTI,1966,8.301835853322997
Haiti,HTI,1967,-2.935310981006535
Haiti,HTI,1968,1.31621187827357
Haiti,HTI,1969,1.413181242019737
Haiti,HTI,1970,1.368493407366726
Haiti,HTI,1971,9.579583282256309
Haiti,HTI,1972,3.189693969179284
Haiti,HTI,1973,22.73891947891953
Haiti,HTI,1974,14.95069734397209
Haiti,HTI,1975,16.77357032458163
Haiti,HTI,1976,7.038152278236185
Haiti,HTI,1977,6.491900581133366
Haiti,HTI,1978,-2.673594983692912
Haiti,HTI,1979,13.09392429981933
Haiti,HTI,1980,17.7783052456577
Haiti,HTI,1981,10.85833333299969
Haiti,HTI,1982,7.359242276050515
Haiti,HTI,1983,10.24366335265448
Haiti,HTI,1984,6.402032391060749
Haiti,HTI,1985,10.64883901389282
Haiti,HTI,1986,3.279926633666215
Haiti,HTI,1987,-11.44946461217052
Haiti,HTI,1988,4.105468058750626
Haiti,HTI,1989,6.923905037112382
Haiti,HTI,1990,21.27603200678322
Haiti,HTI,1991,15.41990736694925
Haiti,HTI,1992,19.35849465412199
Haiti,HTI,1993,29.70597150651724
Haiti,HTI,1994,39.33161953727525
Haiti,HTI,1995,27.60818517276012
Haiti,HTI,1996,20.58359621451124
Haiti,HTI,1997,20.55900733958331
Haiti,HTI,1998,5.269035470422009
Haiti,HTI,1999,3.004394215507343
Haiti,HTI,2000,9.33322197565603
Haiti,HTI,2001,13.31672224250995
Haiti,HTI,2002,7.032874062246006
Haiti,HTI,2003,28.6995777887374
Haiti,HTI,2004,21.0318339277222
Haiti,HTI,2005,13.973008326384
Haiti,HTI,2006,11.34521522442992
Haiti,HTI,2007,6.557227726380661
Haiti,HTI,2008,15.28177448237724
Haiti,HTI,2009,0.393886040173341
Haiti,HTI,2010,4.827341900746726
Haiti,HTI,2011,6.332794838490421
Haiti,HTI,2012,5.018041554292463
Haiti,HTI,2013,4.765024047791418
Haiti,HTI,2014,3.438166599586007
Haiti,HTI,2015,6.731840696589971
Haiti,HTI,2016,11.50290739426665
Haiti,HTI,2017,10.6800887242584
Haiti,HTI,2018,12.4814111170435
Haiti,HTI,2019,18.70378256725062
Haiti,HTI,2020,22.79631136425277
Haiti,HTI,2021,16.84152401987848
Haiti,HTI,2022,33.98393194707002
Haiti,HTI,2023,36.81351627808535
Haiti,HTI,2024,26.94905640919872
Honduras,HND,1960,-1.746238157107513
Honduras,HND,1961,1.562992373926872
Honduras,HND,1962,1.09215017084013
Honduras,HND,1963,3.081456018672738
Honduras,HND,1964,4.472101470807263
Honduras,HND,1965,3.186274509987629
Honduras,HND,1966,1.784234657187378
Honduras,HND,1967,2.091840986673081
Honduras,HND,1968,1.861224489720864
Honduras,HND,1969,1.25821445737097
Honduras,HND,1970,2.880886426609799
Honduras,HND,1971,2.22324794223759
Honduras,HND,1972,3.612281757993322
Honduras,HND,1973,5.19320162691133
Honduras,HND,1974,12.84954774541869
Honduras,HND,1975,8.376162506297096
Honduras,HND,1976,4.883418957908976
Honduras,HND,1977,8.434707718951284
Honduras,HND,1978,5.74832464618229
Honduras,HND,1979,12.13535589260614
Honduras,HND,1980,18.06154303559555
Honduras,HND,1981,9.405691261424955
Honduras,HND,1982,8.982621706168924
Honduras,HND,1983,8.2528116584826
Honduras,HND,1984,4.726368159203892
Honduras,HND,1985,3.362675236086053
Honduras,HND,1986,4.352723832075593
Honduras,HND,1987,2.487154022238983
Honduras,HND,1988,4.491257636401817
Honduras,HND,1989,9.85040925769098
Honduras,HND,1990,23.32256643664671
Honduras,HND,1991,33.9722602535864
Honduras,HND,1992,8.759886252554942
Honduras,HND,1993,10.74864671637196
Honduras,HND,1994,21.72934688381901
Honduras,HND,1995,29.46452922815853
Honduras,HND,1996,23.8378353073358
Honduras,HND,1997,20.19986675549618
Honduras,HND,1998,13.66810774858685
Honduras,HND,1999,11.66374097913001
Honduras,HND,2000,11.04803493449756
Honduras,HND,2001,9.674155568653768
Honduras,HND,2002,7.690509720342706
Honduras,HND,2003,7.674166393979366
Honduras,HND,2004,8.113790970933799
Honduras,HND,2005,8.80906074819819
Honduras,HND,2006,5.577752076542976
Honduras,HND,2007,6.936214708957736
Honduras,HND,2008,11.40342708139322
Honduras,HND,2009,5.496342737722084
Honduras,HND,2010,4.698890649762262
Honduras,HND,2011,6.7622795731476
Honduras,HND,2012,5.196186155318475
Honduras,HND,2013,5.161898985814935
Honduras,HND,2014,6.129249303130224
Honduras,HND,2015,3.157831179809234
Honduras,HND,2016,2.724612232952886
Honduras,HND,2017,3.934360844420443
Honduras,HND,2018,4.347349377775284
Honduras,HND,2019,4.365871598192668
Honduras,HND,2020,3.468411779511841
Honduras,HND,2021,4.480879634134452
Honduras,HND,2022,9.08963911525025
Honduras,HND,2023,6.663251803474568
Honduras,HND,2024,4.606210981271069
"Hong Kong SAR, China",HKG,1982,10.97046413502123
"Hong Kong SAR, China",HKG,1983,9.885931558935502
"Hong Kong SAR, China",HKG,1984,8.650519031141844
"Hong Kong SAR, China",HKG,1985,3.503184713375746
"Hong Kong SAR, China",HKG,1986,3.384615384615338
"Hong Kong SAR, China",HKG,1987,5.654761904761962
"Hong Kong SAR, China",HKG,1988,7.887323943661795
"Hong Kong SAR, China",HKG,1989,10.18276762402091
"Hong Kong SAR, China",HKG,1990,10.42654028436023
"Hong Kong SAR, China",HKG,1991,11.15879828326175
"Hong Kong SAR, China",HKG,1992,9.65250965250966
"Hong Kong SAR, China",HKG,1993,8.802816901408573
"Hong Kong SAR, China",HKG,1994,8.737864077669848
"Hong Kong SAR, China",HKG,1995,9.077380952380906
"Hong Kong SAR, China",HKG,1996,6.275579809004117
"Hong Kong SAR, China",HKG,1997,5.776636713735212
"Hong Kong SAR, China",HKG,1998,2.912621359223991
"Hong Kong SAR, China",HKG,1999,-4.009433962264453
"Hong Kong SAR, China",HKG,2000,-3.685503685503691
"Hong Kong SAR, China",HKG,2001,-1.658163265306094
"Hong Kong SAR, China",HKG,2002,-2.983138780804155
"Hong Kong SAR, China",HKG,2003,-2.673796791443942
"Hong Kong SAR, China",HKG,2004,-0.2747252747252529
"Hong Kong SAR, China",HKG,2005,0.8264462809918274
"Hong Kong SAR, China",HKG,2006,2.000251603975343
"Hong Kong SAR, China",HKG,2007,2.035027133695113
"Hong Kong SAR, China",HKG,2008,4.303154841049208
"Hong Kong SAR, China",HKG,2009,0.5794414184726076
"Hong Kong SAR, China",HKG,2010,2.292890886046734
"Hong Kong SAR, China",HKG,2011,5.3052489299392
"Hong Kong SAR, China",HKG,2012,4.053909509038435
"Hong Kong SAR, China",HKG,2013,4.337993421052668
"Hong Kong SAR, China",HKG,2014,4.423645320196988
"Hong Kong SAR, China",HKG,2015,2.990848193225807
"Hong Kong SAR, China",HKG,2016,2.409307438622238
"Hong Kong SAR, China",HKG,2017,1.493872439395217
"Hong Kong SAR, China",HKG,2018,2.406134320465339
"Hong Kong SAR, China",HKG,2019,2.883208537739963
"Hong Kong SAR, China",HKG,2020,0.2509620210807999
"Hong Kong SAR, China",HKG,2021,1.568758344459223
"Hong Kong SAR, China",HKG,2022,1.881367071968528
"Hong Kong SAR, China",HKG,2023,2.096605112490893
"Hong Kong SAR, China",HKG,2024,1.72972119105914
Hungary,HUN,1973,3.387978141767018
Hungary,HUN,1974,1.797040168234744
Hungary,HUN,1975,3.842159917938189
Hungary,HUN,1976,5.228398333086599
Hungary,HUN,1977,3.908895695648223
Hungary,HUN,1978,4.687142748531119
Hungary,HUN,1979,8.976412347003032
Hungary,HUN,1980,9.285857439213371
Hungary,HUN,1981,4.661413943947549
Hungary,HUN,1982,6.835805082595404
Hungary,HUN,1983,7.279895732794907
Hungary,HUN,1984,8.467854876460182
Hungary,HUN,1985,6.942345018791468
Hungary,HUN,1986,5.291661700710906
Hungary,HUN,1987,8.674314177332429
Hungary,HUN,1988,15.7235490703556
Hungary,HUN,1989,17.14915199739598
Hungary,HUN,1990,28.36959965327767
Hungary,HUN,1991,34.81754290727044
Hungary,HUN,1992,23.65572078065521
Hungary,HUN,1993,22.46423461338092
Hungary,HUN,1994,18.86807498692827
Hungary,HUN,1995,28.30546837066536
Hungary,HUN,1996,23.46903019191848
Hungary,HUN,1997,18.30507441437988
Hungary,HUN,1998,14.15378965453398
Hungary,HUN,1999,9.997744093033676
Hungary,HUN,2000,9.803610169081251
Hungary,HUN,2001,9.116809116809106
Hungary,HUN,2002,5.265448215839854
Hungary,HUN,2003,4.661016949152537
Hungary,HUN,2004,6.744346795694687
Hungary,HUN,2005,3.561517113783518
Hungary,HUN,2006,3.930326038410014
Hungary,HUN,2007,7.958745165449096
Hungary,HUN,2008,6.042512538810601
Hungary,HUN,2009,4.211711711711715
Hungary,HUN,2010,4.85555795691956
Hungary,HUN,2011,3.9299209893507
Hungary,HUN,2012,5.652145170886461
Hungary,HUN,2013,1.73319984983101
Hungary,HUN,2014,-0.2275662709882186
Hungary,HUN,2015,-0.0616446800641672
Hungary,HUN,2016,0.3947693066863919
Hungary,HUN,2017,2.348242811501539
Hungary,HUN,2018,2.850247925946455
Hungary,HUN,2019,3.338586353820081
Hungary,HUN,2020,3.326743857667376
Hungary,HUN,2021,5.110965343828553
Hungary,HUN,2022,14.60814394924334
Hungary,HUN,2023,17.12496596787366
Hungary,HUN,2024,3.703703703703689
Iceland,ISL,1960,1.988397239020341
Iceland,ISL,1961,4.711614996793533
Iceland,ISL,1962,11.01629244557697
Iceland,ISL,1963,12.92802307559029
Iceland,ISL,1964,19.24505435725794
Iceland,ISL,1965,7.317069427833464
Iceland,ISL,1966,10.68664303423869
Iceland,ISL,1967,3.320218678215322
Iceland,ISL,1968,15.23179840342516
Iceland,ISL,1969,21.76329491934535
Iceland,ISL,1970,13.37247514918464
Iceland,ISL,1971,6.731874529809875
Iceland,ISL,1972,9.811323912799722
Iceland,ISL,1973,21.35493091682979
Iceland,ISL,1974,42.51618195852916
Iceland,ISL,1975,49.36133823340531
Iceland,ISL,1976,32.03511022360858
Iceland,ISL,1977,30.31674127259282
Iceland,ISL,1978,43.74999828536061
Iceland,ISL,1979,44.44445580437442
Iceland,ISL,1980,58.52842608936462
Iceland,ISL,1981,51.79324160101081
Iceland,ISL,1982,50.2432263896761
Iceland,ISL,1983,83.95004619370337
Iceland,ISL,1984,30.85239707709092
Iceland,ISL,1985,31.99462902407027
Iceland,ISL,1986,22.12840118766459
Iceland,ISL,1987,18.29776822323041
Iceland,ISL,1988,25.72550908528419
Iceland,ISL,1989,20.75819503344849
Iceland,ISL,1990,15.51072199425304
Iceland,ISL,1991,6.808778879436338
Iceland,ISL,1992,3.947711768240312
Iceland,ISL,1993,4.042852910769465
Iceland,ISL,1994,1.552656274957769
Iceland,ISL,1995,1.651231501166578
Iceland,ISL,1996,2.260418982672972
Iceland,ISL,1997,1.815430802822416
Iceland,ISL,1998,1.659241709534274
Iceland,ISL,1999,3.231832609064667
Iceland,ISL,2000,5.136471232451505
Iceland,ISL,2001,6.405085503868684
Iceland,ISL,2002,5.197022302166279
Iceland,ISL,2003,2.055663297537424
Iceland,ISL,2004,3.158193242984639
Iceland,ISL,2005,3.987047828065926
Iceland,ISL,2006,6.687079061366612
Iceland,ISL,2007,5.051557364921457
Iceland,ISL,2008,12.69439427758776
Iceland,ISL,2009,12.00312984617429
Iceland,ISL,2010,5.396731131674774
Iceland,ISL,2011,4.0010266434312
Iceland,ISL,2012,5.185899887506977
Iceland,ISL,2013,3.872279237482495
Iceland,ISL,2014,2.044614815393334
Iceland,ISL,2015,1.633055581813263
Iceland,ISL,2016,1.696927619977507
Iceland,ISL,2017,1.760415591805965
Iceland,ISL,2018,2.68291768267392
Iceland,ISL,2019,3.013971791560529
Iceland,ISL,2020,2.847924015186648
Iceland,ISL,2021,4.444239701897388
Iceland,ISL,2022,8.308755115589202
Iceland,ISL,2023,8.736302999372983
Iceland,ISL,2024,5.856838499700656
India,IND,1960,1.779877846773824
India,IND,1961,1.695212939144328
India,IND,1962,3.632214971069874
India,IND,1963,2.94616135685229
India,IND,1964,13.35526115081528
India,IND,1965,9.474758591706989
India,IND,1966,10.80184834893417
India,IND,1967,13.06220247779699
India,IND,1968,3.237412426275022
India,IND,1969,-0.5841366104663492
India,IND,1970,5.092261619975517
India,IND,1971,3.079938684065371
India,IND,1972,6.442097461582432
India,IND,1973,16.94081597917357
India,IND,1974,28.59873407750903
India,IND,1975,5.748430297674366
India,IND,1976,-7.633947633928819
India,IND,1977,8.307470091711657
India,IND,1978,2.523048756951798
India,IND,1979,6.275683367623349
India,IND,1980,11.34607347950951
India,IND,1981,13.11254689764195
India,IND,1982,7.890742793774875
India,IND,1983,11.86808129867337
India,IND,1984,8.3189071186008
India,IND,1985,5.556424232365538
India,IND,1986,8.729720727025809
India,IND,1987,8.801125812518325
India,IND,1988,9.383471861853351
India,IND,1989,7.074280029423007
India,IND,1990,8.971232502732498
India,IND,1991,13.87024617736831
India,IND,1992,11.78781704181345
India,IND,1993,6.326890487798667
India,IND,1994,10.24793555561192
India,IND,1995,10.22488616375444
India,IND,1996,8.977152338264526
India,IND,1997,7.164252114627237
India,IND,1998,13.23083897679772
India,IND,1999,4.669820380375936
India,IND,2000,4.009435910451902
India,IND,2001,3.779293122356372
India,IND,2002,4.297152039295634
India,IND,2003,3.805858995288506
India,IND,2004,3.767251734775154
India,IND,2005,4.246343620319219
India,IND,2006,5.796523375616338
India,IND,2007,6.37288135593231
India,IND,2008,8.349267049075815
India,IND,2009,10.88235294117644
India,IND,2010,11.9893899204244
India,IND,2011,8.911793364833711
India,IND,2012,9.47899691419801
India,IND,2013,10.01787847461024
India,IND,2014,6.665656718678994
India,IND,2015,4.906973441272565
India,IND,2016,4.948216340621406
India,IND,2017,3.328173374612977
India,IND,2018,3.938826466916298
India,IND,2019,3.729505735391294
India,IND,2020,6.623436776285355
India,IND,2021,5.131407471763689
India,IND,2022,6.699034140798518
India,IND,2023,5.649143189079247
India,IND,2024,4.953035509736557
Indonesia,IDN,1960,39.59044368600674
Indonesia,IDN,1961,13.6919315403424
Indonesia,IDN,1962,131.3978494623653
Indonesia,IDN,1963,145.9107806691447
Indonesia,IDN,1964,108.9947089947092
Indonesia,IDN,1965,306.7631103074148
Indonesia,IDN,1966,1136.254112207699
Indonesia,IDN,1967,106.0
Indonesia,IDN,1968,128.8430420711975
Indonesia,IDN,1969,15.4798773314404
Indonesia,IDN,1970,12.39946851304104
Indonesia,IDN,1971,4.233745877416069
Indonesia,IDN,1972,6.521740918526037
Indonesia,IDN,1973,31.04188243391816
Indonesia,IDN,1974,40.49181160069498
Indonesia,IDN,1975,19.16569166105331
Indonesia,IDN,1976,19.82864999275342
Indonesia,IDN,1977,11.0520846464477
Indonesia,IDN,1978,8.112594256773779
Indonesia,IDN,1979,16.23276953343083
Indonesia,IDN,1980,18.03542212531299
Indonesia,IDN,1981,12.26590758748531
Indonesia,IDN,1982,9.445425349211437
Indonesia,IDN,1983,11.79973820766518
Indonesia,IDN,1984,10.45503922314116
Indonesia,IDN,1985,4.724535185433977
Indonesia,IDN,1986,5.822665767324843
Indonesia,IDN,1987,9.27865406602839
Indonesia,IDN,1988,8.04535671530907
Indonesia,IDN,1989,6.415540799163637
Indonesia,IDN,1990,7.819197565056347
Indonesia,IDN,1991,9.41906784347004
Indonesia,IDN,1992,7.523510062426775
Indonesia,IDN,1993,9.671910892640105
Indonesia,IDN,1994,8.531998291891433
Indonesia,IDN,1995,9.420303005729956
Indonesia,IDN,1996,7.973280965133457
Indonesia,IDN,1997,6.226151548872136
Indonesia,IDN,1998,58.45104135155258
Indonesia,IDN,1999,20.47783244288924
Indonesia,IDN,2000,3.688620370566819
Indonesia,IDN,2001,11.50011605508873
Indonesia,IDN,2002,11.90012003384135
Indonesia,IDN,2003,6.757312563335641
Indonesia,IDN,2004,6.064061891336475
Indonesia,IDN,2005,10.45320018733474
Indonesia,IDN,2006,13.10867098534595
Indonesia,IDN,2007,6.406560879660048
Indonesia,IDN,2008,10.22666632724826
Indonesia,IDN,2009,4.386413117920736
Indonesia,IDN,2010,5.134206390158854
Indonesia,IDN,2011,5.356048491125821
Indonesia,IDN,2012,4.279514269194305
Indonesia,IDN,2013,6.412494579003911
Indonesia,IDN,2014,6.394928823965593
Indonesia,IDN,2015,6.363120611966463
Indonesia,IDN,2016,3.525804528154512
Indonesia,IDN,2017,3.808798576919489
Indonesia,IDN,2018,3.198347559249961
Indonesia,IDN,2019,3.030584609416606
Indonesia,IDN,2020,1.919835272707928
Indonesia,IDN,2021,1.560078829833344
Indonesia,IDN,2022,4.209464637147842
Indonesia,IDN,2023,3.669386548597611
Indonesia,IDN,2024,2.181512736151888
"Iran, Islamic Rep.",IRN,1960,9.822410812978672
"Iran, Islamic Rep.",IRN,1961,3.162564395857449
"Iran, Islamic Rep.",IRN,1962,0.7213205716563371
"Iran, Islamic Rep.",IRN,1963,0.3718496072216658
"Iran, Islamic Rep.",IRN,1964,3.814489572230427
"Iran, Islamic Rep.",IRN,1965,2.154374835209675
"Iran, Islamic Rep.",IRN,1966,-0.3881485321544318
"Iran, Islamic Rep.",IRN,1967,1.597610079643539
"Iran, Islamic Rep.",IRN,1968,0.6903605219962325
"Iran, Islamic Rep.",IRN,1969,3.593194515512811
"Iran, Islamic Rep.",IRN,1970,1.666870939700685
"Iran, Islamic Rep.",IRN,1971,4.195298372654225
"Iran, Islamic Rep.",IRN,1972,6.398241351288712
"Iran, Islamic Rep.",IRN,1973,9.81948673318762
"Iran, Islamic Rep.",IRN,1974,14.24893553825674
"Iran, Islamic Rep.",IRN,1975,12.87918183383407
"Iran, Islamic Rep.",IRN,1976,11.25614250621115
"Iran, Islamic Rep.",IRN,1977,27.28778467930932
"Iran, Islamic Rep.",IRN,1978,11.72196920412121
"Iran, Islamic Rep.",IRN,1979,10.48723672734855
"Iran, Islamic Rep.",IRN,1980,20.64391443737981
"Iran, Islamic Rep.",IRN,1981,24.2035897624486
"Iran, Islamic Rep.",IRN,1982,18.68972592695638
"Iran, Islamic Rep.",IRN,1983,19.74018917786108
"Iran, Islamic Rep.",IRN,1984,12.54021945388684
"Iran, Islamic Rep.",IRN,1985,4.389340957415414
"Iran, Islamic Rep.",IRN,1986,18.42900302114737
"Iran, Islamic Rep.",IRN,1987,28.57142857142921
"Iran, Islamic Rep.",IRN,1988,28.67063492063446
"Iran, Islamic Rep.",IRN,1989,22.34965304548965
"Iran, Islamic Rep.",IRN,1990,7.627674937639345
"Iran, Islamic Rep.",IRN,1991,17.12856794340117
"Iran, Islamic Rep.",IRN,1992,25.80772261623316
"Iran, Islamic Rep.",IRN,1993,21.20263075477608
"Iran, Islamic Rep.",IRN,1994,31.4470284237728
"Iran, Islamic Rep.",IRN,1995,49.65598584627463
"Iran, Islamic Rep.",IRN,1996,28.93734401681366
"Iran, Islamic Rep.",IRN,1997,17.34922575387077
"Iran, Islamic Rep.",IRN,1998,17.86613421303975
"Iran, Islamic Rep.",IRN,1999,20.07070781468658
"Iran, Islamic Rep.",IRN,2000,14.47675131885666
"Iran, Islamic Rep.",IRN,2001,11.27424713321167
"Iran, Islamic Rep.",IRN,2002,14.33593373784039
"Iran, Islamic Rep.",IRN,2003,16.46801162447918
"Iran, Islamic Rep.",IRN,2004,14.76150869706724
"Iran, Islamic Rep.",IRN,2005,13.43311800850802
"Iran, Islamic Rep.",IRN,2006,10.01589825119239
"Iran, Islamic Rep.",IRN,2007,17.34104046242766
"Iran, Islamic Rep.",IRN,2008,25.41050903119872
"Iran, Islamic Rep.",IRN,2009,13.55155482815062
"Iran, Islamic Rep.",IRN,2010,10.08936292879791
"Iran, Islamic Rep.",IRN,2011,26.2933856738608
"Iran, Islamic Rep.",IRN,2012,27.25681272429084
"Iran, Islamic Rep.",IRN,2013,36.60303551910293
"Iran, Islamic Rep.",IRN,2014,16.60655323574489
"Iran, Islamic Rep.",IRN,2015,12.48468156115333
"Iran, Islamic Rep.",IRN,2016,7.245425489529789
"Iran, Islamic Rep.",IRN,2017,8.044924376602776
"Iran, Islamic Rep.",IRN,2018,18.01411833718742
"Iran, Islamic Rep.",IRN,2019,39.90734556977835
"Iran, Islamic Rep.",IRN,2020,30.59413903872951
"Iran, Islamic Rep.",IRN,2021,43.38901626815144
"Iran, Islamic Rep.",IRN,2022,43.48846417421787
"Iran, Islamic Rep.",IRN,2023,44.57918575727971
"Iran, Islamic Rep.",IRN,2024,32.45587140291699
Iraq,IRQ,1960,3.478237904095992
Iraq,IRQ,1961,0.9162604318466876
Iraq,IRQ,1962,1.292362165415207
Iraq,IRQ,1963,3.95495742929742
Iraq,IRQ,1964,-0.0901365196717478
Iraq,IRQ,1965,-0.4555808658578104
Iraq,IRQ,1966,1.983218917121641
Iraq,IRQ,1967,3.290949887816724
Iraq,IRQ,1968,2.196475982867993
Iraq,IRQ,1969,5.739253661367331
Iraq,IRQ,1970,4.355595264705636
Iraq,IRQ,1971,3.595890410760372
Iraq,IRQ,1972,5.185950413255177
Iraq,IRQ,1973,4.890984089925713
Iraq,IRQ,1974,7.69999999976926
Iraq,IRQ,1975,9.51717734405536
Iraq,IRQ,1976,12.82323018281343
Iraq,IRQ,1977,9.167762539955122
Iraq,IRQ,1978,4.611942866820179
Iraq,IRQ,1991,180.9523809523807
Iraq,IRQ,1992,83.615819209039
Iraq,IRQ,1993,207.6923076923088
Iraq,IRQ,1994,448.4999999999989
Iraq,IRQ,1995,387.3108477666382
Iraq,IRQ,1996,-16.11732575105719
Iraq,IRQ,1997,23.06319967887274
Iraq,IRQ,1998,14.76877355755276
Iraq,IRQ,1999,12.57776233934361
Iraq,IRQ,2000,4.978962131837351
Iraq,IRQ,2001,16.37408149632624
Iraq,IRQ,2002,19.31669460197896
Iraq,IRQ,2003,33.61621059923829
Iraq,IRQ,2004,26.96190681932719
Iraq,IRQ,2005,36.95948092018711
Iraq,IRQ,2006,53.23096291142797
Iraq,IRQ,2007,-10.06749257689779
Iraq,IRQ,2008,12.66285282692281
Iraq,IRQ,2009,6.873615472125497
Iraq,IRQ,2010,2.877747252747596
Iraq,IRQ,2011,5.801455370853
Iraq,IRQ,2012,6.089096415950426
Iraq,IRQ,2013,1.879498007494689
Iraq,IRQ,2014,2.235974079046793
Iraq,IRQ,2015,1.393330287803087
Iraq,IRQ,2016,0.5565213971555111
Iraq,IRQ,2017,0.1840588988476899
Iraq,IRQ,2018,0.3674414889368492
Iraq,IRQ,2019,-0.1989653800239282
Iraq,IRQ,2020,0.5741626794257948
Iraq,IRQ,2021,6.041864890580439
Iraq,IRQ,2022,4.994765963810435
Iraq,IRQ,2023,4.358353510895857
Iraq,IRQ,2024,-12.29698375870071
Ireland,IRL,1960,0.4508372694317764
Ireland,IRL,1961,2.756999358635504
Ireland,IRL,1962,4.263727121490855
Ireland,IRL,1963,2.45362058668928
Ireland,IRL,1964,6.717289719262949
Ireland,IRL,1965,4.98812351543946
Ireland,IRL,1966,3.054298641402731
Ireland,IRL,1967,3.1833150395518
Ireland,IRL,1968,4.680851063829897
Ireland,IRL,1969,7.418699185975541
Ireland,IRL,1970,8.207190160910265
Ireland,IRL,1971,8.961748634176692
Ireland,IRL,1972,8.605817453010662
Ireland,IRL,1973,11.41485038732961
Ireland,IRL,1974,16.97612732120479
Ireland,IRL,1975,20.87585034019516
Ireland,IRL,1976,17.98569586133863
Ireland,IRL,1977,13.47225529379477
Ireland,IRL,1978,7.711112146218693
Ireland,IRL,1979,13.29546882482811
Ireland,IRL,1980,18.1544622557972
Ireland,IRL,1981,20.37351107019336
Ireland,IRL,1982,17.14712620370916
Ireland,IRL,1983,10.44762553485937
Ireland,IRL,1984,8.651110537963858
Ireland,IRL,1985,5.395486201703519
Ireland,IRL,1986,3.827041665426593
Ireland,IRL,1987,3.159410348350138
Ireland,IRL,1988,2.134569891071034
Ireland,IRL,1989,4.089053881535443
Ireland,IRL,1990,3.317328866801183
Ireland,IRL,1991,3.210810371423778
Ireland,IRL,1992,3.069998538359037
Ireland,IRL,1993,1.469415224114222
Ireland,IRL,1994,2.309201926109509
Ireland,IRL,1995,2.524864467808019
Ireland,IRL,1996,1.755744696074194
Ireland,IRL,1997,1.541802022613698
Ireland,IRL,1998,2.40768094534715
Ireland,IRL,1999,1.629886052214069
Ireland,IRL,2000,5.57763269940387
Ireland,IRL,2001,4.852802796074768
Ireland,IRL,2002,4.628205128205152
Ireland,IRL,2003,3.49221909079765
Ireland,IRL,2004,2.178546057305227
Ireland,IRL,2005,2.456546929316387
Ireland,IRL,2006,3.935761140013537
Ireland,IRL,2007,4.885745375408018
Ireland,IRL,2008,4.03568834941391
Ireland,IRL,2009,-4.447546868767464
Ireland,IRL,2010,-0.918388645376774
Ireland,IRL,2011,2.5489783020855
Ireland,IRL,2012,1.694741166803664
Ireland,IRL,2013,0.5150994849005732
Ireland,IRL,2014,0.1909163987137449
Ireland,IRL,2015,-0.3309597833717876
Ireland,IRL,2016,0.0201247735963236
Ireland,IRL,2017,0.3621730382293778
Ireland,IRL,2018,0.4711307137129156
Ireland,IRL,2019,0.937842961189274
Ireland,IRL,2020,-0.3261836512800329
Ireland,IRL,2021,2.340341134470437
Ireland,IRL,2022,7.829457364341047
Ireland,IRL,2023,6.299424874191247
Ireland,IRL,2024,2.113449995773167
Israel,ISR,1960,2.228112420670836
Israel,ISR,1961,6.78982340440244
Israel,ISR,1962,9.408194068265551
Israel,ISR,1963,6.58113736464057
Israel,ISR,1964,5.172750423288153
Israel,ISR,1965,7.708333264205
Israel,ISR,1966,7.930367544484495
Israel,ISR,1967,1.70609316005932
Israel,ISR,1968,2.079221858136254
Israel,ISR,1969,2.458054256177994
Israel,ISR,1970,6.110742035987401
Israel,ISR,1971,11.97257188640258
Israel,ISR,1972,12.88146308464591
Israel,ISR,1973,20.03237781107055
Israel,ISR,1974,39.67997245795467
Israel,ISR,1975,39.30673195558977
Israel,ISR,1976,31.31086640451448
Israel,ISR,1977,34.61671569327556
Israel,ISR,1978,50.55094595791131
Israel,ISR,1979,78.31001112436138
Israel,ISR,1980,131.0250122860064
Israel,ISR,1981,116.799989401855
Israel,ISR,1982,120.3644098122526
Israel,ISR,1983,145.9515027142965
Israel,ISR,1984,373.2156313628473
Israel,ISR,1985,307.1619146439407
Israel,ISR,1986,47.64492753623191
Israel,ISR,1987,19.07975460122701
Israel,ISR,1988,16.38330757341578
Israel,ISR,1989,20.31872509960158
Israel,ISR,1990,17.25533480500361
Israel,ISR,1991,19.10887982428617
Israel,ISR,1992,12.06533192834569
Israel,ISR,1993,10.88387400094033
Israel,ISR,1994,12.253550985796
Israel,ISR,1995,9.93389990557126
Israel,ISR,1996,11.45851228311294
Israel,ISR,1997,8.954993834771836
Israel,ISR,1998,5.488753713396558
Israel,ISR,1999,5.189754592999825
Israel,ISR,2000,1.032636409994893
Israel,ISR,2001,1.123028391167207
Israel,ISR,2002,5.802345894684293
Israel,ISR,2003,0.7076306168180703
Israel,ISR,2004,-0.4215950345474161
Israel,ISR,2005,1.340703281194921
Israel,ISR,2006,2.054079145874429
Israel,ISR,2007,0.4662269729360654
Israel,ISR,2008,4.527447651386513
Israel,ISR,2009,3.367623172712499
Israel,ISR,2010,2.702702702702734
Israel,ISR,2011,3.488372093023231
Israel,ISR,2012,1.675537157500518
Israel,ISR,2013,1.589763474214757
Israel,ISR,2014,0.4675572519085031
Israel,ISR,2015,-0.6173425776427646
Israel,ISR,2016,-0.5351681957186954
Israel,ISR,2017,0.2498078401230083
Israel,ISR,2018,0.8050603795285264
Israel,ISR,2019,0.8176459402927937
Israel,ISR,2020,-0.5752546208977557
Israel,ISR,2021,1.479654747225614
Israel,ISR,2022,4.41162725488371
Israel,ISR,2023,4.225226031689177
Israel,ISR,2024,3.074808898050246
Italy,ITA,1960,2.350161413770503
Italy,ITA,1961,2.050697312786977
Italy,ITA,1962,4.691143607404706
Italy,ITA,1963,7.454718225391032
Italy,ITA,1964,5.912322532185874
Italy,ITA,1965,4.519268307434581
Italy,ITA,1966,2.346588934133182
Italy,ITA,1967,3.733338320738219
Italy,ITA,1968,1.27731335390797
Italy,ITA,1969,2.657252733869719
Italy,ITA,1970,4.968319873293351
Italy,ITA,1971,4.791664383337863
Italy,ITA,1972,5.749503937300075
Italy,ITA,1973,10.79861745476016
Italy,ITA,1974,19.15976958546987
Italy,ITA,1975,16.95050256683064
Italy,ITA,1976,16.61416647257882
Italy,ITA,1977,17.13004878664995
Italy,ITA,1978,12.09401384250742
Italy,ITA,1979,14.79857356614842
Italy,ITA,1980,21.06416827707447
Italy,ITA,1981,17.96929875196722
Italy,ITA,1982,16.48041462022143
Italy,ITA,1983,14.64657667487695
Italy,ITA,1984,10.79449600768111
Italy,ITA,1985,9.20599144253118
Italy,ITA,1986,5.823546918620168
Italy,ITA,1987,4.747284903897891
Italy,ITA,1988,5.058247476671195
Italy,ITA,1989,6.259831379569768
Italy,ITA,1990,6.456609061463996
Italy,ITA,1991,6.249999297902911
Italy,ITA,1992,5.270589985929301
Italy,ITA,1993,4.62673468331298
Italy,ITA,1994,4.051842180657162
Italy,ITA,1995,5.235422580443013
Italy,ITA,1996,4.006976689810401
Italy,ITA,1997,2.043107797501358
Italy,ITA,1998,1.955085577193811
Italy,ITA,1999,1.663459950077144
Italy,ITA,2000,2.537685320950017
Italy,ITA,2001,2.785165427135539
Italy,ITA,2002,2.46532319171165
Italy,ITA,2003,2.672555527728498
Italy,ITA,2004,2.20673661423657
Italy,ITA,2005,1.985292985279804
Italy,ITA,2006,2.090843910127544
Italy,ITA,2007,1.829741122024028
Italy,ITA,2008,3.347832584010218
Italy,ITA,2009,0.7747681313873811
Italy,ITA,2010,1.525516021182476
Italy,ITA,2011,2.780632728793231
Italy,ITA,2012,3.041363332267748
Italy,ITA,2013,1.21999342274306
Italy,ITA,2014,0.2410474298267557
Italy,ITA,2015,0.0387903996579732
Italy,ITA,2016,-0.09401665691575
Italy,ITA,2017,1.226533166458118
Italy,ITA,2018,1.137487636003906
Italy,ITA,2019,0.611246943765304
Italy,ITA,2020,-0.1377075739165103
Italy,ITA,2021,1.873783257624806
Italy,ITA,2022,8.20128991161718
Italy,ITA,2023,5.622194421959011
Italy,ITA,2024,0.982373023061417
Jamaica,JAM,1960,3.274249138355876
Jamaica,JAM,1961,6.698450536352094
Jamaica,JAM,1962,1.407506702413148
Jamaica,JAM,1963,1.762502753910755
Jamaica,JAM,1964,2.013422818791862
Jamaica,JAM,1965,2.631578947368523
Jamaica,JAM,1966,1.902398676592247
Jamaica,JAM,1967,3.023538961038557
Jamaica,JAM,1968,5.92869805002995
Jamaica,JAM,1969,6.303458534770955
Jamaica,JAM,1970,14.72800419625666
Jamaica,JAM,1971,5.336179295858676
Jamaica,JAM,1972,5.427702996307506
Jamaica,JAM,1973,17.68259198248376
Jamaica,JAM,1974,27.15818945502163
Jamaica,JAM,1975,17.37614678858008
Jamaica,JAM,1976,9.793653275346507
Jamaica,JAM,1977,11.19100163703586
Jamaica,JAM,1978,34.89980152405082
Jamaica,JAM,1979,29.07925961097858
Jamaica,JAM,1980,27.30815898823073
Jamaica,JAM,1981,12.73971811450912
Jamaica,JAM,1982,6.545407967200658
Jamaica,JAM,1983,11.58211108442534
Jamaica,JAM,1984,27.81476932374529
Jamaica,JAM,1985,25.67310123917725
Jamaica,JAM,1986,15.1053754209796
Jamaica,JAM,1987,6.652448049626842
Jamaica,JAM,1988,8.266765744009078
Jamaica,JAM,1989,14.32953903285719
Jamaica,JAM,1990,21.96017511650829
Jamaica,JAM,1991,51.07109773043131
Jamaica,JAM,1992,77.2965929559651
Jamaica,JAM,1993,22.06994941852923
Jamaica,JAM,1994,35.06339424847717
Jamaica,JAM,1995,19.90874883641681
Jamaica,JAM,1996,26.40665660740425
Jamaica,JAM,1997,9.657552612685954
Jamaica,JAM,1998,8.631896130121444
Jamaica,JAM,1999,5.954239491130056
Jamaica,JAM,2000,8.171083561202247
Jamaica,JAM,2001,6.801909307875903
Jamaica,JAM,2002,7.07635009310985
Jamaica,JAM,2003,10.08695652173914
Jamaica,JAM,2004,13.55450236966824
Jamaica,JAM,2005,15.05286588759049
Jamaica,JAM,2006,8.561064087061569
Jamaica,JAM,2007,9.244820672755624
Jamaica,JAM,2008,22.02283849918435
Jamaica,JAM,2009,9.592245989304816
Jamaica,JAM,2010,12.6105519975603
Jamaica,JAM,2011,7.555856465809
Jamaica,JAM,2012,6.873977086743093
Jamaica,JAM,2013,9.341500765696724
Jamaica,JAM,2014,8.274078862314187
Jamaica,JAM,2015,3.691542288557249
Jamaica,JAM,2016,2.351021974858462
Jamaica,JAM,2017,4.378398649915611
Jamaica,JAM,2018,3.736638821521633
Jamaica,JAM,2019,3.905100008658723
Jamaica,JAM,2020,5.2267777929352
Jamaica,JAM,2021,5.86278242801063
Jamaica,JAM,2022,10.34956883912716
Jamaica,JAM,2023,6.474137346620627
Jamaica,JAM,2024,5.411944479816588
Japan,JPN,1960,3.574511525359101
Japan,JPN,1961,5.368461784800552
Japan,JPN,1962,6.835440348197299
Japan,JPN,1963,6.706905563979898
Japan,JPN,1964,3.800389453057528
Japan,JPN,1965,6.655990942606206
Japan,JPN,1966,5.040832058876761
Japan,JPN,1967,3.989848088815175
Japan,JPN,1968,5.339432957393438
Japan,JPN,1969,5.249820911020266
Japan,JPN,1970,6.924173834857808
Japan,JPN,1971,6.395348837209265
Japan,JPN,1972,4.843517138599049
Japan,JPN,1973,11.60862354892206
Japan,JPN,1974,23.22224580768424
Japan,JPN,1975,11.73126614987075
Japan,JPN,1976,9.374036386062338
Japan,JPN,1977,8.161826895968417
Japan,JPN,1978,4.209566010686812
Japan,JPN,1979,3.701850925462694
Japan,JPN,1980,7.77858176555718
Japan,JPN,1981,4.912162918205227
Japan,JPN,1982,2.7410409556314
Japan,JPN,1983,1.899719713484853
Japan,JPN,1984,2.261613691931551
Japan,JPN,1985,2.032277346084901
Japan,JPN,1986,0.5955867994532485
Japan,JPN,1987,0.1261768416965835
Japan,JPN,1988,0.6785575804575577
Japan,JPN,1989,2.272289620643168
Japan,JPN,1990,3.078516286951604
Japan,JPN,1991,3.25143848753308
Japan,JPN,1992,1.760283060592702
Japan,JPN,1993,1.243045897079241
Japan,JPN,1994,0.6954580578690037
Japan,JPN,1995,-0.1278990450204464
Japan,JPN,1996,0.1366003585759094
Japan,JPN,1997,1.747804586921331
Japan,JPN,1998,0.6619741913859108
Japan,JPN,1999,-0.3412969283275536
Japan,JPN,2000,-0.6765786835951751
Japan,JPN,2001,-0.7400555041627376
Japan,JPN,2002,-0.9234940269423204
Japan,JPN,2003,-0.2565418163160245
Japan,JPN,2004,-0.0085733882031027
Japan,JPN,2005,-0.2829460687643906
Japan,JPN,2006,0.2493551160790849
Japan,JPN,2007,0.0600394544986689
Japan,JPN,2008,1.380078861649201
Japan,JPN,2009,-1.352836729517185
Japan,JPN,2010,-0.7282432075177788
Japan,JPN,2011,-0.2724556161012401
Japan,JPN,2012,-0.0440645104432601
Japan,JPN,2013,0.3350379121847414
Japan,JPN,2014,2.759226713532531
Japan,JPN,2015,0.7952796305798392
Japan,JPN,2016,-0.1272588444897537
Japan,JPN,2017,0.4841997961263851
Japan,JPN,2018,0.989094598021848
Japan,JPN,2019,0.4687761593839499
Japan,JPN,2020,-0.024995834027731
Japan,JPN,2021,-0.2333527793982636
Japan,JPN,2022,2.497702781722547
Japan,JPN,2023,3.268133659331635
Japan,JPN,2024,2.738536816352407
Jordan,JOR,1970,5.899999998999916
Jordan,JOR,1971,4.815864023652676
Jordan,JOR,1972,7.6576576576576
Jordan,JOR,1973,11.12970711213371
Jordan,JOR,1974,19.4277108435204
Jordan,JOR,1975,11.97982345530882
Jordan,JOR,1976,11.49999999999967
Jordan,JOR,1977,14.56651718938761
Jordan,JOR,1978,6.921521299524076
Jordan,JOR,1979,14.24649176307837
Jordan,JOR,1980,11.11111111111133
Jordan,JOR,1981,7.699999999999753
Jordan,JOR,1982,7.42804085422491
Jordan,JOR,1983,5.020167098314613
Jordan,JOR,1984,3.847472738376108
Jordan,JOR,1985,2.985074627147559
Jordan,JOR,1987,-0.1999999999999082
Jordan,JOR,1988,6.613226452905775
Jordan,JOR,1989,25.71271929824536
Jordan,JOR,1990,16.19213756152335
Jordan,JOR,1991,8.155495978552125
Jordan,JOR,1992,3.995835605571898
Jordan,JOR,1993,3.316666666667064
Jordan,JOR,1994,3.516696241328858
Jordan,JOR,1995,2.353124513012733
Jordan,JOR,1996,6.501218026795858
Jordan,JOR,1997,3.037884203002503
Jordan,JOR,1998,3.091666666667033
Jordan,JOR,1999,0.6062565677794267
Jordan,JOR,2000,0.6668809255979599
Jordan,JOR,2001,1.772204373510166
Jordan,JOR,2002,1.832993890020495
Jordan,JOR,2003,1.629999999999981
Jordan,JOR,2004,3.361868214766011
Jordan,JOR,2005,3.493685346195308
Jordan,JOR,2006,6.251724666564432
Jordan,JOR,2007,4.743906390216475
Jordan,JOR,2008,13.97123100127292
Jordan,JOR,2009,-0.7390697431447768
Jordan,JOR,2010,4.845518758521161
Jordan,JOR,2011,4.1624416292779
Jordan,JOR,2012,4.515229566709903
Jordan,JOR,2013,4.824623142695372
Jordan,JOR,2014,2.89947905006057
Jordan,JOR,2015,-0.876851359704049
Jordan,JOR,2016,-0.7784304630541418
Jordan,JOR,2017,3.323894475760973
Jordan,JOR,2018,4.462311084754812
Jordan,JOR,2019,0.7615140472656008
Jordan,JOR,2020,0.3332943506283782
Jordan,JOR,2021,1.346093772431178
Jordan,JOR,2022,4.229155688971175
Jordan,JOR,2023,2.084869863271339
Jordan,JOR,2024,1.556596112839526
Kazakhstan,KAZ,1994,1877.372395175716
Kazakhstan,KAZ,1995,176.1552989423702
Kazakhstan,KAZ,1996,39.18254236541106
Kazakhstan,KAZ,1997,17.40804106073569
Kazakhstan,KAZ,1998,7.146326654523337
Kazakhstan,KAZ,1999,8.296027653425645
Kazakhstan,KAZ,2000,13.18089058657313
Kazakhstan,KAZ,2001,8.354137771613443
Kazakhstan,KAZ,2002,5.836924521056426
Kazakhstan,KAZ,2003,6.438218101189398
Kazakhstan,KAZ,2004,6.882054389818987
Kazakhstan,KAZ,2005,7.579999291257655
Kazakhstan,KAZ,2006,8.721693860917256
Kazakhstan,KAZ,2007,10.84683620755567
Kazakhstan,KAZ,2008,17.13989977720698
Kazakhstan,KAZ,2009,7.316078582885775
Kazakhstan,KAZ,2010,7.400463563413957
Kazakhstan,KAZ,2011,8.4529046617679
Kazakhstan,KAZ,2012,5.195683690350729
Kazakhstan,KAZ,2013,5.942838716484185
Kazakhstan,KAZ,2014,6.849449770033578
Kazakhstan,KAZ,2015,6.678285856152362
Kazakhstan,KAZ,2016,14.36109423862478
Kazakhstan,KAZ,2017,7.442663213067925
Kazakhstan,KAZ,2018,6.163662475777625
Kazakhstan,KAZ,2019,5.333560989166689
Kazakhstan,KAZ,2020,6.718154548614583
Kazakhstan,KAZ,2021,8.04147134028401
Kazakhstan,KAZ,2022,15.02786444408505
Kazakhstan,KAZ,2023,14.52755978259521
Kazakhstan,KAZ,2024,8.690821561044944
Kenya,KEN,1960,1.243781094527306
Kenya,KEN,1961,2.457002457002535
Kenya,KEN,1962,3.117505995203781
Kenya,KEN,1963,0.6976744186045889
Kenya,KEN,1964,-0.099304866931434
Kenya,KEN,1965,3.578528828067418
Kenya,KEN,1966,5.014395393234141
Kenya,KEN,1967,1.759195795982993
Kenya,KEN,1968,0.3667115700510186
Kenya,KEN,1969,-0.1715010065623305
Kenya,KEN,1970,2.188527039074385
Kenya,KEN,1971,3.780206125449065
Kenya,KEN,1972,5.831644743110047
Kenya,KEN,1973,9.281194223321064
Kenya,KEN,1974,17.80994803318182
Kenya,KEN,1975,19.12018401360506
Kenya,KEN,1976,11.4490304932756
Kenya,KEN,1977,14.82096448189349
Kenya,KEN,1978,16.9317824582842
Kenya,KEN,1979,7.979352618487864
Kenya,KEN,1980,13.85818145624839
Kenya,KEN,1981,11.60305343511425
Kenya,KEN,1982,20.66671466628272
Kenya,KEN,1983,11.39778273685229
Kenya,KEN,1984,10.28409821313804
Kenya,KEN,1985,13.0065664218827
Kenya,KEN,1986,2.534275988928883
Kenya,KEN,1987,8.63767318980084
Kenya,KEN,1988,12.26496304815817
Kenya,KEN,1989,13.78931727638829
Kenya,KEN,1990,17.78181442991999
Kenya,KEN,1991,20.08449557546315
Kenya,KEN,1992,27.33236444757839
Kenya,KEN,1993,45.97888130362185
Kenya,KEN,1994,28.81438943067315
Kenya,KEN,1995,1.554328160550088
Kenya,KEN,1996,8.864087415775224
Kenya,KEN,1997,11.36184505057833
Kenya,KEN,1998,6.722436507539278
Kenya,KEN,1999,5.742001095204835
Kenya,KEN,2000,9.98002515350979
Kenya,KEN,2001,5.738598143414668
Kenya,KEN,2002,1.961308217391622
Kenya,KEN,2003,9.81569062979654
Kenya,KEN,2004,11.62403554424262
Kenya,KEN,2005,10.31277835746826
Kenya,KEN,2006,14.45373420817078
Kenya,KEN,2007,9.75888023027529
Kenya,KEN,2008,26.23981664450627
Kenya,KEN,2009,9.234125923946518
Kenya,KEN,2010,3.961388891153851
Kenya,KEN,2011,14.02249130147042
Kenya,KEN,2012,9.377770035475985
Kenya,KEN,2013,5.717493570377329
Kenya,KEN,2014,6.878154992759489
Kenya,KEN,2015,6.582154292847786
Kenya,KEN,2016,6.297249538146249
Kenya,KEN,2017,8.005649677099447
Kenya,KEN,2018,4.689806467763299
Kenya,KEN,2019,5.239637957647923
Kenya,KEN,2020,5.40516207933392
Kenya,KEN,2021,6.107936036591763
Kenya,KEN,2022,7.659862682722239
Kenya,KEN,2023,7.671396340294023
Kenya,KEN,2024,4.489788542434479
Kiribati,KIR,2007,3.592521312664173
Kiribati,KIR,2008,13.66539952524415
Kiribati,KIR,2009,9.816438845086568
Kiribati,KIR,2010,-3.899550406516491
Kiribati,KIR,2011,1.4974097987597
Kiribati,KIR,2012,-3.045862927755707
Kiribati,KIR,2013,-1.488059084680996
Kiribati,KIR,2014,2.10398520925043
Kiribati,KIR,2015,0.5720157436342556
Kiribati,KIR,2016,1.917310902333777
Kiribati,KIR,2017,0.3555208885468283
Kiribati,KIR,2018,0.5640304914934757
Kiribati,KIR,2019,-1.813079953029471
Kiribati,KIR,2020,2.553245544146301
Kiribati,KIR,2021,2.053616767739075
Kiribati,KIR,2022,5.345954409089039
Kiribati,KIR,2023,9.28307374517721
Kiribati,KIR,2024,2.455450721590278
"Korea, Rep.",KOR,1960,7.965565754825923
"Korea, Rep.",KOR,1961,8.195652882540918
"Korea, Rep.",KOR,1962,6.618310974923911
"Korea, Rep.",KOR,1963,20.69164731864764
"Korea, Rep.",KOR,1964,29.46283145007978
"Korea, Rep.",KOR,1965,13.5481947104654
"Korea, Rep.",KOR,1966,11.26138487758097
"Korea, Rep.",KOR,1967,10.88244005719637
"Korea, Rep.",KOR,1968,10.77182139693512
"Korea, Rep.",KOR,1969,12.38956471111872
"Korea, Rep.",KOR,1970,15.95034236469454
"Korea, Rep.",KOR,1971,13.51170233130787
"Korea, Rep.",KOR,1972,11.68898668068447
"Korea, Rep.",KOR,1973,3.221029046923255
"Korea, Rep.",KOR,1974,24.30419954023967
"Korea, Rep.",KOR,1975,25.24925640567327
"Korea, Rep.",KOR,1976,15.32732052131944
"Korea, Rep.",KOR,1977,10.09666533133873
"Korea, Rep.",KOR,1978,14.46028501950241
"Korea, Rep.",KOR,1979,18.32349634217912
"Korea, Rep.",KOR,1980,28.69760863620165
"Korea, Rep.",KOR,1981,21.35164025400002
"Korea, Rep.",KOR,1982,7.190846640068697
"Korea, Rep.",KOR,1983,3.420614194989213
"Korea, Rep.",KOR,1984,2.273956400018631
"Korea, Rep.",KOR,1985,2.459108792152742
"Korea, Rep.",KOR,1986,2.7499809606335752
"Korea, Rep.",KOR,1987,3.049660770874232
"Korea, Rep.",KOR,1988,7.146097737216055
"Korea, Rep.",KOR,1989,5.700165445614005
"Korea, Rep.",KOR,1990,8.573272257286767
"Korea, Rep.",KOR,1991,9.332790481614952
"Korea, Rep.",KOR,1992,6.21328146355184
"Korea, Rep.",KOR,1993,4.800996602153537
"Korea, Rep.",KOR,1994,6.265859500396792
"Korea, Rep.",KOR,1995,4.480741085572481
"Korea, Rep.",KOR,1996,4.924543542927537
"Korea, Rep.",KOR,1997,4.438931845746301
"Korea, Rep.",KOR,1998,7.513580080793069
"Korea, Rep.",KOR,1999,0.8129572544463699
"Korea, Rep.",KOR,2000,2.259165800801571
"Korea, Rep.",KOR,2001,4.066575878977922
"Korea, Rep.",KOR,2002,2.762262102965993
"Korea, Rep.",KOR,2003,3.514874514599392
"Korea, Rep.",KOR,2004,3.590662988825776
"Korea, Rep.",KOR,2005,2.753791627350392
"Korea, Rep.",KOR,2006,2.242340285189206
"Korea, Rep.",KOR,2007,2.534573821379323
"Korea, Rep.",KOR,2008,4.67389655533408
"Korea, Rep.",KOR,2009,2.756496544939298
"Korea, Rep.",KOR,2010,2.939286526556858
"Korea, Rep.",KOR,2011,4.0259650043609
"Korea, Rep.",KOR,2012,2.187071044333137
"Korea, Rep.",KOR,2013,1.301347545474125
"Korea, Rep.",KOR,2014,1.274774464013219
"Korea, Rep.",KOR,2015,0.7063317724557499
"Korea, Rep.",KOR,2016,0.971685739912168
"Korea, Rep.",KOR,2017,1.944332307863661
"Korea, Rep.",KOR,2018,1.475839350026451
"Korea, Rep.",KOR,2019,0.3830003036081358
"Korea, Rep.",KOR,2020,0.5372880234117372
"Korea, Rep.",KOR,2021,2.498333333333394
"Korea, Rep.",KOR,2022,5.089513650628416
"Korea, Rep.",KOR,2023,3.597456250290104
"Korea, Rep.",KOR,2024,2.321743286435421
Kosovo,XKX,2003,-1.084812623274135
Kosovo,XKX,2004,-1.064726966055254
Kosovo,XKX,2005,-1.385189131592993
Kosovo,XKX,2006,0.6216469386017279
Kosovo,XKX,2007,4.358496953283691
Kosovo,XKX,2008,9.35041764658178
Kosovo,XKX,2009,-2.410264016612286
Kosovo,XKX,2010,3.480507637358424
Kosovo,XKX,2011,7.3364177131527
Kosovo,XKX,2012,2.476737821565329
Kosovo,XKX,2013,1.767324283548916
Kosovo,XKX,2014,0.4289578083240921
Kosovo,XKX,2015,-0.5369293927406592
Kosovo,XKX,2016,0.2731694310454681
Kosovo,XKX,2017,1.488234305923193
Kosovo,XKX,2018,1.053797736549915
Kosovo,XKX,2019,2.675992026398933
Kosovo,XKX,2020,0.1982279229948544
Kosovo,XKX,2021,3.353691392079971
Kosovo,XKX,2022,11.58051045420125
Kosovo,XKX,2023,4.944324387912826
Kosovo,XKX,2024,1.619449945594762
Kuwait,KWT,1973,8.26666666600006
Kuwait,KWT,1974,12.99261083751867
Kuwait,KWT,1975,8.392370572184452
Kuwait,KWT,1976,5.23504273532376
Kuwait,KWT,1977,9.88951925933102
Kuwait,KWT,1978,8.6897451227484
Kuwait,KWT,1979,7.049999999250094
Kuwait,KWT,1980,6.928226685631884
Kuwait,KWT,1981,7.374781595838071
Kuwait,KWT,1982,7.776798426908528
Kuwait,KWT,1983,4.718168092751556
Kuwait,KWT,1984,1.177460050466688
Kuwait,KWT,1985,1.490321814278765
Kuwait,KWT,1986,0.9536067401920376
Kuwait,KWT,1987,0.6548446917016563
Kuwait,KWT,1988,1.468132880419132
Kuwait,KWT,1989,3.342033590557921
Kuwait,KWT,1990,9.83363531543402
Kuwait,KWT,1991,9.05818836232758
Kuwait,KWT,1992,-0.54547121378821
Kuwait,KWT,1993,0.3825413651659155
Kuwait,KWT,1994,2.534435261707919
Kuwait,KWT,1995,2.686727565824844
Kuwait,KWT,1996,3.553985696842866
Kuwait,KWT,1997,0.6821914347076039
Kuwait,KWT,1998,0.1296582876740268
Kuwait,KWT,1999,2.990810359231657
Kuwait,KWT,2000,1.81294613887089
Kuwait,KWT,2001,1.299999999999992
Kuwait,KWT,2002,0.8884501480749066
Kuwait,KWT,2003,0.9613502935421122
Kuwait,KWT,2004,1.248564436798894
Kuwait,KWT,2005,4.142975836310232
Kuwait,KWT,2006,3.057013391667222
Kuwait,KWT,2007,5.484949832775961
Kuwait,KWT,2008,10.58270978651442
Kuwait,KWT,2009,4.609595484477873
Kuwait,KWT,2010,4.496402877697866
Kuwait,KWT,2011,4.8394034987095
Kuwait,KWT,2012,3.255146002872105
Kuwait,KWT,2013,2.682296840850394
Kuwait,KWT,2014,2.908926728586248
Kuwait,KWT,2015,3.271701660921334
Kuwait,KWT,2016,3.198397766583738
Kuwait,KWT,2017,2.171832985100056
Kuwait,KWT,2018,0.5431331481995668
Kuwait,KWT,2019,1.09184802655856
Kuwait,KWT,2020,2.101729548274
Kuwait,KWT,2021,3.423629476091884
Kuwait,KWT,2022,3.980649619903132
Kuwait,KWT,2023,3.642164030307087
Kuwait,KWT,2024,2.898550724637621
Kyrgyz Republic,KGZ,1996,31.94733772185668
Kyrgyz Republic,KGZ,1997,23.4354278497005
Kyrgyz Republic,KGZ,1998,10.45738258467212
Kyrgyz Republic,KGZ,1999,37.03092583693441
Kyrgyz Republic,KGZ,2000,18.70073428380231
Kyrgyz Republic,KGZ,2001,6.919679894230396
Kyrgyz Republic,KGZ,2002,2.13420986310243
Kyrgyz Republic,KGZ,2003,2.97461295184355
Kyrgyz Republic,KGZ,2004,4.110650847233807
Kyrgyz Republic,KGZ,2005,4.338673918443104
Kyrgyz Republic,KGZ,2006,5.552123331625423
Kyrgyz Republic,KGZ,2007,10.23010326604841
Kyrgyz Republic,KGZ,2008,24.52010242341016
Kyrgyz Republic,KGZ,2009,6.83656248105368
Kyrgyz Republic,KGZ,2010,7.967722255796837
Kyrgyz Republic,KGZ,2011,16.63632627314951
Kyrgyz Republic,KGZ,2012,2.768442365409567
Kyrgyz Republic,KGZ,2013,6.613752023580815
Kyrgyz Republic,KGZ,2014,7.534247297758903
Kyrgyz Republic,KGZ,2015,6.503318389933836
Kyrgyz Republic,KGZ,2016,0.388838296895799
Kyrgyz Republic,KGZ,2017,3.175309863799396
Kyrgyz Republic,KGZ,2018,1.542661452384359
Kyrgyz Republic,KGZ,2019,1.133622577188036
Kyrgyz Republic,KGZ,2020,6.325422963380776
Kyrgyz Republic,KGZ,2021,11.90503981851468
Kyrgyz Republic,KGZ,2022,13.92290931741758
Kyrgyz Republic,KGZ,2023,10.75327704167424
Kyrgyz Republic,KGZ,2024,4.997607012073231
Lao PDR,LAO,1989,61.33259651061875
Lao PDR,LAO,1990,35.64298297122697
Lao PDR,LAO,1991,13.44155844155859
Lao PDR,LAO,1992,9.864529669910317
Lao PDR,LAO,1993,6.267222415190292
Lao PDR,LAO,1994,6.784480786202299
Lao PDR,LAO,1995,19.5939189878584
Lao PDR,LAO,1996,13.02441569634619
Lao PDR,LAO,1997,27.5088624491449
Lao PDR,LAO,1998,90.9807345622878
Lao PDR,LAO,1999,125.2721283992801
Lao PDR,LAO,2000,25.08464142813154
Lao PDR,LAO,2001,7.811807947834706
Lao PDR,LAO,2002,10.63134463233329
Lao PDR,LAO,2003,15.48935292335251
Lao PDR,LAO,2004,10.46226673142081
Lao PDR,LAO,2005,7.16541759946639
Lao PDR,LAO,2006,6.545594390527871
Lao PDR,LAO,2007,4.66197269469701
Lao PDR,LAO,2008,7.628808875775164
Lao PDR,LAO,2009,0.1411876749803849
Lao PDR,LAO,2010,5.982545215500817
Lao PDR,LAO,2011,7.5689885610998
Lao PDR,LAO,2012,4.255126778320897
Lao PDR,LAO,2013,6.371427177829471
Lao PDR,LAO,2014,4.129243068737711
Lao PDR,LAO,2015,1.277354271029923
Lao PDR,LAO,2016,1.596912275832041
Lao PDR,LAO,2017,0.8254786075680259
Lao PDR,LAO,2018,2.040392668902015
Lao PDR,LAO,2019,3.322558812569254
Lao PDR,LAO,2020,5.104072629599191
Lao PDR,LAO,2021,3.755620366588772
Lao PDR,LAO,2022,22.95622251320559
Lao PDR,LAO,2023,31.23013417326456
Lao PDR,LAO,2024,23.13056959425881
Latvia,LVA,1992,951.6961948708012
Latvia,LVA,1993,108.9895406243227
Latvia,LVA,1994,35.92470539296433
Latvia,LVA,1995,24.97593553167493
Latvia,LVA,1996,17.61046984310327
Latvia,LVA,1997,8.447383420929608
Latvia,LVA,1998,4.644214226607828
Latvia,LVA,1999,2.364818361118051
Latvia,LVA,2000,2.654254777960478
Latvia,LVA,2001,2.487040035554637
Latvia,LVA,2002,1.938875738558863
Latvia,LVA,2003,2.94264752948478
Latvia,LVA,2004,6.192385471974291
Latvia,LVA,2005,6.748450278931244
Latvia,LVA,2006,6.536199087658719
Latvia,LVA,2007,10.09297758491685
Latvia,LVA,2008,15.40231910649862
Latvia,LVA,2009,3.534106728589345
Latvia,LVA,2010,-1.084635950151549
Latvia,LVA,2011,4.370735599392231
Latvia,LVA,2012,2.257789243745852
Latvia,LVA,2013,-0.0294547782578279
Latvia,LVA,2014,0.6204906367324212
Latvia,LVA,2015,0.1742422436251855
Latvia,LVA,2016,0.1406333345053265
Latvia,LVA,2017,2.930363123746655
Latvia,LVA,2018,2.534454241865981
Latvia,LVA,2019,2.81140920075624
Latvia,LVA,2020,0.2190649048419849
Latvia,LVA,2021,3.275829374311651
Latvia,LVA,2022,17.31028301988148
Latvia,LVA,2023,8.9380462331663
Latvia,LVA,2024,1.265798858287287
Lebanon,LBN,2009,1.195096711655427
Lebanon,LBN,2010,3.983479418558331
Lebanon,LBN,2011,4.971485716923842
Lebanon,LBN,2012,6.581474476836774
Lebanon,LBN,2013,4.821019562973989
Lebanon,LBN,2014,1.854604213409097
Lebanon,LBN,2015,-3.749145247996286
Lebanon,LBN,2016,-0.7833596243615077
Lebanon,LBN,2017,4.321352183031908
Lebanon,LBN,2018,6.076989078896069
Lebanon,LBN,2019,3.005389493903827
Lebanon,LBN,2020,84.86433304720406
Lebanon,LBN,2021,154.7560960233933
Lebanon,LBN,2022,171.2054913366413
Lebanon,LBN,2023,221.341644023365
Lebanon,LBN,2024,45.24304227167184
Lesotho,LSO,1974,13.42283451659238
Lesotho,LSO,1975,14.21193968194262
Lesotho,LSO,1976,11.41255199841357
Lesotho,LSO,1977,16.68831168855524
Lesotho,LSO,1978,13.48357901184893
Lesotho,LSO,1979,16.00355239774775
Lesotho,LSO,1980,16.27484161825332
Lesotho,LSO,1981,12.41326137239799
Lesotho,LSO,1982,12.13991769547337
Lesotho,LSO,1983,17.49235474006143
Lesotho,LSO,1984,10.98386257157737
Lesotho,LSO,1985,13.32082551594709
Lesotho,LSO,1986,18.00496688741723
Lesotho,LSO,1987,11.75026306559101
Lesotho,LSO,1988,11.45637162586322
Lesotho,LSO,1989,14.72824556462966
Lesotho,LSO,1990,11.63475699558184
Lesotho,LSO,1991,17.67810026385227
Lesotho,LSO,1992,17.20852017937208
Lesotho,LSO,1993,13.13566076837237
Lesotho,LSO,1994,8.214738621953021
Lesotho,LSO,1995,9.27083333333323
Lesotho,LSO,1996,9.33031458531928
Lesotho,LSO,2000,6.131975387226955
Lesotho,LSO,2001,-9.61615353858472
Lesotho,LSO,2002,33.81257833812596
Lesotho,LSO,2003,6.62916357146762
Lesotho,LSO,2004,5.023420686162853
Lesotho,LSO,2005,3.437884230574427
Lesotho,LSO,2006,6.072718797342934
Lesotho,LSO,2007,8.01243669043409
Lesotho,LSO,2008,10.71566613096811
Lesotho,LSO,2009,-16.85969105406442
Lesotho,LSO,2010,-2.405242545987059
Lesotho,LSO,2011,5.0366305210156
Lesotho,LSO,2012,6.051436621399669
Lesotho,LSO,2013,4.865118994963848
Lesotho,LSO,2014,5.370289610085872
Lesotho,LSO,2015,3.218445136559305
Lesotho,LSO,2016,6.596504906965434
Lesotho,LSO,2017,4.447699373763005
Lesotho,LSO,2018,4.751803016247396
Lesotho,LSO,2019,5.187083591979818
Lesotho,LSO,2020,4.978096762523092
Lesotho,LSO,2021,6.047745919506756
Lesotho,LSO,2022,8.27180389943028
Lesotho,LSO,2023,6.342217431249531
Lesotho,LSO,2024,6.105446242450317
Liberia,LBR,2002,14.15964701163247
Liberia,LBR,2003,10.33028812368235
Liberia,LBR,2004,7.829087048832354
Liberia,LBR,2005,10.83435884814136
Liberia,LBR,2006,7.341446082785579
Liberia,LBR,2007,11.39189668071025
Liberia,LBR,2008,17.48944864299302
Liberia,LBR,2009,7.427643059149192
Liberia,LBR,2010,7.289927968902182
Liberia,LBR,2011,8.488167518494
Liberia,LBR,2012,6.831787034185483
Liberia,LBR,2013,7.577306817413998
Liberia,LBR,2014,9.861112855749038
Liberia,LBR,2015,7.748696876213224
Liberia,LBR,2016,8.834248683364876
Liberia,LBR,2017,12.41963239071377
Liberia,LBR,2018,23.56351489537417
Liberia,LBR,2019,26.96627601978781
Liberia,LBR,2020,16.95572414962546
Liberia,LBR,2021,7.815593858586484
Liberia,LBR,2022,7.592984865603134
Liberia,LBR,2023,10.09445356655517
Liberia,LBR,2024,8.214974391189639
Libya,LBY,1965,11.4249999996678
Libya,LBY,1966,12.24291376834086
Libya,LBY,1967,7.296108742308906
Libya,LBY,1968,0.3912314473092048
Libya,LBY,1969,9.785970555473844
Libya,LBY,1970,-5.296371422047035
Libya,LBY,1971,-3.103849408108508
Libya,LBY,1972,-0.2510231920890078
Libya,LBY,1973,7.970895563185996
Libya,LBY,1974,7.458451560828936
Libya,LBY,1975,9.11920030145642
Libya,LBY,1976,5.479215279688456
Libya,LBY,1977,6.280213027509068
Libya,LBY,1978,29.37979416416982
Libya,LBY,1979,-6.03902875017094
Libya,LBY,1980,9.734288794713922
Libya,LBY,1981,11.1997226074894
Libya,LBY,1982,10.2588088556284
Libya,LBY,1983,10.60520361990959
Libya,LBY,1984,12.47762720531821
Libya,LBY,1985,9.13844055467156
Libya,LBY,1986,3.29098104561558
Libya,LBY,1987,4.355716878402891
Libya,LBY,1988,6.086956521739088
Libya,LBY,1989,1.511839708560929
Libya,LBY,1990,8.451462408038816
Libya,LBY,1991,11.89609530112507
Libya,LBY,1992,9.359751589531353
Libya,LBY,1993,11.07355327203889
Libya,LBY,1994,5.112598904443144
Libya,LBY,1995,7.23798494499129
Libya,LBY,1996,4.028077753779627
Libya,LBY,1997,3.550295857988208
Libya,LBY,1998,3.709273182957394
Libya,LBY,1999,2.648622522958185
Libya,LBY,2000,-2.900000000000242
Libya,LBY,2001,-8.813937521455465
Libya,LBY,2002,-9.797647058823568
Libya,LBY,2003,-2.191151919866442
Libya,LBY,2004,-2.197567740559002
Libya,LBY,2005,2.650205761316575
Libya,LBY,2006,1.459268762027244
Libya,LBY,2007,6.250987829935529
Libya,LBY,2008,10.36072889549982
Libya,LBY,2009,2.459900256099479
Libya,LBY,2010,2.799895001092679
Libya,LBY,2011,15.5184815317561
Libya,LBY,2012,6.059803921568639
Libya,LBY,2013,2.605818027195169
Libya,LBY,2014,2.432941415992255
Libya,LBY,2015,10.40229335881506
Libya,LBY,2016,25.85387421244608
Libya,LBY,2017,25.80361847883377
Libya,LBY,2018,13.17020385367212
Libya,LBY,2019,-2.162178834705947
Libya,LBY,2020,1.44703656998741
Libya,LBY,2021,2.868330277510192
Libya,LBY,2022,4.510301492357032
Libya,LBY,2023,2.373175314351686
Libya,LBY,2024,2.126157668850251
Lithuania,LTU,1992,1020.620565243536
Lithuania,LTU,1993,410.4518585613163
Lithuania,LTU,1994,72.25468161644282
Lithuania,LTU,1995,39.64762903282894
Lithuania,LTU,1996,24.62519538645
Lithuania,LTU,1997,8.88104848465892
Lithuania,LTU,1998,5.067553858419683
Lithuania,LTU,1999,0.7275506265574238
Lithuania,LTU,2000,0.9816154788575978
Lithuania,LTU,2001,1.367120308178191
Lithuania,LTU,2002,0.2815066103455753
Lithuania,LTU,2003,-1.134308549902469
Lithuania,LTU,2004,1.164102521046706
Lithuania,LTU,2005,2.658484840652617
Lithuania,LTU,2006,3.739120040606639
Lithuania,LTU,2007,5.737173827998425
Lithuania,LTU,2008,10.9258856241655
Lithuania,LTU,2009,4.453044565185352
Lithuania,LTU,2010,1.319213620554631
Lithuania,LTU,2011,4.130275626450852
Lithuania,LTU,2012,3.089982770554172
Lithuania,LTU,2013,1.04747937065344
Lithuania,LTU,2014,0.1037580094337085
Lithuania,LTU,2015,-0.8840974055005959
Lithuania,LTU,2016,0.905525075460342
Lithuania,LTU,2017,3.722888623037074
Lithuania,LTU,2018,2.697927792083936
Lithuania,LTU,2019,2.334509379880265
Lithuania,LTU,2020,1.199894449835687
Lithuania,LTU,2021,4.683544209034531
Lithuania,LTU,2022,19.70504615183939
Lithuania,LTU,2023,9.117319623904748
Lithuania,LTU,2024,0.7157358352287232
Luxembourg,LUX,1960,0.449620296389857
Luxembourg,LUX,1961,0.4824335906308205
Luxembourg,LUX,1962,0.8959466473398968
Luxembourg,LUX,1963,2.876322462126684
Luxembourg,LUX,1964,3.096381512457357
Luxembourg,LUX,1965,3.33367932929353
Luxembourg,LUX,1966,3.331679772545624
Luxembourg,LUX,1967,2.166156987398492
Luxembourg,LUX,1968,2.625429089631531
Luxembourg,LUX,1969,2.294434370471646
Luxembourg,LUX,1970,4.639353443899481
Luxembourg,LUX,1971,4.67221498041397
Luxembourg,LUX,1972,5.225680505555481
Luxembourg,LUX,1973,6.06809835910203
Luxembourg,LUX,1974,9.540655416605931
Luxembourg,LUX,1975,10.71767113391967
Luxembourg,LUX,1976,9.797346437162965
Luxembourg,LUX,1977,6.705494114506661
Luxembourg,LUX,1978,3.094660774246481
Luxembourg,LUX,1979,4.546527790421647
Luxembourg,LUX,1980,6.299900062445926
Luxembourg,LUX,1981,8.072943759345954
Luxembourg,LUX,1982,9.357050994273816
Luxembourg,LUX,1983,8.669271598085222
Luxembourg,LUX,1984,6.435857807869933
Luxembourg,LUX,1985,4.093587785300925
Luxembourg,LUX,1986,0.2945634085454356
Luxembourg,LUX,1987,-0.0566629093891043
Luxembourg,LUX,1988,1.436590566349042
Luxembourg,LUX,1989,3.370958872904427
Luxembourg,LUX,1990,3.253766590836394
Luxembourg,LUX,1991,3.118356598748507
Luxembourg,LUX,1992,3.154173759617892
Luxembourg,LUX,1993,3.588098185351642
Luxembourg,LUX,1994,2.194764686890701
Luxembourg,LUX,1995,1.867694249691051
Luxembourg,LUX,1996,1.183859688435708
Luxembourg,LUX,1997,1.367512612079427
Luxembourg,LUX,1998,0.958570110494674
Luxembourg,LUX,1999,1.025196764749322
Luxembourg,LUX,2000,3.15076707022592
Luxembourg,LUX,2001,2.663821105791027
Luxembourg,LUX,2002,2.074086135716425
Luxembourg,LUX,2003,2.049840305635181
Luxembourg,LUX,2004,2.22567916428889
Luxembourg,LUX,2005,2.487696651640878
Luxembourg,LUX,2006,2.66631494577069
Luxembourg,LUX,2007,2.312458617861273
Luxembourg,LUX,2008,3.40187963025571
Luxembourg,LUX,2009,0.3680419978888873
Luxembourg,LUX,2010,2.273679116215402
Luxembourg,LUX,2011,3.410683410683421
Luxembourg,LUX,2012,2.662841655080212
Luxembourg,LUX,2013,1.734039635191622
Luxembourg,LUX,2014,0.6285439854407165
Luxembourg,LUX,2015,0.4747431614377788
Luxembourg,LUX,2016,0.2908333333333172
Luxembourg,LUX,2017,1.730799591188872
Luxembourg,LUX,2018,1.528195243073795
Luxembourg,LUX,2019,1.743320756538483
Luxembourg,LUX,2020,0.8199573021270355
Luxembourg,LUX,2021,2.52692009066166
Luxembourg,LUX,2022,6.336008077779189
Luxembourg,LUX,2023,3.741403619831355
Luxembourg,LUX,2024,2.051132699548591
"Macao SAR, China",MAC,1989,8.77094554159181
"Macao SAR, China",MAC,1990,7.969693843632214
"Macao SAR, China",MAC,1991,9.568877659348404
"Macao SAR, China",MAC,1992,7.713921683566107
"Macao SAR, China",MAC,1993,6.705885527700429
"Macao SAR, China",MAC,1994,6.252068902102717
"Macao SAR, China",MAC,1995,8.558666043084472
"Macao SAR, China",MAC,1996,4.822486767834873
"Macao SAR, China",MAC,1997,3.49093715138855
"Macao SAR, China",MAC,1998,0.172630384568516
"Macao SAR, China",MAC,1999,-3.20416248186587
"Macao SAR, China",MAC,2000,-1.609718839618973
"Macao SAR, China",MAC,2001,-1.984650086416459
"Macao SAR, China",MAC,2002,-2.637516998161977
"Macao SAR, China",MAC,2003,-1.562452036713048
"Macao SAR, China",MAC,2004,0.9807284520394508
"Macao SAR, China",MAC,2005,4.395892843356742
"Macao SAR, China",MAC,2006,5.14997337750692
"Macao SAR, China",MAC,2007,5.571496891439518
"Macao SAR, China",MAC,2008,8.611018586369998
"Macao SAR, China",MAC,2009,1.169066954537667
"Macao SAR, China",MAC,2010,2.809472420608431
"Macao SAR, China",MAC,2011,5.806246166910432
"Macao SAR, China",MAC,2012,6.107389283365494
"Macao SAR, China",MAC,2013,5.500577791784842
"Macao SAR, China",MAC,2014,6.048234520940761
"Macao SAR, China",MAC,2015,4.560563380281725
"Macao SAR, China",MAC,2016,2.368957497058981
"Macao SAR, China",MAC,2017,1.228124040528088
"Macao SAR, China",MAC,2018,3.004462931669528
"Macao SAR, China",MAC,2019,2.751930810519751
"Macao SAR, China",MAC,2020,0.8114105114915123
"Macao SAR, China",MAC,2021,0.0264543647055503
"Macao SAR, China",MAC,2022,1.045028023699535
"Macao SAR, China",MAC,2023,0.4763844957880754
"Macao SAR, China",MAC,2024,0.6724985988543651
Madagascar,MDG,1965,4.201860365894415
Madagascar,MDG,1966,3.211573978975542
Madagascar,MDG,1967,0.8151903766807868
Madagascar,MDG,1968,0.9565131644855436
Madagascar,MDG,1969,3.828872826836593
Madagascar,MDG,1970,2.878645343187932
Madagascar,MDG,1971,5.385881492434946
Madagascar,MDG,1972,5.622559652774797
Madagascar,MDG,1973,6.120101864647797
Madagascar,MDG,1974,22.10094441877803
Madagascar,MDG,1975,8.191212832159287
Madagascar,MDG,1976,4.986815118625709
Madagascar,MDG,1977,3.108952891284263
Madagascar,MDG,1978,6.528446922617972
Madagascar,MDG,1979,14.05559225555157
Madagascar,MDG,1980,18.21786589467557
Madagascar,MDG,1981,30.5381774327711
Madagascar,MDG,1982,31.78970465105354
Madagascar,MDG,1983,19.328338591095
Madagascar,MDG,1984,9.856620954338888
Madagascar,MDG,1985,10.55648395736188
Madagascar,MDG,1986,14.4973321039129
Madagascar,MDG,1987,14.99313513225024
Madagascar,MDG,1988,26.85379714138119
Madagascar,MDG,1989,9.012995945555009
Madagascar,MDG,1990,11.78448383213568
Madagascar,MDG,1991,8.592647604901922
Madagascar,MDG,1992,14.51237860757715
Madagascar,MDG,1993,10.00836120401402
Madagascar,MDG,1994,38.94179089892395
Madagascar,MDG,1995,49.0802100590784
Madagascar,MDG,1996,19.7563545439776
Madagascar,MDG,1997,4.486382617373988
Madagascar,MDG,1998,6.208016086633199
Madagascar,MDG,1999,9.929533993487809
Madagascar,MDG,2000,11.85968450002796
Madagascar,MDG,2001,7.916944845295859
Madagascar,MDG,2002,16.49852553158463
Madagascar,MDG,2003,-1.704004796162977
Madagascar,MDG,2004,13.95580180332114
Madagascar,MDG,2005,18.36382464689321
Madagascar,MDG,2006,10.76563715548655
Madagascar,MDG,2007,10.28796631876714
Madagascar,MDG,2008,9.29650839381057
Madagascar,MDG,2009,8.954218023929492
Madagascar,MDG,2010,9.247321736441162
Madagascar,MDG,2011,9.482540485829922
Madagascar,MDG,2012,5.713844341910533
Madagascar,MDG,2013,5.826429444519803
Madagascar,MDG,2014,6.080408110883021
Madagascar,MDG,2015,7.404191742021292
Madagascar,MDG,2016,6.035758581546788
Madagascar,MDG,2017,8.609050754229495
Madagascar,MDG,2018,8.594229588704756
Madagascar,MDG,2019,5.610514414923647
Madagascar,MDG,2020,4.201793121905574
Madagascar,MDG,2021,5.81225118787715
Madagascar,MDG,2022,8.16059031991844
Madagascar,MDG,2023,9.874326750448883
Madagascar,MDG,2024,7.613357843137233
Malawi,MWI,1981,11.81469755002124
Malawi,MWI,1982,9.82116244432078
Malawi,MWI,1983,13.5025105170179
Malawi,MWI,1984,20.02630320423249
Malawi,MWI,1985,10.51897599371658
Malawi,MWI,1986,14.04686795876443
Malawi,MWI,1987,25.15509542829113
Malawi,MWI,1988,33.91216493543387
Malawi,MWI,1989,12.44636205026642
Malawi,MWI,1990,11.82353804541513
Malawi,MWI,1991,12.61531538288492
Malawi,MWI,1992,23.75135302303987
Malawi,MWI,1993,22.7727102336625
Malawi,MWI,1994,34.64963615083235
Malawi,MWI,1995,83.32577475434584
Malawi,MWI,1996,37.60204502350164
Malawi,MWI,1997,9.137352430034948
Malawi,MWI,1998,29.74865128282636
Malawi,MWI,1999,44.80416428616744
Malawi,MWI,2000,29.58148846316839
Malawi,MWI,2001,22.7
Malawi,MWI,2002,14.74463461016033
Malawi,MWI,2003,9.576797869192143
Malawi,MWI,2004,11.42980608221236
Malawi,MWI,2005,15.41034466042956
Malawi,MWI,2006,13.97429435483877
Malawi,MWI,2007,7.952209908640304
Malawi,MWI,2008,8.712601866090434
Malawi,MWI,2009,8.422044276966554
Malawi,MWI,2010,7.41159092883827
Malawi,MWI,2011,7.6228226284852
Malawi,MWI,2012,21.27126500137791
Malawi,MWI,2013,27.28333333333336
Malawi,MWI,2014,23.79206494696866
Malawi,MWI,2015,21.86734755425529
Malawi,MWI,2016,21.71111321364988
Malawi,MWI,2017,11.54339391887714
Malawi,MWI,2018,12.42017810892101
Malawi,MWI,2019,9.370836056056698
Malawi,MWI,2020,8.625514696505519
Malawi,MWI,2021,9.330144108352115
Malawi,MWI,2022,20.95396972996904
Malawi,MWI,2023,28.78974282472983
Malawi,MWI,2024,32.17965042250251
Malaysia,MYS,1960,0.063182597888167
Malaysia,MYS,1961,-0.1804077216315654
Malaysia,MYS,1962,0.1084402678480898
Malaysia,MYS,1963,3.105253656083443
Malaysia,MYS,1964,-0.4027315710036582
Malaysia,MYS,1965,-0.1054852322437895
Malaysia,MYS,1966,0.9679690252613689
Malaysia,MYS,1967,4.575562140332911
Malaysia,MYS,1968,-0.1583465287945673
Malaysia,MYS,1969,-0.4090150252940695
Malaysia,MYS,1970,1.843935965563875
Malaysia,MYS,1971,1.613035963958077
Malaysia,MYS,1972,3.231554223548736
Malaysia,MYS,1973,10.56017574131009
Malaysia,MYS,1974,17.32898098244111
Malaysia,MYS,1975,4.487722269159062
Malaysia,MYS,1976,2.633711507305714
Malaysia,MYS,1977,4.788224014459644
Malaysia,MYS,1978,4.860064585542518
Malaysia,MYS,1979,3.654467997964138
Malaysia,MYS,1980,6.674919534505103
Malaysia,MYS,1981,9.70000000000015
Malaysia,MYS,1982,5.818900029778301
Malaysia,MYS,1983,3.704235463193726
Malaysia,MYS,1984,3.897272601497682
Malaysia,MYS,1985,0.3464587912598837
Malaysia,MYS,1986,0.7370028553919387
Malaysia,MYS,1987,0.2900079094384121
Malaysia,MYS,1988,2.556519453207422
Malaysia,MYS,1989,2.813200897148054
Malaysia,MYS,1990,2.617801047120508
Malaysia,MYS,1991,4.358333333333004
Malaysia,MYS,1992,4.767228299928205
Malaysia,MYS,1993,3.536585365853888
Malaysia,MYS,1994,3.724970553592836
Malaysia,MYS,1995,3.450575095848948
Malaysia,MYS,1996,3.48855945858916
Malaysia,MYS,1997,2.662514597119463
Malaysia,MYS,1998,5.270342003487656
Malaysia,MYS,1999,2.744561302406039
Malaysia,MYS,2000,1.534740236976995
Malaysia,MYS,2001,1.416784732060981
Malaysia,MYS,2002,1.807872462815361
Malaysia,MYS,2003,1.089676325772861
Malaysia,MYS,2004,1.421271159374023
Malaysia,MYS,2005,2.975070926844491
Malaysia,MYS,2006,3.60923564224389
Malaysia,MYS,2007,2.027353177795685
Malaysia,MYS,2008,5.44078221100769
Malaysia,MYS,2009,0.583308405623702
Malaysia,MYS,2010,1.622852355770353
Malaysia,MYS,2011,3.1744709215131
Malaysia,MYS,2012,1.663571024792059
Malaysia,MYS,2013,2.10501231233612
Malaysia,MYS,2014,3.142990508790954
Malaysia,MYS,2015,2.104389802383585
Malaysia,MYS,2016,2.090566595257424
Malaysia,MYS,2017,3.871201157742374
Malaysia,MYS,2018,0.884709160571235
Malaysia,MYS,2019,0.6628918657643263
Malaysia,MYS,2020,-1.138702153930499
Malaysia,MYS,2021,2.477102414654468
Malaysia,MYS,2022,3.378698625499285
Malaysia,MYS,2023,2.488865601257539
Malaysia,MYS,2024,1.834100204499002
Maldives,MDV,1986,9.722193276785626
Maldives,MDV,1987,9.7040723294332
Maldives,MDV,1988,6.456360268019414
Maldives,MDV,1989,7.165858894707771
Maldives,MDV,1990,3.649911977174767
Maldives,MDV,1991,14.71367702827348
Maldives,MDV,1992,16.85599775355483
Maldives,MDV,1993,20.12735931492483
Maldives,MDV,1994,3.386100982914926
Maldives,MDV,1995,5.488861331715043
Maldives,MDV,1996,6.241245914760255
Maldives,MDV,1997,7.572834670725924
Maldives,MDV,1998,-1.404252338167923
Maldives,MDV,1999,2.953708360691287
Maldives,MDV,2000,-1.174756811759459
Maldives,MDV,2001,0.6725773700624702
Maldives,MDV,2002,4.178672399047897
Maldives,MDV,2003,-1.260651134503543
Maldives,MDV,2004,-1.685412124594662
Maldives,MDV,2005,1.300275009309971
Maldives,MDV,2006,2.738421316020986
Maldives,MDV,2007,6.79477353930168
Maldives,MDV,2008,12.04145835051081
Maldives,MDV,2009,4.530176591328005
Maldives,MDV,2010,6.149885367501734
Maldives,MDV,2011,11.2734146055937
Maldives,MDV,2012,10.88469565856303
Maldives,MDV,2013,3.805630009194298
Maldives,MDV,2014,2.120001757181345
Maldives,MDV,2015,0.9532066587776068
Maldives,MDV,2016,0.5025094136116122
Maldives,MDV,2017,2.817473382345089
Maldives,MDV,2018,-0.1333733861175947
Maldives,MDV,2019,0.2200297310653834
Maldives,MDV,2020,-1.369774255698108
Maldives,MDV,2021,0.5431496887370127
Maldives,MDV,2022,2.333143376245675
Maldives,MDV,2023,2.927465424250351
Maldives,MDV,2024,1.399797796749283
Mali,MLI,1989,-0.076692997928884
Mali,MLI,1990,0.6063397037375226
Mali,MLI,1991,1.800427220018578
Mali,MLI,1992,-6.242505995204253
Mali,MLI,1993,-0.2637678842618043
Mali,MLI,1994,23.17679115242849
Mali,MLI,1995,13.44176968119739
Mali,MLI,1996,6.805459967882332
Mali,MLI,1997,-0.3629997959466946
Mali,MLI,1998,4.036589459549863
Mali,MLI,1999,-1.201903686375016
Mali,MLI,2000,-0.6776616590467694
Mali,MLI,2001,5.187011919440678
Mali,MLI,2002,5.032822757111935
Mali,MLI,2003,-1.346726190476212
Mali,MLI,2004,-3.099781280639569
Mali,MLI,2005,6.397882938978825
Mali,MLI,2006,1.543525969275824
Mali,MLI,2007,1.412002017145768
Mali,MLI,2008,9.170988136676776
Mali,MLI,2009,2.463751885722989
Mali,MLI,2010,1.108926906701861
Mali,MLI,2011,2.955643952293921
Mali,MLI,2012,5.323128470640577
Mali,MLI,2013,-0.606736356351563
Mali,MLI,2014,0.8838145471378414
Mali,MLI,2015,1.450690576059608
Mali,MLI,2016,-1.799647070833858
Mali,MLI,2017,1.75985742927165
Mali,MLI,2018,0.299546507387843
Mali,MLI,2019,-1.658266948463649
Mali,MLI,2020,0.4380889403206689
Mali,MLI,2021,3.925602831042767
Mali,MLI,2022,9.621476084890638
Mali,MLI,2023,2.058802282742227
Mali,MLI,2024,3.206398640996599
Malta,MLT,1960,3.384615384615528
Malta,MLT,1961,2.511321531006946
Malta,MLT,1962,0.1686746989576345
Malta,MLT,1963,1.876353139212653
Malta,MLT,1964,2.18024399859687
Malta,MLT,1965,1.602218456101318
Malta,MLT,1966,0.5231235786995303
Malta,MLT,1967,0.693868315713048
Malta,MLT,1968,2.03730057682276
Malta,MLT,1969,2.334287601862175
Malta,MLT,1970,3.715658848092627
Malta,MLT,1971,2.323812158388086
Malta,MLT,1972,3.372761067811551
Malta,MLT,1973,7.689289917861485
Malta,MLT,1974,7.255616272040075
Malta,MLT,1975,8.791666666166906
Malta,MLT,1976,0.5515128302585832
Malta,MLT,1977,10.04037480023641
Malta,MLT,1978,4.707511249514872
Malta,MLT,1979,7.147107437978929
Malta,MLT,1980,15.747254103486
Malta,MLT,1981,11.50975583771234
Malta,MLT,1982,5.818233972186653
Malta,MLT,1983,-0.8809975603175066
Malta,MLT,1984,-0.4425000007500752
Malta,MLT,1985,-0.2352074596774736
Malta,MLT,1986,2.027888714147608
Malta,MLT,1987,0.4317256694224422
Malta,MLT,1988,0.9383443871285148
Malta,MLT,1989,0.8476913592262123
Malta,MLT,1990,2.983405860635602
Malta,MLT,1991,2.54219284786975
Malta,MLT,1992,1.633212098890449
Malta,MLT,1993,4.144819541804884
Malta,MLT,1994,4.129921816382586
Malta,MLT,1995,4.426645502866542
Malta,MLT,1996,2.054000000000089
Malta,MLT,1997,3.112077919532723
Malta,MLT,1998,2.385251354176611
Malta,MLT,1999,2.134768888063856
Malta,MLT,2000,2.369592875318062
Malta,MLT,2001,2.929492443241039
Malta,MLT,2002,2.188490480605487
Malta,MLT,2003,1.303837774426015
Malta,MLT,2004,2.790828480677541
Malta,MLT,2005,3.007966524503134
Malta,MLT,2006,2.773780064814723
Malta,MLT,2007,1.249219237976292
Malta,MLT,2008,4.258621718970734
Malta,MLT,2009,2.084327460823426
Malta,MLT,2010,1.515635136185318
Malta,MLT,2011,2.9629852819288
Malta,MLT,2012,2.375820577603862
Malta,MLT,2013,1.180284363665502
Malta,MLT,2014,0.3103064721816645
Malta,MLT,2015,1.100548263789292
Malta,MLT,2016,0.6427027715273043
Malta,MLT,2017,1.364354481507084
Malta,MLT,2018,1.15782362451517
Malta,MLT,2019,1.642060017689402
Malta,MLT,2020,0.6385449567767122
Malta,MLT,2021,1.497892179347241
Malta,MLT,2022,6.153756219330369
Malta,MLT,2023,5.093967589788826
Malta,MLT,2024,1.650794692831088
Mauritania,MRT,1986,7.433333333333196
Mauritania,MRT,1987,8.152342538008714
Mauritania,MRT,1988,1.319658610054818
Mauritania,MRT,1989,12.93268209810992
Mauritania,MRT,1990,6.600225648740178
Mauritania,MRT,1991,5.628666666666988
Mauritania,MRT,1992,10.14181756215103
Mauritania,MRT,1993,9.370344159714604
Mauritania,MRT,1994,4.128258612954418
Mauritania,MRT,1995,6.54379068524171
Mauritania,MRT,1996,4.681306239164126
Mauritania,MRT,1997,4.62534695318394
Mauritania,MRT,1998,8.031666654988577
Mauritania,MRT,1999,4.074176135967543
Mauritania,MRT,2000,3.254067458333583
Mauritania,MRT,2001,4.714896346896095
Mauritania,MRT,2002,3.895705257584902
Mauritania,MRT,2003,5.151901507695781
Mauritania,MRT,2004,10.36762334730735
Mauritania,MRT,2005,12.12564871855412
Mauritania,MRT,2006,6.241033281428202
Mauritania,MRT,2007,7.254108413048872
Mauritania,MRT,2008,7.346635412497862
Mauritania,MRT,2009,2.220920323817791
Mauritania,MRT,2010,6.283540874277036
Mauritania,MRT,2011,5.686319595759542
Mauritania,MRT,2012,4.902427272179972
Mauritania,MRT,2013,4.129101737833927
Mauritania,MRT,2014,3.534368561473237
Mauritania,MRT,2015,3.25472688117631
Mauritania,MRT,2016,1.471710456500036
Mauritania,MRT,2017,2.254276519348126
Mauritania,MRT,2018,3.067359960583556
Mauritania,MRT,2019,2.300092621179372
Mauritania,MRT,2020,2.385694884563199
Mauritania,MRT,2021,3.565164846501848
Mauritania,MRT,2022,9.52526628622843
Mauritania,MRT,2023,4.953050345068724
Mauritania,MRT,2024,2.491643474819718
Mauritius,MUS,1964,1.895574172809982
Mauritius,MUS,1965,1.78556598298231
Mauritius,MUS,1966,2.50489556095841
Mauritius,MUS,1967,1.878532197816459
Mauritius,MUS,1968,6.97710758672967
Mauritius,MUS,1969,2.315220566764722
Mauritius,MUS,1970,1.541865943256695
Mauritius,MUS,1971,0.3163444636925385
Mauritius,MUS,1972,5.395935529334037
Mauritius,MUS,1973,13.4507978726776
Mauritius,MUS,1974,29.11563031109199
Mauritius,MUS,1975,14.73832327175495
Mauritius,MUS,1976,12.95572916718359
Mauritius,MUS,1977,9.172498970748004
Mauritius,MUS,1978,8.545139150822854
Mauritius,MUS,1979,14.46637020583035
Mauritius,MUS,1980,41.99951438656987
Mauritius,MUS,1981,14.46159107421063
Mauritius,MUS,1982,11.41569312836511
Mauritius,MUS,1983,5.589498018439389
Mauritius,MUS,1984,7.389162561694713
Mauritius,MUS,1985,6.698703946584978
Mauritius,MUS,1986,1.632653061224855
Mauritius,MUS,1987,0.518741633199852
Mauritius,MUS,1988,9.15931413351054
Mauritius,MUS,1989,12.67004209113602
Mauritius,MUS,1990,13.48808879263709
Mauritius,MUS,1991,7.001013775418793
Mauritius,MUS,1992,4.643519298837085
Mauritius,MUS,1993,10.51783844728956
Mauritius,MUS,1994,7.323471544122941
Mauritius,MUS,1995,6.029331884845317
Mauritius,MUS,1996,6.550973360655728
Mauritius,MUS,1997,6.83334334996102
Mauritius,MUS,1998,6.810793237971935
Mauritius,MUS,1999,6.909146248667734
Mauritius,MUS,2000,4.199288256228066
Mauritius,MUS,2001,5.389344262295082
Mauritius,MUS,2002,6.419333722211492
Mauritius,MUS,2003,3.921053575581875
Mauritius,MUS,2004,4.710370601058835
Mauritius,MUS,2005,4.937170049817947
Mauritius,MUS,2006,8.91350105650142
Mauritius,MUS,2007,8.827292723932938
Mauritius,MUS,2008,9.732283171468866
Mauritius,MUS,2009,2.516091281451126
Mauritius,MUS,2010,2.932363013698569
Mauritius,MUS,2011,6.522492548693411
Mauritius,MUS,2012,3.852160333159827
Mauritius,MUS,2013,3.543295739348387
Mauritius,MUS,2014,3.217691919946845
Mauritius,MUS,2015,1.286549707602317
Mauritius,MUS,2016,0.977675134718965
Mauritius,MUS,2017,3.666997026759247
Mauritius,MUS,2018,3.216053831445703
Mauritius,MUS,2019,0.4056551903095534
Mauritius,MUS,2020,2.580800771828295
Mauritius,MUS,2021,4.028528881573756
Mauritius,MUS,2022,10.77375122428991
Mauritius,MUS,2023,7.05298238454736
Mauritius,MUS,2024,3.604522038479597
Mexico,MEX,1960,4.927518869031162
Mexico,MEX,1961,1.6087596908193
Mexico,MEX,1962,1.198984178150816
Mexico,MEX,1963,0.5940550084619654
Mexico,MEX,1964,2.337903172343618
Mexico,MEX,1965,3.568038657429364
Mexico,MEX,1966,4.215788377384353
Mexico,MEX,1967,3.016948475021476
Mexico,MEX,1968,2.333950934670264
Mexico,MEX,1969,3.367003367116776
Mexico,MEX,1970,5.003412054834311
Mexico,MEX,1971,5.469028993768383
Mexico,MEX,1972,4.943692363778751
Mexico,MEX,1973,12.08193946129382
Mexico,MEX,1974,23.7840154425787
Mexico,MEX,1975,14.94453464092671
Mexico,MEX,1976,15.82472248934705
Mexico,MEX,1977,29.0641247103461
Mexico,MEX,1978,17.45729256782648
Mexico,MEX,1979,18.19124629876431
Mexico,MEX,1980,26.35165135628344
Mexico,MEX,1981,27.9337625982399
Mexico,MEX,1982,58.91341985310484
Mexico,MEX,1983,101.8749384359919
Mexico,MEX,1984,65.44880712776018
Mexico,MEX,1985,57.74844840087022
Mexico,MEX,1986,86.23331699235383
Mexico,MEX,1987,131.8273839230895
Mexico,MEX,1988,114.1622585490656
Mexico,MEX,1989,20.00787671399778
Mexico,MEX,1990,26.65167256467706
Mexico,MEX,1991,22.66235945506099
Mexico,MEX,1992,15.50789625335729
Mexico,MEX,1993,9.751460453575524
Mexico,MEX,1994,6.965812371911233
Mexico,MEX,1995,34.99927128895922
Mexico,MEX,1996,34.37838322351676
Mexico,MEX,1997,20.62562872592471
Mexico,MEX,1998,15.92839501193533
Mexico,MEX,1999,16.58561697075381
Mexico,MEX,2000,9.491561494354023
Mexico,MEX,2001,6.36773806235037
Mexico,MEX,2002,5.030727331512953
Mexico,MEX,2003,4.546900121187184
Mexico,MEX,2004,4.688408848431427
Mexico,MEX,2005,3.988057145974374
Mexico,MEX,2006,3.629467624391321
Mexico,MEX,2007,3.966849054582353
Mexico,MEX,2008,5.124982745758964
Mexico,MEX,2009,5.297355842288558
Mexico,MEX,2010,4.156727226801737
Mexico,MEX,2011,3.407378246057421
Mexico,MEX,2012,4.111509810702894
Mexico,MEX,2013,3.806390697472044
Mexico,MEX,2014,4.018616080786787
Mexico,MEX,2015,2.720640649640229
Mexico,MEX,2016,2.821707847476604
Mexico,MEX,2017,6.041457240189856
Mexico,MEX,2018,4.899350153565507
Mexico,MEX,2019,3.635961421270462
Mexico,MEX,2020,3.396834155700065
Mexico,MEX,2021,5.689208476837533
Mexico,MEX,2022,7.896276191685497
Mexico,MEX,2023,5.527960873143888
Mexico,MEX,2024,4.722255884529316
"Micronesia, Fed. Sts.",FSM,2000,2.158518106194191
"Micronesia, Fed. Sts.",FSM,2001,0.5024973512940274
"Micronesia, Fed. Sts.",FSM,2002,-0.1114424264329447
"Micronesia, Fed. Sts.",FSM,2003,0.1266433482089031
"Micronesia, Fed. Sts.",FSM,2004,2.27669698247304
"Micronesia, Fed. Sts.",FSM,2005,4.257699782109416
"Micronesia, Fed. Sts.",FSM,2006,4.637370085856346
"Micronesia, Fed. Sts.",FSM,2007,3.306342780026991
"Micronesia, Fed. Sts.",FSM,2008,8.423725662461864
"Micronesia, Fed. Sts.",FSM,2009,6.393602577352006
"Micronesia, Fed. Sts.",FSM,2010,3.313709631362165
"Micronesia, Fed. Sts.",FSM,2011,5.082594038903711
"Micronesia, Fed. Sts.",FSM,2012,5.018503530456163
"Micronesia, Fed. Sts.",FSM,2013,1.752327373507615
"Micronesia, Fed. Sts.",FSM,2014,0.6502848917679442
"Micronesia, Fed. Sts.",FSM,2015,-0.2981158373807002
"Micronesia, Fed. Sts.",FSM,2016,-1.03746806405349
"Micronesia, Fed. Sts.",FSM,2017,0.5822537352548897
"Micronesia, Fed. Sts.",FSM,2018,1.498400235937367
"Micronesia, Fed. Sts.",FSM,2019,1.923851707879231
"Micronesia, Fed. Sts.",FSM,2020,0.5545946308531743
"Micronesia, Fed. Sts.",FSM,2021,3.191284065974663
"Micronesia, Fed. Sts.",FSM,2022,5.408743754790666
Moldova,MDA,1992,1026.826264247019
Moldova,MDA,1993,1613.603988761939
Moldova,MDA,1994,486.4256237958903
Moldova,MDA,1995,29.86561040957177
Moldova,MDA,1996,23.50567729633685
Moldova,MDA,1997,11.77283244944672
Moldova,MDA,1998,7.695765175172083
Moldova,MDA,1999,39.25598068917453
Moldova,MDA,2000,31.29930158177836
Moldova,MDA,2001,9.7646628575763
Moldova,MDA,2002,5.301243902615873
Moldova,MDA,2003,11.74607920582338
Moldova,MDA,2004,12.52427684282276
Moldova,MDA,2005,11.9591837222127
Moldova,MDA,2006,12.7777557830351
Moldova,MDA,2007,12.36716684143016
Moldova,MDA,2008,12.78304726188195
Moldova,MDA,2009,-0.0627185967108899
Moldova,MDA,2010,7.483850863508508
Moldova,MDA,2011,7.6872510335619
Moldova,MDA,2012,4.546334273553017
Moldova,MDA,2013,4.597878973631266
Moldova,MDA,2014,5.088785546258694
Moldova,MDA,2015,9.67624033101859
Moldova,MDA,2016,6.359308980379314
Moldova,MDA,2017,6.570229974556114
Moldova,MDA,2018,3.045053973370705
Moldova,MDA,2019,4.837783514287277
Moldova,MDA,2020,3.76597122245351
Moldova,MDA,2021,5.10641129002835
Moldova,MDA,2022,28.73729767662353
Moldova,MDA,2023,13.41701043812994
Moldova,MDA,2024,4.677735160070515
Mongolia,MNG,1993,268.150488882784
Mongolia,MNG,1994,87.58000932980804
Mongolia,MNG,1995,0.0435161009571922
Mongolia,MNG,1996,46.88995215311023
Mongolia,MNG,1997,36.55611489487726
Mongolia,MNG,1998,9.357042177165477
Mongolia,MNG,1999,7.56494150307377
Mongolia,MNG,2000,11.59553875933271
Mongolia,MNG,2001,6.277360204840061
Mongolia,MNG,2002,0.91707468718427
Mongolia,MNG,2003,5.12899499422419
Mongolia,MNG,2004,8.241154494176191
Mongolia,MNG,2005,12.71656740660532
Mongolia,MNG,2006,5.09516661663157
Mongolia,MNG,2007,9.63096309630964
Mongolia,MNG,2008,27.95566502463056
Mongolia,MNG,2009,7.619505935194102
Mongolia,MNG,2010,10.04620658816507
Mongolia,MNG,2011,8.411214953271012
Mongolia,MNG,2012,14.33033483258381
Mongolia,MNG,2013,10.49065675882415
Mongolia,MNG,2014,12.25398081297595
Mongolia,MNG,2015,5.735682819383272
Mongolia,MNG,2016,0.7332722273143972
Mongolia,MNG,2017,4.301431053023421
Mongolia,MNG,2018,6.824247901455217
Mongolia,MNG,2019,7.301069535507288
Mongolia,MNG,2020,3.723723061402598
Mongolia,MNG,2021,7.35894657888155
Mongolia,MNG,2022,15.15097282008049
Mongolia,MNG,2023,10.34758313143399
Mongolia,MNG,2024,6.197799016584197
Montenegro,MNE,2006,2.924512581236478
Montenegro,MNE,2007,4.347122156561121
Montenegro,MNE,2008,8.758727695887984
Montenegro,MNE,2009,3.466723732077934
Montenegro,MNE,2010,0.6549465701484787
Montenegro,MNE,2011,3.4501431124869
Montenegro,MNE,2012,4.145247249811187
Montenegro,MNE,2013,2.205892681411779
Montenegro,MNE,2014,-0.7105140517102266
Montenegro,MNE,2015,1.548691582224855
Montenegro,MNE,2016,-0.2713850233851755
Montenegro,MNE,2017,2.380235990531304
Montenegro,MNE,2018,2.611223782637997
Montenegro,MNE,2019,0.3615637045407673
Montenegro,MNE,2020,-0.2556556998485512
Montenegro,MNE,2021,2.410801984031652
Montenegro,MNE,2022,13.04030363470036
Montenegro,MNE,2023,8.584769104554026
Montenegro,MNE,2024,3.336750092822814
Morocco,MAR,1960,3.42429906542058
Morocco,MAR,1961,1.763124604934522
Morocco,MAR,1962,5.096729081381482
Morocco,MAR,1963,5.699711687452218
Morocco,MAR,1964,4.021541474212127
Morocco,MAR,1965,3.482821220016904
Morocco,MAR,1966,-1.013579364696397
Morocco,MAR,1967,-0.7482769938977154
Morocco,MAR,1968,0.4364790690445246
Morocco,MAR,1969,2.949891354392415
Morocco,MAR,1970,1.279181323764763
Morocco,MAR,1971,4.155352068353301
Morocco,MAR,1972,3.759170557222635
Morocco,MAR,1973,4.084614036129725
Morocco,MAR,1974,17.55682274524543
Morocco,MAR,1975,7.918289267027409
Morocco,MAR,1976,8.502152443493033
Morocco,MAR,1977,12.59700099200693
Morocco,MAR,1978,9.716032749543404
Morocco,MAR,1979,8.331365418154618
Morocco,MAR,1980,9.40837947437956
Morocco,MAR,1981,12.49252839210006
Morocco,MAR,1982,10.52780729729832
Morocco,MAR,1983,6.207935388703134
Morocco,MAR,1984,12.44756932918533
Morocco,MAR,1985,7.728638900859202
Morocco,MAR,1986,8.733559187066746
Morocco,MAR,1987,2.698739977137673
Morocco,MAR,1988,2.369055054876411
Morocco,MAR,1989,3.259969492263904
Morocco,MAR,1990,6.78259401511006
Morocco,MAR,1991,7.986166007905119
Morocco,MAR,1992,5.7402466286874
Morocco,MAR,1993,5.183113960308015
Morocco,MAR,1994,5.141671529533615
Morocco,MAR,1995,6.123581647755232
Morocco,MAR,1996,2.986809227730167
Morocco,MAR,1997,1.038198950516136
Morocco,MAR,1998,2.753113307644771
Morocco,MAR,1999,0.6847826086956428
Morocco,MAR,2000,1.894634567634643
Morocco,MAR,2001,0.6198018752979751
Morocco,MAR,2002,2.795619669369363
Morocco,MAR,2003,1.167733674775924
Morocco,MAR,2004,1.493444033817744
Morocco,MAR,2005,0.9826416600159504
Morocco,MAR,2006,3.284761669548109
Morocco,MAR,2007,2.042085126733442
Morocco,MAR,2008,3.714843114940642
Morocco,MAR,2009,0.9718629986676364
Morocco,MAR,2010,0.9935574012263922
Morocco,MAR,2011,0.9069249096918
Morocco,MAR,2012,1.287122400792192
Morocco,MAR,2013,1.880654667240859
Morocco,MAR,2014,0.4423100535570479
Morocco,MAR,2015,1.557907113462602
Morocco,MAR,2016,1.635311143270643
Morocco,MAR,2017,0.7546632493236185
Morocco,MAR,2018,1.803916711418959
Morocco,MAR,2019,0.3033860365903833
Morocco,MAR,2020,0.7059686613382608
Morocco,MAR,2021,1.401958839620059
Morocco,MAR,2022,6.657042027590669
Morocco,MAR,2023,6.091141525041408
Morocco,MAR,2024,0.9852565920045068
Mozambique,MOZ,2005,6.427552780700866
Mozambique,MOZ,2006,13.24508790709988
Mozambique,MOZ,2007,8.489486754974553
Mozambique,MOZ,2008,14.50280530022677
Mozambique,MOZ,2009,3.788613309146254
Mozambique,MOZ,2010,12.42554217351563
Mozambique,MOZ,2011,11.1666056127874
Mozambique,MOZ,2012,2.602454569566181
Mozambique,MOZ,2013,4.261352509419634
Mozambique,MOZ,2014,2.55974875844295
Mozambique,MOZ,2015,3.550759673567459
Mozambique,MOZ,2016,17.41804181975971
Mozambique,MOZ,2017,15.11320738993842
Mozambique,MOZ,2018,3.911334399907289
Mozambique,MOZ,2019,2.802703079281112
Mozambique,MOZ,2020,3.483935674932038
Mozambique,MOZ,2021,6.408476529756918
Mozambique,MOZ,2022,10.27940180934209
Mozambique,MOZ,2023,7.126974821318511
Mozambique,MOZ,2024,4.078568348120219
Myanmar,MMR,1960,7.389937107034908
Myanmar,MMR,1961,-0.1464128828721027
Myanmar,MMR,1962,-1.612903227272536
Myanmar,MMR,1963,-2.682563338341034
Myanmar,MMR,1964,-0.4594180689199591
Myanmar,MMR,1965,17.69230769230747
Myanmar,MMR,1966,25.49019607843188
Myanmar,MMR,1967,0.8333333322915851
Myanmar,MMR,1968,2.376033057875617
Myanmar,MMR,1969,-4.339051463212154
Myanmar,MMR,1970,-4.008438817552767
Myanmar,MMR,1971,2.087912087911857
Myanmar,MMR,1972,7.642626480085932
Myanmar,MMR,1973,25.19999999925016
Myanmar,MMR,1974,25.21166134220385
Myanmar,MMR,1975,31.65566293480142
Myanmar,MMR,1976,22.3844016992292
Myanmar,MMR,1977,-1.156687242528637
Myanmar,MMR,1978,-6.044706125702652
Myanmar,MMR,1979,5.672295028878272
Myanmar,MMR,1980,0.6081530838996136
Myanmar,MMR,1981,0.3184447332659153
Myanmar,MMR,1982,5.304740405379926
Myanmar,MMR,1983,5.650083363454384
Myanmar,MMR,1984,4.846311547690528
Myanmar,MMR,1985,6.807566557683329
Myanmar,MMR,1986,9.325461900076515
Myanmar,MMR,1987,24.75999999999994
Myanmar,MMR,1988,16.04280218018556
Myanmar,MMR,1989,27.19852644908879
Myanmar,MMR,1990,17.62677503145038
Myanmar,MMR,1991,32.27203828664164
Myanmar,MMR,1992,21.91321040079133
Myanmar,MMR,1993,31.83160687276003
Myanmar,MMR,1994,24.09878607570193
Myanmar,MMR,1995,25.19471239728473
Myanmar,MMR,1996,16.27539663773738
Myanmar,MMR,1997,29.6972325791529
Myanmar,MMR,1998,51.48754975040789
Myanmar,MMR,1999,18.40104337416087
Myanmar,MMR,2000,-0.1091655146685647
Myanmar,MMR,2001,21.10130537692296
Myanmar,MMR,2002,57.07451126217031
Myanmar,MMR,2003,36.58971753239244
Myanmar,MMR,2004,4.534213741296925
Myanmar,MMR,2005,9.36861814196704
Myanmar,MMR,2006,19.99648733592144
Myanmar,MMR,2007,35.02459707176984
Myanmar,MMR,2008,26.79953719340217
Myanmar,MMR,2009,1.47234311385647
Myanmar,MMR,2010,7.718381958736143
Myanmar,MMR,2011,5.0214601462073
Myanmar,MMR,2012,1.467583226746787
Myanmar,MMR,2013,5.643038834255013
Myanmar,MMR,2014,4.953299184843998
Myanmar,MMR,2015,9.454171895260185
Myanmar,MMR,2016,6.928825258160756
Myanmar,MMR,2017,4.572536553175196
Myanmar,MMR,2018,6.872328656629354
Myanmar,MMR,2019,8.825066968045581
Namibia,NAM,2003,7.136153114586299
Namibia,NAM,2004,4.136632131447484
Namibia,NAM,2005,2.281946070243065
Namibia,NAM,2006,4.961166892989158
Namibia,NAM,2007,6.547881411017173
Namibia,NAM,2008,9.094643071928097
Namibia,NAM,2009,9.451726515217048
Namibia,NAM,2010,4.874919876439499
Namibia,NAM,2011,5.005595180812
Namibia,NAM,2012,6.72199777334886
Namibia,NAM,2013,5.600925022904008
Namibia,NAM,2014,5.350169668596022
Namibia,NAM,2015,3.394015384105586
Namibia,NAM,2016,6.728582345933377
Namibia,NAM,2017,6.145799811111642
Namibia,NAM,2018,4.291591053378753
Namibia,NAM,2019,3.722394144226946
Namibia,NAM,2020,2.209382369334692
Namibia,NAM,2021,3.61690530108814
Namibia,NAM,2022,6.081281141124132
Namibia,NAM,2023,5.879934632842747
Namibia,NAM,2024,4.239039228770362
Nauru,NRU,2011,0.3003003003003
Nauru,NRU,2012,-0.124750499001971
Nepal,NPL,1965,8.471869328464747
Nepal,NPL,1966,14.38897068686558
Nepal,NPL,1967,-2.808331383346839
Nepal,NPL,1968,1.179869973700395
Nepal,NPL,1969,4.057591622815599
Nepal,NPL,1970,15.23727844503588
Nepal,NPL,1971,-1.999503845208261
Nepal,NPL,1972,8.389023896301797
Nepal,NPL,1973,11.42977252585998
Nepal,NPL,1974,19.8063380280849
Nepal,NPL,1975,7.585985213529685
Nepal,NPL,1976,-3.113235733271952
Nepal,NPL,1977,9.898852843134836
Nepal,NPL,1978,7.346091250832973
Nepal,NPL,1979,3.565453785202355
Nepal,NPL,1980,14.68450277637684
Nepal,NPL,1981,11.14485672784439
Nepal,NPL,1982,11.69854659241388
Nepal,NPL,1983,12.37723807827122
Nepal,NPL,1984,2.845784957162663
Nepal,NPL,1985,8.052641266196302
Nepal,NPL,1986,18.99894955023948
Nepal,NPL,1987,10.75032804498502
Nepal,NPL,1988,8.983003382089894
Nepal,NPL,1989,8.846886912325523
Nepal,NPL,1990,8.239700374532061
Nepal,NPL,1991,15.55745292769492
Nepal,NPL,1992,17.14952362434395
Nepal,NPL,1993,7.505394190871055
Nepal,NPL,1994,8.349286728833835
Nepal,NPL,1995,7.622969506981635
Nepal,NPL,1996,9.22046662376986
Nepal,NPL,1997,4.009988605231812
Nepal,NPL,1998,11.24446778186142
Nepal,NPL,1999,7.451112609575463
Nepal,NPL,2000,2.478820207091362
Nepal,NPL,2001,2.688303735456296
Nepal,NPL,2002,3.029399487148925
Nepal,NPL,2003,5.707009318747377
Nepal,NPL,2004,2.8418113124898
Nepal,NPL,2005,6.836332658928768
Nepal,NPL,2006,6.920335807075889
Nepal,NPL,2007,2.269219244390742
Nepal,NPL,2008,9.907830053064798
Nepal,NPL,2009,11.09482373869868
Nepal,NPL,2010,9.326504107453951
Nepal,NPL,2011,9.2270754612596
Nepal,NPL,2012,9.459809803571249
Nepal,NPL,2013,9.04016311917645
Nepal,NPL,2014,8.364154696595627
Nepal,NPL,2015,7.868908955908912
Nepal,NPL,2016,8.7903433200464
Nepal,NPL,2017,2.777039983002109
Nepal,NPL,2018,4.406594101757142
Nepal,NPL,2019,5.566160352437225
Nepal,NPL,2020,5.056358262384993
Nepal,NPL,2021,4.12676744440695
Nepal,NPL,2022,7.670205793802804
Nepal,NPL,2023,7.11587261530826
Nepal,NPL,2024,4.685096542657699
Netherlands,NLD,1960,2.32394366197217
Netherlands,NLD,1961,1.30763936682729
Netherlands,NLD,1962,2.43114520046464
Netherlands,NLD,1963,3.24365932762645
Netherlands,NLD,1964,5.82376646876146
Netherlands,NLD,1965,3.90802639393659
Netherlands,NLD,1966,5.7621465538999
Netherlands,NLD,1967,3.45532005294176
Netherlands,NLD,1968,3.72079177074764
Netherlands,NLD,1969,7.4217973638689
Netherlands,NLD,1970,3.66891820184056
Netherlands,NLD,1971,7.47769255204135
Netherlands,NLD,1972,7.80279143456221
Netherlands,NLD,1973,8.02220374966094
Netherlands,NLD,1974,9.591424843251
Netherlands,NLD,1975,10.2174805273043
Netherlands,NLD,1976,8.83064355905726
Netherlands,NLD,1977,6.39930319039242
Netherlands,NLD,1978,4.11201316875867
Netherlands,NLD,1979,4.19929296222732
Netherlands,NLD,1980,6.51345686297215
Netherlands,NLD,1981,6.73892955078451
Netherlands,NLD,1982,5.91109323984916
Netherlands,NLD,1983,2.74084282543433
Netherlands,NLD,1984,3.30163841997983
Netherlands,NLD,1985,2.25858401255268
Netherlands,NLD,1986,0.0833479494867508
Netherlands,NLD,1987,-0.691203091336868
Netherlands,NLD,1988,0.737943045747553
Netherlands,NLD,1989,1.08216015577775
Netherlands,NLD,1990,2.45408985919675
Netherlands,NLD,1991,3.15819751859096
Netherlands,NLD,1992,3.18358569499581
Netherlands,NLD,1993,2.58418115634715
Netherlands,NLD,1994,2.80152693672192
Netherlands,NLD,1995,1.92322457166359
Netherlands,NLD,1996,2.11378787066774
Netherlands,NLD,1997,2.10924562739483
Netherlands,NLD,1998,1.95913632274257
Netherlands,NLD,1999,2.1571791805505
Netherlands,NLD,2000,2.36052233801958
Netherlands,NLD,2001,4.15584127195612
Netherlands,NLD,2002,3.28753104712766
Netherlands,NLD,2003,2.09199838997655
Netherlands,NLD,2004,1.26364739183177
Netherlands,NLD,2005,1.6881301786962
Netherlands,NLD,2006,1.10150106517709
Netherlands,NLD,2007,1.61385859802102
Netherlands,NLD,2008,2.48650198289457
Netherlands,NLD,2009,1.18977687021548
Netherlands,NLD,2010,1.27530569556679
Netherlands,NLD,2011,2.34107017751373
Netherlands,NLD,2012,2.45554765291614
Netherlands,NLD,2013,2.50689852657875
Netherlands,NLD,2014,0.976035079699679
Netherlands,NLD,2015,0.600248147278776
Netherlands,NLD,2016,0.316666666666652
Netherlands,NLD,2017,1.38145871407216
Netherlands,NLD,2018,1.70349794744479
Netherlands,NLD,2019,2.63369910249591
Netherlands,NLD,2020,1.27246037789161
Netherlands,NLD,2021,2.67572008805385
Netherlands,NLD,2022,10.0012078753473
Netherlands,NLD,2023,3.83839354342808
Netherlands,NLD,2024,3.34754304219953
New Caledonia,NCL,2011,2.428996937533831
New Caledonia,NCL,2012,1.749672346002621
New Caledonia,NCL,2013,1.27761318992718
New Caledonia,NCL,2014,0.1788510607855111
New Caledonia,NCL,2015,0.5705081410484018
New Caledonia,NCL,2016,0.578317435520754
New Zealand,NZL,1960,0.6979292337964771
New Zealand,NZL,1961,1.797704290092078
New Zealand,NZL,1962,2.68085396987461
New Zealand,NZL,1963,1.968498504418873
New Zealand,NZL,1964,3.474905476766105
New Zealand,NZL,1965,3.397489756110841
New Zealand,NZL,1966,2.755480775428153
New Zealand,NZL,1967,6.056920062675219
New Zealand,NZL,1968,4.311924965501938
New Zealand,NZL,1969,4.925242426951331
New Zealand,NZL,1970,6.517181051554798
New Zealand,NZL,1971,10.38756831881375
New Zealand,NZL,1972,6.932804592068537
New Zealand,NZL,1973,8.166669273266582
New Zealand,NZL,1974,11.10940201222244
New Zealand,NZL,1975,14.68498347239936
New Zealand,NZL,1976,16.90685700594497
New Zealand,NZL,1977,14.38354941946215
New Zealand,NZL,1978,11.9566179733303
New Zealand,NZL,1979,13.69959501566416
New Zealand,NZL,1980,17.15054542409539
New Zealand,NZL,1981,15.37015958318529
New Zealand,NZL,1982,16.16369412310178
New Zealand,NZL,1983,7.341075860573446
New Zealand,NZL,1984,6.171253479244424
New Zealand,NZL,1985,15.41765557199175
New Zealand,NZL,1986,13.21339806400207
New Zealand,NZL,1987,15.74430078889269
New Zealand,NZL,1988,6.375249444110527
New Zealand,NZL,1989,5.715991551356302
New Zealand,NZL,1990,6.098444148102041
New Zealand,NZL,1991,2.602392859997734
New Zealand,NZL,1992,1.014560271712361
New Zealand,NZL,1993,1.288207765743864
New Zealand,NZL,1994,1.745377907737428
New Zealand,NZL,1995,3.754944136775542
New Zealand,NZL,1996,2.285713054021946
New Zealand,NZL,1997,1.187148331056325
New Zealand,NZL,1998,1.265244099154061
New Zealand,NZL,1999,-0.114267129777524
New Zealand,NZL,2000,2.615234462463196
New Zealand,NZL,2001,2.625816303929026
New Zealand,NZL,2002,2.677092577116048
New Zealand,NZL,2003,1.753574447595574
New Zealand,NZL,2004,2.290249028475706
New Zealand,NZL,2005,3.037023326170119
New Zealand,NZL,2006,3.365401961719926
New Zealand,NZL,2007,2.376143102906586
New Zealand,NZL,2008,3.958949373120603
New Zealand,NZL,2009,2.115651105545602
New Zealand,NZL,2010,2.302023859585724
New Zealand,NZL,2011,4.0279066739204
New Zealand,NZL,2012,1.059913184456322
New Zealand,NZL,2013,1.13442266445817
New Zealand,NZL,2014,1.227507505973999
New Zealand,NZL,2015,0.2927046281361015
New Zealand,NZL,2016,0.6462402844545243
New Zealand,NZL,2017,1.85078767452536
New Zealand,NZL,2018,1.598297038016956
New Zealand,NZL,2019,1.619631901840475
New Zealand,NZL,2020,1.714561700072449
New Zealand,NZL,2021,3.941120607787283
New Zealand,NZL,2022,7.17222476016441
New Zealand,NZL,2023,5.733162830349572
New Zealand,NZL,2024,2.922797823019567
Nicaragua,NIC,2000,7.069913522525169
Nicaragua,NIC,2001,5.986041862795179
Nicaragua,NIC,2002,3.750174657784661
Nicaragua,NIC,2003,5.302387732199364
Nicaragua,NIC,2004,8.470210635840766
Nicaragua,NIC,2005,9.599099860644252
Nicaragua,NIC,2006,9.140199667777198
Nicaragua,NIC,2007,11.1269347446118
Nicaragua,NIC,2008,19.82620312874285
Nicaragua,NIC,2009,3.687001604987965
Nicaragua,NIC,2010,5.455134258874225
Nicaragua,NIC,2011,8.082387980991
Nicaragua,NIC,2012,7.193550533389605
Nicaragua,NIC,2013,7.13546785289407
Nicaragua,NIC,2014,6.03596861798425
Nicaragua,NIC,2015,3.997379966943965
Nicaragua,NIC,2016,3.523173176284731
Nicaragua,NIC,2017,3.850671662847271
Nicaragua,NIC,2018,4.947237280398862
Nicaragua,NIC,2019,5.376289908441255
Nicaragua,NIC,2020,3.681813416255719
Nicaragua,NIC,2021,4.928413969489675
Nicaragua,NIC,2022,10.46742444659907
Nicaragua,NIC,2023,8.387658548725362
Nicaragua,NIC,2024,4.624738410571412
Niger,NER,1964,1.004016064266713
Niger,NER,1965,4.373757456305915
Niger,NER,1966,10.57142857047611
Niger,NER,1967,0.4306632213644374
Niger,NER,1968,-2.923098912974677
Niger,NER,1969,10.64566001584331
Niger,NER,1970,1.11783884490559
Niger,NER,1971,4.191616766486768
Niger,NER,1972,9.75116837202703
Niger,NER,1973,11.78501553674744
Niger,NER,1974,3.397508493733258
Niger,NER,1975,9.115802051370588
Niger,NER,1976,23.52968015692835
Niger,NER,1977,23.25108960633301
Niger,NER,1978,10.09320027569939
Niger,NER,1979,7.267877072233599
Niger,NER,1980,10.30527571240459
Niger,NER,1981,22.91340756416355
Niger,NER,1982,11.64183574167845
Niger,NER,1983,-2.489605686714877
Niger,NER,1984,8.364424118299647
Niger,NER,1985,-0.9233991239948188
Niger,NER,1986,-3.207571341656869
Niger,NER,1987,-6.71210892901195
Niger,NER,1988,-1.393963040470915
Niger,NER,1989,-2.843525179856177
Niger,NER,1990,-0.7756530109775036
Niger,NER,1991,-7.796641791044667
Niger,NER,1992,-4.475617902471761
Niger,NER,1993,-1.215034965034964
Niger,NER,1994,36.04105831342414
Niger,NER,1995,10.56328866918136
Niger,NER,1996,5.288857512648824
Niger,NER,1997,2.933452533944216
Niger,NER,1998,4.548015777187203
Niger,NER,1999,-2.302125038496478
Niger,NER,2000,2.900149735991085
Niger,NER,2001,4.005514283526785
Niger,NER,2002,2.628865979381362
Niger,NER,2003,-1.614407691755963
Niger,NER,2004,0.2625437572928378
Niger,NER,2005,7.797497817864402
Niger,NER,2006,0.0404858299595073
Niger,NER,2007,0.0539592607581561
Niger,NER,2008,11.30510988270191
Niger,NER,2009,0.582906590801122
Niger,NER,2010,0.8040730808826587
Niger,NER,2011,2.9423851401332
Niger,NER,2012,0.4550898203592894
Niger,NER,2013,2.297231149553169
Niger,NER,2014,-0.9302872599844664
Niger,NER,2015,-0.5760903698331888
Niger,NER,2016,1.653889223878056
Niger,NER,2017,2.796373188712845
Niger,NER,2018,2.967603660044556
Niger,NER,2019,-2.489792650708549
Niger,NER,2020,2.898193760262702
Niger,NER,2021,3.837868028405096
Niger,NER,2022,4.226217919163925
Niger,NER,2023,3.700973164258338
Niger,NER,2024,9.071519977250134
Nigeria,NGA,1960,5.444327361872399
Nigeria,NGA,1961,6.279147234775137
Nigeria,NGA,1962,5.265632346217331
Nigeria,NGA,1963,-2.694655352327307
Nigeria,NGA,1964,0.8567931457375542
Nigeria,NGA,1965,4.103458738116192
Nigeria,NGA,1966,9.690346083751184
Nigeria,NGA,1967,-3.726336765142156
Nigeria,NGA,1968,-0.4760590590608329
Nigeria,NGA,1969,10.15597920282197
Nigeria,NGA,1970,13.75707992479299
Nigeria,NGA,1971,15.99911484822352
Nigeria,NGA,1972,3.457649752014997
Nigeria,NGA,1973,5.402664453942196
Nigeria,NGA,1974,12.67439317743296
Nigeria,NGA,1975,33.9641883221776
Nigeria,NGA,1976,24.2999999999997
Nigeria,NGA,1977,15.08783405726872
Nigeria,NGA,1978,21.70924574166645
Nigeria,NGA,1979,11.70973062121177
Nigeria,NGA,1980,9.97226199001424
Nigeria,NGA,1981,20.81282291219492
Nigeria,NGA,1982,7.697747247142487
Nigeria,NGA,1983,23.2123315511559
Nigeria,NGA,1984,17.82053328608418
Nigeria,NGA,1985,7.43534482758635
Nigeria,NGA,1986,5.717151454363017
Nigeria,NGA,1987,11.29032258064511
Nigeria,NGA,1988,54.51122477976726
Nigeria,NGA,1989,50.46668812359154
Nigeria,NGA,1990,7.36440030557696
Nigeria,NGA,1991,13.00697310374277
Nigeria,NGA,1992,44.58884271502298
Nigeria,NGA,1993,57.16525283492167
Nigeria,NGA,1994,57.03170891196593
Nigeria,NGA,1995,72.83550229726377
Nigeria,NGA,1996,29.26829268292711
Nigeria,NGA,1997,8.529874213836337
Nigeria,NGA,1998,9.996378123868055
Nigeria,NGA,1999,6.618373394797515
Nigeria,NGA,2000,6.93329215565161
Nigeria,NGA,2001,18.87364620938627
Nigeria,NGA,2002,12.87657920310988
Nigeria,NGA,2003,14.03178361314366
Nigeria,NGA,2004,14.99803381832513
Nigeria,NGA,2005,17.86349336616049
Nigeria,NGA,2006,8.225221520170471
Nigeria,NGA,2007,5.388007968586264
Nigeria,NGA,2008,11.58107517482521
Nigeria,NGA,2009,12.53782773046889
Nigeria,NGA,2010,13.74005213636939
Nigeria,NGA,2011,10.8261371880017
Nigeria,NGA,2012,12.22424130205839
Nigeria,NGA,2013,8.495518382656694
Nigeria,NGA,2014,8.047410879679072
Nigeria,NGA,2015,9.009434980077064
Nigeria,NGA,2016,15.69681263879716
Nigeria,NGA,2017,16.50226621396411
Nigeria,NGA,2018,12.09510651734316
Nigeria,NGA,2019,11.39642233781162
Nigeria,NGA,2020,13.24602342765969
Nigeria,NGA,2021,16.95284572216077
Nigeria,NGA,2022,18.84718778432745
Nigeria,NGA,2023,24.65955020311397
Nigeria,NGA,2024,33.24209665454057
North Macedonia,MKD,1994,126.583368336245
North Macedonia,MKD,1995,16.37358897235686
North Macedonia,MKD,1996,2.466600085829173
North Macedonia,MKD,1997,1.294364871550475
North Macedonia,MKD,1998,0.5441996525230735
North Macedonia,MKD,1999,-1.279286575726275
North Macedonia,MKD,2000,6.607422910385356
North Macedonia,MKD,2001,5.198885257440481
North Macedonia,MKD,2002,2.31459794083216
North Macedonia,MKD,2003,0.8555621227242188
North Macedonia,MKD,2004,-0.4486502065519342
North Macedonia,MKD,2005,0.5255159507142468
North Macedonia,MKD,2006,3.213629296063449
North Macedonia,MKD,2007,2.2517579830545
North Macedonia,MKD,2008,8.33189666968108
North Macedonia,MKD,2009,-0.7396339630611923
North Macedonia,MKD,2010,1.509975220276131
North Macedonia,MKD,2011,3.9047542206974
North Macedonia,MKD,2012,3.316055666876466
North Macedonia,MKD,2013,2.785000567261089
North Macedonia,MKD,2014,-0.281705032928494
North Macedonia,MKD,2015,-0.2999204756314615
North Macedonia,MKD,2016,-0.2392907876845009
North Macedonia,MKD,2017,1.351618896774421
North Macedonia,MKD,2018,1.458312985071263
North Macedonia,MKD,2019,0.7664395734598047
North Macedonia,MKD,2020,1.200073488884688
North Macedonia,MKD,2021,3.230749121329278
North Macedonia,MKD,2022,14.20471731958327
North Macedonia,MKD,2023,9.361872497690149
North Macedonia,MKD,2024,3.489740860269537
Norway,NOR,1960,0.3604923468445994
Norway,NOR,1961,2.155172776709235
Norway,NOR,1962,5.274259529207278
Norway,NOR,1963,2.471610528965021
Norway,NOR,1964,5.867015387519241
Norway,NOR,1965,4.187224439979946
Norway,NOR,1966,3.250563343053095
Norway,NOR,1967,4.579269757539982
Norway,NOR,1968,3.448293242542069
Norway,NOR,1969,2.962949510752106
Norway,NOR,1970,10.63720652641828
Norway,NOR,1971,6.223863235012928
Norway,NOR,1972,7.2584358296152
Norway,NOR,1973,7.419472836375027
Norway,NOR,1974,9.411768132118896
Norway,NOR,1975,11.68922348168533
Norway,NOR,1976,9.161472765475663
Norway,NOR,1977,9.103839711602973
Norway,NOR,1978,8.161671543396196
Norway,NOR,1979,4.509727612062086
Norway,NOR,1980,10.87866108786611
Norway,NOR,1981,13.64296081277213
Norway,NOR,1982,11.34099616858234
Norway,NOR,1983,8.465244322092241
Norway,NOR,1984,6.218274111675093
Norway,NOR,1985,5.71485463958583
Norway,NOR,1986,7.176492748163503
Norway,NOR,1987,8.717047451669599
Norway,NOR,1988,6.676365987714198
Norway,NOR,1989,4.546143355053802
Norway,NOR,1990,4.1310334831135
Norway,NOR,1991,3.438195991091338
Norway,NOR,1992,2.328085049118482
Norway,NOR,1993,2.288269331930614
Norway,NOR,1994,1.375674980714781
Norway,NOR,1995,2.460367786937291
Norway,NOR,1996,1.262532491645015
Norway,NOR,1997,2.566923359002516
Norway,NOR,1998,2.252413299964293
Norway,NOR,1999,2.365967365967327
Norway,NOR,2000,3.085506091312787
Norway,NOR,2001,3.004197039982331
Norway,NOR,2002,1.286725284151835
Norway,NOR,2003,2.487825534617815
Norway,NOR,2004,0.4544985022208631
Norway,NOR,2005,1.532133676092485
Norway,NOR,2006,2.329349807575503
Norway,NOR,2007,0.7125890736342008
Norway,NOR,2008,3.753930817610049
Norway,NOR,2009,2.197385868535682
Norway,NOR,2010,2.418906394810032
Norway,NOR,2011,1.2849515880916
Norway,NOR,2012,0.6968641114982627
Norway,NOR,2013,2.120486203531125
Norway,NOR,2014,2.041702867072112
Norway,NOR,2015,2.171136653895269
Norway,NOR,2016,3.550000000000069
Norway,NOR,2017,1.875100595525449
Norway,NOR,2018,2.764831345287971
Norway,NOR,2019,2.167730033054107
Norway,NOR,2020,1.286584907079962
Norway,NOR,2021,3.483880552666694
Norway,NOR,2022,5.764123178522719
Norway,NOR,2023,5.517849871046594
Norway,NOR,2024,3.145301344310805
Oman,OMN,2001,-0.8166666666666562
Oman,OMN,2002,-0.2795788225713726
Oman,OMN,2003,0.2313286822671425
Oman,OMN,2004,0.6249690626313674
Oman,OMN,2005,1.909835535318648
Oman,OMN,2006,3.544985916050331
Oman,OMN,2007,5.830484180927101
Oman,OMN,2008,12.37540915299119
Oman,OMN,2009,3.468810237548931
Oman,OMN,2010,3.256579590786242
Oman,OMN,2011,4.0421886711639
Oman,OMN,2012,2.947734952572092
Oman,OMN,2013,1.053548202659318
Oman,OMN,2014,1.014014839241558
Oman,OMN,2015,0.0652901330286599
Oman,OMN,2016,1.109208058070266
Oman,OMN,2017,1.589094135677986
Oman,OMN,2018,0.8893123709704039
Oman,OMN,2019,0.4908153628206712
Oman,OMN,2020,-0.4064029194658499
Oman,OMN,2021,1.682211858760845
Oman,OMN,2022,2.506142506142497
Oman,OMN,2023,0.9507829977628272
Oman,OMN,2024,0.593589236248469
Pakistan,PAK,1960,6.947368421052889
Pakistan,PAK,1961,1.640419947506089
Pakistan,PAK,1962,-0.5164622336984995
Pakistan,PAK,1963,1.456488447974964
Pakistan,PAK,1964,4.179586881453193
Pakistan,PAK,1965,5.568635479363752
Pakistan,PAK,1966,7.227621597877353
Pakistan,PAK,1967,6.811399634286877
Pakistan,PAK,1968,0.1706273484381013
Pakistan,PAK,1969,3.186986795736857
Pakistan,PAK,1970,5.349840909830166
Pakistan,PAK,1971,4.730691482322722
Pakistan,PAK,1972,5.183237645491385
Pakistan,PAK,1973,23.07008402508444
Pakistan,PAK,1974,26.6630348537488
Pakistan,PAK,1975,20.90450945739979
Pakistan,PAK,1976,7.158323731184648
Pakistan,PAK,1977,10.13296768740547
Pakistan,PAK,1978,6.138692667427427
Pakistan,PAK,1979,8.267046976175719
Pakistan,PAK,1980,11.93823091070873
Pakistan,PAK,1981,11.87991359252828
Pakistan,PAK,1982,5.903528784358635
Pakistan,PAK,1983,6.362033499852997
Pakistan,PAK,1984,6.087166735737162
Pakistan,PAK,1985,5.61483921793224
Pakistan,PAK,1986,3.506414247582045
Pakistan,PAK,1987,4.681218546202127
Pakistan,PAK,1988,8.837937018177726
Pakistan,PAK,1989,7.844264737400439
Pakistan,PAK,1990,9.052131552797764
Pakistan,PAK,1991,11.79127033514159
Pakistan,PAK,1992,9.509041461901504
Pakistan,PAK,1993,9.973664760292092
Pakistan,PAK,1994,12.3681943936948
Pakistan,PAK,1995,12.34357851705133
Pakistan,PAK,1996,10.37380858850018
Pakistan,PAK,1997,11.3754928865122
Pakistan,PAK,1998,6.228004154245431
Pakistan,PAK,1999,4.142637180821711
Pakistan,PAK,2000,4.366664512916805
Pakistan,PAK,2001,3.148261445906179
Pakistan,PAK,2002,3.290344726131526
Pakistan,PAK,2003,2.914134700594792
Pakistan,PAK,2004,7.444624693427395
Pakistan,PAK,2005,9.06332737030417
Pakistan,PAK,2006,7.921084400587886
Pakistan,PAK,2007,7.598684410507745
Pakistan,PAK,2008,20.28612109295543
Pakistan,PAK,2009,13.64776506397613
Pakistan,PAK,2010,12.93887056348892
Pakistan,PAK,2011,11.9160927116277
Pakistan,PAK,2012,9.68235186055684
Pakistan,PAK,2013,7.692156118995647
Pakistan,PAK,2014,7.189384028470276
Pakistan,PAK,2015,2.529328172542286
Pakistan,PAK,2016,3.765119163565805
Pakistan,PAK,2017,4.08537368032608
Pakistan,PAK,2018,5.078057258689168
Pakistan,PAK,2019,10.57803056720248
Pakistan,PAK,2020,9.740116193201256
Pakistan,PAK,2021,9.496415772852052
Pakistan,PAK,2022,19.87385996466555
Pakistan,PAK,2023,30.76812806570052
Pakistan,PAK,2024,12.63253185304518
Palau,PLW,2002,-1.301236174365624
Palau,PLW,2003,0.922874093605824
Palau,PLW,2004,4.964075767472172
Palau,PLW,2005,3.951462352209097
Palau,PLW,2006,4.429811433702542
Palau,PLW,2007,3.238750358268807
Palau,PLW,2008,11.9655746807329
Palau,PLW,2009,1.438135383089529
Palau,PLW,2010,1.442190173551687
Palau,PLW,2011,4.6746987951807
Palau,PLW,2012,3.614180478821381
Palau,PLW,2013,3.35481004221287
Palau,PLW,2014,4.19174548581256
Palau,PLW,2015,0.9490406436970814
Palau,PLW,2016,-1.042305334150741
Palau,PLW,2017,1.417988196669196
Palau,PLW,2018,2.109704641350175
Palau,PLW,2019,0.2673796791444399
Palau,PLW,2020,0.2181818181818328
Palau,PLW,2021,2.612481857764805
Palau,PLW,2022,12.35266383781242
Palau,PLW,2023,12.81997482165336
Palau,PLW,2024,2.231727729217038
Panama,PAN,1960,0.0511770724157665
Panama,PAN,1961,0.6138107419467272
Panama,PAN,1962,0.7880020335559117
Panama,PAN,1963,0.4498875281200025
Panama,PAN,1964,2.413535704913746
Panama,PAN,1965,0.4616132167198617
Panama,PAN,1966,0.1934703750925929
Panama,PAN,1967,1.375814627091767
Panama,PAN,1968,1.619047619535491
Panama,PAN,1969,1.827553889413559
Panama,PAN,1970,3.083294983670287
Panama,PAN,1971,1.919642857151415
Panama,PAN,1972,5.409548839489265
Panama,PAN,1973,6.856430500533769
Panama,PAN,1974,16.26806662771247
Panama,PAN,1975,5.881041306509441
Panama,PAN,1976,3.949999999417224
Panama,PAN,1977,4.585537918896135
Panama,PAN,1978,4.200521232660965
Panama,PAN,1979,7.988818596107684
Panama,PAN,1980,13.80790190780079
Panama,PAN,1981,7.30232836526219
Panama,PAN,1982,4.250571763281241
Panama,PAN,1983,2.102841243681668
Panama,PAN,1984,1.58264332858587
Panama,PAN,1985,1.026619892751567
Panama,PAN,1986,-0.0663841083593551
Panama,PAN,1987,0.9964230966791776
Panama,PAN,1988,0.3592208449281698
Panama,PAN,1989,0.2058672583177452
Panama,PAN,1990,0.7694853549560234
Panama,PAN,1991,1.256260776746883
Panama,PAN,1992,1.824521569899575
Panama,PAN,1993,0.4539300788403877
Panama,PAN,1994,1.268431901061957
Panama,PAN,1995,0.9942069829338408
Panama,PAN,1996,1.255716611115476
Panama,PAN,1997,1.324351221006076
Panama,PAN,1998,0.5590812934424935
Panama,PAN,1999,1.247182569496364
Panama,PAN,2000,1.498961116057766
Panama,PAN,2001,0.307062436028722
Panama,PAN,2002,1.005830903790394
Panama,PAN,2003,0.3916666666666571
Panama,PAN,2004,0.4747230782043358
Panama,PAN,2005,2.855883247609593
Panama,PAN,2006,2.457893464420957
Panama,PAN,2007,4.168633002988869
Panama,PAN,2008,8.758683177287836
Panama,PAN,2009,2.409053040821998
Panama,PAN,2010,3.491288726188002
Panama,PAN,2011,5.8758024367877
Panama,PAN,2012,5.69819959165992
Panama,PAN,2013,4.027159915710603
Panama,PAN,2014,2.626526999291514
Panama,PAN,2015,0.1374920584615043
Panama,PAN,2016,0.7397340253000328
Panama,PAN,2017,0.8755859187598782
Panama,PAN,2018,0.7615783593999441
Panama,PAN,2019,-0.3550838210212453
Panama,PAN,2020,-1.550275408037604
Panama,PAN,2021,1.630703373018979
Panama,PAN,2022,2.859651288347111
Panama,PAN,2023,1.486413552770376
Panama,PAN,2024,0.6932255510045379
Papua New Guinea,PNG,1972,6.074999999515112
Papua New Guinea,PNG,1973,8.343153429472174
Papua New Guinea,PNG,1974,23.16728301032476
Papua New Guinea,PNG,1975,10.49099258237725
Papua New Guinea,PNG,1976,7.656649616245118
Papua New Guinea,PNG,1977,4.528582034622272
Papua New Guinea,PNG,1978,5.799999998999586
Papua New Guinea,PNG,1979,5.76559546319348
Papua New Guinea,PNG,1980,12.06434316364594
Papua New Guinea,PNG,1981,8.054226476141055
Papua New Guinea,PNG,1982,5.535055350553483
Papua New Guinea,PNG,1983,7.90209790139863
Papua New Guinea,PNG,1984,7.420609203547862
Papua New Guinea,PNG,1985,3.710407239819086
Papua New Guinea,PNG,1986,5.453752181500841
Papua New Guinea,PNG,1987,3.337470693697205
Papua New Guinea,PNG,1988,5.445082076604636
Papua New Guinea,PNG,1989,4.480445513226606
Papua New Guinea,PNG,1990,6.953361599030704
Papua New Guinea,PNG,1991,6.965681277607528
Papua New Guinea,PNG,1992,4.309614570097481
Papua New Guinea,PNG,1993,4.974114303116457
Papua New Guinea,PNG,1994,2.852722173871341
Papua New Guinea,PNG,1995,17.28093268145904
Papua New Guinea,PNG,1996,11.62417829084481
Papua New Guinea,PNG,1997,3.964378052284091
Papua New Guinea,PNG,1998,13.57419176568089
Papua New Guinea,PNG,1999,14.9321817407701
Papua New Guinea,PNG,2000,15.59589331075352
Papua New Guinea,PNG,2001,9.298173327839685
Papua New Guinea,PNG,2002,11.79944709726063
Papua New Guinea,PNG,2003,14.70907796635569
Papua New Guinea,PNG,2004,2.158931312669455
Papua New Guinea,PNG,2005,1.780804399258265
Papua New Guinea,PNG,2006,2.368462384168295
Papua New Guinea,PNG,2007,0.9113504556752402
Papua New Guinea,PNG,2008,10.76141823268266
Papua New Guinea,PNG,2009,6.918325326012237
Papua New Guinea,PNG,2010,6.013608935678564
Papua New Guinea,PNG,2011,4.44083401028971
Papua New Guinea,PNG,2012,4.537205081669719
Papua New Guinea,PNG,2013,4.960317460317502
Papua New Guinea,PNG,2014,5.222117202268408
Papua New Guinea,PNG,2015,5.995957781271074
Papua New Guinea,PNG,2016,6.673728813559295
Papua New Guinea,PNG,2017,5.422045680238336
Papua New Guinea,PNG,2018,4.374489214531625
Papua New Guinea,PNG,2019,3.928672909395973
Papua New Guinea,PNG,2020,4.871673985655547
Papua New Guinea,PNG,2021,4.483590140423982
Papua New Guinea,PNG,2022,5.253239222152406
Papua New Guinea,PNG,2023,2.298699912967908
Papua New Guinea,PNG,2024,0.6024039211079167
Paraguay,PRY,1960,8.18181818181802
Paraguay,PRY,1961,18.48739495798323
Paraguay,PRY,1962,1.418439716312076
Paraguay,PRY,1963,2.097902097902106
Paraguay,PRY,1964,1.369863013698648
Paraguay,PRY,1965,3.859298157805198
Paraguay,PRY,1966,2.873194221603256
Paraguay,PRY,1967,1.365267592219053
Paraguay,PRY,1968,0.7080735778543655
Paraguay,PRY,1969,2.246847535747165
Paraguay,PRY,1970,-0.8595560210069086
Paraguay,PRY,1971,4.953256936409866
Paraguay,PRY,1972,9.180374973036852
Paraguay,PRY,1973,12.79689453260204
Paraguay,PRY,1974,25.2333177791075
Paraguay,PRY,1975,6.693060083667477
Paraguay,PRY,1976,4.474614746644984
Paraguay,PRY,1977,9.359852916628377
Paraguay,PRY,1978,10.66024759291814
Paraguay,PRY,1979,28.16103860244361
Paraguay,PRY,1980,22.44733013621767
Paraguay,PRY,1981,12.9746974698193
Paraguay,PRY,1982,5.120065437131879
Paraguay,PRY,1983,13.43375556316307
Paraguay,PRY,1984,20.31146254602548
Paraguay,PRY,1985,25.21071643588182
Paraguay,PRY,1986,31.74259726729986
Paraguay,PRY,1987,21.8102740350983
Paraguay,PRY,1988,22.5942571785268
Paraguay,PRY,1989,26.42212672355863
Paraguay,PRY,1990,37.25995617992014
Paraguay,PRY,1991,24.22535211267631
Paraguay,PRY,1992,15.19274376417203
Paraguay,PRY,1993,18.20866141732279
Paraguay,PRY,1994,20.5661948376355
Paraguay,PRY,1995,13.42541436464065
Paraguay,PRY,1996,9.799683390160828
Paraguay,PRY,1997,6.949566085341176
Paraguay,PRY,1998,11.55326843558391
Paraguay,PRY,1999,6.752265861027248
Paraguay,PRY,2000,8.982159767500224
Paraguay,PRY,2001,7.268060285848253
Paraguay,PRY,2002,10.51024208566119
Paraguay,PRY,2003,14.23679704991427
Paraguay,PRY,2004,4.323264929674911
Paraguay,PRY,2005,6.80738203116377
Paraguay,PRY,2006,9.589349411292291
Paraguay,PRY,2007,8.130474176985771
Paraguay,PRY,2008,10.15478464890229
Paraguay,PRY,2009,2.591946734305668
Paraguay,PRY,2010,4.651162790697648
Paraguay,PRY,2011,8.2539682539683
Paraguay,PRY,2012,3.675918979744956
Paraguay,PRY,2013,2.683857387185824
Paraguay,PRY,2014,5.028827674567662
Paraguay,PRY,2015,3.129002744739254
Paraguay,PRY,2016,4.086822805772415
Paraguay,PRY,2017,3.602477413489428
Paraguay,PRY,2018,3.975610157406939
Paraguay,PRY,2019,2.757097275627747
Paraguay,PRY,2020,1.767515923566983
Paraguay,PRY,2021,4.787983101235999
Paraguay,PRY,2022,9.765566671644022
Paraguay,PRY,2023,4.632022854033557
Paraguay,PRY,2024,3.835402717285325
Peru,PER,1960,8.664459162719101
Peru,PER,1961,5.916708988363754
Peru,PER,1962,6.641093263597494
Peru,PER,1963,6.070143884285927
Peru,PER,1964,9.79228486663484
Peru,PER,1965,16.38996138944238
Peru,PER,1966,8.840603749222087
Peru,PER,1967,9.783602560634137
Peru,PER,1968,19.08661854543804
Peru,PER,1969,6.236158060780612
Peru,PER,1970,5.025235900724245
Peru,PER,1971,6.790639364954147
Peru,PER,1972,7.219722167705451
Peru,PER,1973,9.48905109503398
Peru,PER,1974,16.89166666657032
Peru,PER,1975,23.61873529633262
Peru,PER,1976,33.48327566345664
Peru,PER,1977,38.0540914196793
Peru,PER,1978,57.84878262515052
Peru,PER,1979,66.69442296648764
Peru,PER,1980,59.14507124449138
Peru,PER,1981,75.43326875760644
Peru,PER,1982,64.44815853879285
Peru,PER,1983,111.1506352091574
Peru,PER,1984,110.2085195625433
Peru,PER,1985,163.3995052436875
Peru,PER,1986,77.92102554735948
Peru,PER,1987,85.82230623818455
Peru,PER,1988,667.0193285859615
Peru,PER,1989,3398.679010053324
Peru,PER,1990,7481.663611245257
Peru,PER,1991,409.5301666220228
Peru,PER,1992,73.52829424426415
Peru,PER,1993,48.57998644688849
Peru,PER,1994,23.73690505650459
Peru,PER,1995,11.12870297070885
Peru,PER,1996,11.53794241151773
Peru,PER,1997,8.56218948953653
Peru,PER,1998,7.24782175213469
Peru,PER,1999,3.46965996293019
Peru,PER,2000,3.757338333444744
Peru,PER,2001,1.977098785020532
Peru,PER,2002,0.1931350038537219
Peru,PER,2003,2.259377533630723
Peru,PER,2004,3.662473200922334
Peru,PER,2005,1.616301938625438
Peru,PER,2006,2.002258012488186
Peru,PER,2007,1.779986446803718
Peru,PER,2008,5.785875982067553
Peru,PER,2009,2.936231535966997
Peru,PER,2010,1.52832059732901
Peru,PER,2011,3.369310953338531
Peru,PER,2012,3.611212949401632
Peru,PER,2013,2.767896660820019
Peru,PER,2014,3.411945798074646
Peru,PER,2015,3.398091947463076
Peru,PER,2016,3.557176635562789
Peru,PER,2017,2.994900458094428
Peru,PER,2018,1.509154230247419
Peru,PER,2019,2.25212191358027
Peru,PER,2020,2.002412057592918
Peru,PER,2021,4.271663815367978
Peru,PER,2022,8.333706300962309
Peru,PER,2023,6.455613483695862
Peru,PER,2024,2.00770739412712
Philippines,PHL,1960,4.154821779821614
Philippines,PHL,1961,1.59563300452722
Philippines,PHL,1962,5.79665220101376
Philippines,PHL,1963,5.625549370088236
Philippines,PHL,1964,8.183079057003301
Philippines,PHL,1965,2.564102564284486
Philippines,PHL,1966,5.399999999680746
Philippines,PHL,1967,6.25395319397734
Philippines,PHL,1968,2.358806458905944
Philippines,PHL,1969,1.955510322853842
Philippines,PHL,1970,14.38146167573282
Philippines,PHL,1971,21.4033435366143
Philippines,PHL,1972,8.204034134988339
Philippines,PHL,1973,16.5800322638464
Philippines,PHL,1974,34.16359163591648
Philippines,PHL,1975,6.761402704560771
Philippines,PHL,1976,9.199227136110112
Philippines,PHL,1977,9.898751597365656
Philippines,PHL,1978,7.33452593917692
Philippines,PHL,1979,17.53333333275015
Philippines,PHL,1980,18.20051049385085
Philippines,PHL,1981,13.08259852416757
Philippines,PHL,1982,10.22172713768915
Philippines,PHL,1983,10.02935656204813
Philippines,PHL,1984,50.33897563744976
Philippines,PHL,1985,23.1031071803888
Philippines,PHL,1986,1.148137776533384
Philippines,PHL,1987,4.06976744186024
Philippines,PHL,1988,13.86006916733189
Philippines,PHL,1989,12.24299065420551
Philippines,PHL,1990,12.17735220649464
Philippines,PHL,1991,19.26145852662816
Philippines,PHL,1992,8.651003578652645
Philippines,PHL,1993,6.716311041099733
Philippines,PHL,1994,10.38647342995175
Philippines,PHL,1995,6.831996109895336
Philippines,PHL,1996,7.476103777879099
Philippines,PHL,1997,5.590259396506009
Philippines,PHL,1998,9.234934322671212
Philippines,PHL,1999,5.939049017808082
Philippines,PHL,2000,3.977125032492797
Philippines,PHL,2001,5.345501955671419
Philippines,PHL,2002,2.722772277227651
Philippines,PHL,2003,2.289156626506071
Philippines,PHL,2004,4.829210836277951
Philippines,PHL,2005,6.516853932584333
Philippines,PHL,2006,5.485232067510502
Philippines,PHL,2007,2.900000000000028
Philippines,PHL,2008,8.260447035957249
Philippines,PHL,2009,4.21903052064628
Philippines,PHL,2010,3.789836347975908
Philippines,PHL,2011,4.7184170471842
Philippines,PHL,2012,3.026963911247963
Philippines,PHL,2013,2.582687661417947
Philippines,PHL,2014,3.597823438642111
Philippines,PHL,2015,0.6741925368454084
Philippines,PHL,2016,1.253698800809817
Philippines,PHL,2017,2.853187725909474
Philippines,PHL,2018,5.309346616277067
Philippines,PHL,2019,2.392065344224044
Philippines,PHL,2020,2.393162393162403
Philippines,PHL,2021,3.927180221003324
Philippines,PHL,2022,5.821158112139547
Philippines,PHL,2023,5.978025155414093
Philippines,PHL,2024,3.21260487006347
Poland,POL,1971,1.099999999000219
Poland,POL,1972,-0.0989119673601228
Poland,POL,1973,2.47524752475226
Poland,POL,1974,7.053140095652342
Poland,POL,1975,2.256317689550941
Poland,POL,1976,4.413062665528886
Poland,POL,1977,4.902789518215626
Poland,POL,1978,8.101265822784647
Poland,POL,1979,7.025761124121798
Poland,POL,1980,9.682713347921323
Poland,POL,1981,19.12718204488774
Poland,POL,1982,103.5587188612099
Poland,POL,1983,25.53475935828901
Poland,POL,1984,15.40099942655816
Poland,POL,1985,11.52126073684957
Poland,POL,1986,16.54996817313808
Poland,POL,1987,26.37902785363241
Poland,POL,1988,58.72082973206531
Poland,POL,1989,244.5509329848264
Poland,POL,1990,567.878800666191
Poland,POL,1991,76.76949920873469
Poland,POL,1992,46.09856210374306
Poland,POL,1993,36.96416661207178
Poland,POL,1994,32.99127660935228
Poland,POL,1995,27.95138856330397
Poland,POL,1996,19.79496691967066
Poland,POL,1997,14.91315861495998
Poland,POL,1998,11.59785542572359
Poland,POL,1999,7.15407291179853
Poland,POL,2000,9.900175388430652
Poland,POL,2001,5.408335455661495
Poland,POL,2002,1.905282150480542
Poland,POL,2003,0.6827013757876321
Poland,POL,2004,3.382646818846991
Poland,POL,2005,2.183798723902509
Poland,POL,2006,1.284693943664164
Poland,POL,2007,2.458743123853899
Poland,POL,2008,4.164971935247787
Poland,POL,2009,3.795392424833992
Poland,POL,2010,2.580693702505478
Poland,POL,2011,4.239401496259321
Poland,POL,2012,3.560371517027928
Poland,POL,2013,0.991982606332335
Poland,POL,2014,0.0538213132399802
Poland,POL,2015,-0.8741258741258624
Poland,POL,2016,-0.664767331433962
Poland,POL,2017,2.075935536738593
Poland,POL,2018,1.812951565426885
Poland,POL,2019,2.227478809382914
Poland,POL,2020,3.37446972618589
Poland,POL,2021,5.055027047192721
Poland,POL,2022,14.42945075757577
Poland,POL,2023,11.52891279611048
Poland,POL,2024,3.790608976301966
Portugal,PRT,1960,3.046592778326996
Portugal,PRT,1961,1.548996969898716
Portugal,PRT,1962,2.662064179347633
Portugal,PRT,1963,2.021582727597893
Portugal,PRT,1964,3.444898482227678
Portugal,PRT,1965,3.424927777455662
Portugal,PRT,1966,5.039267218581831
Portugal,PRT,1967,5.526476007530923
Portugal,PRT,1968,6.081361711486154
Portugal,PRT,1969,8.782771055541197
Portugal,PRT,1970,6.380144490016733
Portugal,PRT,1971,11.94689836540561
Portugal,PRT,1972,10.66335597594766
Portugal,PRT,1973,12.97460852393332
Portugal,PRT,1974,25.08277785895272
Portugal,PRT,1975,15.27168575184833
Portugal,PRT,1976,21.14190480319553
Portugal,PRT,1977,31.01674909888068
Portugal,PRT,1978,21.03877235993821
Portugal,PRT,1979,21.89922480620154
Portugal,PRT,1980,15.86748038360944
Portugal,PRT,1981,19.04041074669148
Portugal,PRT,1982,21.67928372770947
Portugal,PRT,1983,24.00276238029172
Portugal,PRT,1984,28.38463888971028
Portugal,PRT,1985,19.46141000786957
Portugal,PRT,1986,12.33133348972186
Portugal,PRT,1987,9.634831862457537
Portugal,PRT,1988,10.10163211522661
Portugal,PRT,1989,12.68630364561487
Portugal,PRT,1990,13.63057056930745
Portugal,PRT,1991,11.84948417736748
Portugal,PRT,1992,9.559260331775084
Portugal,PRT,1993,6.783779946654067
Portugal,PRT,1994,5.420440192416258
Portugal,PRT,1995,4.222816140994862
Portugal,PRT,1996,3.068977325097887
Portugal,PRT,1997,2.336862983141164
Portugal,PRT,1998,2.572752259091297
Portugal,PRT,1999,2.340094903121695
Portugal,PRT,2000,2.853030392871569
Portugal,PRT,2001,4.36990330551793
Portugal,PRT,2002,3.600346582909141
Portugal,PRT,2003,3.218990906828951
Portugal,PRT,2004,2.365362040973019
Portugal,PRT,2005,2.277163948878337
Portugal,PRT,2006,3.1076654587105
Portugal,PRT,2007,2.453965281387431
Portugal,PRT,2008,2.58850657657959
Portugal,PRT,2009,-0.8355300215041567
Portugal,PRT,2010,1.402572898953692
Portugal,PRT,2011,3.653011004307241
Portugal,PRT,2012,2.773338540515863
Portugal,PRT,2013,0.2744166666666631
Portugal,PRT,2014,-0.2781533674674283
Portugal,PRT,2015,0.4879386239047196
Portugal,PRT,2016,0.6073970746417185
Portugal,PRT,2017,1.368614116434723
Portugal,PRT,2018,0.993715683468326
Portugal,PRT,2019,0.3381784100460336
Portugal,PRT,2020,-0.0124383299575305
Portugal,PRT,2021,1.265657190690439
Portugal,PRT,2022,7.832691242333231
Portugal,PRT,2023,4.311281918986723
Portugal,PRT,2024,2.416131877918839
Qatar,QAT,1980,6.799999999000223
Qatar,QAT,1981,8.520599251016199
Qatar,QAT,1982,5.699999999999792
Qatar,QAT,1983,2.743614000946166
Qatar,QAT,1984,1.104972375700678
Qatar,QAT,1985,1.912568306939254
Qatar,QAT,1986,0.7575757575757088
Qatar,QAT,1987,2.685284640171897
Qatar,QAT,1988,4.602510460250853
Qatar,QAT,1989,3.300000000000153
Qatar,QAT,1990,3.000968054211097
Qatar,QAT,1991,4.417293233082545
Qatar,QAT,1992,3.060306030603112
Qatar,QAT,1993,-0.8733624454148003
Qatar,QAT,1994,1.32158590308376
Qatar,QAT,1995,2.956521739130301
Qatar,QAT,1996,4.904534606205324
Qatar,QAT,1997,4.83448981913322
Qatar,QAT,1998,2.951388888888905
Qatar,QAT,1999,2.181703204047225
Qatar,QAT,2000,1.650335224342319
Qatar,QAT,2001,1.47133434804683
Qatar,QAT,2002,0.2399999999999517
Qatar,QAT,2003,2.264565043894687
Qatar,QAT,2004,6.799336650082785
Qatar,QAT,2005,8.81439532334683
Qatar,QAT,2006,11.83580961974312
Qatar,QAT,2007,13.75816257599642
Qatar,QAT,2008,15.05014515703332
Qatar,QAT,2009,-4.863278016225647
Qatar,QAT,2010,-2.425256751617138
Qatar,QAT,2011,1.13836623529202
Qatar,QAT,2012,2.315348534316611
Qatar,QAT,2013,3.221977568292933
Qatar,QAT,2014,3.349720856595234
Qatar,QAT,2015,1.814077239377604
Qatar,QAT,2016,2.676591700981896
Qatar,QAT,2017,0.3948789140830052
Qatar,QAT,2018,0.2558153827244081
Qatar,QAT,2019,-0.6666411248611472
Qatar,QAT,2020,-2.540315030047598
Qatar,QAT,2021,2.304465657420031
Qatar,QAT,2022,4.995275537407606
Qatar,QAT,2023,3.027648991989015
Qatar,QAT,2024,1.267343102923753
Romania,ROU,1991,230.6224949001783
Romania,ROU,1992,211.2055876100818
Romania,ROU,1993,255.1668618266981
Romania,ROU,1994,136.7593928154407
Romania,ROU,1995,32.2424847257597
Romania,ROU,1996,38.82930133828518
Romania,ROU,1997,154.763480436309
Romania,ROU,1998,59.09658275411668
Romania,ROU,1999,45.80378113263625
Romania,ROU,2000,45.66659404402382
Romania,ROU,2001,34.47701234935274
Romania,ROU,2002,22.53988626053857
Romania,ROU,2003,15.27348899362548
Romania,ROU,2004,11.87436359363988
Romania,ROU,2005,9.014912833438348
Romania,ROU,2006,6.558514122769834
Romania,ROU,2007,4.837329283139891
Romania,ROU,2008,7.850802557144816
Romania,ROU,2009,5.587420042643928
Romania,ROU,2010,6.09141668601891
Romania,ROU,2011,5.7892532881588
Romania,ROU,2012,3.334922676934421
Romania,ROU,2013,3.984712355481296
Romania,ROU,2014,1.068309876842982
Romania,ROU,2015,-0.5941564374952033
Romania,ROU,2016,-1.544796668138967
Romania,ROU,2017,1.339021211043902
Romania,ROU,2018,4.625484431377785
Romania,ROU,2019,3.827854325994376
Romania,ROU,2020,2.631073111847428
Romania,ROU,2021,5.05232876096582
Romania,ROU,2022,13.79548874325208
Romania,ROU,2023,10.39718747649958
Romania,ROU,2024,5.721405743544386
Russian Federation,RUS,1993,874.2457203801879
Russian Federation,RUS,1994,307.7226355531932
Russian Federation,RUS,1995,197.414268084251
Russian Federation,RUS,1996,47.75201220099391
Russian Federation,RUS,1997,14.761329268806
Russian Federation,RUS,1998,27.68567980767421
Russian Federation,RUS,1999,85.74649409606356
Russian Federation,RUS,2000,20.79876065587041
Russian Federation,RUS,2001,21.47700721171585
Russian Federation,RUS,2002,15.78873079144626
Russian Federation,RUS,2003,13.66329302286657
Russian Federation,RUS,2004,10.88861573262158
Russian Federation,RUS,2005,12.68530395073494
Russian Federation,RUS,2006,9.668654547892643
Russian Federation,RUS,2007,9.00729868861079
Russian Federation,RUS,2008,14.11076778404423
Russian Federation,RUS,2009,11.64732957641177
Russian Federation,RUS,2010,6.849392302550247
Russian Federation,RUS,2011,8.4404648593257
Russian Federation,RUS,2012,5.07474300799149
Russian Federation,RUS,2013,6.754668339034861
Russian Federation,RUS,2014,7.820169700138449
Russian Federation,RUS,2015,15.53439599357014
Russian Federation,RUS,2016,7.042437254137072
Russian Federation,RUS,2017,3.683330723344951
Russian Federation,RUS,2018,2.878313826149806
Russian Federation,RUS,2019,4.472026318379035
Russian Federation,RUS,2020,3.382197969480676
Russian Federation,RUS,2021,6.694458919576123
Russian Federation,RUS,2022,13.74367973982316
Russian Federation,RUS,2023,5.865719317489674
Russian Federation,RUS,2024,8.434864104967232
Rwanda,RWA,1967,1.452927300228515
Rwanda,RWA,1968,3.161936972699332
Rwanda,RWA,1969,0.4849395533175706
Rwanda,RWA,1970,0.5148858080224628
Rwanda,RWA,1971,0.4885800742228911
Rwanda,RWA,1972,3.092193808934999
Rwanda,RWA,1973,9.373674075677403
Rwanda,RWA,1974,31.08829936544842
Rwanda,RWA,1975,30.22604657490645
Rwanda,RWA,1976,7.1658615138318
Rwanda,RWA,1977,13.65514650664281
Rwanda,RWA,1978,13.27053379738781
Rwanda,RWA,1979,15.67332944237264
Rwanda,RWA,1980,7.249392993252739
Rwanda,RWA,1981,6.450664471811905
Rwanda,RWA,1982,12.56513653341344
Rwanda,RWA,1983,6.593002143070785
Rwanda,RWA,1984,5.36957038827376
Rwanda,RWA,1985,1.759330056516884
Rwanda,RWA,1986,-1.117066572806761
Rwanda,RWA,1987,4.133014908091251
Rwanda,RWA,1988,2.978643556580337
Rwanda,RWA,1989,1.010278248311137
Rwanda,RWA,1990,4.185763726499478
Rwanda,RWA,1991,19.63716581483733
Rwanda,RWA,1992,9.560411876008164
Rwanda,RWA,1993,12.35438876304478
Rwanda,RWA,1996,7.411371735266419
Rwanda,RWA,1997,12.01542251956858
Rwanda,RWA,1998,6.210067094558102
Rwanda,RWA,1999,-2.405932097422587
Rwanda,RWA,2000,3.899529802847124
Rwanda,RWA,2001,3.342855067494094
Rwanda,RWA,2002,1.992585424539932
Rwanda,RWA,2003,7.449700140073658
Rwanda,RWA,2004,12.25071028943913
Rwanda,RWA,2005,9.014089180923394
Rwanda,RWA,2006,8.882826547779235
Rwanda,RWA,2007,9.08072205873158
Rwanda,RWA,2008,15.43821387092554
Rwanda,RWA,2009,12.94439784017115
Rwanda,RWA,2010,-0.2461286934369337
Rwanda,RWA,2011,3.0801706924026
Rwanda,RWA,2012,10.27101823188757
Rwanda,RWA,2013,5.924268679848535
Rwanda,RWA,2014,2.354490528203584
Rwanda,RWA,2015,2.528502841924209
Rwanda,RWA,2016,7.174343019820087
Rwanda,RWA,2017,8.27953672260832
Rwanda,RWA,2018,-0.3112101603906995
Rwanda,RWA,2019,3.347876550376479
Rwanda,RWA,2020,9.850399022742067
Rwanda,RWA,2021,-0.3913467483007914
Rwanda,RWA,2022,17.68920955881533
Rwanda,RWA,2023,19.78954674646699
Rwanda,RWA,2024,1.770292401986348
Samoa,WSM,1962,2.654867256637239
Samoa,WSM,1963,0.6896551724137931
Samoa,WSM,1964,5.308219178082285
Samoa,WSM,1965,2.113821138211317
Samoa,WSM,1966,2.866242038216461
Samoa,WSM,1967,-0.5159958720326866
Samoa,WSM,1968,1.711618257261249
Samoa,WSM,1969,4.130545639979657
Samoa,WSM,1970,2.742409402546061
Samoa,WSM,1971,4.76644423260296
Samoa,WSM,1972,7.506824385805339
Samoa,WSM,1973,11.7642429959867
Samoa,WSM,1974,24.98767865956126
Samoa,WSM,1975,8.787742226318747
Samoa,WSM,1976,4.903686826910464
Samoa,WSM,1977,14.61079026594285
Samoa,WSM,1978,2.058658857020856
Samoa,WSM,1979,11.11955099804967
Samoa,WSM,1980,33.04724289850005
Samoa,WSM,1981,20.50662444712941
Samoa,WSM,1982,18.29622458911865
Samoa,WSM,1983,16.46013560899332
Samoa,WSM,1984,11.86006825947153
Samoa,WSM,1985,9.090501188874926
Samoa,WSM,1986,5.733558179020046
Samoa,WSM,1987,4.566849496368282
Samoa,WSM,1988,8.507868010863007
Samoa,WSM,1989,6.462561711464445
Samoa,WSM,1990,15.23846327246954
Samoa,WSM,1991,-1.81919798798399
Samoa,WSM,1992,9.03113792907172
Samoa,WSM,1993,1.715091236588684
Samoa,WSM,1994,12.08038189097621
Samoa,WSM,1995,-2.903528657461424
Samoa,WSM,1996,5.37461972030278
Samoa,WSM,1997,6.861823553108767
Samoa,WSM,1998,2.21883468834654
Samoa,WSM,1999,0.2651201325603551
Samoa,WSM,2000,0.9667823500247296
Samoa,WSM,2001,3.83828463867725
Samoa,WSM,2002,8.050314465408704
Samoa,WSM,2003,0.1158301158301068
Samoa,WSM,2004,16.31315079059008
Samoa,WSM,2005,1.856763925729489
Samoa,WSM,2006,3.700086805555532
Samoa,WSM,2007,5.577063932196288
Samoa,WSM,2008,11.56590683845396
Samoa,WSM,2009,6.324953362352282
Samoa,WSM,2010,0.7770072687776919
Samoa,WSM,2011,5.235415914784342
Samoa,WSM,2012,2.049018835211604
Samoa,WSM,2013,0.61008572090503
Samoa,WSM,2014,-0.4068160884248905
Samoa,WSM,2015,0.7244701348747289
Samoa,WSM,2016,1.304718693031793
Samoa,WSM,2017,1.749896774847051
Samoa,WSM,2018,4.197458886637519
Samoa,WSM,2019,0.982326569888117
Samoa,WSM,2020,-1.568912477408954
Samoa,WSM,2021,3.13320473174494
Samoa,WSM,2022,10.96188222868439
Samoa,WSM,2023,7.921646848267772
Samoa,WSM,2024,2.172455305143773
San Marino,SMR,2004,1.430838685273429
San Marino,SMR,2005,1.685488905283466
San Marino,SMR,2006,2.09525935611432
San Marino,SMR,2007,2.49894575725803
San Marino,SMR,2008,4.293202492877041
San Marino,SMR,2009,2.199592370460113
San Marino,SMR,2010,2.585418155825868
San Marino,SMR,2011,2.899795843001231
San Marino,SMR,2012,2.827332242225804
San Marino,SMR,2013,1.604392980780818
San Marino,SMR,2014,1.112963033738508
San Marino,SMR,2015,0.1456860732410663
San Marino,SMR,2016,0.6440753403465518
San Marino,SMR,2017,1.014133131945077
San Marino,SMR,2018,1.163335222931585
San Marino,SMR,2019,0.4726519673528523
San Marino,SMR,2020,-0.1333688983729153
San Marino,SMR,2021,1.615514115514209
San Marino,SMR,2022,5.325453213113651
San Marino,SMR,2023,5.931908586294032
San Marino,SMR,2024,1.242165079455693
Sao Tome and Principe,STP,1997,35.81717824448003
Sao Tome and Principe,STP,1998,50.49313574862536
Sao Tome and Principe,STP,1999,12.72517701300846
Sao Tome and Principe,STP,2000,12.20894563089766
Sao Tome and Principe,STP,2001,9.222037075608894
Sao Tome and Principe,STP,2002,10.12872467222902
Sao Tome and Principe,STP,2003,9.79241974934509
Sao Tome and Principe,STP,2004,13.28588608717963
Sao Tome and Principe,STP,2005,17.15220493543541
Sao Tome and Principe,STP,2006,23.07703734513812
Sao Tome and Principe,STP,2007,18.54851363257793
Sao Tome and Principe,STP,2008,31.99010394925735
Sao Tome and Principe,STP,2009,16.95747580259453
Sao Tome and Principe,STP,2010,13.34005235377999
Sao Tome and Principe,STP,2011,14.32716676168013
Sao Tome and Principe,STP,2012,10.63793534316276
Sao Tome and Principe,STP,2013,8.105832708754763
Sao Tome and Principe,STP,2014,6.998499439664208
Sao Tome and Principe,STP,2015,5.245878350224542
Sao Tome and Principe,STP,2016,5.430519661191558
Sao Tome and Principe,STP,2017,5.690296199290199
Sao Tome and Principe,STP,2018,7.868596288739091
Sao Tome and Principe,STP,2019,7.720245252132482
Sao Tome and Principe,STP,2020,9.819327915401464
Sao Tome and Principe,STP,2021,8.137770383787318
Sao Tome and Principe,STP,2022,18.00563511228408
Sao Tome and Principe,STP,2023,21.25891384729995
Sao Tome and Principe,STP,2024,14.35192735710081
Saudi Arabia,SAU,1964,2.79999999899983
Saudi Arabia,SAU,1965,0.3891050593422856
Saudi Arabia,SAU,1966,1.55038759593042
Saudi Arabia,SAU,1967,2.09923664219521
Saudi Arabia,SAU,1968,1.588785046729384
Saudi Arabia,SAU,1969,3.495860165593264
Saudi Arabia,SAU,1970,0.177777777777784
Saudi Arabia,SAU,1971,4.474999999749975
Saudi Arabia,SAU,1972,4.331179707834969
Saudi Arabia,SAU,1973,16.51376146819535
Saudi Arabia,SAU,1974,21.43700787366408
Saudi Arabia,SAU,1975,34.57610633814847
Saudi Arabia,SAU,1976,31.55866056411252
Saudi Arabia,SAU,1977,11.39901116995316
Saudi Arabia,SAU,1978,-1.583601850220859
Saudi Arabia,SAU,1979,1.081566902883373
Saudi Arabia,SAU,1980,4.169266553632904
Saudi Arabia,SAU,1981,2.798982188294876
Saudi Arabia,SAU,1982,1.021039603960352
Saudi Arabia,SAU,1983,0.1914241960190636
Saudi Arabia,SAU,1984,-1.559037065342031
Saudi Arabia,SAU,1985,-3.058768729136616
Saudi Arabia,SAU,1986,-3.203331464722995
Saudi Arabia,SAU,1987,-1.547116736990185
Saudi Arabia,SAU,1988,0.9075630252105228
Saudi Arabia,SAU,1989,1.032644903397393
Saudi Arabia,SAU,1990,2.077151335311565
Saudi Arabia,SAU,1991,4.861111111111374
Saudi Arabia,SAU,1992,-0.077006006469092
Saudi Arabia,SAU,1993,1.055795314426953
Saudi Arabia,SAU,1994,0.5643254785331487
Saudi Arabia,SAU,1995,4.868431030560333
Saudi Arabia,SAU,1996,1.222060548777561
Saudi Arabia,SAU,1997,0.0571506050626489
Saudi Arabia,SAU,1998,-0.37126675171199
Saudi Arabia,SAU,1999,-1.333754896538959
Saudi Arabia,SAU,2000,-1.124998385176451
Saudi Arabia,SAU,2001,-1.120948048967913
Saudi Arabia,SAU,2002,0.2471864923396855
Saudi Arabia,SAU,2003,0.6121953581729663
Saudi Arabia,SAU,2004,0.5155078977672995
Saudi Arabia,SAU,2005,0.4792316716309551
Saudi Arabia,SAU,2006,2.209023140696472
Saudi Arabia,SAU,2007,4.167823584315785
Saudi Arabia,SAU,2008,9.87024816760266
Saudi Arabia,SAU,2009,5.057222761483297
Saudi Arabia,SAU,2010,5.339417330209054
Saudi Arabia,SAU,2011,5.8262163739404
Saudi Arabia,SAU,2012,2.866270299050528
Saudi Arabia,SAU,2013,3.51104209799866
Saudi Arabia,SAU,2014,2.241853487790632
Saudi Arabia,SAU,2015,1.22269318552328
Saudi Arabia,SAU,2016,2.05347076823965
Saudi Arabia,SAU,2017,-0.8348457350271624
Saudi Arabia,SAU,2018,2.465943089948431
Saudi Arabia,SAU,2019,-1.192986445333281
Saudi Arabia,SAU,2020,3.372349610123027
Saudi Arabia,SAU,2021,3.063289889415482
Saudi Arabia,SAU,2022,2.474073719253717
Saudi Arabia,SAU,2023,2.327085183627063
Saudi Arabia,SAU,2024,1.687921123758088
Senegal,SEN,1968,0.058333332832952
Senegal,SEN,1969,4.022653452257058
Senegal,SEN,1970,2.810248198570362
Senegal,SEN,1971,3.878202631975362
Senegal,SEN,1972,6.154884174112649
Senegal,SEN,1973,11.28531073468389
Senegal,SEN,1974,16.60109150934939
Senegal,SEN,1975,31.65342331536851
Senegal,SEN,1976,1.083092187106585
Senegal,SEN,1977,11.34058563710374
Senegal,SEN,1978,3.419651055875176
Senegal,SEN,1979,9.653359852570366
Senegal,SEN,1980,8.729027660723263
Senegal,SEN,1981,5.913193720316254
Senegal,SEN,1982,17.3763852168922
Senegal,SEN,1983,11.61698456814748
Senegal,SEN,1984,11.78402747963291
Senegal,SEN,1985,13.00005761597937
Senegal,SEN,1986,6.184778544569343
Senegal,SEN,1987,-4.140723786338088
Senegal,SEN,1988,-1.826682250792953
Senegal,SEN,1989,0.4473093407713161
Senegal,SEN,1990,0.3250986301832578
Senegal,SEN,1991,-1.753556901993091
Senegal,SEN,1992,-0.1099429670856651
Senegal,SEN,1993,-0.5864346151201836
Senegal,SEN,1994,32.29366685695517
Senegal,SEN,1995,7.864007845701103
Senegal,SEN,1996,2.754306634824074
Senegal,SEN,1997,1.753164780972361
Senegal,SEN,1998,1.156780703913414
Senegal,SEN,1999,0.8272506082724965
Senegal,SEN,2000,0.7319819819815966
Senegal,SEN,2001,2.974500839195664
Senegal,SEN,2002,2.337301874542993
Senegal,SEN,2003,-0.0519970242714495
Senegal,SEN,2004,0.5147817810230156
Senegal,SEN,2005,1.711333258555021
Senegal,SEN,2006,2.112285838771169
Senegal,SEN,2007,5.853304284676812
Senegal,SEN,2008,7.34720236578406
Senegal,SEN,2009,-2.248021478553397
Senegal,SEN,2010,1.22868119673344
Senegal,SEN,2011,3.40322829786971
Senegal,SEN,2012,1.41822871177854
Senegal,SEN,2013,0.710245486695176
Senegal,SEN,2014,-1.090255074468949
Senegal,SEN,2015,0.1352119336351645
Senegal,SEN,2016,0.8372849425574345
Senegal,SEN,2017,1.318153148477892
Senegal,SEN,2018,0.4609856424641883
Senegal,SEN,2019,1.760111511929386
Senegal,SEN,2020,2.543146856816618
Senegal,SEN,2021,2.180322780881468
Senegal,SEN,2022,9.696818990810732
Senegal,SEN,2023,5.939477987732149
Senegal,SEN,2024,0.804503298792438
Serbia,SRB,1995,82.66051518646633
Serbia,SRB,1996,95.6009261208171
Serbia,SRB,1997,23.30786613580105
Serbia,SRB,1998,30.15969979928437
Serbia,SRB,1999,42.4539054642972
Serbia,SRB,2000,71.12062879465411
Serbia,SRB,2001,95.00522581000064
Serbia,SRB,2002,19.49083215796889
Serbia,SRB,2003,9.876178897295777
Serbia,SRB,2004,11.02636271834637
Serbia,SRB,2005,16.11998064828263
Serbia,SRB,2006,11.72402299808338
Serbia,SRB,2007,6.391706443914125
Serbia,SRB,2008,12.41098677517796
Serbia,SRB,2009,8.116950922380816
Serbia,SRB,2010,6.142553602472484
Serbia,SRB,2011,11.1373976342129
Serbia,SRB,2012,7.330385895966456
Serbia,SRB,2013,7.694263628966555
Serbia,SRB,2014,2.082447938801538
Serbia,SRB,2015,1.392358220001869
Serbia,SRB,2016,1.12231397417769
Serbia,SRB,2017,3.131062485901151
Serbia,SRB,2018,1.959840762938007
Serbia,SRB,2019,1.849229845110863
Serbia,SRB,2020,1.575532900834149
Serbia,SRB,2021,4.085102853351022
Serbia,SRB,2022,11.98151173447029
Serbia,SRB,2023,12.37190435525192
Serbia,SRB,2024,4.670529748899701
Seychelles,SYC,1971,14.59929286981641
Seychelles,SYC,1972,20.94099498715702
Seychelles,SYC,1973,18.23979591882176
Seychelles,SYC,1974,24.42466738592047
Seychelles,SYC,1975,18.61137201031305
Seychelles,SYC,1976,14.86873363004777
Seychelles,SYC,1977,14.95916852275112
Seychelles,SYC,1978,11.7832512318923
Seychelles,SYC,1979,12.480169222314
Seychelles,SYC,1980,13.57154051080879
Seychelles,SYC,1981,10.57679039609184
Seychelles,SYC,1982,-0.9126466753585272
Seychelles,SYC,1983,6.052631578947377
Seychelles,SYC,1984,4.094292803970122
Seychelles,SYC,1985,0.8343265792610141
Seychelles,SYC,1986,0.236406619385411
Seychelles,SYC,1987,2.594339622641348
Seychelles,SYC,1988,1.839080459770105
Seychelles,SYC,1989,1.580135440180568
Seychelles,SYC,1990,3.888888888889119
Seychelles,SYC,1991,1.986754966887342
Seychelles,SYC,1992,3.24675324675323
Seychelles,SYC,1993,1.383647798742153
Seychelles,SYC,1994,1.736972704714635
Seychelles,SYC,1995,-0.2439024390244594
Seychelles,SYC,1996,-1.100244498777427
Seychelles,SYC,1997,0.6180469715698906
Seychelles,SYC,1998,2.5798525798524232
Seychelles,SYC,1999,6.347305389221562
Seychelles,SYC,2000,6.268768768768784
Seychelles,SYC,2001,5.969622041681559
Seychelles,SYC,2002,0.1749999999999242
Seychelles,SYC,2003,3.302553864070886
Seychelles,SYC,2004,3.857303913673989
Seychelles,SYC,2005,0.9071877180739436
Seychelles,SYC,2006,-0.3534654986937563
Seychelles,SYC,2007,5.320600272851421
Seychelles,SYC,2008,36.96475828752887
Seychelles,SYC,2009,31.75444077441784
Seychelles,SYC,2010,-2.404638751082275
Seychelles,SYC,2011,2.559267722309531
Seychelles,SYC,2012,7.110370623264027
Seychelles,SYC,2013,4.338938483290987
Seychelles,SYC,2014,1.38583454581263
Seychelles,SYC,2015,4.041944107256171
Seychelles,SYC,2016,-1.015481916976257
Seychelles,SYC,2017,2.856795755684371
Seychelles,SYC,2018,3.702918391115683
Seychelles,SYC,2019,1.807094008099823
Seychelles,SYC,2020,1.202664639871229
Seychelles,SYC,2021,9.769099369735416
Seychelles,SYC,2022,2.6260363285129
Seychelles,SYC,2023,-1.035300884319521
Seychelles,SYC,2024,0.3117260509196685
Sierra Leone,SLE,2007,11.64997445181059
Sierra Leone,SLE,2008,8.211124322896078
Sierra Leone,SLE,2009,7.469018985409824
Sierra Leone,SLE,2010,7.185662756681626
Sierra Leone,SLE,2011,6.791382919526211
Sierra Leone,SLE,2012,6.58776239392585
Sierra Leone,SLE,2013,5.52412877994266
Sierra Leone,SLE,2014,4.639311714096666
Sierra Leone,SLE,2015,6.689435624986811
Sierra Leone,SLE,2016,10.88606094139033
Sierra Leone,SLE,2017,18.22150940033864
Sierra Leone,SLE,2018,16.02954476936986
Sierra Leone,SLE,2019,14.80499909060209
Sierra Leone,SLE,2020,13.44687111010521
Sierra Leone,SLE,2021,11.87395888402341
Sierra Leone,SLE,2022,27.2082883814653
Sierra Leone,SLE,2023,47.64287332531787
Sierra Leone,SLE,2024,28.63375000141146
Singapore,SGP,1961,0.4000000000000826
Singapore,SGP,1962,0.4195804195802854
Singapore,SGP,1963,2.205199628598347
Singapore,SGP,1964,1.726095843742848
Singapore,SGP,1965,0.178611297164573
Singapore,SGP,1966,2.005794517494963
Singapore,SGP,1967,3.342800961328171
Singapore,SGP,1968,0.6553911205073779
Singapore,SGP,1969,-0.2730518798569787
Singapore,SGP,1970,0.4633529907327004
Singapore,SGP,1971,1.761006289308189
Singapore,SGP,1972,2.080758137618742
Singapore,SGP,1973,19.63673057517644
Singapore,SGP,1974,22.36842105263155
Singapore,SGP,1975,2.536531568789467
Singapore,SGP,1976,-1.841892981984227
Singapore,SGP,1977,3.163950143815833
Singapore,SGP,1978,4.872543813064276
Singapore,SGP,1979,4.076465375363981
Singapore,SGP,1980,8.526943194258559
Singapore,SGP,1981,8.18202196816849
Singapore,SGP,1982,3.916286779942003
Singapore,SGP,1983,1.19641076769694
Singapore,SGP,1984,2.600985221674852
Singapore,SGP,1985,0.4801229114653426
Singapore,SGP,1986,-1.385703363914406
Singapore,SGP,1987,0.5233065219497548
Singapore,SGP,1988,1.523185192326342
Singapore,SGP,1989,2.345456271958947
Singapore,SGP,1990,3.460753386528243
Singapore,SGP,1991,3.425701730786426
Singapore,SGP,1992,2.26307118702851
Singapore,SGP,1993,2.289299643886411
Singapore,SGP,1994,3.100132625995023
Singapore,SGP,1995,1.720533847885235
Singapore,SGP,1996,1.383180524818762
Singapore,SGP,1997,2.003586185389622
Singapore,SGP,1998,-0.2675022928761528
Singapore,SGP,1999,0.0167098337370727
Singapore,SGP,2000,1.36162392448456
Singapore,SGP,2001,0.9971979561559432
Singapore,SGP,2002,-0.3916768665850493
Singapore,SGP,2003,0.5079053002375505
Singapore,SGP,2004,1.662727198630715
Singapore,SGP,2005,0.4251062765691068
Singapore,SGP,2006,0.9656575190185116
Singapore,SGP,2007,2.109801667145736
Singapore,SGP,2008,6.635440583953091
Singapore,SGP,2009,0.5891420196105159
Singapore,SGP,2010,2.828845276129583
Singapore,SGP,2011,5.251156246393732
Singapore,SGP,2012,4.580844794230941
Singapore,SGP,2013,2.364397937427259
Singapore,SGP,2014,1.033169558576293
Singapore,SGP,2015,-0.5219756118957629
Singapore,SGP,2016,-0.5298097603754645
Singapore,SGP,2017,0.5767631911799955
Singapore,SGP,2018,0.4387842151296228
Singapore,SGP,2019,0.5678299884054472
Singapore,SGP,2020,-0.1721118659253825
Singapore,SGP,2021,2.316103157651459
Singapore,SGP,2022,6.130954189197321
Singapore,SGP,2023,4.833723628257976
Singapore,SGP,2024,2.389511235950172
Sint Maarten (Dutch part),SXM,2006,0.300601202404805
Sint Maarten (Dutch part),SXM,2007,4.432457542457542
Sint Maarten (Dutch part),SXM,2008,-0.4179290200807581
Sint Maarten (Dutch part),SXM,2009,5.95763688760801
Sint Maarten (Dutch part),SXM,2010,1.338576216728816
Sint Maarten (Dutch part),SXM,2011,4.58475435650401
Sint Maarten (Dutch part),SXM,2012,4.015184210815764
Sint Maarten (Dutch part),SXM,2013,2.528647885383703
Sint Maarten (Dutch part),SXM,2014,1.886754662752656
Sint Maarten (Dutch part),SXM,2015,0.3300271651410656
Sint Maarten (Dutch part),SXM,2016,0.1116826557375794
Sint Maarten (Dutch part),SXM,2017,2.19201010962985
Slovak Republic,SVK,1992,9.893505197711674
Slovak Republic,SVK,1993,23.28702766454503
Slovak Republic,SVK,1994,13.41552034222463
Slovak Republic,SVK,1995,9.84109579837748
Slovak Republic,SVK,1996,5.775827861559492
Slovak Republic,SVK,1997,6.141989995956524
Slovak Republic,SVK,1998,6.665651231958244
Slovak Republic,SVK,1999,10.57044160752248
Slovak Republic,SVK,2000,12.0357805974299
Slovak Republic,SVK,2001,7.329620191155299
Slovak Republic,SVK,2002,3.127142229846084
Slovak Republic,SVK,2003,8.55414305406645
Slovak Republic,SVK,2004,7.548500881834232
Slovak Republic,SVK,2005,2.709084945883843
Slovak Republic,SVK,2006,4.483331204496106
Slovak Republic,SVK,2007,2.756723716381397
Slovak Republic,SVK,2008,4.598179763250279
Slovak Republic,SVK,2009,1.615104640582376
Slovak Republic,SVK,2010,0.9570181329751428
Slovak Republic,SVK,2011,3.9192859914629
Slovak Republic,SVK,2012,3.606102635228899
Slovak Republic,SVK,2013,1.400473689630253
Slovak Republic,SVK,2014,-0.076165329541987
Slovak Republic,SVK,2015,-0.3252197774276733
Slovak Republic,SVK,2016,-0.520010196278266
Slovak Republic,SVK,2017,1.311945882232281
Slovak Republic,SVK,2018,2.514037128838118
Slovak Republic,SVK,2019,2.664561334254313
Slovak Republic,SVK,2020,1.936941266942229
Slovak Republic,SVK,2021,3.14960629921268
Slovak Republic,SVK,2022,12.77414636376106
Slovak Republic,SVK,2023,10.53194766452113
Slovak Republic,SVK,2024,2.757609094242718
Slovenia,SVN,1981,42.62295273182439
Slovenia,SVN,1982,30.11254359507147
Slovenia,SVN,1983,40.21349184369349
Slovenia,SVN,1984,53.6719669102484
Slovenia,SVN,1985,79.40638114818738
Slovenia,SVN,1986,95.8865052101644
Slovenia,SVN,1987,132.0727210148308
Slovenia,SVN,1988,198.7537128620227
Slovenia,SVN,1989,1281.443494048757
Slovenia,SVN,1990,552.0835289143249
Slovenia,SVN,1991,114.8329355897467
Slovenia,SVN,1992,209.9337311868217
Slovenia,SVN,1993,31.76213063059321
Slovenia,SVN,1994,20.99181804714978
Slovenia,SVN,1995,13.46372961786695
Slovenia,SVN,1996,9.864450615468511
Slovenia,SVN,1997,8.359679907042999
Slovenia,SVN,1998,7.891166828566838
Slovenia,SVN,1999,6.155587544515586
Slovenia,SVN,2000,8.91174418658769
Slovenia,SVN,2001,8.37966587492204
Slovenia,SVN,2002,7.480777707037538
Slovenia,SVN,2003,5.544164217529011
Slovenia,SVN,2004,3.592975942495088
Slovenia,SVN,2005,2.451501323164749
Slovenia,SVN,2006,2.457924441958653
Slovenia,SVN,2007,3.657495632840991
Slovenia,SVN,2008,5.647423805739348
Slovenia,SVN,2009,0.8392622467938873
Slovenia,SVN,2010,1.80117022137134
Slovenia,SVN,2011,1.8028517194191
Slovenia,SVN,2012,2.597413860390028
Slovenia,SVN,2013,1.769200858819065
Slovenia,SVN,2014,0.1993438265707497
Slovenia,SVN,2015,-0.5255522858208768
Slovenia,SVN,2016,-0.0549995416704739
Slovenia,SVN,2017,1.42910743319306
Slovenia,SVN,2018,1.7386086198818
Slovenia,SVN,2019,1.630522607543444
Slovenia,SVN,2020,-0.0548568157606099
Slovenia,SVN,2021,1.917065060892595
Slovenia,SVN,2022,8.833698867494517
Slovenia,SVN,2023,7.446877173858376
Slovenia,SVN,2024,1.965626564325125
Solomon Islands,SLB,1972,6.877546130155306
Solomon Islands,SLB,1973,3.228699551352397
Solomon Islands,SLB,1974,18.85317115559886
Solomon Islands,SLB,1975,10.06944444466411
Solomon Islands,SLB,1976,4.25531914893602
Solomon Islands,SLB,1977,8.61678004535154
Solomon Islands,SLB,1978,6.263048016701553
Solomon Islands,SLB,1979,8.055009823182674
Solomon Islands,SLB,1980,13.09090909090907
Solomon Islands,SLB,1981,16.39871382636644
Solomon Islands,SLB,1982,12.98342541436477
Solomon Islands,SLB,1983,6.234718826405821
Solomon Islands,SLB,1984,11.04718066743382
Solomon Islands,SLB,1985,9.568221070811427
Solomon Islands,SLB,1986,13.57187894073128
Solomon Islands,SLB,1987,10.99236641221347
Solomon Islands,SLB,1988,16.73752657246537
Solomon Islands,SLB,1989,14.9322478710301
Solomon Islands,SLB,1990,8.737592618481814
Solomon Islands,SLB,1991,15.05013077593698
Solomon Islands,SLB,1992,10.75116036752848
Solomon Islands,SLB,1993,9.168662333219851
Solomon Islands,SLB,1994,13.25603259166383
Solomon Islands,SLB,1995,9.629219701162262
Solomon Islands,SLB,1996,11.77435638566372
Solomon Islands,SLB,1997,8.084001354860426
Solomon Islands,SLB,1998,12.39950381280694
Solomon Islands,SLB,1999,8.020368392968408
Solomon Islands,SLB,2000,7.88956186986721
Solomon Islands,SLB,2001,6.92583732057426
Solomon Islands,SLB,2002,10.92963418726921
Solomon Islands,SLB,2003,8.26946349334406
Solomon Islands,SLB,2004,6.985842026825674
Solomon Islands,SLB,2005,7.330663416332994
Solomon Islands,SLB,2006,11.2199870214146
Solomon Islands,SLB,2007,7.666020134848055
Solomon Islands,SLB,2008,17.32006519687743
Solomon Islands,SLB,2009,7.092717168762857
Solomon Islands,SLB,2010,1.051481633210381
Solomon Islands,SLB,2011,7.34270706018
Solomon Islands,SLB,2012,5.912006024911552
Solomon Islands,SLB,2013,5.3913638858756
Solomon Islands,SLB,2014,5.165902379251711
Solomon Islands,SLB,2015,-0.5744692863594901
Solomon Islands,SLB,2016,0.5124856262687925
Solomon Islands,SLB,2017,0.4886867602610835
Solomon Islands,SLB,2018,3.461474849737293
Solomon Islands,SLB,2019,1.63485544012247
Solomon Islands,SLB,2020,2.963549920760649
Solomon Islands,SLB,2021,-0.1154378944128394
Solomon Islands,SLB,2022,5.518129285769377
Solomon Islands,SLB,2023,5.885858970421641
Solomon Islands,SLB,2024,4.321839483880329
South Africa,ZAF,1960,1.288876926879919
South Africa,ZAF,1961,2.102350599559782
South Africa,ZAF,1962,1.246275199654946
South Africa,ZAF,1963,1.337970644906925
South Africa,ZAF,1964,2.534988542348981
South Africa,ZAF,1965,4.069018532945839
South Africa,ZAF,1966,3.489237153851748
South Africa,ZAF,1967,3.538965802362332
South Africa,ZAF,1968,1.98613362103222
South Africa,ZAF,1969,3.238217215856668
South Africa,ZAF,1970,4.991924554356171
South Africa,ZAF,1971,5.957420852134859
South Africa,ZAF,1972,6.425676388791752
South Africa,ZAF,1973,9.43398376978394
South Africa,ZAF,1974,11.7241315190611
South Africa,ZAF,1975,13.42592485303755
South Africa,ZAF,1976,11.02041058924515
South Africa,ZAF,1977,11.15195783193
South Africa,ZAF,1978,11.13560888295652
South Africa,ZAF,1979,13.29366246280588
South Africa,ZAF,1980,13.66024046811153
South Africa,ZAF,1981,15.25423376741938
South Africa,ZAF,1982,14.63904058531278
South Africa,ZAF,1983,12.30320530060059
South Africa,ZAF,1984,11.52648143449604
South Africa,ZAF,1985,16.29422524264212
South Africa,ZAF,1986,18.65492303887548
South Africa,ZAF,1987,16.16059485467912
South Africa,ZAF,1988,12.77955308302802
South Africa,ZAF,1989,14.73087539823813
South Africa,ZAF,1990,14.32099189149148
South Africa,ZAF,1991,15.33477857336716
South Africa,ZAF,1992,13.87470374861499
South Africa,ZAF,1993,9.717427298030282
South Africa,ZAF,1994,8.938563723594
South Africa,ZAF,1995,8.680424213926312
South Africa,ZAF,1996,7.354119720853326
South Africa,ZAF,1997,8.59777611252274
South Africa,ZAF,1998,6.880545210373508
South Africa,ZAF,1999,5.181489051116974
South Africa,ZAF,2000,5.338959135998278
South Africa,ZAF,2001,5.701894830496081
South Africa,ZAF,2002,9.494713780996005
South Africa,ZAF,2003,5.679424140687994
South Africa,ZAF,2004,-0.6920394378576867
South Africa,ZAF,2005,2.062853082234273
South Africa,ZAF,2006,3.243907654192295
South Africa,ZAF,2007,6.177812148093879
South Africa,ZAF,2008,9.909984560054667
South Africa,ZAF,2009,7.238095238095269
South Africa,ZAF,2010,4.067495559502634
South Africa,ZAF,2011,5.0008533879502
South Africa,ZAF,2012,5.73797139141739
South Africa,ZAF,2013,5.780169100691757
South Africa,ZAF,2014,6.132829530591491
South Africa,ZAF,2015,4.518690948925061
South Africa,ZAF,2016,6.602908423948717
South Africa,ZAF,2017,5.186186555241493
South Africa,ZAF,2018,4.509872648673875
South Africa,ZAF,2019,4.102850754611558
South Africa,ZAF,2020,3.232388316151135
South Africa,ZAF,2021,4.61874544887136
South Africa,ZAF,2022,7.039872725464818
South Africa,ZAF,2023,6.075243845796597
South Africa,ZAF,2024,4.361152465189621
South Sudan,SSD,2009,5.006273615340468
South Sudan,SSD,2010,1.169621803011082
South Sudan,SSD,2011,46.8521757193597
South Sudan,SSD,2012,45.52589783717057
South Sudan,SSD,2013,-0.0580909784225664
South Sudan,SSD,2014,1.674299062955201
South Sudan,SSD,2015,52.76633041921427
South Sudan,SSD,2016,379.9995856240261
South Sudan,SSD,2017,187.8516302794417
South Sudan,SSD,2018,83.50152949219998
South Sudan,SSD,2019,87.2413641500032
South Sudan,SSD,2020,29.67584355385716
South Sudan,SSD,2021,10.51671582943585
South Sudan,SSD,2022,-6.687320942126679
South Sudan,SSD,2023,2.382804348137544
South Sudan,SSD,2024,91.44082207690457
Spain,ESP,1960,1.17777108409631
Spain,ESP,1961,0.809252873882166
Spain,ESP,1962,5.70647719271308
Spain,ESP,1963,8.74369768409153
Spain,ESP,1964,6.97924673989605
Spain,ESP,1965,13.2141378382198
Spain,ESP,1966,6.24036708297987
Spain,ESP,1967,6.39163108782115
Spain,ESP,1968,4.95436611736463
Spain,ESP,1969,2.16034713599866
Spain,ESP,1970,5.73114484293531
Spain,ESP,1971,8.23688714893602
Spain,ESP,1972,8.27228754941942
Spain,ESP,1973,11.4167076137084
Spain,ESP,1974,15.6803733985389
Spain,ESP,1975,16.9532859334982
Spain,ESP,1976,17.6248800527481
Spain,ESP,1977,24.5380632929205
Spain,ESP,1978,19.7736704973661
Spain,ESP,1979,15.6602355971771
Spain,ESP,1980,15.5619020957245
Spain,ESP,1981,14.5493457170321
Spain,ESP,1982,14.4150020548327
Spain,ESP,1983,12.1740727351699
Spain,ESP,1984,11.2802765604037
Spain,ESP,1985,8.81445506678387
Spain,ESP,1986,8.7949393229032
Spain,ESP,1987,5.24801863489593
Spain,ESP,1988,4.83727066490361
Spain,ESP,1989,6.79143584025099
Spain,ESP,1990,6.72181952228656
Spain,ESP,1991,5.93421344335924
Spain,ESP,1992,5.92453126228489
Spain,ESP,1993,4.56907173681813
Spain,ESP,1994,4.71841373967329
Spain,ESP,1995,4.67380337624704
Spain,ESP,1996,3.55884559338557
Spain,ESP,1997,1.97107395582926
Spain,ESP,1998,1.83432999908409
Spain,ESP,1999,2.31034813987067
Spain,ESP,2000,3.43351563418766
Spain,ESP,2001,3.58983413338112
Spain,ESP,2002,3.06565685902219
Spain,ESP,2003,3.03888839396655
Spain,ESP,2004,3.03924881090924
Spain,ESP,2005,3.36881409750383
Spain,ESP,2006,3.51557576832128
Spain,ESP,2007,2.78679745804945
Spain,ESP,2008,4.07534335957339
Spain,ESP,2009,-0.28781308353524
Spain,ESP,2010,1.79986457728768
Spain,ESP,2011,3.1961018883379
Spain,ESP,2012,2.44612782366808
Spain,ESP,2013,1.40858109183018
Spain,ESP,2014,-0.151114837527234
Spain,ESP,2015,-0.500365709903242
Spain,ESP,2016,-0.202598000426452
Spain,ESP,2017,1.95607633363963
Spain,ESP,2018,1.6749813686379
Spain,ESP,2019,0.699518994458738
Spain,ESP,2020,-0.322753017299739
Spain,ESP,2021,3.09313511976419
Spain,ESP,2022,8.39057634118626
Spain,ESP,2023,3.53236133492432
Spain,ESP,2024,2.77417826534772
Sri Lanka,LKA,1960,-1.544676806092006
Sri Lanka,LKA,1961,1.134443639799902
Sri Lanka,LKA,1962,1.503579952515488
Sri Lanka,LKA,1963,2.272905399962137
Sri Lanka,LKA,1964,3.195647176045921
Sri Lanka,LKA,1965,0.2227833062540214
Sri Lanka,LKA,1966,-0.1556016599738456
Sri Lanka,LKA,1967,2.18923933203517
Sri Lanka,LKA,1968,5.860566448985793
Sri Lanka,LKA,1969,7.456952733725756
Sri Lanka,LKA,1970,5.866956077659675
Sri Lanka,LKA,1971,2.665380208599909
Sri Lanka,LKA,1972,6.349486050136126
Sri Lanka,LKA,1973,9.62664310171122
Sri Lanka,LKA,1974,12.30288679524724
Sri Lanka,LKA,1975,6.625992553209791
Sri Lanka,LKA,1976,1.329518680582303
Sri Lanka,LKA,1977,1.224879588028451
Sri Lanka,LKA,1978,12.141597276466
Sri Lanka,LKA,1979,10.73192143087304
Sri Lanka,LKA,1980,26.14541010144653
Sri Lanka,LKA,1981,17.96899549601008
Sri Lanka,LKA,1982,10.82574916756872
Sri Lanka,LKA,1983,13.96438800650006
Sri Lanka,LKA,1984,16.63825374792168
Sri Lanka,LKA,1985,1.481180122354293
Sri Lanka,LKA,1986,7.976361935706267
Sri Lanka,LKA,1987,7.717165605592695
Sri Lanka,LKA,1988,13.99154890020755
Sri Lanka,LKA,1989,11.56753608905581
Sri Lanka,LKA,1990,21.49525205275902
Sri Lanka,LKA,1991,12.18563072143894
Sri Lanka,LKA,1992,11.38343705122058
Sri Lanka,LKA,1993,11.74673701749463
Sri Lanka,LKA,1994,8.448712486983476
Sri Lanka,LKA,1995,7.674848734498049
Sri Lanka,LKA,1996,15.9358310447214
Sri Lanka,LKA,1997,9.57369626405162
Sri Lanka,LKA,1998,9.364243006832297
Sri Lanka,LKA,1999,4.691705630484379
Sri Lanka,LKA,2000,6.17627591012045
Sri Lanka,LKA,2001,14.15845579912002
Sri Lanka,LKA,2002,9.551031670072517
Sri Lanka,LKA,2003,6.314637870511745
Sri Lanka,LKA,2004,7.575925829958563
Sri Lanka,LKA,2005,11.63968609711183
Sri Lanka,LKA,2006,10.02018360570346
Sri Lanka,LKA,2007,15.84211149248431
Sri Lanka,LKA,2008,22.5644955300126
Sri Lanka,LKA,2009,3.464963221060742
Sri Lanka,LKA,2010,6.217648893046201
Sri Lanka,LKA,2011,6.7167684358854
Sri Lanka,LKA,2012,7.54291373239437
Sri Lanka,LKA,2013,6.908450348284521
Sri Lanka,LKA,2014,3.179002282360595
Sri Lanka,LKA,2015,3.768367830620964
Sri Lanka,LKA,2016,3.958888465930697
Sri Lanka,LKA,2017,7.704137678506017
Sri Lanka,LKA,2018,2.135037737132004
Sri Lanka,LKA,2019,3.528393582318115
Sri Lanka,LKA,2020,6.153945083917376
Sri Lanka,LKA,2021,7.014780712381947
Sri Lanka,LKA,2022,49.72110211143274
Sri Lanka,LKA,2023,16.54117422798318
Sri Lanka,LKA,2024,-0.4293600490697301
St. Kitts and Nevis,KNA,1980,17.73665480468124
St. Kitts and Nevis,KNA,1981,10.47636319668899
St. Kitts and Nevis,KNA,1982,5.927222982019931
St. Kitts and Nevis,KNA,1983,2.291535370347065
St. Kitts and Nevis,KNA,1984,2.714904705488184
St. Kitts and Nevis,KNA,1985,2.61954629955699
St. Kitts and Nevis,KNA,1986,-0.0066855337242675
St. Kitts and Nevis,KNA,1987,0.9630126486515704
St. Kitts and Nevis,KNA,1988,0.232525033997813
St. Kitts and Nevis,KNA,1989,5.169964955625729
St. Kitts and Nevis,KNA,1990,4.010984077556172
St. Kitts and Nevis,KNA,1991,4.323739443554205
St. Kitts and Nevis,KNA,1992,2.858446725144581
St. Kitts and Nevis,KNA,1993,1.794861464337821
St. Kitts and Nevis,KNA,1994,1.44226958804943
St. Kitts and Nevis,KNA,1995,2.956800250926198
St. Kitts and Nevis,KNA,1996,2.086573851691215
St. Kitts and Nevis,KNA,1997,8.90518339116016
St. Kitts and Nevis,KNA,1998,3.446358659552734
St. Kitts and Nevis,KNA,1999,3.363036303630454
St. Kitts and Nevis,KNA,2000,2.148855327436962
St. Kitts and Nevis,KNA,2001,2.303447483492547
St. Kitts and Nevis,KNA,2002,2.041091026202084
St. Kitts and Nevis,KNA,2003,2.235436643745526
St. Kitts and Nevis,KNA,2004,2.314554622380927
St. Kitts and Nevis,KNA,2005,3.377819039882376
St. Kitts and Nevis,KNA,2006,8.487485758458785
St. Kitts and Nevis,KNA,2007,4.480886086147258
St. Kitts and Nevis,KNA,2008,5.300296750725844
St. Kitts and Nevis,KNA,2009,2.057937090418363
St. Kitts and Nevis,KNA,2010,0.8508786497958443
St. Kitts and Nevis,KNA,2011,5.8351651957086
St. Kitts and Nevis,KNA,2012,0.816089281562459
St. Kitts and Nevis,KNA,2013,1.106985540001294
St. Kitts and Nevis,KNA,2014,0.2478653923649418
St. Kitts and Nevis,KNA,2015,-2.301875630456158
St. Kitts and Nevis,KNA,2016,-0.6870371232940393
St. Kitts and Nevis,KNA,2017,0.6949167116136044
St. Kitts and Nevis,KNA,2018,-1.037122141315725
St. Kitts and Nevis,KNA,2019,-0.3295620636639773
St. Kitts and Nevis,KNA,2020,-1.167245017693531
St. Kitts and Nevis,KNA,2021,1.195688870384002
St. Kitts and Nevis,KNA,2022,2.668175331112491
St. Kitts and Nevis,KNA,2023,3.557112308482431
St. Lucia,LCA,1966,2.479008396577312
St. Lucia,LCA,1967,3.20717908718529
St. Lucia,LCA,1968,3.969454105343886
St. Lucia,LCA,1969,2.254381499689158
St. Lucia,LCA,1970,13.39876253481825
St. Lucia,LCA,1971,8.391345249205802
St. Lucia,LCA,1972,7.880576289053515
St. Lucia,LCA,1973,13.44060069717403
St. Lucia,LCA,1974,34.22060422687924
St. Lucia,LCA,1975,17.74278769965232
St. Lucia,LCA,1976,9.669119846687408
St. Lucia,LCA,1977,8.865731900261885
St. Lucia,LCA,1978,10.87751829209911
St. Lucia,LCA,1979,9.3900427128736
St. Lucia,LCA,1980,19.47772911329116
St. Lucia,LCA,1981,15.1248443770346
St. Lucia,LCA,1982,4.614067498730878
St. Lucia,LCA,1983,1.473058534623013
St. Lucia,LCA,1984,1.205484103655883
St. Lucia,LCA,1985,1.423198982387324
St. Lucia,LCA,1986,2.190258254331325
St. Lucia,LCA,1987,7.021753039027814
St. Lucia,LCA,1988,0.8294724256463756
St. Lucia,LCA,1989,4.372637663973292
St. Lucia,LCA,1990,4.267556628559722
St. Lucia,LCA,1991,6.149550531190494
St. Lucia,LCA,1992,5.138897799448282
St. Lucia,LCA,1993,0.848181596289603
St. Lucia,LCA,1994,2.815916651539679
St. Lucia,LCA,1995,5.62965921512378
St. Lucia,LCA,1996,0.9248426096159732
St. Lucia,LCA,1997,-0.0055202870547238
St. Lucia,LCA,1998,3.201943416790907
St. Lucia,LCA,1999,3.503797841089421
St. Lucia,LCA,2000,3.710786087136099
St. Lucia,LCA,2001,5.307220810285471
St. Lucia,LCA,2002,-0.2555366269165083
St. Lucia,LCA,2003,1.034253724262215
St. Lucia,LCA,2004,1.460368144252453
St. Lucia,LCA,2005,3.898273707594762
St. Lucia,LCA,2006,2.395620825291682
St. Lucia,LCA,2007,2.823103737369294
St. Lucia,LCA,2008,5.549547693839369
St. Lucia,LCA,2009,-0.1569360871686694
St. Lucia,LCA,2010,3.250344091801288
St. Lucia,LCA,2011,2.769407941440931
St. Lucia,LCA,2012,4.177635871025146
St. Lucia,LCA,2013,1.468565110354283
St. Lucia,LCA,2014,3.516955513692412
St. Lucia,LCA,2015,-0.9836009526969955
St. Lucia,LCA,2016,-3.078217656769267
St. Lucia,LCA,2017,0.104262078958441
St. Lucia,LCA,2018,1.935618931506019
St. Lucia,LCA,2019,0.5390875591917574
St. Lucia,LCA,2020,-1.755808335175935
St. Lucia,LCA,2021,2.410703121743933
St. Lucia,LCA,2022,6.378146951333514
St. Lucia,LCA,2023,4.070608219262044
St. Lucia,LCA,2024,-0.1102835758346942
St. Vincent and the Grenadines,VCT,1975,6.797706797399626
St. Vincent and the Grenadines,VCT,1976,11.28898261758741
St. Vincent and the Grenadines,VCT,1977,10.18691320451434
St. Vincent and the Grenadines,VCT,1978,8.429528102845946
St. Vincent and the Grenadines,VCT,1979,15.60847832357037
St. Vincent and the Grenadines,VCT,1980,17.20747500373582
St. Vincent and the Grenadines,VCT,1981,12.73565664625164
St. Vincent and the Grenadines,VCT,1982,7.22825662243943
St. Vincent and the Grenadines,VCT,1983,5.458387989902197
St. Vincent and the Grenadines,VCT,1984,2.701955635843831
St. Vincent and the Grenadines,VCT,1985,2.139685103290968
St. Vincent and the Grenadines,VCT,1986,1.027667984189748
St. Vincent and the Grenadines,VCT,1987,3.305946791862206
St. Vincent and the Grenadines,VCT,1988,0.2272296913462977
St. Vincent and the Grenadines,VCT,1989,2.833931607783957
St. Vincent and the Grenadines,VCT,1990,7.606099577438916
St. Vincent and the Grenadines,VCT,1991,5.492003870013334
St. Vincent and the Grenadines,VCT,1992,3.463530427276544
St. Vincent and the Grenadines,VCT,1993,4.291375534466512
St. Vincent and the Grenadines,VCT,1994,1.008949552522505
St. Vincent and the Grenadines,VCT,1995,1.738372898805666
St. Vincent and the Grenadines,VCT,1996,4.407901138464544
St. Vincent and the Grenadines,VCT,1997,0.4436160298233483
St. Vincent and the Grenadines,VCT,1998,2.142406472683902
St. Vincent and the Grenadines,VCT,1999,1.013550444388749
St. Vincent and the Grenadines,VCT,2000,0.1676796374882787
St. Vincent and the Grenadines,VCT,2001,0.9008584858664996
St. Vincent and the Grenadines,VCT,2002,1.855503990466547
St. Vincent and the Grenadines,VCT,2003,0.2059817088242544
St. Vincent and the Grenadines,VCT,2004,2.960039467192865
St. Vincent and the Grenadines,VCT,2005,3.733429164670202
St. Vincent and the Grenadines,VCT,2006,2.740675160706726
St. Vincent and the Grenadines,VCT,2007,7.23614701584807
St. Vincent and the Grenadines,VCT,2008,10.06624182458489
St. Vincent and the Grenadines,VCT,2009,0.4215391256872154
St. Vincent and the Grenadines,VCT,2010,0.747109026311474
St. Vincent and the Grenadines,VCT,2011,3.1860311155246
St. Vincent and the Grenadines,VCT,2012,2.598444141471008
St. Vincent and the Grenadines,VCT,2013,0.8051278042679275
St. Vincent and the Grenadines,VCT,2014,0.1938585607940153
St. Vincent and the Grenadines,VCT,2015,-1.733611949539591
St. Vincent and the Grenadines,VCT,2016,-0.1496416476332843
St. Vincent and the Grenadines,VCT,2017,2.153336488405107
St. Vincent and the Grenadines,VCT,2018,2.324144853679213
St. Vincent and the Grenadines,VCT,2019,0.9130697253245904
St. Vincent and the Grenadines,VCT,2020,-0.6281313093546544
St. Vincent and the Grenadines,VCT,2021,1.572729325005577
St. Vincent and the Grenadines,VCT,2022,5.660097792265516
St. Vincent and the Grenadines,VCT,2023,4.564577198148944
St. Vincent and the Grenadines,VCT,2024,3.62770736940927
Sudan,SDN,1960,0.092240285829437
Sudan,SDN,1961,8.760511461916316
Sudan,SDN,1962,1.662871365679969
Sudan,SDN,1963,4.68823253646181
Sudan,SDN,1964,3.95083843356371
Sudan,SDN,1965,-2.44602939056201
Sudan,SDN,1966,1.712463199270171
Sudan,SDN,1967,11.0135558877735
Sudan,SDN,1968,-10.03389535893893
Sudan,SDN,1969,12.60686856967603
Sudan,SDN,1970,4.027795650471733
Sudan,SDN,1971,1.303669008593532
Sudan,SDN,1972,13.55475071286205
Sudan,SDN,1973,15.28908794787729
Sudan,SDN,1974,26.15810230141979
Sudan,SDN,1975,23.96304763707379
Sudan,SDN,1976,1.674884263582169
Sudan,SDN,1977,17.07633079149219
Sudan,SDN,1978,19.23040440135135
Sudan,SDN,1979,31.13845501075297
Sudan,SDN,1980,25.35236901194191
Sudan,SDN,1981,24.57572433365755
Sudan,SDN,1982,25.71287974925945
Sudan,SDN,1983,30.58777477913833
Sudan,SDN,1984,34.14634146336
Sudan,SDN,1985,45.40750323421005
Sudan,SDN,1986,24.45349012513205
Sudan,SDN,1987,20.55723774539098
Sudan,SDN,1988,64.70056310010511
Sudan,SDN,1989,66.72032193158984
Sudan,SDN,1990,65.15809799662031
Sudan,SDN,1991,123.5781269029357
Sudan,SDN,1992,117.624468896394
Sudan,SDN,1993,101.3804237638124
Sudan,SDN,1994,115.3981442927379
Sudan,SDN,1995,68.37519294854224
Sudan,SDN,1996,132.8237773741385
Sudan,SDN,1997,47.16853696471969
Sudan,SDN,1998,24.62187854615864
Sudan,SDN,1999,17.1664454201761
Sudan,SDN,2000,7.121258971722906
Sudan,SDN,2001,1.935295720953327
Sudan,SDN,2002,22.22472414959051
Sudan,SDN,2003,6.489432086733376
Sudan,SDN,2004,9.657546286059446
Sudan,SDN,2005,8.50585075933117
Sudan,SDN,2006,7.19912990114709
Sudan,SDN,2007,14.75427707800844
Sudan,SDN,2008,14.29712244814345
Sudan,SDN,2009,11.25675870630097
Sudan,SDN,2010,12.97766638980141
Sudan,SDN,2011,18.0966171221351
Sudan,SDN,2012,35.55905741470241
Sudan,SDN,2013,36.52234491391544
Sudan,SDN,2014,36.90664278635953
Sudan,SDN,2015,16.90957060509773
Sudan,SDN,2016,17.75025383119596
Sudan,SDN,2017,32.35162609684366
Sudan,SDN,2018,63.29250734558878
Sudan,SDN,2019,50.99405150029646
Sudan,SDN,2020,163.2577823554576
Sudan,SDN,2021,359.0930407789987
Sudan,SDN,2022,138.80846024176
Suriname,SUR,1960,2.857142857142861
Suriname,SUR,1961,1.709401709401754
Suriname,SUR,1962,2.100840336134397
Suriname,SUR,1963,2.057613168724249
Suriname,SUR,1964,4.233870967741972
Suriname,SUR,1965,1.934235976789128
Suriname,SUR,1966,4.743833017077827
Suriname,SUR,1967,10.68840579710155
Suriname,SUR,1968,0.1636661211128763
Suriname,SUR,1969,11.27450980392193
Suriname,SUR,1970,2.588042587972948
Suriname,SUR,1971,0.2155516526434192
Suriname,SUR,1972,3.234286624885954
Suriname,SUR,1973,12.94081333409372
Suriname,SUR,1974,16.87619568210953
Suriname,SUR,1975,8.447328422746594
Suriname,SUR,1976,10.0695380302795
Suriname,SUR,1977,9.73113276853737
Suriname,SUR,1978,8.823529411796665
Suriname,SUR,1979,14.84230816553277
Suriname,SUR,1980,14.10970644969178
Suriname,SUR,1981,8.793969849245974
Suriname,SUR,1982,7.276408617798612
Suriname,SUR,1983,4.411808074552686
Suriname,SUR,1984,3.688744527609074
Suriname,SUR,1985,10.86595298411923
Suriname,SUR,1986,18.68796068796053
Suriname,SUR,1987,53.39295325632423
Suriname,SUR,1988,7.313287808038173
Suriname,SUR,1989,0.7696467422059957
Suriname,SUR,1990,21.73994433975261
Suriname,SUR,1991,25.96746250602229
Suriname,SUR,1992,43.66617838541707
Suriname,SUR,1993,143.5115584834898
Suriname,SUR,1994,368.4780687062667
Suriname,SUR,1995,235.5588150736052
Suriname,SUR,1996,-0.7018872514528176
Suriname,SUR,1997,7.145111608839291
Suriname,SUR,1998,18.97536919944778
Suriname,SUR,1999,98.77309141121636
Suriname,SUR,2000,59.40168654507903
Suriname,SUR,2001,38.58628788726108
Suriname,SUR,2002,15.5273989185702
Suriname,SUR,2003,23.00223217782186
Suriname,SUR,2004,9.986325119748775
Suriname,SUR,2005,9.898004895614646
Suriname,SUR,2006,11.28130432739748
Suriname,SUR,2007,6.426279344705242
Suriname,SUR,2008,14.66714274379119
Suriname,SUR,2009,-0.1336366467148769
Suriname,SUR,2010,6.94108221639996
Suriname,SUR,2011,17.71177964145582
Suriname,SUR,2012,5.00686319367273
Suriname,SUR,2013,1.923436041083054
Suriname,SUR,2014,3.383412727494775
Suriname,SUR,2015,6.893903591682384
Suriname,SUR,2016,55.41238797631955
Suriname,SUR,2017,21.99694301733036
Suriname,SUR,2020,34.88978430907801
Suriname,SUR,2021,59.11966262519767
Suriname,SUR,2022,52.44602727624101
Suriname,SUR,2023,51.58731596008608
Suriname,SUR,2024,16.22961591302795
Sweden,SWE,1960,4.141779150902152
Sweden,SWE,1961,2.15797310981961
Sweden,SWE,1962,4.766197219058263
Sweden,SWE,1963,2.871740344857667
Sweden,SWE,1964,3.387662310883493
Sweden,SWE,1965,5.012771296438379
Sweden,SWE,1966,6.40480825348423
Sweden,SWE,1967,4.289319229933188
Sweden,SWE,1968,1.943125824732277
Sweden,SWE,1969,2.691994585557085
Sweden,SWE,1970,7.016358851007629
Sweden,SWE,1971,7.395541138376428
Sweden,SWE,1972,6.007389698624943
Sweden,SWE,1973,6.717997398193538
Sweden,SWE,1974,9.911725301132314
Sweden,SWE,1975,9.779873988225765
Sweden,SWE,1976,10.24922465297843
Sweden,SWE,1977,11.44180510910764
Sweden,SWE,1978,9.995265417177364
Sweden,SWE,1979,7.209786170478042
Sweden,SWE,1980,13.70632236490046
Sweden,SWE,1981,12.1039385302599
Sweden,SWE,1982,8.589185090471194
Sweden,SWE,1983,8.873021523632104
Sweden,SWE,1984,8.044242389944285
Sweden,SWE,1985,7.37257458126243
Sweden,SWE,1986,4.235910110897906
Sweden,SWE,1987,4.188571517713677
Sweden,SWE,1988,5.824898684394403
Sweden,SWE,1989,6.443275874266031
Sweden,SWE,1990,10.36655338794934
Sweden,SWE,1991,9.444627329441891
Sweden,SWE,1992,2.374367251118809
Sweden,SWE,1993,4.728173046260488
Sweden,SWE,1994,2.158138007246289
Sweden,SWE,1995,2.455148578183996
Sweden,SWE,1996,0.5331319787662375
Sweden,SWE,1997,0.6584102562435263
Sweden,SWE,1998,-0.2671326683549713
Sweden,SWE,1999,0.4621757563391378
Sweden,SWE,2000,0.8991437340417145
Sweden,SWE,2001,2.405958341454364
Sweden,SWE,2002,2.158482135892664
Sweden,SWE,2003,1.925655348923831
Sweden,SWE,2004,0.3736598287218242
Sweden,SWE,2005,0.4531708525761384
Sweden,SWE,2006,1.36021468627693
Sweden,SWE,2007,2.212168834367327
Sweden,SWE,2008,3.437049106028748
Sweden,SWE,2009,-0.494460544378051
Sweden,SWE,2010,1.157988027156257
Sweden,SWE,2011,2.9611507382214
Sweden,SWE,2012,0.888377506923735
Sweden,SWE,2013,-0.044292970148682
Sweden,SWE,2014,-0.179638494114635
Sweden,SWE,2015,-0.0467847449832811
Sweden,SWE,2016,0.9842692445779916
Sweden,SWE,2017,1.794499046655989
Sweden,SWE,2018,1.953535301270278
Sweden,SWE,2019,1.784150974038347
Sweden,SWE,2020,0.4973673188535717
Sweden,SWE,2021,2.163197364471434
Sweden,SWE,2022,8.36929098869189
Sweden,SWE,2023,8.5486248974891
Sweden,SWE,2024,2.83581658224034
Switzerland,CHE,1960,1.43879470321087
Switzerland,CHE,1961,1.84539787448657
Switzerland,CHE,1962,4.3159928775438
Switzerland,CHE,1963,3.44021288042959
Switzerland,CHE,1964,3.08055687101809
Switzerland,CHE,1965,3.41447860846187
Switzerland,CHE,1966,4.77597959563684
Switzerland,CHE,1967,4.00519621563881
Switzerland,CHE,1968,2.39582226957009
Switzerland,CHE,1969,2.48903598959373
Switzerland,CHE,1970,3.61598678629523
Switzerland,CHE,1971,6.57322111925784
Switzerland,CHE,1972,6.66000704160245
Switzerland,CHE,1973,8.75467033024632
Switzerland,CHE,1974,9.76741431913026
Switzerland,CHE,1975,6.69659522507838
Switzerland,CHE,1976,1.71547632285652
Switzerland,CHE,1977,1.29599916278313
Switzerland,CHE,1978,1.02879289487429
Switzerland,CHE,1979,3.64764010558783
Switzerland,CHE,1980,4.0225008483901
Switzerland,CHE,1981,6.49030964005718
Switzerland,CHE,1982,5.65510182392342
Switzerland,CHE,1983,2.94979443545724
Switzerland,CHE,1984,2.93145669136624
Switzerland,CHE,1985,3.43539935298265
Switzerland,CHE,1986,0.750309839410827
Switzerland,CHE,1987,1.44032188041723
Switzerland,CHE,1988,1.87246859731866
Switzerland,CHE,1989,3.15526979710909
Switzerland,CHE,1990,5.40395909218937
Switzerland,CHE,1991,5.85959663468677
Switzerland,CHE,1992,4.03703020778739
Switzerland,CHE,1993,3.29262180313606
Switzerland,CHE,1994,0.852116995120664
Switzerland,CHE,1995,1.79982776867149
Switzerland,CHE,1996,0.811634064628187
Switzerland,CHE,1997,0.52022542273664
Switzerland,CHE,1998,0.0179384378439321
Switzerland,CHE,1999,0.806444380959459
Switzerland,CHE,2000,1.55852919679008
Switzerland,CHE,2001,0.989020329832545
Switzerland,CHE,2002,0.642711506543277
Switzerland,CHE,2003,0.638272930887189
Switzerland,CHE,2004,0.802908730955226
Switzerland,CHE,2005,1.17195420333702
Switzerland,CHE,2006,1.05950928324804
Switzerland,CHE,2007,0.732350603122236
Switzerland,CHE,2008,2.42604117060157
Switzerland,CHE,2009,-0.480481936423304
Switzerland,CHE,2010,0.688238707219974
Switzerland,CHE,2011,0.2313492076509
Switzerland,CHE,2012,-0.692552018105163
Switzerland,CHE,2013,-0.217323155115672
Switzerland,CHE,2014,-0.0132025387515945
Switzerland,CHE,2015,-1.14390867228178
Switzerland,CHE,2016,-0.434618664285814
Switzerland,CHE,2017,0.533787839825876
Switzerland,CHE,2018,0.936335464113572
Switzerland,CHE,2019,0.362886179940674
Switzerland,CHE,2020,-0.725874933313402
Switzerland,CHE,2021,0.581814168489855
Switzerland,CHE,2022,2.83502798644451
Switzerland,CHE,2023,2.13540088016386
Switzerland,CHE,2024,1.06234041976594
Syrian Arab Republic,SYR,1960,5.118909512760987
Syrian Arab Republic,SYR,1961,1.958890881500754
Syrian Arab Republic,SYR,1962,-3.846153846153301
Syrian Arab Republic,SYR,1963,1.916666666666589
Syrian Arab Republic,SYR,1964,5.396565821750209
Syrian Arab Republic,SYR,1965,-3.878975950349449
Syrian Arab Republic,SYR,1966,3.793381759483775
Syrian Arab Republic,SYR,1967,6.454121306375256
Syrian Arab Republic,SYR,1968,2.848794740686619
Syrian Arab Republic,SYR,1969,-1.988636363635986
Syrian Arab Republic,SYR,1970,4.637681159419828
Syrian Arab Republic,SYR,1971,5.609418282548499
Syrian Arab Republic,SYR,1972,2.098360655738333
Syrian Arab Republic,SYR,1973,20.35966602440595
Syrian Arab Republic,SYR,1974,15.52828175026685
Syrian Arab Republic,SYR,1975,11.4649681528663
Syrian Arab Republic,SYR,1976,11.42857142857152
Syrian Arab Republic,SYR,1977,11.96581196581158
Syrian Arab Republic,SYR,1978,4.809160305343709
Syrian Arab Republic,SYR,1979,4.552075746540378
Syrian Arab Republic,SYR,1980,19.29641239986084
Syrian Arab Republic,SYR,1981,18.39416058394167
Syrian Arab Republic,SYR,1982,14.30332922318113
Syrian Arab Republic,SYR,1983,6.1272923408846
Syrian Arab Republic,SYR,1984,9.22951819475496
Syrian Arab Republic,SYR,1985,17.2529313232832
Syrian Arab Republic,SYR,1986,36.06349206349159
Syrian Arab Republic,SYR,1987,59.48436770881976
Syrian Arab Republic,SYR,1988,34.56221198156698
Syrian Arab Republic,SYR,1989,11.39921722113489
Syrian Arab Republic,SYR,1990,19.39686722295432
Syrian Arab Republic,SYR,1991,9.000000000000034
Syrian Arab Republic,SYR,1992,11.00917431192646
Syrian Arab Republic,SYR,1993,13.22314049586794
Syrian Arab Republic,SYR,1994,15.32846715328457
Syrian Arab Republic,SYR,1995,7.97995780590686
Syrian Arab Republic,SYR,1996,8.249890099155097
Syrian Arab Republic,SYR,1997,1.886111361790862
Syrian Arab Republic,SYR,1998,-0.7971656333039163
Syrian Arab Republic,SYR,1999,-3.70370370370365
Syrian Arab Republic,SYR,2000,-3.846153846153788
Syrian Arab Republic,SYR,2001,2.999999999999953
Syrian Arab Republic,SYR,2002,-0.1305052824174015
Syrian Arab Republic,SYR,2003,5.796829449058412
Syrian Arab Republic,SYR,2004,4.433141367198388
Syrian Arab Republic,SYR,2005,7.240349393485349
Syrian Arab Republic,SYR,2006,10.02411053775713
Syrian Arab Republic,SYR,2007,3.907709504436073
Syrian Arab Republic,SYR,2008,15.74532522197086
Syrian Arab Republic,SYR,2009,2.920897118053667
Syrian Arab Republic,SYR,2010,4.397413831500702
Syrian Arab Republic,SYR,2011,4.7531638888563
Syrian Arab Republic,SYR,2012,36.70229533641389
Syrian Arab Republic,SYR,2013,40.03183782907232
Syrian Arab Republic,SYR,2014,10.92711418042969
Syrian Arab Republic,SYR,2015,38.46114295997329
Syrian Arab Republic,SYR,2016,47.70516152989234
Syrian Arab Republic,SYR,2017,18.07526962817711
Syrian Arab Republic,SYR,2018,0.9409838439067688
Syrian Arab Republic,SYR,2019,13.41756532285707
Tajikistan,TJK,2001,38.59188944885999
Tajikistan,TJK,2002,12.24998478458845
Tajikistan,TJK,2003,16.30349120494906
Tajikistan,TJK,2004,7.141965086922526
Tajikistan,TJK,2005,7.091932440837731
Tajikistan,TJK,2006,10.01086518864611
Tajikistan,TJK,2007,13.1491247062982
Tajikistan,TJK,2008,20.47052191099642
Tajikistan,TJK,2009,6.448234810666968
Tajikistan,TJK,2010,6.445314407806583
Tajikistan,TJK,2011,12.4315490430406
Tajikistan,TJK,2012,5.831166010314624
Tajikistan,TJK,2013,5.00964645344951
Tajikistan,TJK,2014,6.104427651296671
Tajikistan,TJK,2015,5.714559496497104
Tajikistan,TJK,2016,6.004580823221391
Tanzania,TZA,1966,9.777015439275962
Tanzania,TZA,1967,12.18749999843683
Tanzania,TZA,1968,15.59888579548266
Tanzania,TZA,1969,16.41566264999976
Tanzania,TZA,1970,3.49288486418357
Tanzania,TZA,1971,4.775000000023752
Tanzania,TZA,1972,7.635409210010378
Tanzania,TZA,1973,10.39680780321673
Tanzania,TZA,1974,19.59839357421482
Tanzania,TZA,1975,26.05775688415733
Tanzania,TZA,1976,6.859350026532505
Tanzania,TZA,1977,11.60413810301186
Tanzania,TZA,1978,6.575000000000085
Tanzania,TZA,1979,12.94862772695286
Tanzania,TZA,1980,30.19730010384205
Tanzania,TZA,1981,25.65002392726121
Tanzania,TZA,1982,28.93233464516934
Tanzania,TZA,1983,27.05592753052379
Tanzania,TZA,1984,36.14594150560284
Tanzania,TZA,1985,33.28210382513677
Tanzania,TZA,1986,32.43220158018366
Tanzania,TZA,1987,29.94936953787614
Tanzania,TZA,1988,31.1867182846932
Tanzania,TZA,1989,25.84983826116572
Tanzania,TZA,1990,35.82677165354333
Tanzania,TZA,1991,28.69565217391299
Tanzania,TZA,1992,21.84684684684731
Tanzania,TZA,1993,25.27726432532299
Tanzania,TZA,1994,34.0833640722984
Tanzania,TZA,1995,27.42778541953229
Tanzania,TZA,1996,20.97725964306288
Tanzania,TZA,1997,16.09065492832015
Tanzania,TZA,1998,12.79975404796087
Tanzania,TZA,1999,7.890433360588766
Tanzania,TZA,2000,5.923961096374794
Tanzania,TZA,2001,5.147468002226182
Tanzania,TZA,2002,5.317833661182028
Tanzania,TZA,2003,5.303566215097816
Tanzania,TZA,2004,4.735801439490581
Tanzania,TZA,2005,5.034570092671631
Tanzania,TZA,2006,7.25097262082546
Tanzania,TZA,2007,7.025514369747714
Tanzania,TZA,2008,10.27839376211348
Tanzania,TZA,2009,12.14222787429879
Tanzania,TZA,2010,6.200155956474026
Tanzania,TZA,2011,12.6909694699162
Tanzania,TZA,2012,16.00109385063382
Tanzania,TZA,2013,7.870723645739588
Tanzania,TZA,2014,6.131614329880117
Tanzania,TZA,2015,5.588169529592981
Tanzania,TZA,2016,5.174766293014932
Tanzania,TZA,2017,5.318716052289308
Tanzania,TZA,2018,3.494458488561813
Tanzania,TZA,2019,3.464280579990205
Tanzania,TZA,2020,3.290290627983255
Tanzania,TZA,2021,3.690919588021988
Tanzania,TZA,2022,4.350272042691012
Tanzania,TZA,2023,3.799232913849163
Tanzania,TZA,2024,3.056946763123725
Thailand,THA,1960,-0.7658643326037654
Thailand,THA,1961,7.386990077177083
Thailand,THA,1962,3.696098562628942
Thailand,THA,1964,-0.7920792079211125
Thailand,THA,1965,0.166333998420151
Thailand,THA,1966,4.035204250674448
Thailand,THA,1967,4.309656823571318
Thailand,THA,1968,1.790359602230261
Thailand,THA,1969,2.450390859830972
Thailand,THA,1970,-0.0880410855462474
Thailand,THA,1971,0.4846526653707954
Thailand,THA,1972,4.837766734974275
Thailand,THA,1973,15.50954970027056
Thailand,THA,1974,24.31355983350141
Thailand,THA,1975,5.330097087498646
Thailand,THA,1976,4.14930555494793
Thailand,THA,1977,7.601266877690313
Thailand,THA,1978,7.924089853037859
Thailand,THA,1979,9.897365965599183
Thailand,THA,1980,19.70350052277802
Thailand,THA,1981,12.66299307102154
Thailand,THA,1982,5.259079903168268
Thailand,THA,1983,3.726536621240752
Thailand,THA,1984,0.8648984302793215
Thailand,THA,1985,2.431731234334754
Thailand,THA,1986,1.841675968060463
Thailand,THA,1987,2.466461128239533
Thailand,THA,1988,3.862730747336553
Thailand,THA,1989,5.355465079862161
Thailand,THA,1990,5.863994743758282
Thailand,THA,1991,5.709852598913964
Thailand,THA,1992,4.139145750770555
Thailand,THA,1993,3.312191684284684
Thailand,THA,1994,5.047748976807549
Thailand,THA,1995,5.818181818181923
Thailand,THA,1996,5.805105547373494
Thailand,THA,1997,5.625797471291044
Thailand,THA,1998,7.994728750274598
Thailand,THA,1999,0.2847264592230344
Thailand,THA,2000,1.591969174609715
Thailand,THA,2001,1.626908873140913
Thailand,THA,2002,0.6973089766254486
Thailand,THA,2003,1.804349946357208
Thailand,THA,2004,2.759149262310797
Thailand,THA,2005,4.540369196345348
Thailand,THA,2006,4.637474360117649
Thailand,THA,2007,2.24154095286803
Thailand,THA,2008,5.46848949649845
Thailand,THA,2009,-0.8457160923167206
Thailand,THA,2010,3.247588424437232
Thailand,THA,2011,3.808790581396342
Thailand,THA,2012,3.014899503349847
Thailand,THA,2013,2.184886185306875
Thailand,THA,2014,1.895141818987798
Thailand,THA,2015,-0.9004249632915694
Thailand,THA,2016,0.1881497044481433
Thailand,THA,2017,0.6656318931351062
Thailand,THA,2018,1.063897541830241
Thailand,THA,2019,0.706728601314311
Thailand,THA,2020,-0.8459371473570412
Thailand,THA,2021,1.230395413183836
Thailand,THA,2022,-1.61068030486688
Thailand,THA,2023,8.47805174421543
Thailand,THA,2024,1.365805407980367
Timor-Leste,TLS,2003,7.165158914418385
Timor-Leste,TLS,2004,3.237513940033208
Timor-Leste,TLS,2005,1.111674003871979
Timor-Leste,TLS,2006,3.936162599298661
Timor-Leste,TLS,2007,10.30090201748945
Timor-Leste,TLS,2008,9.064236219489416
Timor-Leste,TLS,2009,0.6696811859654332
Timor-Leste,TLS,2010,6.76597680236481
Timor-Leste,TLS,2011,13.49984023857702
Timor-Leste,TLS,2012,11.8003096701544
Timor-Leste,TLS,2013,11.08490851099542
Timor-Leste,TLS,2014,0.7262750161394651
Timor-Leste,TLS,2015,0.5527960262778531
Timor-Leste,TLS,2016,-1.338538761851631
Timor-Leste,TLS,2017,0.557215537430361
Timor-Leste,TLS,2018,2.636472010158919
Timor-Leste,TLS,2019,0.9588127397031412
Timor-Leste,TLS,2020,0.495499215459571
Timor-Leste,TLS,2021,3.697920946667864
Timor-Leste,TLS,2022,7.005309453997869
Timor-Leste,TLS,2023,8.420351033103767
Timor-Leste,TLS,2024,2.062841530054681
Togo,TGO,1967,-2.318840580676244
Togo,TGO,1968,0.2967359060365361
Togo,TGO,1969,6.015779092702138
Togo,TGO,1970,4.480620154650946
Togo,TGO,1971,6.4920611363943
Togo,TGO,1972,7.726607678234798
Togo,TGO,1973,3.615314965731672
Togo,TGO,1974,12.8319316906201
Togo,TGO,1975,18.01219949766762
Togo,TGO,1976,11.64073081069152
Togo,TGO,1977,22.45701340661774
Togo,TGO,1978,0.4427730939529608
Togo,TGO,1979,7.539251207729417
Togo,TGO,1980,12.30685721237953
Togo,TGO,1981,19.71650236248065
Togo,TGO,1982,11.12967332818269
Togo,TGO,1983,9.355465079861466
Togo,TGO,1984,-3.526628710205487
Togo,TGO,1985,-1.814414382321618
Togo,TGO,1986,4.124615263676862
Togo,TGO,1987,0.0540088504826459
Togo,TGO,1988,-0.1509109799347772
Togo,TGO,1989,-0.839403116952551
Togo,TGO,1990,1.015341505308095
Togo,TGO,1991,0.387081797870757
Togo,TGO,1992,1.393786636759385
Togo,TGO,1993,-1.006881688550339
Togo,TGO,1994,39.16276737967952
Togo,TGO,1995,16.43350345241635
Togo,TGO,1996,4.687499999999957
Togo,TGO,1997,8.25082508250802
Togo,TGO,1998,0.975338381088674
Togo,TGO,1999,-0.0532136248823533
Togo,TGO,2000,1.862605954630672
Togo,TGO,2001,3.919591336531464
Togo,TGO,2002,3.059818575358837
Togo,TGO,2003,-0.9300008840722136
Togo,TGO,2004,0.3930786810316692
Togo,TGO,2005,6.782928930283138
Togo,TGO,2006,2.228977794140268
Togo,TGO,2007,0.9456732717052136
Togo,TGO,2008,8.694828143639016
Togo,TGO,2009,3.71360592035809
Togo,TGO,2010,1.445945174308637
Togo,TGO,2011,3.5635147290396
Togo,TGO,2012,2.577181740558479
Togo,TGO,2013,1.825394759091617
Togo,TGO,2014,0.19087507624975
Togo,TGO,2015,2.585003908015947
Togo,TGO,2016,1.285448470514168
Togo,TGO,2017,-0.9818898689431192
Togo,TGO,2018,0.9277554264571826
Togo,TGO,2019,0.674652770077525
Togo,TGO,2020,1.69928463299399
Togo,TGO,2021,4.186215065235198
Togo,TGO,2022,7.967573616179453
Togo,TGO,2023,5.489285681411314
Togo,TGO,2024,2.862620740898006
Tonga,TON,1976,7.109575835475527
Tonga,TON,1977,17.53793844846124
Tonga,TON,1978,9.58437912111287
Tonga,TON,1979,5.460015527950442
Tonga,TON,1980,22.39338891649647
Tonga,TON,1981,14.8992481203003
Tonga,TON,1982,10.83787038006552
Tonga,TON,1983,9.81355311787775
Tonga,TON,1984,0.1064516129037169
Tonga,TON,1985,16.765
Tonga,TON,1986,21.67387487688936
Tonga,TON,1987,4.685987787925039
Tonga,TON,1988,9.92402339810402
Tonga,TON,1989,4.073643647929324
Tonga,TON,1990,9.709863845626552
Tonga,TON,1991,10.59544939947932
Tonga,TON,1992,7.936980121928741
Tonga,TON,1993,0.9609044604591734
Tonga,TON,1994,1.012952066948561
Tonga,TON,1995,1.460006303509721
Tonga,TON,1996,2.995280239911434
Tonga,TON,1997,2.124731324080375
Tonga,TON,1998,3.274445542604644
Tonga,TON,1999,4.46435467675891
Tonga,TON,2000,6.327635514111552
Tonga,TON,2001,8.290283188503304
Tonga,TON,2002,10.35906079185071
Tonga,TON,2003,11.63862195807346
Tonga,TON,2004,10.97340536795539
Tonga,TON,2005,8.665692211317513
Tonga,TON,2006,6.14911606456575
Tonga,TON,2007,5.842248749013874
Tonga,TON,2008,10.44698751282222
Tonga,TON,2009,1.426859720705338
Tonga,TON,2010,3.534912391898305
Tonga,TON,2011,6.270753029956911
Tonga,TON,2012,1.147538537060552
Tonga,TON,2013,0.7756293223674195
Tonga,TON,2014,2.510876332537056
Tonga,TON,2015,-1.053998319712825
Tonga,TON,2016,2.578155152450812
Tonga,TON,2017,7.517062835511149
Tonga,TON,2018,5.032096919848741
Tonga,TON,2019,1.179543348218083
Tonga,TON,2020,-0.3497376967274961
Tonga,TON,2021,5.640511406367511
Tonga,TON,2022,10.97136529030216
Tonga,TON,2023,6.35112980255189
Tonga,TON,2024,3.230563002680999
Trinidad and Tobago,TTO,1960,2.080000000078154
Trinidad and Tobago,TTO,1961,1.522757697889915
Trinidad and Tobago,TTO,1962,2.983352563392863
Trinidad and Tobago,TTO,1963,3.761203584916446
Trinidad and Tobago,TTO,1964,0.8637976244066504
Trinidad and Tobago,TTO,1965,1.781617984488492
Trinidad and Tobago,TTO,1966,4.094358049904904
Trinidad and Tobago,TTO,1967,2.136258660154926
Trinidad and Tobago,TTO,1968,8.232052006912827
Trinidad and Tobago,TTO,1969,2.43520271601535
Trinidad and Tobago,TTO,1970,2.523900573626917
Trinidad and Tobago,TTO,1971,3.531020763289978
Trinidad and Tobago,TTO,1972,9.30106881253335
Trinidad and Tobago,TTO,1973,14.81074548157101
Trinidad and Tobago,TTO,1974,22.02497727176169
Trinidad and Tobago,TTO,1975,16.97906046568946
Trinidad and Tobago,TTO,1976,10.69246435777287
Trinidad and Tobago,TTO,1977,11.74486353909416
Trinidad and Tobago,TTO,1978,10.25658616887404
Trinidad and Tobago,TTO,1979,14.72217036899923
Trinidad and Tobago,TTO,1980,17.47030427957717
Trinidad and Tobago,TTO,1981,14.33188660093951
Trinidad and Tobago,TTO,1982,11.63476294316732
Trinidad and Tobago,TTO,1983,15.17499999933316
Trinidad and Tobago,TTO,1984,13.3347804066324
Trinidad and Tobago,TTO,1985,7.622574055201955
Trinidad and Tobago,TTO,1986,7.693676593231347
Trinidad and Tobago,TTO,1987,10.75185899207421
Trinidad and Tobago,TTO,1988,7.758492067439168
Trinidad and Tobago,TTO,1989,11.43213181335666
Trinidad and Tobago,TTO,1990,11.06442577030832
Trinidad and Tobago,TTO,1991,3.783102143757945
Trinidad and Tobago,TTO,1992,6.439854191980609
Trinidad and Tobago,TTO,1993,10.83523592085203
Trinidad and Tobago,TTO,1994,8.814694017681058
Trinidad and Tobago,TTO,1995,5.182205395172735
Trinidad and Tobago,TTO,1996,3.404574428196242
Trinidad and Tobago,TTO,1997,3.626078758430813
Trinidad and Tobago,TTO,1998,5.612709076912011
Trinidad and Tobago,TTO,1999,3.439135908819961
Trinidad and Tobago,TTO,2000,3.55541319666877
Trinidad and Tobago,TTO,2001,5.536653263223002
Trinidad and Tobago,TTO,2002,4.150058616647196
Trinidad and Tobago,TTO,2003,3.811106243968699
Trinidad and Tobago,TTO,2004,3.721549389959654
Trinidad and Tobago,TTO,2005,6.874534595835164
Trinidad and Tobago,TTO,2006,8.329603514653467
Trinidad and Tobago,TTO,2007,7.894388347572995
Trinidad and Tobago,TTO,2008,12.03034454771769
Trinidad and Tobago,TTO,2009,6.978087252515469
Trinidad and Tobago,TTO,2010,10.54920031799876
Trinidad and Tobago,TTO,2011,5.1071328926456
Trinidad and Tobago,TTO,2012,9.26028137068292
Trinidad and Tobago,TTO,2013,5.199817404656111
Trinidad and Tobago,TTO,2014,5.684418145956593
Trinidad and Tobago,TTO,2015,4.661215980982641
Trinidad and Tobago,TTO,2016,3.070667424640243
Trinidad and Tobago,TTO,2017,1.880384401835318
Trinidad and Tobago,TTO,2018,1.018569301888219
Trinidad and Tobago,TTO,2019,1.000542930272373
Trinidad and Tobago,TTO,2020,0.5989863308246433
Trinidad and Tobago,TTO,2021,2.059227469154577
Trinidad and Tobago,TTO,2022,5.828386385179588
Trinidad and Tobago,TTO,2023,4.629302424199681
Trinidad and Tobago,TTO,2024,0.5268846257768393
Tunisia,TUN,1984,8.900000000000098
Tunisia,TUN,1985,7.254361799816354
Tunisia,TUN,1986,6.164383561643706
Tunisia,TUN,1987,8.2258064516129
Tunisia,TUN,1988,7.196969696969551
Tunisia,TUN,1989,7.74088603961336
Tunisia,TUN,1990,6.545293072824143
Tunisia,TUN,1991,8.193715095440853
Tunisia,TUN,1992,5.824345146379064
Tunisia,TUN,1993,3.974956319161301
Tunisia,TUN,1994,4.733230639965955
Tunisia,TUN,1995,6.244150287471464
Tunisia,TUN,1996,3.725144726907154
Tunisia,TUN,1997,3.652026207230707
Tunisia,TUN,1998,3.125365796558624
Tunisia,TUN,1999,2.690124858115804
Tunisia,TUN,2000,2.962307947386055
Tunisia,TUN,2001,1.983333333333369
Tunisia,TUN,2002,2.721032848504548
Tunisia,TUN,2003,2.712592474743517
Tunisia,TUN,2004,3.632280049566251
Tunisia,TUN,2005,2.017786413571443
Tunisia,TUN,2006,3.225253374389166
Tunisia,TUN,2007,2.966944324773489
Tunisia,TUN,2008,4.345028076230452
Tunisia,TUN,2009,3.664903306429192
Tunisia,TUN,2010,3.338979636010688
Tunisia,TUN,2011,3.24002842009531
Tunisia,TUN,2012,4.611844322066397
Tunisia,TUN,2013,5.316235313266889
Tunisia,TUN,2014,4.625550995340309
Tunisia,TUN,2015,4.437371273215
Tunisia,TUN,2016,3.629399373843808
Tunisia,TUN,2017,5.308848395658444
Tunisia,TUN,2018,7.307591760316519
Tunisia,TUN,2019,6.72007532863799
Tunisia,TUN,2020,5.634151158976247
Tunisia,TUN,2021,5.706350208307002
Tunisia,TUN,2022,8.306461244476234
Tunisia,TUN,2023,9.328995975078652
Tunisia,TUN,2024,7.206616571687938
Turkiye,TUR,1960,5.664739884393086
Turkiye,TUR,1961,3.172856997082684
Turkiye,TUR,1962,3.888320251465035
Turkiye,TUR,1963,6.362706928323115
Turkiye,TUR,1964,1.119637815431116
Turkiye,TUR,1965,4.555533683948277
Turkiye,TUR,1966,8.471996215392252
Turkiye,TUR,1967,13.97489294816745
Turkiye,TUR,1968,6.046239661974067
Turkiye,TUR,1969,4.924193944982961
Turkiye,TUR,1970,7.923952083019967
Turkiye,TUR,1971,19.01140868376749
Turkiye,TUR,1972,15.41645572239622
Turkiye,TUR,1973,13.9381652448957
Turkiye,TUR,1974,23.89816157667046
Turkiye,TUR,1975,21.22735523858355
Turkiye,TUR,1976,17.45568938913375
Turkiye,TUR,1977,25.9853378650602
Turkiye,TUR,1978,61.89704443834346
Turkiye,TUR,1979,63.54310825063429
Turkiye,TUR,1980,94.2608598807592
Turkiye,TUR,1981,37.61478257977165
Turkiye,TUR,1982,29.13751450226765
Turkiye,TUR,1983,31.39027101984446
Turkiye,TUR,1984,48.39232313468628
Turkiye,TUR,1985,44.96173015287794
Turkiye,TUR,1986,34.61007597387451
Turkiye,TUR,1987,38.85584347584092
Turkiye,TUR,1988,68.80964338370477
Turkiye,TUR,1989,63.27255249309584
Turkiye,TUR,1990,60.30386913464469
Turkiye,TUR,1991,65.97856799189502
Turkiye,TUR,1992,70.07610386903735
Turkiye,TUR,1993,66.0938429820004
Turkiye,TUR,1994,105.2149864692022
Turkiye,TUR,1995,89.11331722484994
Turkiye,TUR,1996,80.41215113880425
Turkiye,TUR,1997,85.66936164997794
Turkiye,TUR,1998,84.6413434846314
Turkiye,TUR,1999,64.86748763507573
Turkiye,TUR,2000,54.91537058126835
Turkiye,TUR,2001,54.40018876190743
Turkiye,TUR,2002,44.96412094798498
Turkiye,TUR,2003,21.60243844905728
Turkiye,TUR,2004,8.598261681152618
Turkiye,TUR,2005,8.179160368020078
Turkiye,TUR,2006,9.597242122884465
Turkiye,TUR,2007,8.756180909726323
Turkiye,TUR,2008,10.44412837648847
Turkiye,TUR,2009,6.250976630906265
Turkiye,TUR,2010,8.56644420552976
Turkiye,TUR,2011,6.471879671151
Turkiye,TUR,2012,8.891569965121626
Turkiye,TUR,2013,7.493090305476931
Turkiye,TUR,2014,8.85457271364316
Turkiye,TUR,2015,7.670853648458848
Turkiye,TUR,2016,7.775134153283301
Turkiye,TUR,2017,11.14431108407642
Turkiye,TUR,2018,16.33246389889289
Turkiye,TUR,2019,15.17682157200223
Turkiye,TUR,2020,12.27895744625741
Turkiye,TUR,2021,19.5964926913324
Turkiye,TUR,2022,72.30883598912065
Turkiye,TUR,2023,53.85940875933151
Turkiye,TUR,2024,58.50645073003415
Tuvalu,TUV,2011,0.5005807431527
Uganda,UGA,1994,10.03675987921753
Uganda,UGA,1995,6.550140189703707
Uganda,UGA,1996,7.191646604333442
Uganda,UGA,1997,8.169021441069631
Uganda,UGA,1998,0.0688041719983172
Uganda,UGA,1999,5.777368986878946
Uganda,UGA,2000,3.39202158512998
Uganda,UGA,2001,1.865125240847725
Uganda,UGA,2002,-0.2875085117651964
Uganda,UGA,2003,8.680476515668836
Uganda,UGA,2004,3.721287439782284
Uganda,UGA,2005,8.448726422995321
Uganda,UGA,2006,7.310676135618637
Uganda,UGA,2007,6.138510832850498
Uganda,UGA,2008,12.05085554828855
Uganda,UGA,2009,13.01725618891854
Uganda,UGA,2010,3.976552884781682
Uganda,UGA,2011,16.56434961745152
Uganda,UGA,2012,12.67903772246589
Uganda,UGA,2013,4.905208756945568
Uganda,UGA,2014,3.075706689586414
Uganda,UGA,2015,5.589686062517254
Uganda,UGA,2016,5.70637504616212
Uganda,UGA,2017,5.209717059142092
Uganda,UGA,2018,2.616011909522744
Uganda,UGA,2019,2.867588034468999
Uganda,UGA,2020,3.313322895445018
Uganda,UGA,2021,2.204572047574139
Uganda,UGA,2022,7.195788859758103
Uganda,UGA,2023,5.350948042803953
Uganda,UGA,2024,3.323380670865596
Ukraine,UKR,1993,4734.914347445849
Ukraine,UKR,1994,891.1877481337049
Ukraine,UKR,1995,376.7461747682093
Ukraine,UKR,1996,80.32550145517423
Ukraine,UKR,1997,15.94059941494297
Ukraine,UKR,1998,10.57716114825143
Ukraine,UKR,1999,22.6836718061345
Ukraine,UKR,2000,28.20309723885524
Ukraine,UKR,2001,11.95880853904594
Ukraine,UKR,2002,0.7574208463928603
Ukraine,UKR,2003,5.17967781908315
Ukraine,UKR,2004,9.048067860508883
Ukraine,UKR,2005,13.56957649092478
Ukraine,UKR,2006,9.05252491133248
Ukraine,UKR,2007,12.83877961901812
Ukraine,UKR,2008,25.22646170738403
Ukraine,UKR,2009,15.88119245944761
Ukraine,UKR,2010,9.37293105078978
Ukraine,UKR,2011,7.955724662746522
Ukraine,UKR,2012,0.5687279718038623
Ukraine,UKR,2013,-0.2389486260454066
Ukraine,UKR,2014,12.0718562874251
Ukraine,UKR,2015,48.69986464344236
Ukraine,UKR,2016,13.91271019977966
Ukraine,UKR,2017,14.43832274887494
Ukraine,UKR,2018,10.95185593531784
Ukraine,UKR,2019,7.886717456111332
Ukraine,UKR,2020,2.732492094194272
Ukraine,UKR,2021,9.363139176952233
Ukraine,UKR,2022,20.1836366617478
Ukraine,UKR,2023,12.84902228285588
Ukraine,UKR,2024,6.50198464669254
United Arab Emirates,ARE,2008,12.2504202448139
United Arab Emirates,ARE,2009,1.5618131744907
United Arab Emirates,ARE,2010,0.877983288285867
United Arab Emirates,ARE,2011,0.87734659568512
United Arab Emirates,ARE,2012,0.662268900269008
United Arab Emirates,ARE,2013,1.1011183637571
United Arab Emirates,ARE,2014,2.34626865671642
United Arab Emirates,ARE,2015,4.06996608361593
United Arab Emirates,ARE,2016,1.61748808904197
United Arab Emirates,ARE,2017,1.96682557818842
United Arab Emirates,ARE,2018,3.06863379251996
United Arab Emirates,ARE,2019,-1.93108114782172
United Arab Emirates,ARE,2020,-2.07940317940943
United Arab Emirates,ARE,2021,0.179935336174431
United Arab Emirates,ARE,2022,5.29122604376849
United Arab Emirates,ARE,2023,1.62670837213248
United Arab Emirates,ARE,2024,1.66336510224894
United Kingdom,GBR,1960,1.003575703901721
United Kingdom,GBR,1961,3.447496230466195
United Kingdom,GBR,1962,4.196498882385512
United Kingdom,GBR,1963,2.01854355976229
United Kingdom,GBR,1964,3.281586946972125
United Kingdom,GBR,1965,4.773774553869143
United Kingdom,GBR,1966,3.909617792118888
United Kingdom,GBR,1967,2.482115604748039
United Kingdom,GBR,1968,4.697427988272449
United Kingdom,GBR,1969,5.44666363048887
United Kingdom,GBR,1970,6.366568417274406
United Kingdom,GBR,1971,9.444837423371334
United Kingdom,GBR,1972,7.07109839479797
United Kingdom,GBR,1973,9.196033166578122
United Kingdom,GBR,1974,16.04401118898614
United Kingdom,GBR,1975,24.20728767432911
United Kingdom,GBR,1976,16.55952255880837
United Kingdom,GBR,1977,15.84026674587677
United Kingdom,GBR,1978,8.263141038607682
United Kingdom,GBR,1979,13.42127997740122
United Kingdom,GBR,1980,17.96592426568572
United Kingdom,GBR,1981,11.87662651422964
United Kingdom,GBR,1982,8.598863833321857
United Kingdom,GBR,1983,4.609303272697792
United Kingdom,GBR,1984,4.960710978219265
United Kingdom,GBR,1985,6.071394340151186
United Kingdom,GBR,1986,3.427609403693144
United Kingdom,GBR,1987,4.148922320529452
United Kingdom,GBR,1988,4.155351715831023
United Kingdom,GBR,1989,5.760249091852616
United Kingdom,GBR,1990,8.063460909388327
United Kingdom,GBR,1991,7.461782957469335
United Kingdom,GBR,1992,4.591549295774609
United Kingdom,GBR,1993,2.558577969297048
United Kingdom,GBR,1994,2.219012605042045
United Kingdom,GBR,1995,2.697495183044318
United Kingdom,GBR,1996,2.851782363977489
United Kingdom,GBR,1997,2.201143135108819
United Kingdom,GBR,1998,1.820561637315566
United Kingdom,GBR,1999,1.752950800514202
United Kingdom,GBR,2000,1.182956242104084
United Kingdom,GBR,2001,1.532349602724177
United Kingdom,GBR,2002,1.52040245947455
United Kingdom,GBR,2003,1.37650038542013
United Kingdom,GBR,2004,1.390397566804219
United Kingdom,GBR,2005,2.089136490250696
United Kingdom,GBR,2006,2.455661664392905
United Kingdom,GBR,2007,2.386561507733271
United Kingdom,GBR,2008,3.521408563425387
United Kingdom,GBR,2009,1.961731735601091
United Kingdom,GBR,2010,2.492654724670655
United Kingdom,GBR,2011,3.8561124468282
United Kingdom,GBR,2012,2.573234796545302
United Kingdom,GBR,2013,2.291666666666594
United Kingdom,GBR,2014,1.451120162932792
United Kingdom,GBR,2015,0.3680468423253604
United Kingdom,GBR,2016,1.008417368114095
United Kingdom,GBR,2017,2.557755775577473
United Kingdom,GBR,2018,2.292839903459376
United Kingdom,GBR,2019,1.738104600865128
United Kingdom,GBR,2020,0.9894867037724911
United Kingdom,GBR,2021,2.51837109614213
United Kingdom,GBR,2022,7.922048831479023
United Kingdom,GBR,2023,6.793967067939626
United Kingdom,GBR,2024,3.271572946359201
United States,USA,1960,1.457975986277906
United States,USA,1961,1.070724147647241
United States,USA,1962,1.198773348201856
United States,USA,1963,1.239669421487533
United States,USA,1964,1.27891156462591
United States,USA,1965,1.585169263836621
United States,USA,1966,3.0150753768844
United States,USA,1967,2.772785622593087
United States,USA,1968,4.27179615288537
United States,USA,1969,5.462386200287452
United States,USA,1970,5.838255338482507
United States,USA,1971,4.292766688130508
United States,USA,1972,3.272278246552827
United States,USA,1973,6.177760063770383
United States,USA,1974,11.05480480480481
United States,USA,1975,9.143146864965344
United States,USA,1976,5.744812635490851
United States,USA,1977,6.501683994728401
United States,USA,1978,7.630963838856056
United States,USA,1979,11.25447112927951
United States,USA,1980,13.54920197496842
United States,USA,1981,10.33471534027709
United States,USA,1982,6.131427000274928
United States,USA,1983,3.212435233160646
United States,USA,1984,4.30053547523429
United States,USA,1985,3.545644152093654
United States,USA,1986,1.898047722342757
United States,USA,1987,3.664563217516898
United States,USA,1988,4.077741107444131
United States,USA,1989,4.827003030089444
United States,USA,1990,5.397956439903248
United States,USA,1991,4.234963964538487
United States,USA,1992,3.028819678149688
United States,USA,1993,2.951656966385589
United States,USA,1994,2.607441592154526
United States,USA,1995,2.805419688536616
United States,USA,1996,2.931204199934415
United States,USA,1997,2.337689937307354
United States,USA,1998,1.552279098743638
United States,USA,1999,2.188027196973577
United States,USA,2000,3.376857271499291
United States,USA,2001,2.826171118854072
United States,USA,2002,1.586031626506012
United States,USA,2003,2.270094973361147
United States,USA,2004,2.677236693091719
United States,USA,2005,3.392746845495504
United States,USA,2006,3.22594410070404
United States,USA,2007,2.852672481501383
United States,USA,2008,3.839100296650996
United States,USA,2009,-0.3555462662997474
United States,USA,2010,1.640043442389904
United States,USA,2011,3.156841568622
United States,USA,2012,2.069337265260666
United States,USA,2013,1.464832655627167
United States,USA,2014,1.622222977408174
United States,USA,2015,0.1186271355524506
United States,USA,2016,1.261583205705358
United States,USA,2017,2.130110003659612
United States,USA,2018,2.442583296928166
United States,USA,2019,1.812210075260205
United States,USA,2020,1.233584396306293
United States,USA,2021,4.697858863637421
United States,USA,2022,8.00279982052121
United States,USA,2023,4.116338383744878
United States,USA,2024,2.949525204852073
Uruguay,URY,1960,38.5040374002647
Uruguay,URY,1961,22.74726398679595
Uruguay,URY,1962,10.90742438118985
Uruguay,URY,1963,21.2546957175585
Uruguay,URY,1964,42.36941570151865
Uruguay,URY,1965,56.55655655666067
Uruguay,URY,1966,73.4626932061085
Uruguay,URY,1967,89.27529728503794
Uruguay,URY,1968,125.336991126492
Uruguay,URY,1969,20.9666666659998
Uruguay,URY,1970,16.30614494359975
Uruguay,URY,1971,23.95308890617312
Uruguay,URY,1972,76.4849237828812
Uruguay,URY,1973,96.9972653187058
Uruguay,URY,1974,77.213413779201
Uruguay,URY,1975,81.40538400674187
Uruguay,URY,1976,50.62304956046195
Uruguay,URY,1977,58.19617502157366
Uruguay,URY,1978,44.54834366723916
Uruguay,URY,1979,66.84428618504371
Uruguay,URY,1980,63.47583043146732
Uruguay,URY,1981,34.04533586094739
Uruguay,URY,1982,18.99250129521822
Uruguay,URY,1983,49.19737965056375
Uruguay,URY,1984,55.30442354187633
Uruguay,URY,1985,72.22256442877561
Uruguay,URY,1986,76.38063641195443
Uruguay,URY,1987,63.5666624326724
Uruguay,URY,1988,62.19195645960039
Uruguay,URY,1989,80.44743672807348
Uruguay,URY,1990,112.5259055730227
Uruguay,URY,1991,101.9716832025074
Uruguay,URY,1992,68.45919383953743
Uruguay,URY,1993,54.10079244251945
Uruguay,URY,1994,44.73604215219331
Uruguay,URY,1995,42.24831979837551
Uruguay,URY,1996,28.34204860043087
Uruguay,URY,1997,19.81880931837786
Uruguay,URY,1998,10.81107030556161
Uruguay,URY,1999,5.658688039279083
Uruguay,URY,2000,4.763824727332512
Uruguay,URY,2001,4.359340652172701
Uruguay,URY,2002,13.97247259135153
Uruguay,URY,2003,19.37973017439948
Uruguay,URY,2004,9.157605075409974
Uruguay,URY,2005,4.699277390356404
Uruguay,URY,2006,6.397649743851309
Uruguay,URY,2007,8.11464561179313
Uruguay,URY,2008,7.877073747308876
Uruguay,URY,2009,7.062218743885737
Uruguay,URY,2010,6.698708869781321
Uruguay,URY,2011,8.0928320630299
Uruguay,URY,2012,8.097765805736024
Uruguay,URY,2013,8.57513504005397
Uruguay,URY,2014,8.877353332298277
Uruguay,URY,2015,8.666269870793283
Uruguay,URY,2016,9.639413476350796
Uruguay,URY,2017,6.218093825618601
Uruguay,URY,2018,7.60653360377047
Uruguay,URY,2019,7.881988708796191
Uruguay,URY,2020,9.75640636078194
Uruguay,URY,2021,7.74791402314762
Uruguay,URY,2022,9.104379830754368
Uruguay,URY,2023,5.869103598961191
Uruguay,URY,2024,4.849143666131558
Uzbekistan,UZB,2011,13.7797446476602
Uzbekistan,UZB,2012,13.2088026688373
Uzbekistan,UZB,2013,11.84143336220487
Uzbekistan,UZB,2014,9.283093561626954
Uzbekistan,UZB,2015,8.751881967375075
Uzbekistan,UZB,2016,8.130886695235997
Uzbekistan,UZB,2017,13.87574254416354
Uzbekistan,UZB,2018,17.52417965140548
Uzbekistan,UZB,2019,14.52573595606866
Uzbekistan,UZB,2020,12.86772973626065
Uzbekistan,UZB,2021,10.8492397508122
Uzbekistan,UZB,2022,11.44664369988359
Uzbekistan,UZB,2023,9.956590712580178
Uzbekistan,UZB,2024,9.628254659566815
Vanuatu,VUT,1977,5.736509479824586
Vanuatu,VUT,1978,6.413793103448501
Vanuatu,VUT,1979,4.16936703391667
Vanuatu,VUT,1980,11.2401493156364
Vanuatu,VUT,1981,26.84563758389279
Vanuatu,VUT,1982,6.672545561434478
Vanuatu,VUT,1983,1.653348029760316
Vanuatu,VUT,1984,5.516400108430397
Vanuatu,VUT,1985,1.066152858060426
Vanuatu,VUT,1986,4.76614133197763
Vanuatu,VUT,1987,16.03939500527619
Vanuatu,VUT,1988,8.760230372840088
Vanuatu,VUT,1989,7.74804905239702
Vanuatu,VUT,1990,4.759441282979698
Vanuatu,VUT,1991,6.46913580246914
Vanuatu,VUT,1992,4.058441558441603
Vanuatu,VUT,1993,3.565856919991156
Vanuatu,VUT,1994,2.302560791908685
Vanuatu,VUT,1995,2.229701304164866
Vanuatu,VUT,1996,0.9063444108762194
Vanuatu,VUT,1997,2.830702231899785
Vanuatu,VUT,1998,3.282159872948633
Vanuatu,VUT,1999,1.998974884674519
Vanuatu,VUT,2000,2.537688442211065
Vanuatu,VUT,2001,3.577554520950739
Vanuatu,VUT,2002,1.963567541991954
Vanuatu,VUT,2003,3.016241299303942
Vanuatu,VUT,2004,1.418918918918926
Vanuatu,VUT,2005,1.19920053297801
Vanuatu,VUT,2006,2.040816326530617
Vanuatu,VUT,2007,3.93548387096774
Vanuatu,VUT,2008,4.841713221601495
Vanuatu,VUT,2009,4.297065729553574
Vanuatu,VUT,2010,2.762694694773476
Vanuatu,VUT,2011,0.8737931047811
Vanuatu,VUT,2012,1.34740362877658
Vanuatu,VUT,2013,1.458933717579207
Vanuatu,VUT,2014,0.7988638380970228
Vanuatu,VUT,2015,2.48326875660439
Vanuatu,VUT,2016,0.8420690840350609
Vanuatu,VUT,2017,3.08452624403546
Vanuatu,VUT,2018,2.330963795668661
Vanuatu,VUT,2019,2.76252019386111
Vanuatu,VUT,2020,5.32935073101715
Vanuatu,VUT,2021,2.343283582089533
Vanuatu,VUT,2022,6.679305818871213
Vanuatu,VUT,2023,11.18250170881747
"Venezuela, RB",VEN,2009,27.08094144661304
"Venezuela, RB",VEN,2010,28.1874647092039
"Venezuela, RB",VEN,2011,26.0902123160959
"Venezuela, RB",VEN,2012,21.06899563318759
"Venezuela, RB",VEN,2013,40.63942751615894
"Venezuela, RB",VEN,2014,62.16864997948285
"Venezuela, RB",VEN,2015,121.7380852975033
"Venezuela, RB",VEN,2016,254.948534781816
Viet Nam,VNM,1996,5.674999999999939
Viet Nam,VNM,1997,3.209526062613743
Viet Nam,VNM,1998,7.266198044009601
Viet Nam,VNM,1999,4.117102357717356
Viet Nam,VNM,2000,-1.710337278511087
Viet Nam,VNM,2001,-0.4315445117281802
Viet Nam,VNM,2002,3.830828381684672
Viet Nam,VNM,2003,3.234648172939269
Viet Nam,VNM,2004,7.754947487096015
Viet Nam,VNM,2005,8.284572431286774
Viet Nam,VNM,2006,7.41801715108463
Viet Nam,VNM,2007,8.344448897738367
Viet Nam,VNM,2008,23.11544834744774
Viet Nam,VNM,2009,6.71698269988629
Viet Nam,VNM,2010,9.207466487784126
Viet Nam,VNM,2011,18.6777322770707
Viet Nam,VNM,2012,9.09470339557192
Viet Nam,VNM,2013,6.592674758991919
Viet Nam,VNM,2014,4.084554466376173
Viet Nam,VNM,2015,0.6312009051757544
Viet Nam,VNM,2016,2.668248169690822
Viet Nam,VNM,2017,3.520256888116174
Viet Nam,VNM,2018,3.539628059426409
Viet Nam,VNM,2019,2.795823674522497
Viet Nam,VNM,2020,3.220934366525141
Viet Nam,VNM,2021,1.834715548104437
Viet Nam,VNM,2022,3.156507499631293
Viet Nam,VNM,2023,3.252892826676616
Viet Nam,VNM,2024,3.621092738858435
West Bank and Gaza,PSE,1997,7.087005912057088
West Bank and Gaza,PSE,1998,5.579645058382677
West Bank and Gaza,PSE,1999,5.544391803687468
West Bank and Gaza,PSE,2000,2.798198924357577
West Bank and Gaza,PSE,2001,1.222784758788984
West Bank and Gaza,PSE,2002,5.709515859766259
West Bank and Gaza,PSE,2003,4.40303221730888
West Bank and Gaza,PSE,2004,3.004174986385933
West Bank and Gaza,PSE,2005,4.10725070715931
West Bank and Gaza,PSE,2006,3.842341256247821
West Bank and Gaza,PSE,2007,1.859743793511109
West Bank and Gaza,PSE,2008,9.889997886918492
West Bank and Gaza,PSE,2009,2.753934850831509
West Bank and Gaza,PSE,2010,3.74915727597096
West Bank and Gaza,PSE,2011,2.8772435849594
West Bank and Gaza,PSE,2012,2.779087682824923
West Bank and Gaza,PSE,2013,1.724399336269308
West Bank and Gaza,PSE,2014,1.732985100374472
West Bank and Gaza,PSE,2015,1.431611458104765
West Bank and Gaza,PSE,2016,-0.2191066049073156
West Bank and Gaza,PSE,2017,0.212570934228881
West Bank and Gaza,PSE,2018,-0.1951077737307347
West Bank and Gaza,PSE,2019,1.580183336394551
West Bank and Gaza,PSE,2020,-0.7353320010921907
West Bank and Gaza,PSE,2021,1.237481028313685
West Bank and Gaza,PSE,2022,3.741223918520772
West Bank and Gaza,PSE,2023,5.871101776789876
West Bank and Gaza,PSE,2024,53.66914583037823
"Yemen, Rep.",YEM,1991,35.99999999999995
"Yemen, Rep.",YEM,1992,29.41176470588236
"Yemen, Rep.",YEM,1993,35.75229801644908
"Yemen, Rep.",YEM,1994,49.39415538132538
"Yemen, Rep.",YEM,1995,55.08110687022924
"Yemen, Rep.",YEM,1996,30.7337332718043
"Yemen, Rep.",YEM,1997,2.176726673726458
"Yemen, Rep.",YEM,1998,5.976508521418603
"Yemen, Rep.",YEM,1999,8.660219493643458
"Yemen, Rep.",YEM,2000,4.589999999999812
"Yemen, Rep.",YEM,2001,11.9115912929855
"Yemen, Rep.",YEM,2002,12.2385339389711
"Yemen, Rep.",YEM,2003,10.83236070232415
"Yemen, Rep.",YEM,2004,12.51509514952074
"Yemen, Rep.",YEM,2005,11.81126393749489
"Yemen, Rep.",YEM,2006,10.84479869142567
"Yemen, Rep.",YEM,2007,7.905117789887304
"Yemen, Rep.",YEM,2008,18.97625743180765
"Yemen, Rep.",YEM,2009,5.407760980775217
"Yemen, Rep.",YEM,2010,11.17483386050437
"Yemen, Rep.",YEM,2011,19.5435617131144
"Yemen, Rep.",YEM,2012,9.885387144848714
"Yemen, Rep.",YEM,2013,10.9684421500198
"Yemen, Rep.",YEM,2014,8.10472583623915
Zambia,ZMB,1986,55.82822085889661
Zambia,ZMB,1987,47.04724409448764
Zambia,ZMB,1988,51.00401606425738
Zambia,ZMB,1989,123.4042553191498
Zambia,ZMB,1990,107.0238095238085
Zambia,ZMB,1991,97.64232317423834
Zambia,ZMB,1992,165.7065270099896
Zambia,ZMB,1993,183.3120414643934
Zambia,ZMB,1994,54.60132184130161
Zambia,ZMB,1995,34.9295874166667
Zambia,ZMB,1996,43.07309799828819
Zambia,ZMB,1997,24.41872156894123
Zambia,ZMB,1998,24.4584563516656
Zambia,ZMB,1999,26.78769667900287
Zambia,ZMB,2000,26.03041178881214
Zambia,ZMB,2001,21.39378217925458
Zambia,ZMB,2002,22.23334464309469
Zambia,ZMB,2003,21.40157839019952
Zambia,ZMB,2004,17.96778910872861
Zambia,ZMB,2005,18.32443970117399
Zambia,ZMB,2006,9.019572472264858
Zambia,ZMB,2007,10.65734960001529
Zambia,ZMB,2008,12.44557934631924
Zambia,ZMB,2009,13.39525463258952
Zambia,ZMB,2010,8.501761333652647
Zambia,ZMB,2011,6.4293968107234
Zambia,ZMB,2012,6.575899707576976
Zambia,ZMB,2013,6.977676054903073
Zambia,ZMB,2014,7.806875535663326
Zambia,ZMB,2015,10.11059289096177
Zambia,ZMB,2016,17.86973007952677
Zambia,ZMB,2017,6.577311542056444
Zambia,ZMB,2018,7.494571927285201
Zambia,ZMB,2019,9.150316443162955
Zambia,ZMB,2020,15.73306047213692
Zambia,ZMB,2021,22.02076762457765
Zambia,ZMB,2022,10.99320392091359
Zambia,ZMB,2023,10.88453169128201
Zambia,ZMB,2024,14.9856262747939
Zimbabwe,ZWE,2010,3.022670025188917
Zimbabwe,ZWE,2011,3.4661297281749
Zimbabwe,ZWE,2012,3.725326661106463
Zimbabwe,ZWE,2013,1.634950415438219
Zimbabwe,ZWE,2014,-0.1977848101266099
Zimbabwe,ZWE,2015,-2.430968423834039
Zimbabwe,ZWE,2016,-1.54366960054161
Zimbabwe,ZWE,2017,0.8939623160500274
Zimbabwe,ZWE,2018,10.61886586695751
Zimbabwe,ZWE,2019,255.3049907578557
Zimbabwe,ZWE,2020,557.2018173620507
Zimbabwe,ZWE,2021,98.54610509206238
Zimbabwe,ZWE,2022,104.7051706286672
