country,year,real_interest_rate
Afghanistan,2006,10.046897103003872
Afghanistan,2007,-3.5851111102593656
Afghanistan,2008,12.55796014380185
Afghanistan,2009,17.542928928609367
Afghanistan,2010,11.364093741818298
Afghanistan,2011,-1.2415060098200148
Afghanistan,2012,7.174387247537628
Afghanistan,2013,9.784495938599244
Afghanistan,2014,14.35168933800434
Afghanistan,2015,12.252548162951763
Afghanistan,2016,17.58393816245429
Afghanistan,2017,12.141178295651295
Albania,1986,3.501953157509333
Albania,1987,1.000309154796375
Albania,1988,1.0005843684458815
Albania,1989,0.996284184948046
Albania,1990,1.4375700414240626
Albania,1991,-25.469091058327496
Albania,1992,-63.78712047858235
Albania,1993,-42.57351396447637
Albania,1994,-8.963182188028387
Albania,1995,-10.385998133781335
Albania,1996,6.006720993522213
Albania,1997,17.695205844345608
Albania,1999,18.31970499820989
Albania,2000,15.27850425120774
Albania,2001,15.311595059466956
Albania,2002,10.971953213727518
Albania,2003,8.894190774034081
Albania,2004,8.405960013886139
Albania,2005,9.628600156523136
Albania,2006,9.98704550225854
Albania,2007,8.511737344278552
Albania,2008,9.19915823851388
Albania,2009,9.83773189748568
Albania,2010,8.35023474045181
Albania,2011,10.558364500796518
Albania,2012,10.62950543357387
Albania,2013,9.440755872773916
Albania,2014,6.436178341025252
Albania,2015,7.051515884693398
Albania,2016,7.6646750082830755
Albania,2017,3.40221801971973
Albania,2018,4.415049425625814
Albania,2019,5.222938043681424
Albania,2020,6.077272702804305
Albania,2021,2.491593054321904
Albania,2022,-3.053790360376361
Albania,2023,0.5842587664483896
Albania,2024,3.996116578401004
Algeria,1995,-7.902165937844185
Algeria,1996,-4.049207357922484
Algeria,1997,8.136645379957933
Algeria,1998,15.104008605972483
Algeria,1999,-0.0959226278499069
Algeria,2000,-10.334377997590178
Algeria,2001,1.375406935209587
Algeria,2002,7.112828502614035
Algeria,2003,-0.750361449727912
Algeria,2004,-3.0925185380266105
Algeria,2005,-3.881747500686181
Algeria,2006,-2.510519978233976
Algeria,2007,0.844558436606999
Algeria,2008,-6.183124664693424
Algeria,2009,16.597614469689248
Algeria,2010,-6.539563571494885
Algeria,2011,-7.620226489358766
Algeria,2012,-0.0022652614397832
Algeria,2013,7.04435828748252
Algeria,2014,6.455999798154527
Algeria,2015,13.668350556160156
Algeria,2016,7.082635670208951
Algeria,2017,2.91790627930198
Algeria,2018,1.72874977289301
Algeria,2019,7.054714547602017
Algeria,2020,13.339876723666617
Algeria,2021,-6.84242363086498
Algeria,2022,-12.138194357866158
Algeria,2023,6.929071770866728
Algeria,2024,4.474025213175973
Angola,1995,-84.0950001791546
Angola,1996,-93.5134588840176
Angola,1997,-29.52270654901102
Angola,1998,4.047558877474961
Angola,1999,-72.57850016116184
Angola,2000,-60.78132703879973
Angola,2001,-5.032933216888372
Angola,2002,-41.32946909237923
Angola,2003,0.7747598160313677
Angola,2004,36.700397456858944
Angola,2005,19.68201665505234
Angola,2006,2.308273896291157
Angola,2007,11.908133430494935
Angola,2008,-5.7723585659805074
Angola,2009,34.93969386787223
Angola,2010,-4.76194124374164
Angola,2011,-8.398047555106519
Angola,2012,8.910400009191628
Angola,2013,12.181248604992366
Angola,2014,11.81815371250472
Angola,2015,20.443802156107456
Angola,2016,-4.212861222286865
Angola,2017,-6.391178096670909
Angola,2018,-3.6081173945213223
Angola,2019,-0.4759655392538654
Angola,2020,3.095126182116433
Angola,2021,-11.979428927450533
Angola,2022,1.6893073369274618
Angola,2023,-0.8550652832526233
Angola,2024,-4.177558198784162
Antigua and Barbuda,1982,-0.5291019320031696
Antigua and Barbuda,1983,5.88738325715409
Antigua and Barbuda,1984,6.985376418173622
Antigua and Barbuda,1985,2.9755435110281256
Antigua and Barbuda,1986,3.297520860952426
Antigua and Barbuda,1987,1.2027101677102665
Antigua and Barbuda,1988,-2.969100231037457
Antigua and Barbuda,1989,5.251096605456829
Antigua and Barbuda,1990,8.366859963829977
Antigua and Barbuda,1991,9.25544256949174
Antigua and Barbuda,1992,9.490840941329992
Antigua and Barbuda,1993,10.12556054320114
Antigua and Barbuda,1994,9.227406085278226
Antigua and Barbuda,1995,9.362347138058864
Antigua and Barbuda,1996,8.556727231487987
Antigua and Barbuda,1997,9.219097747932128
Antigua and Barbuda,1998,9.266021954029137
Antigua and Barbuda,1999,9.862456849528767
Antigua and Barbuda,2000,10.475190367949438
Antigua and Barbuda,2001,9.367282514135148
Antigua and Barbuda,2002,9.986192987272252
Antigua and Barbuda,2003,13.365375754855044
Antigua and Barbuda,2004,9.395085356110036
Antigua and Barbuda,2005,6.415300042497704
Antigua and Barbuda,2006,9.664895796686643
Antigua and Barbuda,2007,5.815132718837675
Antigua and Barbuda,2008,5.43329381929374
Antigua and Barbuda,2009,8.857448583422848
Antigua and Barbuda,2010,9.243351408533742
Antigua and Barbuda,2011,9.670144106120295
Antigua and Barbuda,2012,7.417177191147984
Antigua and Barbuda,2013,12.52647733646246
Antigua and Barbuda,2014,8.149935341462541
Antigua and Barbuda,2015,6.841593913358693
Antigua and Barbuda,2016,10.098095338898922
Antigua and Barbuda,2017,8.965090844324603
Antigua and Barbuda,2018,7.425079217337935
Antigua and Barbuda,2019,7.843124716011524
Antigua and Barbuda,2020,6.848651451111708
Antigua and Barbuda,2021,2.3570480057708245
Antigua and Barbuda,2022,0.5006814635194732
Antigua and Barbuda,2023,1.718196203093835
Antigua and Barbuda,2024,0.3247769172606952
Argentina,2010,-8.566028720065953
Argentina,2011,-7.773405236078914
Argentina,2012,-6.748195554404878
Argentina,2013,-5.48583918237907
Argentina,2014,-11.60069877021617
Argentina,2015,-1.31470878459509
Argentina,2016,-7.006039843041157
Argentina,2017,0.4558928323304629
Argentina,2018,4.564409098735081
Argentina,2019,12.103969648982728
Argentina,2020,-7.635174216303722
Argentina,2021,-11.861837962117196
Argentina,2022,-9.819684197829028
Argentina,2023,-17.25428100003458
Argentina,2024,-47.4304580263773
Armenia,1995,-24.913057738704712
Armenia,1996,39.10516828103293
Armenia,1997,30.994349401868813
Armenia,1998,34.13461158875736
Armenia,1999,38.77366743699245
Armenia,2000,33.3984630599644
Armenia,2001,21.782152079966203
Armenia,2002,18.347069280193917
Armenia,2003,15.51698758947282
Armenia,2004,11.62481599989178
Armenia,2005,14.316145939490204
Armenia,2006,11.38149245743354
Armenia,2007,12.694744461131394
Armenia,2008,10.434914652518266
Armenia,2009,15.870881440268306
Armenia,2010,10.607635789892418
Armenia,2011,12.919757893299696
Armenia,2012,11.281193290683175
Armenia,2013,12.216843043634803
Armenia,2014,13.781248660117557
Armenia,2015,16.18000967303788
Armenia,2016,17.042359508045525
Armenia,2017,11.997339957516504
Armenia,2018,9.733977399465786
Armenia,2019,10.959578563595668
Armenia,2020,9.639110340335955
Armenia,2021,4.547588160995304
Armenia,2022,3.4574293224624157
Armenia,2023,9.005759345524387
Armenia,2024,11.585908048372463
Aruba,1987,6.47543427271753
Aruba,1988,6.918180058644267
Aruba,1989,6.264234018937972
Aruba,1990,4.566640855627596
Aruba,1991,4.791125207348368
Aruba,1992,6.528137587728988
Aruba,1993,5.03292510547116
Aruba,1994,4.056926123650992
Aruba,1995,6.988250527436051
Aruba,1996,6.890905449416477
Aruba,1997,6.3119525191328085
Aruba,1998,4.173555703148995
Aruba,1999,10.716899407741916
Aruba,2000,10.917450076099136
Aruba,2001,15.885948876167978
Aruba,2002,6.573785003129433
Aruba,2003,7.424575074628508
Aruba,2004,6.604509536379493
Aruba,2005,5.646372976168208
Aruba,2006,5.813105098236745
Aruba,2007,4.97600231726435
Aruba,2008,5.9825479431511015
Aruba,2009,8.846046570198206
Aruba,2010,11.666130758596305
Aruba,2011,4.80197433814387
Aruba,2012,8.200875006844758
Aruba,2013,10.709708765544136
Aruba,2014,6.3734740560115855
Aruba,2015,4.426357526035638
Aruba,2016,7.467580402902347
Aruba,2017,6.143279998660083
Aruba,2018,3.268733797305816
Aruba,2019,4.743049728084459
Aruba,2020,10.059563060430218
Aruba,2021,4.722200800258609
Aruba,2022,1.7364622447006035
Aruba,2023,-1.2221538919186343
Australia,1961,2.20804672572463
Australia,1962,5.5785977442289525
Australia,1963,3.275697729349542
Australia,1964,1.7354859309655215
Australia,1965,2.261682491730975
Australia,1966,2.6177154828846585
Australia,1967,0.4899982788286565
Australia,1968,3.2551267584712598
Australia,1969,1.074233138074602
Australia,1970,1.6866016330720088
Australia,1971,1.9627400880897865
Australia,1972,0.7805771329653519
Australia,1973,-1.5007022819804632
Australia,1974,-6.013190563934746
Australia,1975,-5.340136725447143
Australia,1976,-3.600439940895317
Australia,1977,-1.384800029535036
Australia,1978,1.0504231227937135
Australia,1979,0.4513373624722699
Australia,1980,-0.0338201703845267
Australia,1981,2.1069824580511844
Australia,1982,1.4198189420424332
Australia,1983,2.049612482248246
Australia,1984,3.3724667696475006
Australia,1985,7.388493412014133
Australia,1986,7.933163007731647
Australia,1987,7.521717100273265
Australia,1988,6.444773387400027
Australia,1989,6.61872264689812
Australia,1990,9.66177943370785
Australia,1991,10.086470778149716
Australia,1992,8.97107853965401
Australia,1993,8.476168022864888
Australia,1994,7.981373647778601
Australia,1995,8.022362634802928
Australia,1996,6.831338888765012
Australia,1997,5.82323813876082
Australia,1998,5.4822649289941765
Australia,1999,6.056040220236781
Australia,2000,5.034112526201806
Australia,2001,2.102994614371764
Australia,2002,3.424916290643516
Australia,2003,3.5196827810098443
Australia,2004,3.699491327053224
Australia,2005,3.3068062726057748
Australia,2006,2.37921843259392
Australia,2007,3.058760125088356
Australia,2008,4.151020380724074
Australia,2009,0.9803132253866498
Australia,2010,6.043560054830953
Australia,2011,1.448787572071914
Australia,2012,5.086298436096184
Australia,2013,6.318734079672454
Australia,2014,4.469633357059455
Australia,2015,6.241568027655394
Australia,2016,6.135568823193265
Australia,2017,1.5430048586413825
Australia,2018,3.352759945828459
Australia,2019,1.5698232072950662
Azerbaijan,1998,21.017984953083992
Azerbaijan,1999,16.954608991158644
Azerbaijan,2000,6.367573025095178
Azerbaijan,2001,16.769079054517142
Azerbaijan,2002,12.624405876403516
Azerbaijan,2003,7.942300436819656
Azerbaijan,2004,5.920291581287007
Azerbaijan,2005,2.009036409305934
Azerbaijan,2006,5.8692110338628405
Azerbaijan,2007,-1.203864455985469
Azerbaijan,2008,-6.414370285225556
Azerbaijan,2009,48.00003016656208
Azerbaijan,2010,6.037490194467643
Azerbaijan,2011,-4.509071419504707
Azerbaijan,2012,15.072053342282391
Azerbaijan,2013,17.723608521769133
Azerbaijan,2014,19.44638078880051
Azerbaijan,2015,28.888771986548065
Azerbaijan,2016,1.5239580080373816
Azerbaijan,2017,0.27213781268683
Azerbaijan,2018,4.692184280149469
Azerbaijan,2019,17.54174973631286
Azerbaijan,2020,26.670418051887747
Azerbaijan,2021,-4.24617334310806
Azerbaijan,2022,-16.522772260138662
Azerbaijan,2023,25.681708727292143
Azerbaijan,2024,16.30888833253381
"Bahamas, The",1976,6.944387125733684
"Bahamas, The",1977,7.639237236018072
"Bahamas, The",1978,7.092681003848558
"Bahamas, The",1979,0.5259160925695159
"Bahamas, The",1980,0.7512873932648619
"Bahamas, The",1981,-5.683085007064241
"Bahamas, The",1982,7.044690601430837
"Bahamas, The",1983,4.739740263285415
"Bahamas, The",1984,7.5879185996734435
"Bahamas, The",1985,1.7265292521465836
"Bahamas, The",1986,4.385243650329187
"Bahamas, The",1987,2.26450422140818
"Bahamas, The",1988,7.405764802458968
"Bahamas, The",1989,7.058839811384215
"Bahamas, The",1990,3.7366996116100513
"Bahamas, The",1991,6.282836881155387
"Bahamas, The",1992,4.020735442995687
"Bahamas, The",1993,8.381728041903163
"Bahamas, The",1994,4.591386621104088
"Bahamas, The",1995,5.9002192187213485
"Bahamas, The",1996,5.709560374326447
"Bahamas, The",1997,-38.3765361322397
"Bahamas, The",1998,3.5915743948075947
"Bahamas, The",1999,1.3568826445612514
"Bahamas, The",2000,5.030872342066149
"Bahamas, The",2001,5.626977584454092
"Bahamas, The",2002,1.9618279814707529
"Bahamas, The",2003,4.789804496847
"Bahamas, The",2004,4.748260806574444
"Bahamas, The",2005,0.4622850949485426
"Bahamas, The",2006,4.633431666010076
"Bahamas, The",2007,2.478955429688917
"Bahamas, The",2008,3.95255121214989
"Bahamas, The",2009,6.604831487285735
"Bahamas, The",2010,5.915788915843441
"Bahamas, The",2011,5.9723845342931
"Bahamas, The",2012,2.846965329576248
"Bahamas, The",2013,4.1315519098745135
"Bahamas, The",2014,0.3271584411173612
"Bahamas, The",2015,-0.4478330790743796
"Bahamas, The",2016,3.1612109557769847
"Bahamas, The",2017,2.8642815302158526
"Bahamas, The",2018,3.649598610112631
"Bahamas, The",2019,-0.1886928523009767
"Bahamas, The",2020,6.730049991454964
"Bahamas, The",2021,5.537745654383919
"Bahamas, The",2022,0.1208464255290613
"Bahamas, The",2023,-2.241293078589728
"Bahamas, The",2024,3.950185443851384
Bahrain,1986,31.899078893897627
Bahrain,1987,6.796161543393123
Bahrain,1988,5.676506981312616
Bahrain,1989,4.267214289218314
Bahrain,1990,3.419726630430743
Bahrain,1991,11.474869110709598
Bahrain,1992,15.818044692441434
Bahrain,1993,14.29430189699336
Bahrain,1994,3.150139716244756
Bahrain,1995,10.496702143800212
Bahrain,1996,12.099824572229894
Bahrain,1997,11.160943567670344
Bahrain,1998,20.28486471434563
Bahrain,1999,8.842679976345568
Bahrain,2000,-2.3789073277778967
Bahrain,2001,14.54559538603279
Bahrain,2002,4.827361497178161
Bahrain,2003,-0.283027999411548
Bahrain,2004,-2.7810921629047898
Bahrain,2005,-5.199029687030394
Bahrain,2006,-0.7967461244169989
Bahrain,2007,-0.1561195044550161
Bahrain,2008,-2.8210196537541914
Bahrain,2009,24.06196743817921
Bahrain,2010,-4.249246025650503
Bahrain,2011,-2.461621414596358
Bahrain,2012,3.0126628067513805
Bahrain,2013,5.4081395959141085
Bahrain,2014,7.415587014926718
Bahrain,2015,15.253177689577392
Bangladesh,1976,33.79505835157404
Bangladesh,1977,13.861562262756946
Bangladesh,1978,-12.26921966690506
Bangladesh,1979,-2.0948676474853176
Bangladesh,1980,-5.9881321823093225
Bangladesh,1981,1.1279847996824917
Bangladesh,1982,1.1637738798442872
Bangladesh,1983,2.439473297680852
Bangladesh,1984,3.020813216082218
Bangladesh,1985,-6.211926915205804
Bangladesh,1986,4.374505693649771
Bangladesh,1987,3.353217678918136
Bangladesh,1988,6.837361622707161
Bangladesh,1989,6.006888296553446
Bangladesh,1990,7.80321557561621
Bangladesh,1991,11.718987352435624
Bangladesh,1992,11.050357131298156
Bangladesh,1993,13.740969265816371
Bangladesh,1994,9.12576468789752
Bangladesh,1995,5.455284558775287
Bangladesh,1996,-5.1645519304581855
Bangladesh,1997,8.853321041998605
Bangladesh,1998,7.825648109358402
Bangladesh,1999,8.978643048127768
Bangladesh,2000,8.998203237704343
Bangladesh,2001,9.256955718428548
Bangladesh,2002,8.389699357445348
Bangladesh,2003,5.884454280424992
Bangladesh,2004,5.582355610808437
Bangladesh,2005,5.764269119665024
Bangladesh,2006,5.466993808578383
Bangladesh,2007,5.789111436170504
Bangladesh,2008,4.661742569915992
Bangladesh,2009,6.146538332349139
Bangladesh,2010,4.736123568961097
Bangladesh,2011,5.064197685745661
Bangladesh,2012,5.343332658731213
Bangladesh,2013,5.988693902313706
Bangladesh,2014,6.885866277467471
Bangladesh,2015,5.5126443159056
Bangladesh,2016,-13.642135640785929
Bangladesh,2017,4.276539893693907
Bangladesh,2018,3.634303658482233
Bangladesh,2019,5.689563714932231
Bangladesh,2020,4.289186251462599
Bangladesh,2021,3.07621573507076
Bangladesh,2022,1.9724805729143984
Bangladesh,2023,0.6294612376228008
Bangladesh,2024,2.778411378407985
Barbados,1981,-0.661277885776031
Barbados,1982,3.2128984209035294
Barbados,1983,5.79891095229392
Barbados,1984,6.005478356066038
Barbados,1985,6.808886214332509
Barbados,1986,4.39250628664057
Barbados,1987,1.3156876699472495
Barbados,1988,6.50089220163353
Barbados,1989,2.8955114415527654
Barbados,1990,7.412015518112636
Barbados,1991,7.580613619894138
Barbados,1992,11.181947899912617
Barbados,1993,3.5375137279156146
Barbados,1994,6.7248814783291415
Barbados,1995,8.89347994923878
Barbados,1996,7.276865584931641
Barbados,1997,8.835423997938031
Barbados,1998,0.9629363958378512
Barbados,1999,4.751745500344176
Barbados,2000,11.664643628859402
Barbados,2001,7.166315277374889
Barbados,2002,7.523838617844614
Barbados,2003,7.302639734991571
Barbados,2004,2.3672236402714755
Barbados,2005,2.342734603232654
Barbados,2006,5.95150098880004
Barbados,2007,1.975902352146313
Barbados,2008,8.080390552286522
Barbados,2009,11.239521771676111
Barbados,2010,-16.308364088789894
Barbados,2011,8.550203681243431
Barbados,2012,3.1968808190071085
Barbados,2013,8.550480752105756
Barbados,2014,10.104404640971328
Barbados,2015,5.340106116725778
Barbados,2016,10.12210084612171
Barbados,2017,8.65170480219416
Barbados,2018,1.0052979171964065
Barbados,2019,5.485760781438415
Barbados,2020,5.445553425598852
Barbados,2021,-1.8644072062389252
Barbados,2022,9.418535212019082
Belarus,1992,-89.29939143304918
Belarus,1993,-85.18832722728986
Belarus,1994,-87.85285741309465
Belarus,1995,-63.887258292669
Belarus,1996,5.607158446340812
Belarus,1997,-23.215656003196287
Belarus,1998,-28.0828261296058
Belarus,1999,-63.761025488483
Belarus,2000,-41.22954911125229
Belarus,2001,-18.140186224153744
Belarus,2002,-5.528468977330108
Belarus,2003,-5.13471714620616
Belarus,2004,-4.700862647660369
Belarus,2005,-6.3996713487455335
Belarus,2006,-1.7218716883749234
Belarus,2007,-3.807565643176501
Belarus,2008,-10.447295348154126
Belarus,2009,2.211575754807204
Belarus,2010,-1.9073444370947696
Belarus,2011,-33.48902473768927
Belarus,2012,-31.81321034609102
Belarus,2013,-1.756238004160657
Belarus,2014,0.4645538016500141
Belarus,2015,1.7762413789645666
Belarus,2016,5.59163350840924
Belarus,2017,0.9533557357853734
Belarus,2018,-3.07064410474194
Belarus,2019,0.4110854850731761
Belarus,2020,-2.5429294854757774
Belarus,2021,-4.5168026339405305
Belarus,2022,-1.8880024622737452
Belarus,2023,1.7728853070888355
Belarus,2024,1.1251441554104809
Belize,1982,20.088064026422558
Belize,1983,6.313680100634744
Belize,1984,5.506662434625416
Belize,1985,16.973702361733498
Belize,1986,10.591716810024078
Belize,1987,6.087613626315791
Belize,1988,9.779356833021218
Belize,1989,10.334484360963415
Belize,1990,14.052988175278308
Belize,1991,17.011919663380617
Belize,1992,10.526992619842153
Belize,1993,12.267076983442957
Belize,1994,11.840604659397432
Belize,1995,9.882167527121544
Belize,1996,13.195218000987548
Belize,1997,18.08105790343829
Belize,1998,13.72268098608445
Belize,1999,18.23572661412344
Belize,2000,14.368686702050583
Belize,2001,17.712586030336897
Belize,2002,14.04141107426325
Belize,2003,19.22710796367944
Belize,2004,11.551087876831437
Belize,2005,10.92078937011678
Belize,2006,10.643690119059206
Belize,2007,10.137415437003524
Belize,2008,10.199404772485028
Belize,2009,16.96578960522586
Belize,2010,11.47089381851047
Belize,2011,8.110821385444334
Belize,2012,11.662440537276314
Belize,2013,9.368121829641966
Belize,2014,9.586410900697462
Belize,2015,10.529949789400114
Belize,2016,7.539689332300195
Belize,2017,6.202791197380699
Belize,2018,9.054927551633916
Belize,2019,9.159609471732864
Belize,2020,9.366065227085434
Belize,2021,7.857132067296145
Belize,2022,1.1526450334304217
Belize,2023,1.633548499774589
Belize,2024,6.918433055206341
Benin,2005,3.5960981546693653
Benin,2006,2.5881456183227
Benin,2007,4.344562975337205
Benin,2008,-1.3623310836452565
Benin,2009,2.377428574289052
Benin,2010,4.19549019095698
Benin,2011,1.4680308167903149
Benin,2012,-2.4696085204021707
Benin,2013,3.8365929537006256
Benin,2014,5.599991795503697
Benin,2015,4.266334386390148
Benin,2016,4.58009973405583
Benin,2017,7.329027718033828
Benin,2018,6.052308163428882
Benin,2019,7.114169778220666
Benin,2020,3.5570934144000668
Benin,2021,4.557501513923282
Bhutan,1982,7.188979170702025
Bhutan,1983,7.317805735733195
Bhutan,1984,4.390113521956643
Bhutan,1985,7.972486802921291
Bhutan,1986,7.29069384793529
Bhutan,1987,13.747444217407844
Bhutan,1988,0.0305555657188213
Bhutan,1989,8.89335291823628
Bhutan,1990,8.280794397883854
Bhutan,1991,5.56145046368359
Bhutan,1992,7.415044605552366
Bhutan,1993,7.820734795745159
Bhutan,1994,3.776064550742412
Bhutan,1995,7.125327988155807
Bhutan,1996,7.295509324229069
Bhutan,1997,2.739536608131914
Bhutan,1998,4.791248196466957
Bhutan,1999,9.258469368691438
Bhutan,2000,-0.4523809233808083
Bhutan,2001,9.983959124291854
Bhutan,2002,9.787592458090762
Bhutan,2003,11.158765783945976
Bhutan,2004,10.210387147936686
Bhutan,2005,7.532736363268336
Bhutan,2006,6.966800392079064
Bhutan,2007,8.894817228724285
Bhutan,2008,7.81013552158548
Bhutan,2009,8.930793385861607
Bhutan,2010,5.160030455024821
Bhutan,2011,4.702226667753401
Bhutan,2012,4.936823310919092
Bhutan,2013,7.416222676503408
Bhutan,2014,7.85338265465553
Bhutan,2015,11.322625014299588
Bhutan,2016,9.708017811924371
Bhutan,2017,9.487686411297942
Bhutan,2018,12.702943786362727
Bhutan,2019,10.563671821035458
Bhutan,2020,8.275090668101733
Bhutan,2021,5.920379245427681
Bhutan,2022,7.75571252215728
Bhutan,2023,7.534612702417398
Bhutan,2024,5.611755294576689
Bolivia,1987,30.39683893977316
Bolivia,1988,18.95013375061362
Bolivia,1989,21.28074356465443
Bolivia,1990,21.97113917613049
Bolivia,1991,19.93217041033536
Bolivia,1992,28.54477858365161
Bolivia,1993,44.4076299315178
Bolivia,1994,44.11315582308823
Bolivia,1995,35.530094319657074
Bolivia,1996,39.77986870845994
Bolivia,1997,41.95159968999419
Bolivia,1998,30.22905118249391
Bolivia,1999,32.18152216645313
Bolivia,2000,27.948395718594828
Bolivia,2001,17.85309791266918
Bolivia,2002,17.323057908015226
Bolivia,2003,10.658607712596387
Bolivia,2004,6.022331911684581
Bolivia,2005,10.07566893512107
Bolivia,2006,-1.5593338295826666
Bolivia,2007,5.110629662656151
Bolivia,2008,3.163720042576592
Bolivia,2009,15.146037428977143
Bolivia,2010,1.0410415284890615
Bolivia,2011,-3.217178148929075
Bolivia,2012,3.7671913920336944
Bolivia,2013,4.770029141257122
Bolivia,2014,7.491198546846313
Bolivia,2015,13.308802902657858
Bolivia,2016,9.434724954538664
Bolivia,2017,-16.75326935062032
Bolivia,2018,5.427780182524713
Bolivia,2019,8.591464060072088
Bolivia,2020,8.871505526726986
Bolivia,2021,5.038082850383519
Bolivia,2022,5.043313577232869
Bolivia,2023,8.480836675580914
Bolivia,2024,2.600776110547946
Bosnia and Herzegovina,2002,7.321322019593014
Bosnia and Herzegovina,2003,9.327537970129338
Bosnia and Herzegovina,2004,7.947869697906345
Bosnia and Herzegovina,2005,3.2239552122241397
Bosnia and Herzegovina,2006,0.1985514519093914
Bosnia and Herzegovina,2007,0.9199324437910678
Bosnia and Herzegovina,2008,-0.3344942277074765
Bosnia and Herzegovina,2009,7.73269234983553
Bosnia and Herzegovina,2010,6.392144854850041
Bosnia and Herzegovina,2011,4.88042163230984
Bosnia and Herzegovina,2012,6.481563918467976
Bosnia and Herzegovina,2013,7.276476465459202
Bosnia and Herzegovina,2014,5.585297148333561
Bosnia and Herzegovina,2015,4.332934283223253
Bosnia and Herzegovina,2016,3.853480587572616
Bosnia and Herzegovina,2017,2.5554216066858992
Bosnia and Herzegovina,2018,0.9729764555399626
Bosnia and Herzegovina,2019,0.79460685233901
Bosnia and Herzegovina,2020,3.007856280698585
Bosnia and Herzegovina,2021,-1.6783631034364703
Bosnia and Herzegovina,2022,-7.555772659510008
Bosnia and Herzegovina,2023,-2.9636129689941884
Bosnia and Herzegovina,2024,0.3039302518346859
Botswana,1980,-1.5566549882081109
Botswana,1981,9.72190950408836
Botswana,1982,19.781891313643
Botswana,1983,4.2572016542727855
Botswana,1984,-2.9689635085533155
Botswana,1985,-9.271153195779544
Botswana,1986,-2.683864922350181
Botswana,1987,-2.390604783713948
Botswana,1988,-12.11416662010783
Botswana,1989,-5.263682318238195
Botswana,1990,1.4816382367796306
Botswana,1991,6.327978998940673
Botswana,1992,6.902446347659562
Botswana,1993,1.6379702681184514
Botswana,1994,4.067885249572836
Botswana,1995,6.776493708617076
Botswana,1996,-1.3884807212347323
Botswana,1997,8.530342197139188
Botswana,1998,3.349689855071348
Botswana,1999,0.4732558778866619
Botswana,2000,1.14582523705701
Botswana,2001,6.86638447526455
Botswana,2002,14.844701007510606
Botswana,2003,12.72615935722537
Botswana,2004,5.15195653567252
Botswana,2005,0.2301805685446808
Botswana,2006,10.749845131893611
Botswana,2007,9.606601365519346
Botswana,2008,6.554592167788182
Botswana,2009,-1.175676556126915
Botswana,2010,3.5035741679317653
Botswana,2011,-1.467728982220521
Botswana,2012,7.754649188648525
Botswana,2013,8.526557568915901
Botswana,2014,-0.5488498022769507
Botswana,2015,4.067947268516077
Botswana,2016,-4.115021481403405
Botswana,2017,9.784208191484854
Botswana,2018,6.439731816188418
Botswana,2019,5.858069996477711
Botswana,2020,1.3136118688011762
Botswana,2021,-2.8893700522839016
Botswana,2022,-7.403200768592208
Botswana,2023,4.914138617548852
Botswana,2024,3.3846908835608995
Brazil,1997,65.40884498235721
Brazil,1998,77.61683799166653
Brazil,1999,67.06091710382702
Brazil,2000,48.504728183184255
Brazil,2001,45.63781871681246
Brazil,2002,48.34043744979778
Brazil,2003,46.44739883707804
Brazil,2004,43.77915272158229
Brazil,2005,44.63516885724861
Brazil,2006,41.24032648724501
Brazil,2007,35.02251545083092
Brazil,2008,35.36675778880941
Brazil,2009,34.79200963816295
Brazil,2010,29.11580551836372
Brazil,2011,32.833459505671215
Brazil,2012,26.582090535333887
Brazil,2013,18.498844416907005
Brazil,2014,22.403672432729337
Brazil,2015,33.832343971329244
Brazil,2016,40.69836142996317
Brazil,2017,41.71380788372666
Brazil,2018,33.102334252548914
Brazil,2019,31.903072757442427
Brazil,2020,21.197179669344976
Brazil,2021,15.010884984656068
Brazil,2022,28.39609281804036
Brazil,2023,36.55447062035496
Brazil,2024,34.72851514444614
Brunei Darussalam,1998,23.82135743196725
Brunei Darussalam,1999,-4.443441996166758
Brunei Darussalam,2000,3.0507709785604957
Brunei Darussalam,2001,11.02114021052113
Brunei Darussalam,2002,5.64302408906322
Brunei Darussalam,2003,-0.76189501480855
Brunei Darussalam,2004,-9.47465919647903
Brunei Darussalam,2005,-12.450760317229014
Brunei Darussalam,2006,-4.042364946656927
Brunei Darussalam,2007,0.7670825353540269
Brunei Darussalam,2008,-9.068003682876729
Brunei Darussalam,2009,34.805790292472
Brunei Darussalam,2010,0.4952465487708429
Brunei Darussalam,2011,-12.215572323754516
Brunei Darussalam,2012,4.228153700598188
Brunei Darussalam,2013,8.565331041311381
Brunei Darussalam,2014,7.484174278915789
Brunei Darussalam,2015,28.053783820929496
Brunei Darussalam,2016,16.150406134744415
Brunei Darussalam,2017,0.519012853488807
Brunei Darussalam,2018,-3.402099993330661
Brunei Darussalam,2019,9.138376215740813
Brunei Darussalam,2020,18.35814430585356
Brunei Darussalam,2021,-8.631055770466718
Brunei Darussalam,2022,-15.081471731858622
Brunei Darussalam,2023,21.05183381151709
Brunei Darussalam,2024,8.586803414604592
Bulgaria,1992,9.068475403289977
Bulgaria,1993,17.05248507087288
Bulgaria,1994,17.26117495878349
Bulgaria,1995,-23.959115720693337
Bulgaria,1996,139.9637132012835
Bulgaria,1997,-69.1063591045788
Bulgaria,1998,-14.832046622874891
Bulgaria,1999,9.852276592045962
Bulgaria,2000,3.690178268869152
Bulgaria,2001,4.705183009599196
Bulgaria,2002,5.160853670377144
Bulgaria,2003,6.217822183192297
Bulgaria,2004,3.1158544811675166
Bulgaria,2005,1.9388697801572423
Bulgaria,2006,2.0008627659767986
Bulgaria,2007,-0.948807878192513
Bulgaria,2008,2.551230554621236
Bulgaria,2009,7.116723605448143
Bulgaria,2010,10.30151997565468
Bulgaria,2011,4.25643887692505
Bulgaria,2012,8.507412400123606
Bulgaria,2013,8.965006274365845
Bulgaria,2014,6.83027968605849
Bulgaria,2015,4.372237806461945
Bulgaria,2016,2.9707231827314944
Bulgaria,2017,0.5976707257027705
Bulgaria,2018,0.6983706489778015
Bulgaria,2019,-0.6966357478837195
Bulgaria,2020,-0.0127254303935294
Bulgaria,2021,-2.664314632758744
Bulgaria,2022,-10.50091287498012
Bulgaria,2023,-3.303109913489236
Bulgaria,2024,-2.4891308181761604
Burkina Faso,2005,4.9440701006767735
Burkina Faso,2006,5.4355215841338245
Burkina Faso,2007,2.204376718116256
Burkina Faso,2008,-3.825248630071657
Burkina Faso,2009,2.5115789750039204
Burkina Faso,2010,1.2851411688742604
Burkina Faso,2011,-1.3885289905264986
Burkina Faso,2012,-0.7416397273680649
Burkina Faso,2013,7.578020199617028
Burkina Faso,2014,5.9959181514696205
Burkina Faso,2015,7.545939073238469
Burkina Faso,2016,2.622405521909372
Burkina Faso,2017,5.024211614252448
Burkina Faso,2018,5.628913773473947
Burkina Faso,2019,6.1439206172505
Burkina Faso,2020,0.0675375097350462
Burkina Faso,2021,6.130218132041961
Burundi,1978,-0.4512626237055077
Burundi,1979,-11.203225510427105
Burundi,1980,-3.766860946866174
Burundi,1981,19.229244786687197
Burundi,1982,5.988319670001736
Burundi,1983,5.234921700673078
Burundi,1984,-4.450063397403898
Burundi,1985,6.59678082210115
Burundi,1986,16.980337546551844
Burundi,1987,15.963391073059055
Burundi,1988,8.22173811135184
Burundi,1989,-2.402625004585073
Burundi,1990,5.997142468084525
Burundi,1991,8.348477598423479
Burundi,1992,7.833429516725322
Burundi,1993,5.591120352654149
Burundi,1994,7.090833433619798
Burundi,1995,-0.7272684646984516
Burundi,1998,3.5436736583210364
Burundi,1999,0.2450482181927009
Burundi,2000,-16.679197535685603
Burundi,2001,2.732903687624831
Burundi,2002,18.25203630620585
Burundi,2003,5.614402301612368
Burundi,2004,4.514521186944193
Burundi,2005,-0.3337126999637456
Burundi,2006,13.833187312008556
Burundi,2007,7.907334312242415
Burundi,2008,-6.152765340006199
Burundi,2009,3.5956146665146727
Burundi,2010,3.1778306745492992
Burundi,2011,4.4846493518269845
Burundi,2012,0.2548337084362956
Burundi,2013,6.391832389941639
Burundi,2014,9.844105216936732
Burundi,2015,8.809782239594709
Burundi,2016,7.42932133642191
Burundi,2017,1.3459244442155385
Burundi,2018,16.58250548535467
Burundi,2019,14.198167547899024
Burundi,2020,-3.154469537169001
Burundi,2021,2.4988813829152363
Burundi,2022,-2.8482430355889226
Burundi,2023,-6.522632116672066
Cabo Verde,2006,5.8910574338906985
Cabo Verde,2007,-6.761807956968611
Cabo Verde,2008,6.051589799898566
Cabo Verde,2009,8.849125474101871
Cabo Verde,2010,10.31796102823803
Cabo Verde,2011,6.874906425794471
Cabo Verde,2012,9.16067795394889
Cabo Verde,2013,8.967572419229098
Cabo Verde,2014,11.005116839136354
Cabo Verde,2015,8.645325497831145
Cabo Verde,2016,7.795759332908964
Cabo Verde,2017,8.086336119875915
Cabo Verde,2018,7.146958078330305
Cabo Verde,2019,8.38767999616974
Cabo Verde,2020,7.79979465489292
Cabo Verde,2021,6.185881261405264
Cabo Verde,2022,1.3997416222495789
Cabo Verde,2023,4.134759163848702
Cabo Verde,2024,6.107580500341728
Canada,1961,3.0843450219122097
Canada,1962,4.341589758534344
Canada,1963,3.491579059765067
Canada,1964,2.837818925050619
Canada,1965,1.9231996562910068
Canada,1966,1.028484891819572
Canada,1967,1.4001626414408013
Canada,1968,2.7401422469643726
Canada,1969,2.98735730831697
Canada,1970,3.2893300392999185
Canada,1971,1.4749886663152223
Canada,1972,0.1643790858818574
Canada,1973,-2.076774402989557
Canada,1974,-4.170201351807849
Canada,1975,-1.4244145559946706
Canada,1976,1.1566470423422162
Canada,1977,1.670264231829201
Canada,1978,2.678083497916154
Canada,1979,2.5672585774887704
Canada,1980,3.81089129152246
Canada,1981,7.595054141193049
Canada,1982,6.41882678150679
Canada,1983,5.048162632820803
Canada,1984,8.225484195838773
Canada,1985,7.010893263744459
Canada,1986,7.164049111531719
Canada,1987,4.512987527001568
Canada,1988,6.020026016789058
Canada,1989,8.265166720592738
Canada,1990,10.362805771414145
Canada,1991,6.676640653724746
Canada,1992,5.921223390321615
Canada,1993,4.589299117621059
Canada,1994,5.341614892062464
Canada,1995,6.241247755197785
Canada,1996,4.314937921195521
Canada,1997,3.771059243848146
Canada,1998,6.792361793809844
Canada,1999,4.428447479362034
Canada,2000,2.7752397850755703
Canada,2001,4.17315129465872
Canada,2002,2.914163588061748
Canada,2003,1.392510065931148
Canada,2004,0.7157852555738536
Canada,2005,1.260735624397641
Canada,2006,3.1610820074654806
Canada,2007,2.7140428273328348
Canada,2008,0.7046886149807722
Canada,2009,4.833121745153172
Canada,2010,-0.2376999192125132
Canada,2011,-0.2367731450198188
Canada,2012,1.7601103049922115
Canada,2013,1.2377166650703877
Canada,2014,1.038638979283259
Canada,2015,3.6745334582912
Canada,2016,1.968905229062622
Canada,2017,0.1257522464273786
Chile,1985,-1.3341954822728928
Chile,1986,3.683594076749391
Chile,1987,5.689364295193636
Chile,1988,0.6673343662606085
Chile,1989,19.98354628533448
Chile,1990,21.472611103023954
Chile,1991,5.721336519694667
Chile,1992,9.30522724057307
Chile,1993,10.926613576129949
Chile,1994,5.74606631591614
Chile,1995,6.388553520003364
Chile,1996,13.674944877955468
Chile,1997,11.941948682900644
Chile,1998,19.24062832649102
Chile,1999,10.211969772466851
Chile,2000,9.834873251077369
Chile,2001,7.301564239723367
Chile,2002,4.2746122466990215
Chile,2003,1.801028214739959
Chile,2004,-1.7731953320846203
Chile,2005,-0.4130274832216928
Chile,2006,-3.872201043583389
Chile,2007,3.409024447093407
Chile,2008,12.910470199150891
Chile,2009,3.545972112672641
Chile,2010,-3.768795801282023
Chile,2011,5.58745776542778
Chile,2012,9.22337834222408
Chile,2013,6.846326436802723
Chile,2014,2.121025310016401
Chile,2015,0.5341005017346343
Chile,2016,0.9829132480216216
Chile,2017,-0.2626553051844025
Chile,2018,2.547312161791783
China,1980,1.2290573766060542
China,1981,2.617606453950723
China,1982,7.380294652034812
China,1983,5.931525512187629
China,1984,2.1872819293024404
China,1985,-2.0686462070420824
China,1986,3.0946993025753216
China,1987,2.680463180142016
China,1988,-2.7669099309308915
China,1989,2.515816730634369
China,1990,3.4538256704057453
China,1991,1.79286012956736
China,1992,0.4065180641251534
China,1993,-3.650380406758632
China,1994,-8.007706743600624
China,1995,-1.3842866998885937
China,1996,3.355842310001607
China,1997,6.869076976418387
China,1998,7.276611764226588
China,1999,7.156973145995545
China,2000,3.673088685782728
China,2001,3.559219167968607
China,2002,4.6374989735252985
China,2003,2.598646300923189
China,2004,-1.3180574614401726
China,2005,1.7651131895353154
China,2006,2.0193745012330804
China,2007,-0.4111244561334644
China,2008,-2.3610857232785887
China,2009,5.396390198005919
China,2010,-1.0459865793129786
China,2011,-1.348005925491086
China,2012,3.510384658140556
China,2013,3.618845181774293
China,2014,4.460243408120954
China,2015,4.20696426973205
China,2016,2.830736321602976
China,2017,0.1958573363083696
China,2018,0.8525371115727466
China,2019,2.99509285161556
China,2020,3.799859894922511
China,2021,-0.1185572345302405
China,2022,2.369885834213329
China,2023,4.8803848669644445
China,2024,5.093219256879142
Colombia,1986,8.555625925045138
Colombia,1987,13.866046798837894
Colombia,1988,11.190274509790983
Colombia,1989,14.200659143947622
Colombia,1990,-5.098230826504265
Colombia,1991,15.286572756967074
Colombia,1992,11.458059367642765
Colombia,1993,8.358405003618941
Colombia,1994,14.546669168247472
Colombia,1995,19.541324538525497
Colombia,1996,20.95820731772712
Colombia,1997,14.438880894453298
Colombia,1998,23.378148462896476
Colombia,1999,14.919570901239045
Colombia,2000,-11.13795591972992
Colombia,2001,13.332480838669126
Colombia,2002,9.775204901670625
Colombia,2003,7.823797977733
Colombia,2004,7.270509662507413
Colombia,2005,9.362613829669028
Colombia,2006,6.697295973693604
Colombia,2007,9.676444380406837
Colombia,2008,8.82101697806746
Colombia,2009,8.594547353572908
Colombia,2010,5.372224026613099
Colombia,2011,4.542964842422381
Colombia,2012,8.655350953777312
Colombia,2013,8.90797441037777
Colombia,2014,8.442949351943444
Colombia,2015,8.785473732014022
Colombia,2016,9.032095057226428
Colombia,2017,8.134491127579206
Colombia,2018,7.153069489828465
Colombia,2019,7.467547258619237
Colombia,2020,8.246607615529552
Colombia,2021,1.4245873940164375
Colombia,2022,0.7678676600159282
Colombia,2023,13.163126277823336
Colombia,2024,9.789434422723026
Comoros,1999,9.447417519525684
Comoros,2000,5.296007040089156
Comoros,2001,4.282081927772616
Comoros,2002,7.876461922071694
Comoros,2003,6.576764429638335
Comoros,2004,10.518034451388743
Comoros,2005,11.453915689604312
Comoros,2006,4.294410208816136
Comoros,2007,5.202941591671068
Comoros,2008,7.131475931149774
Comoros,2009,9.420916282456352
Comoros,2010,8.679572791217229
Comoros,2011,7.234046303718872
Comoros,2012,5.97432741756207
Comoros,2013,8.597119484157174
Comoros,2014,9.584929249884896
Comoros,2015,11.080932304766074
Comoros,2016,8.636842554631167
Comoros,2017,10.056962504291462
Comoros,2018,9.45357655566528
Comoros,2019,5.7496092629647775
Comoros,2020,7.285950291474754
Comoros,2021,9.149443157134456
Comoros,2022,2.707783023534025
"Congo, Dem. Rep.",2006,26.852167211592675
"Congo, Dem. Rep.",2007,21.83040143425156
"Congo, Dem. Rep.",2008,14.869400380812454
"Congo, Dem. Rep.",2009,40.31103002619982
"Congo, Dem. Rep.",2010,16.197461424056236
"Congo, Dem. Rep.",2011,39.50520521395383
"Congo, Dem. Rep.",2012,22.64071488681288
"Congo, Dem. Rep.",2013,12.643988082960853
"Congo, Dem. Rep.",2014,15.155256912383615
"Congo, Dem. Rep.",2015,21.091399302950062
"Congo, Dem. Rep.",2016,14.022126262784887
"Congo, Dem. Rep.",2017,-10.798429044567154
"Congo, Dem. Rep.",2018,-3.9207587573865577
"Congo, Dem. Rep.",2019,24.98977278909456
"Congo, Dem. Rep.",2020,13.362712140041353
"Congo, Dem. Rep.",2021,-3.526294763149239
Costa Rica,1982,-32.12862157742373
Costa Rica,1983,-4.406609210006524
Costa Rica,1984,1.1187276317811523
Costa Rica,1985,0.3081433008690396
Costa Rica,1986,3.175981005484706
Costa Rica,1987,12.419108136438002
Costa Rica,1988,8.287714676315883
Costa Rica,1989,12.079002348749633
Costa Rica,1990,11.816967092740422
Costa Rica,1991,-15.717737873094189
Costa Rica,1992,7.293129404858171
Costa Rica,1993,17.734558519325528
Costa Rica,1994,15.004136224429503
Costa Rica,1995,12.750936291845056
Costa Rica,1996,9.731995023239817
Costa Rica,1997,6.798727784201916
Costa Rica,1998,9.411567169368888
Costa Rica,1999,13.24650873181442
Costa Rica,2000,14.169022494320602
Costa Rica,2001,12.861566682170842
Costa Rica,2002,15.147328562357524
Costa Rica,2003,13.49781682200128
Costa Rica,2004,8.888553211000115
Costa Rica,2005,10.301889483867631
Costa Rica,2006,8.146284033901592
Costa Rica,2007,2.0644351592270174
Costa Rica,2008,3.952220958864106
Costa Rica,2009,9.13571634156822
Costa Rica,2010,9.811593181136736
Costa Rica,2011,11.045273894878452
Costa Rica,2012,12.86966435256901
Costa Rica,2013,10.132995706589831
Costa Rica,2014,8.187917605630679
Costa Rica,2015,9.887063286910845
Costa Rica,2016,9.49388346148549
Costa Rica,2017,8.269830327306767
Costa Rica,2018,8.739207219207762
Costa Rica,2019,6.024715568164592
Costa Rica,2020,5.82052018289417
Costa Rica,2021,3.065307093580312
Costa Rica,2022,1.0166180650108634
Costa Rica,2023,9.192541674951332
Costa Rica,2024,7.28433911155081
Croatia,1993,-1.4795316403338852
Croatia,1994,-41.95712889243787
Croatia,1995,-2.642346720974185
Croatia,1996,17.9907431046096
Croatia,1997,8.024111819331123
Croatia,1998,7.000457316527996
Croatia,1999,11.0427695750227
Croatia,2000,7.400463273157079
Croatia,2001,5.105227705278759
Croatia,2002,8.666442714148536
Croatia,2003,6.976162150599974
Croatia,2004,7.837072452550599
Croatia,2005,7.832804559608825
Croatia,2006,5.828322548339183
Croatia,2007,4.83706670295624
Croatia,2008,4.302016491255259
Croatia,2009,8.323148888068593
Croatia,2010,9.370365262911855
Croatia,2011,7.882330509470399
Croatia,2012,7.957016841504273
Croatia,2013,8.446803115736857
Croatia,2014,8.44053899838005
Czechia,1993,-5.733442042816651
Czechia,1994,0.6910745795324533
Czechia,1995,3.3836395475519345
Czechia,1996,2.396775802758768
Czechia,1997,4.476757763834192
Czechia,1998,2.703654968973819
Czechia,1999,5.400742275285905
Czechia,2000,5.309357654444977
Czechia,2001,2.1554755727136943
Czechia,2002,3.817003386300216
Czechia,2003,4.473498359145591
Czechia,2004,1.8935653588959576
Czechia,2005,5.65220713144792
Czechia,2006,4.877103524109178
Czechia,2007,2.150916814822548
Czechia,2008,4.141457539088104
Czechia,2009,3.2585770853623237
Czechia,2010,6.404026181808004
Czechia,2011,5.952128895323556
Czechia,2012,4.009470309158547
Czechia,2013,3.651868512964493
Czechia,2014,1.88711079614098
Czechia,2015,3.010827112237377
Czechia,2016,2.380513343516345
Czechia,2017,1.8745626192957463
Czechia,2018,0.7083282550146958
Czechia,2019,-0.1495413565176
Czechia,2020,-1.1212853411310602
Czechia,2021,-0.8000246366259892
Czechia,2022,-4.0913284814882624
Czechia,2023,-3.6051483625215215
Czechia,2024,0.7769638483162877
Côte d’Ivoire,2005,5.763991452895274
Côte d’Ivoire,2006,3.33183089135264
Côte d’Ivoire,2007,1.6132899627415895
Côte d’Ivoire,2008,-0.3689437177831274
Côte d’Ivoire,2009,3.724734135003436
Côte d’Ivoire,2010,3.543389896402267
Côte d’Ivoire,2011,-0.4289156634867193
Côte d’Ivoire,2012,5.465350418858891
Côte d’Ivoire,2013,2.343357493412707
Côte d’Ivoire,2014,0.8917007614375355
Côte d’Ivoire,2015,0.3612329553837289
Côte d’Ivoire,2016,6.552136669310051
Dominica,1982,5.223726049195238
Dominica,1983,2.7856448722054434
Dominica,1984,4.741481098702772
Dominica,1985,2.6232643448524064
Dominica,1986,5.061915383074712
Dominica,1987,5.263422008537004
Dominica,1988,6.467176058138687
Dominica,1989,2.628577597311448
Dominica,1990,7.798427901537008
Dominica,1991,3.3121725354611726
Dominica,1992,6.836381498721106
Dominica,1993,9.002871138780195
Dominica,1994,3.689127950146233
Dominica,1995,10.633454001012238
Dominica,1996,7.907211046016013
Dominica,1997,9.589633637110756
Dominica,1998,8.516131613550863
Dominica,1999,8.640134167650846
Dominica,2000,13.707906240408798
Dominica,2001,-1.8760632834071724
Dominica,2002,8.195347654090027
Dominica,2003,18.56784176387663
Dominica,2004,6.718567886067325
Dominica,2005,12.413475062600936
Dominica,2006,7.402241786789152
Dominica,2007,7.772133892867965
Dominica,2008,8.234462056974513
Dominica,2009,1.2568016338605117
Dominica,2010,8.4474836589254
Dominica,2011,6.3857012420644885
Dominica,2012,11.324713251639064
Dominica,2013,4.084171884437418
Dominica,2014,6.234405788454972
Dominica,2015,3.036278836806956
Dominica,2016,4.5499165011463685
Dominica,2017,8.675540880474964
Dominica,2018,-0.4577704506746907
Dominica,2019,9.007004798095236
Dominica,2020,9.753697483482355
Dominica,2021,5.257370948509562
Dominica,2022,6.2587811006467655
Dominica,2023,3.767641141601153
Dominica,2024,3.369374317315009
Dominican Republic,1991,-33.356799609324
Dominican Republic,1992,21.58866627603228
Dominican Republic,1993,23.726408998661185
Dominican Republic,1994,16.830013562997905
Dominican Republic,1995,19.1953097355511
Dominican Republic,1996,19.335451090336544
Dominican Republic,1997,10.572011175217146
Dominican Republic,1998,17.95943956340873
Dominican Republic,1999,20.4463313517472
Dominican Republic,2000,18.26289782104928
Dominican Republic,2001,17.195792402842983
Dominican Republic,2002,17.886118080612473
Dominican Republic,2003,-1.554557876099647
Dominican Republic,2004,-8.621505547941352
Dominican Republic,2005,17.330049952469167
Dominican Republic,2006,12.031282322844126
Dominican Republic,2007,7.612203201428809
Dominican Republic,2008,8.786145602423955
Dominican Republic,2009,14.22203806081052
Dominican Republic,2010,6.44271446721705
Dominican Republic,2011,7.024146721428806
Dominican Republic,2012,10.005884522143717
Dominican Republic,2013,8.566304155643522
Dominican Republic,2014,9.294867245029351
Dominican Republic,2015,12.204888026793617
Dominican Republic,2016,12.81058978019294
Dominican Republic,2017,9.626367304779262
Dominican Republic,2018,7.646026731186069
Dominican Republic,2019,8.582728200151454
Dominican Republic,2020,5.239187715918193
Dominican Republic,2021,2.226498619655219
Dominican Republic,2022,2.098392839572925
Dominican Republic,2023,8.174303444569379
Dominican Republic,2024,10.531550940463944
"Egypt, Arab Rep.",1976,-3.167914566341595
"Egypt, Arab Rep.",1977,-3.119680240557575
"Egypt, Arab Rep.",1978,0.565092117486385
"Egypt, Arab Rep.",1979,-9.311642225766064
"Egypt, Arab Rep.",1980,0.8026859919233642
"Egypt, Arab Rep.",1981,17.584790467055985
"Egypt, Arab Rep.",1982,-7.801484773623465
"Egypt, Arab Rep.",1983,2.030075188394852
"Egypt, Arab Rep.",1984,6.238065865547088
"Egypt, Arab Rep.",1985,3.06872172815906
"Egypt, Arab Rep.",1986,1.8824585794769588
"Egypt, Arab Rep.",1987,3.435567132321391
"Egypt, Arab Rep.",1988,3.158634195733101
"Egypt, Arab Rep.",1989,-0.6749110549725397
"Egypt, Arab Rep.",1990,1.0675352992735316
"Egypt, Arab Rep.",1991,3.204638795549976
"Egypt, Arab Rep.",1992,1.670924890094647
"Egypt, Arab Rep.",1993,9.101241383791857
"Egypt, Arab Rep.",1994,7.435419400709648
"Egypt, Arab Rep.",1995,4.552157631002472
"Egypt, Arab Rep.",1996,7.913220488012748
"Egypt, Arab Rep.",1997,3.563452758331923
"Egypt, Arab Rep.",1998,10.391898920456557
"Egypt, Arab Rep.",1999,11.93582240306063
"Egypt, Arab Rep.",2000,8.919600974251
"Egypt, Arab Rep.",2001,11.214513375635626
"Egypt, Arab Rep.",2002,10.300031943994886
"Egypt, Arab Rep.",2003,6.327025948103473
"Egypt, Arab Rep.",2004,1.5269034288387635
"Egypt, Arab Rep.",2005,6.523640991713192
"Egypt, Arab Rep.",2006,4.88079671789458
"Egypt, Arab Rep.",2007,-0.0776285947232149
"Egypt, Arab Rep.",2008,0.1078531546623906
"Egypt, Arab Rep.",2009,0.7100363200684665
"Egypt, Arab Rep.",2010,0.8187216181243233
"Egypt, Arab Rep.",2011,-0.5638780533864732
"Egypt, Arab Rep.",2012,-6.262719502491276
"Egypt, Arab Rep.",2013,3.292157152583494
"Egypt, Arab Rep.",2014,0.4141291390277581
"Egypt, Arab Rep.",2015,1.5410684601894091
"Egypt, Arab Rep.",2016,6.922011354916078
"Egypt, Arab Rep.",2017,-8.758194080944449
"Egypt, Arab Rep.",2018,-2.3587030131584408
"Egypt, Arab Rep.",2019,2.1990957827946915
"Egypt, Arab Rep.",2020,4.887815430207714
"Egypt, Arab Rep.",2021,4.366206698708686
"Egypt, Arab Rep.",2022,0.1426696524770369
"Egypt, Arab Rep.",2023,-5.641662399642906
"Egypt, Arab Rep.",2024,-7.030990941093767
Eswatini,1975,6.271983545556991
Eswatini,1976,-2.703417153829594
Eswatini,1977,0.0487792688278325
Eswatini,1978,-0.0730751264502652
Eswatini,1979,-3.3786274321556222
Eswatini,1980,1.1925586628988258
Eswatini,1981,7.477180663856592
Eswatini,1982,1.9059909985001575
Eswatini,1983,11.23107153007268
Eswatini,1984,8.34499571345502
Eswatini,1985,13.810728027122368
Eswatini,1986,0.3212202309597726
Eswatini,1987,10.636816173259133
Eswatini,1988,-8.848824013572898
Eswatini,1989,11.278776824975212
Eswatini,1990,-12.183087520544294
Eswatini,1991,6.654776864964287
Eswatini,1992,4.25636954205463
Eswatini,1993,-2.593008379043423
Eswatini,1994,2.9553583517990307
Eswatini,1995,0.3470104782280446
Eswatini,1996,10.200650574861344
Eswatini,1997,7.324235618718402
Eswatini,1998,11.260826674383852
Eswatini,1999,11.43266677828774
Eswatini,2000,-6.855974962057638
Eswatini,2001,4.549283156228335
Eswatini,2002,5.63469239607446
Eswatini,2003,8.271602993748493
Eswatini,2004,7.108714007205476
Eswatini,2005,4.2006656220656335
Eswatini,2006,7.357101174397679
Eswatini,2007,7.582141235083877
Eswatini,2008,4.10805404758412
Eswatini,2009,1.10032841252271
Eswatini,2010,6.615430653242057
Eswatini,2011,3.3405550862550486
Eswatini,2012,-0.4091713493067973
Eswatini,2013,2.158091070011899
Eswatini,2014,2.7308614997996377
Eswatini,2015,3.5290499419921946
Eswatini,2016,3.264506379740754
Eswatini,2017,5.531656202232096
Eswatini,2018,6.795011440975762
Eswatini,2019,8.002680684300488
Eswatini,2020,2.6560970893731244
Eswatini,2021,7.127812454772926
Eswatini,2022,-0.3386233634287556
Eswatini,2023,4.506814268274751
Eswatini,2024,9.392706682016325
Ethiopia,1985,-17.670656682664642
Ethiopia,1986,13.220281448576218
Ethiopia,1987,12.909487021144573
Ethiopia,1988,2.8073150136816825
Ethiopia,1989,0.3933031728918372
Ethiopia,1990,2.6421894741988985
Ethiopia,1991,-10.987419265698062
Ethiopia,1992,-6.519588601462927
Ethiopia,1993,0.5496145391769985
Ethiopia,1994,11.077559305168393
Ethiopia,1995,2.108988460522889
Ethiopia,1996,13.64489848938426
Ethiopia,1997,10.272116551003318
Ethiopia,1998,10.666161851920196
Ethiopia,1999,8.177187344193738
Ethiopia,2000,3.831148610988581
Ethiopia,2001,17.63548320669223
Ethiopia,2002,12.743947902867427
Ethiopia,2003,-5.114907985147073
Ethiopia,2004,2.9723771047364624
Ethiopia,2005,-2.617063491922448
Ethiopia,2006,-4.080908927948246
Ethiopia,2007,-8.29255368104718
Ethiopia,2008,-17.12177624015465
Fiji,1992,5.778873430667979
Fiji,1993,4.337874671232419
Fiji,1994,10.52646548152931
Fiji,1995,9.994110554477643
Fiji,1996,8.039288676411864
Fiji,1997,7.490179569786273
Fiji,1998,2.036998537534922
Fiji,1999,1.905722558762918
Fiji,2000,13.767166788314071
Fiji,2001,4.938892905413077
Fiji,2002,4.634663662920552
Fiji,2003,-0.0931103266439094
Fiji,2004,4.868426454056575
Fiji,2005,0.1263770297377605
Fiji,2006,3.4730759885397857
Fiji,2007,5.80554474941767
Fiji,2008,5.715797036422635
Fiji,2009,6.374077022741295
Fiji,2010,3.1275727442650894
Fiji,2011,-1.7599951854394955
Fiji,2012,3.308231576412718
Fiji,2013,2.396639496357471
Fiji,2014,-5.994640560194613
Fiji,2015,3.177971249747969
Fiji,2016,3.13543085775456
Fiji,2017,3.974547390229065
Fiji,2018,4.1918447001641095
Fiji,2019,6.354852334496165
Fiji,2020,10.74539536206841
Fiji,2021,7.899915886054599
Fiji,2022,-2.444771455734235
Fiji,2023,2.158292747721419
Fiji,2024,-1.454187476665657
"Gambia, The",1985,-17.885479994926435
"Gambia, The",1986,-8.907682262303165
"Gambia, The",1987,7.948365223586024
"Gambia, The",1988,18.0805883345672
"Gambia, The",1989,11.514995250767289
"Gambia, The",1990,12.982206210834066
"Gambia, The",1991,-45.94845708137223
"Gambia, The",1992,24.325612223633584
"Gambia, The",1993,19.91682355323677
"Gambia, The",1994,20.45012127281418
"Gambia, The",1995,20.27487219296453
"Gambia, The",1996,15.808486264458269
"Gambia, The",1997,33.466792257617094
"Gambia, The",1998,18.93827330666041
"Gambia, The",1999,27.09540133606935
"Gambia, The",2000,21.31056584774553
"Gambia, The",2001,21.800959615058492
"Gambia, The",2002,12.327647118311296
"Gambia, The",2003,14.561801970094631
"Gambia, The",2004,-29.708059235565614
"Gambia, The",2005,29.585760793675828
"Gambia, The",2006,28.080845303774502
"Gambia, The",2007,22.508146507746595
"Gambia, The",2008,23.931643524605388
"Gambia, The",2009,21.515628628387688
"Gambia, The",2010,20.21468541187548
"Gambia, The",2011,22.40355814853612
"Gambia, The",2012,23.26043865363287
"Gambia, The",2013,20.83094149283598
"Gambia, The",2014,22.134678727318335
"Gambia, The",2017,24.13189630908584
"Gambia, The",2018,19.68012042755113
"Gambia, The",2019,20.468086581481643
"Gambia, The",2020,25.25839564398685
"Gambia, The",2021,11.284818013721296
"Gambia, The",2022,9.357836645595974
"Gambia, The",2023,6.182612111413973
"Gambia, The",2024,15.31529501020712
Georgia,2003,19.655949938124696
Georgia,2004,12.5915017351008
Georgia,2005,8.908861372606491
Georgia,2006,7.942062785524022
Georgia,2007,6.959698540141996
Georgia,2008,7.712041662352699
Georgia,2009,20.43860616953946
Georgia,2010,-0.0524161381825588
Georgia,2011,5.334216451547835
Georgia,2012,14.475136783571058
Georgia,2013,14.33919979516007
Georgia,2014,6.998579185836672
Georgia,2015,6.74817591228454
Georgia,2016,10.115978102529034
Georgia,2017,3.66225712829474
Georgia,2018,7.377483628822846
Georgia,2019,6.55865669781933
Georgia,2020,4.635435104139466
Georgia,2021,2.06923029008173
Georgia,2022,5.104593219715713
Georgia,2023,12.68614393460548
Georgia,2024,9.611084469160753
Grenada,1982,7.835629099838738
Grenada,1983,10.781751334424085
Grenada,1984,5.358728923712721
Grenada,1985,4.279088425637777
Grenada,1986,8.783509373978893
Grenada,1987,7.847316973276581
Grenada,1988,5.211646053086803
Grenada,1989,3.054309690138427
Grenada,1990,12.307585133975284
Grenada,1991,5.279920869033987
Grenada,1992,7.7025994849163615
Grenada,1993,9.765036457778024
Grenada,1994,7.594953394116352
Grenada,1995,7.784522040678654
Grenada,1996,7.12835236156298
Grenada,1997,9.28555185844833
Grenada,1998,9.823877838321575
Grenada,1999,10.383236997984476
Grenada,2000,8.4930103677685
Grenada,2001,7.873717810016688
Grenada,2002,10.89653084230768
Grenada,2003,12.13463967457908
Grenada,2004,7.991377657385982
Grenada,2005,7.391312725799773
Grenada,2006,4.9886119623218885
Grenada,2007,7.267924036782511
Grenada,2008,1.5589163709033298
Grenada,2009,11.004042657078635
Grenada,2010,10.047016096752596
Grenada,2011,10.43803744873122
Grenada,2012,5.580645485143905
Grenada,2013,6.166845617198631
Grenada,2014,8.346067681506511
Grenada,2015,6.037649233302358
Grenada,2016,5.836425342177342
Grenada,2017,6.6843122956056
Grenada,2018,8.599878240676757
Grenada,2019,4.106838562838002
Grenada,2020,7.15464657927515
Grenada,2021,3.716569680020615
Grenada,2022,4.721109938740285
Grenada,2023,2.368874214109558
Grenada,2024,8.247663596602163
Guatemala,1997,9.588412692819068
Guatemala,1998,6.4489264278315765
Guatemala,1999,13.775603638592564
Guatemala,2000,13.153175059388593
Guatemala,2001,26.02784521419847
Guatemala,2002,9.763381368204806
Guatemala,2003,10.057408333261185
Guatemala,2004,7.344549242022778
Guatemala,2005,6.969818057249885
Guatemala,2006,7.411952972115108
Guatemala,2007,5.341266302437668
Guatemala,2008,3.641592342463535
Guatemala,2009,9.8928320985951
Guatemala,2010,7.803198652018011
Guatemala,2011,6.113829831665669
Guatemala,2012,9.778618455128768
Guatemala,2013,9.906407914651142
Guatemala,2014,10.609489817084295
Guatemala,2015,10.755856844067567
Guatemala,2016,10.120489809576238
Guatemala,2017,11.111990290091548
Guatemala,2018,11.505473461485128
Guatemala,2019,8.859117245555089
Guatemala,2020,9.38398837166732
Guatemala,2021,8.78202370222084
Guatemala,2022,5.218738994251613
Guatemala,2023,5.088815821786795
Guatemala,2024,8.427922352390288
Guinea,1986,-32.80725950264342
Guinea,1987,-9.633813504546197
Guinea,1988,-5.469330123201731
Guinea,1989,-4.141396944922271
Guinea,1990,3.3147276945821904
Guinea,1991,-1.0480722465004346
Guinea,1992,0.6177983315929091
Guinea,1993,23.66678602941698
Guinea,1994,20.2823658432913
Guinea,1995,14.675285795224736
Guinea,1996,19.15785737305938
Guinea,1997,18.796310433413325
Guinea,1998,15.715379686005948
Guinea,1999,15.012639058919646
Guinea,2000,12.29996311834864
Guinea,2001,10.931015685704631
Guinea-Bissau,2006,9.377997438143376
Guinea-Bissau,2007,-1.1685970596658484
Guinea-Bissau,2008,-6.898170914929662
Guinea-Bissau,2009,9.152822260246252
Guinea-Bissau,2010,-0.0966422791036062
Guinea-Bissau,2011,-2.9478277560275967
Guinea-Bissau,2012,5.067767332235751
Guinea-Bissau,2013,6.278306340646766
Guinea-Bissau,2014,3.9890161880640345
Guinea-Bissau,2015,-8.178068285176604
Guinea-Bissau,2016,2.509064618520608
Guyana,1981,8.778220753615944
Guyana,1982,9.657107611466602
Guyana,1983,5.582384314909088
Guyana,1984,-3.589612088084202
Guyana,1985,0.4278234903405266
Guyana,1986,2.410327061724471
Guyana,1987,-27.541172560831757
Guyana,1988,-6.936632348889235
Guyana,1989,-54.6984164302584
Guyana,1990,-15.145686150901003
Guyana,1991,-43.05818134357813
Guyana,1992,15.621419725908574
Guyana,1993,2.062071715139015
Guyana,1994,1.5341848493305568
Guyana,1995,6.113205866979443
Guyana,1996,13.338474213030262
Guyana,1997,15.378955613587168
Guyana,1998,13.39943162863844
Guyana,1999,5.303299611373307
Guyana,2000,10.0534953418167
Guyana,2001,16.631978195582143
Guyana,2002,13.3564755150324
Guyana,2003,9.810426511087044
Guyana,2004,7.273623533828474
Guyana,2005,6.418515760862618
Guyana,2006,-58.327174299333706
Guyana,2007,5.914206812284971
Guyana,2008,4.589259232204436
Guyana,2009,13.235671995272602
Guyana,2010,10.16564259674123
Guyana,2011,11.758776416036348
Guyana,2012,8.721191672939176
Guyana,2013,14.112419133640598
Guyana,2014,15.26002232310096
Guyana,2015,9.54233962133678
Guyana,2016,11.994095990691273
Guyana,2017,10.666044409609952
Guyana,2018,16.359877410223362
Guyana,2019,7.301759348174514
Guyana,2020,48.520331221665366
Guyana,2021,-11.062695651127202
Guyana,2022,-3.251622037989248
Guyana,2023,26.144216683225377
Guyana,2024,6.922097186146297
Haiti,1994,-29.486639934159548
Haiti,1995,-2.5608320965972777
Haiti,1996,9.188009880298605
Haiti,1997,1.3621480346020416
Haiti,1998,1.3950756810790832
Haiti,1999,7.5326934639811185
Haiti,2000,-39.12982237033713
Haiti,2001,4.063344805850405
Haiti,2002,7.000963741732757
Haiti,2003,4.427537815920661
Haiti,2004,4.94294278231208
Haiti,2005,11.926604532383024
Haiti,2006,11.318306502513687
Haiti,2007,18.22175186852712
Haiti,2008,4.558151262095325
Haiti,2009,5.132279682746624
Haiti,2010,9.393317859402991
Haiti,2011,6.987364202554945
Haiti,2012,0.6712759315271551
Haiti,2013,0.5971208206363049
Haiti,2014,8.368648159640387
Haiti,2015,7.335487260579785
Haiti,2016,-2.1353897033867666
Haiti,2017,-0.9058813864994648
Haiti,2018,6.163884496438771
Haiti,2019,-4.740152626772184
Haiti,2020,-3.413247763958794
Haiti,2021,-5.022840662189175
Haiti,2022,-12.840434990892788
Haiti,2023,-13.153021264820136
Honduras,1982,17.661129568106595
Honduras,1983,17.07236180904561
Honduras,1984,13.351960784313675
Honduras,1985,13.336942675158854
Honduras,1986,12.70674909840257
Honduras,1987,10.09640402552782
Honduras,1988,9.41288407821224
Honduras,1989,11.081048387097212
Honduras,1990,17.207537012113004
Honduras,1991,19.93791390728445
Honduras,1992,15.126461988304262
Honduras,1993,15.133037825058976
Honduras,1994,27.231664656212345
Honduras,1995,21.948493626883025
Honduras,1996,25.80568352059936
Honduras,1997,25.44219139096409
Honduras,1998,27.961204284221512
Honduras,1999,32.08477465535523
Honduras,2000,19.595189166666653
Honduras,2001,14.5070191720073
Honduras,2002,16.702334139104174
Honduras,2003,14.225065919821697
Honduras,2004,12.610771394749852
Honduras,2005,10.76809207599532
Honduras,2006,11.474282448246866
Honduras,2007,9.359386038805386
Honduras,2008,9.412844122221204
Honduras,2009,10.952957516061304
Honduras,2010,13.55479288770142
Honduras,2011,9.971806992330702
Honduras,2012,14.356962984823186
Honduras,2013,18.45328241602853
Honduras,2014,12.880621868392437
Honduras,2015,12.834976826825304
Honduras,2016,15.098536558980866
Honduras,2017,14.109127583791532
Honduras,2018,15.554078111351403
Honduras,2019,13.52611850951504
Honduras,2020,13.159500507325037
Honduras,2021,10.859926556595685
Honduras,2022,4.843586540775322
Honduras,2023,7.874882267319614
Honduras,2024,10.36919645135572
"Hong Kong SAR, China",1990,2.2638082070053858
"Hong Kong SAR, China",1991,0.2531308613939855
"Hong Kong SAR, China",1992,-2.334856699409193
"Hong Kong SAR, China",1993,-1.94542307338842
"Hong Kong SAR, China",1994,0.9911015492588948
"Hong Kong SAR, China",1995,4.567243543181405
"Hong Kong SAR, China",1996,2.490580416535457
"Hong Kong SAR, China",1997,2.96487847579654
"Hong Kong SAR, China",1998,8.57139473970503
"Hong Kong SAR, China",1999,13.133657127603891
"Hong Kong SAR, China",2000,13.110025409701294
"Hong Kong SAR, China",2001,8.773405180564275
"Hong Kong SAR, China",2002,8.805596627086787
"Hong Kong SAR, China",2003,11.711327101920473
"Hong Kong SAR, China",2004,8.932470300061363
"Hong Kong SAR, China",2005,6.367984614195555
"Hong Kong SAR, China",2006,8.49698304535722
"Hong Kong SAR, China",2007,4.290433093323476
"Hong Kong SAR, China",2008,3.980013314799893
"Hong Kong SAR, China",2009,5.395655713945302
"Hong Kong SAR, China",2010,4.716596162077539
"Hong Kong SAR, China",2011,1.06077937537636
"Hong Kong SAR, China",2012,1.405373806068359
"Hong Kong SAR, China",2013,3.130788903510967
"Hong Kong SAR, China",2014,2.0901638156807447
"Hong Kong SAR, China",2015,1.3087454830261869
"Hong Kong SAR, China",2016,3.307539761673796
"Hong Kong SAR, China",2017,2.0600780227577915
"Hong Kong SAR, China",2018,1.3333430807652158
"Hong Kong SAR, China",2019,2.9978873744506767
"Hong Kong SAR, China",2020,4.334002176799982
"Hong Kong SAR, China",2021,4.2870902665764525
"Hong Kong SAR, China",2022,3.3587995620974955
"Hong Kong SAR, China",2023,2.796970877933279
"Hong Kong SAR, China",2024,1.8447519519631992
Hungary,1988,0.1763495990358525
Hungary,1989,1.3448156931955697
Hungary,1990,2.4739779235593127
Hungary,1991,-0.4147093308791819
Hungary,1992,9.497899976907512
Hungary,1993,3.41902846514139
Hungary,1994,6.618854533732832
Hungary,1995,4.636167498012872
Hungary,1996,4.380643095647564
Hungary,1997,1.251605564465693
Hungary,1998,4.8469166582727015
Hungary,1999,7.600775569378313
Hungary,2000,2.740506112923436
Hungary,2001,0.9809042858167312
Hungary,2002,1.9643457315442203
Hungary,2003,3.9773946498835135
Hungary,2004,7.306040868825515
Hungary,2005,5.766990554712277
Hungary,2006,4.2510081795742
Hungary,2007,3.4579917506860376
Hungary,2008,5.13519758378989
Hungary,2009,6.547306201184204
Hungary,2010,4.930905296040463
Hungary,2011,6.272031127403858
Hungary,2012,5.953140703280216
Hungary,2013,3.3734712946154755
Hungary,2014,0.730458422702216
Hungary,2015,0.0888354976318103
Hungary,2016,0.7565157353950027
Hungary,2017,-2.45695485576676
Hungary,2018,-3.2184691694185044
Hungary,2019,-2.826176376533613
Hungary,2020,-4.199066716368856
Hungary,2021,-3.016391953756724
Hungary,2022,-2.906484861970222
Hungary,2023,0.1702657810214043
Hungary,2024,1.4450615711493722
Iceland,1982,-4.325764700888321
Iceland,1983,-19.489046419452524
Iceland,1984,-3.1899462354943897
Iceland,1985,0.3902475290783067
Iceland,1986,-4.664420563615117
Iceland,1987,5.554013950988925
Iceland,1988,5.798261859783747
Iceland,1989,4.149360665670629
Iceland,1990,0.8784993395101651
Iceland,1991,8.444881125157629
Iceland,1992,9.280595894679555
Iceland,1993,12.05564484222666
Iceland,1994,7.761235482285818
Iceland,1995,8.33588957345421
Iceland,1996,9.62742540454025
Iceland,1997,9.83185170663752
Iceland,1998,7.740029697790212
Iceland,1999,9.517528377792834
Iceland,2000,12.339111889525311
Iceland,2001,8.53310455173194
Iceland,2002,8.97704501830193
Iceland,2003,11.404816915383964
Iceland,2004,9.112006430920982
Iceland,2005,11.497712590149364
Iceland,2006,8.493158365190258
Iceland,2007,14.368007605444728
Iceland,2008,7.097149483191022
Iceland,2009,7.168868421034776
Iceland,2010,3.4771492628977674
Iceland,2011,4.10372607685264
Iceland,2012,4.653800347368794
Iceland,2013,5.521037607519641
Iceland,2014,3.38736612119123
Iceland,2015,0.804081376959984
Iceland,2016,5.392314119957567
Iceland,2017,5.594051449322489
Iceland,2018,3.7344356462565993
Iceland,2019,2.015714968471165
Iceland,2020,1.358613417293911
Iceland,2021,-0.7013281682187922
Iceland,2022,-1.134272660230585
Iceland,2023,5.9278047973263925
Iceland,2024,6.072121871412856
India,1978,10.774631330248107
India,1979,-1.0611457457749522
India,1980,4.476508260900934
India,1981,5.11823674143201
India,1982,7.774707244395978
India,1983,7.320986685084805
India,1984,7.94709992039818
India,1985,8.681673584786642
India,1986,9.093224145088236
India,1987,6.560180094154518
India,1988,7.638632995945092
India,1989,7.43584324824212
India,1990,5.269526998274231
India,1991,3.6247165957506193
India,1992,9.132749405876597
India,1993,5.814776512130363
India,1994,4.337109737579386
India,1995,5.864178109081859
India,1996,7.792994300298666
India,1997,6.90957899531884
India,1998,5.121276328772201
India,1999,9.191247322389652
India,2000,8.342610831409267
India,2001,8.591449296371632
India,2002,7.907177188974632
India,2003,7.307881160384139
India,2004,4.910128303346196
India,2005,4.855145171866085
India,2006,2.570606701768297
India,2007,5.681844064537108
India,2008,3.771756249653937
India,2009,4.808592107665974
India,2010,-1.9838592213986648
India,2011,1.3179808619401472
India,2012,2.473520488809009
India,2013,3.865992862708712
India,2014,6.6951760904359165
India,2015,7.55648841353986
India,2016,6.232711414824197
India,2017,5.327608862373105
India,2018,5.361666389548687
India,2019,6.894875427297164
India,2020,4.135999577864076
India,2021,0.3169451442118662
India,2022,2.521315449465884
Indonesia,1986,18.82609795538367
Indonesia,1987,4.881607487071171
Indonesia,1988,13.44282300231149
Indonesia,1989,11.155988239990986
Indonesia,1990,10.753163062502413
Indonesia,1991,15.414867058296553
Indonesia,1992,15.606911714345284
Indonesia,1993,1.203573126457749
Indonesia,1994,9.263077251120636
Indonesia,1995,8.162954671118028
Indonesia,1996,9.69941919220801
Indonesia,1997,8.213565480468011
Indonesia,1998,-24.60016807586387
Indonesia,1999,11.826526428387057
Indonesia,2000,-1.654212470913128
Indonesia,2001,3.7199859570297336
Indonesia,2002,12.322412496192204
Indonesia,2003,10.852071147864788
Indonesia,2004,5.134410231234103
Indonesia,2005,-0.2457354670147719
Indonesia,2006,1.6581514216352111
Indonesia,2007,2.339674090880702
Indonesia,2008,-3.8522450263345194
Indonesia,2009,5.747952095784301
Indonesia,2010,-1.7460975355960089
Indonesia,2011,4.594376748837573
Indonesia,2012,7.7501885648902755
Indonesia,2013,6.374931242121366
Indonesia,2014,6.792118580697276
Indonesia,2015,8.349910634694735
Indonesia,2016,9.224432344132095
Indonesia,2017,6.501563996090386
Indonesia,2018,6.471249839379384
Indonesia,2019,8.629404790313973
Indonesia,2020,9.985926719875962
Indonesia,2021,2.753223949958296
Indonesia,2022,-0.9573763405103064
Indonesia,2023,7.28506359409343
Indonesia,2024,7.834180102295418
"Iran, Islamic Rep.",2004,-6.461675862059472
"Iran, Islamic Rep.",2005,-3.467024745682988
"Iran, Islamic Rep.",2006,-0.5084481143759725
"Iran, Islamic Rep.",2007,-8.897954183401263
"Iran, Islamic Rep.",2008,-6.2149202451055645
"Iran, Islamic Rep.",2009,7.076087979720973
"Iran, Islamic Rep.",2010,-3.3504815238065837
"Iran, Islamic Rep.",2011,-16.797550089526
"Iran, Islamic Rep.",2012,-6.686527474078814
"Iran, Islamic Rep.",2013,-18.84519305869673
"Iran, Islamic Rep.",2014,3.8641388896869753
"Iran, Islamic Rep.",2015,13.985446756374127
"Iran, Islamic Rep.",2016,3.4497687580534047
Iraq,2004,-3.445455286910395
Iraq,2005,-16.515394084053398
Iraq,2006,-7.053046888180811
Iraq,2007,3.7961604396618815
Iraq,2008,-8.419722881997703
Iraq,2009,44.330971727595454
Iraq,2010,-1.922094573081352
Iraq,2011,-8.467921829147352
Iraq,2012,10.906550861612365
Iraq,2013,13.587872760353267
Iraq,2014,18.289059060293415
Iraq,2015,57.625931221869024
Israel,2013,2.496763768802727
Israel,2014,3.107041297594242
Israel,2015,1.072989518617055
Israel,2016,3.060826356171761
Israel,2017,3.490529790581672
Israel,2018,2.7733622596043213
Israel,2019,1.5867493652943143
Israel,2020,2.227371019919675
Israel,2021,0.7855721596604623
Israel,2022,-1.884139195861661
Italy,1989,8.291348312619968
Italy,1990,5.45217627440228
Italy,1991,6.585797091618362
Italy,1992,11.647044610227846
Italy,1993,10.340071393079556
Italy,1994,8.15255757898473
Italy,1995,7.920644367030853
Italy,1996,8.091711479449119
Italy,1997,7.767710573757465
Italy,1998,6.129394545459167
Italy,1999,4.79735240444797
Italy,2000,5.175823906398488
Italy,2001,4.098202174864318
Italy,2002,3.1281162286818933
Italy,2003,2.581328149751259
Italy,2004,2.8027018938916703
Italy,2005,3.163790602777557
Italy,2006,3.3320530606127816
Italy,2007,3.774839419937441
Italy,2008,4.328629035548895
Italy,2009,2.9321577794170866
Italy,2010,3.413420182670737
Italy,2011,2.8216035355580127
Italy,2012,3.461197449799341
Italy,2013,3.9736479363099857
Italy,2014,3.928657828751326
Italy,2015,3.320481573553603
Italy,2016,2.2202818916162848
Italy,2017,2.274864138608214
Italy,2018,1.592370855541397
Italy,2019,1.5393757255657927
Italy,2020,0.7392692909594311
Italy,2021,0.7331856617735528
Italy,2022,-1.151128545574216
Italy,2023,-1.228641223370938
Italy,2024,3.234292871614781
Jamaica,1976,2.361807380319209
Jamaica,1977,1.2165935494240696
Jamaica,1978,-10.184417803829088
Jamaica,1979,-1.6620537846346484
Jamaica,1980,-2.2442489604103075
Jamaica,1981,7.148892158869952
Jamaica,1982,7.499940703294455
Jamaica,1983,0.0073271288728209
Jamaica,1984,-12.790709187785367
Jamaica,1985,-2.8110522720004063
Jamaica,1986,0.3774819353172675
Jamaica,1987,13.195930078238638
Jamaica,1988,11.722091010642108
Jamaica,1989,11.433983943206572
Jamaica,1990,4.302950752985796
Jamaica,1991,-8.574057860985109
Jamaica,1992,-9.512396712076551
Jamaica,1993,-5.951801116567208
Jamaica,1994,13.996368593658506
Jamaica,1995,14.689892672864277
Jamaica,1996,17.634127316696762
Jamaica,1997,21.216808186398755
Jamaica,1998,19.00286121616052
Jamaica,1999,18.78944943384848
Jamaica,2000,11.539551506413517
Jamaica,2001,11.873149927295064
Jamaica,2002,8.633558836440368
Jamaica,2003,6.50631402513119
Jamaica,2004,4.6774463736971255
Jamaica,2005,5.285866925591726
Jamaica,2006,8.079424035381985
Jamaica,2007,5.279057528799784
Jamaica,2008,2.887816771633552
Jamaica,2009,4.2769622920370205
Jamaica,2010,9.693284433425298
Jamaica,2011,12.96180044135559
Jamaica,2012,10.374562387859386
Jamaica,2013,8.578676320780092
Jamaica,2014,9.62037591085
Jamaica,2015,3.9991582196091615
Jamaica,2016,12.414259541130976
Jamaica,2017,8.464446752265346
Jamaica,2018,8.755723587034794
Jamaica,2019,10.095256259313622
Jamaica,2020,9.18862546908227
Jamaica,2021,4.579786826739977
Jamaica,2022,-1.1112475337290877
Jamaica,2023,0.2857734738491861
Jamaica,2024,6.803263229561098
Japan,1993,4.312357954793341
Japan,1994,3.939249180011283
Japan,1995,4.050494996939495
Japan,1996,3.1172546808106856
Japan,1997,1.9346131539510147
Japan,1998,2.348223425480481
Japan,1999,3.444634361812624
Japan,2000,3.449521333460217
Japan,2001,3.0877953846956188
Japan,2002,3.3018229329116235
Japan,2003,3.485828840539809
Japan,2004,2.924240608978095
Japan,2005,2.905628059882012
Japan,2006,2.548823045888386
Japan,2007,2.606878389069436
Japan,2008,2.846981386035372
Japan,2009,2.306032610745904
Japan,2010,3.5457619151836552
Japan,2011,3.1744896870391037
Japan,2012,2.180076528028566
Japan,2013,1.6640219329986343
Japan,2014,-0.4593815917696986
Japan,2015,-0.9484412297476968
Japan,2016,0.6221927603228022
Japan,2017,1.069144407358183
Jordan,1997,10.95795267951865
Jordan,1998,6.230650638053588
Jordan,1999,12.746613421860918
Jordan,2000,12.263792349828048
Jordan,2001,10.083883806220946
Jordan,2002,9.16988049807548
Jordan,2003,6.99911416680844
Jordan,2004,5.006628046744939
Jordan,2005,5.490036197848502
Jordan,2006,-2.2332855507965537
Jordan,2007,3.4533894775558998
Jordan,2008,-11.807661627891637
Jordan,2009,5.898580861026565
Jordan,2010,0.8759556374875386
Jordan,2011,2.6464062442556173
Jordan,2012,3.990197099853469
Jordan,2013,2.70046942578587
Jordan,2014,5.360006857592482
Jordan,2015,6.172976266492206
Jordan,2016,6.6622530294973314
Jordan,2017,6.4939601895352
Jordan,2018,6.246631014015159
Jordan,2019,7.755163184102708
Jordan,2020,8.24786468054413
Jordan,2021,4.7084728712005575
Jordan,2022,4.631106983305402
Jordan,2023,7.022060053545189
Jordan,2024,6.462429412337017
Kenya,1971,20.06938633310711
Kenya,1972,7.701926990844487
Kenya,1973,-1.0923770578083674
Kenya,1974,-5.643527170037734
Kenya,1975,-1.6409056581706754
Kenya,1976,-7.490083755427139
Kenya,1977,-5.902336361755171
Kenya,1978,6.712201812610408
Kenya,1979,4.128561072617617
Kenya,1980,0.942589237731978
Kenya,1981,1.4105060836263394
Kenya,1982,2.6054124141549577
Kenya,1983,3.5723944509943606
Kenya,1984,3.8351203187809975
Kenya,1985,5.257537651559044
Kenya,1986,4.864495046355823
Kenya,1987,8.157389636697983
Kenya,1988,8.026232318885592
Kenya,1989,6.8152119347950215
Kenya,1990,7.332797066355647
Kenya,1991,5.745512648025256
Kenya,1992,1.8253291877324265
Kenya,1993,3.4134724070027933
Kenya,1994,16.428109891843736
Kenya,1995,15.801648336515823
Kenya,1996,-5.776588540116975
Kenya,1997,16.879568494899498
Kenya,1998,21.096326025913257
Kenya,1999,17.454048783367263
Kenya,2000,15.327433446586678
Kenya,2001,17.812500968169157
Kenya,2002,17.35814064454276
Kenya,2003,9.77051092711816
Kenya,2004,5.045257596654828
Kenya,2005,7.609987545881699
Kenya,2006,-8.00986697136361
Kenya,2007,4.819090788185103
Kenya,2008,-0.9849969722943156
Kenya,2009,-10.096003565548363
Kenya,2010,12.526958492458023
Kenya,2011,4.526185832268993
Kenya,2012,9.313511344582848
Kenya,2013,9.293946359699516
Kenya,2014,8.249078992173253
Kenya,2015,6.268805782703879
Kenya,2016,10.118128713498692
Kenya,2017,5.656747615859085
Kenya,2018,8.48796047494694
Kenya,2019,7.831100747674014
Kenya,2020,6.714634409067422
Kenya,2021,7.427581005143756
Kenya,2022,5.028921630357829
Kenya,2023,7.752818490231353
Kenya,2024,13.139619526501132
"Korea, Rep.",1996,6.81075611229248
"Korea, Rep.",1997,7.718060959271015
"Korea, Rep.",1998,10.316807667761772
"Korea, Rep.",1999,10.894904005084069
"Korea, Rep.",2000,7.541118637182838
"Korea, Rep.",2001,4.025196003708626
"Korea, Rep.",2002,3.649662476336179
"Korea, Rep.",2003,2.579954671018113
"Korea, Rep.",2004,2.5598612120734727
"Korea, Rep.",2005,4.405270110828008
"Korea, Rep.",2006,6.160754130941026
"Korea, Rep.",2007,3.941660158645404
"Korea, Rep.",2008,4.1086316581527615
"Korea, Rep.",2009,2.0748112723899284
"Korea, Rep.",2010,2.7188333437447194
"Korea, Rep.",2011,4.425801442472738
"Korea, Rep.",2012,4.051402941907149
"Korea, Rep.",2013,3.5282939347149624
"Korea, Rep.",2014,3.17863075274962
"Korea, Rep.",2015,0.2953355276444155
"Korea, Rep.",2016,1.278671604044389
"Korea, Rep.",2017,1.428997559234158
"Korea, Rep.",2018,3.078475833792855
"Korea, Rep.",2019,4.095609332858023
"Korea, Rep.",2020,1.1955022051803157
"Korea, Rep.",2021,-0.2872162327260069
"Korea, Rep.",2022,2.4405285773263428
"Korea, Rep.",2023,3.0877262746629053
"Korea, Rep.",2024,0.634469260614762
Kosovo,2009,17.725069469086378
Kosovo,2010,7.494362228566915
Kosovo,2011,7.028193084208777
Kosovo,2012,8.829166775249076
Kosovo,2013,11.426522725192829
Kosovo,2014,8.87148961121219
Kosovo,2015,7.665564921061948
Kosovo,2016,6.615990449319852
Kosovo,2017,6.364675068038049
Kosovo,2018,5.079008840744541
Kuwait,1979,-24.831007502128674
Kuwait,1980,-23.950790534192965
Kuwait,1981,-1.8251906499835613
Kuwait,1982,8.556014074461315
Kuwait,1983,19.430440346402985
Kuwait,1984,8.201300085349017
Kuwait,1985,3.7003592061774646
Kuwait,1986,46.20476284949274
Kuwait,1987,-2.636535178790365
Kuwait,1988,3.646548075586317
Kuwait,1989,10.274615732665248
Kuwait,1990,7.911383618339845
Kuwait,1991,8.648404579318228
Kuwait,1992,6.050035329250681
Kuwait,1993,16.56318030456003
Kuwait,1994,14.319427945511604
Kuwait,1995,3.355883387884765
Kuwait,1996,-5.8344647313829245
Kuwait,1997,14.1806914342445
Kuwait,1998,31.492300238803
Kuwait,1999,-8.068204393226857
Kuwait,2000,-9.670492971802902
Kuwait,2001,16.908070862582242
Kuwait,2002,1.268606946371415
Kuwait,2003,0.4729365846165853
Kuwait,2004,-5.149114941698318
Kuwait,2005,-11.720977961646858
Kuwait,2006,-6.539551298846583
Kuwait,2007,4.0542882468983885
Kuwait,2008,-9.312048742895325
Kuwait,2009,28.158079749670307
Kuwait,2010,-5.1138802010194375
Kuwait,2011,-10.265886120342383
Kuwait,2012,-2.3290768340531
Kuwait,2013,4.3286319622395215
Kuwait,2014,11.82558069476879
Kuwait,2015,40.85973635763984
Kuwait,2016,12.144873712176295
Kuwait,2017,-9.925023735169052
Kuwait,2018,-5.815110841771001
Kuwait,2019,4.926987958906509
Kuwait,2020,24.656914036607127
Kuwait,2021,-19.873580150219432
Kuwait,2022,-11.66397681171318
Kuwait,2023,14.133032400096708
Kuwait,2024,5.947614913102888
Kyrgyz Republic,1996,20.121495303512337
Kyrgyz Republic,1997,36.81333223824618
Kyrgyz Republic,1998,43.87352865771855
Kyrgyz Republic,1999,15.582103051822122
Kyrgyz Republic,2000,23.05040235041569
Kyrgyz Republic,2001,30.52082268436491
Kyrgyz Republic,2002,33.19094319859921
Kyrgyz Republic,2003,19.308831935913435
Kyrgyz Republic,2004,17.347465932960944
Kyrgyz Republic,2005,13.413969107702314
Kyrgyz Republic,2006,12.506071228662249
Kyrgyz Republic,2007,7.2617270844158
Kyrgyz Republic,2008,3.0191180138719065
Kyrgyz Republic,2009,21.740400984575917
Kyrgyz Republic,2010,12.438044327069791
Kyrgyz Republic,2011,1.0589888017879083
Kyrgyz Republic,2012,13.197591914523072
Kyrgyz Republic,2013,17.590588686865264
Kyrgyz Republic,2014,10.808718325794905
Kyrgyz Republic,2015,19.533360647361324
Kyrgyz Republic,2016,17.426879275242293
Kyrgyz Republic,2017,12.68917742267945
Kyrgyz Republic,2018,15.530337052836371
Kyrgyz Republic,2019,8.364750007419287
Kyrgyz Republic,2020,11.102676850389248
Kyrgyz Republic,2021,0.543018692651354
Kyrgyz Republic,2022,-0.8293014746625458
Kyrgyz Republic,2023,-0.6285155843547421
Kyrgyz Republic,2024,14.36277133428599
Lao PDR,1991,11.532297596067195
Lao PDR,1992,18.874831069884166
Lao PDR,1993,12.724494015166885
Lao PDR,1994,15.13399662679191
Lao PDR,1995,5.000306937546114
Lao PDR,1996,11.672686716580555
Lao PDR,1998,-29.932136001718536
Lao PDR,1999,-42.09865183897081
Lao PDR,2000,5.77111514812214
Lao PDR,2001,15.8895002535025
Lao PDR,2002,21.64710396111534
Lao PDR,2003,15.028555890074438
Lao PDR,2004,16.767096939164876
Lao PDR,2005,16.74609430174698
Lao PDR,2006,17.323118305172134
Lao PDR,2007,19.60354616452571
Lao PDR,2008,13.90416092207542
Lao PDR,2009,28.544004739746438
Lao PDR,2010,12.286034947863191
Lebanon,1989,-19.153449563546232
Lebanon,1990,21.16039869145768
Lebanon,1991,-6.531972113636736
Lebanon,1992,-28.98590859550833
Lebanon,1993,3.0344908964582555
Lebanon,1994,14.84184474451072
Lebanon,1995,12.659878622915896
Lebanon,1996,23.06925463624855
Lebanon,1997,7.8381767637066755
Lebanon,1999,18.51498373639715
Lebanon,2000,20.670411182638336
Lebanon,2001,19.00416045914324
Lebanon,2002,11.114353841506832
Lebanon,2003,11.66594611440405
Lebanon,2004,12.193543974622
Lebanon,2005,11.827843241889946
Lebanon,2006,9.29737692053858
Lebanon,2007,6.906533193766565
Lebanon,2008,2.2605863711326952
Lebanon,2009,-0.6494180074955681
Lebanon,2010,7.713429521597413
Lebanon,2011,4.431035601245212
Lebanon,2012,-0.2203869289943474
Lebanon,2013,4.6499846607907935
Lebanon,2014,7.161348674116287
Lebanon,2015,3.633832078919255
Lebanon,2016,7.414932182803562
Lebanon,2017,5.396472990868043
Lebanon,2018,3.385546528583441
Lebanon,2019,6.166022462039918
Lesotho,1980,-21.532311867072107
Lesotho,1981,2.152199626135665
Lesotho,1982,22.967158362686103
Lesotho,1983,3.4599625538639094
Lesotho,1984,8.769773029471676
Lesotho,1985,0.8077711472525699
Lesotho,1986,-2.440022233655581
Lesotho,1987,-0.5466319603979174
Lesotho,1988,-5.341751708465543
Lesotho,1989,3.405381811098376
Lesotho,1990,7.520733241083076
Lesotho,1991,1.8440373316939669
Lesotho,1992,3.783612424496485
Lesotho,1993,4.074970385995814
Lesotho,1994,6.016114109718867
Lesotho,1995,3.1542199152539454
Lesotho,1996,11.043456166034654
Lesotho,1997,8.268647946787652
Lesotho,1998,9.224945636949464
Lesotho,1999,10.109239609836406
Lesotho,2000,10.170673769546044
Lesotho,2001,4.558152416044516
Lesotho,2002,2.541936373740551
Lesotho,2003,13.252971992397365
Lesotho,2004,2.5315670638788426
Lesotho,2005,5.469852668794505
Lesotho,2006,2.607098236081417
Lesotho,2007,22.30461680013988
Lesotho,2008,-0.4565428280285943
Lesotho,2009,10.41083191018302
Lesotho,2010,5.587195106381907
Lesotho,2011,0.9163781310968734
Lesotho,2012,7.767625334516202
Lesotho,2013,-0.3263474649095875
Lesotho,2014,-3.2408495453181128
Lesotho,2015,0.3329861111106991
Lesotho,2016,11.90309531506722
Lesotho,2017,9.372696760635408
Lesotho,2018,-0.3301932756419429
Lesotho,2019,7.490316024932962
Lesotho,2020,2.278172012559703
Lesotho,2021,4.930935861610334
Lesotho,2022,3.273304495118647
Lesotho,2023,11.493739412239211
Lesotho,2024,7.346547674106101
Liberia,1981,13.961884894848644
Liberia,1982,13.022989742976964
Liberia,1983,24.23465680896974
Liberia,1984,14.589400632905052
Liberia,1985,17.943545706663816
Liberia,1986,13.911321855207127
Liberia,1987,-2.750367590827904
Liberia,1988,4.038605160641717
Liberia,1989,10.2126156086815
Liberia,1991,8.04274198024498
Liberia,1992,16.286383839371865
Liberia,1994,8.714889042103543
Liberia,1995,8.502420120956181
Liberia,1996,9.32478548439716
Liberia,1997,29.818286867690304
Liberia,1998,30.43397414383937
Liberia,1999,15.657715143405428
Liberia,2000,-21.640401630284657
Liberia,2001,21.2668474893726
Liberia,2002,21.90277433206389
Liberia,2003,1.3376808240366422
Liberia,2004,1.0585081332458852
Liberia,2005,16.46265409896728
Liberia,2006,5.83463167329262
Liberia,2007,2.7035955256435584
Liberia,2008,-2.4958730943425103
Liberia,2009,17.382816638339737
Liberia,2010,7.25786394321447
Liberia,2011,2.5489543398195607
Liberia,2012,5.30735347778052
Liberia,2013,8.378989667448941
Liberia,2014,12.580843934276862
Liberia,2015,13.53546468753786
Liberia,2016,6.185715732080978
Liberia,2017,16.294703958230844
Libya,1964,3.2604746696839064
Libya,1965,1.90209001673268
Libya,1966,-0.9528714151936812
Libya,1967,0.8148270934572401
Libya,1968,1.4376882059545768
Libya,1969,6.355237316627995
Libya,1970,6.912331450004452
Libya,1971,-11.132298586031398
Libya,1972,5.617312444081497
Libya,1973,-12.66747120412408
Libya,1974,-24.370655821163425
Libya,1975,14.34919377220601
Libya,1976,1.284760437636565
Libya,1977,-0.8276474330897086
Libya,1978,11.99371237951161
Libya,1979,-15.485247969991242
Libya,1980,-19.670976537240293
Libya,1981,-2.6475942374583523
Libya,1982,18.520089628145005
Libya,1983,6.113716406404184
Libya,1984,14.44348329737503
Libya,1985,8.357253912582218
Libya,1986,16.099887102273637
Libya,1987,-11.501460243959166
Libya,1988,30.131160696394957
Libya,1989,5.879940261841631
Libya,1990,2.194298885103597
Libya,1991,12.782748076636562
Libya,1992,-2.012059412426681
Libya,1993,5.279581603066595
Libya,1999,-17.678604258742848
Libya,2000,-5.566178581093222
Libya,2001,-0.1724820382728657
Libya,2002,-15.911773635880264
Libya,2003,-6.437915462459978
Libya,2004,-13.475766084562997
Libya,2005,-17.45645574105303
Libya,2006,-11.151599276255505
Libya,2007,3.475825036549856
Libya,2008,-14.315303102778476
Libya,2009,41.04610281324958
Libya,2010,-11.13238370300516
Libya,2011,-14.751767076754144
Libya,2012,0.0170496009954674
Libya,2013,5.909561344881549
Libya,2014,7.077849938425231
"Macao SAR, China",1986,0.8390260086206611
"Macao SAR, China",1987,-4.589097556838802
"Macao SAR, China",1988,-0.728974762784127
"Macao SAR, China",1989,-1.7104374458301494
"Macao SAR, China",1990,-0.4745118352241922
"Macao SAR, China",1991,-2.0016691277809397
"Macao SAR, China",1992,-6.527408204856038
"Macao SAR, China",1993,-2.772144918748459
"Macao SAR, China",1994,1.1247132218018625
"Macao SAR, China",1995,1.5879512981925392
"Macao SAR, China",1996,7.127875104079581
"Macao SAR, China",1997,7.934854591668798
"Macao SAR, China",1998,13.184244200742969
"Macao SAR, China",1999,10.770280997788973
"Macao SAR, China",2000,11.838900833983564
"Macao SAR, China",2001,9.60559218756838
"Macao SAR, China",2002,7.540584883074326
"Macao SAR, China",2003,5.949032623979453
"Macao SAR, China",2004,4.006249364847182
"Macao SAR, China",2005,1.4039765201211345
"Macao SAR, China",2006,0.9433706309906428
"Macao SAR, China",2007,-0.8723488926853432
"Macao SAR, China",2008,-4.220165876326116
"Macao SAR, China",2009,4.304561684842411
"Macao SAR, China",2010,0.4223397015617741
"Macao SAR, China",2011,-2.079664929699466
"Macao SAR, China",2012,-1.5853882427875583
"Macao SAR, China",2013,-2.313516203421805
"Macao SAR, China",2014,-3.1980691321558186
"Macao SAR, China",2015,0.6877710924676448
"Macao SAR, China",2016,4.323276297790248
"Macao SAR, China",2017,3.026005701567723
"Macao SAR, China",2018,1.680175401141809
"Macao SAR, China",2019,2.8854055352871084
"Macao SAR, China",2020,5.53562308204052
"Macao SAR, China",2021,6.15680880273772
"Macao SAR, China",2022,4.13322292208438
"Macao SAR, China",2023,1.5638472039004978
"Macao SAR, China",2024,5.810276861172981
Madagascar,1989,12.13869150340768
Madagascar,1990,12.463307289414498
Madagascar,1991,15.602348044231118
Madagascar,1992,9.10619017294978
Madagascar,1993,14.237744668943948
Madagascar,1994,-7.708603896061094
Madagascar,1995,-9.582880005098168
Madagascar,1996,13.142181297714243
Madagascar,1997,24.73047360708039
Madagascar,1998,19.57446231054236
Madagascar,1999,18.7153815222344
Madagascar,2000,13.717485538110232
Madagascar,2001,16.293136529490216
Madagascar,2002,7.512090324680989
Madagascar,2003,26.403929016219728
Madagascar,2004,9.30772986434688
Madagascar,2005,6.345836976907057
Madagascar,2006,15.694725625404034
Madagascar,2007,27.18976030266685
Madagascar,2008,33.97056148522365
Madagascar,2009,35.24764236786864
Madagascar,2010,32.46410144473597
Madagascar,2011,38.15134298666335
Madagascar,2012,48.03324402569029
Madagascar,2013,50.7601031926022
Madagascar,2014,49.90850314434496
Madagascar,2015,47.14666448739104
Madagascar,2016,46.842769322640606
Madagascar,2017,52.43678815299607
Madagascar,2018,43.48334496575031
Madagascar,2019,39.8770894409842
Madagascar,2020,42.71405655916365
Madagascar,2021,39.5350468800834
Madagascar,2022,35.76455903701827
Madagascar,2023,42.91454874875833
Madagascar,2024,48.663930552684725
Malawi,1981,1.7991046048181671
Malawi,1982,8.058069489048501
Malawi,1983,6.386380354774142
Malawi,1984,3.305734887776601
Malawi,1985,8.669877934396252
Malawi,1986,4.837239389545552
Malawi,1987,2.37837678581056
Malawi,1988,-6.74474331692276
Malawi,1989,0.4003885068419531
Malawi,1990,9.343061403118073
Malawi,1991,8.408610760683228
Malawi,1992,7.701139075549541
Malawi,1993,1.0340108478927783
Malawi,1994,3.826620192748906
Malawi,1995,-16.86397599658357
Malawi,1996,-4.602860420352168
Malawi,1997,6.136599130247329
Malawi,1998,15.155514170711047
Malawi,1999,9.94522661374334
Malawi,2000,17.30664374252685
Malawi,2001,24.314278087870083
Malawi,2002,-29.22136260170104
Malawi,2003,34.95417704363172
Malawi,2004,19.144408471729395
Malawi,2005,20.175046949823617
Malawi,2006,10.23841046295456
Malawi,2007,22.6855094388768
Malawi,2008,11.890456645761375
Malawi,2009,16.079893900684407
Malawi,2010,11.14606935683459
Malawi,2011,8.56192815281727
Malawi,2012,12.487356382076662
Malawi,2013,14.927537904283138
Malawi,2014,19.27787102287313
Malawi,2015,20.508796459277274
Malawi,2016,19.80120471573662
Malawi,2017,25.336201268641105
Malawi,2018,24.622774490261477
Malawi,2019,16.658302800423915
Malawi,2020,16.944349198566645
Malawi,2021,14.5426258743756
Malawi,2022,6.985625749293549
Malawi,2023,3.498647992237633
Malawi,2024,9.921167258063418
Malaysia,1969,4.036026803493689
Malaysia,1970,9.7591540677641
Malaysia,1971,9.704132767683213
Malaysia,1972,8.49694070317854
Malaysia,1973,-6.798879803338837
Malaysia,1974,-1.312435132762422
Malaysia,1975,13.750768983189763
Malaysia,1976,-2.3917796036202152
Malaysia,1977,2.43753903700032
Malaysia,1978,-0.4555527559880988
Malaysia,1979,-2.346500948333763
Malaysia,1980,3.0455381222522075
Malaysia,1981,10.716385138554749
Malaysia,1982,9.590517578540664
Malaysia,1983,5.537334854281256
Malaysia,1984,7.077983517443581
Malaysia,1985,14.389506477832192
Malaysia,1986,22.956877651342705
Malaysia,1987,2.50382419068594
Malaysia,1988,5.481540543118777
Malaysia,1989,4.2447419863696485
Malaysia,1990,4.795417722799533
Malaysia,1991,5.563371209901981
Malaysia,1992,7.564791778104983
Malaysia,1993,5.812133911549414
Malaysia,1994,4.6439830088485055
Malaysia,1995,4.917892769414313
Malaysia,1996,6.0411224780334765
Malaysia,1997,6.9055097603538105
Malaysia,1998,3.3506816194453126
Malaysia,1999,8.514010654777588
Malaysia,2000,-1.0857389772397774
Malaysia,2001,8.848512895562807
Malaysia,2002,3.296312370756157
Malaysia,2003,2.906032398256265
Malaysia,2004,0.0344787905461848
Malaysia,2005,-2.6731741041822072
Malaysia,2006,2.409000976915662
Malaysia,2007,1.456735346657127
Malaysia,2008,-3.9033819375843146
Malaysia,2009,11.782392956305888
Malaysia,2010,-2.1132773264270206
Malaysia,2011,-0.4718686339606445
Malaysia,2012,3.748419373675505
Malaysia,2013,4.467530817456926
Malaysia,2014,2.068518216431727
Malaysia,2015,3.307037704081286
Malaysia,2016,2.8259451826062665
Malaysia,2017,0.7989260403272769
Malaysia,2018,4.277048073891243
Malaysia,2019,4.801617186183979
Malaysia,2020,4.801491997182231
Malaysia,2021,-2.1119586120884293
Malaysia,2022,-2.246807130474304
Malaysia,2023,7.301359695252673
Malaysia,2024,4.4573037223375325
Maldives,1995,10.142624197548605
Maldives,1996,6.050100566406023
Maldives,1997,6.616428112374565
Maldives,1998,12.265707357769822
Maldives,1999,6.231896001819048
Maldives,2000,7.341436440128083
Maldives,2001,-27.41665807786013
Maldives,2002,9.375668973329004
Maldives,2003,6.928657213145212
Maldives,2004,0.156737198386501
Maldives,2005,3.2746603469194024
Maldives,2006,0.6710754415425635
Maldives,2007,-0.4146941630407829
Maldives,2008,-1.1768585157004272
Maldives,2009,-2.114033004537788
Maldives,2010,6.8047683211937
Maldives,2011,-1.9149618049181767
Maldives,2012,3.342296059744679
Maldives,2013,4.128919400225246
Maldives,2014,7.002895788903
Maldives,2015,3.416880678675966
Maldives,2016,10.31858886283204
Maldives,2017,7.862017300479347
Maldives,2018,7.061841328067987
Maldives,2019,12.60744750150137
Maldives,2020,15.486733804755598
Maldives,2021,8.496462962270712
Maldives,2022,7.267646779470478
Maldives,2023,9.34345767007608
Maldives,2024,8.228322520539217
Mali,2005,-2.6970599167176985
Mali,2006,-0.8442517219147259
Mali,2007,-1.49014626957217
Mali,2008,-1.198331185570138
Mali,2009,-0.9978646057155804
Mali,2010,0.8700988720747964
Mali,2011,-6.427206105836856
Mali,2012,0.1760235629508386
Mali,2013,5.62291518418872
Mali,2014,3.453326462138882
Mali,2015,2.271591674149573
Mali,2016,3.6367509459340064
Malta,1995,-1.1957640713655342
Malta,1996,6.299821151047944
Malta,1997,7.15164518643646
Malta,1998,6.615148578689809
Malta,1999,7.113386900056603
Malta,2000,19.06035982931745
Malta,2001,2.42157207017944
Malta,2002,3.3182303782210734
Malta,2003,3.73787026736921
Malta,2004,2.7420880172303765
Malta,2005,3.47605559696748
Malta,2006,3.306786846296576
Malta,2007,3.910174411152582
Malta,2008,2.4334397347415324
Malta,2009,2.1756331353625
Malta,2010,1.7850102735890532
Malta,2011,3.215525355387663
Malta,2012,2.4881022207910424
Malta,2013,2.3958197845692064
Mauritania,1980,5.117486193407019
Mauritania,1981,4.4142007293048415
Mauritania,1982,1.738679650597822
Mauritania,1983,4.423258497693623
Mauritania,1984,0.980405516439708
Mauritania,1985,1.5919773170331732
Mauritania,1986,4.41892337951986
Mauritania,1987,1.392216638446064
Mauritania,1988,6.278804875057034
Mauritania,1989,1.8743728369013877
Mauritania,1990,7.168106837338014
Mauritania,1991,-22.213715396575708
Mauritania,1992,9.54341336426198
Mauritania,1993,5.066841564100695
Mauritania,1994,6.367719606278119
Mauritania,1995,17.00805779521054
Mauritania,1996,19.775689396382965
Mauritania,1997,8.853672898738614
Mauritania,1998,5.95043566244897
Mauritania,1999,22.167107843894545
Mauritania,2000,18.08317787919419
Mauritania,2001,15.755375353987162
Mauritania,2002,13.386343908812602
Mauritania,2003,15.805565012519114
Mauritania,2004,9.070382693845522
Mauritania,2005,7.416376506017423
Mauritania,2006,8.685112421966
Mauritania,2007,13.411392437206784
Mauritania,2008,8.686177824925963
Mauritania,2009,19.93046426130058
Mauritania,2010,-4.367361766686778
Mauritania,2011,-0.4659940393465789
Mauritania,2012,16.469090603489025
Mauritania,2013,11.974614816860983
Mauritania,2014,32.76795083778266
Mauritania,2015,22.891296404785887
Mauritania,2016,5.206243594234569
Mauritania,2017,15.175688106828584
Mauritius,1980,-11.708635930028152
Mauritius,1981,1.193896783335394
Mauritius,1982,4.142518212069205
Mauritius,1983,6.129501950209766
Mauritius,1984,5.384448145623333
Mauritius,1985,5.206870138603088
Mauritius,1986,5.842087419979908
Mauritius,1987,1.0716049177399336
Mauritius,1988,3.672112727199935
Mauritius,1989,4.572312977864465
Mauritius,1990,6.706570628559354
Mauritius,1991,8.46108967024457
Mauritius,1992,11.171331312416674
Mauritius,1993,6.741531480969616
Mauritius,1994,11.600756616661036
Mauritius,1995,14.61938377779286
Mauritius,1996,12.906722956449698
Mauritius,1997,13.12385509063064
Mauritius,1998,12.10981084280418
Mauritius,1999,14.124817060540064
Mauritius,2000,16.7884303740482
Mauritius,2001,13.999691617465466
Mauritius,2002,13.915284709286
Mauritius,2003,14.558173287816318
Mauritius,2004,13.24768651486813
Mauritius,2005,16.444328483569066
Mauritius,2006,8.823832228969733
Mauritius,2007,12.511355109931872
Mauritius,2008,5.73390295522839
Mauritius,2009,9.849529163123036
Mauritius,2010,7.743208352828012
Mauritius,2011,5.606834208582782
Mauritius,2012,6.031818527331476
Mauritius,2013,4.450080674600165
Mauritius,2014,6.151259163227156
Mauritius,2015,6.902881927413016
Mauritius,2016,5.964354019072887
Mauritius,2017,6.711708068467664
Mauritius,2018,6.535689852109077
Mauritius,2019,9.020400057197696
Mauritius,2020,4.599129144629164
Mauritius,2021,3.790386871754629
Mauritius,2022,-0.940521205361164
Mauritius,2023,3.1710444826448385
Mauritius,2024,5.438702436596448
Mexico,1993,-17.248570860252094
Mexico,1994,10.09533904228563
Mexico,1995,14.85667585366585
Mexico,1996,7.647439654562143
Mexico,1997,3.7426065583795065
Mexico,1998,9.196889618803134
Mexico,1999,7.304444821152762
Mexico,2000,5.6282595728479645
Mexico,2001,5.937646452590797
Mexico,2002,2.567250761826368
Mexico,2003,2.630266126647344
Mexico,2004,-0.6281223625793498
Mexico,2005,3.598260260001346
Mexico,2006,1.3238319710294015
Mexico,2007,1.3502977394096314
Mexico,2008,2.2532006755293823
Mexico,2009,1.73076519097887
Mexico,2010,0.8698315105407916
Mexico,2011,-0.7180874145566665
Mexico,2012,0.1325956176141824
Mexico,2013,2.523945474376839
Mexico,2014,-0.7825189326641588
Mexico,2015,0.2070591926460569
Mexico,2016,-1.2475973327935386
Mexico,2017,0.7177651619955414
Mexico,2018,2.69522693587484
Mexico,2019,3.939987955881345
Mexico,2020,1.6458420835601633
Mexico,2021,0.3863544566270958
Mexico,2022,1.4179850960247082
Mexico,2023,6.6292948952406245
Mexico,2024,6.022835470697449
"Micronesia, Fed. Sts.",1995,13.313295690384871
"Micronesia, Fed. Sts.",1996,12.897217666819827
"Micronesia, Fed. Sts.",1997,14.268016483052827
"Micronesia, Fed. Sts.",1998,11.640579924907655
"Micronesia, Fed. Sts.",1999,16.101276760420955
"Micronesia, Fed. Sts.",2000,14.137880265297255
"Micronesia, Fed. Sts.",2001,14.065640845482276
"Micronesia, Fed. Sts.",2002,15.168832470974388
"Micronesia, Fed. Sts.",2003,15.426573570962203
"Micronesia, Fed. Sts.",2004,14.260392393518408
"Micronesia, Fed. Sts.",2005,14.04836407173879
"Micronesia, Fed. Sts.",2006,14.141680031235287
"Micronesia, Fed. Sts.",2007,10.539850249228271
"Micronesia, Fed. Sts.",2008,8.784407180401027
"Micronesia, Fed. Sts.",2009,9.627078489162672
"Micronesia, Fed. Sts.",2010,11.04617697820599
"Micronesia, Fed. Sts.",2011,12.425444094549196
"Micronesia, Fed. Sts.",2012,6.799934633253642
"Micronesia, Fed. Sts.",2013,15.019645638284878
"Micronesia, Fed. Sts.",2014,12.282692009343378
"Micronesia, Fed. Sts.",2015,22.31741453757091
"Micronesia, Fed. Sts.",2016,11.463301013390645
"Micronesia, Fed. Sts.",2017,7.391267081999208
"Micronesia, Fed. Sts.",2018,5.959948979591841
"Micronesia, Fed. Sts.",2019,18.77563451776648
"Micronesia, Fed. Sts.",2020,18.922881997652148
"Micronesia, Fed. Sts.",2021,10.5665246982575
Moldova,1995,1.4685858718273386
Moldova,1996,6.894448959788972
Moldova,1997,18.50801429438679
Moldova,1998,19.516656455887038
Moldova,1999,-3.038070824823397
Moldova,2000,5.063989538985588
Moldova,2001,14.814012538315405
Moldova,2002,12.4688960547496
Moldova,2003,3.8507437060545087
Moldova,2004,11.993328881465857
Moldova,2005,9.069245857845802
Moldova,2006,4.152944177589294
Moldova,2007,2.5160187817844384
Moldova,2008,10.819716340169157
Moldova,2009,17.984618147964127
Moldova,2010,-12.71140672077075
Moldova,2011,5.774285123698438
Moldova,2012,5.579684182737505
Moldova,2013,8.054277575777228
Moldova,2014,5.58218922393701
Moldova,2015,2.3078153896756506
Moldova,2016,10.357374179174649
Moldova,2017,3.868370944562543
Moldova,2018,5.461109874902808
Moldova,2019,2.7510592295245697
Moldova,2020,2.467431084132224
Moldova,2021,0.954053040073202
Moldova,2022,-5.938864335865056
Moldova,2023,2.7951786992692984
Moldova,2024,2.1968241663878576
Mongolia,1998,50.97910990004271
Mongolia,1999,29.875587522224063
Mongolia,2000,22.27952706967952
Mongolia,2001,24.356550305899862
Mongolia,2002,27.401584080924
Mongolia,2003,19.657806153557623
Mongolia,2004,12.667472557145462
Mongolia,2005,8.719842375575762
Mongolia,2006,4.055995563296094
Mongolia,2007,9.137236010819734
Mongolia,2008,-0.7125807395010028
Mongolia,2009,19.484338531706044
Mongolia,2010,-13.730174309331687
Mongolia,2011,1.2944583627866992
Mongolia,2012,4.725331319425123
Mongolia,2013,15.134097836725353
Mongolia,2014,10.774052462664075
Mongolia,2015,18.83807899521909
Mongolia,2016,16.26167578091163
Mongolia,2017,8.309060219630837
Mongolia,2018,9.034455713520217
Mongolia,2019,6.387440866511049
Mongolia,2020,12.751251517645038
Mongolia,2021,1.38672967252835
Montenegro,2005,7.743118248457911
Montenegro,2006,1.107101264925494
Montenegro,2007,-5.67904013657606
Montenegro,2008,1.218471613160592
Montenegro,2009,6.877873343728939
Montenegro,2010,7.56823866679139
Montenegro,2011,9.312297141184374
Montenegro,2012,9.154023780778063
Montenegro,2013,7.648034218285257
Montenegro,2014,8.184105784917822
Montenegro,2015,6.498550120906591
Montenegro,2016,2.5601487836245065
Montenegro,2017,2.426373105995857
Montenegro,2018,3.122067297733453
Montenegro,2019,4.108971431950061
Montenegro,2020,6.396671685103383
Montenegro,2021,0.6550825659559515
Montenegro,2022,-5.737123972390565
Montenegro,2023,-4.778131488055845
Montenegro,2024,1.688007488773967
Mozambique,1997,17.56896238031253
Mozambique,1998,17.138565062607462
Mozambique,1999,9.81496970344474
Mozambique,2000,6.651056779943748
Mozambique,2001,6.923638421610127
Mozambique,2002,15.36571739670484
Mozambique,2003,20.310519839394768
Mozambique,2004,15.389052946558197
Mozambique,2005,11.30718362681205
Mozambique,2006,10.329285233890976
Mozambique,2007,11.244856121559469
Mozambique,2008,12.51245370072195
Mozambique,2009,13.998325815725648
Mozambique,2010,8.005407058485183
Mozambique,2011,16.366889793891705
Mozambique,2012,13.218585980085734
Mozambique,2013,12.396893103165764
Mozambique,2014,13.564750096958168
Mozambique,2015,7.291755357712802
Mozambique,2016,8.037660793520349
Mozambique,2017,18.40940395687282
Mozambique,2018,18.48662535808443
Mozambique,2019,13.642538422535988
Mozambique,2020,13.47592816467026
Mozambique,2021,13.02346040058935
Mozambique,2022,10.060977305152504
Mozambique,2023,17.708282271775705
Mozambique,2024,14.333459103921562
Myanmar,1994,-1.451880735509652
Myanmar,1995,0.5910064333923779
Myanmar,1996,-2.218673927733989
Myanmar,1997,-10.0800555519514
Myanmar,1998,-11.42464204743449
Myanmar,1999,-2.2784776861827867
Myanmar,2000,15.91564946268968
Myanmar,2001,-5.112702696148972
Myanmar,2002,-16.286880174983736
Myanmar,2003,-1.6888459672690186
Myanmar,2004,14.343869278213136
Myanmar,2005,-0.5890992343958997
Myanmar,2006,-1.2412372798146154
Myanmar,2007,-2.2005380099614182
Myanmar,2008,6.428890384502457
Myanmar,2009,15.298142606889808
Myanmar,2010,12.966599921539055
Myanmar,2011,8.932044121827023
Myanmar,2012,12.479289196510814
Myanmar,2013,11.134454836172177
Myanmar,2014,11.63482687566351
Myanmar,2015,11.392048751641514
Myanmar,2016,11.952169915155883
Myanmar,2017,9.564810611289674
Myanmar,2018,10.118468387408996
Myanmar,2019,10.032984943461033
Myanmar,2020,9.007834728055409
Namibia,1991,16.394888753236536
Namibia,1992,9.018394062048293
Namibia,1993,6.939789400333587
Namibia,1994,-2.8273164835541693
Namibia,1995,11.08610642045729
Namibia,1996,3.4588919796536146
Namibia,1997,12.19830926267654
Namibia,1998,11.498718961805697
Namibia,1999,10.955548505222405
Namibia,2000,3.591989766120992
Namibia,2001,2.992616598664154
Namibia,2002,3.485247985687041
Namibia,2003,13.261161789908291
Namibia,2004,9.16198618354989
Namibia,2005,4.746221086853748
Namibia,2006,1.6217008393084686
Namibia,2007,3.2920210048696905
Namibia,2008,2.501098534071778
Namibia,2009,3.9019246053898753
Namibia,2010,5.778789663752033
Namibia,2011,4.7345080105914
Namibia,2012,-2.344442064941528
Namibia,2013,4.084375541965235
Namibia,2014,0.4289512007493574
Namibia,2015,5.256452789621662
Namibia,2016,1.737319303260588
Namibia,2017,0.0979958700889795
Namibia,2018,5.471387276084723
Namibia,2019,8.867377565819217
Namibia,2020,3.0938071003348617
Namibia,2021,5.245250521862503
Namibia,2022,2.063386455703943
Namibia,2023,4.059948021651383
Namibia,2024,7.463873189506822
Netherlands,1999,2.13082362335442
Netherlands,2000,1.47335236212653
Netherlands,2001,0.598810256774822
Netherlands,2002,0.0776295352313075
Netherlands,2003,0.697957459038261
Netherlands,2004,1.53417924963315
Netherlands,2005,0.775883880764693
Netherlands,2006,0.94080454967972
Netherlands,2007,2.50343308994358
Netherlands,2008,2.14027147572424
Netherlands,2009,1.53893748369302
Netherlands,2010,1.03239437643411
Netherlands,2011,1.75309018612449
Netherlands,2012,0.29198946071416
Netherlands,2013,0.351053253772373
New Zealand,1998,7.858702116405948
New Zealand,1999,6.429724512713579
New Zealand,2000,4.791445431309332
New Zealand,2001,3.5948864320687024
New Zealand,2002,6.856985407422861
New Zealand,2003,4.827558566580492
New Zealand,2004,4.22652471005878
New Zealand,2005,5.648969919510725
New Zealand,2006,5.337893979178634
New Zealand,2007,3.1361019853172127
New Zealand,2008,6.031146912038045
New Zealand,2009,3.918139062129277
New Zealand,2010,3.000906958329046
New Zealand,2011,3.54838795075054
New Zealand,2012,6.0135218107418815
New Zealand,2013,1.2955107017153995
New Zealand,2014,5.332672998212825
New Zealand,2015,4.236510397029008
New Zealand,2016,2.5389026295170463
New Zealand,2017,1.1054194634806505
Nicaragua,1988,628.3196662680882
Nicaragua,1989,-88.42983652656922
Nicaragua,1990,-97.693477115506
Nicaragua,1991,-97.52007696994104
Nicaragua,1992,-6.352399137583694
Nicaragua,1993,-3.189620719789062
Nicaragua,1994,-50.15877011452604
Nicaragua,1995,2.5440357056255416
Nicaragua,1996,6.702558497930225
Nicaragua,1997,6.761060221850876
Nicaragua,1998,3.2196926951893388
Nicaragua,1999,7.64279225174915
Nicaragua,2000,8.821366263015312
Nicaragua,2001,10.547728097577972
Nicaragua,2002,14.573407191672157
Nicaragua,2003,9.70097533554037
Nicaragua,2004,4.07198285540005
Nicaragua,2005,2.0336082629062684
Nicaragua,2006,3.43742788367198
Nicaragua,2007,3.0705127026679784
Nicaragua,2008,-2.607421606286769
Nicaragua,2009,7.552480882753071
Nicaragua,2010,6.7665437385728575
Nicaragua,2011,0.2930707633910714
Nicaragua,2012,5.41299610035698
Nicaragua,2013,10.192170359958288
Nicaragua,2014,4.746812151564557
Nicaragua,2015,4.14902144592775
Nicaragua,2016,6.548020901954712
Nicaragua,2017,6.393113038504184
Nicaragua,2018,8.024222326174161
Nicaragua,2019,6.700362865869484
Nicaragua,2020,4.600878278334217
Nicaragua,2021,5.890420787998649
Nicaragua,2022,0.7779811911431993
Nicaragua,2023,-1.17366915072469
Nicaragua,2024,3.6606973493878647
Niger,2005,2.0346130463592824
Niger,2006,3.1926999855322813
Niger,2007,-2.134777360369388
Niger,2008,-4.671742817774217
Niger,2009,0.7557726735770942
Niger,2010,1.5832709716524582
Niger,2011,1.2352521458623111
Niger,2012,-0.2556043583330028
Niger,2013,5.677634436959334
Niger,2014,5.767407214387353
Niger,2015,2.8408376767441186
Niger,2016,3.440598192090329
Nigeria,1970,-29.269517344323965
Nigeria,1971,5.576788728553669
Nigeria,1972,3.991658479215351
Nigeria,1973,1.5692577867550035
Nigeria,1974,-25.666759402173952
Nigeria,1975,-13.96816184362292
Nigeria,1976,-6.867482827640843
Nigeria,1977,-4.257604520863479
Nigeria,1978,-6.289567711042752
Nigeria,1979,-2.99470821192688
Nigeria,1980,-3.547418214827828
Nigeria,1981,-65.85714870072444
Nigeria,1982,-4.586180209309092
Nigeria,1983,-8.022386439453115
Nigeria,1984,4.34249262532726
Nigeria,1985,2.343230572387943
Nigeria,1986,4.310292249374867
Nigeria,1987,-4.7696448098134665
Nigeria,1988,-2.9626764817482445
Nigeria,1989,-6.612412438991568
Nigeria,1990,17.466244441487387
Nigeria,1991,0.9908473454071588
Nigeria,1992,-14.98716798865298
Nigeria,1993,-7.052474656441585
Nigeria,1994,-15.9202329748902
Nigeria,1995,-31.452565499326028
Nigeria,1996,-5.260784136920072
Nigeria,1997,12.126611888269954
Nigeria,1998,11.484669057274196
Nigeria,1999,6.047248344113088
Nigeria,2000,-1.1408886399524956
Nigeria,2001,12.138702493854238
Nigeria,2002,3.023542278893198
Nigeria,2003,9.935713380648227
Nigeria,2004,-2.604847056919944
Nigeria,2005,-1.5936804821988106
Nigeria,2006,-5.627968048448182
Nigeria,2007,9.187171230000123
Nigeria,2008,6.684908633949941
Nigeria,2009,18.18000167186694
Nigeria,2010,1.067736064673116
Nigeria,2011,5.685579859155272
Nigeria,2012,6.224808613755141
Nigeria,2013,11.201622224897465
Nigeria,2014,11.356213024959516
Nigeria,2015,13.596153245128306
Nigeria,2016,6.686233623272848
Nigeria,2017,5.790566865336752
Nigeria,2018,6.055977157678935
Nigeria,2019,-25.776529937819305
Nigeria,2020,2.14785084959324
Nigeria,2021,-1.024335353915564
Nigeria,2022,3.968558738843665
Nigeria,2023,2.87664578502372
North Macedonia,2005,7.265168467489124
North Macedonia,2006,8.042405695770093
North Macedonia,2007,5.650167966890512
North Macedonia,2008,4.494107877762286
North Macedonia,2009,10.842736103336325
North Macedonia,2010,8.481425489462229
North Macedonia,2011,5.667228210868176
North Macedonia,2012,7.985221755379713
North Macedonia,2013,3.8312668480682106
North Macedonia,2014,6.228067079020194
North Macedonia,2015,5.345758179646803
North Macedonia,2016,3.4333699649237293
North Macedonia,2017,3.695885564067586
North Macedonia,2018,2.098377491456982
North Macedonia,2019,4.700387849024527
North Macedonia,2020,3.767168601126333
North Macedonia,2021,0.5489182854563802
North Macedonia,2022,-3.894990801356103
North Macedonia,2023,-2.2631674374426627
North Macedonia,2024,2.1017403588259107
Norway,2013,1.7520276478132848
Norway,2014,3.9431473787202247
Norway,2015,6.486376471760297
Norway,2016,4.743909450286181
Norway,2017,-1.0329613960702737
Norway,2018,-3.575966540954548
Norway,2019,3.805139126755127
Norway,2020,5.349419430348688
Norway,2021,-14.922876785152992
Norway,2022,-19.60292949341849
Norway,2023,18.42616705990417
Norway,2024,6.3931517010635295
Oman,1984,15.812373522796324
Oman,1985,10.803316813902915
Oman,1986,38.49441330210025
Oman,1987,-1.6888261081223577
Oman,1988,7.926483104739884
Oman,1989,9.85225030192531
Oman,1990,-22.749490314336704
Oman,1991,19.75023620379493
Oman,1992,7.986874420282696
Oman,1993,15.090315992738535
Oman,1994,8.874666880762193
Oman,1995,7.393019776959957
Oman,1996,1.757676065993608
Oman,1997,11.675237509993806
Oman,1998,23.30289876995777
Oman,1999,-0.2595937164062521
Oman,2000,-6.298387363207323
Oman,2001,14.926228030533377
Oman,2002,3.946436783564864
Oman,2003,-1.1358144451343526
Oman,2004,-4.050575155807948
Oman,2005,-11.870167201497672
Oman,2006,-6.346796362974754
Oman,2007,-0.6384427205550329
Oman,2008,-19.46586253392337
Oman,2009,43.17813748805982
Oman,2010,-6.324582968297627
Oman,2011,-8.07973379393509
Oman,2012,2.2146942392579123
Oman,2013,7.911581547463315
Oman,2014,3.40789682865649
Oman,2015,29.71419215371617
Oman,2016,15.459809348632088
Oman,2017,-1.9993678487202404
Oman,2018,-5.804866112383938
Oman,2019,8.300898404723332
Oman,2020,18.2141989885354
Oman,2021,-5.923980703301689
Pakistan,2004,0.0057407354215582
Pakistan,2005,3.330537511149916
Pakistan,2006,4.707521704377555
Pakistan,2007,1.302448553915894
Pakistan,2008,1.816946962829032
Pakistan,2009,1.9246993544886648
Pakistan,2010,3.12315587247781
Pakistan,2011,-1.7109984014481985
Pakistan,2012,3.275933782793054
Pakistan,2013,4.286266709852499
Pakistan,2014,4.216252635400199
Pakistan,2015,5.470839389156161
Pakistan,2016,7.761265133027259
Pakistan,2017,4.01832568832305
Pakistan,2018,4.515568204897022
Pakistan,2019,2.9317933027451866
Pakistan,2020,0.7396925080047232
Pakistan,2021,-1.4522594230780226
Panama,1996,20.244782143262444
Panama,1997,9.310564358506417
Panama,1998,10.004351896212285
Panama,1999,9.7578466264372
Panama,2000,12.187224595049525
Panama,2001,9.407214188624714
Panama,2002,8.504563098378666
Panama,2003,8.712404916119917
Panama,2004,6.05179220550872
Panama,2005,6.874064202901494
Panama,2006,6.369283696347035
Panama,2007,5.770670675320149
Panama,2008,0.3994928133179815
Panama,2009,1.2162290631825496
Panama,2010,4.641732748175647
Panama,2011,1.924992330501836
Panama,2012,1.3223236125774376
Panama,2013,1.1731548446244249
Panama,2014,2.1404074050363646
Panama,2015,3.3783602710068497
Panama,2016,4.024183187970682
Panama,2017,4.883719002517597
Panama,2018,6.139255095753161
Panama,2019,6.51656730025748
Panama,2020,7.540319954574352
Panama,2021,5.444503278102808
Panama,2022,4.610352922172284
Papua New Guinea,1983,-5.963786776984294
Papua New Guinea,1984,2.979267141941697
Papua New Guinea,1985,9.763348571828567
Papua New Guinea,1986,10.82952181189226
Papua New Guinea,1987,3.6769545955371807
Papua New Guinea,1988,4.407347674046472
Papua New Guinea,1989,17.61143187915368
Papua New Guinea,1990,10.928680952984813
Papua New Guinea,1991,6.704507847204025
Papua New Guinea,1992,11.332271375675848
Papua New Guinea,1993,14.136111894359509
Papua New Guinea,1994,1.7779548771597191
Papua New Guinea,1995,-2.3396342896561277
Papua New Guinea,1996,11.28694944049421
Papua New Guinea,1997,1.8656026589615056
Papua New Guinea,1998,2.759041660762348
Papua New Guinea,1999,7.046922705863877
Papua New Guinea,2000,3.925717978733661
Papua New Guinea,2001,8.692587939039917
Papua New Guinea,2002,1.4237501506362389
Papua New Guinea,2003,7.406239299900419
Papua New Guinea,2004,15.553080439478444
Papua New Guinea,2005,-0.6357616911435744
Papua New Guinea,2006,-31.117242299808176
Papua New Guinea,2007,6.792383875923482
Papua New Guinea,2008,-2.2108672355313166
Papua New Guinea,2009,15.741555943515433
Papua New Guinea,2010,0.4809733116377699
Papua New Guinea,2011,1.814855839755825
Papua New Guinea,2012,11.455556804504656
Papua New Guinea,2013,6.316495981335522
Papua New Guinea,2014,3.735335804561296
Papua New Guinea,2015,10.087811319828006
Papua New Guinea,2016,5.712976777048024
Papua New Guinea,2017,0.6395554954129937
Papua New Guinea,2018,-0.6581251534104506
Papua New Guinea,2019,7.508808733162447
Papua New Guinea,2020,5.968777174777249
Papua New Guinea,2021,-3.542058987413019
Papua New Guinea,2022,-6.118455749218484
Papua New Guinea,2023,13.298330007730986
Papua New Guinea,2024,1.4872143136856932
Paraguay,1994,25.24181269320554
Paraguay,1995,25.34473234308566
Paraguay,1996,22.819077842089417
Paraguay,1997,27.75467856872749
Paraguay,1998,16.321452377652466
Paraguay,1999,21.892738020854225
Paraguay,2000,14.203538638480415
Paraguay,2001,16.42689975456009
Paraguay,2002,22.65700467993085
Paraguay,2003,37.02078190327444
Paraguay,2004,24.08131359468716
Paraguay,2005,19.13485082575201
Paraguay,2006,23.866004104736888
Paraguay,2007,14.458350246076128
Paraguay,2008,15.683124648435795
Paraguay,2009,27.98723538799952
Paraguay,2010,24.301762401239
Paraguay,2011,11.70584738716122
Paraguay,2012,11.79426983654864
Paraguay,2013,14.31208515740427
Paraguay,2014,17.81994438954014
Paraguay,2015,17.84574238896678
Paraguay,2016,13.38659907520675
Paraguay,2017,14.509388613722916
Paraguay,2018,13.492962636338287
Paraguay,2019,12.053326067250158
Paraguay,2020,11.089000085407909
Paraguay,2021,3.745212561889768
Peru,1985,-39.27262310699791
Peru,1986,-19.13144010524885
Peru,1987,-28.958870756697326
Peru,1988,-62.77055681793853
Peru,1989,-45.6462856028388
Peru,1990,-31.459676705487148
Peru,1991,61.18594164879634
Peru,1992,46.60393798124891
Peru,1993,32.69033995314348
Peru,1994,22.621877520512385
Peru,1995,19.877127196986883
Peru,1996,19.916164724990896
Peru,1997,22.02446488038716
Peru,1998,25.866275291242985
Peru,1999,31.20635655059117
Peru,2000,25.56984774709478
Peru,2001,24.41195004215903
Peru,2002,20.633845860145858
Peru,2003,18.87154951264258
Peru,2004,17.308705204716034
Peru,2005,21.28436819488696
Peru,2006,15.11949890962917
Peru,2007,21.051167410281725
Peru,2008,22.32387459458797
Peru,2009,18.594490801955867
Peru,2010,12.549473374835491
Peru,2011,11.178087863362377
Peru,2012,17.820022486340065
Peru,2013,16.903308069058994
Peru,2014,12.994785090205
Peru,2015,13.063822015277545
Peru,2016,12.985256781151126
Peru,2017,12.712203567167922
Peru,2018,11.988677700057307
Peru,2019,12.283264456872123
Peru,2020,8.888580606910997
Peru,2021,0.8322408623095973
Peru,2022,7.734763819275927
Philippines,1976,3.337382544380119
Philippines,1977,3.3526829143667918
Philippines,1978,2.417648019108269
Philippines,1979,-0.8186529261965138
Philippines,1980,-0.2053603099377212
Philippines,1981,3.1945102866694715
Philippines,1982,8.722557006343585
Philippines,1983,4.367419455429564
Philippines,1984,-16.190097399437843
Philippines,1985,9.867206389175214
Philippines,1986,14.230282883036791
Philippines,1987,5.433439049441878
Philippines,1988,5.613499006561189
Philippines,1989,9.321476328231924
Philippines,1990,9.880982100273728
Philippines,1991,5.737752330276608
Philippines,1992,10.749925068668642
Philippines,1993,7.371178613872867
Philippines,1994,4.539880390354602
Philippines,1995,6.540052153822125
Philippines,1996,6.640220276763528
Philippines,1997,9.425890844027618
Philippines,1998,5.771212913604177
Philippines,1999,5.117438948927674
Philippines,2000,4.8104932596846
Philippines,2001,6.421884222193988
Philippines,2002,4.708199924692164
Philippines,2003,6.085285046707985
Philippines,2004,3.955247392606917
Philippines,2005,4.035489721288123
Philippines,2006,4.440119450086602
Philippines,2007,5.3575970181608055
Philippines,2008,1.4665783219470652
Philippines,2009,5.672578240631654
Philippines,2010,3.163508982723971
Philippines,2011,2.6409505038279844
Philippines,2012,3.6132689573370738
Philippines,2013,3.630934121494579
Philippines,2014,2.399600243377729
Philippines,2015,6.343586489956159
Philippines,2016,4.306550978334635
Philippines,2017,3.231999269404701
Philippines,2018,2.2921064037930723
Philippines,2019,6.3544615903389685
Qatar,1979,-15.228534328008214
Qatar,1980,-19.53595186678229
Qatar,1981,0.3375109041354403
Qatar,1982,16.262288860835056
Qatar,1983,26.269218595017428
Qatar,1984,10.552299198235502
Qatar,1985,16.777488852836363
Qatar,1986,40.45807632203572
Qatar,1987,1.636297110637588
Qatar,1988,4.600458011824552
Qatar,1989,8.25078671942061
Qatar,1990,-0.1848163476709066
Qatar,1991,15.140430704769054
Qatar,1992,8.369658539525306
Qatar,1993,13.015497791378907
Qatar,1994,7.145283257378218
Qatar,1995,2.252305666488829
Qatar,2004,-6.119690215429467
Qatar,2005,-18.301316872246403
Qatar,2006,-1.0904355305694209
Qatar,2007,-3.1914316580933235
Qatar,2008,-13.063836362840131
Qatar,2009,41.25294813787953
Qatar,2010,1.4855979621068232
Qatar,2011,-11.87412375596126
Qatar,2012,-0.892305470429071
Qatar,2013,4.312106159334307
Qatar,2014,6.543710444080672
Qatar,2015,39.48953331106498
Qatar,2016,14.301003680624882
Qatar,2017,-2.867726986433744
Qatar,2018,-6.612932396534997
Qatar,2019,9.937847385804243
Qatar,2020,22.599615311248805
Qatar,2021,-15.199977568658367
Qatar,2022,-16.932989751539434
Qatar,2023,17.240572888415205
Qatar,2024,7.7660535968176765
Romania,1993,-43.050710346605534
Romania,1994,-20.345903766912524
Romania,1995,4.712728259168056
Romania,1996,7.729772832723162
Romania,1997,-26.690671651149536
Romania,1998,4.848395169445361
Romania,1999,10.780456220608366
Romania,2000,7.45156589527913
Romania,2001,5.395682372073822
Romania,2002,10.35798937545404
Romania,2003,1.8527683416712375
Romania,2004,8.79629617167316
Romania,2005,6.779794017968773
Romania,2006,3.051434488963107
Romania,2007,-2.130870770849058
Romania,2008,-0.884850923821751
Romania,2009,12.665215165854912
Romania,2010,7.684533044018454
Romania,2011,7.832997540969954
Romania,2012,7.242953379756377
Romania,2013,9.002367571430172
Romania,2014,6.637877828113273
Romania,2015,3.392224696113657
Romania,2016,3.010378624006408
Romania,2017,0.872621780869851
Romania,2018,0.5896928613479344
Romania,2019,0.1819059374911087
Romania,2020,2.2854877837050545
Romania,2021,0.0092168887147879
Romania,2022,-3.832335660954637
Romania,2023,-2.6980651958684385
Romania,2024,-0.750528102539905
Russian Federation,1997,14.760458798181078
Russian Federation,1998,19.61608055661257
Russian Federation,1999,-18.95155294179487
Russian Federation,2000,-9.633111442696752
Russian Federation,2001,1.2265785072242967
Russian Federation,2002,0.0329353853463892
Russian Federation,2003,-0.6001706804033198
Russian Federation,2004,-7.328985861984791
Russian Federation,2005,-7.206689910621908
Russian Federation,2006,-4.07869184018714
Russian Federation,2007,-3.3449266117601595
Russian Federation,2008,-4.904962089723033
Russian Federation,2009,13.079965285874987
Russian Federation,2010,-2.955083731908502
Russian Federation,2011,-12.856935291576752
Russian Federation,2012,0.1764166188425978
Russian Federation,2013,3.937070192541281
Russian Federation,2014,3.397146835754774
Russian Federation,2015,7.894593574791101
Russian Federation,2016,9.48435447263494
Russian Federation,2017,4.945604230997182
Russian Federation,2018,-1.0284825945333167
Russian Federation,2019,5.316709230727547
Russian Federation,2020,5.825262120566401
Russian Federation,2021,-9.329245668357103
Russian Federation,2022,-5.690688562970101
Russian Federation,2023,3.355534215972208
Russian Federation,2024,7.153311332142656
Rwanda,1996,6.612264666591622
Rwanda,1997,0.9457562246166228
Rwanda,1998,13.194466823596349
Rwanda,1999,4.694183320423599
Rwanda,2000,12.789851020283308
Rwanda,2001,16.812761044037504
Rwanda,2002,22.624857544503723
Rwanda,2003,-3.629740306975832
Rwanda,2004,4.403974457712415
Rwanda,2005,6.189406766749811
Rwanda,2006,13.082198238983718
Rwanda,2007,2.712265756001165
Rwanda,2008,1.5706166566376292
Rwanda,2009,8.936897631122989
Rwanda,2010,13.386992235764891
Rwanda,2011,8.840276160909307
Rwanda,2012,11.438605579939248
Rwanda,2013,14.24628239941537
Rwanda,2014,11.960765101848136
Rwanda,2015,16.765934040990395
Rwanda,2016,11.674312355609198
Rwanda,2017,8.328391907379345
Rwanda,2018,17.656522610565982
Rwanda,2019,13.717350611344967
Rwanda,2020,9.027267721415862
Rwanda,2021,12.851875801118725
Rwanda,2022,0.4953624610560068
Rwanda,2023,3.6701265068334585
Rwanda,2024,11.810274731557946
Samoa,2001,7.935959603425188
Samoa,2002,9.819027427559906
Samoa,2003,8.517193124566742
Samoa,2004,3.883409995447691
Samoa,2005,7.1468407866019685
Samoa,2006,6.124540951706268
Samoa,2007,4.802499559324287
Samoa,2008,3.245064267247799
Samoa,2009,10.233092905500945
Samoa,2010,16.726689449084095
Samoa,2011,10.97219146631766
Samoa,2012,5.607730841633779
Samoa,2013,7.67447772362735
Samoa,2014,9.08438667412642
Samoa,2015,5.332260593354819
Samoa,2016,6.696588050746276
Samoa,2017,8.431054501800219
Samoa,2018,7.76726514812698
Samoa,2019,7.3199192926131476
Samoa,2020,7.392394770534604
Samoa,2021,9.291020156526656
Samoa,2022,5.605277573744287
Samoa,2023,1.3948398091454
Samoa,2024,0.0051328917502482
San Marino,2001,5.254468173336113
San Marino,2002,5.433544914162186
San Marino,2003,4.9151608000057365
San Marino,2004,5.025559203001889
San Marino,2005,5.416779600570607
San Marino,2006,4.6046127547666105
San Marino,2007,9.747137826961756
San Marino,2008,4.921164320685441
San Marino,2009,4.696190075774331
San Marino,2010,3.896411705797275
San Marino,2011,5.758507607081137
San Marino,2012,3.255870775973
San Marino,2013,4.5314181007046015
San Marino,2014,5.699071578088607
San Marino,2015,3.256500619893417
San Marino,2016,1.6830011618037246
San Marino,2017,2.283386605762703
San Marino,2018,2.056330154350821
San Marino,2019,3.04307475534658
San Marino,2020,3.3776927718946523
San Marino,2021,1.6602936239878114
San Marino,2022,1.0095085281915797
San Marino,2023,-1.6029014891974809
Senegal,2005,2.223327325134814
Senegal,2006,1.799257240915907
Senegal,2007,-1.7234899854104893
Senegal,2008,-2.9869518860136
Senegal,2009,6.78107363941052
Senegal,2010,3.4535089010102613
Senegal,2011,1.3465052421817465
Senegal,2012,1.7090973367485964
Senegal,2013,4.053292196268709
Senegal,2014,6.959692240164251
Senegal,2015,4.04115044114453
Senegal,2016,4.29827404463135
Serbia,1997,0.976010781880038
Serbia,1998,-6.764164860446688
Serbia,1999,-19.80485882173551
Serbia,2000,-0.2892310565626294
Serbia,2001,-24.600631737392277
Serbia,2002,-13.28482726220104
Serbia,2003,-8.8342114842979
Serbia,2004,-4.3232821371044405
Serbia,2005,-9.118987760855669
Serbia,2006,-7.663097347797639
Serbia,2007,-4.078181907280796
Serbia,2008,-3.165725722698584
Serbia,2009,-1.4444646586194798
Serbia,2010,-0.1823909928031336
Seychelles,1989,13.102374932586317
Seychelles,1990,8.72173266383524
Seychelles,1991,17.98648202924977
Seychelles,1992,10.409152274827502
Seychelles,1993,12.312169649937802
Seychelles,1994,12.722713528346375
Seychelles,1995,18.211270679813364
Seychelles,1996,23.739527161899066
Seychelles,1997,13.88473411946479
Seychelles,1998,3.52387631137703
Seychelles,1999,8.930402005398086
Seychelles,2000,9.367775438382946
Seychelles,2001,4.209416352232868
Seychelles,2002,6.731164157051081
Seychelles,2003,4.406965267023778
Seychelles,2004,-11.776678237640043
Seychelles,2005,9.267881537262612
Seychelles,2006,8.485235890211724
Seychelles,2007,-0.1671988654823648
Seychelles,2008,-15.249834842000071
Seychelles,2009,-10.012884507191892
Seychelles,2010,15.14335554945091
Seychelles,2011,10.01891365597399
Seychelles,2012,1.5881429043594932
Seychelles,2013,6.291734551441442
Seychelles,2014,4.897124166569681
Seychelles,2015,13.49678463118646
Seychelles,2016,14.996231075969698
Seychelles,2017,9.682908864178543
Seychelles,2018,8.566122632009057
Seychelles,2019,12.461625738022429
Seychelles,2020,6.060004487505862
Seychelles,2021,6.235638500729668
Seychelles,2022,7.415212463561
Seychelles,2023,5.226446814278125
Seychelles,2024,10.63185049562472
Sierra Leone,1965,2.664426602171489
Sierra Leone,1966,5.126402678209405
Sierra Leone,1967,14.711437727211582
Sierra Leone,1968,1.2498094721436372
Sierra Leone,1969,-5.400148505839392
Sierra Leone,1970,10.364378904855828
Sierra Leone,1971,16.04109111297917
Sierra Leone,1972,1.9345223613914369
Sierra Leone,1973,-12.355587583286445
Sierra Leone,1974,-5.396608374409007
Sierra Leone,1975,-0.3387659993681248
Sierra Leone,1976,0.6610532878964384
Sierra Leone,1977,-7.304461531145927
Sierra Leone,1978,-10.375559015742231
Sierra Leone,1979,-0.4803225970695002
Sierra Leone,1980,18.096100102915265
Sierra Leone,1981,5.797410853738537
Sierra Leone,1982,-2.9549191893437525
Sierra Leone,1983,-1.8326985435713932
Sierra Leone,1984,-15.573932561876136
Sierra Leone,1985,-30.724019585661612
Sierra Leone,1986,-34.35013855804028
Sierra Leone,1987,-51.61725026828793
Sierra Leone,1988,-22.088155517820468
Sierra Leone,1989,-19.7067070692995
Sierra Leone,1990,-10.605184105130498
Sierra Leone,1991,-31.697472661803463
Sierra Leone,1992,-10.542725434352285
Sierra Leone,1993,18.717611249535175
Sierra Leone,1994,1.8161303274275813
Sierra Leone,1995,-3.566412223777576
Sierra Leone,1996,1.9617258218079765
Sierra Leone,1997,21.138529454217817
Sierra Leone,1998,0.0470287844604127
Sierra Leone,1999,8.225245155558186
Sierra Leone,2000,22.23916106213725
Sierra Leone,2001,-53.64163186406291
Sierra Leone,2002,27.16973534290592
Sierra Leone,2003,6.009234518885395
Sierra Leone,2004,8.204528958213709
Sierra Leone,2005,6.832323352420836
Sierra Leone,2006,-1.6159385943676277
Sierra Leone,2007,15.597112112035886
Sierra Leone,2008,12.930409068164655
Sierra Leone,2009,14.88092817154394
Sierra Leone,2010,1.7854485607243424
Sierra Leone,2011,4.904904451644388
Sierra Leone,2012,6.038433440253079
Sierra Leone,2013,13.461343347070304
Sierra Leone,2014,2.901250828186716
Sierra Leone,2015,14.589508887065785
Sierra Leone,2016,11.376079765254476
Sierra Leone,2017,7.590340359795182
Sierra Leone,2018,-0.0509091204627794
Sierra Leone,2019,7.324787807438051
Sierra Leone,2020,4.119506142703832
Sierra Leone,2021,10.604409239819644
Sierra Leone,2022,-6.021009065745333
Sierra Leone,2023,-7.443171074144798
Sierra Leone,2024,9.170597489074718
Singapore,1978,3.006598091845251
Singapore,1979,3.105355027713784
Singapore,1980,0.5350248618852417
Singapore,1981,7.3383468590403185
Singapore,1982,5.44840408740267
Singapore,1983,5.698663994073502
Singapore,1984,8.861425772594334
Singapore,1985,9.671383031151988
Singapore,1986,8.17523643960664
Singapore,1987,5.538085742505979
Singapore,1988,0.5059676563680535
Singapore,1989,1.970538147589671
Singapore,1990,2.5455036145061567
Singapore,1991,3.014293787490894
Singapore,1992,4.5023181339585765
Singapore,1993,1.867598853904028
Singapore,1994,2.33474747945626
Singapore,1995,3.094595395080028
Singapore,1996,4.683237200729425
Singapore,1997,5.181291175790257
Singapore,1998,8.888631674759061
Singapore,1999,9.725802426233775
Singapore,2000,1.896581803899669
Singapore,2001,7.6006741067885075
Singapore,2002,6.299247904899691
Singapore,2003,7.235892783364765
Singapore,2004,1.2894169521310854
Singapore,2005,3.336078554339562
Singapore,2006,3.405513092378726
Singapore,2007,-0.5540427402315632
Singapore,2008,6.856278722801229
Singapore,2009,2.3564670940494734
Singapore,2010,4.225382135084975
Singapore,2011,4.160490844384078
Singapore,2012,4.860577563382972
Singapore,2013,5.836216953178351
Singapore,2014,5.632323555145648
Singapore,2015,2.2101501714236758
Singapore,2016,4.8029082691981415
Singapore,2017,2.349442611748309
Singapore,2018,1.6627574093679365
Singapore,2019,5.699114190112872
Singapore,2020,7.830273256707216
Singapore,2021,-5.119736821021152
Solomon Islands,1981,-3.66287900564561
Solomon Islands,1982,-2.13663325229232
Solomon Islands,1983,4.254206986554981
Solomon Islands,1984,0.971565105722369
Solomon Islands,1985,3.129667664980009
Solomon Islands,1986,9.540650699786932
Solomon Islands,1987,5.23710955900549
Solomon Islands,1988,1.016979613638072
Solomon Islands,1989,14.06075266448153
Solomon Islands,1990,-12.010518865226953
Solomon Islands,1991,11.387553916712962
Solomon Islands,1992,3.00948753754093
Solomon Islands,1993,-1.048505493488821
Solomon Islands,1994,-10.50288751523803
Solomon Islands,1995,4.529153001826237
Solomon Islands,1996,2.9920519609264438
Solomon Islands,1997,5.709652654371244
Solomon Islands,1998,2.561627714249509
Solomon Islands,1999,5.913268936161064
Solomon Islands,2000,4.522841873816654
Solomon Islands,2001,0.0846149494587689
Solomon Islands,2002,-1.149455301520788
Solomon Islands,2003,-12.619614031200657
Solomon Islands,2004,6.011897333710229
Solomon Islands,2005,-1.3121828748753988
Solomon Islands,2006,-0.1612511530037041
Solomon Islands,2007,-1.1837396705651837
Solomon Islands,2008,1.475567198603779
Solomon Islands,2009,5.047915517781511
Solomon Islands,2010,12.470795570934504
Solomon Islands,2011,8.323239857357875
Solomon Islands,2012,6.331584737202895
Solomon Islands,2013,8.228713842938244
Solomon Islands,2014,6.982768927337262
Solomon Islands,2015,6.8893723031950325
Solomon Islands,2016,9.721814026629676
Solomon Islands,2017,7.913824672896309
Solomon Islands,2018,2.680455135043855
Solomon Islands,2019,9.239857002709186
Solomon Islands,2020,12.169586239777614
Solomon Islands,2021,5.804490636188657
"Somalia, Federal Republic of",1975,-7.188334039324206
"Somalia, Federal Republic of",1976,-8.757239796472389
"Somalia, Federal Republic of",1977,-3.0534337407979373
"Somalia, Federal Republic of",1978,-4.727461773694063
"Somalia, Federal Republic of",1979,-7.068829053140355
"Somalia, Federal Republic of",1980,-43.30169419325288
"Somalia, Federal Republic of",1981,-8.097554945368232
"Somalia, Federal Republic of",1982,-13.184311035198688
"Somalia, Federal Republic of",1983,-17.931377228965758
"Somalia, Federal Republic of",1984,-34.735130109746976
"Somalia, Federal Republic of",1985,-7.044412127568112
"Somalia, Federal Republic of",1986,-13.287096717428804
"Somalia, Federal Republic of",1987,-5.941218274626358
"Somalia, Federal Republic of",1988,-18.462284347986376
South Africa,1961,5.200152170147848
South Africa,1962,6.013274275541139
South Africa,1963,2.4232729826850763
South Africa,1964,3.667878620466024
South Africa,1965,3.800071115369821
South Africa,1966,3.246208177133416
South Africa,1967,4.231876634729014
South Africa,1968,4.244907381197583
South Africa,1969,0.5711172505716957
South Africa,1970,3.3203873441610354
South Africa,1971,2.726832394375206
South Africa,1972,-1.742960229581786
South Africa,1973,-7.792578939247459
South Africa,1974,-4.050719823936486
South Africa,1975,0.7633177807941316
South Africa,1976,1.7753013052386692
South Africa,1977,2.0348155177754985
South Africa,1978,1.4516558202552272
South Africa,1979,-3.476381372583921
South Africa,1980,-11.009010693909977
South Africa,1981,2.3280285298695538
South Africa,1982,4.172433586673934
South Africa,1983,-0.3437746151821815
South Africa,1984,10.060939263363268
South Africa,1985,4.611218370553059
South Africa,1986,-1.9917665571008212
South Africa,1987,-2.0444670741039355
South Africa,1988,-0.0758087440880627
South Africa,1989,2.3502161008589724
South Africa,1990,4.811415257074417
South Africa,1991,4.027493262138757
South Africa,1992,3.6541373575888514
South Africa,1993,2.4646878258743707
South Africa,1994,5.255469726672385
South Africa,1995,6.367395240389572
South Africa,1996,10.64480936687485
South Africa,1997,10.969898915902132
South Africa,1998,12.691033621385102
South Africa,1999,10.395066979821218
South Africa,2000,4.870582386536573
South Africa,2001,5.538341433393642
South Africa,2002,2.854185515759786
South Africa,2003,8.04784838936572
South Africa,2004,4.95038435886218
South Africa,2005,4.761489202965447
South Africa,2006,4.810302279605167
South Africa,2007,4.546045668560219
South Africa,2008,6.745151502916917
South Africa,2009,2.802508976747087
South Africa,2010,3.490959789796724
South Africa,2011,3.2793012231763545
South Africa,2012,3.882872998109372
South Africa,2013,2.5092454971563325
South Africa,2014,3.5670276301250867
South Africa,2015,3.6677428329715647
South Africa,2016,3.2782516784519573
South Africa,2017,4.64731548547952
South Africa,2018,5.856183558041531
South Africa,2019,5.268415652545532
South Africa,2020,2.1984138390937136
South Africa,2021,0.5950878597234487
South Africa,2022,3.373876240232077
South Africa,2023,6.472066990433738
South Africa,2024,7.417539821864124
South Sudan,2012,-23.53581405391764
South Sudan,2013,-16.810250338827018
South Sudan,2014,61.88260389648218
South Sudan,2015,-3.321404055011165
South Sudan,2016,-33.00918960689935
South Sudan,2017,-77.56128011777584
South Sudan,2018,-27.28786833232596
South Sudan,2019,-25.097957329219508
South Sudan,2020,14.551306736872249
South Sudan,2021,-8.153528604725851
South Sudan,2022,-52.14389336267429
South Sudan,2023,-52.94009263745116
South Sudan,2024,-26.886519840473056
Sri Lanka,2001,0.5148470209957088
Sri Lanka,2002,4.676585244910039
Sri Lanka,2003,1.468679127803506
Sri Lanka,2004,0.6113649641226605
Sri Lanka,2005,0.312845406913684
Sri Lanka,2006,1.41356267376407
Sri Lanka,2007,2.673213600435935
Sri Lanka,2008,2.204690474731363
Sri Lanka,2009,9.248011791319795
Sri Lanka,2010,-13.17004174068694
Sri Lanka,2011,5.22391262518773
Sri Lanka,2012,2.5518723390122737
Sri Lanka,2013,5.835557369213689
Sri Lanka,2014,5.80537155798334
Sri Lanka,2015,3.827736637587979
Sri Lanka,2016,4.789413233223906
Sri Lanka,2017,5.780781476619264
Sri Lanka,2018,6.959910986493273
Sri Lanka,2019,7.09887513218267
St. Kitts and Nevis,1980,0.7177697452818808
St. Kitts and Nevis,1981,-6.721451347935506
St. Kitts and Nevis,1982,2.6177025619921963
St. Kitts and Nevis,1983,8.74661792627496
St. Kitts and Nevis,1984,5.011927146606179
St. Kitts and Nevis,1985,7.013256001860854
St. Kitts and Nevis,1986,4.881395919920303
St. Kitts and Nevis,1987,4.9709026920433255
St. Kitts and Nevis,1988,3.7141685449143034
St. Kitts and Nevis,1989,5.38534730107708
St. Kitts and Nevis,1990,3.510706604674593
St. Kitts and Nevis,1991,7.59784645625804
St. Kitts and Nevis,1992,5.191597987428067
St. Kitts and Nevis,1993,8.126660351059163
St. Kitts and Nevis,1994,4.395984906528563
St. Kitts and Nevis,1995,10.029090094503442
St. Kitts and Nevis,1996,10.21313809868948
St. Kitts and Nevis,1997,5.9569066489564015
St. Kitts and Nevis,1998,8.38695837685433
St. Kitts and Nevis,1999,8.20049685167025
St. Kitts and Nevis,2000,17.883652718486232
St. Kitts and Nevis,2001,7.493374094411801
St. Kitts and Nevis,2002,7.167938677815289
St. Kitts and Nevis,2003,10.37383558395462
St. Kitts and Nevis,2004,6.176204042692236
St. Kitts and Nevis,2005,11.851158539424324
St. Kitts and Nevis,2006,-4.263509616576704
St. Kitts and Nevis,2007,2.7780763659085475
St. Kitts and Nevis,2008,7.248575509827685
St. Kitts and Nevis,2009,5.513385239506623
St. Kitts and Nevis,2010,7.938364300630599
St. Kitts and Nevis,2011,3.582667814423723
St. Kitts and Nevis,2012,9.438159083479068
St. Kitts and Nevis,2013,8.435968492726237
St. Kitts and Nevis,2014,7.984643630625161
St. Kitts and Nevis,2015,9.46794094711364
St. Kitts and Nevis,2016,7.933369209202205
St. Kitts and Nevis,2017,4.145068359960641
St. Kitts and Nevis,2018,9.020360358606377
St. Kitts and Nevis,2019,8.555184208255763
St. Kitts and Nevis,2020,14.277084754862225
St. Kitts and Nevis,2021,10.707199054662384
St. Kitts and Nevis,2022,3.4703050144556564
St. Kitts and Nevis,2023,2.1641748133703933
St. Kitts and Nevis,2024,0.4336613706924773
St. Lucia,1981,5.9131033092297365
St. Lucia,1982,23.11125537610292
St. Lucia,1983,11.049262372244952
St. Lucia,1984,-4.144224130451726
St. Lucia,1985,9.86814335575334
St. Lucia,1986,9.83381522472326
St. Lucia,1987,5.573190261219719
St. Lucia,1988,10.496967694197275
St. Lucia,1989,6.35040481785831
St. Lucia,1990,2.681317932563227
St. Lucia,1991,6.089792133956391
St. Lucia,1992,10.875469231152886
St. Lucia,1993,10.702225470408443
St. Lucia,1994,8.267746270681611
St. Lucia,1995,7.250363083298237
St. Lucia,1996,12.302652910523964
St. Lucia,1997,9.534089059520964
St. Lucia,1998,8.760677370175534
St. Lucia,1999,10.220547076480992
St. Lucia,2000,11.815284468097063
St. Lucia,2001,14.012825705161776
St. Lucia,2002,12.12586335019845
St. Lucia,2003,9.28749797143212
St. Lucia,2004,10.289781266561448
St. Lucia,2005,3.4691060003511303
St. Lucia,2006,5.332397300594463
St. Lucia,2007,6.304614311778765
St. Lucia,2008,7.365603460482205
St. Lucia,2009,10.230995364487534
St. Lucia,2010,4.926560928568663
St. Lucia,2011,8.470014570177247
St. Lucia,2012,7.339185448899012
St. Lucia,2013,3.0805836211204216
St. Lucia,2014,4.8388761870646535
St. Lucia,2015,5.442601434130804
St. Lucia,2016,8.534029742577985
St. Lucia,2017,4.7184254817110585
St. Lucia,2018,7.860451900580867
St. Lucia,2019,5.212510237310046
St. Lucia,2020,13.252443166588256
St. Lucia,2021,-4.335416355646895
St. Lucia,2022,2.2009358441649898
St. Lucia,2023,4.842212501455054
St. Lucia,2024,5.274041884707731
St. Vincent and the Grenadines,1980,-3.613233419476863
St. Vincent and the Grenadines,1981,-8.053504346964015
St. Vincent and the Grenadines,1982,2.165344818312025
St. Vincent and the Grenadines,1983,4.0921084960706615
St. Vincent and the Grenadines,1984,6.892585962410514
St. Vincent and the Grenadines,1985,9.107272708207857
St. Vincent and the Grenadines,1986,6.336807303509704
St. Vincent and the Grenadines,1987,2.324709073252005
St. Vincent and the Grenadines,1988,10.560399819067102
St. Vincent and the Grenadines,1989,5.412263982808979
St. Vincent and the Grenadines,1990,3.791830482534636
St. Vincent and the Grenadines,1991,6.065930080543941
St. Vincent and the Grenadines,1992,8.544762154620363
St. Vincent and the Grenadines,1993,13.275691698283902
St. Vincent and the Grenadines,1994,9.146101595185996
St. Vincent and the Grenadines,1995,9.6279068560161
St. Vincent and the Grenadines,1996,7.396162432864274
St. Vincent and the Grenadines,1997,9.798585292117425
St. Vincent and the Grenadines,1998,7.844219021375013
St. Vincent and the Grenadines,1999,9.555435475888546
St. Vincent and the Grenadines,2000,3.436071059554976
St. Vincent and the Grenadines,2001,5.189368078162168
St. Vincent and the Grenadines,2002,11.332308574855867
St. Vincent and the Grenadines,2003,14.317055132130942
St. Vincent and the Grenadines,2004,5.730658286110842
St. Vincent and the Grenadines,2005,6.492039124790223
St. Vincent and the Grenadines,2006,5.814149038400903
St. Vincent and the Grenadines,2007,2.130110151505333
St. Vincent and the Grenadines,2008,7.105835273758405
St. Vincent and the Grenadines,2009,10.450006371106817
St. Vincent and the Grenadines,2010,3.4014207074674503
St. Vincent and the Grenadines,2011,9.485532327102163
St. Vincent and the Grenadines,2012,8.2317157145835
St. Vincent and the Grenadines,2013,7.039755961965116
St. Vincent and the Grenadines,2014,9.52029134884415
St. Vincent and the Grenadines,2015,10.110791750100502
St. Vincent and the Grenadines,2016,9.772952204232256
St. Vincent and the Grenadines,2017,6.545241682768002
St. Vincent and the Grenadines,2018,6.831386662275322
St. Vincent and the Grenadines,2019,5.942630719753828
St. Vincent and the Grenadines,2020,8.871175907719374
St. Vincent and the Grenadines,2021,6.921989613571409
St. Vincent and the Grenadines,2022,-0.5187416064816124
St. Vincent and the Grenadines,2023,4.1283213975989685
St. Vincent and the Grenadines,2024,3.26262786896019
Suriname,1990,-27.489067840602917
Suriname,1991,-3.060093384731047
Suriname,1992,-19.25435875075557
Suriname,1993,-57.5263453677236
Suriname,1994,-78.56533991133033
Suriname,1995,-62.754195686381
Suriname,1996,21.489007488807992
Suriname,1997,31.19040916203698
Suriname,1998,8.415014927774205
Suriname,1999,-26.784694599969267
Suriname,2000,-19.74758257158637
Suriname,2001,-9.894077009818616
Suriname,2002,-11.10919195836852
Suriname,2003,-0.227758122513367
Suriname,2004,6.738637410417761
Suriname,2005,1.6099974793788885
Suriname,2006,-16.82617235425287
Suriname,2007,6.89823963534924
Suriname,2008,-2.874922397357176
Suriname,2009,4.851803071757047
Suriname,2010,4.099001971730467
Suriname,2011,-1.8299863336008184
Suriname,2012,0.9088944223122204
Suriname,2013,11.555222131959557
Suriname,2014,10.532838957217953
Suriname,2015,7.402705033790326
Suriname,2016,-8.532348491286589
Suriname,2017,-10.706694947717477
Suriname,2018,8.175726536517754
Suriname,2019,9.303491480939131
Suriname,2020,-20.94895147616697
Suriname,2021,-29.11378167223313
Suriname,2022,-23.205748142400967
Suriname,2023,-14.220260594680331
Suriname,2024,1.7596811624168258
Sweden,1992,14.042083761774936
Sweden,1993,9.673719960074322
Sweden,1994,7.948768365009942
Sweden,1995,7.169330898083806
Sweden,1996,7.5951980921006355
Sweden,1997,5.479333901164031
Sweden,1998,5.539955247113995
Sweden,1999,4.327596987509992
Sweden,2000,4.135427100042438
Sweden,2001,3.06097434931146
Sweden,2002,4.102421325238336
Sweden,2003,3.112162232450683
Sweden,2004,3.752337887965787
Sweden,2005,2.746530889500395
Sweden,2006,1.8988828112857552
Switzerland,2008,1.865523206492185
Switzerland,2009,2.282844446812096
Switzerland,2010,2.4130500908312347
Switzerland,2011,2.739346639885625
Switzerland,2012,2.6229417443353147
Switzerland,2013,2.778422111872747
Switzerland,2014,3.3651022276656937
Switzerland,2015,3.996447359855061
Switzerland,2016,3.248908894075911
Switzerland,2017,3.0063674946989107
Switzerland,2018,1.8490046531130888
Switzerland,2019,2.739664579459768
Switzerland,2020,3.3575097098668643
Switzerland,2021,1.3011611058332495
Switzerland,2022,-0.381723877020374
Switzerland,2023,1.950389230185768
Switzerland,2024,1.6659469800237492
São Tomé and Príncipe,2001,27.81702071480152
São Tomé and Príncipe,2002,23.22727706032973
São Tomé and Príncipe,2003,13.835409518078404
São Tomé and Príncipe,2004,13.001344350007292
São Tomé and Príncipe,2005,10.164532694941306
São Tomé and Príncipe,2006,14.096625842046944
São Tomé and Príncipe,2007,20.80007396281199
São Tomé and Príncipe,2008,2.7724606520327053
São Tomé and Príncipe,2009,15.054392620402131
São Tomé and Príncipe,2010,20.48294461534164
São Tomé and Príncipe,2011,13.672277488417206
São Tomé and Príncipe,2012,20.36976291733548
São Tomé and Príncipe,2013,15.644376316463276
São Tomé and Príncipe,2014,17.732578460153643
São Tomé and Príncipe,2015,17.991838336206623
São Tomé and Príncipe,2016,11.705858862955054
São Tomé and Príncipe,2017,14.9235627408156
São Tomé and Príncipe,2018,10.056919415202684
São Tomé and Príncipe,2019,7.0082188592680605
São Tomé and Príncipe,2020,8.74845910044102
São Tomé and Príncipe,2021,12.667935486828773
São Tomé and Príncipe,2022,1.834138703677232
São Tomé and Príncipe,2023,-4.793679230986255
São Tomé and Príncipe,2024,0.1165065272448275
Tajikistan,2002,-3.878876297408868
Tajikistan,2003,-8.150462962026193
Tajikistan,2004,2.4550780287491936
Tajikistan,2005,12.574193737491392
Tajikistan,2006,2.5545174544476184
Tajikistan,2007,-3.3622054654061704
Tajikistan,2008,-3.565038330110344
Tajikistan,2009,9.355201281551537
Tajikistan,2010,9.72594138073503
Tajikistan,2011,8.062972034077172
Tajikistan,2012,8.246125101373131
Tajikistan,2013,19.975447326945183
Tajikistan,2014,18.865328646921185
Tajikistan,2015,17.75116937558642
Tajikistan,2016,24.270353035943
Tajikistan,2017,18.069440675427703
Tajikistan,2018,24.09604073384002
Tajikistan,2019,19.18895986999044
Tanzania,1992,1.583553997392771
Tanzania,1993,2.329131424368485
Tanzania,1994,2.4790622776290694
Tanzania,1995,8.626007238922558
Tanzania,1996,12.279687565002549
Tanzania,1997,4.712578397856518
Tanzania,1998,7.59081240798158
Tanzania,1999,9.282917936745111
Tanzania,2000,12.362531645065408
Tanzania,2001,14.541002018304372
Tanzania,2002,8.547002746798862
Tanzania,2003,5.624748519934633
Tanzania,2004,6.787345316349067
Tanzania,2005,8.290013165342241
Tanzania,2006,9.612352704509943
Tanzania,2007,6.389565196226703
Tanzania,2008,-1.2017622294743442
Tanzania,2009,5.492230433856458
Tanzania,2010,4.674687402783791
Tanzania,2011,2.4643042067769976
Tanzania,2012,4.591413721697811
Tanzania,2013,5.6486416808436335
Tanzania,2014,9.65573386813088
Tanzania,2015,7.912936185874641
Tanzania,2016,7.89628648135895
Tanzania,2017,14.709373254028735
Tanzania,2018,13.98595348766261
Tanzania,2019,14.362891737524755
Tanzania,2020,9.637502015774675
Thailand,1976,6.262932108544196
Thailand,1977,4.604205531242478
Thailand,1978,1.1686571335864189
Thailand,1979,3.969564125780211
Thailand,1980,3.055257042760952
Thailand,1981,8.153283417577782
Thailand,1982,11.327547787250548
Thailand,1983,11.152215960743815
Thailand,1984,15.124812975916772
Thailand,1985,13.609817248056672
Thailand,1986,11.531215788535016
Thailand,1987,6.510928116878125
Thailand,1988,5.348397416341409
Thailand,1989,5.779725926844662
Thailand,1990,8.171716428980531
Thailand,1991,9.124942557831435
Thailand,1992,7.346329001278559
Thailand,1993,4.391006806907573
Thailand,1994,5.945261762473662
Thailand,1995,7.102087273599624
Thailand,1996,8.931660380268053
Thailand,1997,8.834094763855644
Thailand,1998,5.87889882998788
Thailand,1999,11.86179245823463
Thailand,2000,6.41687160709718
Thailand,2001,5.252581151138587
Thailand,2004,0.9499225316878578
Thailand,2005,-0.3541731972735363
Thailand,2006,1.112794601756938
Thailand,2007,3.4869856870278526
Thailand,2008,0.6545068948919782
Thailand,2009,4.572319804974011
Thailand,2010,0.243128638611464
Thailand,2011,1.2766820317924994
Thailand,2012,3.2167571246918274
Thailand,2013,3.224334982108213
Thailand,2014,3.457843171148136
Thailand,2015,3.9810139730984258
Thailand,2016,1.7851191699727542
Thailand,2017,2.469714624088518
Thailand,2018,2.679797289157688
Thailand,2019,3.038915787194848
Thailand,2020,4.6516900475010505
Thailand,2021,1.2628955644913042
Thailand,2022,-1.4534927491580285
Thailand,2023,2.9730081094253764
Thailand,2024,3.5488851457428527
Timor-Leste,2011,-0.4674236805443503
Timor-Leste,2012,5.699260529310626
Timor-Leste,2013,-3.625253553751046
Timor-Leste,2014,13.694424012999637
Timor-Leste,2015,5.871061465803953
Timor-Leste,2016,13.887334527460087
Timor-Leste,2017,13.528252232067468
Timor-Leste,2018,15.02372557063772
Timor-Leste,2019,9.69710768704102
Timor-Leste,2020,41.29380330214884
Timor-Leste,2021,-30.12317017812921
Timor-Leste,2022,-0.3263799168633728
Timor-Leste,2023,39.84240463491905
Timor-Leste,2024,12.082830922365291
Togo,2005,2.719852729698258
Togo,2006,5.272253185401638
Togo,2007,-0.2020551703762477
Togo,2008,-3.7498003178219297
Togo,2009,1.8040215764189989
Togo,2010,5.211514972651058
Togo,2011,2.369514843855636
Togo,2012,3.232216286106365
Togo,2013,3.5445445736439627
Togo,2014,4.835251539386264
Togo,2015,2.8878543579447524
Togo,2016,3.782109340534724
Tonga,2012,5.4109905691125615
Tonga,2013,11.918309100365311
Tonga,2014,8.599243212938827
Tonga,2015,2.88481619321811
Tonga,2016,4.810914137414026
Tonga,2017,2.1754142857569883
Tonga,2018,1.996721274204039
Tonga,2019,1.481269502890138
Tonga,2020,7.844427462086725
Tonga,2021,5.604933386723256
Tonga,2022,-1.227246066849206
Tonga,2023,0.2876771213684497
Tonga,2024,-0.4529394586341747
Trinidad and Tobago,1979,-12.59581209144206
Trinidad and Tobago,1980,-10.377503706210636
Trinidad and Tobago,1981,3.8800529264852255
Trinidad and Tobago,1982,-0.590170570662764
Trinidad and Tobago,1983,5.063416056653178
Trinidad and Tobago,1984,6.357181308121348
Trinidad and Tobago,1985,11.309930461088124
Trinidad and Tobago,1986,13.417341477803657
Trinidad and Tobago,1987,6.3396843568695616
Trinidad and Tobago,1988,8.08902270252575
Trinidad and Tobago,1989,5.71772754999779
Trinidad and Tobago,1990,-2.267652316414263
Trinidad and Tobago,1991,11.41807150148138
Trinidad and Tobago,1992,23.900904013720407
Trinidad and Tobago,1993,6.146590625276879
Trinidad and Tobago,1994,2.3937642970345774
Trinidad and Tobago,1995,10.557217983402577
Trinidad and Tobago,1996,13.6889405947771
Trinidad and Tobago,1997,19.570391013717465
Trinidad and Tobago,1998,19.55281201526467
Trinidad and Tobago,1999,12.212939847886588
Trinidad and Tobago,2000,3.977794995794072
Trinidad and Tobago,2001,12.522837509476306
Trinidad and Tobago,2002,18.639567641455205
Trinidad and Tobago,2003,0.6228405126356474
Trinidad and Tobago,2004,0.3933308949317594
Trinidad and Tobago,2005,-3.721501933857829
Trinidad and Tobago,2006,9.032103071484842
Trinidad and Tobago,2007,-0.8885444319091935
Trinidad and Tobago,2008,-9.172622797540772
Trinidad and Tobago,2009,54.67772820521855
Trinidad and Tobago,2010,-3.0610609464240626
Trinidad and Tobago,2011,-6.7057430951233865
Trinidad and Tobago,2012,7.338185566954344
Trinidad and Tobago,2013,5.408951758259907
Trinidad and Tobago,2014,8.55660517548072
Trinidad and Tobago,2015,18.89946214378316
Trinidad and Tobago,2016,9.503259917011132
Trinidad and Tobago,2017,1.1142521634725846
Trinidad and Tobago,2018,7.965379932770938
Trinidad and Tobago,2019,11.927384142719209
Trinidad and Tobago,2020,9.29024569728177
Trinidad and Tobago,2021,-8.117777528496958
Trinidad and Tobago,2022,-7.277902015893267
Trinidad and Tobago,2023,23.566106463999454
Trinidad and Tobago,2024,7.635070084620094
Uganda,1983,-20.40352835842852
Uganda,1984,-2.682174748161138
Uganda,1985,-43.72230139973649
Uganda,1986,-43.80780446385317
Uganda,1987,-52.07387466774476
Uganda,1988,-53.44428082257499
Uganda,1989,-35.01874021402804
Uganda,1990,-3.957209763933868
Uganda,1991,6.663524969551884
Uganda,1992,-4.106292761974281
Uganda,1994,13.021918874971352
Uganda,1995,9.861413113062326
Uganda,1996,15.03424724308848
Uganda,1997,17.726870569955587
Uganda,1998,11.100686077835134
Uganda,1999,21.686831649297755
Uganda,2000,10.621614269514064
Uganda,2001,17.334495674894775
Uganda,2002,22.99559283604617
Uganda,2003,10.329038732164111
Uganda,2004,4.339243938569238
Uganda,2005,21.765552288592787
Uganda,2006,15.909004356418588
Uganda,2007,10.980623543664596
Uganda,2008,13.242970296250173
Uganda,2009,-34.743442958837576
Uganda,2010,13.761214649189688
Uganda,2011,11.37349893076152
Uganda,2012,21.488079144860603
Uganda,2013,19.014630018503684
Uganda,2014,15.677384119663811
Uganda,2015,16.554664604145685
Uganda,2016,18.23339372675732
Uganda,2017,15.890847111454171
Uganda,2018,14.747868803936369
Ukraine,1992,-90.59538956905872
Ukraine,1993,-91.72148162842126
Ukraine,1994,-66.73459834299537
Ukraine,1995,-56.82517765667293
Ukraine,1996,8.26845049497662
Ukraine,1997,26.291075924507243
Ukraine,1998,37.92865242892868
Ukraine,1999,21.62683605601012
Ukraine,2000,11.001456962624411
Ukraine,2001,20.033462472195808
Ukraine,2002,19.092639188973607
Ukraine,2003,8.99608127369122
Ukraine,2004,1.812917672400142
Ukraine,2005,-6.383677318796312
Ukraine,2006,0.2757199088522061
Ukraine,2007,-7.280207363620955
Ukraine,2008,-8.934742045491351
Ukraine,2009,7.310138996399135
Ukraine,2010,1.9311173738551075
Ukraine,2011,1.5460560766936533
Ukraine,2012,9.640126562259178
Ukraine,2013,11.830648362689292
Ukraine,2014,1.567106914876767
Ukraine,2015,-12.28292898156928
Ukraine,2016,1.8275696875202856
Ukraine,2017,-4.68048423181966
Ukraine,2018,3.125121817064976
Ukraine,2019,10.693658768683632
Ukraine,2020,3.624317790338364
Ukraine,2021,-9.224526959067155
Ukraine,2022,-12.086005273223078
Ukraine,2023,1.8663714877174715
Ukraine,2024,6.510478385691211
United Kingdom,1967,2.646966943809018
United Kingdom,1968,2.110721590704575
United Kingdom,1969,0.5687141708818109
United Kingdom,1970,-1.8293614788569383
United Kingdom,1971,-1.8925770998773936
United Kingdom,1972,-0.3775896604589226
United Kingdom,1973,0.3557999984870053
United Kingdom,1974,-4.484418254384969
United Kingdom,1975,-11.45710775108875
United Kingdom,1976,-3.5848363478921805
United Kingdom,1977,-4.308286199823916
United Kingdom,1978,-2.8736128548103954
United Kingdom,1979,-1.2887709993462504
United Kingdom,1980,-2.979444493009032
United Kingdom,1981,0.9628068554815916
United Kingdom,1982,4.300862266008807
United Kingdom,1983,3.874347135375055
United Kingdom,1984,4.837654058366837
United Kingdom,1985,5.829305890836578
United Kingdom,1986,7.181423702065267
United Kingdom,1987,3.2530803448879126
United Kingdom,1988,3.046477464640062
United Kingdom,1989,5.167206348367421
United Kingdom,1990,6.426909703463104
United Kingdom,1991,4.756740115549855
United Kingdom,1992,6.985708939083004
United Kingdom,1993,4.200839279752096
United Kingdom,1994,5.122415416615956
United Kingdom,1995,-3.713889685161064
United Kingdom,1996,1.7447592240182488
United Kingdom,1997,6.524932559592091
United Kingdom,1998,5.826125988054415
United Kingdom,1999,3.895585152059717
United Kingdom,2000,4.940077785077339
United Kingdom,2001,3.352768515348787
United Kingdom,2002,1.8722936084800048
United Kingdom,2003,1.280515098304973
United Kingdom,2004,1.6054397916483856
United Kingdom,2005,1.7349897186359615
United Kingdom,2006,1.5161042358334789
United Kingdom,2007,3.4465921399036668
United Kingdom,2008,1.3267574089632297
United Kingdom,2009,-1.335769031368533
United Kingdom,2010,-0.8175117760354379
United Kingdom,2011,-1.9282163566436363
United Kingdom,2012,-1.0317987840194072
United Kingdom,2013,-1.6220977160182857
United Kingdom,2014,-1.0787978449774012
United States,1961,3.107884874844445
United States,1962,3.215345975872
United States,1963,3.374882242405013
United States,1964,2.951668999708684
United States,1965,2.5659131262604555
United States,1966,2.64942062883444
United States,1967,2.40622703183627
United States,1968,1.8639112466841143
United States,1969,2.851773364219034
United States,1970,2.514918207675988
United States,1971,0.6219920226596506
United States,1972,0.8839652251317884
United States,1973,2.409693844782195
United States,1974,1.6510659605671416
United States,1975,-1.2815805390303616
United States,1976,1.2667904023444831
United States,1977,0.5751010003747689
United States,1978,1.889808215894145
United States,1979,4.034389277927213
United States,1980,5.71636286472601
United States,1981,8.5946006933796
United States,1982,8.17720821048299
United States,1983,6.61803546660781
United States,1984,8.140906607976792
United States,1985,6.56324383385124
United States,1986,6.193869590941598
United States,1987,5.587520287523938
United States,1988,5.590302225652568
United States,1989,6.690264674578781
United States,1990,6.039749849883107
United States,1991,4.915295968129012
United States,1992,3.884294886542552
United States,1993,3.545632169114842
United States,1994,4.898541338842191
United States,1995,6.594217967343859
United States,1996,6.324285992965189
United States,1997,6.603316881238436
United States,1998,7.149961754176034
United States,1999,6.487253949073818
United States,2000,6.813861772182465
United States,2001,4.567090463719118
United States,2002,3.073208053389155
United States,2003,2.106711715857211
United States,2004,1.6076331791785166
United States,2005,2.9608342803071235
United States,2006,4.7278513531777415
United States,2007,5.199901783612118
United States,2008,3.1010629649638566
United States,2009,2.6170638935632207
United States,2010,2.0103124983246223
United States,2011,1.162879726473553
United States,2012,1.3624246505439996
United States,2013,1.7482101512619002
United States,2014,1.588666640058785
United States,2015,2.4751634842666963
United States,2016,2.6377311376297663
United States,2017,2.3716190729465665
United States,2018,2.462431869784148
United States,2019,3.71968036171318
United States,2020,2.8461479788362545
United States,2021,-1.0871675395625358
Uruguay,1976,8.448977219162682
Uruguay,1977,4.210917664514676
Uruguay,1978,17.10763458180454
Uruguay,1979,-8.742846964655897
Uruguay,1980,6.334440303267335
Uruguay,1981,24.49742602747605
Uruguay,1982,32.64777593336061
Uruguay,1983,24.08629462480184
Uruguay,1984,15.555915270909814
Uruguay,1985,10.145366347424684
Uruguay,1986,12.19787128607312
Uruguay,1987,11.613960000025772
Uruguay,1988,13.602753293163737
Uruguay,1989,27.019935205719047
Uruguay,1990,30.092994552283457
Uruguay,1991,23.5892117071898
Uruguay,1992,34.15403885034643
Uruguay,1993,31.44041481103291
Uruguay,1994,38.2846468009618
Uruguay,1995,38.99454008275135
Uruguay,1996,49.25016116839805
Uruguay,1997,32.83704372553704
Uruguay,1998,38.936206341246944
Uruguay,1999,45.96919441285674
Uruguay,2000,42.496923958589285
Uruguay,2001,43.20642136272326
Uruguay,2002,93.91507813157808
Uruguay,2003,36.3812989440391
Uruguay,2004,12.328278703760814
Uruguay,2005,12.844585576233856
Uruguay,2006,1.708911128415904
Uruguay,2007,-1.2466705847717834
Uruguay,2008,3.255414291638418
Uruguay,2009,6.138784227511704
Uruguay,2010,4.330497688703043
Uruguay,2011,-0.0851869359373853
Uruguay,2012,1.632604088914149
Uruguay,2013,3.1512312193589094
Uruguay,2014,4.820769320632655
Uruguay,2015,5.448671586366395
Uruguay,2016,7.400566456891303
Uruguay,2017,7.715126059718756
Uruguay,2018,4.348315180796683
Uruguay,2019,3.049128555076631
Uruguay,2020,0.4586505812777524
Uruguay,2021,-3.2621413461928643
Uruguay,2022,5.437763046812665
Uruguay,2023,8.202350856157814
Uruguay,2024,5.395953546142942
Uzbekistan,2013,3.7626170238083465
Uzbekistan,2014,1.7235132375142883
Uzbekistan,2015,2.9620295546689683
Uzbekistan,2016,4.217004277001742
Uzbekistan,2017,-13.691412107451104
Uzbekistan,2018,-4.699302529408414
Uzbekistan,2019,5.128645565458508
Uzbekistan,2020,10.60543977589304
Uzbekistan,2021,6.799111985854886
Uzbekistan,2022,6.363174975145434
Uzbekistan,2023,7.315782579126519
Uzbekistan,2024,8.590822144772778
Vanuatu,2013,7.32099124176809
Vanuatu,2014,8.10101697321153
Vanuatu,2015,3.927512404626041
Vanuatu,2016,8.110441291520818
Vanuatu,2017,5.575076657517255
Vanuatu,2018,6.757115696966794
Vanuatu,2019,6.550561786572942
Vanuatu,2020,6.786465234187311
Vanuatu,2021,8.57362678725672
Vanuatu,2022,-2.176606856211768
Vanuatu,2023,1.835720894125311
Vanuatu,2024,9.405090279308297
"Venezuela, RB",1984,-20.27232867434794
"Venezuela, RB",1985,-0.3234067946856739
"Venezuela, RB",1986,9.334818681683748
"Venezuela, RB",1987,-20.150577792783903
"Venezuela, RB",1988,-7.842980798141001
"Venezuela, RB",1989,-39.03154269674055
"Venezuela, RB",1990,-4.380608461292389
"Venezuela, RB",1991,12.938487938031733
"Venezuela, RB",1992,10.201854431999072
"Venezuela, RB",1993,21.463558134779984
"Venezuela, RB",1994,-5.055787056373294
"Venezuela, RB",1995,-7.9176428324923345
"Venezuela, RB",1996,-35.31451654562766
"Venezuela, RB",1997,-7.661492273338199
"Venezuela, RB",1998,23.09878633410213
"Venezuela, RB",1999,4.701637098437412
"Venezuela, RB",2000,-3.2858753296361014
"Venezuela, RB",2001,13.384423133962732
"Venezuela, RB",2002,2.672189946683856
"Venezuela, RB",2003,-7.218669896258794
"Venezuela, RB",2004,-11.539102587998276
"Venezuela, RB",2005,-9.872293158619303
"Venezuela, RB",2006,-2.058999173263236
"Venezuela, RB",2007,1.4348584530545532
"Venezuela, RB",2008,-5.964399617398717
"Venezuela, RB",2009,11.185644607434137
"Venezuela, RB",2010,-18.90855874660571
"Venezuela, RB",2011,-8.583113846523773
"Venezuela, RB",2012,-3.734907397028655
"Venezuela, RB",2013,-16.69274763695033
"Venezuela, RB",2014,-42.72461270623011
"Venezuela, RB",2015,-49.308267708536434
"Venezuela, RB",2016,-70.3603635303755
"Venezuela, RB",2017,-89.47080187208928
Vietnam,1993,12.577207819335928
Vietnam,1996,10.490866642100356
Vietnam,1997,7.335321062378322
Vietnam,1998,5.110478707403245
Vietnam,1999,6.587522340544484
Vietnam,2000,6.905766650637599
Vietnam,2001,6.624035466302167
Vietnam,2002,4.166937122695034
Vietnam,2003,2.21305791691824
Vietnam,2004,1.188922336282323
Vietnam,2005,-6.552887403318082
Vietnam,2006,2.401517259371245
Vietnam,2007,1.413637871476664
Vietnam,2008,-5.616335288623398
Vietnam,2009,3.627881411860442
Vietnam,2010,-20.49708191017676
Vietnam,2011,-3.673264804151524
Vietnam,2012,4.02832802666538
Vietnam,2013,6.089708703689181
Vietnam,2014,4.789731165124982
Vietnam,2015,8.988296875672006
Vietnam,2016,5.0486029280726665
Vietnam,2017,2.5915141589646518
Vietnam,2018,3.614155043417628
Vietnam,2019,5.159252657294815
Vietnam,2020,6.090642996834034
Vietnam,2021,4.792180472832121
Vietnam,2022,3.4186168447973624
Vietnam,2023,7.081368362152133
West Bank and Gaza,2004,12.756366559712024
West Bank and Gaza,2005,7.274690461884727
West Bank and Gaza,2006,2.214923386983434
West Bank and Gaza,2007,3.0612376666252703
West Bank and Gaza,2008,-8.393294113346794
West Bank and Gaza,2009,4.2561064835370175
West Bank and Gaza,2010,-6.062534961942248
West Bank and Gaza,2011,1.2965140787095573
West Bank and Gaza,2012,3.986036855270069
West Bank and Gaza,2013,1.6810326035134449
West Bank and Gaza,2014,2.6394041936707526
West Bank and Gaza,2015,10.89292286842513
West Bank and Gaza,2016,4.810218377446554
West Bank and Gaza,2017,2.486483978669084
West Bank and Gaza,2018,6.193658159995764
West Bank and Gaza,2019,2.00529807738656
West Bank and Gaza,2020,3.2247854218229737
West Bank and Gaza,2021,-3.119417484067397
"Yemen, Rep.",1996,-3.889803669250615
"Yemen, Rep.",1997,8.143820152495037
"Yemen, Rep.",1998,28.8771592096907
"Yemen, Rep.",1999,-7.026456176280469
"Yemen, Rep.",2000,-3.0843186286307525
"Yemen, Rep.",2001,14.357233976997945
"Yemen, Rep.",2002,8.275501085710818
"Yemen, Rep.",2003,6.40951122422722
"Yemen, Rep.",2004,3.84414370907284
"Yemen, Rep.",2005,-0.4499607374919676
"Yemen, Rep.",2006,3.8836211455910026
"Yemen, Rep.",2007,6.413407628825132
"Yemen, Rep.",2008,-1.9752373757754544
"Yemen, Rep.",2009,29.251710395806807
"Yemen, Rep.",2010,0.1746270116287692
"Yemen, Rep.",2011,5.830259539723861
"Yemen, Rep.",2012,17.57133442050146
"Yemen, Rep.",2013,11.788754927727483
Zambia,1978,-3.932755937493765
Zambia,1979,-10.506056012159464
Zambia,1980,-2.0247464344692343
Zambia,1981,2.184968431191748
Zambia,1982,3.166989828786094
Zambia,1983,-4.745323585540976
Zambia,1984,-3.202506282366192
Zambia,1985,-15.966610133261051
Zambia,1986,-29.998268949461146
Zambia,1987,-25.193713197198203
Zambia,1988,-11.971349544098302
Zambia,1989,-34.54680202115901
Zambia,1990,-34.539040836916875
Zambia,1991,-25.77388955419149
Zambia,1992,-41.790243978186055
Zambia,1993,-12.455969337128826
Zambia,1994,-5.63447019509948
Zambia,1995,11.424913920025956
Zambia,1996,23.67048575767097
Zambia,1997,16.976629973953823
Zambia,1998,12.739308500618309
Zambia,1999,19.15879542694729
Zambia,2000,4.664768070187698
Zambia,2001,16.677463489596313
Zambia,2002,21.615624281608685
Zambia,2003,19.525341474206744
Zambia,2004,9.196933646909338
Zambia,2005,9.909085184292731
Zambia,2006,7.517820242055237
Zambia,2007,5.240870634219009
Zambia,2008,7.613795381170082
Zambia,2009,15.633633461981391
Zambia,2010,6.112942211695312
Zambia,2011,6.956559576598781
Zambia,2012,4.821477425949428
Zambia,2013,-0.1914300381927985
Zambia,2014,5.816367830511293
Zambia,2015,6.179215852481581
Zambia,2016,1.6939292780506543
Zambia,2017,2.0914904852687
Zambia,2018,2.2158652901341216
Zambia,2019,2.4696743253059434
Zambia,2020,-3.893032452645667
Zimbabwe,2012,7.274648584465826
Zimbabwe,2013,0.3373148765713119
Zimbabwe,2014,9.744021567554148
Zimbabwe,2015,7.886492962529192
Zimbabwe,2016,4.8467650111951945
Zimbabwe,2017,-64.0569870550594
Zimbabwe,2018,3.454824657271361
Zimbabwe,2019,-76.63157615765559
Zimbabwe,2020,-80.61026214341803
Zimbabwe,2021,-30.318195203865564
Zimbabwe,2022,-38.0936507384686
Zimbabwe,2023,-68.87726698841422
Zimbabwe,2024,-85.89381478554644
