event_id,start_year,end_year,country,alliance,casualties_mil_k,casualties_civ_k,military_personnel_k,front,total_casualties_k,casualty_ratio
1,1914,1918,russia,allied_powers,663.09,406.18,2681.93,middle_east,1069.27,0.3986942239357477
2,1914,1918,belgium,allied_powers,24.86,119.7,1967.16,balkans,144.56,0.0734866508062384
3,1916,1918,italy,allied_powers,140.78,574.35,1042.95,italian_front,715.13,0.6856800421880244
4,1916,1919,belgium,allied_powers,875.83,227.43,1678.52,western_front,1103.26,0.6572814145795105
5,1914,1918,france,allied_powers,779.97,228.39,1387.56,balkans,1008.36,0.7267145204531696
6,1915,1919,belgium,allied_powers,147.9,227.98,2969.09,eastern_front,375.88,0.1265977117568009
7,1914,1918,ottoman_empire,central_powers,60.5,547.93,1723.18,western_front,608.43,0.3530855743451061
8,1917,1919,germany,central_powers,670.75,323.62,2253.69,italian_front,994.37,0.441218623679388
9,1915,1918,united_kingdom,allied_powers,138.4,96.41,2057.42,air,234.81,0.114128374371786
10,1917,1919,belgium,allied_powers,691.97,204.44,915.83,western_front,896.4100000000001,0.978795191247284
11,1916,1918,belgium,allied_powers,179.82,224.66,526.57,eastern_front,404.48,0.7681409879028429
12,1917,1918,austria-hungary,central_powers,53.07,526.87,2843.5,eastern_front,579.94,0.20395287497802
13,1915,1918,austria-hungary,central_powers,785.32,254.17,674.8,air,1039.49,1.5404416123295792
14,1917,1919,france,allied_powers,203.0,203.18,1785.51,air,406.18,0.2274868244927219
15,1914,1918,united_kingdom,allied_powers,64.7,143.18,2023.48,balkans,207.88,0.1027339039674224
16,1917,1918,russia,allied_powers,88.14,258.92,1299.56,air,347.06,0.2670596201791376
17,1914,1918,france,allied_powers,173.24,322.0,463.54,naval,495.24,1.068386762738922
18,1914,1919,belgium,allied_powers,872.13,555.86,2553.65,eastern_front,1427.99,0.5591956611125252
19,1915,1919,ottoman_empire,central_powers,886.79,159.49,2363.01,western_front,1046.28,0.4427742582553607
20,1917,1918,russia,allied_powers,521.68,325.55,2256.53,balkans,847.23,0.3754570069974695
21,1915,1918,france,allied_powers,62.1,517.16,1241.14,eastern_front,579.26,0.4667160836005607
22,1914,1918,austria-hungary,central_powers,603.08,188.85,833.56,naval,791.9300000000001,0.9500575843370604
23,1914,1918,france,allied_powers,192.63,159.49,2803.12,air,352.12,0.1256171694397671
24,1915,1919,belgium,allied_powers,838.65,62.6,2640.47,middle_east,901.25,0.3413218101322871
25,1915,1919,italy,allied_powers,619.06,511.82,1540.96,middle_east,1130.88,0.7338801785899698
26,1917,1919,italy,allied_powers,573.76,157.54,2236.63,western_front,731.3,0.3269651216338866
27,1914,1918,italy,allied_powers,497.72,258.16,173.4,italian_front,755.8800000000001,4.359169550173011
28,1915,1918,serbia,allied_powers,833.26,142.42,529.38,africa,975.68,1.8430616948128
29,1916,1919,germany,central_powers,344.91,23.72,1438.54,balkans,368.63,0.2562528674906502
30,1915,1918,ottoman_empire,central_powers,251.46,42.12,2331.31,western_front,293.58,0.1259291986050761
31,1916,1918,germany,central_powers,866.32,159.65,369.79,eastern_front,1025.97,2.7744665891451903
32,1916,1919,serbia,allied_powers,230.0,425.42,54.99,eastern_front,655.4200000000001,11.91889434442626
33,1914,1919,austria-hungary,central_powers,279.05,245.33,1237.08,africa,524.38,0.4238852782358457
34,1917,1919,ottoman_empire,central_powers,750.52,182.67,670.04,italian_front,933.19,1.3927377470001792
35,1917,1919,belgium,allied_powers,714.57,575.92,2221.09,air,1290.49,0.5810165279209757
36,1916,1918,russia,allied_powers,133.47,28.21,2952.61,balkans,161.68,0.0547583324584012
37,1915,1919,russia,allied_powers,590.8,3.82,2265.35,air,594.62,0.2624848257443662
38,1917,1918,united_states,allied_powers,721.47,400.71,2964.28,balkans,1122.18,0.3785674767565817
39,1917,1919,united_states,allied_powers,676.85,504.0,868.07,italian_front,1180.85,1.3603165643323694
40,1916,1919,russia,allied_powers,302.93,535.87,287.7,eastern_front,838.8,2.9155370177267987
41,1915,1918,ottoman_empire,central_powers,488.81,249.76,660.16,eastern_front,738.5699999999999,1.1187742365487154
42,1914,1919,italy,allied_powers,678.37,512.14,2862.62,air,1190.51,0.4158812556329516
43,1915,1919,ottoman_empire,central_powers,27.09,202.01,2053.47,balkans,229.1,0.1115672495824141
44,1915,1918,france,allied_powers,122.99,277.29,198.34,naval,400.28,2.018150650398306
45,1916,1919,ottoman_empire,central_powers,751.58,282.45,2259.62,naval,1034.03,0.4576123418981953
46,1914,1918,russia,allied_powers,559.58,143.51,1447.01,western_front,703.09,0.4858915971555138
47,1916,1919,germany,central_powers,98.18,15.89,970.27,italian_front,114.07,0.1175652138064662
48,1914,1918,serbia,allied_powers,716.81,339.78,171.15,eastern_front,1056.59,6.173473561203622
49,1914,1919,united_states,allied_powers,390.74,217.63,2680.15,western_front,608.37,0.2269910266216443
50,1916,1919,serbia,allied_powers,290.75,147.67,2807.13,air,438.42,0.1561808680039755
51,1917,1919,united_states,allied_powers,164.47,127.67,2403.61,africa,292.14,0.121542180303793
52,1916,1918,russia,allied_powers,440.23,455.02,2087.3,balkans,895.25,0.428903367987352
53,1914,1919,russia,allied_powers,597.9,221.73,1682.75,balkans,819.63,0.4870777001931362
54,1916,1919,austria-hungary,central_powers,208.25,432.91,980.87,air,641.1600000000001,0.6536646038720728
55,1917,1919,russia,allied_powers,205.51,108.08,91.74,middle_east,313.59,3.418247220405494
56,1914,1919,france,allied_powers,517.08,281.9,1349.38,italian_front,798.98,0.5921089685633402
57,1917,1918,united_states,allied_powers,519.74,412.03,497.59,eastern_front,931.77,1.8725657669969251
58,1914,1919,united_states,allied_powers,268.32,353.32,1315.05,balkans,621.64,0.4727120641800692
59,1914,1918,france,allied_powers,216.64,331.42,511.77,balkans,548.06,1.0709107606932802
60,1917,1919,austria-hungary,central_powers,632.99,272.69,2077.79,western_front,905.68,0.43588620601697
61,1915,1919,germany,central_powers,744.14,43.31,539.47,eastern_front,787.45,1.4596733831352997
62,1916,1919,austria-hungary,central_powers,848.47,300.53,1506.7,eastern_front,1149.0,0.7625937479259308
63,1916,1919,russia,allied_powers,528.82,12.94,2306.04,western_front,541.7600000000001,0.2349308771747238
64,1915,1919,germany,central_powers,392.86,488.64,2908.71,air,881.5,0.3030553063041692
65,1916,1918,ottoman_empire,central_powers,260.11,567.14,2450.02,italian_front,827.25,0.3376503048954702
66,1916,1919,ottoman_empire,central_powers,742.61,1.19,2614.63,africa,743.8000000000001,0.2844761973969548
67,1916,1919,russia,allied_powers,494.75,556.64,1342.44,air,1051.39,0.7831932898304579
68,1915,1918,belgium,allied_powers,84.8,595.36,2743.14,middle_east,680.16,0.247949430215009
69,1915,1919,ottoman_empire,central_powers,882.24,146.62,1676.23,middle_east,1028.86,0.6137940497425771
70,1915,1918,italy,allied_powers,241.19,2.04,2191.85,middle_east,243.23,0.1109701850035358
71,1915,1919,italy,allied_powers,686.82,226.64,2801.91,air,913.46,0.3260133266236246
72,1915,1919,united_states,allied_powers,348.08,398.38,2471.21,western_front,746.46,0.302062552352896
73,1916,1918,belgium,allied_powers,14.8,86.92,2619.25,air,101.72,0.0388355445261048
74,1916,1919,italy,allied_powers,342.63,190.34,2170.22,naval,532.97,0.2455833970749509
75,1914,1918,france,allied_powers,880.53,456.34,2126.48,middle_east,1336.87,0.6286774387720552
76,1916,1918,united_kingdom,allied_powers,323.26,258.7,770.38,western_front,581.96,0.7554194034113035
77,1915,1918,serbia,allied_powers,558.12,144.88,2742.85,italian_front,703.0,0.2563027507884135
78,1916,1919,united_states,allied_powers,610.17,95.21,1353.1,middle_east,705.38,0.521306629221787
79,1917,1919,russia,allied_powers,768.15,64.44,1175.02,air,832.5899999999999,0.7085751731885415
80,1916,1918,united_kingdom,allied_powers,778.7,467.1,2922.13,naval,1245.8000000000002,0.426332846245718
81,1915,1919,serbia,allied_powers,610.31,432.7,1994.59,balkans,1043.01,0.5229194972400343
82,1914,1919,serbia,allied_powers,659.39,54.53,920.58,air,713.92,0.7755110908340394
83,1916,1919,united_states,allied_powers,672.16,203.56,389.75,italian_front,875.72,2.2468762026940348
84,1917,1919,united_kingdom,allied_powers,483.38,273.14,2034.84,eastern_front,756.52,0.3717835308918637
85,1916,1918,united_kingdom,allied_powers,795.93,337.06,2750.0,balkans,1132.99,0.4119963636363636
86,1917,1919,germany,central_powers,851.69,182.97,1503.24,naval,1034.66,0.6882866342034539
87,1917,1919,serbia,allied_powers,796.99,393.13,2509.39,africa,1190.12,0.4742666544459011
88,1916,1918,russia,allied_powers,90.32,411.57,1656.17,air,501.89,0.3030425620558276
89,1915,1918,russia,allied_powers,874.01,30.82,1033.85,air,904.83,0.8752043333172125
90,1915,1918,germany,central_powers,3.55,515.11,476.83,balkans,518.66,1.0877251850764422
91,1915,1918,united_kingdom,allied_powers,711.2,143.14,1005.13,western_front,854.34,0.8499796046282571
92,1917,1918,united_states,allied_powers,462.4,65.88,1536.32,eastern_front,528.28,0.3438606540304103
93,1916,1919,united_states,allied_powers,384.22,65.22,2151.58,western_front,449.44000000000005,0.2088883518158748
94,1915,1918,serbia,allied_powers,493.97,195.45,2984.15,italian_front,689.4200000000001,0.2310272606939999
95,1917,1918,ottoman_empire,central_powers,799.39,248.58,2490.89,eastern_front,1047.97,0.420721107716519
96,1916,1919,italy,allied_powers,618.45,284.82,319.11,africa,903.27,2.830591332142521
97,1916,1918,france,allied_powers,318.88,399.37,2263.34,western_front,718.25,0.3173407442098845
98,1916,1918,united_states,allied_powers,762.7,210.39,1690.98,balkans,973.09,0.5754592011732842
99,1917,1918,germany,central_powers,632.73,185.74,1052.48,middle_east,818.47,0.7776584828215263
100,1917,1918,france,allied_powers,194.4,252.19,1055.64,italian_front,446.59,0.4230514190443711
101,1914,1918,serbia,allied_powers,606.9,163.63,2002.72,italian_front,770.53,0.384741751218343
102,1916,1918,ottoman_empire,central_powers,255.64,407.25,1485.57,eastern_front,662.89,0.4462192962970442
103,1914,1918,russia,allied_powers,687.98,174.02,403.95,balkans,862.0,2.133927466270578
104,1917,1918,ottoman_empire,central_powers,393.16,276.12,279.69,africa,669.28,2.3929350352175622
105,1917,1919,ottoman_empire,central_powers,869.61,103.54,2845.46,middle_east,973.15,0.3420009418512296
106,1914,1918,belgium,allied_powers,356.79,186.51,1051.56,naval,543.3,0.5166609608581536
107,1914,1918,germany,central_powers,93.42,153.95,561.82,africa,247.37,0.4403011640739026
108,1917,1919,italy,allied_powers,396.35,281.62,1912.59,air,677.97,0.3544774363559362
109,1914,1919,united_kingdom,allied_powers,332.5,172.6,1951.77,air,505.1,0.2587907386628547
110,1917,1919,serbia,allied_powers,290.05,285.64,495.04,western_front,575.69,1.1629161279896574
111,1916,1918,russia,allied_powers,891.9,314.68,1848.93,italian_front,1206.58,0.6525828452131773
112,1917,1919,france,allied_powers,85.96,407.19,888.23,western_front,493.15,0.5552052959256049
113,1915,1919,germany,central_powers,638.24,51.29,1698.82,middle_east,689.53,0.4058876161100058
114,1914,1919,italy,allied_powers,163.06,128.91,2845.62,africa,291.97,0.1026032991052916
115,1915,1918,belgium,allied_powers,751.77,530.27,161.36,middle_east,1282.04,7.945215666831928
116,1917,1918,serbia,allied_powers,649.34,26.69,1124.68,italian_front,676.0300000000001,0.6010865312800086
117,1917,1918,united_states,allied_powers,331.69,568.3,2954.1,balkans,899.99,0.3046579330422125
118,1917,1918,austria-hungary,central_powers,577.42,524.53,1685.9,balkans,1101.9499999999998,0.6536271427724063
119,1916,1918,united_states,allied_powers,133.47,262.76,2841.92,italian_front,396.23,0.1394233475959914
120,1917,1918,russia,allied_powers,895.08,225.26,133.15,naval,1120.34,8.414119414194518
121,1915,1918,germany,central_powers,404.29,3.65,283.72,middle_east,407.94,1.4378260256591004
122,1917,1918,austria-hungary,central_powers,43.93,252.19,2392.0,middle_east,296.12,0.1237959866220735
123,1917,1918,austria-hungary,central_powers,2.41,212.01,1733.46,balkans,214.42,0.1236948069179559
124,1914,1918,united_kingdom,allied_powers,882.95,152.56,97.91,naval,1035.51,10.576141354304974
125,1914,1919,italy,allied_powers,305.35,385.86,2499.63,italian_front,691.21,0.276524925689002
126,1915,1918,austria-hungary,central_powers,40.38,120.08,173.62,air,160.46,0.9242022808432208
127,1917,1919,austria-hungary,central_powers,776.06,29.16,1984.41,western_front,805.2199999999999,0.405773000539203
128,1917,1919,italy,allied_powers,447.09,298.77,2776.72,air,745.8599999999999,0.2686118874067245
129,1917,1918,belgium,allied_powers,289.77,48.5,1999.71,naval,338.27,0.169159528131579
130,1917,1918,united_states,allied_powers,654.41,547.01,1863.81,air,1201.42,0.6446043319866296
131,1914,1918,belgium,allied_powers,857.56,86.1,1842.34,naval,943.66,0.5122073015838553
132,1915,1919,serbia,allied_powers,544.98,407.6,2849.03,africa,952.58,0.3343523936216888
133,1915,1919,austria-hungary,central_powers,864.51,16.04,598.84,naval,880.55,1.4704261572373254
134,1916,1919,serbia,allied_powers,624.89,599.18,640.53,air,1224.07,1.9110268059263424
135,1917,1918,france,allied_powers,488.41,534.85,2561.52,africa,1023.26,0.3994737499609607
136,1914,1918,united_states,allied_powers,325.45,343.58,1428.85,italian_front,669.03,0.4682296952094342
137,1914,1919,belgium,allied_powers,692.48,494.09,267.56,naval,1186.57,4.43478098370459
138,1916,1918,ottoman_empire,central_powers,819.73,33.72,416.28,italian_front,853.45,2.0501825694244262
139,1916,1918,france,allied_powers,177.48,573.83,859.63,africa,751.3100000000001,0.8739922990123659
140,1915,1918,serbia,allied_powers,742.89,17.51,184.11,italian_front,760.4,4.130139590462223
141,1917,1918,austria-hungary,central_powers,221.15,484.51,1247.97,air,705.66,0.5654462847664607
142,1915,1919,united_states,allied_powers,306.83,86.63,2591.38,naval,393.46,0.1518341578618342
143,1916,1918,united_states,allied_powers,241.46,149.13,335.59,africa,390.59,1.1638904615751364
144,1917,1918,serbia,allied_powers,171.66,96.03,2988.11,italian_front,267.69,0.0895850554363795
145,1914,1918,russia,allied_powers,525.43,29.67,880.0,naval,555.0999999999999,0.6307954545454545
146,1914,1918,austria-hungary,central_powers,687.71,219.88,1231.72,naval,907.59,0.736847660182509
147,1916,1918,belgium,allied_powers,742.95,374.13,1852.58,naval,1117.08,0.6029861058631746
148,1916,1919,serbia,allied_powers,361.85,24.63,164.8,italian_front,386.48,2.345145631067961
149,1915,1918,germany,central_powers,891.56,443.72,932.74,africa,1335.28,1.431567210583871
150,1917,1919,italy,allied_powers,606.75,587.95,1771.92,air,1194.7,0.6742403720258251
151,1915,1918,belgium,allied_powers,697.37,228.42,2473.9,air,925.79,0.3742228869396499
152,1914,1918,italy,allied_powers,137.14,414.45,1260.61,western_front,551.5899999999999,0.4375580076312261
153,1914,1918,united_states,allied_powers,339.77,574.03,1406.01,balkans,913.8,0.6499242537393048
154,1916,1919,austria-hungary,central_powers,269.35,564.92,2947.67,balkans,834.27,0.2830269331370201
155,1917,1919,belgium,allied_powers,259.72,344.3,1652.41,air,604.02,0.365538819058224
156,1915,1919,france,allied_powers,831.68,393.76,2254.65,western_front,1225.44,0.5435167320870201
157,1916,1919,serbia,allied_powers,216.11,30.93,2720.29,italian_front,247.04,0.0908138470530715
158,1917,1919,germany,central_powers,868.1,586.76,515.93,air,1454.86,2.819878665710465
159,1916,1919,france,allied_powers,209.77,443.34,2558.48,middle_east,653.11,0.2552726618929989
160,1915,1918,germany,central_powers,789.19,6.06,1725.49,naval,795.25,0.4608835751004063
161,1917,1918,russia,allied_powers,298.29,438.81,1962.44,air,737.1,0.3756038401174049
162,1916,1918,ottoman_empire,central_powers,295.81,240.8,331.39,italian_front,536.61,1.6192703461178672
163,1914,1919,united_states,allied_powers,858.68,181.52,2182.5,naval,1040.2,0.4766093928980527
164,1915,1918,austria-hungary,central_powers,365.47,301.76,2690.6,eastern_front,667.23,0.2479855794246636
165,1916,1918,united_states,allied_powers,410.03,593.31,1152.19,balkans,1003.34,0.8708112377298882
166,1915,1918,belgium,allied_powers,71.21,338.72,232.19,eastern_front,409.93,1.7654937766484344
167,1915,1918,france,allied_powers,645.51,293.55,2701.72,africa,939.06,0.3475785795715322
168,1917,1919,austria-hungary,central_powers,356.96,489.96,2250.12,western_front,846.92,0.3763888148187652
169,1916,1918,united_states,allied_powers,259.09,108.4,449.52,western_front,367.49,0.8175164620039154
170,1917,1919,italy,allied_powers,161.45,322.59,1610.09,eastern_front,484.04,0.3006291573762957
171,1916,1919,russia,allied_powers,415.1,93.5,606.02,naval,508.6,0.8392462294973764
172,1917,1918,france,allied_powers,534.96,268.14,2032.47,balkans,803.1,0.3951349835421925
173,1917,1919,united_kingdom,allied_powers,454.0,173.91,2456.57,balkans,627.91,0.255604358923214
174,1916,1918,belgium,allied_powers,372.79,165.45,1692.32,middle_east,538.24,0.3180485960102108
175,1917,1919,ottoman_empire,central_powers,287.54,250.09,490.19,western_front,537.63,1.0967788000571208
176,1917,1918,germany,central_powers,823.35,337.65,2904.97,balkans,1161.0,0.3996598932174859
177,1915,1919,france,allied_powers,762.57,55.93,2187.52,balkans,818.5,0.3741680076067876
178,1914,1918,united_states,allied_powers,782.66,200.11,2873.21,balkans,982.77,0.3420460042948479
179,1914,1919,ottoman_empire,central_powers,497.32,465.42,1172.95,balkans,962.74,0.8207851997101325
180,1916,1919,united_states,allied_powers,822.98,222.74,1271.09,air,1045.72,0.822695481830555
181,1914,1919,germany,central_powers,297.55,228.21,2508.42,naval,525.76,0.2095980736878194
182,1916,1919,united_states,allied_powers,659.76,211.63,462.88,air,871.39,1.8825397511234008
183,1914,1918,united_kingdom,allied_powers,124.6,378.61,250.51,eastern_front,503.21,2.008742165981398
184,1917,1919,united_states,allied_powers,6.94,331.21,84.96,western_front,338.15,3.980108286252354
185,1914,1919,france,allied_powers,134.86,115.56,1603.05,italian_front,250.42,0.1562147156982003
186,1914,1919,serbia,allied_powers,891.22,135.9,2067.92,naval,1027.12,0.4966923285233471
187,1917,1919,united_kingdom,allied_powers,75.33,507.28,1952.48,air,582.61,0.2983948619192002
188,1914,1918,austria-hungary,central_powers,831.82,410.82,877.1,balkans,1242.64,1.416759776536313
189,1915,1919,serbia,allied_powers,677.28,427.77,1224.97,western_front,1105.05,0.9021037249891832
190,1915,1919,germany,central_powers,451.21,584.61,208.4,africa,1035.82,4.970345489443377
191,1916,1919,austria-hungary,central_powers,442.05,213.81,2826.37,africa,655.86,0.2320502977317195
192,1917,1918,france,allied_powers,241.91,228.31,2362.48,middle_east,470.22,0.1990366056008939
193,1914,1918,united_states,allied_powers,685.45,61.79,307.53,western_front,747.24,2.4298117256853
194,1917,1918,italy,allied_powers,84.66,359.03,1007.07,western_front,443.69,0.4405751338040056
195,1917,1918,ottoman_empire,central_powers,125.82,181.03,1504.72,balkans,306.85,0.2039249827210378
196,1917,1919,italy,allied_powers,849.86,432.68,1512.62,air,1282.54,0.8478930597241872
197,1915,1919,italy,allied_powers,342.52,517.39,1348.66,western_front,859.91,0.6376032506339625
198,1916,1918,germany,central_powers,871.88,175.22,2100.13,air,1047.1,0.4985881826363129
199,1916,1919,italy,allied_powers,838.93,120.28,2991.93,middle_east,959.21,0.3205990781869897
200,1917,1918,france,allied_powers,606.01,83.94,943.36,air,689.95,0.7313750848032565
201,1917,1918,serbia,allied_powers,481.4,554.14,2615.42,air,1035.54,0.3959364079191869
202,1916,1918,italy,allied_powers,582.65,27.06,2951.64,eastern_front,609.7099999999999,0.2065665189521757
203,1914,1918,russia,allied_powers,672.42,335.02,2078.61,eastern_front,1007.44,0.4846700439235835
204,1917,1918,united_states,allied_powers,266.59,552.37,303.27,africa,818.96,2.7004319583209684
205,1917,1918,united_states,allied_powers,394.91,418.21,990.78,air,813.12,0.8206867316659602
206,1914,1918,germany,central_powers,464.88,331.37,1026.42,africa,796.25,0.7757545644083318
207,1917,1918,ottoman_empire,central_powers,663.91,529.92,1376.25,italian_front,1193.83,0.8674514078110808
208,1915,1918,serbia,allied_powers,719.75,322.36,1129.09,middle_east,1042.11,0.922964511243568
209,1917,1919,serbia,allied_powers,313.78,507.39,1871.22,naval,821.17,0.4388420388837229
210,1915,1919,austria-hungary,central_powers,165.56,416.22,1556.93,eastern_front,581.78,0.3736712633194812
211,1917,1919,belgium,allied_powers,499.87,294.04,463.87,italian_front,793.9100000000001,1.711492444003708
212,1916,1918,russia,allied_powers,867.48,303.51,1510.16,air,1170.99,0.775407903798273
213,1917,1919,serbia,allied_powers,716.5,132.71,146.45,italian_front,849.21,5.798634346193241
214,1917,1919,austria-hungary,central_powers,741.13,220.43,2476.7,eastern_front,961.56,0.3882424193483264
215,1917,1918,united_kingdom,allied_powers,237.27,517.39,306.6,balkans,754.66,2.4613829093281145
216,1916,1919,russia,allied_powers,725.09,342.26,1620.23,italian_front,1067.35,0.6587644963986594
217,1916,1919,germany,central_powers,826.97,595.5,2607.79,middle_east,1422.47,0.5454695355070769
218,1916,1918,germany,central_powers,569.53,376.87,1156.76,naval,946.4,0.8181472388395172
219,1916,1919,italy,allied_powers,3.22,464.59,2211.54,air,467.81,0.2115313311086392
220,1917,1918,united_states,allied_powers,291.26,170.51,1664.57,naval,461.77,0.2774109830166349
221,1916,1918,united_states,allied_powers,112.69,514.66,1351.79,western_front,627.3499999999999,0.4640883569193439
222,1915,1919,france,allied_powers,226.1,223.42,2716.21,italian_front,449.52,0.1654953041186064
223,1916,1918,france,allied_powers,192.87,47.22,1801.35,naval,240.09,0.1332833708052294
224,1916,1918,united_states,allied_powers,206.82,54.05,2427.57,naval,260.87,0.1074613708358564
225,1915,1919,france,allied_powers,507.4,366.39,534.14,italian_front,873.79,1.6358819785075074
226,1915,1919,france,allied_powers,126.87,74.33,2203.53,air,201.2,0.0913080375579184
227,1915,1918,russia,allied_powers,541.3,432.85,890.52,middle_east,974.15,1.0939114225396398
228,1915,1919,russia,allied_powers,347.91,145.03,1932.34,middle_east,492.94000000000005,0.2551000341554799
229,1916,1918,italy,allied_powers,614.96,457.75,2865.64,naval,1072.71,0.3743352270347985
230,1914,1919,united_kingdom,allied_powers,456.44,377.33,1528.09,balkans,833.77,0.5456288569390546
231,1914,1918,austria-hungary,central_powers,460.66,122.32,2433.78,middle_east,582.98,0.2395368521394702
232,1914,1919,united_kingdom,allied_powers,78.51,260.97,1387.45,naval,339.48,0.2446790875346859
233,1915,1918,united_kingdom,allied_powers,447.28,208.35,1575.81,western_front,655.63,0.416059042651081
234,1916,1918,ottoman_empire,central_powers,471.94,158.14,2926.4,western_front,630.0799999999999,0.2153089119737561
235,1916,1918,italy,allied_powers,230.35,62.19,1743.04,air,292.54,0.1678332109418028
236,1914,1918,united_kingdom,allied_powers,328.21,552.18,577.93,western_front,880.3899999999999,1.5233505787898187
237,1917,1918,ottoman_empire,central_powers,244.86,47.19,1149.78,africa,292.05,0.2540051140218128
238,1914,1919,austria-hungary,central_powers,295.24,332.08,73.51,eastern_front,627.3199999999999,8.533804924500066
239,1916,1918,serbia,allied_powers,898.01,465.64,2210.77,air,1363.65,0.6168212885103381
240,1917,1918,united_kingdom,allied_powers,2.31,394.55,2554.57,balkans,396.86,0.1553529556833439
241,1915,1919,germany,central_powers,84.63,552.8,2697.0,air,637.43,0.2363477938450129
242,1917,1918,ottoman_empire,central_powers,533.11,37.84,2004.21,eastern_front,570.95,0.2848753374147419
243,1916,1919,united_states,allied_powers,211.02,566.16,451.53,africa,777.18,1.7212145372400505
244,1915,1919,ottoman_empire,central_powers,482.8,578.8,662.53,air,1061.6,1.6023425354323575
245,1914,1918,serbia,allied_powers,194.3,514.02,487.56,italian_front,708.3199999999999,1.4527852982197065
246,1914,1919,united_kingdom,allied_powers,769.29,333.79,1672.86,middle_east,1103.08,0.6593976782277058
247,1915,1918,russia,allied_powers,179.12,240.65,2074.54,western_front,419.77,0.2023436520867276
248,1914,1918,united_states,allied_powers,83.69,508.44,2436.22,eastern_front,592.13,0.2430527620658233
249,1915,1919,united_kingdom,allied_powers,615.21,104.1,683.41,naval,719.3100000000001,1.052530691678495
250,1915,1918,united_states,allied_powers,794.62,287.68,308.78,balkans,1082.3,3.505084526199884
251,1915,1918,united_states,allied_powers,703.51,206.75,1718.67,naval,910.26,0.5296304700727889
252,1914,1919,austria-hungary,central_powers,727.98,283.27,1104.43,balkans,1011.25,0.9156306873228724
253,1915,1918,russia,allied_powers,762.01,478.54,1096.67,middle_east,1240.55,1.1311971696134662
254,1916,1919,serbia,allied_powers,128.75,569.05,2518.26,western_front,697.8,0.2770960901574896
255,1917,1918,russia,allied_powers,197.71,316.11,52.02,eastern_front,513.82,9.877354863514034
256,1916,1918,united_kingdom,allied_powers,528.36,550.38,2334.38,africa,1078.74,0.4621098535799655
257,1917,1918,italy,allied_powers,878.3,439.55,1338.76,africa,1317.85,0.9843810690489706
258,1916,1918,austria-hungary,central_powers,115.49,437.43,2848.92,italian_front,552.92,0.1940805638627971
259,1914,1918,serbia,allied_powers,843.08,84.82,2248.76,africa,927.9,0.4126274035468436
260,1914,1919,austria-hungary,central_powers,225.34,41.14,807.14,air,266.48,0.3301533810739153
261,1917,1919,united_states,allied_powers,316.76,225.52,2494.98,italian_front,542.28,0.2173484356588028
262,1914,1918,italy,allied_powers,856.54,44.98,551.81,middle_east,901.52,1.6337507475399142
263,1914,1919,ottoman_empire,central_powers,546.98,260.8,207.99,air,807.78,3.88374441078898
264,1916,1919,france,allied_powers,354.22,330.02,1498.3,middle_east,684.24,0.4566775679102983
265,1914,1919,france,allied_powers,187.05,383.1,2932.32,air,570.1500000000001,0.1944364871501064
266,1917,1919,france,allied_powers,349.39,222.93,1175.26,air,572.3199999999999,0.4869730953150791
267,1917,1919,austria-hungary,central_powers,56.41,451.46,2019.03,middle_east,507.87,0.2515415818487095
268,1917,1918,belgium,allied_powers,869.1,412.4,2812.27,western_front,1281.5,0.4556817090819871
269,1914,1919,france,allied_powers,156.42,590.63,2917.89,western_front,747.05,0.2560240447720784
270,1914,1919,serbia,allied_powers,288.45,436.4,2431.66,balkans,724.8499999999999,0.2980885485635327
271,1916,1919,serbia,allied_powers,470.78,252.05,1272.61,air,722.8299999999999,0.5679901933821044
272,1914,1918,belgium,allied_powers,790.23,158.85,1981.62,eastern_front,949.08,0.4789414721288643
273,1915,1919,serbia,allied_powers,613.05,241.33,1217.59,naval,854.38,0.7016976157819956
274,1917,1919,italy,allied_powers,280.54,505.79,2581.79,africa,786.33,0.3045677611269701
275,1917,1919,serbia,allied_powers,169.95,127.23,2480.71,middle_east,297.18,0.1197963486259982
276,1914,1918,belgium,allied_powers,122.95,510.85,2644.03,eastern_front,633.8000000000001,0.2397098368777964
277,1915,1918,united_states,allied_powers,826.31,422.93,858.23,balkans,1249.24,1.4556004800577933
278,1914,1918,united_states,allied_powers,402.05,576.33,1450.02,balkans,978.38,0.6747355208893672
279,1916,1918,ottoman_empire,central_powers,147.45,343.57,2896.51,middle_east,491.02,0.1695212514370742
280,1916,1919,united_states,allied_powers,582.99,360.88,74.97,western_front,943.87,12.589969321061758
281,1916,1919,united_states,allied_powers,197.17,181.64,1585.88,naval,378.81,0.2388642268015234
282,1914,1919,france,allied_powers,58.39,593.02,1939.75,middle_east,651.41,0.3358216264982601
283,1916,1918,united_kingdom,allied_powers,364.28,192.09,462.79,italian_front,556.37,1.202208345037706
284,1917,1919,serbia,allied_powers,734.6,206.23,2154.44,naval,940.83,0.4366935259278513
285,1916,1918,france,allied_powers,116.02,155.56,2434.61,italian_front,271.58,0.1115496937907919
286,1915,1919,ottoman_empire,central_powers,335.14,351.55,1418.09,balkans,686.69,0.4842358383459442
287,1914,1919,ottoman_empire,central_powers,269.22,32.91,2570.01,balkans,302.13,0.1175598538527087
288,1917,1918,france,allied_powers,300.03,591.99,974.57,africa,892.02,0.9152959766871542
289,1915,1918,france,allied_powers,553.42,380.28,1240.01,italian_front,933.7,0.7529777985661406
290,1915,1919,belgium,allied_powers,17.11,2.97,2214.13,western_front,20.08,0.0090690248540058
291,1914,1919,france,allied_powers,269.08,174.85,2197.1,middle_east,443.93,0.2020527058395157
292,1915,1919,russia,allied_powers,853.33,550.96,1240.01,air,1404.29,1.1324828025580438
293,1915,1918,italy,allied_powers,338.3,384.37,2325.19,italian_front,722.6700000000001,0.3108004077086174
294,1914,1918,ottoman_empire,central_powers,342.85,328.6,1449.47,western_front,671.45,0.4632382870980427
295,1914,1919,belgium,allied_powers,560.9,420.59,1285.54,naval,981.49,0.7634846056909937
296,1914,1919,united_states,allied_powers,548.49,466.89,2502.92,eastern_front,1015.38,0.4056781678998929
297,1916,1918,russia,allied_powers,298.21,2.14,2031.32,western_front,300.35,0.1478595199180828
298,1915,1918,austria-hungary,central_powers,411.62,586.39,829.17,eastern_front,998.01,1.203625312059047
299,1914,1919,ottoman_empire,central_powers,86.4,455.04,185.37,africa,541.44,2.9208609807412205
300,1917,1919,italy,allied_powers,103.33,240.45,1396.79,eastern_front,343.78,0.2461214642143772
301,1915,1918,germany,central_powers,375.01,354.65,2416.68,italian_front,729.66,0.3019266100600824
302,1916,1918,united_states,allied_powers,798.95,264.69,236.84,italian_front,1063.64,4.490964364127682
303,1915,1919,russia,allied_powers,311.83,405.94,1185.39,eastern_front,717.77,0.6055137971469304
304,1915,1919,france,allied_powers,289.25,198.87,870.56,air,488.12,0.5606965631317773
305,1917,1919,united_states,allied_powers,721.33,269.14,2576.94,balkans,990.47,0.3843589683888643
306,1914,1918,united_kingdom,allied_powers,494.64,495.63,2385.76,naval,990.27,0.4150752799946348
307,1915,1919,united_kingdom,allied_powers,760.04,199.52,2313.88,africa,959.56,0.4146973913945407
308,1916,1919,russia,allied_powers,307.88,498.02,2895.08,eastern_front,805.9,0.2783688188236594
309,1914,1918,germany,central_powers,97.16,366.71,603.25,italian_front,463.87,0.7689515126398674
310,1915,1919,united_kingdom,allied_powers,111.77,535.11,1399.29,eastern_front,646.88,0.4622915907353014
311,1914,1918,belgium,allied_powers,622.94,104.6,2454.97,naval,727.5400000000001,0.2963539269318974
312,1916,1919,austria-hungary,central_powers,867.27,582.31,1385.89,naval,1449.58,1.0459560282562106
313,1916,1919,russia,allied_powers,643.23,412.12,2767.52,balkans,1055.35,0.3813341909001561
314,1916,1918,serbia,allied_powers,848.46,426.22,2039.02,africa,1274.68,0.6251434512658042
315,1914,1918,germany,central_powers,603.56,120.34,2263.05,western_front,723.9,0.319878040697289
316,1915,1918,belgium,allied_powers,323.46,271.83,1867.52,middle_east,595.29,0.3187596384509938
317,1917,1918,ottoman_empire,central_powers,375.49,472.97,2071.19,middle_east,848.46,0.409648559523752
318,1916,1918,italy,allied_powers,492.41,362.23,2339.63,air,854.6400000000001,0.3652885285280151
319,1914,1918,ottoman_empire,central_powers,386.23,334.18,433.7,italian_front,720.4100000000001,1.6610790869264471
320,1917,1918,italy,allied_powers,46.72,559.46,1866.05,western_front,606.1800000000001,0.3248466011092951
321,1916,1918,germany,central_powers,62.29,303.33,1277.0,africa,365.62,0.2863116679718089
322,1915,1918,italy,allied_powers,197.38,451.72,1614.97,africa,649.1,0.4019269707796429
323,1916,1919,united_kingdom,allied_powers,343.85,477.83,384.45,balkans,821.6800000000001,2.1372870334243728
324,1914,1919,united_kingdom,allied_powers,808.56,115.91,1565.99,air,924.47,0.5903422116360896
325,1914,1918,ottoman_empire,central_powers,185.82,497.33,2641.98,balkans,683.15,0.258575008137836
326,1915,1918,united_kingdom,allied_powers,66.85,107.21,793.13,air,174.06,0.2194596093956854
327,1916,1919,ottoman_empire,central_powers,285.45,234.01,399.0,naval,519.46,1.301904761904762
328,1914,1918,austria-hungary,central_powers,546.3,169.27,2783.74,africa,715.5699999999999,0.2570534604524848
329,1914,1919,germany,central_powers,717.3,509.76,920.19,italian_front,1227.06,1.3334854758256445
330,1916,1918,united_kingdom,allied_powers,515.87,236.75,1665.2,italian_front,752.62,0.4519697333653615
331,1916,1918,germany,central_powers,199.49,500.93,623.26,naval,700.4200000000001,1.1238006610403364
332,1917,1918,austria-hungary,central_powers,178.48,348.57,2857.04,middle_east,527.05,0.1844741410690784
333,1915,1918,russia,allied_powers,437.79,197.34,1995.3,middle_east,635.13,0.3183130356337393
334,1916,1919,united_kingdom,allied_powers,222.31,133.3,2232.46,naval,355.61,0.1592906479847343
335,1915,1919,united_states,allied_powers,697.52,292.44,371.06,air,989.96,2.6679243249070232
336,1915,1918,france,allied_powers,764.78,379.16,2447.3,middle_east,1143.94,0.4674294120050667
337,1915,1918,germany,central_powers,353.86,534.92,1789.32,middle_east,888.78,0.4967138354235128
338,1914,1919,russia,allied_powers,616.06,454.45,464.09,africa,1070.51,2.306686203107156
339,1915,1919,russia,allied_powers,209.34,158.98,740.36,africa,368.32,0.4974877086822626
340,1917,1919,united_kingdom,allied_powers,93.8,581.08,1919.02,air,674.88,0.3516795030796969
341,1915,1919,serbia,allied_powers,465.48,226.11,2726.37,naval,691.59,0.2536669637650062
342,1916,1919,belgium,allied_powers,396.47,138.38,1567.9,air,534.85,0.341125071752025
343,1915,1919,ottoman_empire,central_powers,648.51,289.17,1462.5,eastern_front,937.68,0.641148717948718
344,1917,1918,germany,central_powers,533.52,81.27,1562.3,balkans,614.79,0.3935159700441656
345,1916,1918,austria-hungary,central_powers,195.72,364.11,1440.67,naval,559.83,0.3885900310272304
346,1917,1918,germany,central_powers,830.19,358.12,253.09,italian_front,1188.31,4.695207238531747
347,1914,1918,serbia,allied_powers,160.5,541.01,1819.45,naval,701.51,0.3855615708043639
348,1914,1919,ottoman_empire,central_powers,379.19,524.96,2108.05,italian_front,904.15,0.4289034890064278
349,1917,1919,germany,central_powers,429.95,139.89,2584.21,eastern_front,569.8399999999999,0.220508395215559
350,1916,1918,serbia,allied_powers,106.93,4.81,1980.91,western_front,111.74,0.0564084183531811
351,1915,1919,belgium,allied_powers,508.64,367.32,2975.81,middle_east,875.96,0.2943601910068183
352,1917,1918,austria-hungary,central_powers,520.31,464.63,1224.48,africa,984.94,0.8043741016594799
353,1917,1918,belgium,allied_powers,707.69,480.61,1861.37,eastern_front,1188.3000000000002,0.6384007478362713
354,1914,1918,serbia,allied_powers,80.24,158.22,1143.96,italian_front,238.46,0.2084513444526032
355,1917,1919,united_states,allied_powers,10.63,510.42,2795.74,western_front,521.0500000000001,0.1863728386759856
356,1915,1918,russia,allied_powers,878.11,52.56,864.01,western_front,930.67,1.077151884816148
357,1917,1918,france,allied_powers,256.76,497.94,2749.28,western_front,754.7,0.2745082348833149
358,1915,1918,serbia,allied_powers,235.74,244.58,364.07,air,480.3200000000001,1.319306726728377
359,1914,1919,ottoman_empire,central_powers,435.78,146.34,1052.0,middle_east,582.12,0.5533460076045628
360,1914,1919,france,allied_powers,570.66,596.52,2046.89,eastern_front,1167.1799999999998,0.570221164791464
361,1914,1919,france,allied_powers,606.65,492.73,274.29,balkans,1099.38,4.008093623537133
362,1915,1919,united_states,allied_powers,212.14,145.61,832.95,italian_front,357.75,0.4294975688816855
363,1916,1918,france,allied_powers,552.83,458.66,1647.35,eastern_front,1011.49,0.6140103803077671
364,1916,1919,germany,central_powers,252.96,133.64,1751.16,middle_east,386.6,0.2207679481029717
365,1917,1918,germany,central_powers,878.88,419.1,1407.21,africa,1297.98,0.9223783230647876
366,1917,1918,serbia,allied_powers,169.25,158.08,844.75,africa,327.33000000000004,0.3874874223142942
367,1917,1919,italy,allied_powers,769.04,168.14,580.67,balkans,937.18,1.613963180463947
368,1914,1919,ottoman_empire,central_powers,132.11,575.51,491.17,balkans,707.62,1.4406824521041597
369,1915,1919,austria-hungary,central_powers,772.79,29.1,341.98,air,801.89,2.344844727761857
370,1916,1919,italy,allied_powers,325.5,336.43,2798.94,eastern_front,661.9300000000001,0.236493100959649
371,1914,1919,austria-hungary,central_powers,293.26,306.51,2335.5,balkans,599.77,0.2568058231642046
372,1916,1919,italy,allied_powers,568.51,343.2,2554.26,italian_front,911.71,0.3569370385160477
373,1915,1919,austria-hungary,central_powers,580.54,163.11,1362.45,africa,743.65,0.5458181951631252
374,1917,1918,germany,central_powers,596.16,564.29,2117.06,italian_front,1160.4499999999998,0.5481422349862545
375,1914,1918,belgium,allied_powers,24.7,238.51,2306.74,eastern_front,263.21,0.1141047538951073
376,1915,1918,russia,allied_powers,664.1,266.17,422.91,naval,930.27,2.199687876853231
377,1916,1919,belgium,allied_powers,494.14,81.5,2848.03,air,575.64,0.2021186574579621
378,1917,1919,united_states,allied_powers,205.19,54.19,958.21,middle_east,259.38,0.2706922282171966
379,1914,1918,austria-hungary,central_powers,482.05,412.82,1501.2,italian_front,894.87,0.5961031175059952
380,1917,1919,belgium,allied_powers,170.53,529.36,1339.46,balkans,699.89,0.5225165365147149
381,1917,1919,france,allied_powers,563.17,310.21,2409.88,balkans,873.3799999999999,0.3624163858781349
382,1916,1919,germany,central_powers,261.35,382.32,1872.3,balkans,643.6700000000001,0.3437857181007318
383,1916,1918,belgium,allied_powers,168.16,61.81,844.13,italian_front,229.97,0.2724343406821224
384,1915,1918,italy,allied_powers,281.11,479.78,2993.99,air,760.89,0.2541391253811803
385,1915,1918,france,allied_powers,423.66,115.72,2532.54,middle_east,539.38,0.2129798542175049
386,1915,1919,united_kingdom,allied_powers,415.29,462.71,1587.36,air,878.0,0.5531196451970568
387,1916,1919,belgium,allied_powers,110.81,289.0,931.5,italian_front,399.81,0.4292109500805153
388,1915,1918,italy,allied_powers,151.46,166.02,402.97,balkans,317.48,0.7878502121746036
389,1917,1918,russia,allied_powers,450.43,411.72,1048.35,africa,862.1500000000001,0.8223875614060191
390,1915,1918,russia,allied_powers,883.53,473.24,2282.26,italian_front,1356.77,0.5944852908958663
391,1917,1919,united_kingdom,allied_powers,636.26,335.64,1651.07,italian_front,971.9,0.5886485733494037
392,1916,1919,serbia,allied_powers,145.15,318.92,1375.68,air,464.0700000000001,0.3373386252616888
393,1914,1919,serbia,allied_powers,698.64,143.65,2176.96,italian_front,842.29,0.3869111053946788
394,1917,1918,ottoman_empire,central_powers,100.31,314.16,246.71,middle_east,414.47,1.6799886506424548
395,1915,1918,france,allied_powers,514.34,501.86,1990.87,air,1016.2,0.5104301134679814
396,1916,1918,serbia,allied_powers,12.76,552.66,1984.46,africa,565.42,0.2849238583796095
397,1914,1919,united_kingdom,allied_powers,239.97,24.87,257.64,naval,264.84,1.0279459711224963
398,1914,1918,russia,allied_powers,474.05,149.63,1894.71,balkans,623.6800000000001,0.3291691076734698
399,1917,1918,ottoman_empire,central_powers,150.96,108.65,1234.59,africa,259.61,0.2102803359819859
400,1917,1919,italy,allied_powers,688.0,258.64,2191.31,africa,946.64,0.4319972984196668
401,1915,1919,united_states,allied_powers,863.88,0.62,152.26,middle_east,864.5,5.677787994220413
402,1915,1919,russia,allied_powers,770.29,13.51,2474.72,western_front,783.8,0.3167226999418116
403,1915,1918,italy,allied_powers,125.43,220.57,1767.36,western_front,346.0,0.1957722252399058
404,1914,1919,italy,allied_powers,156.44,495.51,2084.31,balkans,651.95,0.3127893643459946
405,1916,1918,united_kingdom,allied_powers,313.79,490.38,1278.74,naval,804.1700000000001,0.6288768631621753
406,1914,1919,belgium,allied_powers,288.07,339.17,1014.15,western_front,627.24,0.6184883892915249
407,1917,1919,ottoman_empire,central_powers,707.95,89.23,1041.7,eastern_front,797.1800000000001,0.7652683114140347
408,1917,1919,belgium,allied_powers,696.67,78.66,447.87,eastern_front,775.3299999999999,1.7311496639649897
409,1915,1918,austria-hungary,central_powers,291.75,554.52,314.3,balkans,846.27,2.692554883868915
410,1915,1919,austria-hungary,central_powers,888.9,369.92,2970.97,africa,1258.82,0.4237067355106245
411,1914,1918,germany,central_powers,102.02,33.2,2849.38,balkans,135.22,0.0474559377829562
412,1914,1919,united_kingdom,allied_powers,188.9,323.03,651.21,air,511.93,0.7861212204972281
413,1915,1918,austria-hungary,central_powers,55.04,120.82,2104.75,naval,175.86,0.0835538662548996
414,1914,1918,italy,allied_powers,18.15,520.51,1965.76,naval,538.66,0.2740212436920071
415,1914,1919,germany,central_powers,451.09,275.06,2782.73,air,726.15,0.2609487805140995
416,1916,1919,germany,central_powers,312.76,211.47,1894.43,air,524.23,0.2767217579958088
417,1914,1919,belgium,allied_powers,203.8,205.4,1208.9,naval,409.2000000000001,0.3384895359417652
418,1915,1919,ottoman_empire,central_powers,818.85,197.91,1649.59,balkans,1016.76,0.6163713407574003
419,1915,1918,ottoman_empire,central_powers,590.95,339.12,516.24,middle_east,930.07,1.801623275995661
420,1914,1918,united_kingdom,allied_powers,792.24,248.72,1263.19,africa,1040.96,0.8240723881601343
421,1915,1918,united_kingdom,allied_powers,555.63,363.56,1856.47,italian_front,919.19,0.4951278501672529
422,1914,1919,germany,central_powers,761.68,281.52,1966.23,eastern_front,1043.1999999999998,0.5305584799336801
423,1915,1918,united_kingdom,allied_powers,688.32,9.5,846.08,balkans,697.82,0.824768343419062
424,1915,1918,united_states,allied_powers,441.46,195.27,1399.76,eastern_front,636.73,0.454885123163971
425,1914,1919,serbia,allied_powers,534.83,315.38,2633.56,africa,850.21,0.3228367684806877
426,1917,1918,united_kingdom,allied_powers,349.27,459.21,2889.65,balkans,808.48,0.2797847490180472
427,1916,1919,ottoman_empire,central_powers,552.21,33.2,1575.06,air,585.4100000000001,0.3716747298515613
428,1917,1918,serbia,allied_powers,122.64,248.43,1380.11,eastern_front,371.07,0.2688698726913072
429,1915,1919,italy,allied_powers,646.82,74.56,386.79,eastern_front,721.3800000000001,1.865043046614442
430,1917,1918,united_kingdom,allied_powers,821.12,339.51,1995.61,naval,1160.63,0.5815915935478376
431,1915,1918,austria-hungary,central_powers,260.61,108.83,2700.7,naval,369.44,0.1367941644758766
432,1916,1918,united_states,allied_powers,726.9,364.99,1505.73,air,1091.89,0.7251565685747112
433,1917,1919,serbia,allied_powers,6.91,529.36,870.43,air,536.27,0.616097790747102
434,1915,1918,germany,central_powers,600.63,502.89,930.4,africa,1103.52,1.1860705073086844
435,1915,1918,united_states,allied_powers,324.81,21.99,2317.11,middle_east,346.8,0.1496691999948211
436,1914,1919,united_states,allied_powers,110.7,515.72,1021.17,eastern_front,626.4200000000001,0.6134336104664259
437,1915,1918,united_states,allied_powers,840.57,591.77,897.2,eastern_front,1432.34,1.5964556397681675
438,1916,1918,united_states,allied_powers,795.41,140.02,906.94,air,935.43,1.031413323924405
439,1917,1918,ottoman_empire,central_powers,301.08,336.47,1930.64,balkans,637.55,0.330227282144781
440,1916,1918,belgium,allied_powers,292.21,4.18,2073.22,middle_east,296.39,0.142961190804642
441,1914,1918,italy,allied_powers,824.63,478.45,1954.67,balkans,1303.08,0.666649613489745
442,1916,1919,belgium,allied_powers,508.88,407.08,1687.77,naval,915.96,0.5427042784265629
443,1916,1919,austria-hungary,central_powers,305.9,225.46,1626.11,eastern_front,531.36,0.3267675618500594
444,1915,1918,united_kingdom,allied_powers,373.07,298.48,751.04,middle_east,671.55,0.8941600979974436
445,1916,1918,united_kingdom,allied_powers,822.11,266.54,123.56,eastern_front,1088.65,8.810699255422467
446,1916,1919,germany,central_powers,740.1,562.85,2046.32,middle_east,1302.95,0.6367283709292779
447,1917,1919,austria-hungary,central_powers,618.66,356.78,306.87,eastern_front,975.44,3.178675008961449
448,1916,1918,italy,allied_powers,174.1,166.35,991.49,middle_east,340.45,0.3433720965415687
449,1915,1919,serbia,allied_powers,463.14,124.34,1083.44,eastern_front,587.48,0.5422358413940781
450,1916,1918,austria-hungary,central_powers,803.13,324.58,199.64,italian_front,1127.71,5.648717691845322
451,1914,1919,ottoman_empire,central_powers,161.91,357.87,1798.63,western_front,519.78,0.2889866175922785
452,1916,1918,serbia,allied_powers,84.53,481.51,2110.87,eastern_front,566.04,0.2681548366313416
453,1917,1919,germany,central_powers,232.99,218.39,590.89,balkans,451.38,0.763898525952377
454,1914,1918,italy,allied_powers,415.66,102.9,2315.43,air,518.5600000000001,0.2239584008153993
455,1914,1919,belgium,allied_powers,713.4,319.88,1232.41,eastern_front,1033.28,0.838422278300241
456,1915,1919,italy,allied_powers,732.71,354.79,2363.73,naval,1087.5,0.4600779276820956
457,1915,1918,france,allied_powers,536.87,195.56,338.08,eastern_front,732.4300000000001,2.166439895882632
458,1914,1918,united_states,allied_powers,82.39,490.31,2667.42,naval,572.7,0.2147018467282992
459,1917,1919,russia,allied_powers,613.68,190.3,1732.32,naval,803.98,0.4641059388565623
460,1914,1918,austria-hungary,central_powers,332.93,329.56,206.73,naval,662.49,3.2046147148454507
461,1916,1918,serbia,allied_powers,563.07,427.21,1247.8,balkans,990.28,0.7936207725597051
462,1915,1919,belgium,allied_powers,759.15,216.49,1280.84,italian_front,975.64,0.7617188719902565
463,1914,1918,ottoman_empire,central_powers,77.11,385.52,1276.77,italian_front,462.63,0.3623440400385347
464,1915,1919,ottoman_empire,central_powers,203.94,255.15,71.92,naval,459.09,6.383342602892102
465,1916,1919,united_kingdom,allied_powers,435.46,221.46,1761.79,africa,656.92,0.3728707734747047
466,1916,1919,russia,allied_powers,567.97,398.41,2022.72,eastern_front,966.38,0.4777626166745768
467,1914,1919,united_states,allied_powers,815.54,344.59,1027.97,western_front,1160.13,1.1285640631535938
468,1914,1919,united_states,allied_powers,153.0,31.45,2971.58,middle_east,184.45,0.0620713559789741
469,1914,1918,austria-hungary,central_powers,554.6,165.49,808.02,eastern_front,720.09,0.8911784361773224
470,1915,1919,austria-hungary,central_powers,436.94,479.72,2592.94,africa,916.66,0.3535214852638318
471,1915,1919,russia,allied_powers,653.67,100.79,1754.38,naval,754.4599999999999,0.4300436621484512
472,1914,1918,ottoman_empire,central_powers,271.93,447.82,2269.66,italian_front,719.75,0.3171179824290863
473,1917,1919,belgium,allied_powers,11.66,556.37,1374.02,middle_east,568.03,0.4134073739829114
474,1914,1919,italy,allied_powers,241.11,59.42,1980.31,naval,300.53000000000003,0.1517590680247032
475,1915,1918,italy,allied_powers,10.51,5.58,250.46,africa,16.09,0.0642417950970214
476,1917,1919,austria-hungary,central_powers,31.6,371.83,217.8,balkans,403.43,1.8522956841138656
477,1914,1918,ottoman_empire,central_powers,723.08,111.27,376.99,eastern_front,834.35,2.2131886787447943
478,1914,1919,italy,allied_powers,146.61,44.86,2342.46,middle_east,191.47000000000003,0.081738855732862
479,1916,1919,france,allied_powers,881.5,120.8,1208.27,italian_front,1002.3,0.8295331341504796
480,1917,1918,austria-hungary,central_powers,32.34,42.71,2196.26,eastern_front,75.05000000000001,0.0341717283017493
481,1914,1918,germany,central_powers,814.25,345.0,1570.38,naval,1159.25,0.7381971242629172
482,1914,1918,united_states,allied_powers,510.95,561.06,1108.81,western_front,1072.01,0.9668112661321596
483,1914,1919,united_states,allied_powers,583.37,106.38,166.03,africa,689.75,4.1543696922242965
484,1917,1918,france,allied_powers,662.06,84.4,619.62,africa,746.4599999999999,1.204706110196572
485,1914,1919,united_kingdom,allied_powers,306.02,202.96,2176.99,air,508.98,0.2337998796503429
486,1917,1918,united_kingdom,allied_powers,440.52,11.93,2726.18,balkans,452.45,0.1659648299085167
487,1915,1918,austria-hungary,central_powers,411.11,102.83,1793.58,italian_front,513.94,0.2865442299758026
488,1915,1918,italy,allied_powers,292.49,585.52,1749.1,balkans,878.01,0.5019781601966726
489,1915,1918,france,allied_powers,247.23,454.65,545.75,italian_front,701.88,1.2860833715071005
490,1915,1918,serbia,allied_powers,700.12,9.87,1486.55,italian_front,709.99,0.4776092294238337
491,1916,1919,russia,allied_powers,576.2,314.09,1265.49,air,890.29,0.7035140538447557
492,1915,1919,italy,allied_powers,5.11,141.77,396.65,eastern_front,146.88000000000002,0.370301273162738
493,1915,1919,united_kingdom,allied_powers,102.3,89.96,2539.16,balkans,192.26,0.0757179539690291
494,1914,1918,russia,allied_powers,226.99,370.28,2675.73,africa,597.27,0.2232175892186431
495,1914,1918,united_states,allied_powers,105.34,537.1,2178.14,italian_front,642.44,0.294948901356203
496,1915,1919,italy,allied_powers,89.16,442.78,2616.16,balkans,531.9399999999999,0.203328542596783
497,1917,1918,russia,allied_powers,410.04,232.7,452.39,naval,642.74,1.4207652689051482
498,1916,1918,austria-hungary,central_powers,100.89,279.59,1283.76,western_front,380.48,0.2963793855549324
499,1915,1918,ottoman_empire,central_powers,440.8,597.4,1795.16,balkans,1038.2,0.5783328505537111
500,1917,1918,ottoman_empire,central_powers,200.94,556.52,2841.44,balkans,757.46,0.26657610225801
501,1914,1919,belgium,allied_powers,431.86,478.91,2472.81,western_front,910.77,0.3683137806786611
502,1914,1919,italy,allied_powers,215.92,599.37,96.99,balkans,815.29,8.405918135890298
503,1914,1919,ottoman_empire,central_powers,711.08,222.57,1419.67,air,933.65,0.6576528348137244
504,1916,1918,austria-hungary,central_powers,488.65,476.79,2373.69,middle_east,965.44,0.4067253937961571
505,1914,1919,ottoman_empire,central_powers,419.35,25.0,1130.98,western_front,444.35,0.3928893525968629
506,1915,1918,belgium,allied_powers,584.49,442.56,2269.22,africa,1027.05,0.452600453019099
507,1916,1919,france,allied_powers,311.36,291.99,1603.71,middle_east,603.35,0.3762213866596828
508,1916,1919,russia,allied_powers,79.49,234.71,577.49,africa,314.2,0.5440786853452008
509,1914,1918,russia,allied_powers,856.94,14.1,1278.78,air,871.0400000000001,0.6811492203506467
510,1917,1919,russia,allied_powers,20.81,481.29,2513.1,western_front,502.1,0.1997930842385898
511,1916,1919,united_states,allied_powers,510.96,539.02,954.16,air,1049.98,1.100423409071854
512,1916,1918,austria-hungary,central_powers,860.64,371.37,524.33,italian_front,1232.01,2.3496843590868344
513,1915,1918,united_kingdom,allied_powers,517.5,264.81,1140.53,balkans,782.31,0.685917950426556
514,1916,1919,united_states,allied_powers,877.94,320.42,408.4,italian_front,1198.36,2.934280117531832
515,1915,1919,united_kingdom,allied_powers,878.07,199.1,2131.08,africa,1077.17,0.5054573268014341
516,1915,1919,united_states,allied_powers,126.34,330.8,958.84,africa,457.14,0.4767635893371156
517,1917,1919,united_kingdom,allied_powers,577.54,350.27,705.32,eastern_front,927.81,1.3154454715590085
518,1917,1918,united_states,allied_powers,543.25,307.18,215.34,naval,850.4300000000001,3.94924305749048
519,1917,1919,united_kingdom,allied_powers,311.08,185.2,1364.45,naval,496.28,0.3637216460845028
520,1917,1919,germany,central_powers,656.02,248.81,2514.76,air,904.83,0.3598076953665557
521,1916,1919,serbia,allied_powers,80.52,245.97,2747.51,africa,326.49,0.1188312326433752
522,1915,1918,austria-hungary,central_powers,442.04,493.77,940.88,italian_front,935.81,0.994611427599694
523,1917,1918,germany,central_powers,270.85,384.51,1927.85,western_front,655.36,0.3399434603314573
524,1917,1918,austria-hungary,central_powers,894.91,40.5,2249.42,western_front,935.41,0.4158449733709133
525,1916,1919,belgium,allied_powers,16.77,156.09,1765.88,eastern_front,172.86,0.097888871270981
526,1915,1919,austria-hungary,central_powers,378.14,547.31,1100.15,italian_front,925.45,0.8412034722537834
527,1914,1918,serbia,allied_powers,489.8,523.53,2489.12,italian_front,1013.33,0.4071037153692871
528,1916,1918,united_kingdom,allied_powers,466.84,224.12,1480.45,africa,690.96,0.4667229558580161
529,1915,1918,ottoman_empire,central_powers,824.51,70.38,437.13,balkans,894.89,2.047194198522179
530,1916,1918,germany,central_powers,26.85,488.84,705.96,air,515.6899999999999,0.7304804804804803
531,1915,1918,france,allied_powers,17.91,290.81,1322.18,eastern_front,308.72,0.2334931703701462
532,1914,1919,united_kingdom,allied_powers,272.18,6.66,334.69,eastern_front,278.84000000000003,0.8331291643012938
533,1915,1918,france,allied_powers,761.43,565.14,2848.94,africa,1326.57,0.4656363419377031
534,1915,1918,belgium,allied_powers,644.51,578.58,556.73,eastern_front,1223.09,2.196917715948485
535,1915,1919,united_states,allied_powers,163.58,213.22,1169.86,africa,376.8,0.322089822713829
536,1914,1919,france,allied_powers,123.19,457.48,2128.96,eastern_front,580.6700000000001,0.27274819630242
537,1917,1918,united_states,allied_powers,662.82,412.38,2531.22,naval,1075.2,0.4247754047455377
538,1917,1918,italy,allied_powers,12.49,404.66,2032.68,eastern_front,417.15,0.2052216777849932
539,1914,1918,ottoman_empire,central_powers,879.84,444.99,2682.66,italian_front,1324.83,0.4938493882937085
540,1916,1918,russia,allied_powers,652.96,167.47,2154.81,naval,820.4300000000001,0.3807435458346676
541,1917,1919,united_states,allied_powers,251.72,460.92,368.71,air,712.64,1.9327927097176645
542,1915,1918,france,allied_powers,610.62,583.26,1178.77,eastern_front,1193.88,1.0128184463466157
543,1914,1918,russia,allied_powers,596.22,294.41,821.91,air,890.6300000000001,1.083610127629546
544,1914,1919,united_states,allied_powers,767.73,265.81,156.14,eastern_front,1033.54,6.619315998462918
545,1916,1918,germany,central_powers,644.44,292.73,372.68,air,937.17,2.514677471289042
546,1917,1919,ottoman_empire,central_powers,445.73,582.54,1869.97,italian_front,1028.27,0.5498858270453536
547,1914,1918,italy,allied_powers,25.18,534.86,1056.71,italian_front,560.04,0.5299845747650727
548,1917,1919,russia,allied_powers,583.63,355.72,2735.65,western_front,939.35,0.3433736040794692
549,1915,1918,united_states,allied_powers,511.68,540.9,836.53,africa,1052.58,1.2582692790455812
550,1917,1919,united_states,allied_powers,622.09,123.94,1515.36,africa,746.03,0.4923120578608383
551,1916,1919,france,allied_powers,193.46,159.46,927.09,balkans,352.92,0.380675015370676
552,1914,1918,france,allied_powers,721.27,285.42,668.73,africa,1006.69,1.5053758617080135
553,1916,1919,ottoman_empire,central_powers,226.89,309.46,2031.1,africa,536.3499999999999,0.264068731229383
554,1915,1919,austria-hungary,central_powers,728.23,511.74,2725.17,balkans,1239.97,0.4550064766601716
555,1916,1919,germany,central_powers,759.87,246.45,2587.55,italian_front,1006.32,0.3889084268903016
556,1916,1919,serbia,allied_powers,365.87,68.58,616.15,italian_front,434.45,0.7051042765560335
557,1917,1919,germany,central_powers,123.65,155.41,2420.44,western_front,279.06,0.1152930872072846
558,1914,1919,france,allied_powers,541.84,520.37,2706.7,western_front,1062.21,0.3924372852551077
559,1914,1919,france,allied_powers,661.3,559.79,1589.77,italian_front,1221.09,0.7680922397579524
560,1914,1918,italy,allied_powers,663.78,483.6,2244.68,eastern_front,1147.38,0.5111552648929916
561,1915,1918,ottoman_empire,central_powers,776.75,34.03,1623.74,middle_east,810.78,0.499328710261495
562,1917,1918,italy,allied_powers,644.39,492.91,112.17,middle_east,1137.3,10.139074618882054
563,1914,1918,austria-hungary,central_powers,812.94,411.31,1627.99,middle_east,1224.25,0.7520009336666688
564,1917,1919,russia,allied_powers,190.14,534.2,2751.88,middle_east,724.34,0.2632164193206099
565,1916,1918,ottoman_empire,central_powers,645.93,526.12,2469.71,air,1172.05,0.4745698887723659
566,1916,1919,united_kingdom,allied_powers,577.59,110.65,1358.04,africa,688.24,0.5067891961945157
567,1916,1919,germany,central_powers,465.21,581.81,2500.33,eastern_front,1047.02,0.4187527246403474
568,1916,1919,austria-hungary,central_powers,619.03,496.15,2408.61,air,1115.1799999999998,0.4629973304104856
569,1915,1919,united_kingdom,allied_powers,830.88,388.44,1898.55,naval,1219.32,0.6422374970372126
570,1915,1918,serbia,allied_powers,135.18,574.84,551.86,naval,710.02,1.2865944261225672
571,1917,1919,russia,allied_powers,172.3,517.23,2357.26,air,689.53,0.2925133417611973
572,1917,1918,russia,allied_powers,163.15,475.58,134.88,balkans,638.73,4.735542704626335
573,1915,1919,united_kingdom,allied_powers,120.75,194.29,2094.42,air,315.04,0.1504187316775049
574,1916,1918,united_kingdom,allied_powers,838.03,282.82,1095.19,eastern_front,1120.85,1.023429724522685
575,1914,1918,austria-hungary,central_powers,604.46,79.78,2682.07,middle_east,684.24,0.2551163839869951
576,1915,1919,germany,central_powers,286.27,318.49,468.3,africa,604.76,1.2913944052957504
577,1917,1919,austria-hungary,central_powers,552.03,457.06,828.09,africa,1009.09,1.218575275634291
578,1917,1918,russia,allied_powers,50.06,110.29,1437.23,air,160.35000000000002,0.1115687816146337
579,1917,1918,belgium,allied_powers,412.53,67.94,2173.3,air,480.47,0.2210785441494501
580,1915,1919,belgium,allied_powers,507.36,398.05,676.57,italian_front,905.41,1.338235511477009
581,1915,1919,united_states,allied_powers,798.74,16.06,2059.87,eastern_front,814.8,0.3955589430400947
582,1914,1919,france,allied_powers,747.8,395.89,1389.46,italian_front,1143.69,0.8231183337411656
583,1916,1918,serbia,allied_powers,191.02,29.69,1948.75,air,220.71,0.1132572161642078
584,1917,1918,germany,central_powers,868.58,519.38,313.11,naval,1387.96,4.432819137044489
585,1917,1919,austria-hungary,central_powers,721.19,441.67,2769.01,italian_front,1162.86,0.4199551464241732
586,1914,1919,united_states,allied_powers,429.32,338.05,1298.06,balkans,767.37,0.5911668181748148
587,1917,1919,belgium,allied_powers,875.97,406.03,1960.45,eastern_front,1282.0,0.653931495319952
588,1914,1919,france,allied_powers,271.05,590.52,2068.73,air,861.5699999999999,0.4164729084994175
589,1916,1918,belgium,allied_powers,460.08,248.11,1420.74,eastern_front,708.19,0.4984655883553641
590,1914,1918,germany,central_powers,758.78,27.63,1277.94,eastern_front,786.41,0.6153731787094855
591,1917,1919,germany,central_powers,167.39,448.34,1831.96,middle_east,615.73,0.3361045000982554
592,1914,1919,germany,central_powers,414.69,243.35,1990.27,eastern_front,658.04,0.3306285076899114
593,1916,1919,germany,central_powers,13.47,67.59,96.86,middle_east,81.06,0.836877968201528
594,1915,1918,france,allied_powers,692.98,89.33,1294.54,naval,782.3100000000001,0.6043150462712624
595,1917,1919,united_states,allied_powers,219.12,177.25,2496.88,air,396.37,0.1587461151517093
596,1914,1919,serbia,allied_powers,658.24,599.42,159.2,naval,1257.66,7.899874371859296
597,1917,1918,ottoman_empire,central_powers,284.95,38.57,2683.99,western_front,323.52,0.1205369617621526
598,1916,1919,germany,central_powers,653.86,281.81,1342.43,naval,935.67,0.6969972363549682
599,1916,1919,ottoman_empire,central_powers,749.94,404.03,2217.02,italian_front,1153.97,0.520505002210174
600,1916,1918,germany,central_powers,141.53,295.57,2390.77,air,437.1,0.1828281265031768
601,1914,1918,italy,allied_powers,158.07,515.75,1535.26,africa,673.8199999999999,0.4388963432903872
602,1915,1918,austria-hungary,central_powers,706.61,461.74,2321.78,balkans,1168.35,0.5032130520548889
603,1914,1918,france,allied_powers,703.71,365.99,2582.24,air,1069.7,0.4142527418055642
604,1914,1918,italy,allied_powers,655.79,425.04,2297.8,eastern_front,1080.83,0.4703760118374096
605,1916,1919,russia,allied_powers,872.7,461.65,69.43,italian_front,1334.35,19.218637476595127
606,1915,1918,ottoman_empire,central_powers,566.87,147.65,2271.96,middle_east,714.52,0.3144949735030546
607,1915,1919,united_states,allied_powers,715.35,217.38,137.8,naval,932.73,6.768722786647315
608,1914,1918,ottoman_empire,central_powers,391.23,236.26,159.43,africa,627.49,3.9358339082983127
609,1916,1919,italy,allied_powers,8.1,168.23,1606.99,naval,176.32999999999998,0.1097268806899856
610,1915,1919,russia,allied_powers,76.77,322.69,1200.48,africa,399.46,0.3327502332400373
611,1915,1918,germany,central_powers,26.07,478.06,1797.89,middle_east,504.13,0.2804009144052194
612,1914,1918,belgium,allied_powers,112.31,454.06,2826.96,africa,566.37,0.2003459546650819
613,1914,1919,serbia,allied_powers,643.47,562.55,2013.29,africa,1206.02,0.5990294493093394
614,1916,1918,france,allied_powers,465.29,115.94,2346.72,naval,581.23,0.2476776095997818
615,1917,1919,united_kingdom,allied_powers,799.77,286.01,1366.18,eastern_front,1085.78,0.7947561814694989
616,1917,1919,united_states,allied_powers,658.81,250.44,530.39,air,909.25,1.7143045683365072
617,1917,1918,united_states,allied_powers,30.31,94.53,1699.13,eastern_front,124.84,0.0734728949521225
618,1914,1918,united_kingdom,allied_powers,138.82,223.19,2973.51,africa,362.01,0.1217450084243873
619,1915,1918,austria-hungary,central_powers,194.81,491.57,1491.94,naval,686.38,0.4600587154979422
620,1914,1919,serbia,allied_powers,810.36,468.92,1451.92,air,1279.28,0.8810953771557661
621,1917,1919,italy,allied_powers,720.03,398.87,1258.4,air,1118.9,0.8891449459631278
622,1914,1919,germany,central_powers,515.22,477.8,2136.83,middle_east,993.02,0.4647164257334463
623,1914,1918,united_states,allied_powers,807.28,72.61,2811.74,western_front,879.89,0.3129343395904315
624,1915,1918,belgium,allied_powers,289.07,353.54,1499.85,air,642.61,0.4284495116178284
625,1917,1918,austria-hungary,central_powers,104.07,60.05,546.06,africa,164.12,0.300553052778083
626,1914,1918,germany,central_powers,553.41,195.51,130.16,middle_east,748.92,5.753841425937308
627,1916,1918,austria-hungary,central_powers,847.48,539.75,203.04,naval,1387.23,6.8322990543735225
628,1917,1919,united_kingdom,allied_powers,418.88,244.54,1478.31,eastern_front,663.42,0.4487692026706171
629,1914,1918,serbia,allied_powers,401.94,507.84,1526.28,italian_front,909.78,0.5960767355924208
630,1915,1919,united_kingdom,allied_powers,865.04,372.63,1976.52,air,1237.67,0.6261864286726165
631,1916,1919,russia,allied_powers,756.78,169.15,526.18,naval,925.93,1.7597210080200691
632,1914,1919,belgium,allied_powers,790.57,126.9,1539.22,eastern_front,917.47,0.596061641610686
633,1917,1919,italy,allied_powers,414.36,359.91,96.83,balkans,774.27,7.99617887018486
634,1914,1918,belgium,allied_powers,686.46,323.11,2372.55,italian_front,1009.57,0.4255210638342711
635,1917,1918,serbia,allied_powers,348.69,503.57,2445.02,africa,852.26,0.3485697458507497
636,1915,1919,united_kingdom,allied_powers,612.82,425.66,614.96,western_front,1038.48,1.6886951996877846
637,1915,1918,united_kingdom,allied_powers,444.06,422.58,1837.78,air,866.64,0.4715689581995668
638,1917,1918,germany,central_powers,175.2,443.42,2032.92,middle_east,618.62,0.3043012022115971
639,1915,1918,serbia,allied_powers,793.02,437.47,859.27,italian_front,1230.49,1.4320178756386237
640,1917,1918,italy,allied_powers,760.06,244.42,409.07,naval,1004.48,2.455521059965287
641,1914,1918,ottoman_empire,central_powers,404.53,3.59,624.09,western_front,408.12,0.65394414267173
642,1915,1919,russia,allied_powers,296.97,38.18,1894.62,eastern_front,335.15000000000003,0.1768956307861207
643,1914,1919,france,allied_powers,215.28,204.81,210.58,middle_east,420.09,1.9949187957070944
644,1914,1919,serbia,allied_powers,77.9,36.88,148.36,eastern_front,114.78,0.7736586681046104
645,1914,1919,serbia,allied_powers,60.15,406.7,1699.81,western_front,466.85,0.2746483430501056
646,1917,1918,ottoman_empire,central_powers,715.85,528.02,1876.73,western_front,1243.87,0.6627858029657968
647,1916,1918,united_kingdom,allied_powers,642.26,355.94,2530.3,eastern_front,998.2,0.3944986760463186
648,1916,1919,serbia,allied_powers,168.15,83.03,180.01,naval,251.18,1.3953669240597746
649,1916,1919,united_states,allied_powers,543.39,174.99,2912.3,italian_front,718.38,0.2466710160354359
650,1915,1918,ottoman_empire,central_powers,176.67,120.62,2730.08,balkans,297.29,0.1088942448572935
651,1917,1919,serbia,allied_powers,377.41,97.79,1390.19,africa,475.2000000000001,0.34182377948338
652,1915,1918,russia,allied_powers,661.39,571.58,1027.97,air,1232.97,1.1994221621253538
653,1914,1919,italy,allied_powers,499.67,85.87,1349.2,western_front,585.54,0.4339905128965312
654,1915,1918,russia,allied_powers,647.23,204.22,1685.79,middle_east,851.45,0.5050747720653225
655,1916,1918,ottoman_empire,central_powers,305.21,126.54,1395.8,western_front,431.75,0.3093208196016621
656,1917,1918,germany,central_powers,173.32,227.23,1154.05,eastern_front,400.55,0.3470820155105931
657,1914,1918,italy,allied_powers,48.88,477.47,2624.91,middle_east,526.35,0.2005211607255106
658,1914,1919,belgium,allied_powers,676.43,387.22,1552.02,eastern_front,1063.65,0.6853326632388759
659,1916,1919,united_states,allied_powers,523.49,383.04,2382.34,air,906.53,0.3805208324588429
660,1917,1918,austria-hungary,central_powers,799.95,343.04,2809.72,naval,1142.99,0.4067985422034936
661,1915,1918,belgium,allied_powers,207.93,25.17,1561.17,middle_east,233.1,0.1493110936028747
662,1917,1919,italy,allied_powers,344.75,108.15,739.68,africa,452.9,0.6122918018602639
663,1914,1919,france,allied_powers,324.85,327.84,1034.59,balkans,652.69,0.6308682666563568
664,1916,1918,united_kingdom,allied_powers,254.38,208.31,2990.68,italian_front,462.69,0.1547106343707785
665,1914,1919,russia,allied_powers,651.28,126.32,739.48,italian_front,777.5999999999999,1.051549737653486
666,1917,1919,russia,allied_powers,693.35,418.92,668.28,eastern_front,1112.27,1.664377207158676
667,1915,1918,united_states,allied_powers,306.5,251.78,2073.0,middle_east,558.28,0.269310178485287
668,1914,1918,italy,allied_powers,567.23,362.0,1843.12,italian_front,929.23,0.5041614219367161
669,1914,1919,france,allied_powers,512.99,271.2,2689.49,balkans,784.19,0.2915757262529327
670,1915,1918,germany,central_powers,63.47,577.82,887.26,air,641.2900000000001,0.7227757365372045
671,1914,1919,belgium,allied_powers,155.47,515.89,1262.04,western_front,671.36,0.5319641215809325
672,1917,1919,russia,allied_powers,783.53,186.2,2462.79,eastern_front,969.73,0.3937526139053675
673,1916,1918,russia,allied_powers,891.99,267.72,2482.52,air,1159.71,0.4671503150024975
674,1917,1919,france,allied_powers,582.02,551.38,1073.01,air,1133.4,1.056280929348282
675,1915,1919,serbia,allied_powers,412.59,546.54,591.16,balkans,959.13,1.622454157926788
676,1914,1918,belgium,allied_powers,600.32,40.51,2193.29,italian_front,640.83,0.2921775050266951
677,1914,1919,belgium,allied_powers,369.68,99.32,661.75,eastern_front,469.0,0.7087268605969022
678,1917,1919,russia,allied_powers,34.96,150.74,2141.84,africa,185.7,0.0867011541478355
679,1917,1919,france,allied_powers,591.66,428.29,1341.28,air,1019.95,0.7604303352021949
680,1915,1918,austria-hungary,central_powers,481.65,234.81,278.88,eastern_front,716.46,2.5690619621342514
681,1916,1918,belgium,allied_powers,398.41,29.13,1922.63,balkans,427.54,0.2223724793642042
682,1916,1919,united_kingdom,allied_powers,690.64,557.33,1155.2,western_front,1247.97,1.0803064404432132
683,1917,1918,russia,allied_powers,199.29,529.43,2400.93,western_front,728.7199999999999,0.3035157209914491
684,1914,1919,serbia,allied_powers,840.96,237.34,1312.25,africa,1078.3,0.8217184225566774
685,1916,1918,italy,allied_powers,350.88,275.54,244.75,western_front,626.4200000000001,2.5594279877425947
686,1914,1918,serbia,allied_powers,884.81,61.54,1631.74,naval,946.35,0.5799637197102478
687,1916,1919,germany,central_powers,880.24,399.99,249.16,italian_front,1280.23,5.138184299245465
688,1917,1918,united_kingdom,allied_powers,683.29,74.87,747.37,western_front,758.16,1.0144372934423378
689,1914,1918,austria-hungary,central_powers,137.35,123.03,161.82,africa,260.38,1.6090718081819306
690,1915,1919,belgium,allied_powers,583.59,173.43,119.9,africa,757.02,6.313761467889908
691,1914,1918,belgium,allied_powers,166.01,378.05,240.62,balkans,544.06,2.261075554816723
692,1915,1918,germany,central_powers,494.41,477.24,652.9,italian_front,971.65,1.4882064634706695
693,1917,1919,russia,allied_powers,159.62,149.76,891.79,italian_front,309.38,0.3469202390697362
694,1917,1918,ottoman_empire,central_powers,424.17,253.91,1847.71,africa,678.08,0.3669839964063625
695,1917,1918,france,allied_powers,536.07,92.1,2193.61,naval,628.1700000000001,0.286363574199607
696,1917,1919,france,allied_powers,123.85,281.82,506.44,naval,405.67,0.8010228260011056
697,1916,1919,ottoman_empire,central_powers,346.25,185.03,2963.19,naval,531.28,0.1792932616538257
698,1917,1918,austria-hungary,central_powers,459.14,293.43,2081.04,balkans,752.5699999999999,0.361631684157921
699,1915,1918,italy,allied_powers,628.03,387.38,820.93,air,1015.41,1.2369020501138952
700,1915,1918,ottoman_empire,central_powers,635.76,584.5,287.03,eastern_front,1220.26,4.2513326133156815
701,1917,1919,serbia,allied_powers,660.81,451.6,2776.75,middle_east,1112.41,0.4006158278563068
702,1916,1918,ottoman_empire,central_powers,6.77,101.46,1500.58,middle_east,108.23,0.0721254448279998
703,1917,1919,germany,central_powers,337.81,422.58,634.16,middle_east,760.39,1.1990507127538792
704,1915,1918,germany,central_powers,234.16,541.41,1255.94,balkans,775.5699999999999,0.6175215376530725
705,1915,1918,ottoman_empire,central_powers,249.81,205.62,1777.66,middle_east,455.43,0.2561963480080555
706,1914,1918,united_kingdom,allied_powers,710.5,25.59,672.65,western_front,736.09,1.094313536014272
707,1916,1919,serbia,allied_powers,303.56,409.28,1062.08,air,712.8399999999999,0.6711735462488702
708,1917,1919,italy,allied_powers,3.77,522.39,1235.33,western_front,526.16,0.4259266754632365
709,1916,1918,serbia,allied_powers,463.91,396.31,59.23,africa,860.22,14.523383420563905
710,1914,1919,serbia,allied_powers,360.75,367.75,290.04,air,728.5,2.5117225210315817
711,1914,1919,germany,central_powers,788.73,471.02,2164.16,middle_east,1259.75,0.5820965178175367
712,1914,1919,united_states,allied_powers,434.47,324.63,767.9,air,759.1,0.9885401745018884
713,1914,1918,austria-hungary,central_powers,647.54,399.73,2856.94,africa,1047.27,0.366570526507382
714,1917,1918,serbia,allied_powers,59.14,206.26,2734.99,africa,265.4,0.0970387460283218
715,1915,1918,austria-hungary,central_powers,101.13,204.47,1796.99,middle_east,305.6,0.1700621595000528
716,1915,1919,austria-hungary,central_powers,531.46,114.32,1195.03,naval,645.78,0.5403881074115294
717,1915,1918,united_kingdom,allied_powers,767.27,189.9,2457.64,eastern_front,957.17,0.3894671310688302
718,1917,1918,united_kingdom,allied_powers,288.81,301.68,2081.37,middle_east,590.49,0.2837025612937632
719,1915,1919,united_kingdom,allied_powers,138.28,430.2,2551.81,middle_east,568.48,0.2227752066180476
720,1915,1919,germany,central_powers,493.6,202.78,2049.8,naval,696.38,0.3397307054346765
721,1916,1919,france,allied_powers,291.75,474.87,2604.27,balkans,766.62,0.2943703993825525
722,1915,1918,austria-hungary,central_powers,189.58,482.71,627.18,air,672.29,1.07192512516343
723,1914,1918,germany,central_powers,87.35,584.51,579.92,naval,671.86,1.1585391088425991
724,1916,1919,russia,allied_powers,107.8,238.29,942.93,italian_front,346.09,0.3670367895814111
725,1917,1918,austria-hungary,central_powers,331.22,72.44,293.78,air,403.66,1.3740213765402685
726,1917,1919,ottoman_empire,central_powers,899.96,421.79,930.17,eastern_front,1321.75,1.420976810690519
727,1915,1919,belgium,allied_powers,705.34,318.29,238.6,western_front,1023.63,4.290150880134116
728,1914,1918,serbia,allied_powers,5.79,268.62,977.17,eastern_front,274.41,0.2808211467810105
729,1915,1918,france,allied_powers,456.03,218.45,1656.06,middle_east,674.48,0.4072799294711544
730,1914,1919,serbia,allied_powers,625.9,313.84,2958.76,air,939.74,0.3176127837337262
731,1915,1918,united_kingdom,allied_powers,128.36,513.72,684.88,western_front,642.08,0.9375073005490012
732,1916,1919,france,allied_powers,230.22,229.38,2715.8,italian_front,459.6,0.1692319022019294
733,1917,1918,austria-hungary,central_powers,643.29,338.4,1960.92,balkans,981.69,0.5006272565938437
734,1915,1919,united_kingdom,allied_powers,223.5,162.44,1617.84,naval,385.94,0.2385526380853483
735,1914,1919,germany,central_powers,247.01,59.22,2939.48,africa,306.23,0.1041782900376937
736,1914,1918,france,allied_powers,314.66,343.51,881.89,middle_east,658.1700000000001,0.7463175679506515
737,1915,1919,italy,allied_powers,496.95,529.27,1237.82,naval,1026.22,0.8290543051493756
738,1915,1918,serbia,allied_powers,48.53,435.39,2924.77,italian_front,483.92,0.1654557452380871
739,1917,1918,united_states,allied_powers,258.85,571.59,1585.75,air,830.44,0.523689106101214
740,1914,1919,france,allied_powers,69.95,144.4,326.22,naval,214.35,0.6570719146588192
741,1916,1919,belgium,allied_powers,432.21,309.25,2993.97,western_front,741.46,0.2476511120685912
742,1915,1918,russia,allied_powers,615.99,25.89,1373.52,naval,641.88,0.4673248296348069
743,1914,1919,united_kingdom,allied_powers,446.46,102.71,2910.7,italian_front,549.17,0.1886728278420998
744,1914,1919,austria-hungary,central_powers,192.55,442.95,1728.08,middle_east,635.5,0.3677491782787834
745,1914,1919,italy,allied_powers,554.36,197.47,1093.98,air,751.83,0.6872429112049581
746,1917,1919,ottoman_empire,central_powers,178.59,317.69,2700.6,western_front,496.28,0.1837665703917647
747,1915,1919,ottoman_empire,central_powers,270.06,257.29,587.44,balkans,527.35,0.8977087021653275
748,1917,1918,ottoman_empire,central_powers,323.95,522.37,635.47,italian_front,846.3199999999999,1.3318016586148833
749,1917,1919,germany,central_powers,853.59,575.84,2949.64,africa,1429.43,0.4846116814255299
750,1917,1918,belgium,allied_powers,119.14,574.63,2388.5,africa,693.77,0.2904626334519573
751,1914,1918,ottoman_empire,central_powers,663.95,260.88,903.93,western_front,924.83,1.023121259389555
752,1915,1918,austria-hungary,central_powers,777.89,596.56,779.7,italian_front,1374.4499999999998,1.7627933820700266
753,1914,1918,russia,allied_powers,119.93,23.5,2971.68,balkans,143.43,0.0482656275238249
754,1915,1918,ottoman_empire,central_powers,276.49,380.17,732.71,western_front,656.6600000000001,0.8962072306915424
755,1917,1918,austria-hungary,central_powers,253.22,210.94,1283.32,middle_east,464.16,0.3616868746688277
756,1914,1918,austria-hungary,central_powers,252.86,364.11,1321.18,africa,616.97,0.4669840597042038
757,1916,1918,belgium,allied_powers,298.76,444.9,1116.09,eastern_front,743.66,0.6663082726303434
758,1915,1919,france,allied_powers,118.31,445.68,405.05,balkans,563.99,1.392396000493766
759,1917,1918,austria-hungary,central_powers,890.69,121.6,2176.27,eastern_front,1012.29,0.4651490853616509
760,1916,1919,france,allied_powers,61.87,251.69,2797.43,africa,313.56,0.112088595603822
761,1916,1918,serbia,allied_powers,715.16,416.44,2235.11,middle_east,1131.6,0.50628380706095
762,1914,1918,belgium,allied_powers,361.36,163.26,593.0,air,524.62,0.8846880269814502
763,1914,1919,russia,allied_powers,637.72,331.51,554.77,middle_east,969.23,1.7470843773095155
764,1914,1918,austria-hungary,central_powers,578.53,149.78,2479.06,middle_east,728.31,0.2937847409905367
765,1916,1919,belgium,allied_powers,650.15,245.3,1853.87,africa,895.45,0.4830166085000567
766,1914,1919,germany,central_powers,874.47,322.66,2937.35,balkans,1197.13,0.4075544283112329
767,1917,1919,russia,allied_powers,242.65,349.21,2432.81,balkans,591.86,0.2432824593782498
768,1917,1919,france,allied_powers,164.18,111.42,2593.94,italian_front,275.6,0.1062476387271872
769,1915,1919,germany,central_powers,735.93,412.58,604.15,western_front,1148.51,1.9010345112968636
770,1917,1919,united_kingdom,allied_powers,90.66,230.7,374.6,eastern_front,321.36,0.8578750667378537
771,1914,1919,united_kingdom,allied_powers,488.59,491.04,2565.52,italian_front,979.63,0.3818446162961115
772,1917,1918,united_states,allied_powers,220.18,326.34,839.0,middle_east,546.52,0.6513945172824791
773,1914,1918,belgium,allied_powers,128.51,547.34,120.8,middle_east,675.85,5.5947847682119205
774,1916,1918,united_states,allied_powers,891.7,135.1,2871.58,naval,1026.8,0.3575731827077776
775,1916,1918,united_kingdom,allied_powers,136.84,257.46,1037.79,africa,394.3,0.3799419921178658
776,1916,1919,austria-hungary,central_powers,595.9,559.76,2441.62,africa,1155.66,0.4733168961591074
777,1915,1919,united_states,allied_powers,733.37,68.34,1310.99,italian_front,801.71,0.6115302176217973
778,1915,1918,italy,allied_powers,382.03,416.21,1271.14,naval,798.24,0.6279717419009707
779,1915,1919,belgium,allied_powers,443.85,321.96,728.84,naval,765.81,1.050724438834312
780,1915,1918,united_kingdom,allied_powers,894.52,10.78,1697.2,balkans,905.3,0.5334079660617487
781,1916,1918,germany,central_powers,874.67,547.82,765.37,middle_east,1422.49,1.858565138429779
782,1914,1918,ottoman_empire,central_powers,49.62,64.05,1765.74,naval,113.67,0.0643752760882123
783,1914,1918,france,allied_powers,70.28,341.73,2450.45,africa,412.01,0.1681364647309678
784,1915,1919,italy,allied_powers,703.48,417.3,895.97,air,1120.78,1.2509124189425984
785,1915,1918,ottoman_empire,central_powers,499.19,497.8,2761.49,western_front,996.99,0.3610333551814419
786,1917,1918,belgium,allied_powers,880.16,75.52,675.0,middle_east,955.68,1.415822222222222
787,1915,1918,italy,allied_powers,744.7,99.31,2419.85,air,844.01,0.3487860817819286
788,1914,1918,united_kingdom,allied_powers,254.7,325.17,242.69,africa,579.87,2.389344431167333
789,1915,1918,austria-hungary,central_powers,879.02,339.1,1713.03,western_front,1218.12,0.7110908740652527
790,1914,1919,austria-hungary,central_powers,450.69,189.03,1202.39,western_front,639.72,0.5320403529636807
791,1914,1919,belgium,allied_powers,22.29,477.74,1457.01,naval,500.03,0.3431891339112292
792,1917,1918,russia,allied_powers,692.17,97.05,2892.82,eastern_front,789.2199999999999,0.2728202930012928
793,1916,1919,austria-hungary,central_powers,561.5,564.11,168.04,italian_front,1125.61,6.698464651273508
794,1914,1918,united_kingdom,allied_powers,689.92,186.07,2609.22,air,875.99,0.3357286852009413
795,1916,1918,france,allied_powers,519.28,212.34,259.85,middle_east,731.62,2.8155474312103133
796,1917,1918,united_kingdom,allied_powers,773.24,240.86,2578.15,eastern_front,1014.1,0.3933440645424044
797,1916,1919,belgium,allied_powers,237.28,525.38,2063.54,eastern_front,762.66,0.3695881834129699
798,1915,1918,austria-hungary,central_powers,143.23,239.87,265.29,italian_front,383.1,1.4440800633269253
799,1916,1919,france,allied_powers,163.07,65.45,2880.67,air,228.52,0.0793287672659485
800,1916,1918,serbia,allied_powers,192.16,444.9,387.26,africa,637.06,1.6450446728296233
801,1917,1918,serbia,allied_powers,889.04,464.64,234.08,balkans,1353.6799999999998,5.782980177717019
802,1914,1918,austria-hungary,central_powers,572.48,50.61,254.31,western_front,623.09,2.45011993236601
803,1917,1919,germany,central_powers,84.1,541.03,1058.96,balkans,625.13,0.5903244692906248
804,1917,1919,ottoman_empire,central_powers,821.43,342.4,2477.9,air,1163.83,0.4696840066185075
805,1915,1919,germany,central_powers,840.5,299.92,983.4,africa,1140.42,1.1596705308114703
806,1914,1919,serbia,allied_powers,33.8,447.55,603.59,italian_front,481.35,0.7974784207823191
807,1915,1919,serbia,allied_powers,333.86,218.59,940.74,balkans,552.45,0.5872504624019389
808,1914,1919,ottoman_empire,central_powers,317.64,325.71,1593.35,air,643.3499999999999,0.4037719270718925
809,1917,1919,belgium,allied_powers,344.03,507.13,2081.22,italian_front,851.16,0.4089716608527691
810,1914,1918,united_kingdom,allied_powers,839.31,62.65,2262.33,eastern_front,901.96,0.3986863101315899
811,1917,1918,russia,allied_powers,699.42,331.18,387.78,middle_east,1030.6,2.6576925060601373
812,1917,1919,italy,allied_powers,457.3,160.93,1993.11,naval,618.23,0.310183582441511
813,1914,1919,united_kingdom,allied_powers,711.67,504.54,1580.94,western_front,1216.21,0.769295482434501
814,1917,1918,serbia,allied_powers,745.87,480.9,1754.67,naval,1226.77,0.6991457083098246
815,1917,1919,russia,allied_powers,639.31,76.24,399.2,italian_front,715.55,1.7924599198396791
816,1916,1918,france,allied_powers,24.05,7.42,2321.6,africa,31.47,0.0135553066850447
817,1914,1919,united_states,allied_powers,168.71,391.69,704.18,western_front,560.4,0.7958192507597489
818,1917,1919,france,allied_powers,565.07,383.21,1759.1,western_front,948.28,0.5390711159115457
819,1914,1918,austria-hungary,central_powers,84.41,296.8,1116.12,italian_front,381.21,0.3415492957746479
820,1914,1919,france,allied_powers,618.92,225.46,975.08,eastern_front,844.38,0.8659597161258563
821,1914,1918,italy,allied_powers,436.04,368.6,1662.12,western_front,804.6400000000001,0.4841046374509663
822,1914,1918,belgium,allied_powers,685.1,130.18,1126.43,western_front,815.28,0.7237733370027432
823,1915,1918,austria-hungary,central_powers,180.11,55.64,2138.85,italian_front,235.75,0.1102227832713841
824,1917,1919,austria-hungary,central_powers,178.89,507.7,2166.32,naval,686.5899999999999,0.3169384024520846
825,1916,1918,ottoman_empire,central_powers,381.94,448.37,2456.88,balkans,830.31,0.3379530135781967
826,1917,1918,france,allied_powers,151.36,20.74,1558.5,africa,172.10000000000002,0.1104266923323708
827,1916,1919,germany,central_powers,387.02,111.96,773.69,western_front,498.98,0.6449353100078842
828,1916,1918,united_kingdom,allied_powers,193.18,340.7,998.61,western_front,533.88,0.534623126145342
829,1916,1918,belgium,allied_powers,644.92,567.79,2431.91,balkans,1212.71,0.4986656578574043
830,1917,1919,russia,allied_powers,722.65,299.44,2971.27,africa,1022.09,0.3439909533633766
831,1915,1919,serbia,allied_powers,257.25,386.38,2575.5,naval,643.63,0.2499048728402252
832,1917,1918,united_kingdom,allied_powers,423.43,498.0,1274.48,western_front,921.43,0.7229850605737242
833,1916,1919,united_states,allied_powers,43.32,179.42,2952.7,eastern_front,222.74,0.075436041589054
834,1914,1918,united_kingdom,allied_powers,95.52,194.05,2078.42,balkans,289.57,0.1393221774232349
835,1915,1919,austria-hungary,central_powers,100.61,568.31,271.37,western_front,668.92,2.464974020709732
836,1917,1919,serbia,allied_powers,108.79,191.94,486.6,italian_front,300.73,0.6180230168516235
837,1914,1918,austria-hungary,central_powers,695.61,289.88,320.81,air,985.49,3.0718805523518595
838,1915,1918,united_states,allied_powers,192.02,402.46,1431.04,eastern_front,594.48,0.4154181574239714
839,1916,1918,united_states,allied_powers,763.18,63.84,433.68,africa,827.02,1.9069821066223944
840,1915,1919,austria-hungary,central_powers,148.61,184.63,2616.0,balkans,333.24,0.1273853211009174
841,1914,1918,germany,central_powers,26.7,397.3,1385.29,western_front,424.0,0.3060730966079305
842,1916,1919,ottoman_empire,central_powers,388.33,200.58,1351.95,balkans,588.91,0.4356004290099485
843,1917,1919,russia,allied_powers,159.8,165.92,1841.97,balkans,325.72,0.1768324131229064
844,1914,1918,france,allied_powers,805.66,345.35,754.36,eastern_front,1151.01,1.525809958110186
845,1917,1919,russia,allied_powers,446.16,103.03,650.55,naval,549.19,0.8441933748366768
846,1914,1918,austria-hungary,central_powers,154.04,409.02,541.6,italian_front,563.06,1.039623338257016
847,1917,1919,germany,central_powers,793.25,102.85,2292.77,africa,896.1,0.3908372841584633
848,1914,1919,france,allied_powers,737.21,340.58,2971.72,balkans,1077.79,0.3626822177055712
849,1915,1918,italy,allied_powers,442.11,210.79,1659.86,eastern_front,652.9,0.3933464268070801
850,1914,1919,belgium,allied_powers,436.44,162.33,1581.96,middle_east,598.77,0.3784988242433437
851,1915,1918,united_kingdom,allied_powers,520.25,417.64,1320.63,africa,937.89,0.7101837759251266
852,1914,1919,austria-hungary,central_powers,799.31,234.92,1281.02,air,1034.23,0.8073488313999782
853,1916,1918,serbia,allied_powers,260.28,581.7,1521.83,naval,841.98,0.5532681048474535
854,1916,1918,austria-hungary,central_powers,720.01,9.85,170.81,middle_east,729.86,4.272934839880569
855,1917,1919,italy,allied_powers,45.86,83.06,2642.23,western_front,128.92000000000002,0.048792118778456
856,1916,1918,serbia,allied_powers,262.43,19.77,2802.16,balkans,282.2,0.1007080252376737
857,1914,1919,germany,central_powers,392.8,525.62,2422.92,middle_east,918.42,0.3790550245158734
858,1917,1918,france,allied_powers,510.43,377.18,1660.2,middle_east,887.61,0.5346404047705096
859,1917,1919,italy,allied_powers,420.43,576.89,1410.79,africa,997.32,0.7069230714705944
860,1914,1918,serbia,allied_powers,336.43,372.72,2704.74,middle_east,709.1500000000001,0.2621878627890296
861,1917,1918,united_states,allied_powers,414.74,33.08,211.34,naval,447.82,2.11895523800511
862,1916,1919,france,allied_powers,607.3,443.75,206.41,africa,1051.05,5.092049803788576
863,1917,1918,austria-hungary,central_powers,647.51,561.95,2426.57,balkans,1209.46,0.498423700944131
864,1914,1918,russia,allied_powers,94.14,15.28,1542.12,eastern_front,109.42,0.0709542707441703
865,1917,1919,belgium,allied_powers,739.7,408.95,2584.98,italian_front,1148.65,0.4443554689011134
866,1914,1918,germany,central_powers,667.76,328.24,1454.67,italian_front,996.0,0.684691373301161
867,1917,1919,ottoman_empire,central_powers,418.1,488.19,487.09,middle_east,906.29,1.860621240427847
868,1917,1918,serbia,allied_powers,39.33,544.28,2890.25,middle_east,583.61,0.2019237090217109
869,1915,1919,belgium,allied_powers,462.23,105.11,496.64,balkans,567.34,1.1423566365979383
870,1915,1919,france,allied_powers,339.49,283.32,1993.97,middle_east,622.81,0.3123467253770116
871,1916,1918,serbia,allied_powers,747.07,41.01,137.09,africa,788.08,5.748632285359983
872,1914,1919,russia,allied_powers,95.78,528.51,2198.08,air,624.29,0.284016050371233
873,1916,1918,united_states,allied_powers,546.27,504.49,2774.47,western_front,1050.76,0.3787245852360992
874,1917,1918,austria-hungary,central_powers,394.33,172.01,643.52,balkans,566.3399999999999,0.8800658876181003
875,1915,1918,russia,allied_powers,729.2,536.03,1110.7,western_front,1265.23,1.1391284775366886
876,1914,1919,russia,allied_powers,513.76,284.5,1088.71,italian_front,798.26,0.7332163753432962
877,1914,1919,france,allied_powers,71.25,469.54,929.77,naval,540.79,0.5816384697290727
878,1916,1918,austria-hungary,central_powers,633.24,41.24,2620.85,balkans,674.48,0.2573516225651983
879,1915,1919,belgium,allied_powers,524.91,562.19,2955.56,naval,1087.1,0.3678152363680655
880,1916,1918,germany,central_powers,492.83,440.46,2776.31,africa,933.29,0.3361620280156034
881,1914,1919,serbia,allied_powers,836.5,532.57,1462.38,eastern_front,1369.0700000000002,0.9361930551566624
882,1914,1918,italy,allied_powers,430.36,469.03,2635.53,air,899.39,0.3412558384840999
883,1915,1919,united_kingdom,allied_powers,689.35,417.42,1317.67,western_front,1106.77,0.8399447509619251
884,1917,1918,russia,allied_powers,393.44,35.22,734.5,africa,428.66,0.5836078965282505
885,1914,1918,france,allied_powers,114.92,108.77,178.97,balkans,223.69,1.2498742806056882
886,1916,1918,france,allied_powers,69.66,563.05,657.29,naval,632.7099999999999,0.9626040256203502
887,1916,1919,belgium,allied_powers,287.65,325.08,357.92,middle_east,612.73,1.7119188645507375
888,1917,1919,germany,central_powers,208.25,445.27,671.77,eastern_front,653.52,0.9728329636631584
889,1917,1919,united_states,allied_powers,244.0,353.15,936.22,eastern_front,597.15,0.6378308517228856
890,1917,1919,ottoman_empire,central_powers,40.93,123.84,594.06,western_front,164.77,0.2773625559707774
891,1916,1918,serbia,allied_powers,830.51,544.52,2440.22,africa,1375.03,0.5634860791240135
892,1916,1919,france,allied_powers,349.91,432.92,2050.01,naval,782.83,0.381866429919854
893,1916,1918,russia,allied_powers,817.03,168.78,2063.67,naval,985.81,0.4776975000848003
894,1916,1919,serbia,allied_powers,326.16,395.71,2358.16,naval,721.87,0.306115785188452
895,1916,1919,united_states,allied_powers,396.48,280.13,2899.36,italian_front,676.61,0.2333652944098007
896,1914,1918,france,allied_powers,162.64,459.7,864.63,middle_east,622.3399999999999,0.7197760891942218
897,1915,1918,france,allied_powers,166.65,304.28,1348.91,western_front,470.93,0.3491189182376881
898,1915,1918,united_kingdom,allied_powers,486.86,27.32,742.36,middle_east,514.1800000000001,0.6926289131957541
899,1914,1918,italy,allied_powers,334.85,493.7,1277.11,balkans,828.55,0.6487694873581759
900,1916,1919,italy,allied_powers,848.29,176.79,141.91,africa,1025.08,7.223451483334507
901,1914,1918,belgium,allied_powers,705.34,427.85,2822.82,balkans,1133.19,0.4014389865453695
902,1915,1919,russia,allied_powers,453.64,344.88,1667.29,eastern_front,798.52,0.4789328791032154
903,1914,1919,austria-hungary,central_powers,752.57,176.19,769.89,air,928.76,1.2063541544896024
904,1916,1918,ottoman_empire,central_powers,72.64,336.49,275.51,balkans,409.13,1.484991470364052
905,1917,1919,belgium,allied_powers,699.03,244.87,1775.03,balkans,943.9,0.5317656602986992
906,1916,1919,france,allied_powers,379.5,589.96,1749.23,africa,969.46,0.5542210000971857
907,1915,1918,belgium,allied_powers,668.83,76.28,150.52,naval,745.11,4.950239170874302
908,1914,1918,italy,allied_powers,362.68,334.39,2150.35,naval,697.0699999999999,0.3241658334689701
909,1914,1918,united_states,allied_powers,568.12,444.55,1335.29,eastern_front,1012.67,0.7583895633158341
910,1914,1918,united_states,allied_powers,289.07,106.44,2181.47,western_front,395.51,0.1813043498191586
911,1917,1919,austria-hungary,central_powers,346.28,454.5,2862.87,western_front,800.78,0.2797123166612525
912,1916,1919,austria-hungary,central_powers,107.58,164.67,1344.8,eastern_front,272.25,0.2024464604402141
913,1914,1918,france,allied_powers,497.39,305.46,548.11,middle_east,802.8499999999999,1.4647607232124935
914,1915,1918,italy,allied_powers,254.37,568.75,1308.18,air,823.12,0.6292100475469736
915,1917,1919,united_states,allied_powers,444.44,52.57,453.61,eastern_front,497.01,1.0956769030665108
916,1914,1918,germany,central_powers,302.47,272.35,2219.79,eastern_front,574.82,0.2589524234274413
917,1914,1919,united_kingdom,allied_powers,124.05,226.04,2832.33,balkans,350.09,0.1236049471636426
918,1917,1918,germany,central_powers,571.66,53.68,1573.1,air,625.3399999999999,0.3975208187654948
919,1917,1918,ottoman_empire,central_powers,552.43,378.8,742.41,italian_front,931.23,1.2543338586495334
920,1915,1919,united_states,allied_powers,717.27,235.63,1103.53,balkans,952.9,0.8635016719074243
921,1914,1919,italy,allied_powers,596.51,69.93,1420.97,naval,666.44,0.4690035679852495
922,1917,1918,serbia,allied_powers,618.81,17.86,840.38,air,636.67,0.7575977533972726
923,1916,1919,ottoman_empire,central_powers,383.25,156.79,211.17,africa,540.04,2.5573708386607947
924,1914,1919,russia,allied_powers,788.18,321.84,2349.68,air,1110.02,0.472413264784992
925,1915,1918,france,allied_powers,821.09,460.22,1681.04,western_front,1281.31,0.7622126778660829
926,1915,1918,austria-hungary,central_powers,819.68,199.24,686.06,naval,1018.92,1.485176223653908
927,1914,1918,united_kingdom,allied_powers,255.5,15.03,1913.09,naval,270.53,0.1414099702575414
928,1914,1919,austria-hungary,central_powers,69.8,302.95,2125.29,naval,372.75,0.1753878294256313
929,1915,1918,serbia,allied_powers,706.51,255.38,2243.28,naval,961.89,0.4287873114368246
930,1914,1919,austria-hungary,central_powers,84.66,580.15,1704.94,air,664.81,0.389931610496557
931,1915,1919,ottoman_empire,central_powers,686.67,428.89,1384.2,western_front,1115.56,0.8059239994220487
932,1915,1919,serbia,allied_powers,578.89,199.8,2438.56,africa,778.69,0.3193236992323339
933,1915,1919,germany,central_powers,555.22,284.37,2182.95,balkans,839.59,0.3846125655649465
934,1917,1919,italy,allied_powers,33.82,413.55,1816.25,naval,447.37,0.2463152099105299
935,1917,1919,italy,allied_powers,638.27,308.9,2583.03,africa,947.17,0.3666895080583655
936,1914,1919,germany,central_powers,673.59,100.14,1340.92,italian_front,773.73,0.5770142886973123
937,1915,1919,ottoman_empire,central_powers,267.78,261.57,917.96,italian_front,529.3499999999999,0.5766591136868707
938,1916,1918,belgium,allied_powers,722.73,571.22,1145.2,italian_front,1293.95,1.1298899755501222
939,1915,1919,belgium,allied_powers,9.83,250.07,493.53,italian_front,259.9,0.5266143902093084
940,1915,1918,italy,allied_powers,55.94,281.48,511.54,eastern_front,337.42,0.6596160613050788
941,1914,1918,ottoman_empire,central_powers,656.66,220.68,2312.62,middle_east,877.3399999999999,0.3793705840129377
942,1915,1918,russia,allied_powers,161.31,338.41,423.78,italian_front,499.72,1.1791967530322338
943,1917,1919,russia,allied_powers,3.4,139.48,688.51,middle_east,142.88,0.2075205879362681
944,1917,1918,united_kingdom,allied_powers,461.02,264.09,2011.28,africa,725.1099999999999,0.3605216578497275
945,1914,1918,ottoman_empire,central_powers,320.14,503.27,985.07,naval,823.41,0.8358898352401352
946,1915,1919,belgium,allied_powers,441.59,473.48,2071.83,italian_front,915.07,0.4416723379813981
947,1915,1918,italy,allied_powers,193.19,336.1,2993.81,africa,529.29,0.1767947865763024
948,1914,1918,belgium,allied_powers,6.05,186.58,327.62,air,192.63,0.5879677675355596
949,1916,1918,ottoman_empire,central_powers,896.17,422.71,858.81,middle_east,1318.88,1.5357063844156449
950,1917,1919,united_states,allied_powers,726.88,23.4,135.07,air,750.28,5.554749389205597
951,1915,1918,united_kingdom,allied_powers,574.09,37.86,337.55,naval,611.95,1.8129166049474152
952,1914,1919,serbia,allied_powers,465.19,564.36,1239.36,africa,1029.55,0.8307110121352956
953,1915,1919,united_states,allied_powers,248.7,119.61,1541.12,eastern_front,368.31,0.2389885278239202
954,1916,1918,serbia,allied_powers,510.0,278.07,392.97,africa,788.0699999999999,2.0054202610886325
955,1915,1919,united_kingdom,allied_powers,574.51,276.48,2637.74,western_front,850.99,0.3226208799957539
956,1915,1918,ottoman_empire,central_powers,161.03,84.69,980.85,middle_east,245.72,0.2505174083702911
957,1915,1919,austria-hungary,central_powers,441.41,347.43,1079.13,middle_east,788.84,0.7309962655101795
958,1915,1918,belgium,allied_powers,190.39,421.46,1073.42,naval,611.8499999999999,0.5700005589610776
959,1916,1918,russia,allied_powers,235.5,553.19,1575.24,balkans,788.69,0.5006792615728397
960,1916,1919,italy,allied_powers,566.9,521.66,73.3,naval,1088.56,14.85075034106412
961,1914,1918,germany,central_powers,492.55,451.35,1345.08,africa,943.9,0.7017426472774855
962,1917,1919,austria-hungary,central_powers,541.25,289.79,1233.4,air,831.04,0.6737797956867195
963,1914,1919,serbia,allied_powers,534.18,98.83,540.83,naval,633.01,1.1704417284544126
964,1915,1918,united_kingdom,allied_powers,279.04,459.61,2414.39,italian_front,738.6500000000001,0.3059364891339013
965,1914,1918,austria-hungary,central_powers,73.26,142.09,649.8,balkans,215.35,0.3314096645121576
966,1916,1918,italy,allied_powers,424.25,412.23,2111.4,air,836.48,0.3961731552524391
967,1915,1918,italy,allied_powers,360.5,196.6,885.42,naval,557.1,0.6291929253913398
968,1914,1919,russia,allied_powers,161.17,141.48,1118.73,air,302.65,0.2705299759548774
969,1917,1918,united_states,allied_powers,40.78,181.51,323.91,balkans,222.29,0.6862708777129449
970,1916,1919,united_kingdom,allied_powers,862.7,253.33,532.45,naval,1116.03,2.0960277960371863
971,1914,1919,united_kingdom,allied_powers,287.8,345.02,1182.77,eastern_front,632.8199999999999,0.5350321702444262
972,1917,1919,ottoman_empire,central_powers,668.12,70.02,2431.02,western_front,738.14,0.3036338656201923
973,1917,1919,germany,central_powers,479.01,230.39,2040.42,africa,709.4,0.3476735181972338
974,1916,1918,united_kingdom,allied_powers,254.26,73.37,1494.38,air,327.63,0.2192414245372662
975,1916,1919,austria-hungary,central_powers,488.93,107.65,1102.81,naval,596.58,0.5409635385968572
976,1914,1918,belgium,allied_powers,224.52,50.89,328.99,africa,275.41,0.8371379069272623
977,1916,1919,united_kingdom,allied_powers,294.6,23.45,1847.59,balkans,318.05,0.1721431702921102
978,1914,1919,ottoman_empire,central_powers,166.35,448.19,2178.7,middle_east,614.54,0.2820672878321935
979,1915,1919,united_kingdom,allied_powers,516.43,129.52,2809.66,middle_east,645.9499999999999,0.2299032623164368
980,1914,1919,austria-hungary,central_powers,367.06,11.72,1272.26,italian_front,378.78,0.2977221637086759
981,1916,1918,united_kingdom,allied_powers,199.73,367.03,2198.08,balkans,566.76,0.2578432086184306
982,1916,1919,italy,allied_powers,288.36,493.67,497.75,air,782.03,1.571130085384229
983,1915,1919,united_kingdom,allied_powers,870.98,379.01,1705.91,middle_east,1249.99,0.732740883164997
984,1916,1919,united_states,allied_powers,27.58,375.11,541.87,middle_east,402.69,0.7431487257091184
985,1914,1919,ottoman_empire,central_powers,119.4,364.47,2556.52,air,483.87,0.1892690063054464
986,1914,1919,ottoman_empire,central_powers,368.26,450.89,1283.63,italian_front,819.15,0.6381511806361646
987,1916,1918,russia,allied_powers,445.86,278.62,2487.11,africa,724.48,0.2912939114072156
988,1917,1919,united_states,allied_powers,615.33,59.44,1761.47,western_front,674.77,0.3830720931948883
989,1914,1918,serbia,allied_powers,659.2,567.32,1008.81,italian_front,1226.52,1.2158087251315908
990,1917,1918,serbia,allied_powers,497.3,518.13,2558.41,africa,1015.43,0.3968988551483148
991,1915,1918,italy,allied_powers,264.39,536.72,660.67,air,801.11,1.2125720859127855
992,1917,1918,belgium,allied_powers,723.51,502.81,2622.65,italian_front,1226.32,0.4675881265132594
993,1914,1918,belgium,allied_powers,776.09,42.68,1280.41,western_front,818.77,0.6394592357135604
994,1914,1919,austria-hungary,central_powers,745.65,435.23,167.72,air,1180.88,7.040782256141188
995,1917,1919,germany,central_powers,682.39,348.1,2385.27,eastern_front,1030.49,0.4320223706330939
996,1916,1918,russia,allied_powers,88.32,385.4,268.51,balkans,473.72,1.7642545901456184
997,1916,1919,united_states,allied_powers,511.84,356.86,2295.9,air,868.7,0.3783701380722157
998,1915,1919,austria-hungary,central_powers,511.31,183.19,2153.58,africa,694.5,0.3224862786615775
999,1915,1918,austria-hungary,central_powers,26.18,127.39,943.72,middle_east,153.57,0.1627283516297206
1000,1917,1919,germany,central_powers,767.5,188.92,1154.37,italian_front,956.42,0.8285211847154725
1001,1917,1918,united_kingdom,allied_powers,308.79,185.93,711.71,air,494.72,0.6951145831869723
1002,1914,1918,united_states,allied_powers,821.52,543.83,2527.93,africa,1365.35,0.5401059364776715
1003,1916,1918,italy,allied_powers,61.41,332.19,1627.52,naval,393.6,0.2418403460479748
1004,1917,1918,germany,central_powers,206.28,430.57,573.42,balkans,636.85,1.110616999755851
1005,1914,1918,belgium,allied_powers,55.72,136.94,1777.75,eastern_front,192.66,0.1083729433272394
1006,1914,1919,united_states,allied_powers,398.27,285.88,344.63,eastern_front,684.15,1.985172503844703
1007,1916,1918,united_states,allied_powers,530.45,381.14,2278.85,naval,911.59,0.400021940891239
1008,1916,1919,belgium,allied_powers,463.27,570.89,933.93,italian_front,1034.16,1.1073206771385435
1009,1916,1919,united_states,allied_powers,287.97,584.63,1437.99,eastern_front,872.6,0.6068192407457632
1010,1917,1919,italy,allied_powers,740.48,116.56,370.7,eastern_front,857.04,2.311950364175884
1011,1916,1919,austria-hungary,central_powers,190.05,403.3,1005.11,air,593.35,0.5903333963446787
1012,1915,1918,serbia,allied_powers,702.0,162.0,2801.89,africa,864.0,0.3083632833551638
1013,1916,1919,united_states,allied_powers,383.34,236.43,1280.51,africa,619.77,0.4840024677667491
1014,1915,1919,russia,allied_powers,596.19,153.93,2506.03,middle_east,750.1200000000001,0.2993260256261896
1015,1917,1919,serbia,allied_powers,396.65,164.74,269.56,balkans,561.39,2.082616115150616
1016,1917,1918,russia,allied_powers,888.25,351.88,224.98,naval,1240.13,5.512178860343142
1017,1916,1919,united_states,allied_powers,792.88,44.86,2932.68,middle_east,837.74,0.28565680537938
1018,1916,1918,russia,allied_powers,515.89,457.79,819.12,eastern_front,973.68,1.188690301787284
1019,1915,1918,united_states,allied_powers,166.54,281.26,1409.37,africa,447.8,0.3177306172261365
1020,1916,1919,france,allied_powers,385.17,483.74,2404.39,western_front,868.9100000000001,0.3613848003027795
1021,1914,1919,belgium,allied_powers,255.1,200.58,247.97,western_front,455.68,1.837641650199621
1022,1914,1918,serbia,allied_powers,676.96,460.39,1321.29,eastern_front,1137.35,0.8607875636688388
1023,1915,1919,serbia,allied_powers,409.19,468.78,2231.4,eastern_front,877.97,0.3934615039885273
1024,1916,1918,united_kingdom,allied_powers,290.82,90.72,2573.95,naval,381.54,0.1482313176246625
1025,1915,1919,germany,central_powers,278.33,60.99,1623.6,italian_front,339.32,0.2089923626508992
1026,1914,1919,russia,allied_powers,273.33,254.86,849.68,africa,528.19,0.6216340269277847
1027,1917,1918,united_states,allied_powers,342.99,268.36,1227.58,naval,611.35,0.4980123495006436
1028,1914,1918,germany,central_powers,109.2,293.72,1834.3,italian_front,402.92,0.2196587253993349
1029,1914,1919,belgium,allied_powers,850.46,10.18,1171.09,air,860.64,0.7349050884218976
1030,1916,1919,ottoman_empire,central_powers,207.19,420.88,1968.78,middle_east,628.0699999999999,0.3190148213614522
1031,1916,1918,germany,central_powers,9.34,311.41,463.65,italian_front,320.75,0.6917933786261189
1032,1915,1919,germany,central_powers,156.01,561.81,2897.64,africa,717.8199999999999,0.2477257354260708
1033,1915,1918,austria-hungary,central_powers,563.16,545.43,832.28,air,1108.59,1.3319916374297112
1034,1916,1918,germany,central_powers,42.8,226.53,1815.6,air,269.33,0.1483421458471029
1035,1914,1919,ottoman_empire,central_powers,102.06,285.68,2950.94,balkans,387.74,0.1313954197645496
1036,1914,1919,austria-hungary,central_powers,291.27,324.22,2872.87,air,615.49,0.2142422037892421
1037,1915,1918,germany,central_powers,593.63,446.04,2165.94,balkans,1039.67,0.4800086798341598
1038,1915,1919,italy,allied_powers,601.85,312.19,1752.64,italian_front,914.04,0.5215218185137849
1039,1916,1918,united_kingdom,allied_powers,881.6,9.09,1922.16,western_front,890.69,0.4633797394597744
1040,1914,1919,russia,allied_powers,365.69,595.62,1386.92,air,961.31,0.6931257750987799
1041,1916,1919,austria-hungary,central_powers,726.48,292.67,1669.26,africa,1019.15,0.6105399997603729
1042,1916,1918,united_kingdom,allied_powers,114.48,136.66,1399.43,africa,251.14,0.1794587796459987
1043,1916,1918,united_states,allied_powers,498.42,563.76,2900.56,africa,1062.18,0.3661982513721488
1044,1915,1918,russia,allied_powers,473.49,468.07,1710.5,balkans,941.56,0.5504589301373867
1045,1916,1918,germany,central_powers,612.68,381.13,2583.88,italian_front,993.81,0.3846192547641531
1046,1917,1918,ottoman_empire,central_powers,351.41,313.29,1292.73,middle_east,664.7,0.5141831627640729
1047,1916,1918,belgium,allied_powers,188.67,440.21,1802.26,eastern_front,628.88,0.3489396646432812
1048,1915,1918,russia,allied_powers,707.9,387.83,1203.45,air,1095.73,0.910490672649466
1049,1914,1918,ottoman_empire,central_powers,653.66,351.76,2033.34,middle_east,1005.42,0.4944672312549795
1050,1916,1919,belgium,allied_powers,472.29,463.11,1815.42,western_front,935.4,0.5152526688039132
1051,1914,1919,italy,allied_powers,854.59,25.06,2522.03,italian_front,879.65,0.3487864934199831
1052,1917,1918,russia,allied_powers,93.64,598.56,1829.78,air,692.1999999999999,0.3782968444293849
1053,1917,1919,france,allied_powers,758.25,439.6,2718.96,naval,1197.85,0.4405544767116838
1054,1916,1919,france,allied_powers,219.23,297.24,1793.7,eastern_front,516.47,0.2879355522105146
1055,1917,1919,serbia,allied_powers,531.72,476.26,2864.51,naval,1007.98,0.3518856628184226
1056,1915,1919,united_kingdom,allied_powers,582.73,264.43,1409.19,naval,847.1600000000001,0.6011680468921863
1057,1917,1918,united_kingdom,allied_powers,89.82,552.44,2415.59,balkans,642.26,0.2658812132853671
1058,1916,1919,united_states,allied_powers,292.74,419.61,1922.68,balkans,712.35,0.3704984708843905
1059,1916,1919,united_states,allied_powers,301.05,370.03,2232.59,africa,671.0799999999999,0.3005836270878217
1060,1914,1918,serbia,allied_powers,575.89,454.06,646.34,naval,1029.95,1.5935111551195964
1061,1917,1919,italy,allied_powers,101.22,349.32,2731.05,italian_front,450.54,0.1649695172186521
1062,1915,1919,france,allied_powers,640.79,548.86,2006.41,eastern_front,1189.65,0.5929246764120992
1063,1916,1919,france,allied_powers,552.46,582.46,1005.32,italian_front,1134.92,1.1289141765805912
1064,1915,1918,united_states,allied_powers,750.09,589.97,773.79,middle_east,1340.06,1.7318135411416535
1065,1915,1918,russia,allied_powers,771.92,290.22,1344.9,western_front,1062.14,0.7897538850472152
1066,1917,1918,austria-hungary,central_powers,723.28,158.5,1142.17,naval,881.78,0.7720216780339179
1067,1914,1918,belgium,allied_powers,116.76,588.62,2363.44,africa,705.38,0.2984547947060217
1068,1914,1918,united_states,allied_powers,517.26,32.39,1875.48,africa,549.65,0.293071640326743
1069,1915,1918,italy,allied_powers,780.95,89.15,2061.92,air,870.1,0.4219853340575774
1070,1914,1919,ottoman_empire,central_powers,595.96,186.24,2106.76,naval,782.2,0.3712810191953521
1071,1917,1918,serbia,allied_powers,641.19,215.33,403.07,africa,856.5200000000001,2.1249906964050918
1072,1917,1918,serbia,allied_powers,752.33,18.18,2790.04,balkans,770.51,0.2761644994336998
1073,1917,1919,united_states,allied_powers,762.69,110.2,968.03,naval,872.8900000000001,0.9017179219652284
1074,1914,1918,russia,allied_powers,316.73,388.51,290.63,middle_east,705.24,2.426590510270791
1075,1914,1918,france,allied_powers,2.55,591.08,87.11,western_front,593.63,6.814717024451842
1076,1916,1918,serbia,allied_powers,164.43,131.42,1068.48,italian_front,295.85,0.2768886642707397
1077,1915,1919,united_states,allied_powers,560.25,561.21,2670.29,italian_front,1121.46,0.4199768564463036
1078,1916,1918,united_states,allied_powers,543.55,598.41,2764.0,italian_front,1141.96,0.4131548480463097
1079,1917,1918,russia,allied_powers,128.1,576.25,1497.77,eastern_front,704.35,0.4702657951487879
1080,1917,1918,belgium,allied_powers,518.0,319.39,1212.85,eastern_front,837.39,0.6904316279836749
1081,1915,1919,ottoman_empire,central_powers,392.19,49.89,120.31,balkans,442.08,3.674507522234228
1082,1917,1919,united_kingdom,allied_powers,748.3,113.25,313.1,air,861.55,2.7516767805812834
1083,1916,1918,austria-hungary,central_powers,170.23,578.53,204.68,western_front,748.76,3.6581981629861247
1084,1915,1919,france,allied_powers,855.02,535.47,2151.61,western_front,1390.49,0.6462555946477289
1085,1914,1918,france,allied_powers,5.26,144.61,2450.23,naval,149.87,0.0611656864865747
1086,1915,1919,germany,central_powers,539.28,373.25,811.65,naval,912.53,1.1242900264892504
1087,1916,1918,united_kingdom,allied_powers,741.38,226.59,2535.77,middle_east,967.97,0.3817262606624418
1088,1914,1919,germany,central_powers,64.4,69.07,518.83,western_front,133.47,0.2572518936838656
1089,1916,1918,austria-hungary,central_powers,258.51,513.38,821.42,middle_east,771.89,0.9397019794989164
1090,1914,1919,belgium,allied_powers,422.59,66.05,724.5,balkans,488.64,0.6744513457556935
1091,1914,1918,united_states,allied_powers,398.38,461.59,2005.49,naval,859.97,0.4288079222534144
1092,1916,1918,italy,allied_powers,829.73,210.4,641.92,western_front,1040.13,1.6203420987038886
1093,1916,1918,russia,allied_powers,592.55,263.6,2620.45,balkans,856.15,0.3267186933541949
1094,1916,1918,united_kingdom,allied_powers,616.6,246.25,1626.11,italian_front,862.85,0.5306221596324973
1095,1916,1918,russia,allied_powers,343.71,337.85,2450.43,italian_front,681.56,0.2781389388801149
1096,1914,1918,serbia,allied_powers,254.94,369.82,1376.53,western_front,624.76,0.4538658801479081
1097,1916,1919,united_states,allied_powers,791.62,134.69,896.25,air,926.31,1.0335397489539748
1098,1916,1918,germany,central_powers,414.48,426.56,1647.42,naval,841.04,0.5105194789428318
1099,1916,1918,ottoman_empire,central_powers,660.37,266.61,1195.91,naval,926.98,0.7751252184528936
1100,1917,1918,russia,allied_powers,511.98,568.83,2201.46,balkans,1080.81,0.4909514594859774
1101,1917,1919,ottoman_empire,central_powers,423.74,325.93,1384.34,middle_east,749.6700000000001,0.5415360388343905
1102,1915,1919,belgium,allied_powers,163.1,266.07,2097.21,italian_front,429.17,0.2046385435888632
1103,1916,1918,germany,central_powers,285.53,147.8,2228.47,naval,433.33,0.1944517987677644
1104,1914,1918,united_kingdom,allied_powers,828.23,521.74,1027.95,eastern_front,1349.97,1.3132642638260617
1105,1915,1918,italy,allied_powers,818.41,350.28,2493.35,middle_east,1168.69,0.4687228026550625
1106,1916,1919,germany,central_powers,374.25,319.62,1873.95,eastern_front,693.87,0.370271351957096
1107,1917,1919,germany,central_powers,88.26,24.11,2646.68,balkans,112.37,0.0424569649523176
1108,1914,1919,united_states,allied_powers,873.3,567.99,1722.01,air,1441.29,0.8369812021997549
1109,1915,1918,germany,central_powers,893.61,474.69,2023.27,middle_east,1368.3,0.6762814651529455
1110,1914,1919,serbia,allied_powers,376.55,101.85,2561.2,air,478.4,0.1867874433859128
1111,1914,1919,united_kingdom,allied_powers,630.76,158.24,2988.65,africa,789.0,0.2639987954427584
1112,1917,1918,germany,central_powers,10.6,344.4,943.0,africa,355.0,0.376458112407211
1113,1914,1919,italy,allied_powers,768.41,470.58,1251.23,naval,1238.99,0.9902176258561576
1114,1916,1918,austria-hungary,central_powers,822.11,551.31,300.15,air,1373.42,4.575778777278028
1115,1915,1918,germany,central_powers,59.4,343.36,748.99,balkans,402.76,0.5377374864817954
1116,1914,1919,serbia,allied_powers,568.27,198.87,2011.57,eastern_front,767.14,0.3813638103570843
1117,1915,1918,france,allied_powers,4.45,475.06,737.57,eastern_front,479.51,0.6501213444147673
1118,1915,1919,serbia,allied_powers,422.82,439.07,1795.85,balkans,861.89,0.4799342929531976
1119,1914,1918,austria-hungary,central_powers,790.48,345.47,608.57,italian_front,1135.95,1.8665888887063116
1120,1916,1918,serbia,allied_powers,541.8,304.24,891.94,italian_front,846.04,0.9485391394039956
1121,1915,1918,germany,central_powers,56.4,296.61,2712.95,middle_east,353.01,0.1301203486979118
1122,1917,1918,france,allied_powers,529.74,549.84,1116.37,air,1079.58,0.9670449761279862
1123,1916,1919,italy,allied_powers,270.92,293.71,1660.45,africa,564.63,0.3400463729711825
1124,1914,1919,united_states,allied_powers,831.18,507.97,2918.21,naval,1339.15,0.458894322204365
1125,1915,1919,germany,central_powers,343.93,522.22,490.68,naval,866.1500000000001,1.7652033912121954
1126,1915,1918,france,allied_powers,352.77,90.36,1045.08,italian_front,443.13,0.4240153863819038
1127,1916,1919,united_states,allied_powers,651.63,260.0,2844.63,balkans,911.63,0.3204740159528655
1128,1916,1918,united_states,allied_powers,261.1,141.47,2832.85,eastern_front,402.5700000000001,0.1421077713256967
1129,1916,1918,serbia,allied_powers,550.85,359.67,1612.43,africa,910.52,0.5646880794825201
1130,1915,1919,united_kingdom,allied_powers,333.64,148.04,2836.5,air,481.68,0.1698149127445795
1131,1916,1919,germany,central_powers,703.65,343.58,2738.57,africa,1047.23,0.3824003038081918
1132,1915,1919,italy,allied_powers,792.77,230.79,487.65,air,1023.56,2.0989644212037324
1133,1917,1919,ottoman_empire,central_powers,712.36,166.09,472.1,eastern_front,878.45,1.8607286591823768
1134,1914,1919,belgium,allied_powers,705.53,574.02,1479.86,africa,1279.55,0.8646426013271526
1135,1915,1918,russia,allied_powers,719.16,169.83,2382.59,middle_east,888.99,0.3731191686358123
1136,1915,1918,united_kingdom,allied_powers,71.76,279.23,2733.93,middle_east,350.99,0.1283829505510382
1137,1915,1919,austria-hungary,central_powers,249.08,423.92,1387.33,africa,673.0,0.4851044812697772
1138,1914,1918,belgium,allied_powers,332.57,189.5,2175.48,western_front,522.0699999999999,0.2399792229760788
1139,1916,1919,serbia,allied_powers,579.62,194.75,2281.65,italian_front,774.37,0.3393903534722678
1140,1915,1919,germany,central_powers,92.93,98.45,2155.87,eastern_front,191.38,0.0887715864129098
1141,1914,1919,united_states,allied_powers,491.06,315.05,1943.37,africa,806.11,0.4148000638066864
1142,1914,1918,france,allied_powers,205.43,34.38,2066.39,air,239.81,0.1160526328524625
1143,1915,1919,russia,allied_powers,855.02,572.68,456.14,western_front,1427.6999999999998,3.129960099969308
1144,1917,1918,united_kingdom,allied_powers,495.48,24.56,1789.52,middle_east,520.04,0.2906030667441548
1145,1914,1919,belgium,allied_powers,358.07,91.78,71.68,eastern_front,449.85,6.275809151785714
1146,1916,1919,serbia,allied_powers,301.7,196.57,818.01,italian_front,498.27,0.6091245828290608
1147,1917,1919,france,allied_powers,349.32,64.48,2802.6,balkans,413.8,0.1476486120031399
1148,1916,1918,united_states,allied_powers,583.4,138.27,2676.11,middle_east,721.67,0.2696712765917693
1149,1916,1918,italy,allied_powers,450.13,432.11,2173.91,balkans,882.24,0.4058309681633554
1150,1915,1919,russia,allied_powers,555.12,530.71,2565.41,air,1085.83,0.4232578808065767
1151,1916,1918,ottoman_empire,central_powers,865.13,58.79,1135.75,middle_east,923.92,0.8134888839973585
1152,1914,1919,austria-hungary,central_powers,808.77,181.58,825.04,naval,990.35,1.200366042858528
1153,1914,1919,france,allied_powers,652.6,273.42,2665.0,italian_front,926.02,0.3474746716697936
1154,1917,1918,france,allied_powers,610.54,18.42,1517.4,italian_front,628.9599999999999,0.4144984842493738
1155,1914,1918,united_states,allied_powers,721.94,15.14,852.29,middle_east,737.08,0.86482300625374
1156,1914,1918,russia,allied_powers,258.58,53.51,1133.53,naval,312.09,0.2753257522959251
1157,1916,1918,ottoman_empire,central_powers,522.61,223.58,2951.36,africa,746.19,0.2528292041635043
1158,1917,1919,france,allied_powers,228.63,83.02,2777.92,africa,311.65,0.1121882559612947
1159,1915,1918,serbia,allied_powers,486.65,499.29,520.31,africa,985.94,1.894908804366628
1160,1915,1919,france,allied_powers,490.05,311.98,1747.62,eastern_front,802.03,0.4589269978599467
1161,1915,1919,italy,allied_powers,494.06,237.28,1987.83,air,731.34,0.3679087245891249
1162,1917,1918,germany,central_powers,644.87,535.96,2909.38,balkans,1180.83,0.4058699791708198
1163,1916,1918,russia,allied_powers,574.79,570.95,613.47,naval,1145.74,1.8676381893165108
1164,1915,1918,austria-hungary,central_powers,855.96,253.44,1104.67,eastern_front,1109.4,1.0042818217205138
1165,1916,1919,russia,allied_powers,386.24,354.02,1461.4,naval,740.26,0.5065416723689612
1166,1917,1918,italy,allied_powers,230.95,284.42,2403.6,air,515.37,0.2144158761857214
1167,1916,1919,united_kingdom,allied_powers,683.39,52.55,793.86,western_front,735.9399999999999,0.9270400322474994
1168,1914,1919,russia,allied_powers,885.62,21.09,963.95,naval,906.71,0.9406193267285649
1169,1914,1918,belgium,allied_powers,63.12,109.15,860.49,italian_front,172.27,0.2001998861114016
1170,1914,1919,germany,central_powers,264.76,98.07,906.35,eastern_front,362.83,0.400319964693551
1171,1915,1918,united_states,allied_powers,6.12,465.56,2430.07,balkans,471.68,0.1941014044862905
1172,1915,1918,russia,allied_powers,727.77,568.85,392.46,africa,1296.62,3.303827141619528
1173,1914,1919,ottoman_empire,central_powers,637.86,538.66,1136.45,air,1176.52,1.0352589203220557
1174,1914,1919,france,allied_powers,79.43,526.73,2010.87,naval,606.1600000000001,0.3014416645531537
1175,1915,1918,france,allied_powers,168.92,118.31,1996.59,western_front,287.23,0.1438602817804356
1176,1917,1918,france,allied_powers,36.74,121.87,936.01,italian_front,158.61,0.1694533178064337
1177,1914,1918,austria-hungary,central_powers,288.26,146.58,1467.15,middle_east,434.84,0.2963841461336605
1178,1917,1919,germany,central_powers,498.18,376.4,2583.14,balkans,874.5799999999999,0.3385724350983686
1179,1915,1918,serbia,allied_powers,223.11,452.17,2527.32,air,675.28,0.2671921244638589
1180,1917,1918,italy,allied_powers,25.87,403.16,2795.8,naval,429.03,0.1534551827741612
1181,1915,1918,germany,central_powers,539.48,172.93,2330.64,air,712.4100000000001,0.3056714035629699
1182,1914,1918,italy,allied_powers,354.55,278.97,2430.09,italian_front,633.52,0.2606981634425062
1183,1916,1919,ottoman_empire,central_powers,626.03,554.11,1835.35,air,1180.14,0.6430054213092871
1184,1914,1919,austria-hungary,central_powers,840.81,524.91,1803.58,africa,1365.7199999999998,0.757227292385145
1185,1915,1919,italy,allied_powers,608.81,167.47,1813.39,middle_east,776.28,0.4280822106662107
1186,1916,1918,russia,allied_powers,523.99,104.46,2187.55,africa,628.45,0.2872848620602957
1187,1916,1918,russia,allied_powers,436.42,162.81,1726.16,air,599.23,0.3471462668582286
1188,1914,1919,belgium,allied_powers,3.94,113.76,2805.66,eastern_front,117.7,0.0419509135105465
1189,1916,1919,united_kingdom,allied_powers,565.67,293.99,368.83,balkans,859.66,2.330775696120164
1190,1915,1918,united_kingdom,allied_powers,762.61,166.77,1668.05,eastern_front,929.38,0.5571655525913491
1191,1917,1918,united_kingdom,allied_powers,304.51,374.8,867.66,western_front,679.31,0.7829218818431183
1192,1916,1919,united_kingdom,allied_powers,526.12,457.53,556.93,balkans,983.65,1.766200420160523
1193,1914,1918,united_states,allied_powers,87.02,507.31,701.87,eastern_front,594.33,0.8467807428726117
1194,1915,1919,russia,allied_powers,392.24,516.61,2556.29,eastern_front,908.85,0.3555347789178849
1195,1914,1919,germany,central_powers,765.68,450.54,117.93,air,1216.22,10.31306707368778
1196,1917,1919,united_states,allied_powers,554.46,503.01,1839.33,africa,1057.47,0.5749213028657174
1197,1917,1918,russia,allied_powers,318.59,164.85,2159.05,naval,483.44,0.2239132951992774
1198,1914,1918,united_kingdom,allied_powers,514.92,216.03,110.46,eastern_front,730.9499999999999,6.617327539380771
1199,1917,1919,austria-hungary,central_powers,820.53,156.29,516.39,africa,976.82,1.8916322934216383
1200,1915,1918,united_kingdom,allied_powers,81.89,549.55,322.51,naval,631.4399999999999,1.9578927785184956
1201,1916,1919,germany,central_powers,251.38,549.62,725.81,italian_front,801.0,1.1035946046485996
1202,1915,1918,austria-hungary,central_powers,423.75,254.25,545.38,western_front,678.0,1.243169899886318
1203,1914,1918,germany,central_powers,112.6,277.79,2294.54,eastern_front,390.39,0.1701386770333051
1204,1915,1918,austria-hungary,central_powers,732.16,300.8,2689.77,africa,1032.96,0.3840328355212528
1205,1917,1918,serbia,allied_powers,516.9,167.93,775.08,italian_front,684.8299999999999,0.8835604066676986
1206,1915,1918,germany,central_powers,259.2,317.57,1495.37,eastern_front,576.77,0.3857038726201542
1207,1917,1919,austria-hungary,central_powers,843.25,100.55,2580.88,africa,943.8,0.3656892222807724
1208,1916,1919,ottoman_empire,central_powers,270.27,14.81,1487.3,eastern_front,285.08,0.1916761917568748
1209,1915,1919,ottoman_empire,central_powers,128.94,540.35,2715.81,italian_front,669.29,0.2464421296040591
1210,1917,1919,germany,central_powers,863.7,147.6,479.34,balkans,1011.3,2.1097759419201405
1211,1916,1919,france,allied_powers,265.26,492.75,1677.24,naval,758.01,0.4519388996208056
1212,1916,1918,united_kingdom,allied_powers,132.2,426.81,845.35,middle_east,559.01,0.661276394392855
1213,1916,1918,italy,allied_powers,414.8,373.25,890.54,air,788.05,0.8849125249848406
1214,1917,1919,belgium,allied_powers,455.85,599.19,502.32,naval,1055.04,2.100334448160535
1215,1917,1919,russia,allied_powers,555.57,165.82,699.7,italian_front,721.3900000000001,1.030998999571245
1216,1915,1919,germany,central_powers,492.8,153.46,2752.41,balkans,646.26,0.2347978680501815
1217,1914,1919,russia,allied_powers,823.71,99.78,2034.2,air,923.49,0.453981909350113
1218,1916,1919,serbia,allied_powers,493.58,540.84,2239.23,air,1034.42,0.4619534393519201
1219,1916,1918,ottoman_empire,central_powers,245.7,563.99,936.68,balkans,809.69,0.8644254174317805
1220,1916,1918,russia,allied_powers,418.45,92.38,340.86,italian_front,510.83,1.4986504723346827
1221,1917,1919,france,allied_powers,147.04,288.96,2788.81,africa,436.0,0.1563390836951961
1222,1917,1919,united_states,allied_powers,301.07,222.54,958.62,italian_front,523.61,0.5462122634620601
1223,1915,1919,austria-hungary,central_powers,549.9,99.35,519.62,naval,649.25,1.249470767099034
1224,1914,1918,united_kingdom,allied_powers,486.79,295.84,322.33,eastern_front,782.63,2.428039586758912
1225,1915,1918,italy,allied_powers,599.79,52.97,537.4,italian_front,652.76,1.2146631931522145
1226,1914,1918,germany,central_powers,741.95,294.47,838.62,western_front,1036.42,1.235863680808948
1227,1914,1919,united_states,allied_powers,767.3,94.86,2339.42,italian_front,862.16,0.3685357909225363
1228,1915,1919,italy,allied_powers,625.72,486.26,1108.32,western_front,1111.98,1.0033022953659594
1229,1917,1919,italy,allied_powers,217.37,89.66,507.9,balkans,307.03,0.6045087615672377
1230,1915,1918,germany,central_powers,254.95,199.97,993.85,air,454.92,0.4577350706847109
1231,1914,1919,united_kingdom,allied_powers,141.72,115.3,244.86,balkans,257.02,1.0496610307931062
1232,1917,1919,united_states,allied_powers,734.39,447.3,2136.78,naval,1181.69,0.5530237085708402
1233,1915,1918,ottoman_empire,central_powers,438.72,593.03,487.09,italian_front,1031.75,2.118191709950933
1234,1917,1919,ottoman_empire,central_powers,694.0,379.11,2148.53,balkans,1073.11,0.4994624231451271
1235,1914,1919,germany,central_powers,612.64,514.74,2244.95,balkans,1127.38,0.5021849038954098
1236,1915,1919,serbia,allied_powers,261.88,598.08,1396.49,western_front,859.96,0.6158010440461443
1237,1914,1919,serbia,allied_powers,208.62,189.45,1793.14,naval,398.07,0.2219960516189477
1238,1914,1918,austria-hungary,central_powers,478.14,24.81,2858.43,middle_east,502.95,0.1759532330685026
1239,1917,1918,belgium,allied_powers,845.99,10.3,2612.21,eastern_front,856.29,0.3278028948667986
1240,1917,1918,russia,allied_powers,505.12,197.49,1657.94,middle_east,702.61,0.4237849379350278
1241,1914,1919,united_kingdom,allied_powers,117.76,449.77,811.67,balkans,567.53,0.6992127342392844
1242,1917,1918,france,allied_powers,279.23,325.62,1668.61,italian_front,604.85,0.3624873397618377
1243,1914,1918,austria-hungary,central_powers,102.92,271.05,408.25,balkans,373.97,0.916031843233313
1244,1917,1919,france,allied_powers,159.58,484.06,1658.65,eastern_front,643.64,0.3880505230157055
1245,1914,1918,italy,allied_powers,470.36,413.87,622.8,italian_front,884.23,1.4197655748233784
1246,1917,1919,russia,allied_powers,171.94,382.67,2331.72,eastern_front,554.61,0.2378544593690494
1247,1917,1919,italy,allied_powers,810.07,22.31,604.84,naval,832.38,1.3761986641095163
1248,1916,1919,italy,allied_powers,77.62,505.89,1804.21,naval,583.51,0.3234157886277096
1249,1917,1919,serbia,allied_powers,707.75,383.03,775.81,africa,1090.78,1.405988579678014
1250,1914,1918,austria-hungary,central_powers,899.35,168.76,2556.72,middle_east,1068.11,0.4177657310929629
1251,1917,1919,united_kingdom,allied_powers,883.15,196.99,2149.81,middle_east,1080.14,0.5024350989157181
1252,1914,1919,austria-hungary,central_powers,287.16,74.67,1750.41,eastern_front,361.83,0.2067115704320702
1253,1916,1919,belgium,allied_powers,91.29,242.49,2795.82,eastern_front,333.78000000000003,0.1193853681567482
1254,1916,1919,france,allied_powers,854.14,353.19,365.14,western_front,1207.33,3.306485183765131
1255,1916,1919,germany,central_powers,845.75,537.07,780.35,eastern_front,1382.8200000000002,1.772051002755174
1256,1914,1918,germany,central_powers,664.34,493.39,2063.22,air,1157.73,0.5611277517666561
1257,1916,1918,united_kingdom,allied_powers,190.7,400.3,617.79,air,591.0,0.95663575001214
1258,1917,1919,russia,allied_powers,770.67,75.23,1289.66,middle_east,845.9,0.6559093094303925
1259,1917,1918,serbia,allied_powers,733.19,348.33,2903.16,middle_east,1081.52,0.3725319996142135
1260,1915,1918,ottoman_empire,central_powers,868.73,166.29,382.21,western_front,1035.02,2.707987755422412
1261,1914,1919,russia,allied_powers,130.8,434.73,2367.51,eastern_front,565.53,0.2388712191289582
1262,1916,1919,russia,allied_powers,318.51,522.04,2581.44,balkans,840.55,0.325612836246436
1263,1917,1918,ottoman_empire,central_powers,143.59,468.95,2509.39,middle_east,612.54,0.2440991635417372
1264,1917,1918,austria-hungary,central_powers,160.18,461.55,1446.04,middle_east,621.73,0.4299535282564798
1265,1916,1919,russia,allied_powers,755.68,578.12,845.44,balkans,1333.8,1.577640045420136
1266,1914,1918,russia,allied_powers,459.22,560.42,373.98,air,1019.64,2.726455960211776
1267,1914,1919,united_kingdom,allied_powers,510.87,530.94,761.62,middle_east,1041.81,1.3678868727186786
1268,1915,1919,united_kingdom,allied_powers,691.88,461.93,1288.19,western_front,1153.81,0.8956830902273732
1269,1915,1918,austria-hungary,central_powers,527.99,377.49,2026.02,middle_east,905.48,0.4469254992546964
1270,1914,1919,russia,allied_powers,42.18,202.02,1440.58,air,244.2,0.1695150564356023
1271,1915,1919,france,allied_powers,806.44,139.17,2606.33,western_front,945.61,0.3628128441141375
1272,1914,1918,russia,allied_powers,197.4,58.57,806.55,air,255.97,0.317364081582047
1273,1917,1918,russia,allied_powers,107.78,483.35,2383.74,eastern_front,591.13,0.2479842600283588
1274,1916,1918,russia,allied_powers,798.83,60.51,1535.92,western_front,859.34,0.5594952862128236
1275,1917,1919,belgium,allied_powers,25.18,58.96,1900.26,africa,84.14,0.0442781514108595
1276,1915,1918,russia,allied_powers,178.68,177.35,230.76,western_front,356.03,1.5428583810019068
1277,1914,1918,austria-hungary,central_powers,139.38,38.43,2708.41,balkans,177.81,0.0656510646467853
1278,1916,1918,france,allied_powers,688.21,127.47,503.53,italian_front,815.6800000000001,1.6199233412110503
1279,1915,1919,germany,central_powers,480.03,340.59,2863.17,africa,820.6199999999999,0.2866123911608461
1280,1917,1919,serbia,allied_powers,833.67,479.08,2515.09,africa,1312.75,0.5219495127410947
1281,1917,1918,united_kingdom,allied_powers,663.57,320.36,2578.67,eastern_front,983.93,0.3815649152470072
1282,1915,1918,germany,central_powers,817.29,305.3,1840.36,italian_front,1122.59,0.6099839161903106
1283,1914,1919,austria-hungary,central_powers,494.47,496.95,179.85,eastern_front,991.42,5.51248262440923
1284,1915,1918,france,allied_powers,649.11,328.26,2226.34,italian_front,977.37,0.4390030273902458
1285,1916,1919,united_kingdom,allied_powers,698.0,414.68,2595.51,western_front,1112.68,0.4286941680055172
1286,1914,1918,france,allied_powers,705.5,323.65,1146.04,balkans,1029.15,0.8980053052249486
1287,1916,1919,belgium,allied_powers,677.52,156.85,300.87,naval,834.37,2.773191079203643
1288,1917,1919,germany,central_powers,742.1,173.74,1883.88,air,915.84,0.486145614370342
1289,1914,1919,united_kingdom,allied_powers,44.92,397.39,2663.09,air,442.31,0.1660890168939089
1290,1914,1919,ottoman_empire,central_powers,507.14,141.86,490.36,middle_east,649.0,1.3235174157761644
1291,1916,1918,germany,central_powers,338.42,25.6,2157.15,africa,364.02,0.1687504346012099
1292,1915,1919,united_kingdom,allied_powers,700.97,571.89,2575.66,air,1272.86,0.4941878974709395
1293,1914,1919,ottoman_empire,central_powers,751.57,75.0,1689.59,western_front,826.57,0.4892133594540688
1294,1916,1918,russia,allied_powers,175.28,431.05,603.67,air,606.33,1.0044063809697352
1295,1915,1918,serbia,allied_powers,653.66,313.27,1953.3,italian_front,966.93,0.4950238058669943
1296,1914,1918,italy,allied_powers,388.37,62.9,2884.28,naval,451.27,0.1564584575700001
1297,1914,1919,germany,central_powers,851.58,224.51,907.31,middle_east,1076.09,1.186022417916699
1298,1915,1919,austria-hungary,central_powers,863.34,546.9,118.63,africa,1410.24,11.88771811514794
1299,1917,1919,russia,allied_powers,332.17,333.88,1527.86,middle_east,666.05,0.4359365386880997
1300,1915,1919,united_kingdom,allied_powers,618.46,34.99,2566.25,western_front,653.45,0.2546322454943984
1301,1916,1918,france,allied_powers,655.88,484.12,2427.55,middle_east,1140.0,0.4696092768429074
1302,1917,1919,serbia,allied_powers,217.75,55.31,2052.41,eastern_front,273.06,0.1330435926544891
1303,1916,1918,united_kingdom,allied_powers,860.63,550.92,1855.03,western_front,1411.55,0.7609310900632335
1304,1917,1918,belgium,allied_powers,802.75,6.9,595.24,air,809.65,1.3602076473355285
1305,1916,1919,serbia,allied_powers,831.97,147.01,1163.01,eastern_front,978.98,0.8417640433014334
1306,1916,1918,serbia,allied_powers,353.19,366.04,1070.09,naval,719.23,0.6721210365483278
1307,1914,1918,belgium,allied_powers,204.03,238.5,1458.17,middle_east,442.53,0.3034831329680352
1308,1917,1918,russia,allied_powers,542.17,89.16,758.42,italian_front,631.3299999999999,0.8324279423010996
1309,1914,1918,austria-hungary,central_powers,468.19,244.65,2254.08,middle_east,712.84,0.3162443214082908
1310,1916,1918,ottoman_empire,central_powers,869.69,446.38,1582.05,air,1316.0700000000002,0.8318763629468097
1311,1917,1918,united_kingdom,allied_powers,796.56,217.11,1223.6,western_front,1013.67,0.8284324942791762
1312,1914,1919,france,allied_powers,846.34,128.11,2860.72,italian_front,974.45,0.340631029950502
1313,1914,1919,serbia,allied_powers,437.36,508.54,1302.2,italian_front,945.9,0.726386115804024
1314,1916,1919,russia,allied_powers,806.83,3.47,1607.04,western_front,810.3000000000001,0.5042189366786142
1315,1915,1919,united_kingdom,allied_powers,211.14,224.89,2185.38,italian_front,436.03,0.1995213647054516
1316,1917,1918,serbia,allied_powers,637.08,482.07,893.01,western_front,1119.15,1.2532334464339707
1317,1916,1918,serbia,allied_powers,727.45,521.81,1987.48,naval,1249.26,0.6285648157465735
1318,1917,1918,belgium,allied_powers,521.77,382.25,1727.85,middle_east,904.02,0.5232051393350118
1319,1916,1918,germany,central_powers,98.41,503.59,2430.88,middle_east,602.0,0.2476469426709668
1320,1917,1919,serbia,allied_powers,891.03,284.05,1224.08,western_front,1175.08,0.9599699366054506
1321,1914,1919,austria-hungary,central_powers,848.79,434.78,1583.98,italian_front,1283.57,0.8103448275862069
1322,1916,1918,austria-hungary,central_powers,807.63,576.03,2667.48,italian_front,1383.66,0.5187142921408969
1323,1917,1919,ottoman_empire,central_powers,687.03,326.93,482.51,western_front,1013.96,2.1014279496797994
1324,1917,1919,france,allied_powers,14.42,289.42,1306.56,africa,303.84000000000003,0.2325495958853784
1325,1916,1919,russia,allied_powers,359.4,89.8,1783.45,eastern_front,449.2,0.2518713729008383
1326,1914,1918,russia,allied_powers,6.86,511.4,1331.03,italian_front,518.26,0.3893676325852911
1327,1914,1919,france,allied_powers,733.07,201.24,2910.0,balkans,934.31,0.3210687285223368
1328,1914,1919,serbia,allied_powers,772.2,193.17,1386.75,eastern_front,965.37,0.6961384532179556
1329,1917,1919,italy,allied_powers,574.12,162.44,2692.37,italian_front,736.56,0.2735730973083194
1330,1917,1918,germany,central_powers,686.91,247.28,433.58,western_front,934.19,2.1545966142349737
1331,1914,1919,united_kingdom,allied_powers,509.31,559.52,247.04,air,1068.83,4.326546308290156
1332,1916,1918,russia,allied_powers,209.67,562.38,2864.87,balkans,772.05,0.2694886678976707
1333,1915,1919,united_states,allied_powers,834.52,278.82,654.51,naval,1113.34,1.701028250141327
1334,1915,1918,russia,allied_powers,214.94,308.22,2025.42,naval,523.1600000000001,0.2582970445635967
1335,1916,1919,russia,allied_powers,67.83,400.89,925.35,eastern_front,468.72,0.5065326633165829
1336,1915,1919,ottoman_empire,central_powers,459.73,583.86,328.82,western_front,1043.59,3.1737424730855794
1337,1917,1918,ottoman_empire,central_powers,481.23,556.65,2719.88,middle_east,1037.88,0.3815903642807771
1338,1914,1918,united_states,allied_powers,483.08,109.84,1903.38,italian_front,592.92,0.3115089997793399
1339,1916,1919,ottoman_empire,central_powers,787.39,323.85,2636.1,air,1111.24,0.4215469822844354
1340,1916,1919,russia,allied_powers,675.49,575.88,117.61,western_front,1251.37,10.63999659892866
1341,1917,1919,united_states,allied_powers,362.99,562.95,746.05,eastern_front,925.94,1.24112324911199
1342,1915,1918,ottoman_empire,central_powers,130.12,395.52,554.27,africa,525.64,0.948346473740235
1343,1915,1918,united_kingdom,allied_powers,485.63,268.65,359.46,naval,754.28,2.0983697768875538
1344,1914,1918,italy,allied_powers,358.74,274.31,1802.8,eastern_front,633.05,0.3511482138895052
1345,1916,1918,belgium,allied_powers,857.83,76.56,2759.83,naval,934.39,0.3385679552726074
1346,1915,1919,germany,central_powers,794.36,202.96,2219.5,middle_east,997.32,0.4493444469475107
1347,1914,1919,belgium,allied_powers,412.64,486.25,2743.11,africa,898.89,0.3276901035685772
1348,1915,1919,united_states,allied_powers,485.8,583.28,600.95,air,1069.08,1.7789832764789082
1349,1914,1918,serbia,allied_powers,443.73,325.42,2578.22,air,769.1500000000001,0.2983259768367324
1350,1915,1918,united_states,allied_powers,711.68,319.52,2060.61,africa,1031.1999999999998,0.500434337404943
1351,1915,1919,united_kingdom,allied_powers,680.25,234.4,2196.68,western_front,914.65,0.416378352786933
1352,1914,1918,belgium,allied_powers,700.76,205.91,1154.86,italian_front,906.67,0.7850908335209463
1353,1917,1919,italy,allied_powers,265.45,383.16,1920.15,balkans,648.61,0.3377913183865844
1354,1916,1919,belgium,allied_powers,841.15,204.44,535.04,balkans,1045.59,1.954227721291866
1355,1916,1919,ottoman_empire,central_powers,871.8,103.53,2840.89,italian_front,975.33,0.3433184671000989
1356,1916,1918,belgium,allied_powers,332.94,15.88,1955.17,balkans,348.82,0.178409038600224
1357,1916,1918,austria-hungary,central_powers,202.56,116.9,1902.98,africa,319.46000000000004,0.1678735457020042
1358,1914,1918,germany,central_powers,180.03,499.9,1034.16,air,679.93,0.6574707975555039
1359,1914,1919,austria-hungary,central_powers,293.4,272.48,1013.97,balkans,565.88,0.5580835724922828
1360,1915,1919,united_states,allied_powers,88.54,479.38,1369.61,balkans,567.92,0.4146581873672067
1361,1916,1918,france,allied_powers,698.92,106.81,1179.65,eastern_front,805.73,0.6830246259483744
1362,1917,1918,united_kingdom,allied_powers,325.53,141.39,1567.05,italian_front,466.92,0.2979611371685651
1363,1915,1919,united_kingdom,allied_powers,777.77,350.35,1275.76,naval,1128.12,0.8842729039944817
1364,1916,1918,italy,allied_powers,304.22,444.61,2024.48,italian_front,748.83,0.3698875760689165
1365,1917,1919,germany,central_powers,116.88,574.82,2735.94,africa,691.7,0.2528198717808139
1366,1915,1918,germany,central_powers,335.88,138.13,1959.65,western_front,474.01,0.2418850304901385
1367,1914,1919,russia,allied_powers,292.25,288.58,1589.27,africa,580.8299999999999,0.3654696810485316
1368,1914,1919,belgium,allied_powers,555.6,231.8,1878.89,middle_east,787.4000000000001,0.4190772211252389
1369,1915,1919,austria-hungary,central_powers,135.58,4.32,1130.57,air,139.9,0.1237428907542213
1370,1915,1918,belgium,allied_powers,663.6,114.66,235.6,balkans,778.26,3.3033106960950764
1371,1914,1919,ottoman_empire,central_powers,797.05,311.99,1275.34,eastern_front,1109.04,0.8696033998776797
1372,1917,1919,united_states,allied_powers,467.29,52.71,1395.28,western_front,520.0,0.3726850524625881
1373,1916,1919,united_states,allied_powers,341.64,517.71,2829.31,africa,859.35,0.3037312984437902
1374,1917,1919,ottoman_empire,central_powers,494.89,109.4,1346.63,balkans,604.29,0.4487424162539078
1375,1917,1918,russia,allied_powers,590.2,579.99,2872.24,balkans,1170.19,0.4074137258724898
1376,1915,1918,france,allied_powers,719.66,394.52,1776.27,naval,1114.1799999999998,0.6272582433976815
1377,1915,1918,italy,allied_powers,710.63,513.49,1643.48,italian_front,1224.12,0.7448341324506534
1378,1917,1918,united_states,allied_powers,146.24,236.15,779.05,air,382.39,0.4908414094088955
1379,1916,1919,united_states,allied_powers,742.56,516.44,1344.45,eastern_front,1259.0,0.9364424113949942
1380,1914,1918,russia,allied_powers,422.19,316.44,1518.22,western_front,738.63,0.4865105188971295
1381,1916,1918,germany,central_powers,731.28,451.77,340.74,balkans,1183.05,3.472002113048072
1382,1914,1918,united_kingdom,allied_powers,685.14,293.62,2441.96,italian_front,978.76,0.4008091860636538
1383,1917,1919,belgium,allied_powers,167.01,382.64,1213.32,balkans,549.65,0.4530132199254937
1384,1916,1919,france,allied_powers,769.81,344.52,372.97,balkans,1114.33,2.9877201919725445
1385,1915,1918,germany,central_powers,151.56,556.15,2828.39,eastern_front,707.71,0.2502165542941391
1386,1915,1919,united_kingdom,allied_powers,741.1,547.04,1750.82,middle_east,1288.14,0.7357352554802892
1387,1917,1918,ottoman_empire,central_powers,570.33,439.19,390.9,eastern_front,1009.52,2.5825530826298286
1388,1917,1919,united_kingdom,allied_powers,545.65,447.74,313.25,air,993.39,3.1712370311252998
1389,1915,1918,serbia,allied_powers,402.4,433.94,2002.07,western_front,836.3399999999999,0.417737641541005
1390,1915,1918,ottoman_empire,central_powers,304.24,321.92,1997.99,middle_east,626.1600000000001,0.3133949619367465
1391,1914,1918,france,allied_powers,256.72,474.01,2064.97,middle_east,730.73,0.3538695477416137
1392,1914,1919,serbia,allied_powers,338.64,10.76,2478.55,italian_front,349.4,0.1409695184684593
1393,1917,1918,serbia,allied_powers,311.37,467.64,1771.2,western_front,779.01,0.439820460704607
1394,1914,1918,ottoman_empire,central_powers,495.18,324.01,1192.74,middle_east,819.19,0.6868135553431595
1395,1916,1918,germany,central_powers,837.24,253.76,1117.38,italian_front,1091.0,0.9763912008448332
1396,1917,1919,serbia,allied_powers,56.31,431.45,2893.78,western_front,487.76,0.1685546240557333
1397,1914,1919,germany,central_powers,478.41,567.12,365.77,balkans,1045.53,2.8584356289471526
1398,1914,1918,russia,allied_powers,113.1,369.87,2728.54,middle_east,482.97,0.1770067508630989
1399,1917,1919,serbia,allied_powers,334.43,354.28,2346.22,naval,688.71,0.2935402477176054
1400,1915,1918,france,allied_powers,753.26,151.03,1330.85,middle_east,904.29,0.6794830371567043
1401,1914,1918,united_kingdom,allied_powers,498.91,60.68,1225.98,western_front,559.59,0.4564430088582196
1402,1914,1918,united_states,allied_powers,134.17,18.77,2173.39,eastern_front,152.94,0.0703693308610051
1403,1915,1918,france,allied_powers,49.44,427.72,1029.81,naval,477.16,0.4633476078111497
1404,1916,1919,ottoman_empire,central_powers,103.67,118.33,101.42,middle_east,222.0,2.188917373299152
1405,1916,1919,serbia,allied_powers,447.06,123.13,1705.71,naval,570.19,0.3342830844633613
1406,1915,1919,austria-hungary,central_powers,800.78,262.37,489.29,italian_front,1063.15,2.172842281673445
1407,1915,1918,united_kingdom,allied_powers,881.86,242.09,1305.41,air,1123.95,0.8609938639967519
1408,1914,1918,united_states,allied_powers,437.6,280.68,2746.09,eastern_front,718.28,0.2615646246117206
1409,1916,1918,serbia,allied_powers,284.23,400.79,2137.8,eastern_front,685.02,0.3204322200392926
1410,1914,1919,serbia,allied_powers,890.74,383.51,1961.68,air,1274.25,0.6495707760694914
1411,1914,1919,france,allied_powers,817.36,573.29,487.9,naval,1390.65,2.850276696044272
1412,1917,1919,germany,central_powers,393.77,126.96,2082.21,balkans,520.73,0.2500852459646241
1413,1914,1919,austria-hungary,central_powers,795.2,508.95,2869.48,western_front,1304.15,0.4544900121276329
1414,1914,1919,france,allied_powers,50.38,95.44,2012.81,italian_front,145.82,0.0724459834758372
1415,1914,1918,germany,central_powers,76.07,266.95,116.12,africa,343.02,2.9540130899069923
1416,1916,1918,austria-hungary,central_powers,482.06,96.85,404.72,eastern_front,578.91,1.4303963233840675
1417,1915,1919,united_kingdom,allied_powers,156.14,487.22,815.53,africa,643.36,0.7888857552757104
1418,1917,1918,ottoman_empire,central_powers,77.53,357.61,319.94,italian_front,435.14,1.3600675126586237
1419,1916,1918,united_states,allied_powers,521.16,599.43,2794.13,naval,1120.59,0.401051490088149
1420,1916,1918,france,allied_powers,381.75,213.09,179.86,eastern_front,594.84,3.307238963638385
1421,1916,1918,italy,allied_powers,701.35,276.41,2403.7,africa,977.76,0.4067728917918209
1422,1914,1919,ottoman_empire,central_powers,224.54,159.27,1854.82,middle_east,383.81,0.2069257394248498
1423,1916,1918,united_kingdom,allied_powers,505.19,61.77,469.9,eastern_front,566.96,1.2065545860821452
1424,1917,1919,belgium,allied_powers,864.18,467.31,834.46,italian_front,1331.49,1.5956307072837523
1425,1915,1918,austria-hungary,central_powers,432.09,594.36,2271.04,naval,1026.45,0.4519735451599267
1426,1917,1918,austria-hungary,central_powers,193.79,497.9,1780.17,eastern_front,691.6899999999999,0.3885527786672059
1427,1915,1918,russia,allied_powers,428.12,244.88,51.25,naval,673.0,13.13170731707317
1428,1916,1918,united_kingdom,allied_powers,324.92,573.71,2263.91,naval,898.6300000000001,0.3969371573958329
1429,1914,1919,russia,allied_powers,246.97,472.72,1278.35,africa,719.69,0.5629835334611023
1430,1917,1918,serbia,allied_powers,516.34,328.2,173.4,italian_front,844.54,4.870472895040368
1431,1917,1918,france,allied_powers,244.51,310.42,2986.07,eastern_front,554.9300000000001,0.1858395817914516
1432,1917,1919,serbia,allied_powers,556.05,549.13,2111.7,middle_east,1105.1799999999998,0.5233603258038547
1433,1917,1919,france,allied_powers,306.92,157.1,974.99,naval,464.02,0.4759228299777433
1434,1915,1918,italy,allied_powers,627.59,229.2,2099.56,western_front,856.79,0.4080807407266284
1435,1914,1919,serbia,allied_powers,677.68,333.37,1214.91,western_front,1011.05,0.8322015622556402
1436,1915,1918,italy,allied_powers,51.17,291.56,195.0,middle_east,342.73,1.7575897435897436
1437,1915,1919,united_kingdom,allied_powers,828.54,599.18,2063.1,middle_east,1427.7199999999998,0.6920265619698511
1438,1917,1919,italy,allied_powers,236.66,9.11,2381.98,naval,245.77,0.1031788680005709
1439,1916,1919,belgium,allied_powers,514.52,469.62,960.14,air,984.14,1.0249963546982732
1440,1914,1919,italy,allied_powers,719.24,525.59,2360.67,italian_front,1244.83,0.5273206335489501
1441,1916,1918,italy,allied_powers,547.81,137.73,208.41,eastern_front,685.54,3.289381507605201
1442,1914,1918,germany,central_powers,385.94,528.87,2097.15,italian_front,914.81,0.4362158167036215
1443,1916,1918,france,allied_powers,160.01,425.63,344.75,naval,585.64,1.6987382160986222
1444,1917,1918,france,allied_powers,530.34,589.2,1469.54,western_front,1119.54,0.76183023258979
1445,1914,1918,united_kingdom,allied_powers,402.06,596.53,1255.22,africa,998.59,0.7955497841015917
1446,1917,1918,germany,central_powers,184.3,151.11,2219.48,italian_front,335.41,0.151120983293384
1447,1916,1919,belgium,allied_powers,876.36,381.52,1137.06,western_front,1257.88,1.106256486025364
1448,1915,1918,austria-hungary,central_powers,717.43,587.98,841.65,balkans,1305.41,1.551012891344383
1449,1916,1919,germany,central_powers,761.11,46.48,462.83,air,807.59,1.7448955339973642
1450,1916,1919,united_states,allied_powers,687.98,146.12,915.74,eastern_front,834.1,0.9108480573088432
1451,1915,1919,united_states,allied_powers,643.08,393.21,229.3,italian_front,1036.29,4.519363279546445
1452,1915,1918,russia,allied_powers,348.57,596.6,2937.64,middle_east,945.17,0.3217446657861413
1453,1915,1919,russia,allied_powers,11.62,514.77,2596.51,balkans,526.39,0.2027298181019907
1454,1917,1919,belgium,allied_powers,758.46,207.53,558.14,air,965.99,1.7307306410577992
1455,1916,1919,belgium,allied_powers,737.68,527.47,2080.88,naval,1265.15,0.6079879666295029
1456,1917,1918,russia,allied_powers,111.88,322.21,2883.02,western_front,434.09,0.150567807368662
1457,1917,1919,austria-hungary,central_powers,433.64,422.0,2520.66,italian_front,855.64,0.3394507787642919
1458,1915,1919,united_kingdom,allied_powers,775.8,591.9,1644.32,naval,1367.6999999999998,0.8317724043981706
1459,1915,1918,germany,central_powers,212.68,341.02,354.45,balkans,553.7,1.5621385244745385
1460,1917,1918,belgium,allied_powers,831.81,427.16,1693.29,balkans,1258.97,0.7435052471815224
1461,1914,1918,russia,allied_powers,800.18,10.26,2090.41,western_front,810.4399999999999,0.38769428006946
1462,1914,1918,ottoman_empire,central_powers,11.07,50.63,921.64,western_front,61.7,0.0669458790851091
1463,1916,1918,italy,allied_powers,577.4,51.49,1555.49,balkans,628.89,0.4043034670746838
1464,1915,1918,ottoman_empire,central_powers,285.44,405.93,338.09,africa,691.37,2.044928865095093
1465,1914,1919,united_kingdom,allied_powers,735.82,167.73,1021.8,naval,903.55,0.8842728518301038
1466,1914,1919,ottoman_empire,central_powers,875.23,401.23,1295.14,western_front,1276.46,0.985576848834875
1467,1917,1919,france,allied_powers,888.12,1.45,1368.71,middle_east,889.57,0.6499331487312872
1468,1916,1919,italy,allied_powers,684.43,258.22,1667.29,western_front,942.65,0.5653785484228898
1469,1917,1918,united_kingdom,allied_powers,211.44,260.35,1688.49,naval,471.79,0.2794153355957098
1470,1917,1918,italy,allied_powers,386.45,218.13,2539.48,africa,604.5799999999999,0.2380723612708113
1471,1915,1918,germany,central_powers,793.18,458.52,1107.59,western_front,1251.6999999999998,1.1301113227818955
1472,1915,1919,france,allied_powers,769.45,456.75,2942.18,western_front,1226.2,0.4167657995092075
1473,1917,1919,france,allied_powers,438.51,174.83,316.13,africa,613.34,1.9401512036187645
1474,1915,1918,austria-hungary,central_powers,548.09,355.54,2822.9,eastern_front,903.63,0.3201069821814446
1475,1915,1919,united_states,allied_powers,730.24,529.04,2744.57,africa,1259.28,0.4588259727388989
1476,1914,1919,united_states,allied_powers,287.75,467.81,422.94,middle_east,755.56,1.786447250200974
1477,1916,1919,united_kingdom,allied_powers,569.27,132.12,2127.17,western_front,701.39,0.3297291706821739
1478,1917,1918,austria-hungary,central_powers,892.7,302.11,2762.65,balkans,1194.81,0.4324869237869436
1479,1916,1918,united_states,allied_powers,587.1,547.49,1574.29,western_front,1134.59,0.7206994899287934
1480,1915,1918,france,allied_powers,847.5,325.58,2797.13,italian_front,1173.08,0.4193870145470535
1481,1914,1919,france,allied_powers,335.25,1.11,575.1,western_front,336.36,0.5848721961398018
1482,1914,1919,france,allied_powers,669.74,136.83,2459.97,italian_front,806.57,0.3278779822518161
1483,1915,1918,united_states,allied_powers,728.89,356.39,2057.43,western_front,1085.28,0.527493037430192
1484,1914,1919,russia,allied_powers,717.91,313.38,1268.95,africa,1031.29,0.8127112967414003
1485,1917,1919,austria-hungary,central_powers,689.63,248.35,2211.47,italian_front,937.98,0.424143216955238
1486,1915,1919,france,allied_powers,232.78,27.72,1087.8,eastern_front,260.5,0.2394741680455966
1487,1915,1918,russia,allied_powers,394.63,314.65,2649.86,air,709.28,0.2676669710852649
1488,1917,1918,belgium,allied_powers,35.99,257.85,621.58,naval,293.84000000000003,0.4727307828437209
1489,1916,1918,italy,allied_powers,344.98,588.85,2727.87,middle_east,933.83,0.3423293632027919
1490,1914,1919,united_states,allied_powers,834.38,422.96,1210.75,africa,1257.34,1.038480280817675
1491,1914,1919,russia,allied_powers,165.31,494.88,1802.5,naval,660.19,0.3662635228848821
1492,1914,1918,united_kingdom,allied_powers,92.44,140.53,2855.57,air,232.97,0.0815844122189265
1493,1917,1918,italy,allied_powers,634.04,267.39,1197.74,western_front,901.43,0.7526090804348189
1494,1917,1919,austria-hungary,central_powers,614.65,598.93,2684.26,balkans,1213.58,0.4521097062132579
1495,1916,1918,ottoman_empire,central_powers,71.97,67.04,683.07,western_front,139.01,0.2035076932086023
1496,1916,1919,united_states,allied_powers,40.4,500.93,344.68,africa,541.33,1.5705291864918185
1497,1917,1918,united_kingdom,allied_powers,600.12,497.63,192.03,africa,1097.75,5.716554704994011
1498,1915,1919,serbia,allied_powers,3.7,209.25,2816.18,western_front,212.95,0.0756166154152078
1499,1916,1918,serbia,allied_powers,859.92,594.3,1043.59,eastern_front,1454.2199999999998,1.393478281700668
1500,1916,1919,serbia,allied_powers,132.71,217.13,258.45,balkans,349.84000000000003,1.3536080479783326
1501,1914,1918,belgium,allied_powers,67.25,232.42,1345.74,naval,299.67,0.222680458335191
1502,1915,1919,russia,allied_powers,513.68,173.74,1764.11,middle_east,687.42,0.389669578427649
1503,1917,1919,germany,central_powers,295.95,131.17,1917.01,air,427.12,0.2228053061799364
1504,1917,1919,ottoman_empire,central_powers,258.0,275.9,801.57,middle_east,533.9,0.666067841860349
1505,1915,1918,italy,allied_powers,63.7,442.47,144.25,balkans,506.17,3.5089774696707106
1506,1914,1919,belgium,allied_powers,822.26,306.51,766.78,balkans,1128.77,1.4720910821878506
1507,1917,1919,serbia,allied_powers,254.15,407.16,2875.18,balkans,661.3100000000001,0.2300064691601917
1508,1917,1919,germany,central_powers,663.52,462.75,969.47,italian_front,1126.27,1.1617378567670995
1509,1915,1919,germany,central_powers,333.67,312.64,279.33,italian_front,646.31,2.313786560698815
1510,1915,1918,france,allied_powers,757.83,135.78,2268.21,air,893.61,0.3939714576692634
1511,1915,1918,italy,allied_powers,707.32,313.59,2734.09,italian_front,1020.91,0.3734002904074116
1512,1917,1918,russia,allied_powers,334.91,330.37,290.58,eastern_front,665.28,2.289489985546149
1513,1917,1919,ottoman_empire,central_powers,465.57,425.44,2263.72,italian_front,891.01,0.3936043326913223
1514,1915,1918,belgium,allied_powers,432.15,103.84,1551.74,naval,535.99,0.3454122468970317
1515,1914,1918,germany,central_powers,49.52,330.94,1864.37,italian_front,380.46,0.2040689348144413
1516,1915,1918,austria-hungary,central_powers,250.4,292.62,872.35,italian_front,543.02,0.6224795093712385
1517,1914,1918,serbia,allied_powers,639.78,420.81,2035.72,naval,1060.59,0.5209901165189711
1518,1915,1918,russia,allied_powers,118.4,263.62,1109.57,middle_east,382.02,0.3442955379110827
1519,1915,1918,ottoman_empire,central_powers,797.82,244.59,1217.83,italian_front,1042.41,0.8559569069574572
1520,1915,1919,italy,allied_powers,812.88,58.02,1634.94,air,870.9,0.5326800983522331
1521,1915,1918,united_states,allied_powers,340.93,365.07,2588.77,naval,706.0,0.2727163865465066
1522,1915,1918,russia,allied_powers,739.24,40.6,1191.94,western_front,779.84,0.654261120526201
1523,1915,1918,united_kingdom,allied_powers,51.23,243.81,2660.15,naval,295.04,0.1109110388511926
1524,1914,1919,germany,central_powers,513.72,482.61,1118.05,balkans,996.33,0.891131881400653
1525,1916,1919,ottoman_empire,central_powers,881.75,411.07,1833.74,western_front,1292.82,0.7050181596082323
1526,1916,1918,germany,central_powers,171.61,507.98,1186.75,middle_east,679.59,0.5726479882030756
1527,1915,1919,germany,central_powers,846.81,333.11,995.66,balkans,1179.92,1.1850631741759237
1528,1914,1919,germany,central_powers,652.2,544.51,2148.09,eastern_front,1196.71,0.5571042181659055
1529,1916,1918,russia,allied_powers,648.43,577.46,881.11,balkans,1225.89,1.391301880582447
1530,1914,1919,russia,allied_powers,854.36,569.64,152.47,balkans,1424.0,9.33954220502394
1531,1916,1919,italy,allied_powers,333.45,280.41,2196.9,naval,613.86,0.2794210023214529
1532,1917,1919,russia,allied_powers,870.38,262.23,1714.74,middle_east,1132.61,0.6605141304221048
1533,1917,1918,austria-hungary,central_powers,72.09,206.28,1141.32,naval,278.37,0.2439017979182
1534,1916,1918,ottoman_empire,central_powers,129.19,472.02,1145.09,africa,601.21,0.5250329668410344
1535,1917,1918,united_kingdom,allied_powers,783.23,166.07,756.81,eastern_front,949.3,1.2543438908048254
1536,1917,1918,austria-hungary,central_powers,525.59,149.06,2696.92,middle_east,674.6500000000001,0.2501557332067692
1537,1916,1919,united_states,allied_powers,371.97,394.84,1400.8,balkans,766.81,0.5474086236436322
1538,1914,1919,germany,central_powers,72.38,438.07,1367.57,africa,510.45,0.3732532886799213
1539,1915,1919,ottoman_empire,central_powers,717.96,156.23,2540.22,middle_east,874.19,0.3441394839817024
1540,1915,1918,italy,allied_powers,201.09,267.1,1386.25,western_front,468.19000000000005,0.3377385031559964
1541,1916,1919,united_states,allied_powers,101.22,546.66,1954.83,balkans,647.88,0.3314252390233422
1542,1917,1918,italy,allied_powers,592.8,27.86,124.69,western_front,620.66,4.977624508781779
1543,1915,1918,germany,central_powers,417.34,508.09,624.86,eastern_front,925.43,1.4810197484236467
1544,1915,1918,belgium,allied_powers,445.45,99.1,153.49,balkans,544.55,3.547788129519838
1545,1916,1919,germany,central_powers,541.24,112.3,2192.45,italian_front,653.54,0.2980866154302264
1546,1916,1919,germany,central_powers,136.55,416.09,2453.31,balkans,552.64,0.2252630120123425
1547,1915,1918,united_states,allied_powers,703.89,135.69,718.58,middle_east,839.5799999999999,1.1683876534275932
1548,1914,1919,united_kingdom,allied_powers,878.53,27.81,602.94,naval,906.34,1.503200981855574
1549,1915,1918,france,allied_powers,442.76,94.0,344.34,naval,536.76,1.5588081547307897
1550,1915,1918,austria-hungary,central_powers,773.72,467.72,1461.51,air,1241.44,0.8494228571819556
1551,1915,1918,germany,central_powers,857.1,551.83,1549.66,balkans,1408.93,0.9091865312391104
1552,1915,1919,germany,central_powers,365.12,226.53,2472.11,italian_front,591.65,0.2393299650905501
1553,1914,1919,russia,allied_powers,769.72,69.29,213.49,balkans,839.01,3.929973300857183
1554,1915,1918,russia,allied_powers,854.85,463.42,1976.94,air,1318.27,0.6668234746628627
1555,1914,1918,ottoman_empire,central_powers,458.34,172.45,1227.92,naval,630.79,0.5137061046322235
1556,1917,1918,united_states,allied_powers,326.02,151.23,264.53,africa,477.25,1.8041431973689184
1557,1917,1919,serbia,allied_powers,297.62,163.34,1730.25,eastern_front,460.96,0.2664123681548909
1558,1915,1919,italy,allied_powers,55.12,482.16,2443.05,air,537.28,0.2199218190376783
1559,1915,1918,france,allied_powers,656.34,54.34,957.07,eastern_front,710.6800000000001,0.7425580156101435
1560,1917,1919,ottoman_empire,central_powers,510.19,314.17,686.08,air,824.36,1.2015508395522387
1561,1915,1918,united_states,allied_powers,607.78,17.48,2879.47,italian_front,625.26,0.2171441272178561
1562,1917,1919,russia,allied_powers,810.2,419.12,960.86,africa,1229.3200000000002,1.2793955414940783
1563,1917,1919,united_kingdom,allied_powers,605.23,471.49,1928.96,middle_east,1076.72,0.558186794956868
1564,1914,1918,italy,allied_powers,697.36,292.03,1165.5,eastern_front,989.39,0.8488974688974689
1565,1916,1919,united_kingdom,allied_powers,379.36,336.98,1217.15,western_front,716.34,0.5885387996549316
1566,1917,1919,serbia,allied_powers,534.18,554.05,2660.2,naval,1088.23,0.4090782647921209
1567,1917,1919,austria-hungary,central_powers,30.69,244.32,1091.36,naval,275.01,0.2519883448174754
1568,1917,1919,united_states,allied_powers,72.09,529.7,1718.03,naval,601.7900000000001,0.3502790987351793
1569,1917,1918,united_kingdom,allied_powers,534.61,431.55,578.78,africa,966.16,1.6693043989080485
1570,1915,1919,ottoman_empire,central_powers,212.06,47.48,976.34,naval,259.54,0.2658295265993404
1571,1916,1919,ottoman_empire,central_powers,223.96,583.44,2273.47,africa,807.4000000000001,0.3551399402675206
1572,1916,1918,ottoman_empire,central_powers,835.27,353.66,2271.3,middle_east,1188.93,0.5234579315810328
1573,1917,1919,ottoman_empire,central_powers,16.44,455.56,2518.48,balkans,472.0,0.1874146310472983
1574,1914,1919,serbia,allied_powers,651.47,131.51,1748.08,naval,782.98,0.4479085625371837
1575,1916,1918,france,allied_powers,897.94,456.27,1364.35,balkans,1354.21,0.9925678894711768
1576,1917,1918,austria-hungary,central_powers,313.63,172.6,2143.78,air,486.23,0.2268096539756877
1577,1915,1918,united_kingdom,allied_powers,272.29,340.23,2552.36,western_front,612.52,0.2399818207462896
1578,1915,1918,italy,allied_powers,123.59,69.32,2214.82,western_front,192.91,0.0870996288637451
1579,1916,1919,serbia,allied_powers,565.58,503.83,2893.33,balkans,1069.41,0.3696121769725541
1580,1915,1918,belgium,allied_powers,171.05,417.61,1219.82,middle_east,588.6600000000001,0.4825793969602073
1581,1916,1918,germany,central_powers,746.1,94.96,2028.71,balkans,841.0600000000001,0.4145787224393827
1582,1915,1919,germany,central_powers,366.51,393.79,105.21,air,760.3,7.226499382188005
1583,1917,1919,belgium,allied_powers,639.97,538.36,1728.79,western_front,1178.33,0.681592327581719
1584,1914,1918,united_states,allied_powers,58.91,158.47,2980.96,eastern_front,217.38,0.0729228168106918
1585,1914,1918,united_kingdom,allied_powers,146.63,335.67,2835.74,balkans,482.3,0.1700790622553548
1586,1917,1919,russia,allied_powers,468.76,92.41,2389.96,italian_front,561.17,0.2348030929387939
1587,1916,1919,russia,allied_powers,207.52,132.07,798.23,eastern_front,339.59000000000003,0.425428761134009
1588,1914,1919,united_kingdom,allied_powers,770.46,85.63,1461.24,air,856.09,0.5858654293613643
1589,1916,1918,austria-hungary,central_powers,190.34,47.41,2715.36,western_front,237.75,0.0875574509457309
1590,1916,1919,united_kingdom,allied_powers,244.5,550.78,2387.59,italian_front,795.28,0.3330890144455287
1591,1917,1918,united_states,allied_powers,861.89,397.32,440.59,western_front,1259.21,2.8580085794048893
1592,1917,1919,united_states,allied_powers,289.68,156.64,362.32,air,446.32,1.231839258114374
1593,1917,1919,germany,central_powers,566.4,204.02,2623.02,balkans,770.42,0.2937148782700856
1594,1914,1919,belgium,allied_powers,641.64,548.96,2187.89,naval,1190.6,0.5441772666815974
1595,1915,1919,france,allied_powers,77.0,587.61,401.72,eastern_front,664.61,1.654411032559992
1596,1916,1919,united_states,allied_powers,776.8,291.1,2096.08,western_front,1067.9,0.5094748292049922
1597,1914,1919,serbia,allied_powers,661.96,538.49,372.71,africa,1200.45,3.220868771967482
1598,1917,1919,russia,allied_powers,409.51,98.55,1114.11,middle_east,508.06,0.4560231934010107
1599,1917,1918,austria-hungary,central_powers,791.28,229.81,2876.44,naval,1021.09,0.3549839384795094
1600,1915,1918,austria-hungary,central_powers,789.61,500.19,948.96,middle_east,1289.8,1.359172146349688
1601,1916,1918,united_kingdom,allied_powers,10.28,224.83,2065.19,middle_east,235.11,0.1138442467763256
1602,1916,1918,austria-hungary,central_powers,632.09,109.4,1310.06,air,741.49,0.5659969772376838
1603,1916,1919,germany,central_powers,829.23,284.76,2394.63,balkans,1113.99,0.4652033925909222
1604,1914,1919,italy,allied_powers,76.26,485.81,444.77,eastern_front,562.07,1.2637318164444546
1605,1915,1919,italy,allied_powers,197.31,91.41,987.35,eastern_front,288.72,0.2924191016356915
1606,1915,1919,germany,central_powers,650.73,398.62,2864.17,italian_front,1049.35,0.3663714095182897
1607,1916,1919,france,allied_powers,185.08,64.63,1981.37,western_front,249.71,0.1260289597601659
1608,1915,1918,germany,central_powers,85.83,497.39,2357.23,eastern_front,583.22,0.2474175197159377
1609,1914,1919,belgium,allied_powers,482.67,594.86,928.97,italian_front,1077.53,1.15991905013079
1610,1914,1919,ottoman_empire,central_powers,889.95,450.17,2519.66,middle_east,1340.12,0.531865410412516
1611,1915,1919,russia,allied_powers,469.18,465.68,2881.3,air,934.86,0.3244577100614306
1612,1916,1918,russia,allied_powers,593.0,67.52,465.68,naval,660.52,1.4183989005325546
1613,1915,1918,france,allied_powers,256.61,367.23,1619.1,western_front,623.84,0.3853004755728491
1614,1914,1918,germany,central_powers,529.73,356.64,1858.25,air,886.37,0.4769917933539621
1615,1915,1918,united_kingdom,allied_powers,787.79,253.64,111.76,eastern_front,1041.4299999999998,9.318450250536864
1616,1916,1918,russia,allied_powers,357.03,523.84,61.35,italian_front,880.87,14.358109209453952
1617,1916,1918,italy,allied_powers,620.51,554.98,2535.23,balkans,1175.49,0.4636620740524528
1618,1914,1918,belgium,allied_powers,148.45,274.7,1336.64,air,423.15,0.3165773880775676
1619,1915,1919,united_states,allied_powers,810.22,50.44,1041.86,balkans,860.6600000000001,0.826080279500125
1620,1917,1918,france,allied_powers,391.21,183.17,2342.07,naval,574.38,0.2452445913230603
1621,1915,1918,france,allied_powers,764.38,438.79,710.23,balkans,1203.17,1.6940568548216774
1622,1914,1919,ottoman_empire,central_powers,444.21,57.44,178.17,africa,501.65,2.815569400011225
1623,1914,1919,serbia,allied_powers,420.91,267.03,1258.77,balkans,687.94,0.5465176322918405
1624,1916,1919,italy,allied_powers,161.2,405.5,2972.49,balkans,566.7,0.1906482444011586
1625,1917,1919,serbia,allied_powers,125.39,269.21,958.74,italian_front,394.6,0.4115818678682437
1626,1916,1919,ottoman_empire,central_powers,687.83,443.04,2665.45,balkans,1130.87,0.4242698231067925
1627,1916,1919,ottoman_empire,central_powers,889.63,183.06,2305.19,italian_front,1072.69,0.4653369136600453
1628,1914,1918,united_states,allied_powers,503.68,411.51,2559.29,air,915.19,0.3575952705633203
1629,1915,1919,united_states,allied_powers,260.79,275.27,2833.99,eastern_front,536.06,0.1891538078821731
1630,1914,1919,austria-hungary,central_powers,285.12,475.5,541.66,middle_east,760.62,1.404238821400879
1631,1915,1918,ottoman_empire,central_powers,865.1,23.93,1230.63,western_front,889.03,0.722418598603967
1632,1915,1919,belgium,allied_powers,693.39,0.83,2637.92,middle_east,694.22,0.2631694668526718
1633,1914,1919,belgium,allied_powers,214.03,357.21,1447.49,air,571.24,0.3946417591831377
1634,1915,1918,italy,allied_powers,43.47,128.11,2054.99,italian_front,171.58,0.0834943235733507
1635,1916,1918,ottoman_empire,central_powers,88.29,157.01,1717.73,western_front,245.3,0.1428047481268884
1636,1916,1919,belgium,allied_powers,822.67,547.4,1978.2,air,1370.07,0.6925841674249317
1637,1914,1918,ottoman_empire,central_powers,799.81,74.16,731.23,eastern_front,873.9699999999999,1.1952053389494413
1638,1914,1919,italy,allied_powers,503.2,557.51,2464.58,air,1060.71,0.4303816471772066
1639,1917,1918,italy,allied_powers,550.54,261.99,1459.18,italian_front,812.53,0.5568401430940665
1640,1915,1918,italy,allied_powers,194.69,381.3,1996.72,eastern_front,575.99,0.2884680876637686
1641,1916,1919,belgium,allied_powers,616.58,195.75,1812.0,naval,812.33,0.4483057395143488
1642,1914,1918,united_kingdom,allied_powers,747.56,581.68,898.04,balkans,1329.2399999999998,1.4801567858892697
1643,1914,1918,germany,central_powers,851.91,558.35,250.57,balkans,1410.26,5.628207686474838
1644,1915,1919,ottoman_empire,central_powers,482.93,327.57,776.82,air,810.5,1.0433562472644884
1645,1916,1919,serbia,allied_powers,154.11,505.1,462.83,italian_front,659.21,1.4243026597238728
1646,1916,1919,united_states,allied_powers,50.21,549.78,1610.82,africa,599.99,0.3724748885660719
1647,1914,1919,austria-hungary,central_powers,424.98,458.93,1933.95,air,883.9100000000001,0.4570490447012591
1648,1916,1918,italy,allied_powers,270.95,483.56,1734.67,air,754.51,0.4349588106095107
1649,1915,1918,united_states,allied_powers,481.35,133.74,418.19,africa,615.09,1.470838614027117
1650,1914,1918,ottoman_empire,central_powers,462.17,303.86,2674.39,balkans,766.03,0.2864316722691903
1651,1915,1919,united_kingdom,allied_powers,744.66,261.16,982.11,air,1005.82,1.0241418985653337
1652,1917,1919,russia,allied_powers,656.32,289.84,2427.04,naval,946.16,0.3898411233436614
1653,1914,1919,russia,allied_powers,252.02,229.22,308.49,naval,481.24,1.5599857369768877
1654,1915,1919,russia,allied_powers,732.46,82.36,1833.57,eastern_front,814.82,0.4443899060303125
1655,1917,1919,serbia,allied_powers,518.03,474.28,2084.01,africa,992.31,0.4761541451336605
1656,1916,1919,belgium,allied_powers,749.56,410.41,1054.12,balkans,1159.97,1.100415512465374
1657,1917,1919,austria-hungary,central_powers,249.96,562.76,2340.61,middle_east,812.72,0.3472257232089071
1658,1917,1919,belgium,allied_powers,741.67,533.95,1019.35,air,1275.62,1.2514053073036735
1659,1915,1918,germany,central_powers,397.56,350.49,2206.83,western_front,748.05,0.3389703783254714
1660,1916,1918,united_states,allied_powers,833.68,450.49,1610.91,air,1284.17,0.7971705433574812
1661,1916,1918,germany,central_powers,895.43,589.23,359.19,naval,1484.66,4.133355605668309
1662,1915,1919,france,allied_powers,221.94,591.65,1500.47,naval,813.5899999999999,0.5422234366565142
1663,1914,1918,united_states,allied_powers,519.81,222.56,486.03,italian_front,742.3699999999999,1.527416003127379
1664,1915,1919,belgium,allied_powers,676.02,452.85,1420.8,eastern_front,1128.87,0.7945312499999999
1665,1917,1918,serbia,allied_powers,708.75,48.35,783.43,eastern_front,757.1,0.9663913814890928
1666,1917,1919,italy,allied_powers,219.77,256.24,1743.2,italian_front,476.01,0.2730667737494263
1667,1914,1918,italy,allied_powers,791.51,179.95,2158.17,western_front,971.46,0.4501313612922059
1668,1917,1918,germany,central_powers,71.9,414.28,1553.49,naval,486.18,0.3129598516887781
1669,1915,1919,united_kingdom,allied_powers,490.55,585.27,2930.89,balkans,1075.82,0.3670625646134792
1670,1916,1919,italy,allied_powers,738.55,144.03,1487.66,balkans,882.5799999999999,0.5932672788137073
1671,1914,1918,russia,allied_powers,860.91,368.26,1997.07,naval,1229.17,0.6154866879979171
1672,1915,1919,belgium,allied_powers,380.22,459.54,1165.72,western_front,839.76,0.7203788216724427
1673,1915,1918,austria-hungary,central_powers,735.48,409.93,275.8,naval,1145.41,4.153045685279188
1674,1916,1918,ottoman_empire,central_powers,39.53,224.3,417.1,africa,263.83000000000004,0.6325341644689524
1675,1915,1919,austria-hungary,central_powers,438.46,125.51,446.25,balkans,563.97,1.2637983193277311
1676,1916,1919,belgium,allied_powers,207.7,190.53,673.67,air,398.23,0.5911351255065537
1677,1914,1919,austria-hungary,central_powers,564.4,415.39,60.6,air,979.79,16.168151815181517
1678,1916,1919,italy,allied_powers,770.26,142.66,2502.73,middle_east,912.92,0.3647696715187015
1679,1915,1919,austria-hungary,central_powers,20.12,580.72,2427.83,eastern_front,600.84,0.2474802601500105
1680,1917,1919,austria-hungary,central_powers,531.99,456.12,2708.38,western_front,988.11,0.3648343290084848
1681,1917,1919,russia,allied_powers,364.83,456.71,1376.05,africa,821.54,0.5970277242832746
1682,1914,1918,russia,allied_powers,743.49,524.07,2909.51,eastern_front,1267.56,0.4356609875889754
1683,1915,1919,united_kingdom,allied_powers,61.97,508.51,2593.95,middle_east,570.48,0.2199271381483837
1684,1916,1919,united_kingdom,allied_powers,682.41,40.24,216.96,air,722.65,3.330798303834808
1685,1916,1918,austria-hungary,central_powers,898.05,144.5,1674.97,balkans,1042.55,0.6224290584308972
1686,1916,1918,austria-hungary,central_powers,856.95,17.38,2204.06,italian_front,874.33,0.3966906527045543
1687,1917,1919,germany,central_powers,336.5,595.12,2533.85,naval,931.62,0.3676697515638258
1688,1916,1918,france,allied_powers,480.68,373.3,154.57,italian_front,853.98,5.524875460956202
1689,1914,1919,united_states,allied_powers,135.23,239.91,2098.65,balkans,375.14,0.1787530078860219
1690,1914,1918,ottoman_empire,central_powers,649.58,42.51,1113.15,africa,692.09,0.6217401069038314
1691,1914,1919,serbia,allied_powers,27.99,57.92,768.02,air,85.91,0.1118590661701518
1692,1917,1918,russia,allied_powers,589.26,103.41,325.9,air,692.67,2.125406566431421
1693,1914,1919,united_states,allied_powers,167.89,15.46,2479.7,eastern_front,183.35,0.073940396015647
1694,1914,1919,belgium,allied_powers,427.09,4.27,807.66,eastern_front,431.36,0.5340861253497758
1695,1915,1919,germany,central_powers,130.66,388.94,95.42,middle_east,519.6,5.44539928736114
1696,1916,1918,serbia,allied_powers,275.28,494.06,2403.62,italian_front,769.3399999999999,0.3200755527079987
1697,1914,1918,italy,allied_powers,85.84,553.81,1437.46,italian_front,639.65,0.4449862952708249
1698,1916,1918,italy,allied_powers,526.33,210.78,1177.68,italian_front,737.11,0.6259000747231845
1699,1914,1919,ottoman_empire,central_powers,792.88,596.02,2124.2,eastern_front,1388.9,0.653846153846154
1700,1917,1919,russia,allied_powers,342.05,35.74,78.53,naval,377.79,4.810772953011588
1701,1916,1918,belgium,allied_powers,879.07,66.17,145.96,balkans,945.24,6.476020827624006
1702,1915,1918,united_kingdom,allied_powers,363.89,442.32,2304.07,naval,806.21,0.3499069038701081
1703,1915,1918,austria-hungary,central_powers,242.84,262.51,1374.69,africa,505.35,0.3676101521070204
1704,1915,1919,ottoman_empire,central_powers,134.08,513.48,546.11,africa,647.5600000000001,1.1857684349306916
1705,1917,1918,italy,allied_powers,790.91,456.94,55.84,western_front,1247.85,22.346883954154723
1706,1917,1918,united_states,allied_powers,534.78,367.51,59.91,middle_east,902.29,15.060757803371724
1707,1914,1918,ottoman_empire,central_powers,21.81,572.99,2558.66,middle_east,594.8,0.232465431124104
1708,1915,1918,russia,allied_powers,668.21,349.39,1619.2,italian_front,1017.6,0.6284584980237155
1709,1914,1919,austria-hungary,central_powers,890.1,570.6,2831.27,western_front,1460.7,0.5159168853553353
1710,1917,1918,united_kingdom,allied_powers,734.53,583.48,1569.4,western_front,1318.01,0.8398177647508601
1711,1914,1918,france,allied_powers,794.26,191.35,2003.35,air,985.61,0.4919809319390022
1712,1916,1918,united_kingdom,allied_powers,572.69,483.05,2010.96,middle_east,1055.74,0.5249930381509329
1713,1915,1919,united_kingdom,allied_powers,290.16,566.1,1841.27,naval,856.26,0.4650377185312311
1714,1916,1919,germany,central_powers,86.85,330.55,837.64,naval,417.4,0.4983047609951769
1715,1914,1918,belgium,allied_powers,537.22,460.35,2906.03,italian_front,997.57,0.3432758780879756
1716,1916,1918,italy,allied_powers,421.34,473.91,1107.61,air,895.25,0.808271864645498
1717,1915,1919,united_kingdom,allied_powers,79.38,372.04,2977.85,air,451.42,0.1515925919707171
1718,1916,1918,france,allied_powers,707.89,584.74,1070.56,eastern_front,1292.63,1.2074334927514574
1719,1917,1918,united_states,allied_powers,156.43,33.7,1308.09,western_front,190.13,0.1453493261167045
1720,1915,1918,united_kingdom,allied_powers,651.34,447.51,568.55,air,1098.85,1.9327235951103685
1721,1917,1918,germany,central_powers,589.72,159.06,1620.44,africa,748.78,0.4620843721458369
1722,1917,1919,austria-hungary,central_powers,344.27,28.08,2632.19,africa,372.35,0.1414601529524844
1723,1915,1919,france,allied_powers,80.21,142.34,1129.56,naval,222.55,0.1970236198165657
1724,1915,1919,belgium,allied_powers,75.68,599.5,1627.54,balkans,675.1800000000001,0.4148469469260357
1725,1915,1919,united_states,allied_powers,458.94,508.46,2125.6,italian_front,967.4,0.4551185547610086
1726,1917,1918,france,allied_powers,791.51,530.38,1255.87,italian_front,1321.89,1.0525691353404414
1727,1916,1919,france,allied_powers,520.78,383.65,1116.74,air,904.43,0.8098841270125543
1728,1916,1919,germany,central_powers,282.57,163.49,667.95,middle_east,446.06,0.6678044763829628
1729,1917,1918,france,allied_powers,711.78,259.98,795.69,eastern_front,971.76,1.2212796440824945
1730,1915,1918,austria-hungary,central_powers,690.01,61.09,2145.26,naval,751.1,0.3501207312866505
1731,1914,1918,united_kingdom,allied_powers,210.92,135.6,2047.65,air,346.52,0.1692281395746343
1732,1915,1918,belgium,allied_powers,893.77,243.39,2605.21,middle_east,1137.16,0.4364945628183524
1733,1914,1918,germany,central_powers,280.59,394.08,872.95,italian_front,674.67,0.7728621341428489
1734,1914,1919,serbia,allied_powers,382.07,494.37,757.17,western_front,876.44,1.157520768123407
1735,1917,1918,germany,central_powers,899.55,121.39,1804.29,western_front,1020.94,0.5658403028338016
1736,1914,1918,united_kingdom,allied_powers,189.66,551.43,1450.79,eastern_front,741.0899999999999,0.5108182438533488
1737,1917,1918,united_kingdom,allied_powers,796.28,454.72,2658.11,air,1251.0,0.4706351505392929
1738,1914,1919,united_states,allied_powers,296.46,219.11,77.81,eastern_front,515.5699999999999,6.626012080709419
1739,1916,1918,france,allied_powers,425.82,100.3,1609.03,africa,526.12,0.3269796088326507
1740,1917,1918,russia,allied_powers,101.64,249.59,1308.92,air,351.23,0.2683357271643798
1741,1917,1918,serbia,allied_powers,570.74,230.83,1469.31,italian_front,801.57,0.545541784919452
1742,1916,1918,ottoman_empire,central_powers,777.1,539.85,70.57,western_front,1316.95,18.66161258325068
1743,1916,1919,united_kingdom,allied_powers,586.55,401.64,914.82,air,988.19,1.080201569707702
1744,1915,1918,ottoman_empire,central_powers,602.33,229.76,1089.61,naval,832.09,0.7636585567313077
1745,1917,1918,italy,allied_powers,393.8,414.21,775.43,naval,808.01,1.0420153979082574
1746,1914,1918,germany,central_powers,66.36,288.47,78.46,naval,354.83000000000004,4.522431812388479
1747,1916,1918,france,allied_powers,484.84,133.67,454.01,middle_east,618.51,1.3623268209951322
1748,1915,1918,france,allied_powers,541.02,485.79,2451.44,western_front,1026.81,0.4188599353849166
1749,1914,1919,united_states,allied_powers,687.52,428.73,2968.03,eastern_front,1116.25,0.376091212016051
1750,1915,1918,austria-hungary,central_powers,82.55,2.38,100.37,africa,84.92999999999999,0.8461691740559927
1751,1916,1918,france,allied_powers,425.74,331.31,996.81,air,757.05,0.7594727179703253
1752,1914,1919,france,allied_powers,211.55,223.58,1710.22,air,435.13,0.2544292547157675
1753,1916,1918,serbia,allied_powers,145.54,440.74,105.64,naval,586.28,5.549791745550928
1754,1916,1919,united_states,allied_powers,33.97,39.26,350.15,naval,73.22999999999999,0.2091389404540911
1755,1917,1918,austria-hungary,central_powers,478.87,384.91,728.15,africa,863.78,1.186266565954817
1756,1916,1919,germany,central_powers,267.56,44.2,940.06,balkans,311.76,0.3316384060591877
1757,1917,1918,italy,allied_powers,693.75,236.96,1607.83,italian_front,930.71,0.5788609492297072
1758,1916,1918,ottoman_empire,central_powers,123.36,267.47,2682.49,air,390.83,0.1456967220753852
1759,1915,1919,united_states,allied_powers,622.77,215.2,419.87,balkans,837.97,1.995784409460071
1760,1917,1918,austria-hungary,central_powers,826.75,314.23,1210.48,naval,1140.98,0.9425847597647214
1761,1916,1919,united_kingdom,allied_powers,709.6,412.54,2833.59,balkans,1122.14,0.3960135375971824
1762,1917,1918,ottoman_empire,central_powers,699.08,188.91,2061.34,africa,887.99,0.430782888800489
1763,1917,1919,italy,allied_powers,143.75,510.4,1780.75,air,654.15,0.367345219710796
1764,1916,1918,russia,allied_powers,674.87,78.58,2199.5,italian_front,753.45,0.3425551261650375
1765,1915,1918,france,allied_powers,752.49,498.16,1971.18,air,1250.65,0.6344676792581094
1766,1917,1918,united_kingdom,allied_powers,142.7,529.88,1147.25,naval,672.5799999999999,0.5862540858574852
1767,1917,1918,germany,central_powers,752.16,573.23,73.2,western_front,1325.39,18.10642076502732
1768,1915,1919,austria-hungary,central_powers,611.07,161.55,2495.03,western_front,772.6200000000001,0.3096636112591833
1769,1914,1919,russia,allied_powers,360.66,116.81,2666.93,air,477.47,0.1790335704349195
1770,1914,1919,germany,central_powers,751.78,110.53,2754.62,balkans,862.31,0.3130413632370345
1771,1914,1919,united_states,allied_powers,881.02,549.57,65.72,italian_front,1430.59,21.767954960438225
1772,1917,1919,germany,central_powers,554.59,367.84,2960.59,middle_east,922.43,0.3115696533461236
1773,1915,1918,germany,central_powers,162.98,516.78,522.19,italian_front,679.76,1.3017484057526951
1774,1915,1919,serbia,allied_powers,54.49,498.35,2169.65,western_front,552.84,0.2548060747125112
1775,1915,1919,italy,allied_powers,529.71,159.23,2259.31,italian_front,688.94,0.3049338072243295
1776,1914,1919,ottoman_empire,central_powers,894.35,452.25,2547.14,middle_east,1346.6,0.5286713725982867
1777,1914,1918,germany,central_powers,694.71,542.52,2341.06,italian_front,1237.23,0.5284913671584667
1778,1916,1919,germany,central_powers,314.3,115.86,658.56,western_front,430.16,0.6531827016520895
1779,1914,1918,italy,allied_powers,768.3,36.1,1873.67,italian_front,804.4,0.4293178628040156
1780,1914,1918,russia,allied_powers,175.08,465.57,618.61,naval,640.65,1.03562826336464
1781,1917,1918,united_kingdom,allied_powers,24.96,338.82,2234.24,naval,363.78,0.1628204669149241
1782,1916,1919,serbia,allied_powers,400.45,200.34,1815.41,eastern_front,600.79,0.330939016530701
1783,1915,1918,russia,allied_powers,361.94,45.61,1406.37,eastern_front,407.55,0.2897886047057318
1784,1914,1918,serbia,allied_powers,577.18,340.03,2709.98,naval,917.21,0.3384563723717518
1785,1915,1918,france,allied_powers,90.79,223.74,2181.51,naval,314.53000000000003,0.1441799487510944
1786,1917,1919,austria-hungary,central_powers,93.49,543.47,2118.6,italian_front,636.96,0.3006513735485698
1787,1915,1918,belgium,allied_powers,284.55,82.89,230.2,western_front,367.44,1.5961772371850564
1788,1915,1919,italy,allied_powers,244.54,432.02,461.74,africa,676.56,1.4652401784554077
1789,1914,1919,germany,central_powers,420.06,584.31,1154.37,air,1004.37,0.8700589932170795
1790,1915,1919,serbia,allied_powers,662.62,581.49,942.41,africa,1244.11,1.3201366708757336
1791,1917,1919,russia,allied_powers,682.04,353.55,2959.22,naval,1035.59,0.349953704016599
1792,1914,1918,belgium,allied_powers,864.07,165.32,2656.09,africa,1029.39,0.3875584035179531
1793,1916,1918,ottoman_empire,central_powers,122.34,473.23,103.07,italian_front,595.57,5.778306005627244
1794,1915,1918,russia,allied_powers,663.67,48.55,1777.53,africa,712.2199999999999,0.4006795947185138
1795,1915,1919,belgium,allied_powers,318.05,477.59,2804.79,western_front,795.64,0.2836718613514737
1796,1917,1918,serbia,allied_powers,792.85,387.85,317.39,naval,1180.7,3.720028986420493
1797,1914,1919,united_kingdom,allied_powers,632.25,250.79,552.21,italian_front,883.04,1.5991017909853134
1798,1917,1918,united_kingdom,allied_powers,325.81,116.93,246.92,middle_east,442.74,1.793050380690102
1799,1915,1918,serbia,allied_powers,221.8,457.93,1639.29,western_front,679.73,0.4146490248827236
1800,1917,1918,ottoman_empire,central_powers,625.65,252.21,112.74,eastern_front,877.86,7.786588610963279
1801,1914,1919,ottoman_empire,central_powers,831.2,449.14,2501.31,naval,1280.34,0.511867781282608
1802,1915,1919,belgium,allied_powers,10.28,343.68,723.39,middle_east,353.96,0.4893072892907007
1803,1914,1919,russia,allied_powers,185.82,520.47,634.77,naval,706.29,1.1126707311309607
1804,1916,1919,austria-hungary,central_powers,844.88,429.39,1197.81,eastern_front,1274.27,1.063833162187659
1805,1915,1919,united_states,allied_powers,471.5,286.23,1289.66,italian_front,757.73,0.5875424530496409
1806,1915,1919,serbia,allied_powers,737.09,528.06,2436.11,middle_east,1265.15,0.5193320498663854
1807,1914,1919,united_states,allied_powers,554.33,113.68,934.35,western_front,668.01,0.7149462192968373
1808,1915,1919,austria-hungary,central_powers,691.96,101.35,842.57,middle_east,793.3100000000001,0.9415360148118256
1809,1917,1919,germany,central_powers,786.86,463.74,1140.68,air,1250.6,1.096363572605814
1810,1915,1919,united_states,allied_powers,178.88,260.61,2132.99,western_front,439.49,0.2060440977219771
1811,1916,1918,united_states,allied_powers,157.77,234.79,871.66,africa,392.56,0.450359084964321
1812,1914,1918,austria-hungary,central_powers,45.87,293.49,1960.25,air,339.36,0.1731207754112995
1813,1917,1919,united_states,allied_powers,357.17,225.42,1649.59,middle_east,582.59,0.3531726065264702
1814,1917,1919,russia,allied_powers,498.55,485.58,2895.79,italian_front,984.13,0.3398485387407236
1815,1914,1919,germany,central_powers,428.36,417.62,1751.75,western_front,845.98,0.4829342086484944
1816,1916,1919,belgium,allied_powers,19.37,585.79,1121.86,western_front,605.16,0.5394255967767815
1817,1915,1918,ottoman_empire,central_powers,458.77,127.16,1219.26,air,585.93,0.4805619802175089
1818,1917,1919,germany,central_powers,379.15,532.77,1452.36,eastern_front,911.92,0.6278884023244926
1819,1914,1919,russia,allied_powers,684.17,405.91,2434.6,naval,1090.08,0.4477450094471371
1820,1915,1919,germany,central_powers,624.55,521.14,1535.96,balkans,1145.69,0.7459113518581213
1821,1916,1919,serbia,allied_powers,125.96,71.21,1393.46,western_front,197.17,0.1414967060410775
1822,1914,1919,ottoman_empire,central_powers,186.13,503.44,2299.48,air,689.5699999999999,0.2998808426252892
1823,1914,1919,belgium,allied_powers,73.0,597.12,2458.38,balkans,670.12,0.2725860119265532
1824,1915,1919,russia,allied_powers,82.3,442.65,2770.06,africa,524.9499999999999,0.1895085305011443
1825,1916,1919,serbia,allied_powers,142.8,124.14,2101.6,italian_front,266.94,0.1270175104682147
1826,1915,1919,france,allied_powers,323.55,339.57,2936.26,middle_east,663.12,0.2258383113212045
1827,1915,1918,russia,allied_powers,331.71,597.74,1614.98,africa,929.45,0.5755179630707501
1828,1916,1918,france,allied_powers,652.49,67.43,1440.85,western_front,719.9200000000001,0.4996495124405734
1829,1916,1918,belgium,allied_powers,777.46,455.29,2767.36,eastern_front,1232.75,0.4454606556429232
1830,1916,1918,united_kingdom,allied_powers,845.59,464.94,387.59,eastern_front,1310.53,3.381227585851028
1831,1916,1918,russia,allied_powers,462.35,323.88,1576.87,air,786.23,0.4986016602510036
1832,1915,1918,austria-hungary,central_powers,758.36,196.09,2842.25,naval,954.45,0.3358078986718269
1833,1916,1918,france,allied_powers,377.63,1.81,2814.32,air,379.44,0.1348247534040194
1834,1914,1918,ottoman_empire,central_powers,14.98,20.34,443.73,air,35.32,0.0795979537105897
1835,1917,1918,russia,allied_powers,253.27,131.4,2419.05,italian_front,384.67,0.1590169694714867
1836,1916,1919,germany,central_powers,662.47,177.49,2002.68,western_front,839.96,0.4194179799069247
1837,1916,1918,serbia,allied_powers,844.97,94.15,707.35,naval,939.12,1.327659574468085
1838,1916,1919,russia,allied_powers,339.67,456.75,52.27,naval,796.4200000000001,15.236655825521332
1839,1915,1919,italy,allied_powers,628.86,255.24,1528.63,western_front,884.1,0.5783610160732159
1840,1916,1919,ottoman_empire,central_powers,756.52,539.37,1663.01,western_front,1295.89,0.7792436605913373
1841,1917,1919,austria-hungary,central_powers,370.59,599.44,2884.15,balkans,970.03,0.3363313281209368
1842,1917,1919,serbia,allied_powers,117.28,349.1,1722.5,naval,466.38,0.2707576197387518
1843,1914,1919,germany,central_powers,865.16,338.42,429.99,italian_front,1203.58,2.799088350891881
1844,1917,1919,italy,allied_powers,549.64,354.21,2674.58,italian_front,903.85,0.3379409103485407
1845,1915,1918,ottoman_empire,central_powers,463.78,426.21,1380.27,africa,889.99,0.6447941344809349
1846,1914,1919,austria-hungary,central_powers,156.23,314.19,2607.45,eastern_front,470.42,0.1804138142629772
1847,1914,1919,serbia,allied_powers,140.13,76.07,79.04,balkans,216.2,2.735323886639676
1848,1914,1919,serbia,allied_powers,860.97,183.32,1973.59,naval,1044.29,0.5291321905765636
1849,1914,1918,united_kingdom,allied_powers,465.41,345.16,998.12,middle_east,810.57,0.8120967418747246
1850,1917,1919,germany,central_powers,267.87,7.31,1882.2,naval,275.18,0.1462012538518754
1851,1915,1919,serbia,allied_powers,894.0,257.15,2830.11,balkans,1151.15,0.4067509743437534
1852,1917,1918,ottoman_empire,central_powers,119.41,3.09,1447.88,western_front,122.5,0.0846064590988203
1853,1917,1919,belgium,allied_powers,515.11,586.91,501.16,naval,1102.02,2.1989384627663817
1854,1916,1919,germany,central_powers,203.76,43.99,622.8,middle_east,247.75,0.3978002569043031
1855,1914,1918,united_states,allied_powers,177.61,102.15,1514.17,western_front,279.76,0.1847612883626012
1856,1914,1918,italy,allied_powers,670.05,350.51,2180.59,western_front,1020.56,0.4680201229942354
1857,1915,1918,russia,allied_powers,658.85,486.31,2562.76,air,1145.16,0.446846368758682
1858,1916,1918,ottoman_empire,central_powers,400.09,575.28,1277.15,middle_east,975.37,0.763708256665231
1859,1914,1919,france,allied_powers,65.09,282.99,150.64,naval,348.08000000000004,2.3106744556558687
1860,1915,1918,austria-hungary,central_powers,345.79,582.97,159.27,africa,928.76,5.831355559741319
1861,1914,1919,france,allied_powers,805.78,271.41,850.18,africa,1077.19,1.267014044084782
1862,1915,1918,united_states,allied_powers,3.42,171.39,1784.11,naval,174.80999999999997,0.0979816266934213
1863,1914,1919,serbia,allied_powers,135.5,49.32,1641.9,western_front,184.82,0.1125647116145928
1864,1915,1918,belgium,allied_powers,360.01,569.14,1903.61,balkans,929.15,0.4880989278266031
1865,1914,1918,germany,central_powers,628.34,54.78,2708.82,naval,683.12,0.2521836076225072
1866,1915,1918,ottoman_empire,central_powers,180.88,559.56,1834.46,balkans,740.4399999999999,0.4036283156896307
1867,1914,1918,united_kingdom,allied_powers,648.13,363.27,1474.76,naval,1011.4,0.6858065041091431
1868,1914,1918,france,allied_powers,180.52,513.77,478.52,middle_east,694.29,1.4509111426899608
1869,1916,1919,italy,allied_powers,720.51,144.96,1991.51,africa,865.47,0.4345797912137021
1870,1914,1919,germany,central_powers,282.87,360.57,1437.63,air,643.44,0.4475699588906742
1871,1916,1919,united_kingdom,allied_powers,611.33,407.51,455.88,middle_east,1018.84,2.2348863736070896
1872,1914,1919,serbia,allied_powers,305.72,146.71,853.28,naval,452.43000000000006,0.5302245452840804
1873,1917,1918,serbia,allied_powers,830.64,218.3,2929.86,balkans,1048.94,0.3580171066194289
1874,1916,1918,united_states,allied_powers,816.59,4.06,2725.21,italian_front,820.65,0.3011327567416823
1875,1914,1919,ottoman_empire,central_powers,215.6,497.63,1144.35,balkans,713.23,0.6232621138637655
1876,1917,1919,united_kingdom,allied_powers,528.39,355.62,2965.89,western_front,884.01,0.2980589300344922
1877,1915,1919,serbia,allied_powers,305.73,413.29,2313.81,italian_front,719.02,0.3107515310245871
1878,1916,1918,ottoman_empire,central_powers,45.54,430.11,1319.63,eastern_front,475.65,0.3604419420595167
1879,1917,1919,austria-hungary,central_powers,856.69,26.78,893.2,africa,883.47,0.9891065830721004
1880,1916,1919,france,allied_powers,15.64,336.86,2169.18,balkans,352.5,0.1625038032805023
1881,1916,1918,italy,allied_powers,882.34,94.56,545.23,middle_east,976.9,1.791720925114172
1882,1917,1918,ottoman_empire,central_powers,212.03,487.06,352.52,africa,699.09,1.9831215250198573
1883,1917,1918,austria-hungary,central_powers,777.46,92.98,1293.72,air,870.44,0.6728194663451134
1884,1916,1918,united_kingdom,allied_powers,337.64,119.83,62.89,africa,457.47,7.274129432342185
1885,1914,1919,italy,allied_powers,49.52,316.17,1737.64,air,365.69,0.2104521074560898
1886,1916,1918,serbia,allied_powers,277.52,340.52,217.01,balkans,618.04,2.847979355790056
1887,1916,1918,united_states,allied_powers,49.92,433.75,413.17,eastern_front,483.67,1.1706319432679042
1888,1917,1919,serbia,allied_powers,387.29,233.31,413.01,middle_east,620.6,1.5026270550349872
1889,1917,1919,belgium,allied_powers,337.46,281.49,2327.39,air,618.95,0.2659416771576745
1890,1914,1919,france,allied_powers,167.86,15.81,1111.65,balkans,183.67,0.1652228669095488
1891,1915,1919,russia,allied_powers,898.46,243.22,814.27,balkans,1141.68,1.402090215776094
1892,1915,1918,ottoman_empire,central_powers,773.66,391.82,811.95,naval,1165.48,1.4354085842724305
1893,1915,1918,united_kingdom,allied_powers,215.23,109.83,1746.93,africa,325.06,0.1860750001431081
1894,1915,1918,austria-hungary,central_powers,191.96,178.5,1996.54,italian_front,370.46,0.1855510032355976
1895,1914,1919,france,allied_powers,758.62,414.18,424.17,africa,1172.8,2.76492915576302
1896,1917,1918,france,allied_powers,4.4,499.49,2376.38,balkans,503.89,0.2120410035432043
1897,1915,1919,united_states,allied_powers,421.23,131.4,2820.74,italian_front,552.63,0.1959166743478661
1898,1917,1919,united_kingdom,allied_powers,4.1,335.33,204.46,middle_east,339.43,1.6601291206103883
1899,1916,1918,austria-hungary,central_powers,655.41,23.04,1445.1,middle_east,678.4499999999999,0.469483080755657
1900,1916,1918,italy,allied_powers,151.14,272.34,456.27,naval,423.48,0.9281346571109212
1901,1915,1918,ottoman_empire,central_powers,724.56,397.58,1102.65,western_front,1122.14,1.0176755996916518
1902,1914,1919,italy,allied_powers,437.65,351.93,358.24,air,789.5799999999999,2.2040531487271102
1903,1917,1919,serbia,allied_powers,385.1,353.77,1879.65,eastern_front,738.87,0.3930891389354401
1904,1916,1918,ottoman_empire,central_powers,195.61,79.51,706.17,italian_front,275.12,0.3895945735446139
1905,1915,1918,france,allied_powers,554.71,337.65,1051.33,italian_front,892.36,0.8487915307277449
1906,1914,1918,germany,central_powers,818.75,490.06,2917.9,air,1308.81,0.4485451866068062
1907,1915,1919,belgium,allied_powers,58.73,308.28,1528.5,naval,367.01,0.2401112201504743
1908,1917,1918,france,allied_powers,470.42,230.96,277.25,africa,701.38,2.529774571686204
1909,1916,1919,serbia,allied_powers,483.3,521.97,849.5,middle_east,1005.27,1.1833666862860506
1910,1917,1919,belgium,allied_powers,873.99,513.86,2581.34,naval,1387.85,0.5376471135146861
1911,1914,1918,ottoman_empire,central_powers,346.39,79.88,341.92,western_front,426.27,1.2466951333645295
1912,1917,1919,united_states,allied_powers,852.37,193.82,2267.24,middle_east,1046.19,0.4614376951712214
1913,1915,1919,austria-hungary,central_powers,7.16,232.16,1366.91,air,239.32,0.1750810221594691
1914,1915,1919,france,allied_powers,344.97,153.58,364.21,western_front,498.55000000000007,1.36885313418083
1915,1916,1918,united_kingdom,allied_powers,721.71,500.0,644.69,air,1221.71,1.895034822938156
1916,1915,1919,france,allied_powers,18.87,147.47,622.26,air,166.34,0.2673159129624273
1917,1915,1918,germany,central_powers,717.78,200.0,193.11,naval,917.78,4.752628035834498
1918,1916,1918,serbia,allied_powers,525.91,260.24,245.33,balkans,786.15,3.2044592997187458
1919,1917,1918,germany,central_powers,242.58,126.24,1198.26,middle_east,368.82,0.3077963046417305
1920,1916,1918,italy,allied_powers,676.86,295.54,2964.18,air,972.4,0.3280502533584331
1921,1915,1919,serbia,allied_powers,41.6,394.89,1324.98,western_front,436.49,0.3294313876435871
1922,1915,1918,italy,allied_powers,540.82,457.74,1029.76,balkans,998.56,0.9697016780609076
1923,1914,1919,germany,central_powers,205.39,338.33,1348.05,balkans,543.72,0.4033381551129409
1924,1917,1919,france,allied_powers,60.96,539.66,2226.55,africa,600.62,0.26975365475736
1925,1915,1919,france,allied_powers,378.84,147.19,2311.04,naval,526.03,0.2276161381888673
1926,1916,1919,united_states,allied_powers,754.94,175.88,1573.24,middle_east,930.82,0.5916579797106608
1927,1914,1919,serbia,allied_powers,591.83,385.52,2060.08,naval,977.35,0.4744233233660829
1928,1914,1919,germany,central_powers,741.17,493.11,1711.22,italian_front,1234.28,0.7212865674781734
1929,1914,1919,germany,central_powers,652.71,132.43,1447.58,italian_front,785.1400000000001,0.5423810773843243
1930,1914,1918,united_states,allied_powers,51.9,425.2,2399.9,italian_front,477.1,0.1987999499979165
1931,1917,1918,united_states,allied_powers,291.34,156.06,1900.0,middle_east,447.4,0.2354736842105263
1932,1916,1918,united_states,allied_powers,417.03,40.25,1770.4,eastern_front,457.28,0.2582919114324446
1933,1916,1919,ottoman_empire,central_powers,189.88,158.51,1559.59,naval,348.39,0.2233856334036509
1934,1915,1918,france,allied_powers,214.78,239.79,370.88,air,454.57,1.225652502157032
1935,1916,1918,serbia,allied_powers,471.17,232.49,1984.21,eastern_front,703.6600000000001,0.3546298022890722
1936,1914,1919,ottoman_empire,central_powers,33.95,71.49,1391.31,western_front,105.44,0.0757846921246882
1937,1915,1918,russia,allied_powers,814.85,307.07,2792.61,naval,1121.92,0.4017460368615739
1938,1914,1918,ottoman_empire,central_powers,295.79,306.86,1270.61,africa,602.6500000000001,0.4742997457913916
1939,1916,1919,united_states,allied_powers,666.02,459.68,2527.6,western_front,1125.7,0.4453631903782244
1940,1916,1918,united_kingdom,allied_powers,115.15,56.62,1461.4,africa,171.77,0.1175379772820583
1941,1916,1919,italy,allied_powers,484.12,63.25,275.23,western_front,547.37,1.988773026196272
1942,1914,1918,united_kingdom,allied_powers,361.14,594.29,385.8,balkans,955.43,2.476490409538621
1943,1914,1919,belgium,allied_powers,786.47,85.7,1934.49,air,872.1700000000001,0.450852679517599
1944,1916,1919,serbia,allied_powers,23.24,456.89,734.11,naval,480.13,0.6540300499925079
1945,1914,1918,germany,central_powers,288.05,131.57,1520.9,naval,419.62,0.2759024261950161
1946,1917,1919,serbia,allied_powers,596.63,140.5,1551.68,air,737.13,0.475052845947618
1947,1915,1918,austria-hungary,central_powers,896.34,136.45,566.4,africa,1032.79,1.823428672316384
1948,1916,1918,belgium,allied_powers,525.19,478.36,120.7,africa,1003.55,8.314415907207954
1949,1917,1919,germany,central_powers,311.49,379.5,1102.37,middle_east,690.99,0.6268222103286556
1950,1916,1918,united_states,allied_powers,303.67,569.01,2697.8,naval,872.6800000000001,0.3234783897990955
1951,1917,1918,russia,allied_powers,754.16,400.75,1190.48,middle_east,1154.91,0.970121295611854
1952,1915,1919,united_kingdom,allied_powers,532.75,431.52,419.86,air,964.27,2.2966465012146906
1953,1915,1918,ottoman_empire,central_powers,872.35,449.59,1746.66,western_front,1321.94,0.7568387665601777
1954,1915,1918,ottoman_empire,central_powers,414.25,360.07,1163.78,balkans,774.3199999999999,0.6653491209678805
1955,1914,1918,russia,allied_powers,157.33,570.1,144.61,africa,727.4300000000001,5.0302883618007055
1956,1915,1919,russia,allied_powers,874.78,332.46,2678.75,western_front,1207.24,0.4506728884741017
1957,1914,1918,serbia,allied_powers,295.33,381.58,864.43,air,676.91,0.7830709253496524
1958,1914,1918,italy,allied_powers,412.67,510.95,2728.5,balkans,923.62,0.3385083379146051
1959,1917,1918,russia,allied_powers,676.7,228.08,246.13,eastern_front,904.78,3.676024864908789
1960,1917,1919,germany,central_powers,617.09,225.69,2648.36,africa,842.78,0.318227129242248
1961,1914,1918,germany,central_powers,309.6,437.3,2937.37,africa,746.9000000000001,0.2542750828121755
1962,1917,1919,belgium,allied_powers,206.6,0.98,1433.02,italian_front,207.58,0.144854921773597
1963,1916,1919,italy,allied_powers,263.88,497.76,489.01,naval,761.64,1.5575141612645955
1964,1917,1919,france,allied_powers,787.49,5.34,91.19,africa,792.83,8.694264722008993
1965,1917,1919,belgium,allied_powers,47.54,317.24,1153.23,naval,364.78,0.3163115770488107
1966,1917,1918,russia,allied_powers,76.79,55.71,241.52,eastern_front,132.5,0.5486088108645246
1967,1917,1918,united_states,allied_powers,70.78,273.94,183.75,eastern_front,344.72,1.8760272108843536
1968,1916,1918,united_kingdom,allied_powers,578.44,391.19,56.78,africa,969.63,17.076963719619584
1969,1915,1918,germany,central_powers,12.0,20.43,594.82,africa,32.43,0.0545206953364042
1970,1916,1919,germany,central_powers,260.19,57.8,903.36,western_front,317.99,0.3520080588026922
1971,1917,1918,france,allied_powers,288.46,353.5,467.92,eastern_front,641.96,1.3719439220379552
1972,1915,1918,germany,central_powers,34.59,594.73,734.72,italian_front,629.32,0.8565439895470384
1973,1915,1918,germany,central_powers,86.95,398.12,1861.15,africa,485.07,0.2606291808827875
1974,1915,1919,russia,allied_powers,91.82,137.08,564.21,middle_east,228.9,0.4057000053171691
1975,1915,1918,italy,allied_powers,611.67,200.29,688.91,balkans,811.9599999999999,1.1786154940413116
1976,1916,1919,germany,central_powers,525.7,258.31,620.31,naval,784.01,1.2639003079105608
1977,1916,1918,united_states,allied_powers,249.78,343.92,1929.08,naval,593.7,0.307763286126029
1978,1915,1919,italy,allied_powers,897.55,589.11,1242.64,naval,1486.66,1.196372239747634
1979,1916,1919,italy,allied_powers,785.23,306.78,1877.79,naval,1092.01,0.5815400018106391
1980,1916,1919,russia,allied_powers,764.25,418.93,519.8,africa,1183.18,2.276221623701424
1981,1917,1919,russia,allied_powers,522.92,413.8,2781.5,balkans,936.72,0.3367679309724968
1982,1915,1918,ottoman_empire,central_powers,831.48,90.87,354.61,middle_east,922.35,2.601026479794704
1983,1917,1919,italy,allied_powers,192.04,395.78,1261.93,balkans,587.8199999999999,0.4658103064353806
1984,1915,1918,ottoman_empire,central_powers,133.26,339.52,1791.2,naval,472.78,0.2639459580169718
1985,1914,1919,russia,allied_powers,75.89,236.49,2355.75,eastern_front,312.38,0.1326032049241218
1986,1915,1918,united_states,allied_powers,342.21,283.18,539.84,air,625.39,1.1584728808535862
1987,1917,1919,ottoman_empire,central_powers,516.88,71.14,2938.68,western_front,588.02,0.2000966420297548
1988,1916,1919,italy,allied_powers,754.66,449.32,2974.91,naval,1203.98,0.4047114030340414
1989,1916,1919,russia,allied_powers,98.89,83.65,2795.71,naval,182.54,0.0652928951858383
1990,1917,1919,germany,central_powers,632.56,230.27,911.79,eastern_front,862.8299999999999,0.9463034251307868
1991,1917,1918,russia,allied_powers,199.39,67.01,359.39,naval,266.4,0.7412560171401541
1992,1914,1918,serbia,allied_powers,245.63,351.27,2296.18,naval,596.9,0.2599534879669712
1993,1916,1919,ottoman_empire,central_powers,591.46,123.47,2072.67,balkans,714.9300000000001,0.3449318994340633
1994,1916,1918,ottoman_empire,central_powers,540.85,23.1,2982.23,western_front,563.95,0.1891034561385272
1995,1914,1919,united_kingdom,allied_powers,590.89,553.66,2686.21,eastern_front,1144.55,0.4260835898905893
1996,1917,1919,belgium,allied_powers,673.44,43.88,1881.49,eastern_front,717.32,0.3812510297689597
1997,1914,1918,austria-hungary,central_powers,235.76,93.98,226.75,middle_east,329.74,1.4542006615214995
1998,1914,1919,serbia,allied_powers,185.66,326.36,223.34,eastern_front,512.02,2.292558431091609
1999,1914,1919,germany,central_powers,525.09,186.01,2550.41,eastern_front,711.1,0.278817915550833
2000,1914,1918,france,allied_powers,120.14,320.4,2560.7,eastern_front,440.54,0.1720388956144804
2001,1914,1918,belgium,allied_powers,442.28,177.09,1314.67,naval,619.37,0.4711220306236546
2002,1914,1918,serbia,allied_powers,592.2,227.68,2358.25,air,819.8800000000001,0.3476645817873423
2003,1915,1918,united_kingdom,allied_powers,639.28,49.9,1039.77,africa,689.18,0.6628196620406436
2004,1917,1918,ottoman_empire,central_powers,228.69,206.96,543.3,naval,435.65,0.8018590097551997
2005,1917,1919,germany,central_powers,255.41,432.54,241.76,eastern_front,687.95,2.8455906684315027
2006,1916,1919,serbia,allied_powers,456.51,589.19,1813.76,naval,1045.7,0.5765371383203952
2007,1916,1919,ottoman_empire,central_powers,329.69,467.09,923.92,air,796.78,0.8623906831760325
2008,1914,1919,ottoman_empire,central_powers,684.62,217.29,1132.53,italian_front,901.91,0.7963674251454708
2009,1917,1918,austria-hungary,central_powers,101.0,133.88,2961.14,western_front,234.88,0.0793208021235064
2010,1915,1919,france,allied_powers,4.08,383.08,2447.56,western_front,387.16,0.1581820261811763
2011,1916,1918,belgium,allied_powers,7.93,244.88,616.91,air,252.81,0.4098004571169215
2012,1915,1918,belgium,allied_powers,163.7,333.86,887.53,balkans,497.56,0.5606120356494992
2013,1915,1918,united_kingdom,allied_powers,246.35,23.89,2266.36,africa,270.24,0.1192396618366014
2014,1914,1918,france,allied_powers,312.98,18.31,2566.33,africa,331.29,0.129090958684191
2015,1917,1918,united_kingdom,allied_powers,261.05,383.91,2811.22,italian_front,644.96,0.2294235243061731
2016,1917,1918,belgium,allied_powers,766.49,14.73,935.3,western_front,781.22,0.83526141345023
2017,1916,1918,serbia,allied_powers,784.56,76.19,2298.23,middle_east,860.75,0.3745273536591202
2018,1917,1919,belgium,allied_powers,158.58,385.11,2038.7,middle_east,543.69,0.2666846519841075
2019,1915,1919,russia,allied_powers,502.92,463.98,2019.52,air,966.9,0.4787771351608303
2020,1917,1919,serbia,allied_powers,13.35,488.69,1680.02,balkans,502.04,0.2988297758360019
2021,1916,1918,serbia,allied_powers,750.87,361.84,1318.28,middle_east,1112.71,0.8440619595230149
2022,1917,1918,united_kingdom,allied_powers,299.07,276.09,738.91,naval,575.16,0.7783897903668917
2023,1914,1919,united_states,allied_powers,84.82,133.99,2008.45,africa,218.81,0.108944708606139
2024,1914,1918,united_kingdom,allied_powers,253.04,287.61,1225.48,africa,540.65,0.4411740705682671
2025,1917,1919,united_states,allied_powers,773.85,108.62,2417.99,middle_east,882.47,0.3649601528542302
2026,1915,1918,germany,central_powers,272.03,3.36,144.13,italian_front,275.39,1.9107056129882745
2027,1916,1918,russia,allied_powers,540.72,196.91,1047.21,africa,737.63,0.7043763905997842
2028,1914,1919,serbia,allied_powers,14.44,166.89,1138.32,italian_front,181.33,0.1592961557382809
2029,1915,1918,italy,allied_powers,837.89,509.07,1000.37,africa,1346.96,1.3464618091306215
2030,1915,1918,germany,central_powers,392.14,110.7,2651.15,middle_east,502.84,0.1896686343662184
2031,1915,1918,germany,central_powers,125.81,79.05,941.0,air,204.86,0.2177045696068013
2032,1915,1918,serbia,allied_powers,809.96,229.78,669.25,africa,1039.74,1.553589839372432
2033,1916,1918,russia,allied_powers,142.05,27.57,1618.33,balkans,169.62,0.1048117503846557
2034,1914,1919,france,allied_powers,216.18,146.49,1152.33,eastern_front,362.67,0.3147275520033324
2035,1914,1918,united_kingdom,allied_powers,638.15,388.99,1319.35,western_front,1027.14,0.7785197256224655
2036,1916,1919,france,allied_powers,666.23,212.66,1819.12,middle_east,878.89,0.483140199656977
2037,1915,1918,italy,allied_powers,123.91,140.98,2889.0,western_front,264.89,0.0916891658013153
2038,1914,1919,austria-hungary,central_powers,660.79,502.8,1359.62,africa,1163.59,0.8558200085317956
2039,1916,1918,united_states,allied_powers,385.69,252.72,1312.63,eastern_front,638.41,0.4863594463024614
2040,1917,1919,united_kingdom,allied_powers,144.95,52.38,2115.86,eastern_front,197.33,0.0932623141417674
2041,1917,1918,germany,central_powers,63.25,68.77,1461.46,western_front,132.01999999999998,0.0903343232110355
2042,1917,1919,russia,allied_powers,136.9,410.53,413.16,balkans,547.43,1.3249830574111725
2043,1915,1919,ottoman_empire,central_powers,820.54,50.73,893.9,middle_east,871.27,0.9746839691240632
2044,1914,1918,united_states,allied_powers,695.85,147.77,2269.41,western_front,843.62,0.3717353849678991
2045,1914,1918,ottoman_empire,central_powers,539.89,376.01,2561.8,italian_front,915.9,0.357522054805215
2046,1917,1919,belgium,allied_powers,721.5,298.41,1060.37,eastern_front,1019.91,0.9618435074549452
2047,1915,1918,austria-hungary,central_powers,733.26,482.4,532.82,eastern_front,1215.66,2.281558500056304
2048,1917,1919,france,allied_powers,439.58,596.06,981.97,balkans,1035.64,1.0546554375388248
2049,1917,1919,ottoman_empire,central_powers,422.87,246.73,1610.36,naval,669.6,0.4158076454954172
2050,1915,1918,italy,allied_powers,20.49,244.37,457.36,middle_east,264.86,0.5791061745670807
2051,1917,1919,france,allied_powers,736.76,33.01,1294.02,naval,769.77,0.5948671581582974
2052,1917,1918,united_kingdom,allied_powers,397.32,466.69,809.33,balkans,864.01,1.0675620575043554
2053,1914,1919,united_kingdom,allied_powers,133.46,117.93,2684.29,naval,251.39,0.0936523251958618
2054,1914,1919,serbia,allied_powers,772.31,82.6,392.84,africa,854.91,2.1762295081967213
2055,1914,1919,russia,allied_powers,477.2,56.62,1385.71,western_front,533.8199999999999,0.3852321192745956
2056,1915,1918,france,allied_powers,439.93,459.68,1363.54,middle_east,899.61,0.6597606230840313
2057,1915,1918,united_kingdom,allied_powers,61.56,83.42,2391.64,naval,144.98000000000002,0.0606194912277767
2058,1914,1919,ottoman_empire,central_powers,696.14,521.87,650.44,middle_east,1218.01,1.8725939364122743
2059,1917,1918,united_states,allied_powers,627.88,229.02,2562.87,italian_front,856.9,0.3343517228731851
2060,1915,1918,austria-hungary,central_powers,643.96,31.67,2607.91,africa,675.63,0.2590695231047084
2061,1914,1918,united_kingdom,allied_powers,98.34,199.42,1204.94,africa,297.76,0.2471160389728948
2062,1914,1918,austria-hungary,central_powers,574.61,37.22,231.24,balkans,611.83,2.64586576716831
2063,1917,1919,italy,allied_powers,470.67,392.89,859.6,eastern_front,863.56,1.0046067938576082
2064,1916,1919,united_kingdom,allied_powers,575.61,62.31,1239.78,western_front,637.9200000000001,0.5145429027730727
2065,1914,1919,united_kingdom,allied_powers,865.9,365.11,506.56,air,1231.01,2.4301366077068858
2066,1915,1919,france,allied_powers,329.87,556.74,1301.67,eastern_front,886.61,0.6811326987638956
2067,1917,1919,serbia,allied_powers,182.57,119.92,1270.78,air,302.49,0.2380349076944868
2068,1914,1919,russia,allied_powers,321.53,323.7,1784.78,balkans,645.23,0.3615179461894463
2069,1915,1919,russia,allied_powers,521.07,356.16,2295.2,balkans,877.23,0.3822019867549669
2070,1917,1918,united_states,allied_powers,504.04,40.39,1024.24,eastern_front,544.4300000000001,0.5315453409357183
2071,1917,1918,united_kingdom,allied_powers,710.04,204.91,514.89,western_front,914.95,1.7769814911922934
2072,1917,1919,italy,allied_powers,574.54,486.7,2144.86,balkans,1061.24,0.4947828762716447
2073,1916,1919,russia,allied_powers,723.61,280.54,611.81,naval,1004.15,1.6412775207989412
2074,1915,1918,belgium,allied_powers,855.17,476.12,1433.97,air,1331.29,0.9283945968186224
2075,1916,1918,united_states,allied_powers,829.47,119.45,2351.69,africa,948.92,0.4035055640837015
2076,1915,1918,austria-hungary,central_powers,174.92,405.24,1492.14,western_front,580.16,0.3888107014087149
2077,1917,1919,serbia,allied_powers,841.27,406.87,1768.56,air,1248.14,0.7057380015379744
2078,1917,1919,united_states,allied_powers,267.1,364.55,2184.12,naval,631.6500000000001,0.289201142794352
2079,1915,1919,united_kingdom,allied_powers,642.35,91.83,2811.7,middle_east,734.1800000000001,0.2611160507877796
2080,1916,1918,germany,central_powers,754.17,347.88,2292.71,air,1102.05,0.4806757069145247
2081,1917,1918,united_states,allied_powers,379.78,457.48,1037.0,africa,837.26,0.8073866923818708
2082,1914,1918,ottoman_empire,central_powers,377.73,18.92,146.46,western_front,396.65,2.7082479857981703
2083,1915,1919,serbia,allied_powers,777.3,551.15,649.76,air,1328.4499999999998,2.044524131987195
2084,1915,1919,serbia,allied_powers,97.91,342.49,1442.38,air,440.4,0.3053286928548648
2085,1917,1919,germany,central_powers,789.06,55.43,2985.0,middle_east,844.4899999999999,0.2829112227805694
2086,1917,1919,belgium,allied_powers,280.03,323.47,828.42,africa,603.5,0.7284952077448638
2087,1915,1919,united_kingdom,allied_powers,19.69,234.98,196.41,western_front,254.67,1.296624408125859
2088,1916,1918,austria-hungary,central_powers,741.69,297.56,387.9,western_front,1039.25,2.6791698891466877
2089,1915,1918,russia,allied_powers,538.85,457.69,2695.45,africa,996.54,0.3697119219425328
2090,1914,1918,belgium,allied_powers,469.42,436.41,2438.15,balkans,905.83,0.371523491171585
2091,1915,1919,italy,allied_powers,792.82,360.28,580.15,middle_east,1153.1,1.987589416530208
2092,1914,1919,ottoman_empire,central_powers,80.58,462.3,1212.03,balkans,542.88,0.4479097052053167
2093,1914,1918,belgium,allied_powers,314.56,590.49,2295.05,italian_front,905.05,0.3943487069998474
2094,1917,1918,france,allied_powers,33.67,209.64,1668.02,africa,243.31,0.1458675555448975
2095,1917,1919,serbia,allied_powers,261.9,84.14,1695.21,balkans,346.04,0.2041281021230407
2096,1917,1918,italy,allied_powers,681.96,62.76,2446.27,air,744.72,0.3044308273412174
2097,1914,1919,germany,central_powers,488.88,574.94,1257.04,air,1063.8200000000002,0.8462896964297081
2098,1916,1918,germany,central_powers,831.96,103.55,518.8,eastern_front,935.51,1.8032189668465688
2099,1914,1918,france,allied_powers,890.57,195.26,602.42,air,1085.83,1.802446797915076
2100,1917,1919,serbia,allied_powers,96.45,194.41,1886.34,balkans,290.86,0.1541927754275475
2101,1916,1919,united_kingdom,allied_powers,754.91,547.32,1139.6,naval,1302.23,1.142707967707968
2102,1914,1919,france,allied_powers,297.37,331.09,605.99,eastern_front,628.46,1.0370798197990063
2103,1916,1919,belgium,allied_powers,397.82,389.15,2532.46,africa,786.97,0.3107531807017683
2104,1914,1919,serbia,allied_powers,236.44,356.82,1933.86,western_front,593.26,0.3067750509344006
2105,1917,1919,russia,allied_powers,696.77,354.0,103.15,air,1050.77,10.186815317498787
2106,1914,1918,united_states,allied_powers,154.65,452.66,117.73,naval,607.3100000000001,5.158498258727597
2107,1915,1918,serbia,allied_powers,738.93,380.58,96.25,balkans,1119.51,11.631272727272728
2108,1917,1918,austria-hungary,central_powers,814.32,390.9,1299.25,western_front,1205.22,0.9276274773908024
2109,1915,1919,italy,allied_powers,795.83,414.38,2429.94,middle_east,1210.21,0.4980411038955694
2110,1916,1919,united_kingdom,allied_powers,488.93,296.02,664.42,air,784.95,1.1814063393636556
2111,1916,1919,ottoman_empire,central_powers,806.79,585.12,2004.85,eastern_front,1391.91,0.6942713918747038
2112,1915,1919,belgium,allied_powers,595.55,556.13,1982.0,balkans,1151.6799999999998,0.5810696266397577
2113,1917,1918,austria-hungary,central_powers,282.56,92.98,2589.0,naval,375.54,0.1450521436848204
2114,1917,1918,germany,central_powers,694.54,366.25,694.41,middle_east,1060.79,1.527613369623133
2115,1917,1919,united_kingdom,allied_powers,287.9,36.21,2983.85,western_front,324.11,0.108621411934246
2116,1916,1919,united_kingdom,allied_powers,412.64,168.58,2757.41,air,581.22,0.2107847581607378
2117,1917,1919,germany,central_powers,283.94,381.14,2770.15,balkans,665.0799999999999,0.2400880818728227
2118,1914,1919,belgium,allied_powers,99.83,23.55,441.33,italian_front,123.38,0.2795640450456574
2119,1915,1918,italy,allied_powers,796.36,83.99,1418.79,middle_east,880.35,0.620493519125452
2120,1917,1919,france,allied_powers,128.87,394.26,1749.51,balkans,523.13,0.2990151528142165
2121,1915,1919,belgium,allied_powers,756.6,228.49,590.38,middle_east,985.09,1.6685693959822487
2122,1916,1919,belgium,allied_powers,314.36,205.66,286.73,balkans,520.02,1.8136225717574024
2123,1914,1918,france,allied_powers,599.34,553.93,1064.86,africa,1153.27,1.0830249985913645
2124,1915,1919,germany,central_powers,168.64,507.2,1276.41,western_front,675.8399999999999,0.5294850400733305
2125,1917,1918,italy,allied_powers,337.72,254.2,2179.65,italian_front,591.9200000000001,0.2715665359117289
2126,1915,1919,belgium,allied_powers,460.54,470.23,1354.12,western_front,930.77,0.6873615336897765
2127,1914,1919,serbia,allied_powers,217.21,474.16,742.87,balkans,691.37,0.9306742767913632
2128,1917,1919,italy,allied_powers,641.34,432.8,2473.44,western_front,1074.14,0.4342696810919206
2129,1917,1919,germany,central_powers,253.08,137.88,2337.43,balkans,390.96,0.1672606238475591
2130,1916,1918,united_kingdom,allied_powers,333.0,489.64,1232.18,middle_east,822.64,0.6676297294226492
2131,1915,1918,russia,allied_powers,120.13,217.41,1144.7,balkans,337.54,0.2948720188695727
2132,1914,1918,serbia,allied_powers,673.89,377.41,622.54,africa,1051.3,1.6887268287981496
2133,1915,1919,serbia,allied_powers,203.3,477.43,2665.47,balkans,680.73,0.2553883555245416
2134,1914,1918,ottoman_empire,central_powers,615.3,69.26,2035.78,africa,684.56,0.3362642328738861
2135,1916,1918,germany,central_powers,101.28,256.7,2071.66,air,357.98,0.1727986252570402
2136,1917,1918,france,allied_powers,495.4,238.54,2704.68,italian_front,733.9399999999999,0.2713592735554668
2137,1917,1919,united_kingdom,allied_powers,124.08,308.55,1381.1,air,432.63,0.3132503077257259
2138,1916,1918,united_kingdom,allied_powers,247.47,31.15,2436.15,africa,278.62,0.1143689838474642
2139,1917,1918,russia,allied_powers,574.52,528.36,551.8,air,1102.88,1.9986951794128311
2140,1917,1918,austria-hungary,central_powers,544.52,431.44,656.86,balkans,975.96,1.485796060043236
2141,1916,1918,ottoman_empire,central_powers,454.98,27.27,2671.56,italian_front,482.25,0.1805125095449849
2142,1914,1918,russia,allied_powers,253.45,36.53,1659.2,africa,289.98,0.1747709739633558
2143,1915,1918,germany,central_powers,694.08,444.27,2071.17,africa,1138.35,0.5496168832109387
2144,1917,1918,russia,allied_powers,509.24,400.7,303.56,naval,909.94,2.9975622611674795
2145,1914,1919,ottoman_empire,central_powers,166.58,26.12,1093.09,middle_east,192.7,0.1762892351041543
2146,1914,1918,united_states,allied_powers,390.9,161.76,1127.29,air,552.66,0.4902553912480373
2147,1916,1918,united_states,allied_powers,476.65,49.02,374.88,italian_front,525.67,1.402235381988903
2148,1916,1919,ottoman_empire,central_powers,425.88,370.29,1065.15,middle_east,796.1700000000001,0.7474721870159132
2149,1917,1919,russia,allied_powers,402.09,410.77,393.17,air,812.8599999999999,2.067451738433756
2150,1915,1919,ottoman_empire,central_powers,121.89,241.33,2496.08,balkans,363.22,0.1455161693535464
2151,1916,1919,united_states,allied_powers,176.84,507.72,1598.02,air,684.5600000000001,0.4283801203989938
2152,1915,1918,france,allied_powers,268.11,234.89,1174.73,middle_east,503.0,0.4281834974845283
2153,1915,1918,france,allied_powers,375.07,58.51,929.66,middle_east,433.58,0.4663855603123722
2154,1915,1918,russia,allied_powers,236.48,16.81,788.24,naval,253.29,0.3213361412767684
2155,1917,1919,ottoman_empire,central_powers,503.3,576.79,58.82,western_front,1080.09,18.362631757905472
2156,1915,1919,italy,allied_powers,878.0,448.22,477.65,balkans,1326.22,2.776551868522977
2157,1915,1919,italy,allied_powers,201.53,39.12,2728.14,western_front,240.65,0.0882102824635099
2158,1915,1918,germany,central_powers,462.69,168.82,416.03,eastern_front,631.51,1.5179434175420043
2159,1914,1919,united_states,allied_powers,609.75,315.73,2200.84,naval,925.48,0.420512168081278
2160,1917,1919,italy,allied_powers,836.94,81.33,1496.48,air,918.27,0.6136199615096761
2161,1917,1919,belgium,allied_powers,498.05,320.96,350.92,naval,819.01,2.3338937649606746
2162,1915,1919,france,allied_powers,180.9,56.92,1809.31,naval,237.82,0.131442373059343
2163,1915,1919,serbia,allied_powers,548.31,131.14,2745.88,eastern_front,679.4499999999999,0.247443442539368
2164,1915,1918,united_kingdom,allied_powers,687.49,385.98,88.26,naval,1073.47,12.162587808746885
2165,1915,1918,russia,allied_powers,380.01,72.76,2520.86,eastern_front,452.77,0.1796093396697952
2166,1916,1919,austria-hungary,central_powers,751.48,145.98,2034.04,western_front,897.46,0.441220428310161
2167,1916,1919,ottoman_empire,central_powers,612.39,550.28,1667.07,balkans,1162.67,0.6974332211604792
2168,1916,1918,italy,allied_powers,96.15,485.33,255.73,italian_front,581.48,2.273804403081375
2169,1914,1919,germany,central_powers,737.19,594.88,2134.67,air,1332.0700000000002,0.6240168269568599
2170,1917,1918,austria-hungary,central_powers,742.51,434.14,1686.83,middle_east,1176.65,0.6975510276672813
2171,1917,1918,united_kingdom,allied_powers,538.44,313.03,2223.79,western_front,851.47,0.3828913701383674
2172,1917,1919,germany,central_powers,823.29,19.75,2956.55,africa,843.04,0.2851431567198254
2173,1914,1919,italy,allied_powers,377.26,305.18,246.3,air,682.44,2.7707673568818514
2174,1915,1919,united_states,allied_powers,109.8,394.29,2134.51,air,504.09,0.2361619294357955
2175,1915,1918,serbia,allied_powers,791.72,503.77,727.13,middle_east,1295.49,1.7816483984982052
2176,1915,1918,austria-hungary,central_powers,85.64,326.79,1964.0,naval,412.43,0.2099949083503055
2177,1916,1919,germany,central_powers,220.94,502.15,1135.17,italian_front,723.0899999999999,0.6369882925024445
2178,1916,1918,france,allied_powers,375.46,164.74,1857.43,eastern_front,540.2,0.2908319559821904
2179,1917,1919,russia,allied_powers,36.0,186.97,1927.05,balkans,222.97,0.1157053527412366
2180,1914,1918,france,allied_powers,579.06,191.32,992.6,naval,770.3799999999999,0.776123312512593
2181,1915,1918,united_states,allied_powers,640.3,259.95,2008.7,italian_front,900.25,0.4481754368497038
2182,1915,1919,belgium,allied_powers,84.85,150.4,2512.55,balkans,235.25,0.0936299775128853
2183,1914,1918,austria-hungary,central_powers,265.36,227.44,2036.38,middle_east,492.8,0.2419980553727693
2184,1915,1918,russia,allied_powers,188.61,222.87,2820.26,middle_east,411.48,0.1459014417110479
2185,1916,1918,austria-hungary,central_powers,256.57,436.61,570.96,naval,693.1800000000001,1.2140605296343
2186,1916,1918,russia,allied_powers,739.25,13.51,2592.81,air,752.76,0.2903259398104759
2187,1916,1919,russia,allied_powers,384.8,542.63,2627.19,air,927.43,0.3530121536698906
2188,1916,1918,italy,allied_powers,233.49,75.2,1670.87,air,308.69,0.1847480653791139
2189,1916,1919,russia,allied_powers,887.37,443.87,1851.04,italian_front,1331.24,0.7191848906560636
2190,1917,1919,united_kingdom,allied_powers,631.02,274.82,2567.39,middle_east,905.84,0.3528252427562622
2191,1914,1919,france,allied_powers,867.07,129.33,1594.62,air,996.4,0.6248510616949494
2192,1917,1919,italy,allied_powers,587.7,46.41,2197.52,naval,634.11,0.2885571007317339
2193,1917,1919,serbia,allied_powers,184.76,416.73,2910.49,middle_east,601.49,0.2066627956117355
2194,1916,1918,united_kingdom,allied_powers,703.6,245.41,2136.86,middle_east,949.01,0.444114261112099
2195,1914,1918,belgium,allied_powers,65.82,498.95,1634.33,middle_east,564.77,0.3455666848188554
2196,1914,1919,italy,allied_powers,882.32,409.65,760.12,western_front,1291.97,1.6996921538704417
2197,1915,1919,ottoman_empire,central_powers,466.05,172.87,771.26,middle_east,638.9200000000001,0.8284106526981823
2198,1917,1918,russia,allied_powers,648.36,51.21,2320.85,africa,699.57,0.3014283559902622
2199,1917,1919,united_kingdom,allied_powers,578.79,302.48,1138.18,eastern_front,881.27,0.7742799908626051
2200,1917,1919,ottoman_empire,central_powers,374.04,31.44,623.19,western_front,405.48,0.650652289029028
2201,1916,1918,belgium,allied_powers,340.39,443.38,771.59,middle_east,783.77,1.0157855856089373
2202,1915,1918,united_states,allied_powers,80.81,428.58,2241.21,balkans,509.39,0.2272834763364432
2203,1914,1919,italy,allied_powers,415.93,257.09,2041.85,middle_east,673.02,0.3296128510909225
2204,1917,1919,united_states,allied_powers,705.42,579.73,2583.14,western_front,1285.15,0.4975146527094931
2205,1915,1919,serbia,allied_powers,763.75,267.95,1406.1,africa,1031.7,0.7337315980371241
2206,1915,1919,ottoman_empire,central_powers,428.31,15.5,2622.75,naval,443.81,0.1692155180631017
2207,1916,1918,italy,allied_powers,268.94,46.08,2275.42,middle_east,315.02,0.1384447706357507
2208,1914,1918,united_kingdom,allied_powers,335.97,214.56,1543.41,western_front,550.53,0.3566971835092425
2209,1916,1918,italy,allied_powers,308.42,108.59,640.84,africa,417.01,0.6507240496847887
2210,1914,1918,united_kingdom,allied_powers,663.44,42.55,2220.06,middle_east,705.99,0.3180049187859787
2211,1916,1919,serbia,allied_powers,452.18,355.15,1227.35,eastern_front,807.3299999999999,0.6577830284759848
2212,1914,1919,austria-hungary,central_powers,384.32,187.52,953.92,balkans,571.84,0.5994632673599464
2213,1917,1919,united_states,allied_powers,371.04,402.89,2582.57,western_front,773.9300000000001,0.2996743553901733
2214,1914,1919,ottoman_empire,central_powers,880.18,351.91,99.49,italian_front,1232.09,12.38405869936677
2215,1915,1918,germany,central_powers,634.23,298.08,2729.39,balkans,932.31,0.3415818186481228
2216,1917,1918,germany,central_powers,228.79,213.05,688.03,naval,441.84,0.6421813002340016
2217,1914,1919,united_states,allied_powers,192.68,354.67,316.35,air,547.35,1.7302038880986248
2218,1916,1919,germany,central_powers,169.99,363.62,881.98,middle_east,533.61,0.6050137191319531
2219,1917,1918,belgium,allied_powers,372.84,555.44,2600.36,africa,928.28,0.356981341045086
2220,1914,1918,belgium,allied_powers,8.79,213.53,1152.97,africa,222.32,0.1928237508348005
2221,1914,1919,germany,central_powers,440.57,361.59,1064.0,balkans,802.16,0.7539097744360902
2222,1916,1918,italy,allied_powers,727.08,503.78,2920.35,italian_front,1230.86,0.4214768777715
2223,1915,1918,serbia,allied_powers,280.63,457.44,1737.22,balkans,738.0699999999999,0.4248569553654689
2224,1915,1918,russia,allied_powers,115.29,364.22,2458.47,middle_east,479.5100000000001,0.1950440721261598
2225,1916,1919,serbia,allied_powers,156.88,309.25,506.48,balkans,466.13,0.9203324909177064
2226,1916,1919,russia,allied_powers,299.77,384.85,1119.21,eastern_front,684.62,0.6116993236300605
2227,1914,1918,austria-hungary,central_powers,405.35,319.93,2031.57,western_front,725.28,0.3570046811086992
2228,1917,1919,italy,allied_powers,366.69,503.73,1324.87,middle_east,870.4200000000001,0.6569852136436029
2229,1915,1918,serbia,allied_powers,240.94,92.04,1280.08,italian_front,332.98,0.2601243672270483
2230,1914,1918,ottoman_empire,central_powers,621.33,56.42,223.68,naval,677.75,3.029998211731044
2231,1916,1918,belgium,allied_powers,376.25,302.32,421.54,eastern_front,678.5699999999999,1.6097404753997246
2232,1917,1918,germany,central_powers,476.64,379.04,1514.88,naval,855.6800000000001,0.5648500211237854
2233,1915,1918,germany,central_powers,496.59,273.79,2125.2,africa,770.38,0.362497647280256
2234,1917,1919,germany,central_powers,724.75,334.12,2820.86,africa,1058.87,0.3753713406549775
2235,1916,1919,italy,allied_powers,796.24,481.8,118.05,italian_front,1278.04,10.826260059296908
2236,1917,1918,germany,central_powers,236.67,251.4,1107.91,middle_east,488.07,0.4405321731909631
2237,1917,1919,austria-hungary,central_powers,571.47,583.25,1774.05,western_front,1154.72,0.6508948451283786
2238,1916,1918,ottoman_empire,central_powers,564.68,212.97,2425.51,western_front,777.65,0.320612984485737
2239,1917,1919,serbia,allied_powers,746.8,44.9,1198.59,africa,791.6999999999999,0.6605261181888719
2240,1915,1918,russia,allied_powers,344.59,553.3,1471.88,eastern_front,897.8899999999999,0.6100293502187677
2241,1917,1918,belgium,allied_powers,187.38,73.19,2177.04,western_front,260.57,0.1196900378495572
2242,1916,1918,austria-hungary,central_powers,530.62,452.21,815.87,italian_front,982.83,1.2046404451689607
2243,1916,1919,serbia,allied_powers,794.55,574.41,1256.08,italian_front,1368.96,1.0898668874593975
2244,1916,1918,united_states,allied_powers,727.24,153.88,1556.07,italian_front,881.12,0.5662470197356161
2245,1917,1919,serbia,allied_powers,331.44,398.29,2004.16,naval,729.73,0.3641076560753632
2246,1914,1918,russia,allied_powers,189.49,262.36,1554.36,balkans,451.85,0.2906984225018657
2247,1916,1919,united_states,allied_powers,17.61,569.48,871.7,air,587.09,0.6735000573591832
2248,1916,1919,germany,central_powers,208.71,381.89,289.42,air,590.6,2.0406329901181675
2249,1916,1918,belgium,allied_powers,868.87,52.65,2073.2,air,921.52,0.4444916071773104
2250,1915,1919,france,allied_powers,711.13,371.48,1301.98,air,1082.61,0.8315104686707938
2251,1917,1919,italy,allied_powers,280.3,67.4,1239.74,africa,347.70000000000005,0.2804620323616242
2252,1914,1918,belgium,allied_powers,55.86,66.6,2363.64,balkans,122.46,0.0518099202924303
2253,1916,1919,austria-hungary,central_powers,114.5,168.82,1647.28,italian_front,283.32,0.1719926181341362
2254,1915,1919,belgium,allied_powers,511.39,312.18,799.42,naval,823.5699999999999,1.0302094018163168
2255,1914,1919,russia,allied_powers,498.64,43.66,2570.28,western_front,542.3,0.2109886860575501
2256,1916,1919,france,allied_powers,294.34,163.9,2648.22,naval,458.24,0.1730369833322005
2257,1917,1918,austria-hungary,central_powers,570.06,83.1,451.3,naval,653.16,1.4472856193219588
2258,1916,1918,belgium,allied_powers,368.48,443.46,2780.19,eastern_front,811.94,0.2920447883058352
2259,1914,1918,italy,allied_powers,501.82,516.61,2037.05,eastern_front,1018.43,0.4999533639331386
2260,1915,1918,germany,central_powers,234.58,565.46,1143.8,italian_front,800.0400000000001,0.6994579471935654
2261,1917,1918,united_states,allied_powers,74.89,468.88,1709.6,air,543.77,0.3180685540477305
2262,1914,1919,italy,allied_powers,138.71,406.71,868.14,air,545.42,0.6282627226023452
2263,1915,1919,ottoman_empire,central_powers,558.3,107.12,2290.04,balkans,665.42,0.2905713437319872
2264,1916,1919,united_states,allied_powers,316.1,468.19,1767.93,middle_east,784.29,0.4436205053367497
2265,1916,1919,austria-hungary,central_powers,885.61,259.43,1438.71,middle_east,1145.04,0.7958796421794524
2266,1917,1918,serbia,allied_powers,691.15,515.23,208.62,italian_front,1206.38,5.782667050139009
2267,1914,1919,serbia,allied_powers,420.49,596.47,2008.77,balkans,1016.96,0.5062600496821438
2268,1916,1919,austria-hungary,central_powers,864.89,144.61,261.68,air,1009.5,3.8577652094160806
2269,1915,1919,belgium,allied_powers,361.76,62.77,1060.7,africa,424.53,0.4002356934100122
2270,1916,1919,serbia,allied_powers,137.33,516.49,1632.4,air,653.82,0.4005268316589071
2271,1916,1919,italy,allied_powers,88.85,245.57,180.72,middle_east,334.42,1.8504869411243912
2272,1914,1918,russia,allied_powers,667.76,393.29,2888.87,naval,1061.05,0.3672889399661459
2273,1914,1919,ottoman_empire,central_powers,897.39,267.03,2163.14,eastern_front,1164.42,0.5383008034616346
2274,1917,1918,belgium,allied_powers,642.57,343.36,2984.35,middle_east,985.93,0.3303667465277196
2275,1916,1919,united_states,allied_powers,172.68,494.88,347.28,western_front,667.56,1.9222529371112649
2276,1914,1918,united_kingdom,allied_powers,414.55,474.45,845.65,eastern_front,889.0,1.0512623425767162
2277,1915,1919,ottoman_empire,central_powers,99.75,478.98,1755.99,africa,578.73,0.3295747697879828
2278,1917,1919,italy,allied_powers,711.74,292.34,758.45,naval,1004.08,1.3238578680203044
2279,1914,1919,germany,central_powers,481.05,129.03,2348.32,western_front,610.08,0.2597942358792668
2280,1914,1918,austria-hungary,central_powers,43.37,281.12,2578.95,western_front,324.49,0.1258225246708932
2281,1915,1919,italy,allied_powers,641.33,436.44,1271.44,naval,1077.77,0.8476766500975271
2282,1915,1918,russia,allied_powers,696.99,262.45,1126.03,western_front,959.44,0.8520554514533362
2283,1915,1919,russia,allied_powers,728.99,567.61,2137.25,italian_front,1296.6,0.606667446484969
2284,1917,1919,germany,central_powers,861.27,478.16,540.43,eastern_front,1339.43,2.478452343504247
2285,1915,1919,serbia,allied_powers,710.96,328.16,2427.78,eastern_front,1039.12,0.4280124228719241
2286,1916,1919,austria-hungary,central_powers,340.41,223.69,683.57,africa,564.1,0.8252263850081191
2287,1914,1918,france,allied_powers,344.46,270.36,1558.07,eastern_front,614.8199999999999,0.394603580070215
2288,1915,1918,ottoman_empire,central_powers,271.52,60.28,2346.85,balkans,331.79999999999995,0.1413810000639154
2289,1917,1918,france,allied_powers,596.03,146.68,766.66,italian_front,742.71,0.9687605979182428
2290,1915,1919,ottoman_empire,central_powers,176.84,305.14,2641.43,italian_front,481.98,0.1824693442567094
2291,1914,1918,ottoman_empire,central_powers,874.22,142.72,1421.84,naval,1016.94,0.7152281550666743
2292,1917,1919,ottoman_empire,central_powers,862.66,299.64,173.3,air,1162.3,6.706866705135602
2293,1917,1918,belgium,allied_powers,732.72,133.81,717.26,middle_east,866.53,1.2081114240303377
2294,1916,1919,united_states,allied_powers,99.16,367.92,1233.77,middle_east,467.08,0.378579475915284
2295,1914,1919,serbia,allied_powers,581.01,138.07,435.53,middle_east,719.0799999999999,1.6510458521801024
2296,1914,1918,belgium,allied_powers,90.76,238.57,1657.25,eastern_front,329.33,0.1987207723638557
2297,1917,1919,italy,allied_powers,61.22,149.76,2708.92,italian_front,210.98,0.0778834369416594
2298,1914,1918,ottoman_empire,central_powers,661.74,454.16,1673.69,italian_front,1115.9,0.6667303981023965
2299,1916,1918,russia,allied_powers,491.17,453.73,2491.29,italian_front,944.9,0.379281416454929
2300,1914,1919,russia,allied_powers,766.3,288.27,1047.31,africa,1054.57,1.0069320449532613
2301,1916,1918,france,allied_powers,43.33,484.78,310.86,western_front,528.11,1.6988676574663837
2302,1916,1919,russia,allied_powers,727.42,517.46,1388.7,air,1244.88,0.8964355152300714
2303,1917,1918,italy,allied_powers,450.79,544.58,2685.09,balkans,995.37,0.3707026580114633
2304,1917,1918,ottoman_empire,central_powers,487.24,139.5,1922.05,africa,626.74,0.3260789261465622
2305,1915,1919,france,allied_powers,408.74,499.72,1399.64,naval,908.46,0.6490669029178932
2306,1916,1918,serbia,allied_powers,609.01,401.14,737.87,middle_east,1010.15,1.3690080908561129
2307,1914,1918,austria-hungary,central_powers,712.33,449.18,2181.56,balkans,1161.51,0.5324217532408002
2308,1916,1919,austria-hungary,central_powers,253.53,320.23,177.41,eastern_front,573.76,3.234090524773124
2309,1915,1918,ottoman_empire,central_powers,770.94,507.15,528.48,eastern_front,1278.09,2.4184264305177114
2310,1916,1919,france,allied_powers,97.64,290.73,2980.03,air,388.37,0.130324191367201
2311,1916,1919,italy,allied_powers,135.72,339.38,1394.95,africa,475.1,0.340585684074698
2312,1915,1919,united_kingdom,allied_powers,522.39,365.51,810.57,africa,887.9,1.0954020010609815
2313,1917,1918,serbia,allied_powers,164.61,519.37,1967.37,naval,683.98,0.3476621072802777
2314,1915,1919,serbia,allied_powers,794.95,534.28,1345.15,air,1329.23,0.9881648886741256
2315,1915,1919,russia,allied_powers,422.12,110.65,2249.02,italian_front,532.77,0.2368898453548656
2316,1914,1918,italy,allied_powers,117.88,358.45,558.55,air,476.33,0.8527974218959807
2317,1915,1919,russia,allied_powers,616.29,465.9,203.06,balkans,1082.19,5.329410026593125
2318,1915,1919,united_kingdom,allied_powers,733.14,533.81,2511.83,middle_east,1266.9499999999998,0.5043932113240147
2319,1915,1918,germany,central_powers,307.58,322.84,1205.77,naval,630.42,0.522836030088657
2320,1915,1919,united_kingdom,allied_powers,707.14,516.96,831.46,balkans,1224.1,1.4722295720780312
2321,1917,1919,france,allied_powers,568.94,458.92,1584.83,balkans,1027.86,0.6485616753847417
2322,1916,1919,italy,allied_powers,877.01,246.41,2980.41,italian_front,1123.42,0.3769347170355757
2323,1914,1919,belgium,allied_powers,25.64,108.67,724.62,naval,134.31,0.1853523225966713
2324,1915,1918,france,allied_powers,871.99,542.19,1702.54,air,1414.18,0.8306295299963584
2325,1915,1919,belgium,allied_powers,183.48,478.65,275.05,air,662.13,2.40730776222505
2326,1917,1918,serbia,allied_powers,279.43,69.36,74.61,eastern_front,348.79,4.674842514408256
2327,1914,1919,italy,allied_powers,631.72,107.69,1488.62,western_front,739.4100000000001,0.4967083607636604
2328,1915,1918,united_states,allied_powers,268.5,568.3,247.13,western_front,836.8,3.3860721077975158
2329,1915,1918,ottoman_empire,central_powers,119.32,280.15,1968.19,western_front,399.47,0.2029631285597427
2330,1917,1919,germany,central_powers,207.6,432.93,213.44,middle_east,640.53,3.0009838830584705
2331,1915,1918,belgium,allied_powers,128.44,143.13,1688.4,western_front,271.57,0.1608445865908552
2332,1914,1919,austria-hungary,central_powers,401.45,356.85,725.9,western_front,758.3,1.0446342471414796
2333,1916,1918,france,allied_powers,40.81,64.56,1325.24,air,105.37,0.0795101264676586
2334,1914,1918,serbia,allied_powers,42.55,509.11,506.48,africa,551.66,1.0892039172326646
2335,1915,1919,serbia,allied_powers,678.8,351.5,1541.29,western_front,1030.3,0.6684660252126465
2336,1916,1919,ottoman_empire,central_powers,722.06,387.73,295.68,eastern_front,1109.79,3.753348214285714
2337,1917,1919,france,allied_powers,823.35,179.77,2441.57,air,1003.12,0.4108503954422768
2338,1917,1918,belgium,allied_powers,214.72,42.52,936.12,africa,257.24,0.2747938298508738
2339,1915,1919,germany,central_powers,268.06,381.4,632.78,air,649.46,1.0263598723094915
2340,1917,1918,united_states,allied_powers,304.47,243.96,2147.46,naval,548.4300000000001,0.2553854320918667
2341,1914,1918,austria-hungary,central_powers,582.9,384.6,419.82,western_front,967.5,2.3045590967557525
2342,1914,1918,united_kingdom,allied_powers,60.17,419.55,1474.64,western_front,479.72,0.3253132968046438
2343,1915,1919,germany,central_powers,236.27,92.7,147.51,naval,328.97,2.230153887872009
2344,1914,1919,italy,allied_powers,420.62,65.69,2146.7,western_front,486.31,0.2265384077886989
2345,1917,1919,united_states,allied_powers,379.57,581.81,87.61,eastern_front,961.38,10.973404862458622
2346,1915,1918,serbia,allied_powers,886.56,164.1,2413.33,balkans,1050.66,0.4353569549129211
2347,1915,1919,united_states,allied_powers,717.73,49.91,1091.09,naval,767.64,0.7035533274065384
2348,1915,1919,united_states,allied_powers,363.01,6.85,2173.12,italian_front,369.86,0.1701976881166249
2349,1914,1918,united_states,allied_powers,61.73,504.51,969.7,naval,566.24,0.5839331752088275
2350,1915,1919,united_kingdom,allied_powers,159.26,149.53,1231.63,africa,308.79,0.2507165301267425
2351,1914,1919,austria-hungary,central_powers,202.95,118.27,2870.08,air,321.22,0.1119202252202029
2352,1916,1919,italy,allied_powers,462.53,334.98,706.17,balkans,797.51,1.1293456249911495
2353,1914,1918,united_states,allied_powers,250.23,149.51,2699.53,balkans,399.74,0.1480776283278941
2354,1917,1919,germany,central_powers,682.58,560.08,113.83,eastern_front,1242.66,10.916805762979884
2355,1917,1918,russia,allied_powers,41.3,549.55,1229.3,western_front,590.8499999999999,0.4806393882697469
2356,1916,1918,france,allied_powers,852.54,194.9,2584.64,western_front,1047.44,0.4052556642317693
2357,1914,1919,austria-hungary,central_powers,354.55,43.19,1801.51,italian_front,397.74,0.2207814555567274
2358,1914,1918,belgium,allied_powers,847.3,462.53,272.33,africa,1309.83,4.809716153196489
2359,1916,1918,austria-hungary,central_powers,864.94,558.99,2923.61,africa,1423.93,0.4870451257178625
2360,1917,1919,france,allied_powers,389.59,138.75,2878.44,africa,528.3399999999999,0.1835508122455218
2361,1914,1919,germany,central_powers,604.54,523.63,1988.54,eastern_front,1128.17,0.567335834330715
2362,1914,1918,france,allied_powers,38.34,92.73,977.46,air,131.07,0.1340924436805598
2363,1916,1919,france,allied_powers,171.67,129.86,2894.84,air,301.53,0.1041611971646101
2364,1914,1918,austria-hungary,central_powers,659.73,509.82,2211.4,western_front,1169.55,0.5288731120557113
2365,1914,1918,ottoman_empire,central_powers,347.9,146.22,1592.86,western_front,494.12,0.3102093090415981
2366,1916,1918,serbia,allied_powers,893.72,376.81,1999.47,africa,1270.53,0.6354333898483098
2367,1915,1919,belgium,allied_powers,11.82,569.57,2157.88,air,581.3900000000001,0.2694264741320185
2368,1914,1919,russia,allied_powers,190.49,252.27,102.34,air,442.76,4.326363103380887
2369,1914,1918,serbia,allied_powers,857.12,312.5,1815.32,western_front,1169.62,0.6443051362845118
2370,1916,1919,ottoman_empire,central_powers,802.64,156.5,1468.38,middle_east,959.14,0.6531960391724212
2371,1917,1919,belgium,allied_powers,686.81,535.98,297.8,africa,1222.79,4.106077904633982
2372,1916,1919,austria-hungary,central_powers,833.59,54.1,194.0,naval,887.69,4.575721649484536
2373,1914,1918,belgium,allied_powers,386.24,455.17,681.09,italian_front,841.4100000000001,1.2353873937365107
2374,1915,1918,ottoman_empire,central_powers,619.07,288.88,1796.11,balkans,907.95,0.5055091280600854
2375,1916,1919,france,allied_powers,237.1,35.02,2864.11,italian_front,272.12,0.0950103173411635
2376,1914,1919,belgium,allied_powers,599.56,351.9,1674.16,middle_east,951.46,0.5683208295503416
2377,1917,1919,germany,central_powers,340.38,235.34,88.91,balkans,575.72,6.475312113373074
2378,1914,1918,austria-hungary,central_powers,282.27,369.25,1874.46,western_front,651.52,0.3475774356347961
2379,1916,1918,italy,allied_powers,372.57,232.8,1560.35,air,605.37,0.3879706476111129
2380,1917,1918,germany,central_powers,700.41,379.29,214.28,italian_front,1079.7,5.038734366249767
2381,1915,1918,italy,allied_powers,669.46,271.24,2551.62,middle_east,940.7,0.368667748332432
2382,1916,1918,belgium,allied_powers,695.21,304.35,2729.24,middle_east,999.56,0.3662411513828026
2383,1917,1918,russia,allied_powers,115.25,316.56,917.04,eastern_front,431.81,0.4708736805373811
2384,1914,1919,france,allied_powers,127.34,234.85,1002.73,balkans,362.19,0.3612039133166455
2385,1915,1918,austria-hungary,central_powers,135.11,322.25,2517.36,italian_front,457.36,0.1816823974322305
2386,1917,1918,austria-hungary,central_powers,38.36,565.84,2520.91,air,604.2,0.2396753553280363
2387,1915,1919,austria-hungary,central_powers,544.25,149.5,1742.57,naval,693.75,0.3981188704040584
2388,1916,1919,france,allied_powers,724.01,369.58,2214.23,eastern_front,1093.59,0.4938917817932193
2389,1917,1919,france,allied_powers,199.18,47.56,325.05,balkans,246.74,0.7590832179664667
2390,1914,1919,france,allied_powers,141.76,381.89,1362.56,western_front,523.65,0.3843133513386566
2391,1917,1918,united_kingdom,allied_powers,670.61,475.53,2429.68,africa,1146.14,0.4717246715616871
2392,1917,1918,russia,allied_powers,237.15,484.44,2300.64,eastern_front,721.59,0.3136475067807219
2393,1915,1918,united_states,allied_powers,242.65,33.26,2190.65,air,275.91,0.1259489192705361
2394,1917,1919,united_kingdom,allied_powers,848.37,148.54,364.3,middle_east,996.91,2.736508372220697
2395,1916,1918,austria-hungary,central_powers,4.87,231.49,711.23,italian_front,236.36,0.3323256892988203
2396,1914,1918,ottoman_empire,central_powers,79.74,501.99,289.58,africa,581.73,2.008874922301264
2397,1916,1919,germany,central_powers,204.05,22.95,2796.51,naval,227.0,0.0811726044248009
2398,1916,1919,belgium,allied_powers,697.63,381.87,2458.11,air,1079.5,0.4391585405046966
2399,1914,1919,ottoman_empire,central_powers,23.79,32.61,2681.5,western_front,56.4,0.0210330039157188
2400,1917,1919,italy,allied_powers,816.8,357.51,2436.39,balkans,1174.31,0.4819876949092715
2401,1914,1918,serbia,allied_powers,749.1,595.62,870.19,air,1344.72,1.545317689240281
2402,1916,1919,italy,allied_powers,381.16,167.95,735.47,eastern_front,549.11,0.7466110106462535
2403,1917,1919,russia,allied_powers,887.09,288.29,2055.13,africa,1175.38,0.571924890396228
2404,1914,1918,ottoman_empire,central_powers,881.97,129.06,1188.45,middle_east,1011.03,0.8507131137195506
2405,1917,1918,russia,allied_powers,782.28,458.13,2098.69,eastern_front,1240.41,0.5910401250303761
2406,1915,1918,italy,allied_powers,752.2,92.48,1463.53,africa,844.6800000000001,0.5771525011444931
2407,1914,1919,austria-hungary,central_powers,181.48,75.06,2307.06,eastern_front,256.54,0.1111978015309528
2408,1917,1918,belgium,allied_powers,430.44,137.78,992.32,africa,568.22,0.5726177039664624
2409,1914,1919,united_kingdom,allied_powers,628.04,352.68,1856.45,italian_front,980.72,0.5282770879905195
2410,1917,1918,france,allied_powers,596.7,377.22,1016.59,air,973.92,0.9580263429701256
2411,1915,1918,united_states,allied_powers,652.14,591.35,1222.72,middle_east,1243.49,1.0169867181366137
2412,1915,1918,serbia,allied_powers,351.1,32.63,191.34,africa,383.73,2.0054876136719977
2413,1914,1918,france,allied_powers,64.3,351.46,617.95,africa,415.76,0.672805243142649
2414,1914,1918,united_kingdom,allied_powers,605.65,333.85,462.8,eastern_front,939.5,2.0300345721694035
2415,1917,1918,germany,central_powers,606.79,131.22,231.02,naval,738.01,3.194571898536923
2416,1917,1918,italy,allied_powers,64.12,83.53,2964.09,naval,147.65,0.0498129274077372
2417,1914,1919,belgium,allied_powers,739.93,73.38,1184.0,balkans,813.31,0.6869172297297297
2418,1917,1919,serbia,allied_powers,381.78,113.97,2743.53,eastern_front,495.75,0.1806978600562049
2419,1917,1919,russia,allied_powers,203.57,346.65,249.77,middle_east,550.22,2.202906674140209
2420,1916,1918,united_states,allied_powers,158.15,532.89,759.18,italian_front,691.04,0.9102452646276246
2421,1916,1918,germany,central_powers,373.61,154.73,938.79,italian_front,528.34,0.5627882700071369
2422,1917,1919,france,allied_powers,705.06,133.93,186.68,eastern_front,838.99,4.494268266552389
2423,1914,1919,france,allied_powers,286.22,208.96,2040.7,air,495.18000000000006,0.2426520311657764
2424,1917,1919,italy,allied_powers,89.07,91.59,2154.06,western_front,180.66,0.0838695300966547
2425,1915,1918,ottoman_empire,central_powers,652.64,130.21,611.27,naval,782.85,1.2806942922112978
2426,1914,1918,serbia,allied_powers,511.43,294.08,2320.21,africa,805.51,0.3471711612310954
2427,1916,1919,france,allied_powers,865.54,489.77,801.82,africa,1355.31,1.6902920855054748
2428,1914,1918,ottoman_empire,central_powers,11.65,426.44,1305.8,air,438.09,0.3354954816970439
2429,1917,1918,italy,allied_powers,263.21,510.17,655.59,eastern_front,773.38,1.1796702207172165
2430,1916,1919,belgium,allied_powers,520.65,100.09,795.6,balkans,620.74,0.7802161890397185
2431,1915,1918,united_states,allied_powers,472.76,50.39,1928.2,eastern_front,523.15,0.271315216263873
2432,1916,1919,united_kingdom,allied_powers,121.23,38.9,1375.11,italian_front,160.13,0.1164488659089091
2433,1917,1919,germany,central_powers,552.15,258.21,2669.67,eastern_front,810.3599999999999,0.303543134544719
2434,1916,1919,united_kingdom,allied_powers,861.34,531.06,145.47,africa,1392.4,9.571733003368394
2435,1916,1918,germany,central_powers,621.38,8.21,1284.11,italian_front,629.59,0.4902928876809619
2436,1916,1918,united_kingdom,allied_powers,603.03,409.84,2637.61,italian_front,1012.87,0.3840105246795394
2437,1915,1918,belgium,allied_powers,778.16,67.56,1275.85,naval,845.72,0.662867891993573
2438,1917,1919,united_kingdom,allied_powers,186.5,1.36,1152.76,air,187.86,0.162965404767688
2439,1914,1919,serbia,allied_powers,4.85,411.62,897.81,naval,416.47,0.4638732025706998
2440,1916,1918,austria-hungary,central_powers,522.52,248.02,2095.23,air,770.54,0.3677591481603451
2441,1916,1918,united_kingdom,allied_powers,736.49,392.69,2894.75,eastern_front,1129.18,0.3900785905518611
2442,1917,1918,italy,allied_powers,637.81,223.8,2109.49,balkans,861.6099999999999,0.4084446951632859
2443,1914,1919,united_states,allied_powers,212.28,552.78,2233.5,balkans,765.06,0.3425386165211551
2444,1916,1918,france,allied_powers,105.11,198.1,519.51,africa,303.21,0.5836461280822313
2445,1917,1918,belgium,allied_powers,484.93,241.42,702.09,air,726.35,1.034553974561666
2446,1914,1918,italy,allied_powers,801.91,304.75,2134.76,western_front,1106.66,0.5184001948696808
2447,1917,1918,germany,central_powers,892.5,132.5,2873.97,middle_east,1025.0,0.3566495126949829
2448,1916,1918,italy,allied_powers,366.68,193.04,1512.98,western_front,559.72,0.3699454057555288
2449,1915,1919,austria-hungary,central_powers,421.49,582.95,1354.35,balkans,1004.44,0.7416399010595489
2450,1914,1918,belgium,allied_powers,881.04,509.4,2905.54,naval,1390.44,0.4785478775029771
2451,1914,1919,france,allied_powers,182.07,425.74,1805.58,italian_front,607.81,0.336628673334884
2452,1915,1919,france,allied_powers,604.79,381.55,2669.96,air,986.34,0.3694212647380485
2453,1914,1919,france,allied_powers,673.18,438.45,1738.12,middle_east,1111.63,0.6395588336823694
2454,1915,1919,ottoman_empire,central_powers,821.22,513.85,699.96,eastern_front,1335.0700000000002,1.9073518486770675
2455,1916,1918,belgium,allied_powers,491.94,460.31,2339.03,africa,952.25,0.4071132050465363
2456,1915,1918,united_states,allied_powers,447.3,171.1,1768.06,western_front,618.4,0.3497618859088492
2457,1916,1919,austria-hungary,central_powers,765.15,26.41,1238.83,middle_east,791.56,0.6389577262416958
2458,1916,1919,united_states,allied_powers,894.17,65.92,1203.45,balkans,960.09,0.7977813785367068
2459,1915,1919,serbia,allied_powers,869.55,218.64,2572.46,western_front,1088.19,0.4230153238534321
2460,1917,1919,ottoman_empire,central_powers,474.1,597.6,693.34,naval,1071.7,1.5457062912856607
2461,1915,1918,united_states,allied_powers,861.61,56.8,2767.56,air,918.41,0.3318482706788651
2462,1914,1919,serbia,allied_powers,134.6,118.82,2149.22,balkans,253.42,0.1179125450163315
2463,1915,1919,belgium,allied_powers,614.22,26.41,602.5,africa,640.63,1.063286307053942
2464,1917,1919,united_states,allied_powers,282.89,402.75,1026.49,balkans,685.64,0.6679461076094263
2465,1915,1919,germany,central_powers,221.85,289.5,270.77,western_front,511.35,1.888503157661484
2466,1915,1919,italy,allied_powers,888.04,25.62,2946.77,africa,913.66,0.3100547378994628
2467,1917,1919,ottoman_empire,central_powers,239.66,560.04,1113.33,eastern_front,799.6999999999999,0.7182955637591729
2468,1914,1918,serbia,allied_powers,860.94,88.91,2047.15,eastern_front,949.85,0.4639865178418777
2469,1917,1919,germany,central_powers,815.81,324.84,748.72,eastern_front,1140.65,1.5234667165295437
2470,1916,1919,united_kingdom,allied_powers,334.51,194.64,2821.75,africa,529.15,0.1875254717816957
2471,1917,1918,united_kingdom,allied_powers,449.08,461.01,1836.86,africa,910.09,0.4954596430865716
2472,1915,1919,serbia,allied_powers,56.48,407.19,1262.63,naval,463.67,0.367225553012363
2473,1915,1919,ottoman_empire,central_powers,16.62,568.19,592.1,naval,584.8100000000001,0.9876878905590272
2474,1916,1918,united_states,allied_powers,34.38,386.17,2752.22,naval,420.55,0.1528039182914156
2475,1914,1918,russia,allied_powers,763.66,152.08,1854.22,western_front,915.74,0.4938680415484678
2476,1915,1918,france,allied_powers,584.5,411.68,2276.98,naval,996.18,0.4375005489727622
2477,1914,1918,france,allied_powers,765.24,134.99,1467.13,naval,900.23,0.6135993402084341
2478,1914,1918,united_states,allied_powers,673.99,109.51,2349.24,italian_front,783.5,0.3335121145561969
2479,1916,1919,belgium,allied_powers,56.86,116.51,518.4,air,173.37,0.3344328703703704
2480,1917,1918,ottoman_empire,central_powers,329.74,347.96,455.19,middle_east,677.7,1.488828840703882
2481,1917,1918,united_states,allied_powers,625.6,154.61,2458.88,naval,780.21,0.3173029997397188
2482,1915,1919,united_states,allied_powers,493.16,322.04,91.58,air,815.2,8.901506879231274
2483,1916,1919,united_kingdom,allied_powers,78.68,542.98,1566.15,air,621.6600000000001,0.396935159467484
2484,1916,1918,serbia,allied_powers,461.87,593.35,2686.06,naval,1055.22,0.3928504947767362
2485,1917,1918,russia,allied_powers,68.0,309.81,1301.52,western_front,377.81,0.2902836683262647
2486,1917,1918,ottoman_empire,central_powers,275.75,283.43,2616.34,balkans,559.1800000000001,0.2137260447801127
2487,1915,1918,germany,central_powers,616.56,143.31,1150.59,italian_front,759.8699999999999,0.6604176987458608
2488,1914,1918,belgium,allied_powers,470.55,2.16,2122.23,eastern_front,472.71,0.2227421156048119
2489,1917,1919,germany,central_powers,432.11,389.49,2187.37,eastern_front,821.6,0.375610893447382
2490,1914,1919,ottoman_empire,central_powers,521.5,439.34,1811.45,balkans,960.84,0.5304259019017913
2491,1917,1918,france,allied_powers,32.45,497.29,2779.2,western_front,529.74,0.1906088082901554
2492,1914,1919,germany,central_powers,335.63,89.58,2012.12,africa,425.21,0.2113243742917917
2493,1915,1918,united_kingdom,allied_powers,558.47,531.47,1125.2,western_front,1089.94,0.9686633487380022
2494,1917,1919,italy,allied_powers,780.49,592.66,2257.09,balkans,1373.15,0.6083718416190759
2495,1917,1919,austria-hungary,central_powers,364.61,68.25,2346.75,italian_front,432.86,0.1844508362629168
2496,1916,1918,united_states,allied_powers,690.85,521.1,2378.77,balkans,1211.95,0.5094859948628914
2497,1917,1919,united_kingdom,allied_powers,288.89,298.09,310.79,eastern_front,586.98,1.8886708066540108
2498,1914,1919,belgium,allied_powers,71.88,164.09,1856.21,middle_east,235.97,0.1271246249077421
2499,1916,1919,united_kingdom,allied_powers,400.34,159.69,129.09,italian_front,560.03,4.33829111472616
2500,1915,1918,russia,allied_powers,131.68,265.1,1793.93,middle_east,396.78,0.2211791987424258
2501,1914,1919,ottoman_empire,central_powers,807.46,366.01,2021.52,eastern_front,1173.47,0.5804889390161858
2502,1915,1918,serbia,allied_powers,106.89,399.77,204.33,balkans,506.66,2.479616306954436
2503,1914,1918,ottoman_empire,central_powers,140.22,369.91,2847.4,italian_front,510.13,0.1791564234038069
2504,1916,1919,belgium,allied_powers,646.72,84.97,239.5,italian_front,731.69,3.0550730688935284
2505,1916,1919,united_kingdom,allied_powers,157.88,149.12,1394.22,middle_east,307.0,0.2201948042633157
2506,1916,1919,austria-hungary,central_powers,71.59,110.31,1041.05,italian_front,181.9,0.174727438643677
2507,1915,1918,ottoman_empire,central_powers,827.62,311.32,1875.05,naval,1138.94,0.607418468840831
2508,1917,1919,italy,allied_powers,232.93,271.43,919.99,middle_east,504.36,0.5482233502538071
2509,1914,1918,united_kingdom,allied_powers,866.34,261.26,2101.37,balkans,1127.6,0.5366023118251426
2510,1915,1919,belgium,allied_powers,25.47,92.34,872.46,naval,117.81,0.1350319785434289
2511,1917,1918,ottoman_empire,central_powers,829.09,42.41,1112.42,naval,871.5,0.7834271228492835
2512,1915,1918,united_kingdom,allied_powers,302.42,151.77,139.26,western_front,454.19000000000005,3.261453396524487
2513,1914,1918,austria-hungary,central_powers,224.02,128.3,1347.98,italian_front,352.32000000000005,0.261368863039511
2514,1917,1918,united_states,allied_powers,377.11,517.02,2409.41,middle_east,894.13,0.3710991487542593
2515,1915,1918,belgium,allied_powers,486.09,478.87,2723.2,air,964.96,0.3543478260869566
2516,1916,1919,ottoman_empire,central_powers,318.92,196.0,2508.47,africa,514.9200000000001,0.2052725366458439
2517,1915,1919,germany,central_powers,634.7,229.04,1772.8,italian_front,863.74,0.4872179602888087
2518,1916,1918,united_states,allied_powers,296.18,27.15,283.77,italian_front,323.33,1.1394086760404554
2519,1917,1918,germany,central_powers,187.98,259.84,1175.82,italian_front,447.82,0.3808576142606861
2520,1917,1919,ottoman_empire,central_powers,632.48,466.79,599.15,naval,1099.27,1.834715847450555
2521,1917,1918,united_kingdom,allied_powers,894.55,290.13,1705.06,balkans,1184.6799999999998,0.6948025289432629
2522,1914,1919,russia,allied_powers,574.32,208.5,2616.75,italian_front,782.82,0.2991573516766982
2523,1917,1918,united_states,allied_powers,580.24,460.38,215.01,balkans,1040.62,4.83986791312032
2524,1916,1919,germany,central_powers,199.34,381.8,2483.5,balkans,581.14,0.2340004026575397
2525,1917,1918,austria-hungary,central_powers,687.21,582.59,1026.65,middle_east,1269.8000000000002,1.2368382603613697
2526,1915,1919,austria-hungary,central_powers,94.5,286.27,1695.86,air,380.77,0.2245291474532096
2527,1917,1919,russia,allied_powers,352.49,472.17,2627.57,naval,824.6600000000001,0.3138489174408294
2528,1916,1919,russia,allied_powers,169.48,107.4,2552.02,naval,276.88,0.1084944475356776
2529,1916,1919,united_kingdom,allied_powers,593.65,254.23,526.96,air,847.88,1.6090025808410504
2530,1916,1918,united_kingdom,allied_powers,371.91,381.89,1804.19,naval,753.8,0.4178052200710568
2531,1914,1918,france,allied_powers,649.49,302.98,318.8,balkans,952.47,2.98767252195734
2532,1915,1919,italy,allied_powers,697.78,45.88,1645.47,naval,743.66,0.4519438215221182
2533,1915,1918,russia,allied_powers,363.93,13.19,1925.87,air,377.12,0.1958179939455934
2534,1917,1918,italy,allied_powers,388.91,372.79,1414.91,africa,761.7,0.5383381275134107
2535,1916,1919,united_kingdom,allied_powers,292.46,389.3,2080.57,africa,681.76,0.3276794340012592
2536,1914,1919,belgium,allied_powers,787.92,574.26,894.36,eastern_front,1362.1799999999998,1.5230779551858311
2537,1916,1918,italy,allied_powers,728.3,37.49,1386.74,africa,765.79,0.5522231997346294
2538,1914,1919,france,allied_powers,566.61,111.39,933.14,africa,678.0,0.7265790770945411
2539,1916,1919,russia,allied_powers,710.75,399.05,1447.07,italian_front,1109.8,0.7669290359139502
2540,1915,1918,united_kingdom,allied_powers,740.46,217.74,2581.82,italian_front,958.2,0.3711335414552525
2541,1916,1919,serbia,allied_powers,898.8,262.19,904.21,western_front,1160.99,1.2839827031331217
2542,1915,1918,germany,central_powers,430.9,190.53,1726.14,western_front,621.43,0.360011354814789
2543,1916,1918,germany,central_powers,272.94,5.39,1683.38,italian_front,278.33,0.1653399707730874
2544,1915,1919,belgium,allied_powers,426.22,121.68,1822.44,balkans,547.9000000000001,0.3006408990145081
2545,1917,1919,germany,central_powers,216.06,491.72,392.12,naval,707.78,1.8050086708150568
2546,1915,1918,russia,allied_powers,83.95,355.44,950.68,balkans,439.39,0.4621849623427441
2547,1914,1918,austria-hungary,central_powers,142.85,70.65,1738.22,naval,213.5,0.1228267998297108
2548,1915,1918,italy,allied_powers,867.84,436.37,2103.76,balkans,1304.21,0.61994238886565
2549,1917,1919,austria-hungary,central_powers,820.24,51.5,2581.86,air,871.74,0.3376403058260324
2550,1914,1919,italy,allied_powers,101.7,433.45,2356.08,middle_east,535.15,0.2271357509082883
2551,1916,1919,united_states,allied_powers,231.24,311.78,2321.34,naval,543.02,0.2339252328396529
2552,1917,1919,italy,allied_powers,137.67,45.61,1163.11,africa,183.28,0.1575775292104788
2553,1915,1919,united_kingdom,allied_powers,693.72,414.17,1346.5,eastern_front,1107.89,0.8227924248050502
2554,1917,1918,ottoman_empire,central_powers,21.42,207.55,1842.23,western_front,228.97000000000003,0.1242895838196099
2555,1917,1919,russia,allied_powers,621.33,36.03,1504.8,balkans,657.36,0.4368421052631579
2556,1914,1919,united_kingdom,allied_powers,379.35,150.16,687.8,eastern_front,529.51,0.7698604245420181
2557,1917,1919,austria-hungary,central_powers,624.45,331.46,1888.0,air,955.91,0.5063082627118645
2558,1914,1919,belgium,allied_powers,822.09,503.16,467.05,italian_front,1325.25,2.837490632694572
2559,1916,1919,russia,allied_powers,692.6,536.55,2866.71,africa,1229.15,0.428766774455735
2560,1915,1918,belgium,allied_powers,818.08,328.91,1492.67,naval,1146.99,0.768414987907575
2561,1915,1918,united_kingdom,allied_powers,625.68,247.01,1344.98,balkans,872.6899999999999,0.648849797023004
2562,1916,1919,france,allied_powers,208.57,460.15,434.29,air,668.72,1.5398005940730848
2563,1916,1919,united_states,allied_powers,34.55,156.46,1564.49,italian_front,191.01,0.1220909050233622
2564,1916,1919,united_states,allied_powers,490.1,424.19,2148.45,eastern_front,914.29,0.4255579603900487
2565,1917,1918,ottoman_empire,central_powers,773.91,526.53,274.58,eastern_front,1300.44,4.736106052880764
2566,1914,1919,austria-hungary,central_powers,874.24,545.91,567.58,africa,1420.15,2.502114239402375
2567,1916,1918,france,allied_powers,726.45,119.44,2637.99,air,845.8900000000001,0.3206570153791334
2568,1916,1919,united_kingdom,allied_powers,893.24,510.81,323.51,naval,1404.05,4.340051312169639
2569,1915,1918,austria-hungary,central_powers,621.73,391.15,2194.0,naval,1012.88,0.4616590701914311
2570,1915,1919,united_states,allied_powers,881.88,351.49,812.98,western_front,1233.37,1.5170975915766685
2571,1916,1918,russia,allied_powers,723.37,474.54,2575.59,eastern_front,1197.91,0.4651012001133721
2572,1916,1919,united_states,allied_powers,15.02,252.27,2440.89,balkans,267.29,0.1095051395187821
2573,1916,1918,serbia,allied_powers,230.32,368.03,1192.23,middle_east,598.3499999999999,0.5018746382828816
2574,1914,1919,germany,central_powers,309.17,300.54,2903.33,africa,609.71,0.2100036854232898
2575,1914,1919,austria-hungary,central_powers,522.38,470.0,2106.5,balkans,992.38,0.4711037265606456
2576,1916,1918,belgium,allied_powers,741.16,253.83,2732.87,naval,994.99,0.3640824481223036
2577,1914,1918,united_states,allied_powers,419.15,579.59,355.15,western_front,998.74,2.81216387441926
2578,1916,1919,russia,allied_powers,770.93,524.44,2345.65,naval,1295.37,0.5522435145908383
2579,1914,1919,italy,allied_powers,696.71,472.41,2666.65,italian_front,1169.12,0.4384227401421259
2580,1917,1918,ottoman_empire,central_powers,516.83,333.1,1995.66,air,849.9300000000001,0.4258891795195574
2581,1917,1919,france,allied_powers,308.14,336.44,2656.42,air,644.5799999999999,0.2426498821722468
2582,1914,1919,united_states,allied_powers,109.62,593.31,401.82,eastern_front,702.93,1.7493653874869344
2583,1917,1918,united_kingdom,allied_powers,412.27,480.25,558.76,eastern_front,892.52,1.5973226429952037
2584,1916,1918,united_states,allied_powers,504.05,503.35,2197.63,balkans,1007.4,0.4584029158684583
2585,1914,1918,germany,central_powers,838.35,94.52,2265.34,africa,932.87,0.4118013190073013
2586,1915,1919,serbia,allied_powers,599.59,247.45,107.61,air,847.04,7.871387417526252
2587,1915,1918,france,allied_powers,277.39,454.91,2022.48,africa,732.3,0.3620802183457932
2588,1914,1918,united_kingdom,allied_powers,758.66,13.19,187.6,balkans,771.85,4.1143390191897655
2589,1914,1919,germany,central_powers,449.34,504.47,2269.76,naval,953.81,0.4202250458198223
2590,1916,1919,united_states,allied_powers,487.2,519.21,2804.92,italian_front,1006.41,0.358801677053178
2591,1914,1919,italy,allied_powers,285.68,80.37,1439.13,middle_east,366.05,0.2543550617386893
2592,1915,1918,united_states,allied_powers,520.08,2.59,2762.34,air,522.6700000000001,0.1892127688843516
2593,1915,1918,ottoman_empire,central_powers,358.08,595.02,716.02,western_front,953.1,1.331108069606994
2594,1917,1919,italy,allied_powers,201.19,6.56,2736.04,africa,207.75,0.0759309074428736
2595,1916,1918,italy,allied_powers,389.98,206.03,1959.52,naval,596.01,0.3041612231566914
2596,1917,1919,italy,allied_powers,180.89,456.15,1745.53,eastern_front,637.04,0.3649550566303644
2597,1916,1918,serbia,allied_powers,175.52,295.79,730.12,naval,471.31000000000006,0.6455240234482004
2598,1916,1919,united_states,allied_powers,805.79,499.82,2450.39,italian_front,1305.61,0.5328172250131612
2599,1915,1918,russia,allied_powers,742.27,440.14,2157.42,western_front,1182.41,0.5480666722288658
2600,1916,1918,united_kingdom,allied_powers,669.01,7.18,632.67,balkans,676.1899999999999,1.0687878356805285
2601,1915,1919,france,allied_powers,324.68,292.38,1664.9,africa,617.06,0.3706288665985944
2602,1917,1918,united_states,allied_powers,514.66,231.69,98.86,africa,746.3499999999999,7.549565041472789
2603,1916,1919,france,allied_powers,441.03,418.19,2385.07,middle_east,859.22,0.3602493847140754
2604,1917,1919,russia,allied_powers,566.69,270.46,1960.69,western_front,837.1500000000001,0.4269670371144852
2605,1916,1918,belgium,allied_powers,192.83,481.77,162.15,middle_east,674.6,4.160345359235276
2606,1917,1918,italy,allied_powers,214.98,57.21,1553.94,balkans,272.19,0.1751612031352561
2607,1916,1918,italy,allied_powers,357.11,260.92,2738.95,western_front,618.03,0.2256448639077018
2608,1914,1919,austria-hungary,central_powers,376.38,56.63,928.64,air,433.01,0.4662840282563749
2609,1917,1918,serbia,allied_powers,801.63,1.08,1606.82,italian_front,802.71,0.4995643569285919
2610,1917,1919,france,allied_powers,317.87,455.74,763.94,italian_front,773.61,1.0126580621514778
2611,1917,1918,serbia,allied_powers,7.49,334.02,1076.21,middle_east,341.51,0.3173265440759703
2612,1916,1918,united_kingdom,allied_powers,442.05,19.27,491.37,eastern_front,461.32,0.9388444552984512
2613,1917,1918,russia,allied_powers,316.48,234.62,2394.45,naval,551.1,0.2301572386142955
2614,1915,1919,serbia,allied_powers,538.95,39.65,2019.22,air,578.6,0.2865462901516427
2615,1914,1918,ottoman_empire,central_powers,673.26,125.12,2583.63,middle_east,798.38,0.3090148357156403
2616,1917,1918,serbia,allied_powers,567.46,168.0,1478.81,air,735.46,0.4973323144961151
2617,1914,1918,ottoman_empire,central_powers,823.85,462.81,1987.95,air,1286.66,0.6472295580874771
2618,1916,1919,austria-hungary,central_powers,392.36,345.0,935.43,air,737.36,0.7882578065702405
2619,1917,1918,belgium,allied_powers,27.97,199.39,1338.39,africa,227.36,0.1698757462324135
2620,1916,1919,serbia,allied_powers,830.2,324.08,747.35,air,1154.28,1.544497223523115
2621,1916,1919,belgium,allied_powers,557.45,302.27,1215.46,western_front,859.72,0.7073206851726919
2622,1914,1919,serbia,allied_powers,239.43,133.76,2334.86,middle_east,373.19,0.1598339943294244
2623,1917,1919,germany,central_powers,617.74,233.63,2476.51,italian_front,851.37,0.3437781393977815
2624,1914,1918,ottoman_empire,central_powers,262.37,256.59,2718.9,africa,518.96,0.1908713082496597
2625,1917,1919,united_states,allied_powers,661.46,349.91,1988.37,air,1011.37,0.5086427576356514
2626,1915,1918,russia,allied_powers,734.72,243.33,973.38,africa,978.05,1.0047977151780394
2627,1914,1918,france,allied_powers,469.5,133.36,689.19,western_front,602.86,0.8747370101133214
2628,1917,1918,belgium,allied_powers,284.77,0.69,2594.69,eastern_front,285.46,0.1100169962500337
2629,1917,1918,united_kingdom,allied_powers,166.74,176.93,1093.77,western_front,343.67,0.3142068259323258
2630,1916,1918,serbia,allied_powers,547.22,462.55,392.01,naval,1009.77,2.575878166373307
2631,1916,1918,serbia,allied_powers,479.5,49.35,1327.64,eastern_front,528.85,0.3983384049893043
2632,1914,1919,germany,central_powers,816.55,572.56,2550.04,italian_front,1389.11,0.544740474659221
2633,1914,1919,serbia,allied_powers,187.57,84.73,2299.1,eastern_front,272.3,0.1184376495150276
2634,1915,1918,united_kingdom,allied_powers,430.72,405.9,2810.12,middle_east,836.62,0.2977168234808478
2635,1916,1919,austria-hungary,central_powers,7.21,239.96,251.47,italian_front,247.17,0.982900544796596
2636,1915,1918,ottoman_empire,central_powers,896.98,222.67,266.62,balkans,1119.65,4.199422398919811
2637,1915,1918,united_kingdom,allied_powers,488.3,539.58,2018.32,eastern_front,1027.88,0.509275040627849
2638,1915,1918,italy,allied_powers,525.76,447.45,2318.51,western_front,973.21,0.4197566540579941
2639,1915,1918,italy,allied_powers,388.0,395.03,1539.44,eastern_front,783.03,0.5086460011432729
2640,1917,1918,austria-hungary,central_powers,28.73,98.38,242.05,naval,127.11,0.5251394340012394
2641,1914,1918,france,allied_powers,692.04,152.28,2254.1,naval,844.3199999999999,0.3745707821303402
2642,1914,1919,united_kingdom,allied_powers,756.86,164.27,1713.57,eastern_front,921.13,0.5375502605671201
2643,1914,1919,belgium,allied_powers,373.16,79.46,2836.76,western_front,452.62,0.1595552672767523
2644,1915,1919,austria-hungary,central_powers,547.94,164.87,949.89,western_front,712.8100000000001,0.750413205739612
2645,1916,1919,germany,central_powers,763.33,404.85,1899.95,air,1168.18,0.6148477591515566
2646,1917,1918,united_kingdom,allied_powers,352.28,514.08,892.79,africa,866.36,0.9703961737922692
2647,1914,1919,belgium,allied_powers,524.62,9.09,2899.96,middle_east,533.71,0.1840404695237175
2648,1917,1919,ottoman_empire,central_powers,124.26,431.64,1227.1,eastern_front,555.9,0.4530193138293538
2649,1915,1919,united_states,allied_powers,113.32,222.06,514.33,naval,335.38,0.6520716271654384
2650,1916,1918,italy,allied_powers,856.71,124.17,2164.56,italian_front,980.88,0.4531544517130502
2651,1915,1918,italy,allied_powers,748.2,0.91,997.04,africa,749.11,0.7513339484875231
2652,1917,1918,france,allied_powers,860.26,34.41,2329.51,air,894.67,0.3840593086099651
2653,1916,1918,france,allied_powers,245.7,551.17,99.14,eastern_front,796.8699999999999,8.037825297559007
2654,1915,1918,france,allied_powers,544.47,529.97,2768.0,italian_front,1074.44,0.3881647398843931
2655,1915,1918,austria-hungary,central_powers,726.89,323.18,2380.55,middle_east,1050.07,0.4411039465669698
2656,1915,1919,austria-hungary,central_powers,680.94,58.45,388.53,air,739.3900000000001,1.903044809924588
2657,1915,1919,united_kingdom,allied_powers,723.81,340.33,494.28,eastern_front,1064.14,2.1529092821882334
2658,1917,1919,italy,allied_powers,426.65,583.46,2340.09,balkans,1010.11,0.4316543380810139
2659,1916,1918,germany,central_powers,280.42,448.84,428.37,balkans,729.26,1.7024067978616615
2660,1914,1919,italy,allied_powers,886.43,151.43,1128.29,italian_front,1037.86,0.9198521656666282
2661,1917,1918,united_states,allied_powers,426.06,228.12,1167.65,western_front,654.1800000000001,0.5602535006209053
2662,1917,1919,france,allied_powers,51.0,283.85,662.44,africa,334.85,0.5054797415614999
2663,1915,1918,ottoman_empire,central_powers,86.66,393.08,1468.26,africa,479.74,0.3267404955525588
2664,1916,1918,united_kingdom,allied_powers,74.38,553.22,1098.64,western_front,627.6,0.571251729410908
2665,1916,1919,russia,allied_powers,63.15,477.52,2558.1,middle_east,540.67,0.2113560845940346
2666,1916,1918,austria-hungary,central_powers,839.62,99.19,1324.8,balkans,938.81,0.7086428140096618
2667,1914,1918,russia,allied_powers,272.07,359.99,1124.67,balkans,632.06,0.5619959632603341
2668,1917,1918,belgium,allied_powers,49.26,426.48,2794.64,eastern_front,475.74,0.1702330174906249
2669,1915,1919,united_states,allied_powers,879.89,132.14,426.31,middle_east,1012.03,2.373929769416621
2670,1915,1918,germany,central_powers,206.97,361.45,828.91,eastern_front,568.42,0.685743928773932
2671,1917,1918,belgium,allied_powers,718.0,333.57,963.48,eastern_front,1051.57,1.0914289865902769
2672,1917,1918,ottoman_empire,central_powers,773.81,589.22,1092.09,balkans,1363.03,1.248093105879552
2673,1917,1918,france,allied_powers,708.91,387.19,424.82,italian_front,1096.1,2.58015159361612
2674,1917,1918,united_states,allied_powers,384.57,425.13,685.71,air,809.7,1.1808198801242509
2675,1916,1919,united_kingdom,allied_powers,361.4,579.99,145.76,naval,941.39,6.458493413830955
2676,1914,1918,austria-hungary,central_powers,898.63,312.87,2194.66,balkans,1211.5,0.5520217254608915
2677,1916,1919,germany,central_powers,164.0,17.94,1196.96,africa,181.94,0.1520017377355968
2678,1914,1919,belgium,allied_powers,710.57,151.83,2851.59,western_front,862.4000000000001,0.3024277683678228
2679,1916,1919,serbia,allied_powers,151.06,373.79,1523.94,africa,524.85,0.3444033229654711
2680,1917,1918,serbia,allied_powers,160.36,240.15,1311.63,naval,400.51,0.3053528815290897
2681,1915,1919,russia,allied_powers,81.28,154.47,1807.07,naval,235.75,0.1304598050988617
2682,1914,1919,united_states,allied_powers,173.6,364.88,88.31,italian_front,538.48,6.097610689616125
2683,1914,1918,france,allied_powers,549.2,200.92,1600.78,eastern_front,750.12,0.468596559177401
2684,1915,1919,serbia,allied_powers,682.57,157.3,1775.83,middle_east,839.8700000000001,0.4729450454153833
2685,1917,1918,united_states,allied_powers,17.67,503.63,2943.27,naval,521.3,0.1771159288818219
2686,1917,1918,united_states,allied_powers,844.81,228.84,2015.6,western_front,1073.65,0.5326701726533042
2687,1917,1918,russia,allied_powers,163.9,183.68,2040.15,western_front,347.58000000000004,0.1703698257481067
2688,1917,1919,italy,allied_powers,885.78,62.58,2540.54,italian_front,948.36,0.3732907177214293
2689,1915,1918,united_kingdom,allied_powers,104.95,201.72,2049.6,air,306.67,0.1496243169398907
2690,1915,1918,serbia,allied_powers,457.67,244.08,1677.88,naval,701.75,0.4182361074689489
2691,1914,1918,russia,allied_powers,451.36,591.79,1462.61,africa,1043.15,0.7132113140208259
2692,1915,1919,united_states,allied_powers,152.23,120.86,1495.51,middle_east,273.09,0.1826066024299402
2693,1916,1919,belgium,allied_powers,590.58,232.65,1876.11,middle_east,823.23,0.4387962326302829
2694,1914,1919,austria-hungary,central_powers,816.5,518.19,1960.93,africa,1334.69,0.6806413283493037
2695,1916,1918,germany,central_powers,583.06,335.72,855.04,air,918.78,1.0745462200598803
2696,1915,1919,russia,allied_powers,724.45,209.96,1684.2,africa,934.41,0.5548094050587816
2697,1916,1918,belgium,allied_powers,832.5,348.42,600.26,balkans,1180.92,1.967347482757472
2698,1917,1919,united_kingdom,allied_powers,200.05,125.81,2904.39,western_front,325.86,0.1121956762005102
2699,1917,1918,united_kingdom,allied_powers,93.92,481.4,2644.52,italian_front,575.3199999999999,0.2175517674284936
2700,1917,1919,austria-hungary,central_powers,421.08,388.81,836.11,balkans,809.89,0.968640489887694
2701,1915,1918,russia,allied_powers,557.78,159.04,1040.24,italian_front,716.8199999999999,0.689090979004845
2702,1916,1918,united_kingdom,allied_powers,565.83,262.01,1474.67,western_front,827.84,0.5613730529542202
2703,1916,1918,belgium,allied_powers,533.12,277.16,1719.06,naval,810.28,0.4713506218514769
2704,1915,1918,austria-hungary,central_powers,194.25,193.2,2593.52,naval,387.45,0.1493915605046423
2705,1915,1919,germany,central_powers,29.5,456.44,135.53,western_front,485.94,3.585479229690843
2706,1917,1919,france,allied_powers,612.5,72.29,521.77,western_front,684.79,1.3124365141729115
2707,1914,1918,russia,allied_powers,416.09,218.67,1951.59,eastern_front,634.76,0.3252527426354921
2708,1915,1918,belgium,allied_powers,9.07,550.04,1539.82,air,559.11,0.3631008819212635
2709,1914,1919,united_kingdom,allied_powers,241.33,297.83,2898.57,africa,539.16,0.1860089630403957
2710,1916,1919,united_kingdom,allied_powers,229.62,504.93,1086.24,middle_east,734.55,0.6762317719840919
2711,1916,1918,serbia,allied_powers,431.81,308.69,1862.3,middle_east,740.5,0.3976265907748483
2712,1915,1919,france,allied_powers,443.71,311.79,2251.03,middle_east,755.5,0.3356241365063993
2713,1914,1919,russia,allied_powers,874.57,20.69,1897.68,balkans,895.2600000000001,0.4717655242190464
2714,1916,1918,france,allied_powers,143.9,500.13,1964.47,naval,644.03,0.3278390609171939
2715,1917,1919,united_kingdom,allied_powers,740.45,99.5,775.37,balkans,839.95,1.0832892683493045
2716,1915,1918,italy,allied_powers,724.78,505.03,2422.72,air,1229.81,0.5076154074758948
2717,1914,1918,france,allied_powers,878.78,196.15,114.88,africa,1074.93,9.356981197771589
2718,1915,1918,united_kingdom,allied_powers,475.98,75.11,2094.7,naval,551.09,0.2630877930013844
2719,1916,1919,belgium,allied_powers,399.68,494.82,1820.01,air,894.5,0.4914808160394723
2720,1915,1919,russia,allied_powers,747.05,225.16,299.7,africa,972.21,3.243943943943944
2721,1915,1918,germany,central_powers,320.18,574.04,1538.11,naval,894.22,0.581375844380441
2722,1917,1919,italy,allied_powers,37.88,32.66,1564.24,eastern_front,70.53999999999999,0.0450953817828466
2723,1916,1919,ottoman_empire,central_powers,608.01,203.48,2482.44,middle_east,811.49,0.326892090040444
2724,1914,1919,austria-hungary,central_powers,367.09,174.64,750.11,western_front,541.73,0.7222007438908961
2725,1917,1919,serbia,allied_powers,332.07,199.92,1556.8,africa,531.99,0.3417201952723536
2726,1915,1918,italy,allied_powers,402.88,501.9,1901.38,air,904.78,0.4758543794507147
2727,1915,1919,germany,central_powers,463.37,89.46,900.95,middle_east,552.83,0.6136078583717187
2728,1917,1918,united_kingdom,allied_powers,786.88,535.68,1819.54,western_front,1322.56,0.7268650318212295
2729,1917,1919,ottoman_empire,central_powers,120.18,406.81,1055.71,middle_east,526.99,0.4991806462001875
2730,1916,1919,united_kingdom,allied_powers,699.09,258.84,827.35,balkans,957.93,1.1578292137547592
2731,1915,1918,united_states,allied_powers,325.04,483.26,2828.65,air,808.3,0.2857546886323864
2732,1915,1919,united_kingdom,allied_powers,305.75,576.25,1042.35,eastern_front,882.0,0.8461649158152252
2733,1916,1919,france,allied_powers,892.9,573.81,2007.51,naval,1466.71,0.7306115536161712
2734,1917,1919,belgium,allied_powers,321.15,5.16,2966.11,naval,326.31,0.1100127776785082
2735,1917,1918,france,allied_powers,80.83,546.48,2057.45,middle_east,627.3100000000001,0.3048968383192788
2736,1914,1919,ottoman_empire,central_powers,345.96,28.21,2817.48,balkans,374.17,0.13280307224896
2737,1917,1918,france,allied_powers,332.33,474.14,1678.01,africa,806.47,0.4806109617940298
2738,1916,1918,germany,central_powers,257.25,20.27,2139.08,italian_front,277.52,0.1297380182134375
2739,1915,1919,united_kingdom,allied_powers,489.47,381.95,1580.34,western_front,871.4200000000001,0.55141298707873
2740,1915,1919,belgium,allied_powers,677.67,247.62,1385.78,middle_east,925.29,0.6677033872620474
2741,1915,1918,belgium,allied_powers,167.85,112.22,2309.48,balkans,280.07,0.1212697230545404
2742,1915,1919,united_kingdom,allied_powers,417.33,335.5,2311.16,middle_east,752.8299999999999,0.3257368594125893
2743,1917,1919,serbia,allied_powers,466.94,410.02,1671.52,balkans,876.96,0.5246482243706327
2744,1915,1919,france,allied_powers,839.11,154.72,2455.57,naval,993.83,0.4047247685873341
2745,1916,1918,italy,allied_powers,363.63,392.33,628.15,eastern_front,755.96,1.2034705086364723
2746,1917,1918,serbia,allied_powers,352.04,400.77,2433.07,naval,752.81,0.3094074564233663
2747,1915,1918,germany,central_powers,345.95,294.64,597.93,italian_front,640.5899999999999,1.0713461441974812
2748,1915,1919,ottoman_empire,central_powers,184.17,248.5,2763.76,middle_east,432.67,0.1565512200769965
2749,1915,1918,italy,allied_powers,347.15,480.15,2673.95,middle_east,827.3,0.3093924718113652
2750,1916,1919,united_kingdom,allied_powers,304.25,509.91,438.71,naval,814.1600000000001,1.855804517790796
2751,1916,1919,ottoman_empire,central_powers,149.88,22.33,1262.71,middle_east,172.20999999999998,0.1363812751938291
2752,1916,1919,united_kingdom,allied_powers,136.68,588.42,1554.8,italian_front,725.0999999999999,0.4663622330846411
2753,1914,1919,russia,allied_powers,75.46,344.88,1736.37,italian_front,420.34,0.2420797410690117
2754,1914,1919,france,allied_powers,202.19,527.53,1664.62,naval,729.72,0.4383703187514268
2755,1916,1918,serbia,allied_powers,781.36,285.74,1298.78,italian_front,1067.1,0.8216172099970741
2756,1914,1919,russia,allied_powers,87.11,241.63,2764.27,italian_front,328.74,0.1189247070655182
2757,1917,1918,germany,central_powers,543.22,317.48,1081.24,western_front,860.7,0.7960304835189228
2758,1917,1919,germany,central_powers,18.03,108.52,1868.44,western_front,126.55,0.0677302990730234
2759,1916,1918,united_kingdom,allied_powers,848.02,4.24,1477.74,africa,852.26,0.5767320367588344
2760,1917,1918,germany,central_powers,361.91,352.81,898.13,western_front,714.72,0.7957868014652667
2761,1917,1918,austria-hungary,central_powers,75.33,76.19,881.91,italian_front,151.51999999999998,0.171808914741867
2762,1917,1919,germany,central_powers,181.92,52.33,1270.78,naval,234.25,0.1843356049040746
2763,1917,1918,italy,allied_powers,305.2,252.88,2823.52,middle_east,558.0799999999999,0.1976539921799739
2764,1917,1918,italy,allied_powers,7.94,533.61,1100.93,italian_front,541.5500000000001,0.4919023007820661
2765,1917,1918,france,allied_powers,874.35,50.4,1591.52,africa,924.75,0.5810483060219161
2766,1915,1918,russia,allied_powers,723.31,456.26,2761.18,balkans,1179.57,0.4271977922482416
2767,1916,1919,italy,allied_powers,736.11,537.88,1765.96,eastern_front,1273.99,0.7214149810867744
2768,1915,1918,germany,central_powers,615.38,247.65,1608.55,italian_front,863.03,0.5365266855242299
2769,1914,1918,france,allied_powers,291.37,183.22,1538.05,western_front,474.59,0.3085660414160788
2770,1915,1918,italy,allied_powers,202.62,250.28,2303.66,middle_east,452.9,0.1966001927367754
2771,1916,1919,united_kingdom,allied_powers,520.3,324.39,881.33,balkans,844.6899999999999,0.9584264690864942
2772,1917,1918,united_states,allied_powers,745.78,448.14,1350.47,italian_front,1193.92,0.8840773952771999
2773,1915,1918,france,allied_powers,578.11,508.19,1153.63,balkans,1086.3,0.9416363998855783
2774,1917,1919,serbia,allied_powers,444.73,443.83,2905.22,western_front,888.56,0.3058494709522859
2775,1914,1918,serbia,allied_powers,697.23,364.14,1667.18,africa,1061.37,0.6366259192168812
2776,1915,1919,united_kingdom,allied_powers,542.34,490.06,2181.91,middle_east,1032.4,0.4731634210393646
2777,1916,1919,serbia,allied_powers,838.32,221.48,113.29,italian_front,1059.8,9.35475328802189
2778,1914,1919,united_kingdom,allied_powers,484.65,389.0,1304.87,naval,873.65,0.6695302980373524
2779,1915,1919,ottoman_empire,central_powers,110.03,261.95,2589.19,western_front,371.98,0.1436665520877185
2780,1915,1919,serbia,allied_powers,760.04,2.59,1689.45,western_front,762.63,0.4514072627186362
2781,1915,1918,germany,central_powers,22.69,557.48,2416.69,air,580.1700000000001,0.2400680269293952
2782,1917,1919,austria-hungary,central_powers,418.27,418.75,1544.24,western_front,837.02,0.5420271460394757
2783,1917,1919,united_kingdom,allied_powers,405.19,381.63,2887.18,middle_east,786.8199999999999,0.2725219764614606
2784,1914,1918,italy,allied_powers,873.87,221.35,758.47,italian_front,1095.22,1.4439859190211874
2785,1915,1919,united_states,allied_powers,96.15,280.45,833.77,western_front,376.6,0.4516833179413987
2786,1915,1919,france,allied_powers,654.52,157.65,1375.36,eastern_front,812.17,0.5905144834806887
2787,1915,1919,russia,allied_powers,212.44,232.28,1757.13,africa,444.72,0.2530945348380597
2788,1915,1918,united_kingdom,allied_powers,802.96,255.76,1754.89,eastern_front,1058.72,0.6032970727509986
2789,1914,1918,russia,allied_powers,215.84,23.02,1899.99,naval,238.86,0.1257164511392165
2790,1915,1918,belgium,allied_powers,464.52,442.96,2359.64,africa,907.48,0.3845840890983371
2791,1916,1918,united_kingdom,allied_powers,538.8,166.42,1669.14,naval,705.2199999999999,0.4225050025761769
2792,1914,1918,ottoman_empire,central_powers,769.19,353.75,906.63,italian_front,1122.94,1.2385868546154442
2793,1915,1918,france,allied_powers,580.67,306.65,1040.16,italian_front,887.3199999999999,0.8530610675280724
2794,1916,1919,italy,allied_powers,868.93,415.79,1510.1,africa,1284.72,0.8507516058539171
2795,1916,1918,austria-hungary,central_powers,272.33,191.9,1081.74,eastern_front,464.23,0.429151182354355
2796,1916,1919,serbia,allied_powers,810.04,275.93,197.98,africa,1085.97,5.485251035458128
2797,1915,1919,italy,allied_powers,168.62,367.28,631.38,africa,535.9,0.8487756976781019
2798,1917,1919,italy,allied_powers,360.36,455.53,722.1,western_front,815.89,1.1298850574712642
2799,1914,1918,austria-hungary,central_powers,772.44,467.82,1799.36,eastern_front,1240.26,0.6892784101013694
2800,1916,1918,france,allied_powers,719.93,303.21,2638.01,eastern_front,1023.14,0.3878453834519201
2801,1914,1918,italy,allied_powers,874.05,192.92,1609.57,italian_front,1066.97,0.6628913312251099
2802,1916,1919,austria-hungary,central_powers,333.12,32.4,322.9,western_front,365.52,1.1319913285847012
2803,1915,1919,italy,allied_powers,256.17,593.49,59.58,italian_front,849.6600000000001,14.260825780463245
2804,1916,1919,germany,central_powers,513.08,2.88,2517.77,naval,515.96,0.2049273762099
2805,1916,1918,ottoman_empire,central_powers,826.58,480.96,2781.46,middle_east,1307.54,0.4700912470429199
2806,1914,1919,serbia,allied_powers,768.06,46.66,1352.42,western_front,814.7199999999999,0.6024164091036807
2807,1916,1918,france,allied_powers,1.41,102.69,908.64,eastern_front,104.1,0.114566825145272
2808,1914,1919,ottoman_empire,central_powers,598.35,51.99,2209.2,western_front,650.34,0.2943780554046714
2809,1915,1918,italy,allied_powers,127.29,204.66,2824.1,naval,331.95,0.1175418717467511
2810,1916,1918,italy,allied_powers,494.38,339.71,2126.48,air,834.0899999999999,0.3922397577216808
2811,1915,1918,austria-hungary,central_powers,513.82,546.34,847.49,eastern_front,1060.16,1.2509410140532633
2812,1914,1918,ottoman_empire,central_powers,523.39,348.5,889.3,balkans,871.89,0.9804228044529404
2813,1914,1918,france,allied_powers,272.47,26.25,202.34,italian_front,298.72,1.4763269743995258
2814,1917,1919,serbia,allied_powers,489.84,414.77,483.28,naval,904.61,1.871813441483198
2815,1917,1919,ottoman_empire,central_powers,860.98,416.46,1751.31,africa,1277.44,0.7294196915451863
2816,1914,1918,russia,allied_powers,466.13,529.66,692.3,eastern_front,995.79,1.4383793153257258
2817,1915,1918,belgium,allied_powers,840.74,583.72,2195.43,middle_east,1424.46,0.6488296142441344
2818,1917,1919,germany,central_powers,895.5,188.22,2815.02,eastern_front,1083.72,0.3849777266236119
2819,1917,1919,united_states,allied_powers,27.64,463.77,1876.28,western_front,491.41,0.261906538469738
2820,1917,1919,austria-hungary,central_powers,874.24,420.63,2692.29,naval,1294.87,0.4809548748463204
2821,1914,1918,germany,central_powers,758.71,31.53,761.25,air,790.24,1.0380821018062398
2822,1914,1918,austria-hungary,central_powers,724.09,82.97,865.7,air,807.0600000000001,0.9322629086288552
2823,1917,1918,ottoman_empire,central_powers,523.26,191.78,596.58,italian_front,715.04,1.19856515471521
2824,1915,1918,germany,central_powers,494.8,256.17,112.96,naval,750.97,6.6481055240793205
2825,1915,1919,france,allied_powers,553.16,220.65,744.03,air,773.81,1.0400252677983417
2826,1915,1918,russia,allied_powers,636.69,432.09,1071.23,balkans,1068.78,0.9977129094592198
2827,1916,1918,serbia,allied_powers,551.15,547.81,633.57,middle_east,1098.96,1.7345518253705194
2828,1917,1919,russia,allied_powers,840.99,487.21,2740.26,italian_front,1328.2,0.4846985322560633
2829,1916,1919,germany,central_powers,810.3,349.83,1043.11,africa,1160.13,1.1121837581846594
2830,1916,1918,france,allied_powers,372.71,395.84,1095.44,africa,768.55,0.7015902285839479
2831,1917,1919,russia,allied_powers,207.21,453.91,2215.7,africa,661.12,0.298379744550255
2832,1916,1918,united_states,allied_powers,127.46,156.86,1288.44,air,284.32,0.2206699574679457
2833,1917,1918,russia,allied_powers,101.72,309.81,1351.98,balkans,411.53,0.3043905974940457
2834,1915,1919,italy,allied_powers,858.84,72.44,2714.32,middle_east,931.28,0.3430988240148545
2835,1915,1919,france,allied_powers,546.09,572.41,753.89,balkans,1118.5,1.483638196553874
2836,1917,1918,ottoman_empire,central_powers,703.54,349.09,815.28,balkans,1052.63,1.29112697478167
2837,1914,1918,austria-hungary,central_powers,856.7,429.3,2048.66,balkans,1286.0,0.6277273925395137
2838,1915,1919,united_kingdom,allied_powers,79.43,27.8,1577.5,eastern_front,107.23,0.0679746434231378
2839,1917,1919,france,allied_powers,511.52,344.58,2592.54,balkans,856.0999999999999,0.3302166986816018
2840,1914,1919,united_states,allied_powers,192.53,123.36,951.03,balkans,315.89,0.3321556628076927
2841,1914,1918,ottoman_empire,central_powers,60.01,377.59,376.05,western_front,437.6,1.1636750432123386
2842,1916,1919,united_kingdom,allied_powers,684.1,599.1,2069.67,middle_east,1283.2,0.620002222576546
2843,1917,1919,united_states,allied_powers,715.62,46.51,1592.07,italian_front,762.13,0.4787038258368036
2844,1917,1919,united_states,allied_powers,826.12,518.93,692.33,air,1345.05,1.9427873990726965
2845,1915,1918,serbia,allied_powers,579.26,480.03,173.07,eastern_front,1059.29,6.120587045704051
2846,1916,1919,italy,allied_powers,665.6,246.23,1553.93,eastern_front,911.83,0.5867896237282245
2847,1915,1919,united_states,allied_powers,591.93,467.43,2197.35,eastern_front,1059.36,0.4821079937197078
2848,1914,1919,belgium,allied_powers,558.21,544.35,362.83,air,1102.56,3.0387784913044675
2849,1917,1918,austria-hungary,central_powers,541.25,460.44,1771.41,western_front,1001.69,0.565476089668682
2850,1916,1919,russia,allied_powers,283.3,252.58,1395.46,western_front,535.88,0.3840167399997133
2851,1914,1919,belgium,allied_powers,168.13,412.23,1071.78,balkans,580.36,0.5414917240478456
2852,1916,1919,united_states,allied_powers,637.68,406.68,1395.3,middle_east,1044.36,0.748484196946893
2853,1915,1918,united_kingdom,allied_powers,701.88,407.64,76.99,eastern_front,1109.52,14.411222236654112
2854,1916,1919,germany,central_powers,362.88,413.01,1132.83,eastern_front,775.89,0.6849130054818464
2855,1916,1918,belgium,allied_powers,368.56,49.55,1284.39,western_front,418.11,0.3255319645901945
2856,1916,1919,austria-hungary,central_powers,494.2,282.28,389.19,air,776.48,1.995118065726252
2857,1917,1918,germany,central_powers,417.46,28.68,891.53,balkans,446.14,0.500420625217323
2858,1914,1919,austria-hungary,central_powers,593.81,463.72,1720.57,balkans,1057.53,0.6146393346391021
2859,1914,1918,russia,allied_powers,884.37,481.78,1354.82,western_front,1366.15,1.0083627345330008
2860,1915,1919,austria-hungary,central_powers,21.08,513.12,407.58,naval,534.2,1.3106629373374554
2861,1917,1919,russia,allied_powers,732.85,553.43,2083.55,balkans,1286.28,0.6173501955796596
2862,1914,1918,serbia,allied_powers,807.89,285.04,113.64,air,1092.93,9.617476240760295
2863,1916,1918,ottoman_empire,central_powers,267.12,583.52,2392.15,italian_front,850.64,0.3555964299897581
2864,1916,1918,france,allied_powers,739.64,155.07,1929.11,italian_front,894.71,0.4637941848831845
2865,1915,1918,united_states,allied_powers,223.81,241.51,1770.02,naval,465.32,0.2628896848623179
2866,1915,1918,austria-hungary,central_powers,582.41,254.59,2785.99,eastern_front,837.0,0.3004318034163798
2867,1916,1918,france,allied_powers,749.43,65.65,2071.99,africa,815.0799999999999,0.3933802769318384
2868,1916,1919,france,allied_powers,248.42,496.31,978.02,italian_front,744.73,0.761467045663688
2869,1917,1918,belgium,allied_powers,243.47,367.42,2460.23,africa,610.89,0.2483060526861309
2870,1915,1918,belgium,allied_powers,534.25,495.37,1557.97,balkans,1029.62,0.6608728024288015
2871,1914,1919,italy,allied_powers,785.7,429.78,1550.02,western_front,1215.48,0.7841705268319119
2872,1916,1919,italy,allied_powers,253.17,420.89,1502.4,middle_east,674.06,0.4486554845580404
2873,1916,1919,united_kingdom,allied_powers,385.0,484.14,193.99,middle_east,869.14,4.480334037837002
2874,1915,1919,germany,central_powers,328.37,219.32,663.28,middle_east,547.69,0.8257297069111086
2875,1916,1919,serbia,allied_powers,126.6,13.77,2547.01,naval,140.37,0.0551116799698469
2876,1916,1919,serbia,allied_powers,40.13,453.52,228.32,africa,493.65,2.1620970567624385
2877,1916,1919,serbia,allied_powers,358.03,82.08,2021.87,western_front,440.11,0.2176747268617665
2878,1914,1919,germany,central_powers,53.79,495.23,2261.08,western_front,549.02,0.2428131689281228
2879,1916,1919,belgium,allied_powers,322.38,411.56,766.25,italian_front,733.94,0.9578336052202284
2880,1917,1919,serbia,allied_powers,640.42,212.75,1396.44,africa,853.17,0.6109607287101486
2881,1915,1918,germany,central_powers,656.68,317.69,441.53,air,974.37,2.2068036147034173
2882,1915,1918,united_states,allied_powers,93.02,245.49,2456.32,naval,338.51,0.1378118486190724
2883,1917,1919,france,allied_powers,497.64,139.23,284.39,africa,636.87,2.239424733640424
2884,1915,1918,united_states,allied_powers,611.57,203.44,1101.7,italian_front,815.01,0.739774893346646
2885,1917,1919,germany,central_powers,562.83,191.35,831.73,air,754.1800000000001,0.9067606074086544
2886,1915,1919,serbia,allied_powers,72.75,575.13,403.1,balkans,647.88,1.6072438600843462
2887,1917,1919,austria-hungary,central_powers,804.74,376.17,2863.59,italian_front,1180.91,0.4123879465985005
2888,1917,1919,france,allied_powers,812.44,286.1,378.63,balkans,1098.54,2.9013548847159494
2889,1915,1918,united_kingdom,allied_powers,889.34,31.52,1886.96,air,920.86,0.488012464493153
2890,1915,1918,russia,allied_powers,847.27,445.38,1575.72,italian_front,1292.65,0.8203551392379357
2891,1917,1919,ottoman_empire,central_powers,644.85,0.66,223.44,western_front,645.51,2.888963480128893
2892,1917,1918,belgium,allied_powers,760.9,585.3,1074.15,italian_front,1346.1999999999998,1.2532700274635755
2893,1916,1919,russia,allied_powers,68.77,197.05,1881.01,western_front,265.82,0.1413176963439854
2894,1916,1918,united_states,allied_powers,27.57,100.83,90.59,air,128.4,1.4173749862015674
2895,1917,1918,united_states,allied_powers,11.6,572.87,2216.02,middle_east,584.47,0.2637476196063212
2896,1917,1919,belgium,allied_powers,292.76,409.82,1047.35,air,702.5799999999999,0.670816823411467
2897,1914,1919,austria-hungary,central_powers,746.13,262.92,2708.71,africa,1009.05,0.3725204986875671
2898,1917,1918,belgium,allied_powers,859.94,63.08,2738.25,air,923.02,0.3370839039532548
2899,1915,1919,austria-hungary,central_powers,132.47,292.45,1188.89,africa,424.92,0.3574090117672787
2900,1915,1919,ottoman_empire,central_powers,231.51,20.59,1689.94,eastern_front,252.1,0.1491768938542196
2901,1916,1919,serbia,allied_powers,862.0,52.08,1216.11,air,914.08,0.7516425323367131
2902,1917,1919,serbia,allied_powers,588.15,270.28,1852.89,eastern_front,858.43,0.4632924782367004
2903,1914,1918,serbia,allied_powers,791.05,66.15,2234.58,italian_front,857.1999999999999,0.383606762792113
2904,1916,1918,austria-hungary,central_powers,3.47,24.05,1903.39,air,27.52,0.0144584136724475
2905,1917,1919,ottoman_empire,central_powers,126.47,30.58,2913.75,naval,157.05,0.0538996138996139
2906,1916,1919,italy,allied_powers,802.03,594.14,2967.57,eastern_front,1396.17,0.4704758438722591
2907,1916,1919,italy,allied_powers,128.53,183.31,1054.24,africa,311.84000000000003,0.2957960236758233
2908,1914,1919,ottoman_empire,central_powers,42.51,572.26,140.94,air,614.77,4.361927061160777
2909,1917,1919,serbia,allied_powers,291.54,439.5,1631.51,balkans,731.04,0.4480757090057676
2910,1917,1918,ottoman_empire,central_powers,23.38,163.78,1163.12,air,187.16,0.1609120297131852
2911,1917,1918,serbia,allied_powers,656.89,396.46,2975.91,western_front,1053.35,0.3539589570921163
2912,1917,1918,belgium,allied_powers,393.56,525.05,2724.31,naval,918.61,0.3371899673678839
2913,1914,1919,belgium,allied_powers,386.75,314.35,906.89,middle_east,701.1,0.7730816306277498
2914,1916,1918,russia,allied_powers,226.37,435.61,1832.87,air,661.98,0.3611712778320339
2915,1915,1919,germany,central_powers,185.25,131.67,2615.08,italian_front,316.92,0.121189409119415
2916,1914,1918,russia,allied_powers,595.97,4.53,2169.21,air,600.5,0.2768288916241396
2917,1917,1919,italy,allied_powers,100.31,570.39,1967.22,air,670.7,0.3409379733837598
2918,1916,1919,france,allied_powers,617.37,443.28,1143.22,balkans,1060.65,0.9277741816973112
2919,1917,1919,ottoman_empire,central_powers,361.38,151.4,2919.36,africa,512.78,0.1756480872520004
2920,1914,1919,austria-hungary,central_powers,792.54,555.98,258.3,italian_front,1348.52,5.220751064653504
2921,1917,1918,united_states,allied_powers,269.88,165.89,541.5,air,435.77,0.8047460757156047
2922,1916,1918,serbia,allied_powers,421.2,407.82,1953.8,naval,829.02,0.4243115979117617
2923,1917,1919,ottoman_empire,central_powers,182.75,22.94,528.57,italian_front,205.69,0.389144294984581
2924,1915,1918,russia,allied_powers,807.26,65.54,380.51,balkans,872.8,2.293763633018843
2925,1917,1919,italy,allied_powers,448.84,223.23,2104.76,middle_east,672.0699999999999,0.3193095649860316
2926,1914,1919,russia,allied_powers,548.14,561.87,1072.0,eastern_front,1110.01,1.0354570895522388
2927,1917,1918,russia,allied_powers,314.84,238.75,1301.43,air,553.5899999999999,0.4253705539291394
2928,1915,1919,france,allied_powers,588.34,554.09,1014.71,naval,1142.43,1.1258684747366243
2929,1914,1919,ottoman_empire,central_powers,276.56,282.58,2125.86,italian_front,559.14,0.2630182608450227
2930,1916,1918,france,allied_powers,869.53,274.82,1330.62,naval,1144.35,0.8600126256932858
2931,1914,1918,serbia,allied_powers,612.03,598.09,972.78,air,1210.12,1.243981167375974
2932,1917,1918,france,allied_powers,573.61,343.49,1920.04,eastern_front,917.1,0.4776462990354367
2933,1916,1919,germany,central_powers,85.37,202.28,1253.7,naval,287.65,0.2294408550689957
2934,1916,1918,russia,allied_powers,345.55,194.16,2037.11,italian_front,539.71,0.2649390558192734
2935,1914,1919,serbia,allied_powers,754.53,39.79,857.28,africa,794.3199999999999,0.9265584173198954
2936,1916,1918,united_states,allied_powers,332.8,456.1,2249.61,africa,788.9000000000001,0.3506830072768169
2937,1914,1919,austria-hungary,central_powers,4.51,556.76,646.52,western_front,561.27,0.8681401967456537
2938,1917,1918,italy,allied_powers,844.89,77.97,2616.05,italian_front,922.86,0.3527684868408478
2939,1916,1919,ottoman_empire,central_powers,394.38,266.57,1453.66,middle_east,660.95,0.4546799113960623
2940,1914,1919,germany,central_powers,366.25,63.9,2679.38,air,430.15,0.1605408713956213
2941,1915,1919,united_kingdom,allied_powers,865.59,207.77,2804.53,italian_front,1073.36,0.3827236649278132
2942,1915,1918,germany,central_powers,557.24,444.64,2918.68,western_front,1001.88,0.3432647635232365
2943,1917,1919,serbia,allied_powers,748.38,362.01,1830.84,balkans,1110.39,0.6064921019859736
2944,1914,1918,serbia,allied_powers,511.06,472.61,979.42,air,983.67,1.0043393028527088
2945,1914,1918,germany,central_powers,750.08,423.87,2576.31,naval,1173.95,0.455671095481522
2946,1914,1919,ottoman_empire,central_powers,789.02,235.68,905.8,middle_east,1024.7,1.1312651799514242
2947,1917,1918,germany,central_powers,568.75,278.3,493.23,middle_east,847.05,1.71735295906575
2948,1915,1919,belgium,allied_powers,762.61,304.61,2653.38,italian_front,1067.22,0.4022115188928838
2949,1917,1918,russia,allied_powers,675.8,131.22,92.08,western_front,807.02,8.764335360556037
2950,1917,1918,belgium,allied_powers,581.2,285.77,1365.54,italian_front,866.97,0.6348916911990861
2951,1917,1918,belgium,allied_powers,867.57,392.71,761.92,air,1260.28,1.654084418311634
2952,1915,1918,italy,allied_powers,770.25,317.25,2817.91,middle_east,1087.5,0.3859243197972966
2953,1917,1918,united_states,allied_powers,446.08,188.49,2964.93,africa,634.5699999999999,0.2140252889612908
2954,1917,1919,serbia,allied_powers,821.89,245.33,2377.75,naval,1067.22,0.4488360845336978
2955,1915,1918,germany,central_powers,512.86,237.4,852.54,air,750.26,0.8800290895441857
2956,1915,1918,france,allied_powers,305.32,288.23,1784.23,italian_front,593.55,0.3326645107413282
2957,1915,1918,ottoman_empire,central_powers,246.44,171.2,2810.36,air,417.64,0.1486072958624517
2958,1917,1918,united_states,allied_powers,161.87,335.96,409.49,eastern_front,497.83,1.2157317639014382
2959,1915,1919,germany,central_powers,574.53,20.25,2163.08,balkans,594.78,0.2749690256486121
2960,1916,1918,serbia,allied_powers,179.12,33.13,1660.02,air,212.25,0.1278599053023457
2961,1916,1919,serbia,allied_powers,46.22,586.21,1542.05,naval,632.4300000000001,0.4101228883628936
2962,1917,1919,ottoman_empire,central_powers,612.33,339.26,962.43,middle_east,951.59,0.988736843198986
2963,1916,1918,serbia,allied_powers,301.44,380.11,537.24,africa,681.55,1.2686136549772913
2964,1915,1918,united_states,allied_powers,439.57,379.39,947.3,italian_front,818.96,0.8645202153488863
2965,1915,1919,united_states,allied_powers,174.0,403.35,760.84,western_front,577.35,0.7588323431996215
2966,1914,1918,austria-hungary,central_powers,656.25,232.11,1663.2,africa,888.36,0.5341269841269841
2967,1917,1919,austria-hungary,central_powers,804.83,153.27,106.07,italian_front,958.1,9.032714245309702
2968,1917,1919,russia,allied_powers,246.49,510.13,2926.3,naval,756.62,0.2585585893449065
2969,1915,1918,serbia,allied_powers,241.8,252.79,250.95,eastern_front,494.59,1.970870691372784
2970,1915,1918,germany,central_powers,70.02,129.43,1528.46,eastern_front,199.45,0.130490820826191
2971,1915,1918,germany,central_powers,66.8,117.31,2450.38,eastern_front,184.11,0.0751352851394477
2972,1916,1918,germany,central_powers,41.91,147.02,1670.33,italian_front,188.93,0.113109385570516
2973,1914,1918,russia,allied_powers,597.11,274.17,1925.03,africa,871.28,0.4526059334140247
2974,1914,1918,serbia,allied_powers,856.14,226.04,1061.12,western_front,1082.18,1.0198469541616406
2975,1916,1918,belgium,allied_powers,103.25,547.93,972.22,middle_east,651.18,0.6697866737981115
2976,1914,1918,belgium,allied_powers,10.7,289.84,1622.46,air,300.54,0.1852372323508745
2977,1914,1918,belgium,allied_powers,255.45,428.18,1942.46,balkans,683.63,0.3519403230954562
2978,1917,1918,serbia,allied_powers,160.98,418.89,1661.83,western_front,579.87,0.3489346082330924
2979,1917,1919,germany,central_powers,795.77,53.41,379.52,italian_front,849.18,2.237510539629005
2980,1916,1918,ottoman_empire,central_powers,611.99,61.36,2284.5,balkans,673.35,0.294747209455023
2981,1914,1919,germany,central_powers,7.35,192.26,1032.62,air,199.61,0.1933044101411942
2982,1915,1919,united_kingdom,allied_powers,154.83,369.07,931.66,air,523.9,0.5623296052207887
2983,1914,1919,russia,allied_powers,547.89,168.97,269.07,western_front,716.86,2.6642137733675253
2984,1916,1918,germany,central_powers,262.8,557.49,1367.41,middle_east,820.29,0.5998859157092605
2985,1917,1919,united_kingdom,allied_powers,589.89,136.72,119.9,air,726.61,6.060133444537114
2986,1916,1918,italy,allied_powers,646.38,5.16,1517.77,africa,651.54,0.4292745277611232
2987,1917,1918,serbia,allied_powers,106.91,413.92,2727.94,italian_front,520.83,0.1909242871910672
2988,1914,1918,austria-hungary,central_powers,385.03,117.67,1180.89,eastern_front,502.7,0.4256958734513798
2989,1914,1919,austria-hungary,central_powers,361.71,39.0,2039.5,western_front,400.71,0.1964746261338563
2990,1914,1919,austria-hungary,central_powers,317.13,487.29,1347.8,western_front,804.4200000000001,0.5968392936637484
2991,1915,1918,united_kingdom,allied_powers,664.71,362.7,958.32,italian_front,1027.41,1.0720949161031803
2992,1915,1918,france,allied_powers,739.03,201.49,1250.28,western_front,940.52,0.7522474965607704
2993,1914,1919,serbia,allied_powers,664.28,58.31,165.08,italian_front,722.5899999999999,4.377211049188271
2994,1916,1919,united_states,allied_powers,116.91,91.97,656.63,eastern_front,208.88,0.3181091329972739
2995,1915,1919,united_states,allied_powers,591.75,193.9,609.31,air,785.65,1.2894093318671942
2996,1915,1919,italy,allied_powers,449.47,587.09,2874.08,air,1036.56,0.3606580192618159
2997,1916,1919,austria-hungary,central_powers,804.96,367.64,1747.21,western_front,1172.6,0.6711271112230355
2998,1916,1919,austria-hungary,central_powers,609.92,149.45,1693.85,middle_east,759.3699999999999,0.4483100628745166
2999,1916,1918,belgium,allied_powers,375.26,272.66,539.76,balkans,647.9200000000001,1.2003853564547209
3000,1915,1918,ottoman_empire,central_powers,51.81,63.06,1301.17,middle_east,114.87,0.0882820845854115
3001,1914,1919,italy,allied_powers,621.05,153.63,2082.65,italian_front,774.68,0.3719684056370489
3002,1915,1919,germany,central_powers,176.27,275.89,885.77,italian_front,452.16,0.510471115526604
3003,1914,1919,austria-hungary,central_powers,76.56,63.6,1051.63,balkans,140.16,0.1332788147922748
3004,1916,1919,france,allied_powers,478.8,179.92,2576.07,middle_east,658.72,0.2557073371453415
3005,1914,1919,serbia,allied_powers,111.59,545.96,855.68,eastern_front,657.5500000000001,0.7684531600598355
3006,1917,1919,germany,central_powers,397.39,122.98,682.5,italian_front,520.37,0.7624468864468864
3007,1916,1918,united_kingdom,allied_powers,418.78,485.81,820.22,africa,904.59,1.1028626466070075
3008,1916,1919,united_kingdom,allied_powers,862.12,487.75,1695.23,italian_front,1349.87,0.796275431652342
3009,1914,1918,austria-hungary,central_powers,881.74,542.5,753.91,eastern_front,1424.24,1.8891379607645475
3010,1917,1918,united_kingdom,allied_powers,828.9,379.33,89.08,middle_east,1208.23,13.563426133812303
3011,1914,1919,united_states,allied_powers,546.82,528.63,483.75,naval,1075.45,2.223152454780362
3012,1914,1919,ottoman_empire,central_powers,764.7,160.12,296.4,africa,924.82,3.120175438596492
3013,1915,1919,russia,allied_powers,374.37,1.49,800.24,western_front,375.86,0.4696840947715685
3014,1917,1918,germany,central_powers,499.21,533.19,829.61,italian_front,1032.4,1.2444401586287537
3015,1916,1918,ottoman_empire,central_powers,544.46,382.17,2896.45,air,926.63,0.3199192114484973
3016,1914,1918,austria-hungary,central_powers,123.64,235.66,1942.83,middle_east,359.3,0.1849364071998064
3017,1917,1918,germany,central_powers,634.46,505.91,2232.61,africa,1140.37,0.5107788641993004
3018,1917,1919,serbia,allied_powers,154.22,138.16,1053.04,balkans,292.38,0.2776532705310339
3019,1915,1919,united_kingdom,allied_powers,281.38,375.63,169.07,air,657.01,3.886023540545336
3020,1914,1919,russia,allied_powers,51.05,142.21,2920.6,western_front,193.26,0.0661713346572622
3021,1916,1919,united_kingdom,allied_powers,377.81,214.66,2045.71,naval,592.47,0.2896158302007616
3022,1914,1918,france,allied_powers,262.58,233.96,2006.69,eastern_front,496.54,0.2474423054881421
3023,1916,1918,austria-hungary,central_powers,524.6,37.0,1079.67,western_front,561.6,0.5201589374531107
3024,1916,1918,austria-hungary,central_powers,424.1,272.17,2203.19,africa,696.27,0.3160281228582192
3025,1917,1919,united_states,allied_powers,437.77,515.9,1702.39,africa,953.67,0.5601947849787651
3026,1915,1918,ottoman_empire,central_powers,714.01,507.5,201.57,africa,1221.51,6.059979163566007
3027,1915,1919,serbia,allied_powers,295.65,97.68,2370.29,italian_front,393.33,0.1659417202114509
3028,1914,1918,belgium,allied_powers,243.02,262.88,223.61,western_front,505.9,2.26242117973257
3029,1914,1918,ottoman_empire,central_powers,666.08,282.14,994.48,middle_east,948.22,0.9534832274153326
3030,1915,1919,italy,allied_powers,553.91,250.63,971.26,naval,804.54,0.8283466836892284
3031,1914,1919,ottoman_empire,central_powers,184.84,531.14,274.88,italian_front,715.98,2.604700232828871
3032,1917,1918,belgium,allied_powers,585.99,541.21,2989.97,air,1127.2,0.3769937491011615
3033,1914,1919,united_states,allied_powers,724.2,483.34,192.4,eastern_front,1207.54,6.276195426195426
3034,1915,1918,austria-hungary,central_powers,476.7,181.17,1287.94,africa,657.87,0.5107924282187059
3035,1914,1918,united_states,allied_powers,486.72,438.83,2068.25,eastern_front,925.55,0.4475039284419195
3036,1917,1919,united_states,allied_powers,409.97,512.06,1059.1,naval,922.03,0.8705787933150789
3037,1916,1919,russia,allied_powers,809.66,302.81,1859.47,africa,1112.47,0.5982726260708696
3038,1914,1918,ottoman_empire,central_powers,184.68,189.42,656.0,western_front,374.1,0.5702743902439025
3039,1915,1918,france,allied_powers,329.34,447.25,256.01,balkans,776.5899999999999,3.033436193898676
3040,1914,1919,ottoman_empire,central_powers,16.61,83.6,2397.14,western_front,100.21,0.0418039830798368
3041,1914,1919,austria-hungary,central_powers,430.28,94.73,2801.01,eastern_front,525.01,0.1874359605999264
3042,1916,1918,russia,allied_powers,157.66,169.48,1338.51,air,327.14,0.2444060933425973
3043,1915,1918,italy,allied_powers,558.38,272.64,2316.81,italian_front,831.02,0.3586914766424523
3044,1916,1918,france,allied_powers,611.15,200.62,1768.01,middle_east,811.77,0.4591433306372701
3045,1917,1919,austria-hungary,central_powers,130.8,494.89,67.42,middle_east,625.69,9.280480569563927
3046,1916,1918,belgium,allied_powers,297.88,296.48,77.54,naval,594.36,7.665205055455249
3047,1917,1919,austria-hungary,central_powers,406.83,26.57,2803.29,western_front,433.4,0.1546040545216513
3048,1916,1918,united_kingdom,allied_powers,599.76,277.13,2705.91,italian_front,876.89,0.3240647323820822
3049,1917,1918,ottoman_empire,central_powers,200.18,179.19,2252.26,balkans,379.37,0.16843970056743
3050,1914,1919,united_states,allied_powers,758.89,292.93,901.31,middle_east,1051.82,1.1669902697185208
3051,1915,1918,belgium,allied_powers,828.46,575.7,2056.16,naval,1404.16,0.6829040541592095
3052,1914,1919,france,allied_powers,328.96,249.82,1278.38,africa,578.78,0.4527448802390525
3053,1916,1918,russia,allied_powers,226.54,383.72,1057.82,balkans,610.26,0.576903442929799
3054,1917,1918,russia,allied_powers,301.46,590.5,602.73,eastern_front,891.96,1.47986660693843
3055,1915,1919,france,allied_powers,116.66,569.3,1941.66,naval,685.9599999999999,0.3532853331685258
3056,1916,1919,belgium,allied_powers,514.39,496.45,1901.05,air,1010.84,0.5317272033876016
3057,1917,1918,germany,central_powers,564.65,156.29,654.35,western_front,720.9399999999999,1.1017651104149155
3058,1916,1918,germany,central_powers,4.89,72.74,1473.9,naval,77.63,0.0526697876382386
3059,1914,1918,russia,allied_powers,678.08,54.74,2485.21,air,732.82,0.2948724655059331
3060,1914,1919,ottoman_empire,central_powers,378.64,90.37,618.31,africa,469.01,0.7585353625204186
3061,1917,1918,united_states,allied_powers,353.04,438.98,540.29,africa,792.02,1.4659164522756298
3062,1914,1918,united_kingdom,allied_powers,769.78,96.03,649.56,middle_east,865.81,1.3329176673440484
3063,1915,1919,russia,allied_powers,115.46,434.91,2371.79,middle_east,550.37,0.232048368531784
3064,1915,1918,ottoman_empire,central_powers,297.23,399.88,1268.58,balkans,697.11,0.5495199356761103
3065,1915,1918,germany,central_powers,686.14,280.25,2395.75,eastern_front,966.39,0.4033768131065428
3066,1917,1919,ottoman_empire,central_powers,274.04,105.52,267.23,naval,379.56,1.4203495116566254
3067,1916,1919,russia,allied_powers,879.48,295.06,195.28,africa,1174.54,6.014645637034002
3068,1915,1919,italy,allied_powers,600.0,65.04,642.56,africa,665.04,1.0349850597609562
3069,1917,1919,france,allied_powers,568.59,28.94,2428.4,naval,597.5300000000001,0.2460591335859002
3070,1917,1918,germany,central_powers,297.46,170.78,2570.23,air,468.24,0.1821782486392268
3071,1916,1918,united_kingdom,allied_powers,295.88,166.28,1427.07,balkans,462.16,0.3238523688396504
3072,1914,1918,ottoman_empire,central_powers,396.98,503.57,456.11,naval,900.55,1.974414066782136
3073,1917,1918,serbia,allied_powers,800.54,574.22,1710.03,africa,1374.76,0.8039391121793185
3074,1916,1918,united_states,allied_powers,750.46,592.06,2597.15,middle_east,1342.52,0.5169204705157576
3075,1917,1919,united_kingdom,allied_powers,765.88,418.62,1803.3,africa,1184.5,0.6568513281206677
3076,1915,1918,ottoman_empire,central_powers,831.39,347.71,890.09,africa,1179.1,1.3246975024997472
3077,1917,1918,ottoman_empire,central_powers,635.22,295.89,172.69,africa,931.11,5.39180033586195
3078,1915,1918,belgium,allied_powers,91.08,40.48,83.65,balkans,131.56,1.5727435744172145
3079,1917,1919,germany,central_powers,180.21,266.56,920.95,balkans,446.77,0.4851186275042076
3080,1916,1919,united_states,allied_powers,521.8,418.06,1075.15,air,939.86,0.87416639538669
3081,1915,1919,united_kingdom,allied_powers,235.32,491.31,643.62,air,726.63,1.1289736179733385
3082,1914,1919,belgium,allied_powers,446.14,580.17,2170.11,middle_east,1026.31,0.4729299436434097
3083,1917,1918,italy,allied_powers,882.94,82.39,1789.9,western_front,965.33,0.5393206324375663
3084,1915,1919,belgium,allied_powers,618.09,338.35,1571.26,middle_east,956.44,0.6087089342311266
3085,1916,1919,serbia,allied_powers,691.94,8.29,125.45,eastern_front,700.23,5.581745715424472
3086,1915,1919,united_states,allied_powers,568.09,437.21,885.02,middle_east,1005.3,1.1359065331856908
3087,1914,1919,france,allied_powers,478.49,567.82,1164.99,eastern_front,1046.31,0.8981278809260165
3088,1914,1918,austria-hungary,central_powers,839.33,325.17,796.7,western_front,1164.5,1.4616543240868582
3089,1914,1918,italy,allied_powers,270.91,448.92,1754.58,western_front,719.83,0.4102577254955602
3090,1915,1919,russia,allied_powers,222.97,325.57,1370.59,air,548.54,0.4002218022895249
3091,1917,1918,belgium,allied_powers,844.19,537.82,2520.71,naval,1382.0100000000002,0.5482621959685963
3092,1915,1919,austria-hungary,central_powers,602.54,391.66,112.97,balkans,994.2,8.80056652208551
3093,1915,1918,united_kingdom,allied_powers,346.96,229.44,1553.91,balkans,576.4,0.3709352536504688
3094,1916,1918,russia,allied_powers,742.59,63.71,2447.49,africa,806.3000000000001,0.3294395482719031
3095,1917,1919,united_states,allied_powers,534.03,592.53,2357.59,naval,1126.56,0.4778438999147434
3096,1914,1918,belgium,allied_powers,288.31,262.99,148.81,western_front,551.3,3.704724144882736
3097,1915,1918,united_kingdom,allied_powers,394.68,318.15,376.75,balkans,712.8299999999999,1.892050431320504
3098,1917,1918,italy,allied_powers,58.67,554.1,881.32,naval,612.77,0.6952866155312485
3099,1916,1918,russia,allied_powers,321.4,107.03,1358.04,middle_east,428.43,0.3154767164442873
3100,1915,1919,serbia,allied_powers,870.46,424.46,2458.3,italian_front,1294.92,0.5267542610747264
3101,1914,1919,russia,allied_powers,489.56,206.92,993.31,naval,696.48,0.7011708328719132
3102,1917,1918,ottoman_empire,central_powers,9.31,365.31,646.71,africa,374.62,0.5792704612577507
3103,1915,1919,united_kingdom,allied_powers,683.7,192.36,2861.56,naval,876.0600000000001,0.3061476956625057
3104,1916,1919,russia,allied_powers,520.7,146.9,1889.82,balkans,667.6,0.3532611571472415
3105,1916,1919,france,allied_powers,777.35,524.34,2181.28,western_front,1301.69,0.5967551162620113
3106,1914,1918,germany,central_powers,80.72,66.51,1599.74,italian_front,147.23000000000002,0.09203370547714
3107,1917,1919,ottoman_empire,central_powers,857.45,598.6,1916.16,middle_east,1456.0500000000002,0.7598791332665331
3108,1916,1919,germany,central_powers,474.42,342.69,2610.05,air,817.11,0.3130629681423727
3109,1916,1918,germany,central_powers,678.55,1.09,2820.16,italian_front,679.64,0.240993418813117
3110,1916,1918,italy,allied_powers,251.11,506.07,1858.1,africa,757.1800000000001,0.4075022872827082
3111,1914,1919,russia,allied_powers,362.7,17.28,2718.51,western_front,379.98,0.1397750973879073
3112,1917,1918,serbia,allied_powers,278.21,268.34,2449.31,africa,546.55,0.2231444774242541
3113,1914,1919,france,allied_powers,133.84,443.62,1131.72,naval,577.46,0.5102498851305977
3114,1917,1919,russia,allied_powers,394.99,30.8,2056.25,naval,425.79,0.2070711246200608
3115,1915,1919,belgium,allied_powers,712.49,384.1,1215.43,air,1096.59,0.9022239042972446
3116,1917,1918,belgium,allied_powers,349.31,62.33,515.21,balkans,411.64,0.7989751751712892
3117,1914,1918,austria-hungary,central_powers,45.14,495.31,887.75,balkans,540.45,0.6087862573922839
3118,1914,1919,russia,allied_powers,206.64,57.46,2154.32,balkans,264.1,0.1225908871476846
3119,1917,1919,belgium,allied_powers,327.19,191.23,263.49,italian_front,518.42,1.967512998595772
3120,1917,1919,serbia,allied_powers,69.28,502.6,1919.87,italian_front,571.88,0.2978743352414486
3121,1914,1918,united_kingdom,allied_powers,165.21,233.98,68.08,naval,399.19,5.863542890716804
3122,1914,1919,russia,allied_powers,746.55,374.74,2731.59,middle_east,1121.29,0.4104898612163611
3123,1914,1918,united_states,allied_powers,490.37,192.01,1438.38,naval,682.38,0.4744087097985233
3124,1916,1918,germany,central_powers,696.99,343.56,1072.31,italian_front,1040.55,0.9703816993220244
3125,1914,1918,serbia,allied_powers,338.0,101.77,2000.61,air,439.77,0.2198179555235653
3126,1914,1919,france,allied_powers,487.26,140.77,706.01,naval,628.03,0.8895483066812084
3127,1914,1919,italy,allied_powers,662.25,40.06,1710.57,air,702.31,0.4105707454240399
3128,1915,1918,belgium,allied_powers,65.93,471.79,583.94,western_front,537.72,0.9208480323320888
3129,1916,1918,ottoman_empire,central_powers,4.22,583.33,515.87,eastern_front,587.5500000000001,1.1389497353984532
3130,1914,1919,russia,allied_powers,251.42,550.86,236.9,western_front,802.28,3.3865766146053184
3131,1915,1918,germany,central_powers,226.29,238.76,498.28,africa,465.05,0.9333105884241792
3132,1916,1919,united_states,allied_powers,319.95,126.69,1772.89,western_front,446.64,0.2519276435650265
3133,1916,1918,united_kingdom,allied_powers,370.39,153.17,333.29,balkans,523.56,1.570884214947943
3134,1915,1918,italy,allied_powers,678.8,163.79,2029.66,africa,842.5899999999999,0.4151384961027954
3135,1914,1919,russia,allied_powers,439.92,63.31,1862.15,eastern_front,503.23,0.2702413876433155
3136,1917,1918,united_states,allied_powers,436.5,151.23,2157.06,eastern_front,587.73,0.2724680815554505
3137,1916,1919,italy,allied_powers,679.13,287.58,2353.16,middle_east,966.71,0.4108135443403763
3138,1914,1919,ottoman_empire,central_powers,656.92,460.61,2561.04,italian_front,1117.53,0.4363578858588698
3139,1914,1918,ottoman_empire,central_powers,535.2,300.89,503.86,western_front,836.09,1.659369666177113
3140,1916,1918,serbia,allied_powers,696.57,70.62,103.73,middle_east,767.19,7.39602815000482
3141,1916,1919,germany,central_powers,377.44,174.16,1698.81,air,551.6,0.3246978767490184
3142,1914,1919,united_states,allied_powers,63.48,189.4,821.79,balkans,252.88,0.307718516896044
3143,1915,1919,germany,central_powers,747.14,568.11,728.61,naval,1315.25,1.8051495312993235
3144,1916,1918,ottoman_empire,central_powers,470.2,322.61,1069.89,africa,792.81,0.741020104870594
3145,1917,1918,france,allied_powers,229.31,485.9,1492.06,middle_east,715.21,0.4793439942093482
3146,1917,1918,united_kingdom,allied_powers,685.01,571.68,167.56,air,1256.69,7.499940319885415
3147,1916,1919,serbia,allied_powers,851.28,140.19,1185.59,naval,991.47,0.8362671749930415
3148,1916,1918,russia,allied_powers,487.75,509.43,1762.64,africa,997.18,0.565730949030999
3149,1914,1919,italy,allied_powers,562.78,167.11,683.0,eastern_front,729.89,1.068653001464129
3150,1917,1919,serbia,allied_powers,91.68,192.5,1414.65,eastern_front,284.18,0.2008836107871204
3151,1914,1918,belgium,allied_powers,396.25,333.78,2155.94,western_front,730.03,0.3386133194801339
3152,1916,1919,belgium,allied_powers,757.07,352.31,397.12,italian_front,1109.38,2.7935636583400485
3153,1916,1918,serbia,allied_powers,24.22,318.13,344.77,middle_east,342.35,0.9929808277982424
3154,1916,1918,united_kingdom,allied_powers,193.84,539.57,649.45,air,733.4100000000001,1.1292786203710832
3155,1917,1919,france,allied_powers,676.49,500.85,803.04,western_front,1177.34,1.466103805538952
3156,1914,1918,united_kingdom,allied_powers,333.26,27.56,753.4,western_front,360.82,0.4789222192726307
3157,1916,1918,germany,central_powers,370.6,444.48,570.57,air,815.08,1.4285363759047969
3158,1916,1918,austria-hungary,central_powers,895.41,426.85,1748.38,air,1322.26,0.7562772395017101
3159,1914,1919,ottoman_empire,central_powers,892.62,267.49,2821.96,balkans,1160.11,0.4111007951919943
3160,1915,1919,italy,allied_powers,876.55,447.04,471.48,eastern_front,1323.59,2.807308899635191
3161,1917,1919,russia,allied_powers,2.82,381.29,1452.62,eastern_front,384.11,0.2644256584653936
3162,1915,1919,united_kingdom,allied_powers,109.7,540.28,1256.58,naval,649.98,0.5172611373728693
3163,1915,1919,france,allied_powers,793.33,345.6,2134.54,western_front,1138.93,0.533571636043363
3164,1915,1919,austria-hungary,central_powers,899.62,275.38,1729.94,western_front,1175.0,0.6792143080106824
3165,1915,1918,united_states,allied_powers,122.81,518.83,2552.15,air,641.6400000000001,0.2514115549634622
3166,1916,1919,ottoman_empire,central_powers,517.52,191.48,961.49,balkans,709.0,0.7373971648171068
3167,1916,1919,ottoman_empire,central_powers,889.96,307.67,2944.19,western_front,1197.63,0.4067774158597101
3168,1914,1919,italy,allied_powers,597.15,111.28,2735.34,eastern_front,708.43,0.2589915696037786
3169,1917,1918,germany,central_powers,734.17,427.47,1182.44,eastern_front,1161.64,0.982409255437908
3170,1914,1919,austria-hungary,central_powers,564.86,391.33,2090.24,balkans,956.19,0.4574546463563993
3171,1916,1918,france,allied_powers,495.58,7.71,1684.36,italian_front,503.29,0.2988019188297038
3172,1916,1919,france,allied_powers,340.97,483.97,2578.91,balkans,824.94,0.3198793288637448
3173,1916,1919,france,allied_powers,108.11,264.56,2979.06,italian_front,372.67,0.1250965069518573
3174,1916,1918,belgium,allied_powers,478.91,533.75,837.46,africa,1012.66,1.2092040216846178
3175,1916,1919,belgium,allied_powers,537.43,524.62,777.2,italian_front,1062.05,1.366507977354606
3176,1915,1919,italy,allied_powers,434.83,456.94,1782.77,africa,891.77,0.5002159560683656
3177,1915,1919,russia,allied_powers,751.76,104.01,2417.72,middle_east,855.77,0.3539574475125325
3178,1916,1918,ottoman_empire,central_powers,101.69,562.78,1279.79,eastern_front,664.47,0.5192023691386869
3179,1917,1918,ottoman_empire,central_powers,224.19,487.54,426.14,africa,711.73,1.6701788144741163
3180,1914,1918,belgium,allied_powers,151.87,432.46,263.29,eastern_front,584.3299999999999,2.219339891374529
3181,1916,1918,belgium,allied_powers,728.74,536.6,1570.21,air,1265.34,0.8058412569019431
3182,1914,1918,italy,allied_powers,38.58,72.88,97.43,africa,111.46,1.1440008211023298
3183,1914,1919,united_kingdom,allied_powers,339.61,569.35,703.0,western_front,908.96,1.292972972972973
3184,1914,1918,france,allied_powers,370.43,249.2,945.21,eastern_front,619.63,0.6555474444832365
3185,1915,1919,ottoman_empire,central_powers,130.62,69.29,2131.68,naval,199.91000000000005,0.0937804923815957
3186,1915,1919,united_states,allied_powers,560.08,494.24,2361.09,italian_front,1054.3200000000002,0.446539522000432
3187,1916,1918,united_kingdom,allied_powers,134.62,147.19,283.15,italian_front,281.81,0.9952675260462652
3188,1916,1919,ottoman_empire,central_powers,442.38,516.44,1561.26,eastern_front,958.82,0.6141321752943136
3189,1916,1918,belgium,allied_powers,608.2,237.96,1965.27,middle_east,846.1600000000001,0.4305566156304223
3190,1917,1918,germany,central_powers,762.47,14.27,2988.72,africa,776.74,0.2598905216949062
3191,1916,1918,france,allied_powers,602.88,341.32,2453.49,italian_front,944.2,0.3848395550827597
3192,1917,1918,belgium,allied_powers,519.37,187.72,2894.87,western_front,707.09,0.2442562187593916
3193,1916,1918,serbia,allied_powers,835.16,75.43,557.35,air,910.59,1.6337848748542207
3194,1917,1918,serbia,allied_powers,729.4,571.15,1334.99,italian_front,1300.55,0.9742020539479695
3195,1915,1918,italy,allied_powers,815.29,74.1,657.29,italian_front,889.39,1.3531165847647155
3196,1917,1918,belgium,allied_powers,80.05,272.88,287.96,italian_front,352.93,1.2256216141130714
3197,1916,1919,ottoman_empire,central_powers,258.35,273.17,2341.99,western_front,531.52,0.2269522927083378
3198,1916,1918,russia,allied_powers,854.85,441.71,414.9,eastern_front,1296.56,3.1249939744516757
3199,1917,1919,ottoman_empire,central_powers,863.77,154.58,1472.11,western_front,1018.35,0.6917621645121629
3200,1914,1918,belgium,allied_powers,458.86,148.52,1431.41,middle_east,607.38,0.4243228704564031
3201,1914,1919,serbia,allied_powers,580.27,113.44,2802.93,air,693.71,0.2474945860224836
3202,1915,1918,austria-hungary,central_powers,324.71,458.62,1456.83,italian_front,783.3299999999999,0.5376948580136324
3203,1916,1919,germany,central_powers,592.87,312.94,2637.93,africa,905.81,0.3433790889068323
3204,1916,1919,ottoman_empire,central_powers,478.59,349.67,1218.9,western_front,828.26,0.6795143161867256
3205,1916,1918,united_states,allied_powers,810.29,375.7,2659.02,western_front,1185.99,0.4460252273393957
3206,1916,1919,ottoman_empire,central_powers,631.7,433.5,771.1,air,1065.2,1.3814031902476982
3207,1915,1918,italy,allied_powers,367.16,511.38,2152.43,western_front,878.54,0.4081619379027425
3208,1917,1919,russia,allied_powers,671.92,47.52,713.23,eastern_front,719.4399999999999,1.008706868752015
3209,1916,1919,france,allied_powers,302.45,263.22,727.49,italian_front,565.6700000000001,0.7775639527691103
3210,1916,1919,united_states,allied_powers,380.85,240.92,630.27,balkans,621.77,0.9865137163437891
3211,1916,1919,united_states,allied_powers,564.71,92.64,2602.15,air,657.35,0.2526180274004189
3212,1914,1918,austria-hungary,central_powers,454.64,244.98,1277.84,western_front,699.62,0.5475020346835285
3213,1914,1919,serbia,allied_powers,97.8,520.29,2313.3,air,618.0899999999999,0.2671897289586304
3214,1917,1918,united_kingdom,allied_powers,568.42,212.15,2099.17,western_front,780.5699999999999,0.3718469680873869
3215,1915,1919,ottoman_empire,central_powers,633.69,77.54,927.36,middle_east,711.23,0.7669405624568668
3216,1916,1918,serbia,allied_powers,140.6,199.47,581.12,air,340.07,0.5851975495594713
3217,1915,1919,united_states,allied_powers,608.29,408.07,1518.23,balkans,1016.36,0.6694374370154719
3218,1915,1919,italy,allied_powers,186.93,42.22,933.69,africa,229.15,0.2454240700875022
3219,1916,1918,france,allied_powers,780.84,18.39,2376.04,air,799.23,0.3363705998215518
3220,1917,1919,ottoman_empire,central_powers,686.89,499.6,855.2,naval,1186.49,1.3873830682881196
3221,1915,1919,ottoman_empire,central_powers,450.91,485.9,2358.77,balkans,936.81,0.3971603844376518
3222,1915,1919,italy,allied_powers,479.29,436.72,2673.89,africa,916.01,0.3425757978076884
3223,1914,1919,united_states,allied_powers,470.81,134.79,1806.39,eastern_front,605.6,0.3352542917088779
3224,1917,1918,france,allied_powers,548.84,383.59,1842.11,italian_front,932.43,0.5061749841214694
3225,1917,1918,ottoman_empire,central_powers,230.84,348.27,2298.06,air,579.11,0.2519995126323943
3226,1916,1919,united_kingdom,allied_powers,587.1,120.91,478.02,naval,708.01,1.48113049663194
3227,1914,1919,united_states,allied_powers,416.63,444.71,2882.31,middle_east,861.3399999999999,0.2988366969548729
3228,1914,1918,russia,allied_powers,674.01,596.16,1911.44,balkans,1270.17,0.6645094797639476
3229,1917,1918,united_states,allied_powers,422.46,37.18,1113.6,africa,459.64,0.4127514367816092
3230,1914,1919,serbia,allied_powers,346.38,459.46,2794.82,eastern_front,805.8399999999999,0.288333416821119
3231,1915,1919,germany,central_powers,223.31,465.67,2484.86,western_front,688.98,0.2772711541092858
3232,1915,1919,united_kingdom,allied_powers,58.84,261.02,1657.82,middle_east,319.86,0.1929401261898155
3233,1917,1919,serbia,allied_powers,474.14,104.08,1894.94,eastern_front,578.22,0.3051389489904693
3234,1916,1919,ottoman_empire,central_powers,303.06,360.22,507.66,eastern_front,663.28,1.3065437497537722
3235,1916,1919,russia,allied_powers,705.67,91.24,486.13,western_front,796.91,1.6392940160039495
3236,1915,1919,belgium,allied_powers,448.57,225.05,2686.63,italian_front,673.62,0.2507304690262522
3237,1916,1919,belgium,allied_powers,765.59,299.55,1266.46,italian_front,1065.14,0.8410372218625145
3238,1915,1918,france,allied_powers,854.32,435.72,195.38,eastern_front,1290.04,6.6027228989661175
3239,1916,1919,united_kingdom,allied_powers,489.1,390.48,994.18,middle_east,879.58,0.8847291234987629
3240,1917,1919,austria-hungary,central_powers,392.28,353.17,1367.28,air,745.45,0.5452065414545668
3241,1917,1919,russia,allied_powers,211.34,490.43,1355.92,naval,701.77,0.5175600330402973
3242,1917,1918,germany,central_powers,103.88,554.96,1067.54,italian_front,658.84,0.6171572025404201
3243,1915,1919,italy,allied_powers,291.5,99.17,1820.85,balkans,390.67,0.2145536425295878
3244,1916,1919,united_kingdom,allied_powers,430.9,545.53,1712.83,italian_front,976.43,0.5700682496219707
3245,1916,1919,ottoman_empire,central_powers,15.45,319.81,2237.37,air,335.26,0.1498455776201522
3246,1914,1919,russia,allied_powers,392.82,123.39,1351.6,middle_east,516.21,0.3819251257768571
3247,1917,1919,united_states,allied_powers,221.02,479.97,1855.62,africa,700.99,0.3777659219021136
3248,1917,1918,serbia,allied_powers,163.8,287.6,1458.54,naval,451.4,0.3094875697615424
3249,1915,1918,belgium,allied_powers,464.18,266.9,1181.29,italian_front,731.0799999999999,0.6188827468276206
3250,1917,1919,serbia,allied_powers,763.66,132.95,2204.89,africa,896.6099999999999,0.4066461365419589
3251,1914,1918,italy,allied_powers,316.26,68.43,728.84,africa,384.69,0.5278113166126996
3252,1914,1919,austria-hungary,central_powers,833.08,174.62,420.77,eastern_front,1007.7,2.394895073317965
3253,1915,1918,italy,allied_powers,182.76,526.43,624.51,western_front,709.1899999999999,1.1355943059358535
3254,1914,1919,france,allied_powers,363.6,0.56,1495.76,italian_front,364.16,0.2434615178905707
3255,1915,1919,ottoman_empire,central_powers,43.61,559.21,1394.19,balkans,602.82,0.4323800916661287
3256,1917,1919,serbia,allied_powers,591.95,597.46,1534.57,naval,1189.41,0.7750770574167357
3257,1914,1919,united_kingdom,allied_powers,634.13,360.56,513.38,middle_east,994.69,1.9375316529666136
3258,1914,1919,germany,central_powers,320.77,269.46,517.1,balkans,590.23,1.1414233223747825
3259,1916,1919,ottoman_empire,central_powers,109.84,275.56,992.49,eastern_front,385.4,0.3883162550756178
3260,1917,1918,belgium,allied_powers,645.29,354.39,2546.67,middle_east,999.68,0.3925439888167685
3261,1916,1918,italy,allied_powers,621.92,483.95,1125.47,air,1105.87,0.982585053355487
3262,1917,1918,serbia,allied_powers,30.88,272.34,2109.73,naval,303.22,0.1437245524308797
3263,1915,1918,united_states,allied_powers,59.28,77.53,364.93,naval,136.81,0.3748938152522401
3264,1917,1918,belgium,allied_powers,202.73,341.71,2451.96,italian_front,544.4399999999999,0.2220427739441099
3265,1915,1919,united_states,allied_powers,432.02,2.01,2664.78,eastern_front,434.03,0.1628764851132176
3266,1916,1918,belgium,allied_powers,615.44,301.36,2934.44,western_front,916.8,0.3124275841387113
3267,1917,1918,ottoman_empire,central_powers,600.37,28.03,1227.32,balkans,628.4,0.5120099077665157
3268,1916,1919,austria-hungary,central_powers,729.98,191.41,2247.9,balkans,921.39,0.4098892299479514
3269,1916,1918,germany,central_powers,619.91,481.94,1622.92,middle_east,1101.85,0.6789305695906144
3270,1914,1919,germany,central_powers,309.01,302.56,2280.41,africa,611.5699999999999,0.2681842300288106
3271,1914,1918,united_kingdom,allied_powers,78.0,36.03,1427.4,middle_east,114.03,0.0798865069356872
3272,1917,1919,ottoman_empire,central_powers,78.31,381.31,1907.57,western_front,459.62,0.2409452864115078
3273,1916,1918,italy,allied_powers,38.84,523.07,970.07,middle_east,561.9100000000001,0.5792468584741308
3274,1915,1918,ottoman_empire,central_powers,561.05,22.76,1969.91,air,583.81,0.2963637932697432
3275,1915,1919,belgium,allied_powers,828.36,135.55,1983.48,naval,963.91,0.485969104805695
3276,1916,1919,austria-hungary,central_powers,293.36,306.24,2244.21,italian_front,599.6,0.2671764228837764
3277,1915,1918,austria-hungary,central_powers,235.31,388.32,2622.3,africa,623.63,0.2378179460778705
3278,1915,1918,austria-hungary,central_powers,191.34,544.36,2144.66,western_front,735.7,0.3430380573144461
3279,1917,1919,france,allied_powers,10.21,345.42,372.99,italian_front,355.63,0.953457197243894
3280,1917,1918,united_kingdom,allied_powers,451.48,69.87,1224.1,eastern_front,521.35,0.4259047463442529
3281,1915,1918,ottoman_empire,central_powers,98.62,108.79,332.99,balkans,207.41000000000005,0.6228715577044356
3282,1916,1919,germany,central_powers,395.83,67.47,2604.94,naval,463.3,0.1778543843620198
3283,1917,1919,germany,central_powers,708.18,566.48,1772.81,air,1274.66,0.7190054207726716
3284,1916,1919,serbia,allied_powers,555.59,271.09,1425.43,western_front,826.6800000000001,0.5799513129371489
3285,1916,1919,united_kingdom,allied_powers,156.07,562.72,2489.59,eastern_front,718.79,0.2887182226792363
3286,1917,1919,austria-hungary,central_powers,333.61,258.37,887.59,western_front,591.98,0.6669520837323539
3287,1915,1919,austria-hungary,central_powers,594.21,503.65,2404.58,middle_east,1097.86,0.4565703781949447
3288,1917,1918,ottoman_empire,central_powers,19.81,114.02,1665.36,middle_east,133.82999999999998,0.0803610030263726
3289,1917,1919,germany,central_powers,603.44,1.96,2414.86,italian_front,605.4000000000001,0.2506977630173178
3290,1916,1919,ottoman_empire,central_powers,172.11,115.17,507.02,western_front,287.28000000000003,0.5666048676580806
3291,1915,1918,france,allied_powers,480.49,563.34,2596.11,naval,1043.83,0.4020746424458131
3292,1914,1919,italy,allied_powers,779.78,203.89,1134.98,middle_east,983.67,0.8666848755044141
3293,1916,1918,germany,central_powers,65.57,235.08,656.29,western_front,300.65,0.4581054107178229
3294,1915,1919,germany,central_powers,423.41,271.06,769.34,eastern_front,694.47,0.9026828190396964
3295,1917,1919,serbia,allied_powers,820.46,476.2,2586.76,middle_east,1296.66,0.501267995484699
3296,1917,1919,serbia,allied_powers,242.37,366.54,2372.73,middle_east,608.9100000000001,0.2566284406569648
3297,1917,1918,belgium,allied_powers,638.68,362.32,2636.13,naval,1001.0,0.3797233065137151
3298,1917,1919,united_kingdom,allied_powers,69.0,74.5,2153.84,balkans,143.5,0.0666251903576867
3299,1914,1919,united_kingdom,allied_powers,499.57,320.64,608.76,balkans,820.21,1.3473454234838032
3300,1914,1918,ottoman_empire,central_powers,486.96,7.29,786.12,eastern_front,494.25,0.6287208059838193
3301,1914,1918,france,allied_powers,318.9,465.05,2021.04,africa,783.95,0.3878943514230297
3302,1914,1919,austria-hungary,central_powers,774.37,348.09,299.16,air,1122.46,3.752039042652761
3303,1917,1918,italy,allied_powers,261.44,23.21,466.39,balkans,284.65,0.6103261219151354
3304,1917,1918,france,allied_powers,893.82,88.28,2876.95,italian_front,982.1,0.3413684631293557
3305,1915,1919,germany,central_powers,55.25,173.81,278.29,western_front,229.06,0.8230982069064644
3306,1914,1919,united_kingdom,allied_powers,898.95,286.83,1093.76,italian_front,1185.78,1.0841318022235225
3307,1916,1918,belgium,allied_powers,686.76,334.51,2438.1,balkans,1021.27,0.4188794553135638
3308,1917,1918,united_kingdom,allied_powers,617.63,272.3,2774.41,air,889.9300000000001,0.3207636939024874
3309,1914,1918,italy,allied_powers,160.2,477.76,1473.01,western_front,637.96,0.4330995716254472
3310,1916,1919,russia,allied_powers,416.2,320.0,2674.79,italian_front,736.2,0.2752365606271894
3311,1915,1918,germany,central_powers,231.07,67.72,1798.34,italian_front,298.79,0.1661476695174438
3312,1916,1919,russia,allied_powers,455.77,241.39,968.29,africa,697.16,0.7199909118136095
3313,1914,1918,austria-hungary,central_powers,195.8,246.95,1816.03,air,442.75,0.2438010385290991
3314,1916,1919,austria-hungary,central_powers,490.19,324.03,1114.57,africa,814.22,0.7305238791641621
3315,1914,1918,united_states,allied_powers,86.4,527.35,2391.12,balkans,613.75,0.2566788785171802
3316,1914,1919,russia,allied_powers,725.76,225.17,1290.82,balkans,950.93,0.7366867572550782
3317,1914,1918,united_kingdom,allied_powers,798.1,406.47,2967.5,middle_east,1204.5700000000002,0.4059208087615839
3318,1917,1918,united_kingdom,allied_powers,187.15,593.82,2242.56,italian_front,780.97,0.3482493222031964
3319,1915,1918,france,allied_powers,48.18,330.07,510.68,eastern_front,378.25,0.7406790945406125
3320,1914,1919,italy,allied_powers,829.2,150.4,1036.62,eastern_front,979.6,0.9449943084254598
3321,1916,1918,united_kingdom,allied_powers,372.35,264.87,2435.35,eastern_front,637.22,0.2616543823269756
3322,1915,1919,united_states,allied_powers,215.53,109.68,372.81,africa,325.21000000000004,0.8723210214318287
3323,1917,1919,ottoman_empire,central_powers,294.55,254.35,547.17,eastern_front,548.9,1.0031617230476817
3324,1917,1919,france,allied_powers,522.4,220.64,302.08,air,743.04,2.4597457627118646
3325,1917,1919,ottoman_empire,central_powers,285.0,279.02,2742.42,africa,564.02,0.2056650695371241
3326,1914,1919,united_states,allied_powers,286.21,574.28,326.17,balkans,860.49,2.638164147530429
3327,1914,1918,italy,allied_powers,869.57,264.04,269.37,middle_east,1133.61,4.208375097449605
3328,1917,1919,ottoman_empire,central_powers,537.8,186.5,2834.6,eastern_front,724.3,0.2555210611726522
3329,1914,1918,france,allied_powers,839.89,242.29,2723.75,middle_east,1082.18,0.3973125286828821
3330,1915,1918,germany,central_powers,192.68,133.38,316.9,eastern_front,326.06,1.028905017355633
3331,1914,1918,serbia,allied_powers,322.53,503.23,815.61,africa,825.76,1.0124446733119996
3332,1916,1919,united_kingdom,allied_powers,498.11,575.58,2562.81,italian_front,1073.69,0.418950292842622
3333,1916,1918,austria-hungary,central_powers,752.76,152.46,2995.77,middle_east,905.22,0.3021660541363322
3334,1917,1918,germany,central_powers,857.15,37.94,1305.01,middle_east,895.0899999999999,0.6858874644638738
3335,1914,1919,united_kingdom,allied_powers,467.15,569.59,1812.91,middle_east,1036.74,0.5718651229239179
3336,1916,1918,ottoman_empire,central_powers,287.42,39.25,2273.02,balkans,326.67,0.1437162893419327
3337,1915,1918,austria-hungary,central_powers,713.47,6.22,149.51,eastern_front,719.69,4.813657949301051
3338,1915,1919,austria-hungary,central_powers,668.8,473.96,1916.57,eastern_front,1142.76,0.5962526805699766
3339,1914,1919,united_states,allied_powers,49.11,334.68,2309.59,naval,383.79,0.1661723509367463
3340,1916,1919,austria-hungary,central_powers,217.16,160.85,707.54,middle_east,378.01,0.5342595471634113
3341,1917,1918,belgium,allied_powers,141.46,570.72,2518.22,eastern_front,712.1800000000001,0.2828108743477536
3342,1916,1918,serbia,allied_powers,426.92,50.02,2255.52,middle_east,476.94,0.2114545648010214
3343,1917,1919,germany,central_powers,20.1,434.69,1988.75,western_front,454.79,0.228681332495286
3344,1917,1918,united_states,allied_powers,352.12,303.44,1220.35,eastern_front,655.56,0.537190150366698
3345,1915,1919,france,allied_powers,537.55,517.17,153.94,eastern_front,1054.7199999999998,6.851500584643366
3346,1914,1918,france,allied_powers,135.93,400.81,397.36,naval,536.74,1.3507650493255483
3347,1915,1918,france,allied_powers,297.06,291.88,454.16,balkans,588.94,1.2967676589748107
3348,1916,1919,germany,central_powers,629.67,574.81,820.56,eastern_front,1204.48,1.4678755971531638
3349,1917,1919,russia,allied_powers,585.85,139.9,1495.72,balkans,725.75,0.4852178215173963
3350,1916,1918,germany,central_powers,395.92,143.46,1469.39,western_front,539.38,0.3670774947427163
3351,1917,1918,italy,allied_powers,879.8,397.68,2989.31,middle_east,1277.48,0.4273494552254533
3352,1914,1919,united_states,allied_powers,720.85,423.83,710.03,africa,1144.68,1.6121572327929807
3353,1917,1919,russia,allied_powers,649.77,60.18,2884.64,air,709.9499999999999,0.2461138998280548
3354,1914,1918,france,allied_powers,216.2,124.88,365.37,africa,341.08,0.9335194460409996
3355,1914,1918,serbia,allied_powers,859.26,499.46,2446.89,middle_east,1358.72,0.5552844631348365
3356,1915,1918,united_kingdom,allied_powers,436.2,149.94,2270.2,balkans,586.14,0.2581887058408951
3357,1916,1918,united_states,allied_powers,885.6,584.98,1707.48,eastern_front,1470.58,0.8612575257104036
3358,1915,1918,ottoman_empire,central_powers,168.04,225.78,209.55,balkans,393.82,1.8793605344786448
3359,1915,1919,france,allied_powers,209.46,555.28,2535.23,eastern_front,764.74,0.3016452156214623
3360,1915,1918,austria-hungary,central_powers,799.22,482.47,1654.0,balkans,1281.69,0.7749032648125757
3361,1917,1918,ottoman_empire,central_powers,276.27,220.06,960.33,middle_east,496.33,0.5168327554069955
3362,1916,1918,belgium,allied_powers,118.02,123.08,828.21,africa,241.1,0.2911097426981079
3363,1914,1918,united_kingdom,allied_powers,656.51,321.2,1501.86,balkans,977.71,0.6509994273767196
3364,1916,1919,united_states,allied_powers,892.9,255.99,919.62,africa,1148.89,1.2493094974011003
3365,1914,1919,ottoman_empire,central_powers,613.28,296.3,1951.66,western_front,909.58,0.466054538188004
3366,1914,1918,france,allied_powers,890.3,354.37,1044.03,eastern_front,1244.67,1.1921783856785726
3367,1917,1918,austria-hungary,central_powers,208.1,295.99,277.66,eastern_front,504.09,1.815493769358208
3368,1917,1918,france,allied_powers,523.06,527.53,2693.66,western_front,1050.59,0.3900232397555742
3369,1914,1919,ottoman_empire,central_powers,745.48,269.54,2093.68,italian_front,1015.02,0.4848018799434488
3370,1916,1919,italy,allied_powers,55.5,255.05,1019.0,balkans,310.55,0.3047595682041217
3371,1914,1919,united_states,allied_powers,572.53,78.07,2452.61,balkans,650.5999999999999,0.2652684283273736
3372,1917,1918,italy,allied_powers,828.43,322.5,1726.69,balkans,1150.9299999999998,0.6665527685919301
3373,1916,1919,italy,allied_powers,899.01,446.6,2171.87,africa,1345.61,0.6195628651806969
3374,1915,1918,united_kingdom,allied_powers,813.86,584.26,2767.59,africa,1398.12,0.5051759834368529
3375,1916,1918,france,allied_powers,581.74,479.44,1824.18,italian_front,1061.18,0.5817298731484831
3376,1914,1918,austria-hungary,central_powers,314.85,377.67,203.88,middle_east,692.52,3.396703943496174
3377,1916,1919,austria-hungary,central_powers,232.39,585.78,89.98,naval,818.17,9.092798399644364
3378,1917,1919,serbia,allied_powers,347.15,475.26,922.29,africa,822.41,0.8917043446204556
3379,1916,1919,belgium,allied_powers,544.91,515.88,1219.13,western_front,1060.79,0.8701204957633721
3380,1914,1918,united_states,allied_powers,298.93,47.93,2963.83,balkans,346.86,0.1170310038025123
3381,1917,1919,united_kingdom,allied_powers,607.86,221.2,1023.21,italian_front,829.06,0.8102540045542947
3382,1916,1918,united_states,allied_powers,64.97,259.99,859.84,air,324.96000000000004,0.3779307778191291
3383,1914,1918,russia,allied_powers,525.96,241.5,220.84,balkans,767.46,3.475185654772686
3384,1917,1919,ottoman_empire,central_powers,378.06,219.6,2847.64,middle_east,597.66,0.2098790577460634
3385,1916,1919,germany,central_powers,805.36,40.85,309.65,eastern_front,846.21,2.7327950912320365
3386,1916,1919,serbia,allied_powers,673.6,195.11,1745.35,air,868.71,0.4977282493482683
3387,1916,1918,ottoman_empire,central_powers,765.81,518.43,802.45,western_front,1284.2399999999998,1.6003987787401082
3388,1915,1919,united_states,allied_powers,431.1,399.81,2037.04,air,830.9100000000001,0.4079006794171936
3389,1917,1918,italy,allied_powers,247.49,89.24,378.97,air,336.73,0.888539989972821
3390,1917,1918,united_states,allied_powers,726.25,259.8,2097.89,air,986.05,0.4700198771146247
3391,1914,1918,germany,central_powers,754.9,76.14,1751.75,balkans,831.04,0.4744055944055944
3392,1917,1919,ottoman_empire,central_powers,287.38,70.51,1903.63,western_front,357.89,0.1880039713599806
3393,1917,1919,austria-hungary,central_powers,430.24,289.05,2483.41,western_front,719.29,0.2896380380203027
3394,1917,1919,italy,allied_powers,627.79,216.31,2890.0,western_front,844.0999999999999,0.292076124567474
3395,1916,1919,italy,allied_powers,894.03,130.27,812.09,africa,1024.3,1.2613134012240022
3396,1916,1919,ottoman_empire,central_powers,218.58,203.29,850.89,air,421.87,0.495798516847066
3397,1914,1919,united_states,allied_powers,423.91,440.37,435.69,balkans,864.28,1.9837040097316896
3398,1916,1919,germany,central_powers,735.4,14.2,1258.76,western_front,749.6,0.5955066891226286
3399,1915,1919,austria-hungary,central_powers,156.06,542.73,1820.2,naval,698.79,0.3839083617184924
3400,1914,1918,france,allied_powers,320.04,287.18,2618.48,air,607.22,0.2318978949619626
3401,1916,1919,austria-hungary,central_powers,895.48,352.06,1199.29,eastern_front,1247.54,1.0402321373479309
3402,1917,1918,italy,allied_powers,90.1,364.06,1078.62,africa,454.16,0.4210565352023882
3403,1917,1918,united_states,allied_powers,20.0,38.46,686.49,balkans,58.46,0.0851578318693644
3404,1915,1919,germany,central_powers,517.22,429.81,2285.79,middle_east,947.03,0.414311900918282
3405,1914,1918,serbia,allied_powers,106.92,387.09,564.91,naval,494.01,0.8744932821157353
3406,1915,1918,belgium,allied_powers,894.15,543.46,826.34,eastern_front,1437.61,1.7397318295132755
3407,1914,1918,russia,allied_powers,732.43,449.73,225.7,western_front,1182.16,5.23774922463447
3408,1917,1919,serbia,allied_powers,744.56,334.8,663.03,italian_front,1079.36,1.6279203052652218
3409,1916,1918,russia,allied_powers,647.84,145.17,1902.03,middle_east,793.01,0.416928229312892
3410,1914,1918,germany,central_powers,895.9,345.49,2451.36,air,1241.39,0.5064086874224919
3411,1916,1919,ottoman_empire,central_powers,556.03,87.84,2592.65,balkans,643.87,0.2483443580892137
3412,1917,1918,united_states,allied_powers,796.66,440.41,2645.08,naval,1237.07,0.4676871777035099
3413,1914,1918,germany,central_powers,439.35,154.64,2375.94,naval,593.99,0.2500021044302465
3414,1916,1918,germany,central_powers,340.06,372.45,2393.41,air,712.51,0.2976965918919032
3415,1916,1918,russia,allied_powers,599.48,30.59,103.84,africa,630.07,6.06770030816641
3416,1914,1919,germany,central_powers,698.26,168.26,2370.8,eastern_front,866.52,0.3654968786907372
3417,1917,1919,austria-hungary,central_powers,356.7,480.32,987.66,air,837.02,0.8474778770022072
3418,1915,1918,france,allied_powers,460.53,221.94,1356.62,eastern_front,682.47,0.5030664445460041
3419,1917,1918,united_states,allied_powers,510.94,55.82,2855.71,western_front,566.76,0.1984655304635274
3420,1917,1918,france,allied_powers,192.59,128.24,2509.76,western_front,320.83000000000004,0.1278329402014535
3421,1914,1918,ottoman_empire,central_powers,70.0,479.44,1677.23,middle_east,549.44,0.3275877488478027
3422,1916,1918,france,allied_powers,472.27,201.12,2547.1,western_front,673.39,0.2643751717639668
3423,1915,1919,russia,allied_powers,488.69,25.33,866.4,eastern_front,514.02,0.5932825484764543
3424,1914,1918,united_kingdom,allied_powers,804.87,447.94,2772.04,middle_east,1252.81,0.4519451378767983
3425,1917,1918,ottoman_empire,central_powers,702.63,479.4,2123.21,italian_front,1182.03,0.5567183651169691
3426,1917,1919,austria-hungary,central_powers,758.57,199.71,491.52,western_front,958.28,1.949625651041667
3427,1916,1918,ottoman_empire,central_powers,681.65,232.38,2636.35,italian_front,914.03,0.3467028277732471
3428,1917,1919,belgium,allied_powers,449.28,299.65,2390.34,middle_east,748.93,0.3133152605905435
3429,1914,1919,belgium,allied_powers,852.58,340.73,2029.93,western_front,1193.31,0.5878577093791411
3430,1915,1919,italy,allied_powers,237.13,440.61,319.66,air,677.74,2.12019020208972
3431,1916,1918,united_kingdom,allied_powers,485.4,420.14,2551.74,naval,905.54,0.354871577825327
3432,1915,1919,ottoman_empire,central_powers,227.61,370.65,2982.16,naval,598.26,0.2006129785122193
3433,1914,1919,germany,central_powers,401.31,229.6,1639.97,eastern_front,630.91,0.3847082568583571
3434,1914,1919,italy,allied_powers,425.69,403.18,715.61,balkans,828.87,1.1582705663699502
3435,1914,1918,france,allied_powers,705.3,193.81,136.42,africa,899.1099999999999,6.5907491570151
3436,1917,1919,united_kingdom,allied_powers,821.42,332.38,578.11,eastern_front,1153.8,1.995813945442909
3437,1917,1918,united_states,allied_powers,390.69,293.12,2079.77,naval,683.81,0.3287911644076027
3438,1915,1918,austria-hungary,central_powers,10.6,381.24,2396.87,middle_east,391.84,0.1634798716659644
3439,1915,1919,russia,allied_powers,858.41,278.59,2920.31,air,1137.0,0.3893422273662728
3440,1914,1918,serbia,allied_powers,727.76,484.98,2079.82,western_front,1212.74,0.5830985373734265
3441,1914,1918,italy,allied_powers,718.04,36.97,687.73,italian_front,755.01,1.0978290899044685
3442,1914,1918,united_kingdom,allied_powers,765.06,525.06,546.79,africa,1290.12,2.3594432963294865
3443,1917,1918,italy,allied_powers,317.22,529.79,361.55,balkans,847.01,2.3427188493984232
3444,1914,1919,serbia,allied_powers,788.49,580.98,1647.98,naval,1369.47,0.8309991626111968
3445,1914,1918,ottoman_empire,central_powers,439.87,555.71,2437.69,africa,995.58,0.4084112417903835
3446,1916,1919,ottoman_empire,central_powers,242.14,367.71,1699.49,western_front,609.8499999999999,0.3588429470017475
3447,1917,1918,france,allied_powers,884.03,384.01,1339.2,balkans,1268.04,0.946863799283154
3448,1916,1918,united_kingdom,allied_powers,388.11,135.47,2445.19,balkans,523.58,0.2141265095963913
3449,1917,1918,serbia,allied_powers,423.81,374.48,65.68,naval,798.29,12.154232643118148
3450,1916,1918,united_states,allied_powers,114.71,393.08,1752.0,western_front,507.79,0.2898344748858447
3451,1916,1918,united_kingdom,allied_powers,829.1,477.15,2696.46,balkans,1306.25,0.4844314397395103
3452,1917,1919,russia,allied_powers,457.64,0.64,884.11,middle_east,458.28,0.5183517888045605
3453,1915,1918,united_states,allied_powers,310.68,134.61,88.79,africa,445.29,5.015091789615948
3454,1916,1919,russia,allied_powers,142.14,281.13,321.02,western_front,423.27,1.318515980312753
3455,1916,1918,russia,allied_powers,671.81,72.66,1615.27,africa,744.4699999999999,0.4608950825558575
3456,1916,1918,germany,central_powers,871.03,561.82,59.56,middle_east,1432.85,24.05725319006044
3457,1916,1918,serbia,allied_powers,822.87,128.1,2416.54,africa,950.97,0.3935254537479206
3458,1915,1919,russia,allied_powers,419.46,367.25,174.02,middle_east,786.71,4.520802206642915
3459,1915,1918,italy,allied_powers,179.63,486.81,1344.87,naval,666.44,0.4955423200755464
3460,1914,1918,serbia,allied_powers,554.47,82.57,973.17,air,637.04,0.6546029984483698
3461,1917,1919,austria-hungary,central_powers,871.16,210.29,2095.36,balkans,1081.45,0.516116562309102
3462,1916,1919,italy,allied_powers,678.98,350.4,2977.09,naval,1029.38,0.3457671753289286
3463,1914,1919,russia,allied_powers,878.18,455.91,429.75,air,1334.09,3.1043397324025594
3464,1915,1918,france,allied_powers,348.54,461.23,1006.97,balkans,809.77,0.8041649701579987
3465,1916,1918,russia,allied_powers,825.3,557.36,1314.79,western_front,1382.66,1.0516204108640923
3466,1917,1918,germany,central_powers,283.72,440.35,1837.63,naval,724.07,0.394023824164821
3467,1914,1919,russia,allied_powers,53.04,333.07,1601.29,balkans,386.11,0.2411243434980547
3468,1914,1919,serbia,allied_powers,488.26,177.12,1524.96,western_front,665.38,0.4363261987199664
3469,1917,1918,serbia,allied_powers,594.55,525.82,1985.61,eastern_front,1120.37,0.5642447409108535
3470,1915,1918,united_kingdom,allied_powers,341.18,530.59,1226.89,naval,871.77,0.7105526982859098
3471,1917,1918,italy,allied_powers,490.32,160.12,1001.45,middle_east,650.44,0.6494982275700235
3472,1914,1919,austria-hungary,central_powers,599.58,365.98,1396.2,italian_front,965.56,0.6915628133505228
3473,1914,1918,austria-hungary,central_powers,652.67,370.87,2746.65,western_front,1023.54,0.3726503194800939
3474,1917,1918,russia,allied_powers,375.41,477.65,1640.6,middle_east,853.06,0.5199683042789224
3475,1915,1918,belgium,allied_powers,380.7,253.79,2195.03,balkans,634.49,0.2890575527441538
3476,1917,1919,belgium,allied_powers,652.59,5.66,2122.99,balkans,658.25,0.3100579842580512
3477,1916,1918,germany,central_powers,661.72,524.76,1606.13,air,1186.48,0.7387197798434747
3478,1916,1919,united_states,allied_powers,643.25,170.58,542.91,eastern_front,813.83,1.4990145696340096
3479,1917,1918,serbia,allied_powers,248.71,433.7,776.44,middle_east,682.41,0.8788959868116015
3480,1917,1918,serbia,allied_powers,368.24,81.35,1607.24,western_front,449.59,0.2797279808864886
3481,1917,1919,italy,allied_powers,404.67,244.07,1189.28,western_front,648.74,0.5454897080586574
3482,1917,1919,germany,central_powers,812.76,398.56,937.06,naval,1211.32,1.2926813651206968
3483,1917,1919,serbia,allied_powers,515.73,33.37,1416.51,air,549.1,0.3876428687407784
3484,1916,1918,france,allied_powers,890.16,156.24,721.61,naval,1046.4,1.4500907692520892
3485,1917,1918,russia,allied_powers,600.1,363.69,1201.32,balkans,963.79,0.8022758299204209
3486,1917,1919,ottoman_empire,central_powers,55.3,216.56,1150.13,italian_front,271.86,0.2363732795423126
3487,1916,1918,austria-hungary,central_powers,145.68,87.82,733.85,air,233.5,0.3181849151734005
3488,1914,1918,ottoman_empire,central_powers,775.74,513.28,1928.26,eastern_front,1289.02,0.66848868928464
3489,1914,1919,united_kingdom,allied_powers,537.97,258.1,1099.07,western_front,796.07,0.724312373188241
3490,1916,1918,france,allied_powers,796.69,521.64,2569.92,western_front,1318.33,0.5129848399950192
3491,1915,1918,germany,central_powers,599.03,330.18,1544.02,africa,929.21,0.6018121526923227
3492,1915,1918,ottoman_empire,central_powers,739.04,540.64,1730.17,eastern_front,1279.6799999999998,0.7396267418808555
3493,1914,1919,united_states,allied_powers,192.85,547.76,52.74,eastern_front,740.61,14.042662116040956
3494,1917,1919,united_states,allied_powers,817.43,154.71,964.83,italian_front,972.14,1.0075764642475875
3495,1917,1919,italy,allied_powers,762.78,583.91,889.12,italian_front,1346.69,1.514632445564153
3496,1917,1918,serbia,allied_powers,173.83,503.17,2714.49,italian_front,677.0,0.2494022818282624
3497,1916,1919,serbia,allied_powers,54.34,434.32,2035.66,air,488.66,0.2400499101028659
3498,1915,1918,ottoman_empire,central_powers,655.95,12.77,1993.66,western_front,668.72,0.3354232918351173
3499,1916,1919,russia,allied_powers,534.24,185.79,2053.36,middle_east,720.03,0.350659407020688
3500,1916,1918,united_states,allied_powers,236.38,382.06,1210.37,middle_east,618.44,0.5109511967414924
3501,1915,1919,ottoman_empire,central_powers,565.41,475.45,2617.38,eastern_front,1040.86,0.3976724816419472
3502,1917,1919,serbia,allied_powers,149.37,342.17,244.78,middle_east,491.54,2.0080888961516465
3503,1915,1919,serbia,allied_powers,872.68,30.66,2763.36,africa,903.34,0.3268991372821492
3504,1914,1918,united_states,allied_powers,516.11,53.61,2312.71,africa,569.72,0.2463430347946781
3505,1916,1919,germany,central_powers,258.85,551.52,861.94,africa,810.37,0.9401698494094716
3506,1914,1919,russia,allied_powers,296.57,389.26,754.02,balkans,685.8299999999999,0.909564733030954
3507,1916,1919,russia,allied_powers,141.29,98.54,1929.67,western_front,239.83,0.1242854995931946
3508,1915,1918,austria-hungary,central_powers,691.58,584.82,1540.4,eastern_front,1276.4,0.8286159439106726
3509,1914,1919,united_kingdom,allied_powers,23.6,222.93,1953.68,western_front,246.53,0.1261875025592727
3510,1915,1918,germany,central_powers,642.7,524.18,2638.35,air,1166.88,0.4422764227642277
3511,1917,1918,serbia,allied_powers,48.27,443.36,168.27,western_front,491.63,2.9216735009211385
3512,1915,1919,italy,allied_powers,630.63,391.23,1879.93,air,1021.86,0.5435627922316256
3513,1915,1919,italy,allied_powers,241.67,519.89,2429.17,eastern_front,761.56,0.3135062593396098
3514,1917,1918,germany,central_powers,17.05,251.94,2757.92,italian_front,268.99,0.0975336485467308
3515,1916,1918,united_states,allied_powers,748.23,596.34,2875.34,air,1344.5700000000002,0.4676212204469732
3516,1915,1918,serbia,allied_powers,65.04,399.25,1941.38,eastern_front,464.29,0.2391546219699389
3517,1917,1918,italy,allied_powers,129.11,481.68,2415.23,air,610.79,0.2528910290117297
3518,1917,1919,united_kingdom,allied_powers,316.58,382.08,2829.78,africa,698.66,0.2468955183795206
3519,1917,1918,italy,allied_powers,798.52,500.89,1180.08,eastern_front,1299.41,1.1011202630330146
3520,1917,1918,ottoman_empire,central_powers,161.91,546.54,2045.16,air,708.4499999999999,0.3464032153963504
3521,1914,1919,russia,allied_powers,443.31,515.62,127.55,italian_front,958.93,7.518071344570758
3522,1914,1919,serbia,allied_powers,728.48,479.67,1801.46,middle_east,1208.15,0.6706504723946133
3523,1916,1919,russia,allied_powers,250.88,579.53,2846.17,italian_front,830.41,0.2917640197177259
3524,1914,1919,ottoman_empire,central_powers,298.94,388.41,223.44,air,687.35,3.076217329036878
3525,1914,1918,france,allied_powers,391.67,78.78,105.88,western_front,470.4500000000001,4.443237627502834
3526,1916,1919,france,allied_powers,367.96,241.75,1404.4,naval,609.71,0.4341426943890629
3527,1916,1918,austria-hungary,central_powers,692.06,1.1,596.84,middle_east,693.16,1.1613832853025936
3528,1916,1919,ottoman_empire,central_powers,671.7,529.5,2189.1,africa,1201.2,0.5487186515006167
3529,1914,1918,ottoman_empire,central_powers,292.66,13.1,2269.32,africa,305.76000000000005,0.1347363968060917
3530,1916,1919,austria-hungary,central_powers,573.18,518.36,2521.68,italian_front,1091.54,0.4328622188382348
3531,1917,1918,russia,allied_powers,149.26,358.05,2855.27,western_front,507.31,0.1776749659401738
3532,1917,1918,serbia,allied_powers,101.18,520.66,1463.06,balkans,621.8399999999999,0.4250269982092327
3533,1917,1918,united_states,allied_powers,299.16,35.63,399.32,balkans,334.79,0.8384002804768106
3534,1917,1919,france,allied_powers,518.16,171.41,1357.33,naval,689.5699999999999,0.5080341552901653
3535,1914,1919,france,allied_powers,135.47,517.76,1558.25,middle_east,653.23,0.4192074442483555
3536,1917,1919,serbia,allied_powers,458.09,303.09,805.1,air,761.18,0.9454477704632964
3537,1917,1919,united_states,allied_powers,828.62,112.84,2103.27,naval,941.46,0.4476172816614129
3538,1917,1918,united_states,allied_powers,531.78,213.28,391.2,africa,745.06,1.9045501022494888
3539,1915,1918,ottoman_empire,central_powers,688.48,313.37,245.1,eastern_front,1001.85,4.087515299877601
3540,1915,1919,serbia,allied_powers,577.0,269.9,1289.41,naval,846.9,0.6568120303084356
3541,1915,1918,serbia,allied_powers,575.18,281.78,1639.12,eastern_front,856.9599999999999,0.522817121382205
3542,1914,1919,russia,allied_powers,726.63,482.1,127.68,eastern_front,1208.73,9.46687030075188
3543,1917,1919,united_kingdom,allied_powers,614.44,328.03,1019.4,middle_east,942.47,0.9245340396311555
3544,1915,1919,serbia,allied_powers,391.18,505.19,1809.75,eastern_front,896.37,0.4953004558640696
3545,1917,1918,austria-hungary,central_powers,774.26,257.63,1934.12,naval,1031.89,0.5335191198064235
3546,1917,1918,united_kingdom,allied_powers,799.83,281.54,1693.5,middle_east,1081.37,0.638541482137585
3547,1916,1918,austria-hungary,central_powers,583.13,290.97,2068.29,middle_east,874.1,0.4226196519830391
3548,1914,1918,russia,allied_powers,329.58,447.98,1583.78,balkans,777.56,0.4909520261652502
3549,1917,1918,serbia,allied_powers,570.67,281.21,828.71,italian_front,851.8799999999999,1.0279591171821263
3550,1916,1918,france,allied_powers,515.76,50.11,452.04,italian_front,565.87,1.2518139987611716
3551,1915,1918,united_states,allied_powers,478.82,346.56,2558.49,air,825.38,0.3226043486587792
3552,1915,1919,russia,allied_powers,231.21,472.81,319.64,africa,704.02,2.2025403579026404
3553,1916,1919,serbia,allied_powers,701.03,403.48,1143.44,air,1104.51,0.9659536136570348
3554,1916,1919,russia,allied_powers,326.09,302.79,686.34,balkans,628.88,0.9162805606550688
3555,1916,1918,russia,allied_powers,251.61,151.04,477.0,africa,402.65,0.8441299790356394
3556,1917,1919,germany,central_powers,6.83,118.77,706.94,africa,125.6,0.1776671287520864
3557,1916,1919,austria-hungary,central_powers,154.45,535.44,172.92,africa,689.8900000000001,3.989648392320149
3558,1915,1919,germany,central_powers,171.16,439.66,1382.83,africa,610.82,0.4417173477578589
3559,1916,1919,united_kingdom,allied_powers,55.38,211.56,442.29,balkans,266.94,0.603540663365665
3560,1915,1918,italy,allied_powers,58.1,222.37,2557.84,naval,280.47,0.109651111875645
3561,1916,1918,united_states,allied_powers,681.65,510.78,1657.22,middle_east,1192.4299999999998,0.7195363319293756
3562,1914,1918,united_kingdom,allied_powers,28.89,485.37,2914.72,air,514.26,0.1764354723609815
3563,1914,1918,serbia,allied_powers,721.15,198.39,2079.4,italian_front,919.54,0.4422141002212176
3564,1917,1919,italy,allied_powers,143.52,196.95,1181.18,middle_east,340.47,0.2882456526524323
3565,1915,1919,austria-hungary,central_powers,529.69,412.49,1190.6,naval,942.18,0.7913488997144298
3566,1914,1919,serbia,allied_powers,717.9,121.85,1816.53,western_front,839.75,0.4622824836363836
3567,1915,1918,ottoman_empire,central_powers,876.95,310.02,2205.37,italian_front,1186.97,0.5382180767853014
3568,1917,1919,united_kingdom,allied_powers,379.94,114.8,86.78,air,494.74,5.7010831988937545
3569,1917,1918,serbia,allied_powers,552.54,44.45,682.06,africa,596.99,0.8752749025012463
3570,1914,1919,france,allied_powers,414.89,169.77,2246.43,western_front,584.66,0.2602618376713274
3571,1917,1918,austria-hungary,central_powers,189.27,499.68,446.28,africa,688.95,1.5437617639150312
3572,1917,1919,belgium,allied_powers,698.42,44.06,1782.65,naval,742.48,0.4165035200403893
3573,1915,1919,serbia,allied_powers,513.43,293.18,2877.73,balkans,806.6099999999999,0.2802938427163076
3574,1916,1918,belgium,allied_powers,60.07,315.6,2253.28,eastern_front,375.67,0.1667214016899808
3575,1914,1918,germany,central_powers,321.77,415.21,962.05,eastern_front,736.98,0.7660516605166052
3576,1915,1918,united_states,allied_powers,102.88,472.04,100.04,italian_front,574.9200000000001,5.746901239504199
3577,1917,1919,belgium,allied_powers,550.32,100.47,1272.79,eastern_front,650.7900000000001,0.5113097997312991
3578,1916,1918,ottoman_empire,central_powers,498.36,340.07,78.57,air,838.4300000000001,10.671121293114425
3579,1914,1918,italy,allied_powers,203.73,520.53,551.2,air,724.26,1.3139695210449926
3580,1914,1918,germany,central_powers,765.66,391.78,1702.07,air,1157.44,0.6800190356448326
3581,1914,1919,france,allied_powers,734.55,21.99,1423.0,naval,756.54,0.5316514406184117
3582,1916,1919,ottoman_empire,central_powers,621.21,532.51,1084.95,western_front,1153.72,1.063385409465874
3583,1914,1919,germany,central_powers,876.75,21.88,2537.09,italian_front,898.63,0.3541971313591555
3584,1917,1918,france,allied_powers,91.34,133.19,420.45,western_front,224.53,0.5340230705196813
3585,1914,1918,united_states,allied_powers,84.93,505.57,1047.0,middle_east,590.5,0.563992359121299
3586,1915,1918,russia,allied_powers,860.39,217.46,869.95,balkans,1077.85,1.2389792516811309
3587,1916,1918,belgium,allied_powers,92.67,85.4,1162.72,western_front,178.07,0.1531495114902986
3588,1916,1919,austria-hungary,central_powers,327.09,579.07,2355.65,balkans,906.16,0.3846751427419184
3589,1916,1919,austria-hungary,central_powers,53.73,301.45,2300.19,middle_east,355.18,0.1544133310726505
3590,1915,1918,italy,allied_powers,540.44,328.75,1831.8,eastern_front,869.19,0.4745004913200131
3591,1914,1919,united_states,allied_powers,108.87,589.88,1756.19,africa,698.75,0.3978783616806837
3592,1917,1919,ottoman_empire,central_powers,796.97,388.68,2002.54,western_front,1185.65,0.5920730672046501
3593,1917,1919,germany,central_powers,128.82,2.6,2543.68,naval,131.42,0.0516653038118002
3594,1915,1919,austria-hungary,central_powers,339.56,177.56,794.94,africa,517.12,0.6505145042393137
3595,1917,1919,france,allied_powers,327.63,221.24,95.21,africa,548.87,5.764835626509821
3596,1914,1919,united_states,allied_powers,876.52,255.12,2756.3,africa,1131.64,0.4105648877117874
3597,1916,1918,united_kingdom,allied_powers,23.3,312.66,520.48,naval,335.96000000000004,0.6454810943744237
3598,1914,1919,united_states,allied_powers,136.63,119.27,67.79,naval,255.9,3.774893052072577
3599,1917,1918,italy,allied_powers,302.73,544.89,646.35,italian_front,847.62,1.311394755163611
3600,1914,1919,germany,central_powers,26.32,345.81,932.55,naval,372.13,0.3990456275802906
3601,1914,1918,united_states,allied_powers,33.52,462.93,841.08,naval,496.45,0.5902530080372853
3602,1915,1918,serbia,allied_powers,24.64,550.34,2301.58,balkans,574.98,0.2498196890831515
3603,1917,1919,germany,central_powers,703.52,565.55,890.43,naval,1269.07,1.4252327527149804
3604,1917,1919,ottoman_empire,central_powers,298.47,29.12,821.38,air,327.59000000000003,0.3988288003116706
3605,1914,1919,italy,allied_powers,794.63,528.44,1757.91,balkans,1323.0700000000002,0.7526380758969459
3606,1914,1918,france,allied_powers,215.34,405.87,501.73,africa,621.21,1.2381360492695277
3607,1915,1919,belgium,allied_powers,775.13,337.9,2570.44,africa,1113.03,0.4330114688535815
3608,1915,1918,united_kingdom,allied_powers,440.6,533.79,2215.16,africa,974.39,0.439873417721519
3609,1915,1919,ottoman_empire,central_powers,418.06,241.41,469.85,western_front,659.47,1.4035756092369904
3610,1914,1918,united_states,allied_powers,521.2,21.48,1094.29,africa,542.6800000000001,0.4959197287739083
3611,1916,1919,serbia,allied_powers,800.78,148.72,1391.06,western_front,949.5,0.6825730018834558
3612,1916,1918,italy,allied_powers,446.31,365.17,1818.42,eastern_front,811.48,0.4462555405241913
3613,1917,1918,germany,central_powers,197.38,577.99,2845.92,naval,775.37,0.2724496823522797
3614,1914,1918,ottoman_empire,central_powers,615.23,585.4,2775.56,africa,1200.63,0.4325721656170286
3615,1916,1918,ottoman_empire,central_powers,587.04,138.79,2850.51,western_front,725.8299999999999,0.2546316273228299
3616,1914,1919,france,allied_powers,93.84,475.57,522.42,western_front,569.41,1.089946786110792
3617,1917,1918,russia,allied_powers,225.2,27.63,692.67,air,252.83,0.3650078681045808
3618,1916,1918,united_states,allied_powers,724.51,449.89,471.52,balkans,1174.4,2.4906684764166958
3619,1916,1919,united_kingdom,allied_powers,185.27,277.03,1470.35,naval,462.3,0.3144149352195055
3620,1916,1919,austria-hungary,central_powers,812.54,593.9,239.42,africa,1406.44,5.874363044023056
3621,1916,1918,russia,allied_powers,573.74,11.79,1659.04,naval,585.53,0.3529330215064133
3622,1915,1918,belgium,allied_powers,427.06,441.61,2675.72,eastern_front,868.6700000000001,0.3246490664195058
3623,1914,1919,germany,central_powers,256.62,241.59,2161.02,eastern_front,498.21,0.2305439098203626
3624,1917,1918,austria-hungary,central_powers,31.55,563.64,1658.07,air,595.1899999999999,0.3589655442773827
3625,1914,1919,belgium,allied_powers,171.8,546.58,2301.19,balkans,718.3800000000001,0.3121776124526875
3626,1914,1919,russia,allied_powers,698.83,385.49,2371.99,africa,1084.3200000000002,0.4571351481245706
3627,1914,1919,ottoman_empire,central_powers,522.99,435.35,632.89,middle_east,958.34,1.5142283809192751
3628,1915,1918,germany,central_powers,729.04,468.68,354.63,air,1197.72,3.377379240334997
3629,1915,1919,germany,central_powers,180.89,292.27,1253.86,balkans,473.16,0.3773627039701402
3630,1914,1919,united_kingdom,allied_powers,460.3,186.21,2982.59,air,646.51,0.21676127124412
3631,1916,1918,united_kingdom,allied_powers,529.31,250.76,1634.23,western_front,780.0699999999999,0.4773318321166543
3632,1915,1919,serbia,allied_powers,847.65,597.33,2342.43,balkans,1444.98,0.6168722224356759
3633,1914,1919,russia,allied_powers,285.71,496.61,1294.14,naval,782.3199999999999,0.6045095584712626
3634,1915,1918,austria-hungary,central_powers,373.48,515.96,302.22,air,889.44,2.943021639864999
3635,1917,1919,serbia,allied_powers,347.76,22.93,299.72,western_front,370.69,1.2367876684905912
3636,1916,1919,germany,central_powers,888.51,121.33,1288.49,air,1009.84,0.7837391054645361
3637,1916,1919,united_states,allied_powers,582.24,333.92,2122.77,italian_front,916.16,0.4315870301539969
3638,1915,1919,united_kingdom,allied_powers,876.83,113.35,2634.21,air,990.18,0.3758925825959206
3639,1917,1918,united_states,allied_powers,67.93,248.02,1668.9,naval,315.95000000000005,0.1893163161363772
3640,1915,1918,ottoman_empire,central_powers,815.67,304.57,1092.96,air,1120.24,1.0249597423510466
3641,1917,1919,italy,allied_powers,211.11,44.69,2920.23,italian_front,255.8,0.0875958400536944
3642,1916,1918,united_kingdom,allied_powers,118.34,160.55,62.82,balkans,278.89,4.439509710283349
3643,1914,1918,belgium,allied_powers,556.45,473.79,1783.76,eastern_front,1030.24,0.5775664887653048
3644,1914,1918,ottoman_empire,central_powers,687.89,353.67,57.53,balkans,1041.56,18.10464105683991
3645,1917,1919,ottoman_empire,central_powers,802.85,329.58,78.34,eastern_front,1132.43,14.455322951238193
3646,1914,1918,serbia,allied_powers,416.8,588.4,2606.55,naval,1005.2,0.3856438587404807
3647,1915,1918,serbia,allied_powers,30.02,405.91,2393.31,balkans,435.93,0.1821452298281459
3648,1914,1918,united_states,allied_powers,329.03,285.13,1588.21,naval,614.16,0.3866994918807966
3649,1914,1919,ottoman_empire,central_powers,784.43,202.76,977.91,western_front,987.19,1.0094896258346882
3650,1916,1918,united_kingdom,allied_powers,671.98,556.9,2492.74,western_front,1228.88,0.4929836244453895
3651,1915,1918,ottoman_empire,central_powers,724.25,99.13,911.02,air,823.38,0.9038001361111722
3652,1914,1918,russia,allied_powers,780.26,585.08,1018.02,middle_east,1365.34,1.3411720791340054
3653,1914,1919,germany,central_powers,20.24,117.02,2619.67,balkans,137.26,0.0523959124622566
3654,1916,1919,united_kingdom,allied_powers,634.08,513.04,2191.38,naval,1147.12,0.5234692294353329
3655,1916,1918,austria-hungary,central_powers,174.47,588.69,2816.15,middle_east,763.1600000000001,0.2709940876728867
3656,1914,1918,serbia,allied_powers,780.05,367.67,2604.54,naval,1147.72,0.4406613067950579
3657,1916,1919,germany,central_powers,712.18,165.17,2557.09,balkans,877.3499999999999,0.3431048574747075
3658,1914,1918,italy,allied_powers,349.24,511.24,2279.56,air,860.48,0.3774763550860692
3659,1917,1918,united_states,allied_powers,877.71,265.52,267.42,naval,1143.23,4.275035524642884
3660,1916,1918,united_states,allied_powers,435.46,228.1,1485.5,balkans,663.56,0.446691349713901
3661,1915,1918,serbia,allied_powers,432.02,281.01,1788.59,italian_front,713.03,0.3986548062999346
3662,1917,1918,serbia,allied_powers,301.7,402.17,2771.62,italian_front,703.87,0.2539561700377397
3663,1916,1918,serbia,allied_powers,363.91,167.66,407.19,italian_front,531.57,1.3054593678626687
3664,1917,1919,belgium,allied_powers,209.52,547.79,2961.36,western_front,757.31,0.2557304751870762
3665,1915,1919,serbia,allied_powers,618.61,474.08,818.22,western_front,1092.69,1.3354476791083083
3666,1917,1918,austria-hungary,central_powers,653.98,288.51,1265.3,africa,942.49,0.7448747332648384
3667,1917,1918,united_kingdom,allied_powers,286.53,54.68,1860.25,air,341.21,0.1834215831205483
3668,1914,1918,belgium,allied_powers,206.32,248.64,2851.44,air,454.96,0.1595544707235642
3669,1916,1919,united_kingdom,allied_powers,323.05,64.23,1748.37,air,387.28,0.2215091771192597
3670,1915,1919,serbia,allied_powers,622.76,183.04,2045.69,naval,805.8,0.3939013242475643
3671,1917,1919,germany,central_powers,366.34,264.06,2307.44,eastern_front,630.4,0.2732032035502548
3672,1915,1918,belgium,allied_powers,218.37,563.1,470.12,naval,781.47,1.6622777163277462
3673,1917,1919,ottoman_empire,central_powers,330.27,495.12,1722.71,western_front,825.39,0.4791230096766141
3674,1915,1919,russia,allied_powers,869.26,390.08,897.43,middle_east,1259.34,1.403273792942068
3675,1917,1918,france,allied_powers,777.77,369.64,2695.36,western_front,1147.41,0.4256982369702006
3676,1914,1918,russia,allied_powers,289.89,173.66,1096.94,western_front,463.55,0.4225846445566757
3677,1914,1918,russia,allied_powers,81.44,543.73,442.45,eastern_front,625.1700000000001,1.412973217312691
3678,1916,1919,germany,central_powers,381.42,250.64,2544.54,africa,632.06,0.2483985317581959
3679,1915,1918,italy,allied_powers,844.84,369.52,2718.29,balkans,1214.36,0.4467367352269258
3680,1916,1919,ottoman_empire,central_powers,373.34,495.86,2022.03,air,869.2,0.4298650366216129
3681,1916,1918,france,allied_powers,193.21,321.01,235.84,naval,514.22,2.180376526458616
3682,1917,1919,austria-hungary,central_powers,333.14,535.98,1117.91,italian_front,869.12,0.777450778685225
3683,1914,1918,united_states,allied_powers,392.6,181.98,202.81,middle_east,574.58,2.8330950150387064
3684,1914,1919,russia,allied_powers,788.96,384.55,2485.38,balkans,1173.51,0.4721652222195398
3685,1917,1918,russia,allied_powers,256.07,427.11,2395.51,air,683.1800000000001,0.285191879808475
3686,1916,1918,serbia,allied_powers,453.19,441.27,104.45,air,894.46,8.563523216850168
3687,1914,1919,ottoman_empire,central_powers,71.19,36.14,1869.63,africa,107.33,0.0574070805453485
3688,1916,1919,germany,central_powers,215.32,1.13,400.56,balkans,216.45,0.5403684841222288
3689,1915,1919,belgium,allied_powers,619.47,152.88,99.75,middle_east,772.35,7.742857142857143
3690,1915,1918,united_states,allied_powers,447.36,9.55,2563.32,africa,456.91,0.1782493016868748
3691,1914,1918,germany,central_powers,143.99,233.33,124.07,middle_east,377.3200000000001,3.0411864270170077
3692,1916,1919,belgium,allied_powers,546.69,223.19,2400.14,naval,769.8800000000001,0.320764622063713
3693,1915,1918,france,allied_powers,520.94,210.99,2914.72,middle_east,731.9300000000001,0.2511150299171104
3694,1917,1919,serbia,allied_powers,434.58,435.76,2499.58,italian_front,870.3399999999999,0.3481944966754414
3695,1915,1918,italy,allied_powers,771.63,408.41,912.61,eastern_front,1180.04,1.2930386473959303
3696,1916,1919,ottoman_empire,central_powers,4.19,125.91,511.8,italian_front,130.1,0.2542008597108245
3697,1917,1919,united_kingdom,allied_powers,497.4,19.6,439.86,air,517.0,1.1753739826308371
3698,1914,1919,united_states,allied_powers,188.13,13.01,1226.76,naval,201.14,0.1639603508428706
3699,1917,1918,germany,central_powers,566.58,153.61,2693.52,italian_front,720.19,0.267378746027503
3700,1915,1918,belgium,allied_powers,674.35,0.75,249.32,air,675.1,2.7077651211294724
3701,1917,1918,serbia,allied_powers,835.1,535.98,293.54,eastern_front,1371.08,4.67084554064182
3702,1916,1919,united_states,allied_powers,198.67,110.18,1057.87,eastern_front,308.85,0.2919545879928536
3703,1914,1918,united_kingdom,allied_powers,68.64,232.06,1924.84,eastern_front,300.7,0.1562207767918372
3704,1916,1918,united_states,allied_powers,63.45,443.14,2635.03,western_front,506.59,0.1922520806214729
3705,1917,1918,belgium,allied_powers,87.68,294.7,676.17,middle_east,382.38,0.5655086738542083
3706,1916,1919,united_kingdom,allied_powers,44.37,236.38,1318.67,air,280.75,0.2129039107585673
3707,1915,1918,belgium,allied_powers,36.38,275.75,2428.64,middle_east,312.13,0.1285204888332564
3708,1917,1918,united_states,allied_powers,661.63,460.55,850.7,eastern_front,1122.18,1.319125426119666
3709,1916,1919,serbia,allied_powers,797.87,483.43,713.51,africa,1281.3,1.7957702064441985
3710,1916,1919,serbia,allied_powers,644.8,350.59,1896.15,eastern_front,995.39,0.5249531946312264
3711,1917,1919,united_kingdom,allied_powers,5.01,189.83,681.32,italian_front,194.84,0.2859742852110609
3712,1915,1918,united_kingdom,allied_powers,139.37,571.8,1432.4,air,711.17,0.4964884110583635
3713,1915,1919,ottoman_empire,central_powers,476.57,205.23,357.09,middle_east,681.8,1.9093225797418016
3714,1916,1918,germany,central_powers,861.03,411.25,2603.45,eastern_front,1272.28,0.4886900074900613
3715,1916,1918,france,allied_powers,694.82,301.52,942.63,naval,996.34,1.0569788782449103
3716,1917,1919,france,allied_powers,401.25,421.57,1573.77,italian_front,822.8199999999999,0.5228337050521995
3717,1917,1919,italy,allied_powers,77.64,91.77,1283.75,naval,169.41,0.1319649464459591
3718,1914,1919,belgium,allied_powers,473.86,260.17,1286.59,western_front,734.03,0.5705236322371541
3719,1915,1919,belgium,allied_powers,302.78,381.66,910.87,middle_east,684.44,0.7514134838121797
3720,1917,1919,united_states,allied_powers,612.78,343.74,310.89,naval,956.52,3.0767152369005117
3721,1915,1918,france,allied_powers,609.04,10.67,1864.35,air,619.7099999999999,0.3324000321827983
3722,1914,1919,russia,allied_powers,202.01,390.47,1488.61,eastern_front,592.48,0.3980088807679648
3723,1917,1918,serbia,allied_powers,618.34,377.55,728.32,eastern_front,995.89,1.367379723198594
3724,1915,1918,belgium,allied_powers,79.29,431.92,2201.1,naval,511.21,0.2322520557902867
3725,1915,1918,france,allied_powers,194.7,558.67,858.63,western_front,753.3699999999999,0.8774093614245949
3726,1916,1919,united_states,allied_powers,566.47,454.45,2767.28,western_front,1020.92,0.3689254430343153
3727,1916,1918,ottoman_empire,central_powers,85.81,322.3,2248.31,naval,408.11,0.181518562831638
3728,1916,1919,serbia,allied_powers,126.91,317.2,2201.64,middle_east,444.11,0.2017178103595501
3729,1915,1919,germany,central_powers,638.89,24.79,970.9,eastern_front,663.68,0.6835719435575239
3730,1917,1918,russia,allied_powers,92.77,554.83,1045.98,air,647.6,0.619132296984646
3731,1917,1919,austria-hungary,central_powers,231.24,63.02,1354.86,naval,294.26,0.2171884917998907
3732,1916,1918,ottoman_empire,central_powers,361.6,479.07,2823.24,italian_front,840.6700000000001,0.2977678128674856
3733,1914,1919,united_states,allied_powers,223.54,412.76,473.57,africa,636.3,1.343623962666554
3734,1917,1918,united_kingdom,allied_powers,725.21,264.05,2064.7,africa,989.26,0.4791301399719088
3735,1917,1919,france,allied_powers,491.52,150.21,577.46,air,641.73,1.1112977522252625
3736,1915,1918,belgium,allied_powers,573.85,524.28,426.27,africa,1098.13,2.576137190043869
3737,1914,1919,italy,allied_powers,278.99,292.58,2115.49,western_front,571.5699999999999,0.270183267233596
3738,1916,1918,united_kingdom,allied_powers,264.32,465.64,2599.89,eastern_front,729.96,0.2807657247037375
3739,1915,1919,belgium,allied_powers,607.11,81.23,1450.74,middle_east,688.34,0.4744750954685195
3740,1914,1919,russia,allied_powers,5.04,354.59,2059.39,naval,359.63,0.1746293805447244
3741,1916,1918,united_kingdom,allied_powers,536.0,96.4,1720.22,western_front,632.4,0.367627396495797
3742,1914,1919,united_kingdom,allied_powers,625.39,147.44,1291.31,africa,772.8299999999999,0.5984852591554313
3743,1916,1919,germany,central_powers,495.57,231.21,1288.36,italian_front,726.78,0.5641125151355212
3744,1914,1919,belgium,allied_powers,460.8,4.65,779.92,western_front,465.45,0.5967919786644784
3745,1915,1919,germany,central_powers,817.61,599.14,79.74,air,1416.75,17.76711813393529
3746,1914,1919,russia,allied_powers,421.17,566.88,1205.18,italian_front,988.05,0.8198360410892978
3747,1916,1918,united_kingdom,allied_powers,409.45,80.89,2006.3,western_front,490.34,0.2444001395603847
3748,1915,1919,belgium,allied_powers,276.41,100.91,2651.97,balkans,377.3200000000001,0.1422791358876609
3749,1917,1919,serbia,allied_powers,48.66,84.91,2332.91,africa,133.57,0.0572546733478788
3750,1916,1919,austria-hungary,central_powers,589.66,388.76,2457.32,italian_front,978.42,0.3981654810932235
3751,1914,1919,italy,allied_powers,17.68,381.93,1781.71,africa,399.61,0.2242845356427252
3752,1914,1919,united_states,allied_powers,295.64,395.36,1973.64,eastern_front,691.0,0.3501145092316734
3753,1914,1919,belgium,allied_powers,728.83,337.67,1867.13,africa,1066.5,0.5711975063332494
3754,1916,1919,austria-hungary,central_powers,232.46,505.08,1750.14,middle_east,737.54,0.4214177151542161
3755,1917,1919,germany,central_powers,745.58,334.69,2002.91,western_front,1080.27,0.5393502453929532
3756,1914,1919,italy,allied_powers,290.04,88.54,2727.52,middle_east,378.58,0.1388000821258872
3757,1916,1919,ottoman_empire,central_powers,656.3,1.36,1051.41,western_front,657.66,0.6255028961109367
3758,1915,1919,germany,central_powers,558.99,588.74,892.06,italian_front,1147.73,1.2866062820886488
3759,1916,1918,united_states,allied_powers,278.13,161.95,1303.66,western_front,440.08,0.3375726799932497
3760,1917,1918,united_states,allied_powers,412.81,146.07,2698.82,middle_east,558.88,0.2070830955751031
3761,1917,1918,united_kingdom,allied_powers,644.79,497.8,787.05,western_front,1142.59,1.4517375007941045
3762,1914,1918,united_kingdom,allied_powers,142.04,9.74,2353.91,middle_east,151.78,0.0644799503804308
3763,1915,1918,belgium,allied_powers,340.95,574.55,1111.76,naval,915.5,0.8234690940490753
3764,1917,1919,united_kingdom,allied_powers,686.22,160.79,2904.84,naval,847.01,0.2915857672023244
3765,1917,1919,russia,allied_powers,47.09,105.86,1089.43,air,152.95,0.140394518234306
3766,1915,1918,serbia,allied_powers,314.86,351.19,1924.53,middle_east,666.05,0.3460844985528934
3767,1914,1919,italy,allied_powers,296.72,447.24,675.42,eastern_front,743.96,1.1014775991235084
3768,1916,1918,serbia,allied_powers,583.85,119.1,1952.57,eastern_front,702.95,0.3600127012091756
3769,1916,1918,russia,allied_powers,796.17,388.79,901.99,italian_front,1184.96,1.313717446978348
3770,1917,1918,france,allied_powers,397.9,470.37,918.81,eastern_front,868.27,0.9449940684145798
3771,1916,1918,united_states,allied_powers,895.3,134.4,1276.1,africa,1029.7,0.8069116840373013
3772,1915,1919,belgium,allied_powers,524.49,429.34,1282.84,air,953.83,0.743529980356085
3773,1917,1919,italy,allied_powers,606.83,324.03,607.7,naval,930.86,1.5317755471449728
3774,1915,1918,united_kingdom,allied_powers,175.15,39.34,2978.84,air,214.49,0.0720045386794859
3775,1917,1919,belgium,allied_powers,833.87,372.89,1636.37,western_front,1206.76,0.7374615765383135
3776,1916,1918,belgium,allied_powers,205.21,297.85,763.23,italian_front,503.06000000000006,0.659119793509165
3777,1915,1919,germany,central_powers,688.67,593.44,1016.96,middle_east,1282.11,1.2607280522341096
3778,1916,1918,italy,allied_powers,753.19,47.0,349.79,italian_front,800.19,2.287629720689557
3779,1917,1919,france,allied_powers,537.64,308.84,1264.38,balkans,846.48,0.6694822758980685
3780,1915,1918,austria-hungary,central_powers,117.61,446.29,181.19,eastern_front,563.9,3.11220266019096
3781,1917,1919,austria-hungary,central_powers,187.66,407.99,56.08,balkans,595.65,10.621433666191155
3782,1916,1919,ottoman_empire,central_powers,533.58,328.6,2830.69,middle_east,862.1800000000001,0.3045829815345375
3783,1914,1919,russia,allied_powers,769.16,57.64,435.58,eastern_front,826.8,1.8981587768033423
3784,1914,1919,germany,central_powers,47.11,530.23,468.05,middle_east,577.34,1.2335006943702596
3785,1917,1918,united_kingdom,allied_powers,834.91,559.72,2418.16,italian_front,1394.63,0.5767318953253714
3786,1914,1918,united_kingdom,allied_powers,329.65,318.73,1832.73,balkans,648.38,0.3537782433855505
3787,1915,1918,belgium,allied_powers,33.15,224.74,1709.11,middle_east,257.89,0.1508913996173447
3788,1916,1919,serbia,allied_powers,57.91,462.2,1691.8,balkans,520.11,0.3074299562596052
3789,1917,1919,united_kingdom,allied_powers,645.2,293.25,2879.07,naval,938.45,0.3259559510536388
3790,1915,1919,serbia,allied_powers,10.03,151.5,2659.21,naval,161.53,0.0607436043035337
3791,1916,1918,ottoman_empire,central_powers,703.81,309.74,2307.72,africa,1013.55,0.4391997296032447
3792,1917,1919,russia,allied_powers,261.24,25.76,758.68,italian_front,287.0,0.3782886065271261
3793,1914,1918,serbia,allied_powers,754.48,60.89,2550.84,western_front,815.37,0.3196476454814884
3794,1914,1918,united_kingdom,allied_powers,493.28,65.73,2456.4,middle_east,559.01,0.2275728708679368
3795,1914,1919,austria-hungary,central_powers,268.85,87.81,2227.82,western_front,356.66,0.160093723909472
3796,1914,1918,united_kingdom,allied_powers,25.48,114.81,1370.39,balkans,140.29,0.1023723173695079
3797,1915,1919,united_kingdom,allied_powers,752.72,340.52,2156.73,balkans,1093.24,0.5068970153890381
3798,1915,1919,united_states,allied_powers,166.23,168.77,2222.72,naval,335.0,0.150716239562338
3799,1917,1919,belgium,allied_powers,781.51,275.29,2805.12,middle_east,1056.8,0.3767396760209902
3800,1914,1918,united_kingdom,allied_powers,49.32,147.97,2793.18,western_front,197.29,0.0706327554973184
3801,1915,1918,united_states,allied_powers,379.84,294.18,2800.94,africa,674.02,0.2406406420701621
3802,1915,1919,united_states,allied_powers,176.74,435.91,587.8,africa,612.6500000000001,1.0422762844504936
3803,1914,1919,serbia,allied_powers,150.01,594.97,2841.12,naval,744.98,0.2622134932702596
3804,1914,1918,germany,central_powers,304.73,596.64,1185.11,africa,901.37,0.7605791867421591
3805,1916,1918,austria-hungary,central_powers,155.42,203.37,523.19,eastern_front,358.79,0.6857738106615187
3806,1916,1919,belgium,allied_powers,199.24,423.89,2719.91,air,623.13,0.2290994922626116
3807,1915,1918,austria-hungary,central_powers,317.82,118.45,1058.92,balkans,436.27,0.4119952404336493
3808,1917,1919,italy,allied_powers,686.44,347.79,2246.52,eastern_front,1034.23,0.4603698164271851
3809,1916,1918,united_states,allied_powers,203.27,444.76,2058.68,italian_front,648.03,0.3147793731905881
3810,1917,1918,belgium,allied_powers,355.04,274.1,1425.82,naval,629.1400000000001,0.441247843346285
3811,1914,1919,ottoman_empire,central_powers,38.16,383.0,1173.92,balkans,421.16,0.3587637999182226
3812,1914,1918,italy,allied_powers,803.19,62.43,376.18,africa,865.62,2.301079270561965
3813,1917,1918,germany,central_powers,594.08,267.7,2694.22,middle_east,861.78,0.3198625205068628
3814,1916,1918,austria-hungary,central_powers,32.83,120.63,2473.41,africa,153.45999999999998,0.0620438989087939
3815,1916,1918,ottoman_empire,central_powers,244.32,436.02,713.52,italian_front,680.3399999999999,0.953498150016818
3816,1916,1918,france,allied_powers,135.27,505.21,836.15,balkans,640.48,0.7659869640614723
3817,1916,1919,serbia,allied_powers,217.45,580.86,280.19,balkans,798.31,2.8491737749384343
3818,1917,1919,united_states,allied_powers,417.72,261.2,1969.05,air,678.9200000000001,0.3447957136690283
3819,1917,1918,united_kingdom,allied_powers,472.26,440.86,2208.62,western_front,913.12,0.4134346333909862
3820,1916,1918,serbia,allied_powers,848.26,63.32,2229.73,africa,911.58,0.4088297686266947
3821,1914,1918,serbia,allied_powers,744.14,394.91,2348.85,middle_east,1139.05,0.4849394384486025
3822,1915,1918,united_kingdom,allied_powers,512.03,125.2,2153.18,middle_east,637.23,0.2959483183013032
3823,1914,1918,united_states,allied_powers,604.45,165.06,2904.91,eastern_front,769.51,0.2648997731427135
3824,1916,1918,italy,allied_powers,462.69,330.01,164.75,balkans,792.7,4.811532625189682
3825,1917,1919,france,allied_powers,470.63,207.67,262.32,eastern_front,678.3,2.585773101555352
3826,1914,1919,united_states,allied_powers,617.08,39.49,2346.39,italian_front,656.57,0.2798213425730591
3827,1916,1918,ottoman_empire,central_powers,778.65,282.79,333.83,eastern_front,1061.44,3.179582422190936
3828,1916,1918,france,allied_powers,867.17,6.75,801.53,western_front,873.92,1.0903147729966438
3829,1915,1918,russia,allied_powers,807.12,112.54,70.34,western_front,919.66,13.074495308501564
3830,1916,1919,united_kingdom,allied_powers,466.29,431.67,151.72,italian_front,897.96,5.918534141840232
3831,1915,1919,ottoman_empire,central_powers,90.12,9.45,2795.5,balkans,99.57,0.0356179574315864
3832,1914,1918,united_kingdom,allied_powers,550.43,303.29,535.99,middle_east,853.72,1.5927909102781768
3833,1915,1918,france,allied_powers,639.27,518.21,807.84,air,1157.48,1.432808476926124
3834,1915,1919,germany,central_powers,384.31,387.04,1463.65,africa,771.35,0.527004406791241
3835,1917,1919,france,allied_powers,301.51,571.34,554.63,middle_east,872.85,1.573751870616447
3836,1916,1918,united_states,allied_powers,448.42,310.23,2006.5,western_front,758.6500000000001,0.3780961873909794
3837,1914,1919,austria-hungary,central_powers,453.48,475.53,1917.51,western_front,929.01,0.4844876949794264
3838,1914,1919,united_kingdom,allied_powers,163.08,149.74,1325.2,air,312.82000000000005,0.2360549351041352
3839,1914,1918,serbia,allied_powers,660.41,407.69,1175.0,air,1068.1,0.9090212765957446
3840,1917,1919,united_kingdom,allied_powers,244.51,404.21,1893.12,eastern_front,648.72,0.3426724137931035
3841,1917,1919,ottoman_empire,central_powers,697.3,250.74,2669.56,air,948.04,0.3551296842925426
3842,1916,1918,ottoman_empire,central_powers,385.96,475.33,1054.09,naval,861.29,0.8170934170706486
3843,1914,1919,belgium,allied_powers,39.7,375.63,601.12,western_front,415.33,0.6909269363854139
3844,1914,1919,austria-hungary,central_powers,720.19,351.23,2258.99,africa,1071.42,0.4742916081965835
3845,1917,1918,italy,allied_powers,629.55,357.94,2267.19,naval,987.49,0.4355567905645314
3846,1917,1918,austria-hungary,central_powers,789.75,126.69,1505.28,eastern_front,916.44,0.6088169642857143
3847,1915,1918,austria-hungary,central_powers,750.34,417.47,2923.55,air,1167.81,0.3994492996528193
3848,1916,1918,russia,allied_powers,305.75,522.54,2226.54,western_front,828.29,0.3720076890601561
3849,1916,1918,united_kingdom,allied_powers,223.76,335.59,155.55,italian_front,559.3499999999999,3.595949855351976
3850,1917,1919,united_states,allied_powers,794.36,283.45,1133.31,middle_east,1077.81,0.951028403525955
3851,1915,1919,russia,allied_powers,840.74,298.13,1578.46,air,1138.87,0.7215070385058854
3852,1914,1918,belgium,allied_powers,770.77,69.85,784.78,balkans,840.62,1.0711536991258697
3853,1915,1919,united_kingdom,allied_powers,617.14,15.24,1418.91,eastern_front,632.38,0.4456801347513232
3854,1916,1918,france,allied_powers,17.61,528.09,819.16,naval,545.7,0.6661702231554276
3855,1915,1919,ottoman_empire,central_powers,113.5,101.76,1425.4,naval,215.26,0.1510172583134558
3856,1914,1919,germany,central_powers,18.38,509.67,1593.51,middle_east,528.0500000000001,0.331375391431494
3857,1916,1918,ottoman_empire,central_powers,456.92,240.73,788.02,eastern_front,697.65,0.8853201695388442
3858,1915,1919,russia,allied_powers,867.09,319.58,569.86,middle_east,1186.67,2.082388656863089
3859,1917,1918,austria-hungary,central_powers,658.99,508.41,2025.4,middle_east,1167.4,0.576379974326059
3860,1914,1918,italy,allied_powers,700.34,280.97,952.58,africa,981.31,1.0301601965189275
3861,1915,1919,united_kingdom,allied_powers,257.67,356.39,1944.73,italian_front,614.06,0.3157559147028121
3862,1915,1919,italy,allied_powers,710.75,538.55,520.96,naval,1249.3,2.3980727886977884
3863,1914,1919,united_kingdom,allied_powers,850.94,256.61,986.16,western_front,1107.5500000000002,1.1230936156404645
3864,1915,1919,ottoman_empire,central_powers,497.58,453.4,694.67,italian_front,950.98,1.368966559661422
3865,1914,1919,united_kingdom,allied_powers,793.26,330.55,621.23,middle_east,1123.81,1.8090079358691624
3866,1914,1918,serbia,allied_powers,352.78,26.61,1834.81,middle_east,379.39,0.206773453382094
3867,1915,1918,united_kingdom,allied_powers,15.97,535.27,2403.83,africa,551.24,0.2293173810128004
3868,1916,1919,france,allied_powers,56.84,426.62,1929.96,naval,483.46,0.250502601090178
3869,1916,1918,serbia,allied_powers,313.01,452.27,1548.46,italian_front,765.28,0.4942200638053291
3870,1914,1919,germany,central_powers,22.25,481.76,960.11,air,504.01,0.5249502661153409
3871,1915,1919,united_states,allied_powers,385.59,268.15,1032.18,western_front,653.74,0.6333585227382821
3872,1915,1919,united_kingdom,allied_powers,353.82,271.68,690.97,air,625.5,0.905249142509805
3873,1916,1919,italy,allied_powers,748.05,440.88,492.0,middle_east,1188.9299999999998,2.416524390243902
3874,1914,1919,russia,allied_powers,272.26,205.54,1358.66,italian_front,477.8,0.35167002782153
3875,1917,1919,ottoman_empire,central_powers,235.13,547.49,136.97,balkans,782.62,5.713805942907206
3876,1917,1919,united_kingdom,allied_powers,140.42,247.69,1556.72,western_front,388.11,0.2493126573821882
3877,1917,1918,belgium,allied_powers,430.34,229.76,819.09,air,660.0999999999999,0.805894346164646
3878,1914,1919,russia,allied_powers,246.02,526.9,2349.69,africa,772.92,0.3289455204729134
3879,1916,1919,serbia,allied_powers,821.86,226.17,1117.74,africa,1048.03,0.9376330810385242
3880,1916,1919,russia,allied_powers,526.15,581.2,2280.16,middle_east,1107.35,0.4856457441583047
3881,1916,1919,ottoman_empire,central_powers,565.91,102.12,2073.23,africa,668.03,0.3222170236780289
3882,1916,1919,ottoman_empire,central_powers,454.39,425.37,642.62,middle_east,879.76,1.369020572033239
3883,1917,1919,united_kingdom,allied_powers,772.01,307.11,1026.93,italian_front,1079.12,1.0508213802303952
3884,1916,1918,russia,allied_powers,119.18,350.01,2083.04,middle_east,469.19,0.2252429142023196
3885,1916,1919,united_kingdom,allied_powers,554.15,597.28,815.62,italian_front,1151.4299999999998,1.4117235967730069
3886,1917,1919,ottoman_empire,central_powers,799.65,504.5,2817.38,western_front,1304.15,0.4628946042067453
3887,1917,1919,italy,allied_powers,495.33,116.52,2357.04,eastern_front,611.85,0.259584054576927
3888,1914,1919,united_states,allied_powers,340.9,284.49,303.12,italian_front,625.39,2.0631762998152547
3889,1916,1918,serbia,allied_powers,358.62,249.53,2335.6,balkans,608.15,0.2603827710224353
3890,1917,1919,germany,central_powers,452.49,108.5,1420.11,air,560.99,0.3950327791509109
3891,1917,1919,united_states,allied_powers,353.79,266.15,1931.7,air,619.94,0.3209297509965316
3892,1915,1919,germany,central_powers,860.99,597.95,1813.08,air,1458.94,0.8046749178194013
3893,1915,1919,united_states,allied_powers,226.77,162.0,2987.1,eastern_front,388.77,0.1301496434669077
3894,1916,1918,belgium,allied_powers,744.16,200.28,1361.62,italian_front,944.44,0.6936149586521937
3895,1914,1919,ottoman_empire,central_powers,178.48,522.36,668.12,air,700.84,1.048973238340418
3896,1915,1918,germany,central_powers,290.83,5.37,707.57,naval,296.2,0.4186158259960145
3897,1915,1918,germany,central_powers,853.2,419.02,1380.9,western_front,1272.22,0.921297704395684
3898,1916,1919,russia,allied_powers,632.89,288.31,1113.11,air,921.2,0.8275911634968692
3899,1915,1918,austria-hungary,central_powers,297.45,222.85,2423.59,western_front,520.3,0.2146815261657293
3900,1915,1919,ottoman_empire,central_powers,884.69,187.48,962.81,naval,1072.17,1.1135841962588675
3901,1917,1918,united_states,allied_powers,508.52,380.44,1162.17,italian_front,888.96,0.7649139110457162
3902,1916,1918,france,allied_powers,746.73,160.18,824.8,italian_front,906.91,1.099551406401552
3903,1917,1918,belgium,allied_powers,121.82,71.64,458.29,western_front,193.46,0.4221344563486002
3904,1915,1918,united_kingdom,allied_powers,559.89,564.17,1495.71,eastern_front,1124.06,0.7515226882216471
3905,1914,1919,united_kingdom,allied_powers,654.93,513.03,68.09,western_front,1167.96,17.153179615215155
3906,1914,1918,austria-hungary,central_powers,825.97,250.06,2751.37,balkans,1076.03,0.391088803032671
3907,1914,1918,austria-hungary,central_powers,299.8,379.0,1984.11,eastern_front,678.8,0.3421181285311802
3908,1917,1918,serbia,allied_powers,212.21,176.03,1495.81,naval,388.24,0.2595516810290077
3909,1915,1918,belgium,allied_powers,707.77,15.52,1731.56,africa,723.29,0.4177100418120076
3910,1914,1918,russia,allied_powers,17.22,231.31,670.13,eastern_front,248.53,0.370868338979004
3911,1915,1919,germany,central_powers,3.68,350.24,148.45,air,353.92,2.3841023913775685
3912,1915,1918,germany,central_powers,868.74,447.14,2784.85,africa,1315.88,0.4725137799163331
3913,1914,1919,austria-hungary,central_powers,249.37,530.14,1024.86,air,779.51,0.7606014480026541
3914,1915,1918,italy,allied_powers,681.29,403.49,2356.08,middle_east,1084.78,0.4604173033173746
3915,1915,1919,united_kingdom,allied_powers,462.27,465.77,267.1,balkans,928.04,3.4745039311119426
3916,1914,1919,belgium,allied_powers,609.13,510.37,1167.26,italian_front,1119.5,0.9590836660212806
3917,1916,1918,belgium,allied_powers,528.69,86.19,2332.31,western_front,614.8800000000001,0.2636356230518242
3918,1915,1918,united_kingdom,allied_powers,407.52,124.09,293.52,balkans,531.61,1.81115426546743
3919,1917,1919,united_kingdom,allied_powers,227.56,275.52,1676.09,africa,503.08,0.3001509465482164
3920,1916,1918,italy,allied_powers,669.52,332.35,766.12,middle_east,1001.87,1.3077194173236568
3921,1914,1918,austria-hungary,central_powers,651.64,462.69,2236.02,middle_east,1114.33,0.4983542186563626
3922,1914,1919,italy,allied_powers,795.79,419.98,1186.3,africa,1215.77,1.0248419455449718
3923,1916,1919,serbia,allied_powers,401.46,38.07,2529.02,eastern_front,439.53,0.1737945923717487
3924,1914,1919,france,allied_powers,725.87,66.2,333.9,italian_front,792.07,2.372177298592393
3925,1916,1918,germany,central_powers,732.22,79.46,1194.63,naval,811.6800000000001,0.6794404962205871
3926,1914,1918,france,allied_powers,638.94,131.94,2103.19,western_front,770.8800000000001,0.3665289393730476
3927,1917,1919,united_states,allied_powers,168.9,329.24,1959.05,africa,498.14,0.2542763073938899
3928,1914,1919,austria-hungary,central_powers,801.94,105.54,1540.66,balkans,907.48,0.589020290005582
3929,1914,1919,italy,allied_powers,331.13,369.05,2715.49,balkans,700.1800000000001,0.2578466501441729
3930,1914,1919,germany,central_powers,857.41,295.36,303.06,balkans,1152.77,3.80376823071339
3931,1916,1918,serbia,allied_powers,824.81,547.99,2236.41,western_front,1372.8,0.6138409325660322
3932,1914,1919,france,allied_powers,281.48,214.69,2925.27,africa,496.17,0.1696151124511583
3933,1916,1918,germany,central_powers,436.04,77.36,951.18,africa,513.4,0.5397506255388045
3934,1915,1918,germany,central_powers,69.39,557.54,2967.51,italian_front,626.93,0.2112646629665948
3935,1915,1919,austria-hungary,central_powers,757.07,309.66,378.08,italian_front,1066.73,2.821439906898011
3936,1917,1918,united_kingdom,allied_powers,55.36,83.53,2557.08,africa,138.89,0.0543158602781297
3937,1914,1918,ottoman_empire,central_powers,749.72,111.36,881.89,eastern_front,861.08,0.9764029527492092
3938,1914,1919,germany,central_powers,869.24,14.61,1998.75,africa,883.85,0.4422013758599125
3939,1917,1919,germany,central_powers,363.16,355.19,1961.5,air,718.35,0.3662248279378027
3940,1916,1918,austria-hungary,central_powers,560.68,271.29,2116.71,air,831.97,0.393048646248187
3941,1917,1918,france,allied_powers,554.74,169.97,976.83,western_front,724.71,0.7418998188016339
3942,1914,1918,united_kingdom,allied_powers,129.01,573.76,1139.55,italian_front,702.77,0.6167083497871967
3943,1915,1918,russia,allied_powers,101.43,537.05,2852.48,eastern_front,638.48,0.2238332959389724
3944,1917,1919,serbia,allied_powers,36.66,69.13,1830.71,middle_east,105.79,0.0577863233390323
3945,1914,1918,belgium,allied_powers,116.42,349.95,2744.84,africa,466.37,0.1699078999140204
3946,1916,1919,ottoman_empire,central_powers,118.07,242.22,574.35,western_front,360.29,0.6273004265691651
3947,1916,1919,france,allied_powers,416.06,331.08,1071.87,balkans,747.14,0.6970434847509493
3948,1916,1919,united_states,allied_powers,233.09,184.43,194.79,eastern_front,417.52,2.143436521382001
3949,1916,1918,russia,allied_powers,547.08,123.33,1199.7,middle_east,670.4100000000001,0.558814703675919
3950,1917,1919,belgium,allied_powers,69.34,41.18,547.95,eastern_front,110.52,0.2016972351491924
3951,1916,1919,serbia,allied_powers,394.9,310.97,910.47,air,705.87,0.7752808988764045
3952,1915,1918,ottoman_empire,central_powers,295.06,171.3,2467.43,eastern_front,466.36,0.1890063750542062
3953,1916,1919,united_kingdom,allied_powers,541.41,431.65,1454.75,air,973.06,0.6688846880907372
3954,1916,1919,united_kingdom,allied_powers,436.96,62.78,2787.91,balkans,499.74,0.1792525583680965
3955,1916,1918,serbia,allied_powers,322.28,268.95,425.18,eastern_front,591.23,1.3905404769744578
3956,1915,1919,united_states,allied_powers,571.55,213.45,996.12,eastern_front,785.0,0.788057663735293
3957,1916,1918,germany,central_powers,670.23,469.37,119.83,air,1139.6,9.51013936409914
3958,1914,1919,united_kingdom,allied_powers,146.58,204.6,2156.51,middle_east,351.18,0.1628464509786646
3959,1917,1918,russia,allied_powers,154.05,20.61,1742.05,naval,174.66000000000005,0.1002611865331075
3960,1916,1919,united_kingdom,allied_powers,659.49,253.77,1074.75,balkans,913.26,0.8497418004187021
3961,1914,1919,italy,allied_powers,196.46,150.4,2725.55,middle_east,346.86,0.127262387408046
3962,1914,1918,united_states,allied_powers,672.32,178.84,2845.55,western_front,851.1600000000001,0.2991196780938658
3963,1914,1919,italy,allied_powers,542.46,283.93,2388.42,eastern_front,826.3900000000001,0.3459986099597223
3964,1917,1919,austria-hungary,central_powers,244.16,107.29,146.78,balkans,351.45,2.3943997819866465
3965,1914,1919,germany,central_powers,505.66,152.65,2796.97,air,658.3100000000001,0.2353654132865208
3966,1915,1919,germany,central_powers,655.13,20.27,1484.13,air,675.4,0.4550814281767769
3967,1917,1918,france,allied_powers,726.09,20.34,1082.71,western_front,746.4300000000001,0.6894089830148424
3968,1915,1919,russia,allied_powers,444.92,27.02,895.24,italian_front,471.94,0.527165899647022
3969,1915,1918,belgium,allied_powers,359.81,150.58,152.2,middle_east,510.39,3.353416557161629
3970,1917,1919,germany,central_powers,527.4,118.23,1784.53,africa,645.63,0.3617927409457953
3971,1916,1919,serbia,allied_powers,281.37,401.8,264.94,eastern_front,683.1700000000001,2.5785838303012008
3972,1916,1919,serbia,allied_powers,682.07,159.48,1493.38,middle_east,841.5500000000001,0.5635203364180583
3973,1917,1919,united_kingdom,allied_powers,289.93,467.22,2504.44,western_front,757.1500000000001,0.302323074220185
3974,1916,1919,ottoman_empire,central_powers,265.4,456.14,2675.74,middle_east,721.54,0.269659981911546
3975,1914,1919,russia,allied_powers,775.46,404.14,1481.39,africa,1179.6,0.7962791702387622
3976,1917,1919,italy,allied_powers,640.57,409.1,576.71,eastern_front,1049.67,1.8201002236826131
3977,1916,1918,serbia,allied_powers,831.72,148.43,808.88,italian_front,980.15,1.2117372168924934
3978,1917,1919,ottoman_empire,central_powers,611.99,97.5,2026.17,eastern_front,709.49,0.3501631156319558
3979,1915,1919,united_states,allied_powers,504.1,141.32,2005.53,naval,645.4200000000001,0.3218201672375881
3980,1915,1919,france,allied_powers,750.05,345.99,2563.1,balkans,1096.04,0.4276228005150013
3981,1914,1918,ottoman_empire,central_powers,215.48,15.63,599.93,air,231.11,0.3852282766322737
3982,1915,1919,united_states,allied_powers,557.29,336.41,742.84,western_front,893.7,1.2030854558182111
3983,1916,1918,united_states,allied_powers,405.17,106.34,2492.11,eastern_front,511.51,0.2052517746006396
3984,1915,1919,austria-hungary,central_powers,449.37,250.24,2634.19,middle_east,699.61,0.2655882833053045
3985,1915,1919,austria-hungary,central_powers,611.46,104.73,2753.84,balkans,716.19,0.2600695755744706
3986,1914,1919,serbia,allied_powers,737.15,18.97,1626.07,eastern_front,756.12,0.464998431801829
3987,1915,1918,united_states,allied_powers,895.75,466.74,1021.46,naval,1362.49,1.3338652516985492
3988,1916,1918,russia,allied_powers,620.86,426.67,1478.91,naval,1047.53,0.7083122029061943
3989,1916,1919,italy,allied_powers,699.65,235.71,2602.02,balkans,935.36,0.3594745620710063
3990,1916,1919,ottoman_empire,central_powers,733.52,593.22,2355.02,eastern_front,1326.74,0.5633667654627137
3991,1915,1919,russia,allied_powers,523.37,255.94,2178.57,africa,779.31,0.3577163001418361
3992,1915,1919,united_states,allied_powers,878.57,56.55,302.87,naval,935.12,3.087529303001288
3993,1915,1918,ottoman_empire,central_powers,833.86,516.29,2337.08,eastern_front,1350.15,0.5777080801684153
3994,1916,1918,ottoman_empire,central_powers,320.32,371.39,2269.09,naval,691.71,0.3048402663622861
3995,1917,1919,germany,central_powers,178.38,165.21,953.73,naval,343.59000000000003,0.3602591928533233
3996,1916,1918,austria-hungary,central_powers,798.74,151.54,507.48,air,950.28,1.8725467013478363
3997,1915,1919,united_states,allied_powers,422.97,163.31,2707.01,balkans,586.28,0.2165784389418583
3998,1915,1919,serbia,allied_powers,173.43,308.17,2021.05,italian_front,481.6,0.2382919769426783
3999,1917,1918,italy,allied_powers,29.1,106.41,2787.94,eastern_front,135.51,0.0486057806122082
4000,1916,1918,germany,central_powers,91.91,179.4,661.45,balkans,271.31,0.4101746163731196
4001,1917,1918,france,allied_powers,866.77,363.46,2892.78,middle_east,1230.23,0.4252760320522127
4002,1915,1919,france,allied_powers,784.6,519.28,672.97,middle_east,1303.88,1.9375009287189624
4003,1914,1919,germany,central_powers,358.86,323.87,1730.35,naval,682.73,0.3945617938567342
4004,1914,1918,united_states,allied_powers,607.18,250.86,2864.75,middle_east,858.04,0.2995165372196526
4005,1914,1919,austria-hungary,central_powers,544.94,64.51,942.19,italian_front,609.45,0.6468440548084782
4006,1915,1918,russia,allied_powers,419.89,174.83,1188.79,naval,594.72,0.5002733872256665
4007,1914,1919,russia,allied_powers,614.08,290.72,2021.16,middle_east,904.8,0.4476637178649884
4008,1915,1919,united_kingdom,allied_powers,545.32,548.69,1155.87,middle_east,1094.0100000000002,0.9464818707986196
4009,1917,1919,serbia,allied_powers,127.24,356.65,1366.6,western_front,483.89,0.3540831260061466
4010,1917,1918,serbia,allied_powers,580.73,533.38,1678.26,balkans,1114.11,0.663848271423975
4011,1917,1919,united_kingdom,allied_powers,547.17,86.72,1122.69,air,633.89,0.5646171249409899
4012,1916,1918,france,allied_powers,101.86,423.75,1647.43,middle_east,525.61,0.3190484572940884
4013,1917,1918,italy,allied_powers,311.78,251.19,1787.42,naval,562.97,0.3149623479652236
4014,1916,1918,serbia,allied_powers,353.69,245.51,2207.16,africa,599.2,0.2714800920640099
4015,1916,1918,france,allied_powers,134.56,371.99,1311.13,italian_front,506.55,0.3863461289117021
4016,1916,1918,serbia,allied_powers,98.16,364.08,2652.02,africa,462.24,0.1742973280744489
4017,1916,1919,italy,allied_powers,204.7,415.54,628.64,italian_front,620.24,0.9866378213285824
4018,1914,1918,ottoman_empire,central_powers,775.23,579.14,1060.35,air,1354.37,1.2772858018578772
4019,1916,1919,serbia,allied_powers,554.19,301.78,1989.1,western_front,855.97,0.4303303001357398
4020,1915,1918,belgium,allied_powers,293.42,376.91,408.13,air,670.33,1.6424423590522628
4021,1916,1918,serbia,allied_powers,237.71,546.45,1100.86,eastern_front,784.1600000000001,0.7123158258089132
4022,1917,1919,germany,central_powers,858.62,216.76,822.02,italian_front,1075.38,1.3082163451010926
4023,1915,1919,russia,allied_powers,227.09,277.4,1172.06,air,504.49,0.4304301827551491
4024,1917,1919,united_kingdom,allied_powers,26.31,422.54,1093.23,africa,448.85,0.4105723406785397
4025,1914,1919,austria-hungary,central_powers,93.19,435.97,852.24,italian_front,529.1600000000001,0.6209049094151883
4026,1915,1918,serbia,allied_powers,740.81,53.28,2114.98,italian_front,794.0899999999999,0.3754598152228389
4027,1916,1918,austria-hungary,central_powers,231.79,404.83,2545.24,eastern_front,636.62,0.2501217959799469
4028,1916,1919,russia,allied_powers,454.11,416.69,132.35,africa,870.8,6.579523989421987
4029,1916,1919,austria-hungary,central_powers,742.4,139.52,671.67,naval,881.92,1.313025741807733
4030,1917,1919,russia,allied_powers,505.75,475.29,1699.5,eastern_front,981.04,0.5772521329802883
4031,1914,1919,austria-hungary,central_powers,724.28,25.09,1130.11,western_front,749.37,0.6630947429896206
4032,1914,1919,russia,allied_powers,646.75,391.02,2809.11,air,1037.77,0.36943017539363
4033,1915,1918,ottoman_empire,central_powers,796.23,399.26,1728.48,italian_front,1195.49,0.6916423678607794
4034,1917,1918,belgium,allied_powers,139.67,522.13,2759.29,eastern_front,661.8,0.2398443077748261
4035,1917,1918,united_states,allied_powers,794.59,144.24,1105.24,italian_front,938.83,0.8494354167420651
4036,1914,1918,united_states,allied_powers,471.51,149.78,2940.25,africa,621.29,0.2113051611257546
4037,1914,1918,serbia,allied_powers,52.76,42.66,1919.34,balkans,95.42,0.0497150062000479
4038,1914,1918,serbia,allied_powers,690.63,83.49,2690.2,western_front,774.12,0.2877555572076425
4039,1915,1918,united_states,allied_powers,198.94,551.85,593.72,western_front,750.79,1.2645523142221922
4040,1916,1918,serbia,allied_powers,352.7,369.63,2127.74,italian_front,722.3299999999999,0.3394822675702858
4041,1916,1919,france,allied_powers,612.41,67.59,1921.67,italian_front,680.0,0.353858883158919
4042,1916,1919,united_kingdom,allied_powers,244.65,220.18,2405.69,air,464.83,0.1932210717091562
4043,1915,1918,united_states,allied_powers,554.19,33.26,1065.97,eastern_front,587.45,0.5510943084702197
4044,1914,1918,united_kingdom,allied_powers,96.14,31.82,1937.72,balkans,127.96,0.0660363726441384
4045,1914,1918,serbia,allied_powers,735.97,269.11,2980.98,air,1005.08,0.3371642882541983
4046,1917,1918,serbia,allied_powers,693.34,559.17,2246.78,western_front,1252.51,0.5574689110638336
4047,1915,1919,ottoman_empire,central_powers,393.78,319.76,1852.91,eastern_front,713.54,0.3850915586833683
4048,1917,1918,russia,allied_powers,328.62,534.39,1075.48,eastern_front,863.01,0.8024417004500316
4049,1916,1919,serbia,allied_powers,538.54,435.36,2542.69,italian_front,973.9,0.3830195580271287
4050,1916,1919,united_states,allied_powers,826.78,456.72,1311.4,eastern_front,1283.5,0.9787250266890346
4051,1915,1919,belgium,allied_powers,489.51,545.89,2985.67,naval,1035.4,0.3467898327678544
4052,1916,1919,italy,allied_powers,505.1,517.01,2826.13,air,1022.11,0.3616641838839685
4053,1917,1919,france,allied_powers,527.72,3.64,1867.92,africa,531.36,0.2844661441603495
4054,1914,1919,austria-hungary,central_powers,861.73,299.96,1103.47,italian_front,1161.69,1.052760836271036
4055,1916,1919,ottoman_empire,central_powers,456.99,469.43,2494.7,naval,926.42,0.3713552731791398
4056,1916,1918,united_states,allied_powers,1.05,479.28,1935.69,naval,480.33,0.2481440726562621
4057,1916,1918,russia,allied_powers,12.24,348.72,2032.35,eastern_front,360.96,0.1776072034836519
4058,1917,1918,russia,allied_powers,860.75,58.01,2620.26,air,918.76,0.350636959691023
4059,1917,1918,germany,central_powers,853.11,165.84,2273.69,africa,1018.95,0.4481481644375442
4060,1916,1918,belgium,allied_powers,513.86,376.58,1828.69,balkans,890.44,0.4869278007754185
4061,1916,1918,germany,central_powers,495.56,284.35,2054.67,africa,779.9100000000001,0.3795792024996715
4062,1914,1918,austria-hungary,central_powers,412.3,459.8,411.38,eastern_front,872.1,2.1199377704312314
4063,1915,1919,united_kingdom,allied_powers,602.84,169.46,2986.12,western_front,772.3000000000001,0.2586299277992847
4064,1914,1919,united_kingdom,allied_powers,555.69,220.53,1583.48,middle_east,776.22,0.4901988026372294
4065,1916,1918,austria-hungary,central_powers,16.01,305.6,918.5,eastern_front,321.61,0.3501469787697333
4066,1917,1919,united_states,allied_powers,399.2,195.0,152.75,middle_east,594.2,3.890016366612112
4067,1914,1918,italy,allied_powers,683.46,588.84,2947.8,balkans,1272.3000000000002,0.4316100142479137
4068,1914,1919,serbia,allied_powers,102.36,456.38,2458.01,eastern_front,558.74,0.2273139653622239
4069,1915,1919,serbia,allied_powers,484.75,96.49,1415.92,africa,581.24,0.4105034182722187
4070,1915,1918,italy,allied_powers,507.46,403.0,792.89,naval,910.46,1.148280341535396
4071,1915,1919,united_kingdom,allied_powers,153.57,135.58,2452.05,naval,289.15,0.1179217389531208
4072,1916,1919,italy,allied_powers,185.74,156.92,820.99,naval,342.66,0.417374145848305
4073,1917,1918,italy,allied_powers,780.06,417.15,842.29,balkans,1197.21,1.421375060846027
4074,1917,1919,belgium,allied_powers,80.62,470.18,2081.12,western_front,550.8,0.2646651802875375
4075,1915,1919,russia,allied_powers,85.29,141.46,862.68,africa,226.75,0.2628436963880002
4076,1914,1918,serbia,allied_powers,216.75,447.53,1481.67,air,664.28,0.448331949759393
4077,1914,1918,united_kingdom,allied_powers,844.47,109.04,209.83,italian_front,953.51,4.544202449602058
4078,1915,1919,belgium,allied_powers,89.19,528.48,1779.08,eastern_front,617.6700000000001,0.3471850619421274
4079,1914,1919,serbia,allied_powers,16.33,422.13,2603.48,italian_front,438.46,0.1684130471522731
4080,1915,1919,united_kingdom,allied_powers,485.72,468.82,2496.05,eastern_front,954.54,0.382420223953847
4081,1917,1919,united_kingdom,allied_powers,888.28,544.53,2526.9,balkans,1432.81,0.5670228343029008
4082,1914,1919,russia,allied_powers,468.98,139.97,1527.46,balkans,608.95,0.3986683775679887
4083,1916,1918,belgium,allied_powers,899.36,242.72,289.93,air,1142.08,3.939157727727382
4084,1914,1919,belgium,allied_powers,850.56,494.16,840.09,italian_front,1344.72,1.6006856408241974
4085,1916,1918,serbia,allied_powers,105.53,417.82,2671.48,naval,523.35,0.1959026457244673
4086,1914,1918,austria-hungary,central_powers,339.9,551.48,2937.51,balkans,891.38,0.3034474776256081
4087,1915,1918,italy,allied_powers,602.07,433.02,870.12,middle_east,1035.09,1.1895945386843196
4088,1916,1919,austria-hungary,central_powers,226.38,500.71,2975.31,italian_front,727.0899999999999,0.24437453576266
4089,1917,1918,austria-hungary,central_powers,293.68,523.86,938.12,middle_east,817.54,0.8714663369291774
4090,1916,1919,austria-hungary,central_powers,144.89,81.21,2667.77,middle_east,226.1,0.0847524336805646
4091,1917,1919,united_kingdom,allied_powers,549.73,537.09,787.51,naval,1086.8200000000002,1.3800713641731537
4092,1915,1918,russia,allied_powers,632.91,370.66,1522.79,balkans,1003.57,0.6590337472665305
4093,1915,1919,germany,central_powers,664.29,599.18,791.51,air,1263.4699999999998,1.5962780002779495
4094,1915,1919,belgium,allied_powers,248.27,59.22,899.52,western_front,307.49,0.3418378690857346
4095,1917,1918,austria-hungary,central_powers,539.68,207.65,2478.14,western_front,747.3299999999999,0.3015689186244522
4096,1915,1918,united_states,allied_powers,204.28,224.01,336.06,balkans,428.29,1.274445039576266
4097,1915,1919,belgium,allied_powers,872.44,566.54,519.4,africa,1438.98,2.770465922217944
4098,1916,1918,belgium,allied_powers,635.54,347.26,2921.05,western_front,982.8,0.3364543571660875
4099,1916,1918,belgium,allied_powers,257.49,468.13,56.11,eastern_front,725.62,12.932097665300304
4100,1916,1919,russia,allied_powers,256.13,406.48,2151.25,balkans,662.61,0.3080116211504939
4101,1914,1919,germany,central_powers,134.34,465.22,2492.47,western_front,599.5600000000001,0.2405485321789229
4102,1914,1919,ottoman_empire,central_powers,200.17,176.39,720.87,balkans,376.56,0.5223688043613965
4103,1916,1919,serbia,allied_powers,830.59,71.74,449.33,air,902.33,2.0081677163777183
4104,1917,1918,austria-hungary,central_powers,512.44,302.12,2455.13,western_front,814.5600000000001,0.3317787652792316
4105,1916,1919,united_kingdom,allied_powers,346.13,349.95,2453.21,africa,696.0799999999999,0.2837425250997672
4106,1915,1918,united_states,allied_powers,519.06,64.49,1246.79,eastern_front,583.55,0.4680419316805556
4107,1914,1919,united_kingdom,allied_powers,420.63,234.22,395.55,middle_east,654.85,1.6555429149285803
4108,1915,1919,france,allied_powers,884.64,12.1,1188.51,air,896.74,0.7545077449916282
4109,1916,1918,belgium,allied_powers,772.0,270.89,1934.73,air,1042.89,0.5390364546991052
4110,1916,1918,united_kingdom,allied_powers,97.33,355.55,279.47,naval,452.88,1.6204959387411886
4111,1917,1918,france,allied_powers,536.58,313.02,142.29,africa,849.6,5.97090449082859
4112,1917,1918,united_kingdom,allied_powers,34.31,469.51,2036.52,balkans,503.82,0.2473926109245183
4113,1915,1918,austria-hungary,central_powers,303.66,490.2,2126.4,italian_front,793.86,0.3733352144469526
4114,1914,1919,italy,allied_powers,809.54,571.32,208.0,eastern_front,1380.86,6.638750000000001
4115,1916,1918,germany,central_powers,393.85,271.41,1182.73,balkans,665.26,0.5624783340238262
4116,1917,1919,austria-hungary,central_powers,529.65,166.86,1099.2,eastern_front,696.51,0.6336517467248908
4117,1916,1918,serbia,allied_powers,235.39,592.55,1130.35,western_front,827.9399999999999,0.7324633962931836
4118,1917,1919,france,allied_powers,757.92,575.92,2784.5,balkans,1333.84,0.4790231639432573
4119,1917,1918,ottoman_empire,central_powers,111.45,228.36,1062.51,eastern_front,339.81,0.3198181664172572
4120,1914,1918,germany,central_powers,5.34,208.7,2045.95,africa,214.04,0.1046164373518414
4121,1917,1918,belgium,allied_powers,217.62,316.62,2257.64,naval,534.24,0.23663648765968
4122,1917,1919,belgium,allied_powers,336.38,367.95,1744.66,africa,704.3299999999999,0.4037061662444258
4123,1916,1918,russia,allied_powers,477.65,478.46,1013.52,western_front,956.11,0.9433558291893598
4124,1916,1918,united_states,allied_powers,686.9,139.93,2290.15,air,826.8299999999999,0.3610374866275134
4125,1917,1919,france,allied_powers,761.66,537.19,2713.83,middle_east,1298.85,0.4786040393097577
4126,1914,1918,germany,central_powers,395.75,63.75,2637.17,air,459.5,0.1742398100994626
4127,1917,1918,belgium,allied_powers,316.43,33.83,651.53,africa,350.26,0.5375961199023837
4128,1915,1919,united_kingdom,allied_powers,260.37,484.3,857.1,eastern_front,744.6700000000001,0.8688251079220628
4129,1916,1918,ottoman_empire,central_powers,295.97,571.8,1193.43,western_front,867.77,0.7271226632479492
4130,1916,1918,united_states,allied_powers,749.39,530.85,2263.74,eastern_front,1280.24,0.5655419792025587
4131,1914,1919,serbia,allied_powers,497.15,285.92,2109.21,naval,783.0699999999999,0.3712622261415411
4132,1917,1918,serbia,allied_powers,441.81,248.56,189.56,air,690.37,3.641960329183372
4133,1917,1919,united_kingdom,allied_powers,620.45,33.5,1565.22,middle_east,653.95,0.4178006925544013
4134,1917,1919,ottoman_empire,central_powers,3.91,546.29,2370.01,eastern_front,550.1999999999999,0.2321509191944337
4135,1914,1918,germany,central_powers,120.04,70.47,2121.59,eastern_front,190.51,0.089795860651681
4136,1914,1919,france,allied_powers,685.47,535.97,2730.56,eastern_front,1221.44,0.4473221610219149
4137,1916,1918,united_states,allied_powers,554.78,540.65,2537.11,western_front,1095.4299999999998,0.4317629113440094
4138,1916,1918,russia,allied_powers,503.22,446.34,1120.26,eastern_front,949.56,0.8476246585614053
4139,1915,1919,ottoman_empire,central_powers,132.12,38.22,2629.31,naval,170.34,0.0647850576767288
4140,1916,1919,italy,allied_powers,874.88,423.81,2774.47,naval,1298.69,0.4680857965665515
4141,1915,1919,italy,allied_powers,852.83,370.8,2914.16,middle_east,1223.63,0.4198911521673484
4142,1916,1918,russia,allied_powers,162.31,69.66,1415.69,naval,231.97,0.1638564940064562
4143,1917,1918,united_kingdom,allied_powers,15.95,54.51,658.76,balkans,70.46,0.1069585281437852
4144,1917,1919,austria-hungary,central_powers,466.74,100.75,1555.33,naval,567.49,0.3648679058463477
4145,1915,1918,serbia,allied_powers,208.12,418.93,2747.78,western_front,627.05,0.2282024033947404
4146,1917,1918,germany,central_powers,764.25,567.31,970.07,naval,1331.56,1.3726432113146472
4147,1914,1919,ottoman_empire,central_powers,739.74,357.42,2601.5,air,1097.16,0.4217413030943687
4148,1916,1919,united_states,allied_powers,221.36,489.23,1918.18,africa,710.59,0.3704501141707243
4149,1915,1919,belgium,allied_powers,693.01,88.04,2359.82,balkans,781.05,0.3309786339636073
4150,1917,1919,germany,central_powers,775.26,461.2,2322.81,middle_east,1236.46,0.5323121563967781
4151,1916,1919,united_kingdom,allied_powers,140.64,60.53,935.74,western_front,201.17,0.2149849317118002
4152,1916,1919,russia,allied_powers,882.22,183.74,2871.43,balkans,1065.96,0.3712296660548925
4153,1917,1918,italy,allied_powers,604.09,182.31,2709.81,italian_front,786.4000000000001,0.2902048483103981
4154,1914,1918,united_states,allied_powers,66.83,367.09,2705.58,balkans,433.92,0.1603796598141618
4155,1916,1918,italy,allied_powers,98.05,228.58,503.6,eastern_front,326.63,0.6485901509134233
4156,1916,1918,italy,allied_powers,416.92,433.59,1244.78,eastern_front,850.51,0.6832612991853982
4157,1917,1918,united_kingdom,allied_powers,798.4,492.25,1836.23,air,1290.65,0.7028803581250715
4158,1916,1918,united_kingdom,allied_powers,580.37,513.05,919.96,western_front,1093.42,1.1885516761598331
4159,1917,1918,ottoman_empire,central_powers,357.88,173.82,1367.08,italian_front,531.7,0.3889311525294789
4160,1915,1919,ottoman_empire,central_powers,376.05,136.18,1941.96,balkans,512.23,0.2637695936064594
4161,1914,1919,serbia,allied_powers,778.27,528.01,1453.43,africa,1306.28,0.8987567340704402
4162,1915,1919,serbia,allied_powers,28.63,226.15,2984.75,middle_east,254.78,0.0853605829633972
4163,1915,1918,united_states,allied_powers,638.1,81.05,1643.63,eastern_front,719.15,0.4375376453338038
4164,1914,1919,austria-hungary,central_powers,502.32,350.58,1491.28,middle_east,852.9,0.5719247894426265
4165,1917,1918,serbia,allied_powers,821.33,333.73,1789.32,middle_east,1155.06,0.6455301455301455
4166,1916,1919,austria-hungary,central_powers,110.79,6.15,935.61,middle_east,116.94,0.1249879757591304
4167,1914,1919,austria-hungary,central_powers,188.66,443.48,1964.28,air,632.14,0.3218176634695665
4168,1917,1919,serbia,allied_powers,764.78,129.36,1721.23,italian_front,894.14,0.5194773504993522
4169,1915,1919,serbia,allied_powers,774.73,110.39,1936.82,africa,885.12,0.456996520068979
4170,1917,1918,italy,allied_powers,281.0,318.74,2528.8,eastern_front,599.74,0.2371638721923442
4171,1914,1918,france,allied_powers,214.62,124.14,1693.69,air,338.76,0.20001298939003
4172,1915,1918,italy,allied_powers,521.65,187.22,1681.92,africa,708.87,0.42146475456621
4173,1914,1918,italy,allied_powers,613.09,50.75,216.4,africa,663.84,3.067652495378928
4174,1915,1919,united_states,allied_powers,550.21,471.74,637.37,naval,1021.95,1.6033857884745124
4175,1915,1918,belgium,allied_powers,502.96,92.33,2099.2,italian_front,595.29,0.2835794588414634
4176,1915,1919,united_kingdom,allied_powers,396.19,566.4,2837.3,air,962.59,0.3392626793077926
4177,1914,1918,belgium,allied_powers,509.27,165.54,282.23,africa,674.81,2.390993161605782
4178,1914,1918,ottoman_empire,central_powers,286.62,578.6,551.94,eastern_front,865.22,1.5675979273109395
4179,1917,1918,russia,allied_powers,208.58,221.91,411.1,balkans,430.49,1.0471661396253953
4180,1914,1919,france,allied_powers,626.03,37.57,1348.63,africa,663.6,0.492054900157938
4181,1914,1919,austria-hungary,central_powers,831.44,119.7,61.73,middle_east,951.14,15.408067390247856
4182,1917,1919,france,allied_powers,808.93,493.19,2257.41,air,1302.12,0.5768203383523596
4183,1914,1919,germany,central_powers,200.3,471.26,2672.19,balkans,671.56,0.2513144649145457
4184,1917,1919,ottoman_empire,central_powers,408.44,35.48,2490.51,air,443.92,0.1782446165644787
4185,1917,1919,ottoman_empire,central_powers,577.02,214.6,1571.04,naval,791.62,0.5038827782869946
4186,1914,1919,italy,allied_powers,123.21,458.06,801.19,naval,581.27,0.7255083063942385
4187,1916,1918,united_kingdom,allied_powers,176.75,261.85,886.42,italian_front,438.6,0.4947993050698315
4188,1917,1918,france,allied_powers,594.42,93.65,2709.94,western_front,688.0699999999999,0.2539059905385358
4189,1915,1918,united_states,allied_powers,510.18,303.82,1748.32,balkans,814.0,0.4655898233732955
4190,1914,1919,ottoman_empire,central_powers,3.45,508.67,2867.54,italian_front,512.12,0.1785921033359604
4191,1914,1918,united_states,allied_powers,674.71,76.12,436.94,western_front,750.83,1.7183823865977024
4192,1915,1918,ottoman_empire,central_powers,714.47,48.71,2846.96,eastern_front,763.1800000000001,0.2680683957624976
4193,1917,1919,russia,allied_powers,124.72,582.86,2244.31,balkans,707.58,0.3152773012640856
4194,1916,1919,ottoman_empire,central_powers,57.29,516.89,2640.53,balkans,574.18,0.2174487697545568
4195,1916,1918,serbia,allied_powers,410.73,281.55,2313.44,naval,692.28,0.2992426862161975
4196,1917,1918,austria-hungary,central_powers,211.61,200.58,604.1,eastern_front,412.19000000000005,0.682320807813276
4197,1917,1919,italy,allied_powers,272.07,447.07,1312.29,naval,719.14,0.5480038710955658
4198,1915,1918,serbia,allied_powers,593.91,63.89,424.93,air,657.8,1.5480196738286305
4199,1917,1919,italy,allied_powers,196.93,39.54,245.55,middle_east,236.47,0.963021787823254
4200,1917,1919,russia,allied_powers,441.86,160.26,1463.99,naval,602.12,0.4112869623426389
4201,1914,1918,belgium,allied_powers,238.0,498.82,125.26,africa,736.8199999999999,5.88232476448986
4202,1917,1919,ottoman_empire,central_powers,854.37,464.11,2636.26,naval,1318.48,0.500132763839682
4203,1915,1918,united_states,allied_powers,231.07,508.21,148.74,naval,739.28,4.970283716552373
4204,1917,1918,united_kingdom,allied_powers,196.83,550.31,862.32,eastern_front,747.14,0.866430095556174
4205,1915,1919,russia,allied_powers,734.17,549.17,672.94,eastern_front,1283.34,1.9070645228400749
4206,1916,1919,belgium,allied_powers,427.93,474.51,1520.22,africa,902.44,0.5936246069647815
4207,1916,1919,united_states,allied_powers,429.9,59.82,2627.71,air,489.72,0.1863675976420533
4208,1916,1919,ottoman_empire,central_powers,637.92,564.06,2409.76,eastern_front,1201.98,0.498796560653343
4209,1915,1918,ottoman_empire,central_powers,771.12,325.43,1997.83,air,1096.55,0.5488705245191032
4210,1915,1918,germany,central_powers,845.45,198.91,1942.36,western_front,1044.36,0.5376758170473034
4211,1914,1918,united_kingdom,allied_powers,897.93,224.66,330.8,middle_east,1122.59,3.393561064087061
4212,1916,1919,united_kingdom,allied_powers,641.09,378.45,1730.66,air,1019.54,0.5891047346099175
4213,1915,1919,italy,allied_powers,469.84,254.78,1360.45,western_front,724.62,0.5326325848064979
4214,1917,1919,germany,central_powers,854.9,564.05,628.67,air,1418.9499999999998,2.2570665054798225
4215,1914,1919,italy,allied_powers,841.12,549.72,1899.45,balkans,1390.84,0.7322330148200795
4216,1916,1918,united_kingdom,allied_powers,468.3,199.4,2771.74,eastern_front,667.7,0.2408956106994162
4217,1915,1919,united_kingdom,allied_powers,364.6,151.29,2659.14,eastern_front,515.89,0.1940063328745384
4218,1915,1919,france,allied_powers,796.11,264.18,2415.54,italian_front,1060.29,0.4389453289947589
4219,1917,1918,united_states,allied_powers,768.35,395.76,2214.4,eastern_front,1164.11,0.5256999638728324
4220,1915,1918,united_states,allied_powers,446.66,160.91,2312.51,western_front,607.57,0.2627318368353001
4221,1916,1918,russia,allied_powers,203.2,164.68,228.08,air,367.88,1.612942827078218
4222,1914,1919,serbia,allied_powers,353.56,289.11,865.24,africa,642.6700000000001,0.7427650131755352
4223,1917,1919,united_states,allied_powers,335.46,450.59,1414.35,italian_front,786.05,0.5557676671262417
4224,1915,1918,united_states,allied_powers,599.61,451.39,1493.9,air,1051.0,0.7035276792288641
4225,1917,1919,austria-hungary,central_powers,165.55,303.71,2550.74,italian_front,469.26,0.1839701419980084
4226,1915,1919,austria-hungary,central_powers,808.38,204.62,1713.9,western_front,1013.0,0.5910496528385553
4227,1917,1919,serbia,allied_powers,629.2,5.12,2179.01,air,634.32,0.291104675976705
4228,1917,1919,united_states,allied_powers,335.57,592.98,2387.98,western_front,928.55,0.3888432901448085
4229,1916,1919,italy,allied_powers,4.83,86.42,2254.37,air,91.25,0.0404769403425347
4230,1914,1918,germany,central_powers,880.64,222.7,813.12,italian_front,1103.34,1.3569214876033058
4231,1916,1918,serbia,allied_powers,754.63,189.46,2904.71,africa,944.09,0.3250203979054707
4232,1915,1919,germany,central_powers,442.69,257.37,644.23,naval,700.06,1.086661596013846
4233,1914,1919,united_kingdom,allied_powers,230.31,315.61,2544.1,eastern_front,545.9200000000001,0.2145827601116308
4234,1917,1918,serbia,allied_powers,592.58,454.22,2377.31,naval,1046.8000000000002,0.4403296162469347
4235,1915,1918,ottoman_empire,central_powers,461.62,331.24,2399.58,balkans,792.86,0.3304161561606614
4236,1915,1919,russia,allied_powers,783.63,260.49,1638.64,eastern_front,1044.12,0.637186935507494
4237,1915,1918,united_states,allied_powers,750.59,379.27,745.1,africa,1129.86,1.5163870621393103
4238,1916,1918,ottoman_empire,central_powers,230.83,548.9,1241.43,eastern_front,779.73,0.628090186317392
4239,1916,1918,germany,central_powers,368.08,378.89,596.04,naval,746.97,1.2532212603180997
4240,1917,1919,united_states,allied_powers,631.4,289.55,1621.68,air,920.95,0.5678987223126634
4241,1917,1919,russia,allied_powers,326.03,415.44,877.86,naval,741.47,0.8446335406556854
4242,1917,1918,russia,allied_powers,252.41,333.88,1443.09,western_front,586.29,0.4062740369623516
4243,1916,1918,france,allied_powers,127.97,181.04,1230.64,naval,309.01,0.2510969901839693
4244,1917,1919,united_states,allied_powers,727.39,396.48,1594.02,balkans,1123.87,0.7050538889098004
4245,1916,1918,united_kingdom,allied_powers,560.1,353.49,1557.33,africa,913.59,0.5866386700313999
4246,1916,1919,france,allied_powers,555.09,186.62,2278.82,western_front,741.71,0.3254798536084464
4247,1917,1919,austria-hungary,central_powers,212.13,229.33,916.35,middle_east,441.46,0.4817591531620014
4248,1914,1919,united_states,allied_powers,135.4,85.26,1316.38,air,220.66000000000005,0.1676263692854646
4249,1915,1918,germany,central_powers,10.99,276.4,1121.79,western_front,287.39,0.2561887697340857
4250,1917,1919,italy,allied_powers,227.68,144.57,1684.56,balkans,372.25,0.2209775846511849
4251,1914,1918,italy,allied_powers,50.14,241.82,2583.08,western_front,291.96,0.1130278582157734
4252,1916,1918,austria-hungary,central_powers,287.62,566.34,1049.22,italian_front,853.96,0.8138998494119442
4253,1916,1919,russia,allied_powers,721.73,343.3,1152.18,middle_east,1065.03,0.924360776961933
4254,1915,1918,belgium,allied_powers,285.83,350.49,1782.41,western_front,636.3199999999999,0.3569997924158863
4255,1917,1919,ottoman_empire,central_powers,370.67,67.63,2366.56,eastern_front,438.3,0.1852055303901021
4256,1916,1918,united_states,allied_powers,883.37,412.26,1754.82,eastern_front,1295.63,0.7383264380392291
4257,1915,1918,germany,central_powers,397.28,599.51,1582.36,middle_east,996.79,0.6299388255517075
4258,1915,1918,belgium,allied_powers,51.71,87.13,1532.25,western_front,138.84,0.0906118453255017
4259,1914,1918,germany,central_powers,48.98,421.17,1661.59,eastern_front,470.15,0.2829518714002853
4260,1916,1918,united_kingdom,allied_powers,786.63,326.4,2824.3,middle_east,1113.03,0.3940905711149665
4261,1914,1918,italy,allied_powers,459.8,183.98,1442.18,air,643.78,0.4463936540515053
4262,1915,1918,ottoman_empire,central_powers,526.39,599.56,853.03,western_front,1125.9499999999998,1.3199418543310315
4263,1914,1918,united_kingdom,allied_powers,355.86,225.3,1159.64,balkans,581.1600000000001,0.5011555310268704
4264,1914,1919,ottoman_empire,central_powers,436.75,534.84,677.64,africa,971.59,1.4337849005371583
4265,1914,1919,russia,allied_powers,137.62,340.39,1801.05,air,478.01,0.2654062907748258
4266,1914,1919,united_kingdom,allied_powers,410.56,543.96,852.37,western_front,954.52,1.119842321996316
4267,1915,1918,france,allied_powers,45.21,262.39,1278.77,eastern_front,307.6,0.2405436474111841
4268,1915,1918,united_kingdom,allied_powers,815.71,322.58,338.33,balkans,1138.29,3.3644370880501286
4269,1917,1918,ottoman_empire,central_powers,720.38,442.82,582.98,balkans,1163.2,1.9952657037977288
4270,1916,1919,belgium,allied_powers,373.12,319.12,2256.36,africa,692.24,0.3067950149798791
4271,1914,1919,belgium,allied_powers,295.54,499.39,2602.22,africa,794.9300000000001,0.305481473511079
4272,1916,1918,belgium,allied_powers,504.28,30.07,1468.61,africa,534.35,0.3638474475864934
4273,1914,1919,france,allied_powers,244.72,244.1,2671.38,eastern_front,488.82,0.1829840756462951
4274,1917,1918,ottoman_empire,central_powers,374.11,85.33,1216.84,western_front,459.44,0.377568127280497
4275,1916,1919,ottoman_empire,central_powers,448.37,481.7,1305.4,africa,930.07,0.7124789336601807
4276,1914,1918,austria-hungary,central_powers,210.46,481.36,351.73,balkans,691.82,1.966906433912376
4277,1917,1919,belgium,allied_powers,87.93,231.26,522.51,middle_east,319.19,0.6108782607031444
4278,1916,1918,russia,allied_powers,592.78,49.7,639.0,africa,642.48,1.005446009389671
4279,1914,1919,united_states,allied_powers,261.29,113.0,954.82,western_front,374.29,0.3920005864979787
4280,1915,1918,ottoman_empire,central_powers,549.52,583.24,1251.58,eastern_front,1132.76,0.9050639991051312
4281,1916,1919,russia,allied_powers,626.9,408.64,948.02,balkans,1035.54,1.0923187274530073
4282,1916,1918,serbia,allied_powers,137.18,377.26,357.84,air,514.44,1.4376257545271631
4283,1917,1919,france,allied_powers,808.49,444.59,824.5,western_front,1253.08,1.5198059429957549
4284,1914,1919,italy,allied_powers,526.94,569.49,421.82,middle_east,1096.43,2.599284054810109
4285,1917,1918,united_kingdom,allied_powers,866.56,507.02,307.03,middle_east,1373.58,4.473764778686122
4286,1917,1919,austria-hungary,central_powers,191.9,147.64,2082.83,eastern_front,339.54,0.1630185852902061
4287,1916,1919,ottoman_empire,central_powers,342.26,567.09,2981.51,eastern_front,909.35,0.3049964615245295
4288,1917,1919,serbia,allied_powers,182.24,43.49,1499.62,middle_east,225.73,0.1505247996159027
4289,1917,1918,france,allied_powers,813.35,61.45,1769.48,africa,874.8000000000001,0.4943825304609264
4290,1916,1919,russia,allied_powers,494.59,573.44,1427.65,balkans,1068.03,0.7481035267747697
4291,1914,1918,belgium,allied_powers,796.53,229.88,1645.59,middle_east,1026.41,0.6237337368360284
4292,1915,1918,united_states,allied_powers,709.09,434.22,1186.25,western_front,1143.31,0.9638018967334036
4293,1914,1918,austria-hungary,central_powers,642.17,75.06,1850.11,naval,717.23,0.3876688413121382
4294,1917,1918,united_kingdom,allied_powers,444.19,494.57,755.52,balkans,938.76,1.2425349428208383
4295,1915,1919,serbia,allied_powers,54.27,498.77,481.12,balkans,553.04,1.149484536082474
4296,1914,1919,italy,allied_powers,295.31,84.94,1284.06,air,380.25,0.2961310219148638
4297,1914,1919,russia,allied_powers,759.28,58.38,2047.29,balkans,817.66,0.399386506064114
4298,1916,1918,ottoman_empire,central_powers,643.8,366.23,1885.35,naval,1010.03,0.5357254621157875
4299,1914,1919,russia,allied_powers,825.26,232.36,318.83,eastern_front,1057.62,3.3171909795188657
4300,1914,1918,ottoman_empire,central_powers,645.75,584.09,2935.21,naval,1229.84,0.4189955744222731
4301,1915,1919,ottoman_empire,central_powers,486.48,387.73,1993.72,western_front,874.21,0.4384818329554802
4302,1915,1919,belgium,allied_powers,287.95,344.09,1133.48,air,632.04,0.5576101916222606
4303,1916,1918,united_states,allied_powers,159.17,162.83,1363.34,air,322.0,0.2361846641336717
4304,1914,1918,russia,allied_powers,170.14,294.53,1299.1,africa,464.67,0.3576860903702563
4305,1914,1918,france,allied_powers,202.83,456.22,2114.49,italian_front,659.0500000000001,0.3116827225477539
4306,1915,1919,austria-hungary,central_powers,663.65,129.08,2388.64,italian_front,792.73,0.3318750418648268
4307,1917,1919,belgium,allied_powers,506.17,76.75,494.54,balkans,582.9200000000001,1.17871152990658
4308,1915,1919,germany,central_powers,317.42,294.37,2056.82,balkans,611.79,0.2974445989440009
4309,1914,1919,united_states,allied_powers,866.27,285.76,996.63,italian_front,1152.03,1.155925468829957
4310,1914,1918,germany,central_powers,801.25,429.59,668.46,balkans,1230.84,1.8413068844807463
4311,1914,1919,russia,allied_powers,500.38,546.78,341.23,balkans,1047.16,3.068780587873281
4312,1915,1918,france,allied_powers,238.41,122.15,1450.68,naval,360.56,0.2485455096920065
4313,1914,1919,united_states,allied_powers,450.54,19.83,2497.34,air,470.37,0.1883484027004733
4314,1914,1918,belgium,allied_powers,168.4,543.87,2133.48,italian_front,712.27,0.3338536100643081
4315,1916,1919,russia,allied_powers,740.38,337.8,605.42,western_front,1078.18,1.7808793895147172
4316,1917,1918,belgium,allied_powers,319.25,204.77,456.06,italian_front,524.02,1.149015480419243
4317,1915,1919,russia,allied_powers,387.12,13.63,2043.92,western_front,400.75,0.1960693177815178
4318,1917,1918,united_states,allied_powers,393.53,562.83,2974.04,africa,956.36,0.3215693131228901
4319,1915,1918,belgium,allied_powers,246.31,71.07,741.72,eastern_front,317.38,0.4278973197432993
4320,1914,1918,france,allied_powers,303.83,296.92,2742.79,italian_front,600.75,0.219028799142479
4321,1915,1919,germany,central_powers,31.8,303.06,2454.07,balkans,334.86,0.1364508754843993
4322,1917,1919,france,allied_powers,347.3,548.31,225.15,middle_east,895.6099999999999,3.977836997557184
4323,1914,1919,russia,allied_powers,841.45,440.57,2069.01,middle_east,1282.02,0.6196296779619237
4324,1916,1919,france,allied_powers,839.09,408.35,2994.95,air,1247.44,0.4165144660177967
4325,1917,1918,serbia,allied_powers,547.5,593.2,2609.57,africa,1140.7,0.4371218246684319
4326,1915,1918,italy,allied_powers,667.87,101.71,2136.24,middle_east,769.58,0.3602497846683893
4327,1915,1918,austria-hungary,central_powers,588.3,523.74,2175.65,eastern_front,1112.04,0.5111300071243077
4328,1914,1919,united_kingdom,allied_powers,709.01,335.23,92.08,eastern_front,1044.24,11.34057341442224
4329,1917,1919,russia,allied_powers,229.94,533.46,556.69,italian_front,763.4000000000001,1.3713197650397888
4330,1916,1919,austria-hungary,central_powers,191.48,556.95,1223.62,balkans,748.4300000000001,0.6116523103577909
4331,1914,1919,germany,central_powers,605.75,557.5,2112.92,middle_east,1163.25,0.5505414308161217
4332,1915,1919,united_kingdom,allied_powers,89.01,388.69,351.21,naval,477.7,1.36015489308391
4333,1917,1919,germany,central_powers,36.17,482.62,54.72,eastern_front,518.79,9.480811403508772
4334,1917,1918,italy,allied_powers,748.09,411.93,1887.11,naval,1160.02,0.6147071447875323
4335,1915,1918,united_kingdom,allied_powers,603.97,210.5,651.21,eastern_front,814.47,1.2507025383516837
4336,1917,1918,united_states,allied_powers,829.01,330.43,581.21,middle_east,1159.44,1.9948727654376213
4337,1917,1918,italy,allied_powers,216.87,15.37,639.11,western_front,232.24,0.3633803257655176
4338,1917,1919,france,allied_powers,831.64,141.92,2772.76,air,973.56,0.3511158556817034
4339,1915,1919,germany,central_powers,590.75,118.9,1135.47,middle_east,709.65,0.6249834870141879
4340,1914,1918,russia,allied_powers,320.85,228.9,1060.72,middle_east,549.75,0.5182800362018252
4341,1915,1919,russia,allied_powers,76.04,556.71,1008.22,middle_east,632.75,0.6275912003332605
4342,1915,1918,russia,allied_powers,460.85,192.94,601.55,italian_front,653.79,1.0868423239963427
4343,1915,1919,united_states,allied_powers,284.44,144.32,1941.85,naval,428.76,0.2207997528130391
4344,1917,1918,united_kingdom,allied_powers,260.29,86.63,2792.41,naval,346.92,0.1242367703883026
4345,1915,1919,belgium,allied_powers,8.5,567.95,2675.42,middle_east,576.45,0.2154614976340163
4346,1915,1919,austria-hungary,central_powers,104.41,61.77,98.72,western_front,166.18,1.6833468395461912
4347,1917,1918,germany,central_powers,839.37,438.35,603.12,naval,1277.72,2.1185170447008885
4348,1916,1918,ottoman_empire,central_powers,583.44,460.8,1853.05,naval,1044.24,0.5635249993254364
4349,1917,1919,serbia,allied_powers,368.1,117.09,2682.34,italian_front,485.19000000000005,0.180883109523774
4350,1915,1919,united_states,allied_powers,154.74,570.02,2015.55,italian_front,724.76,0.3595842325916003
4351,1917,1918,serbia,allied_powers,771.54,211.42,959.18,middle_east,982.96,1.0247920098417398
4352,1917,1918,serbia,allied_powers,877.24,90.57,136.28,balkans,967.81,7.10162899911946
4353,1915,1919,france,allied_powers,701.03,452.12,1718.55,africa,1153.15,0.671001716563382
4354,1916,1918,italy,allied_powers,475.52,28.06,1664.13,balkans,503.58,0.3026085702439112
4355,1914,1918,austria-hungary,central_powers,663.3,490.98,2882.75,western_front,1154.28,0.4004093313676177
4356,1915,1919,germany,central_powers,786.07,375.38,2880.92,balkans,1161.45,0.4031524651847326
4357,1914,1918,united_states,allied_powers,133.3,27.9,653.73,italian_front,161.20000000000002,0.2465849815673137
4358,1915,1919,france,allied_powers,564.2,595.13,1768.56,eastern_front,1159.33,0.655522006604243
4359,1917,1918,ottoman_empire,central_powers,848.03,493.06,775.3,air,1341.09,1.7297691216303366
4360,1915,1918,italy,allied_powers,274.83,411.94,2398.93,naval,686.77,0.2862818006361169
4361,1915,1918,united_kingdom,allied_powers,475.52,186.0,2044.93,naval,661.52,0.3234927356926643
4362,1914,1919,germany,central_powers,463.03,38.24,79.79,italian_front,501.27,6.282366211304674
4363,1915,1918,serbia,allied_powers,105.46,593.96,2117.21,middle_east,699.4200000000001,0.3303498472045759
4364,1915,1918,united_states,allied_powers,514.74,204.19,2610.63,africa,718.9300000000001,0.275385634885066
4365,1915,1919,serbia,allied_powers,798.27,578.86,469.15,eastern_front,1377.13,2.935372482148567
4366,1914,1919,serbia,allied_powers,881.08,576.96,2436.29,eastern_front,1458.04,0.5984673417368211
4367,1916,1918,germany,central_powers,455.84,117.89,91.15,naval,573.73,6.294349972572682
4368,1916,1918,united_states,allied_powers,834.55,105.54,2566.43,western_front,940.09,0.366302607123514
4369,1916,1918,belgium,allied_powers,76.22,259.27,978.72,africa,335.49,0.3427844531633153
4370,1917,1919,ottoman_empire,central_powers,247.95,287.58,2478.15,middle_east,535.53,0.2161007202953816
4371,1914,1918,italy,allied_powers,695.36,554.27,2038.62,italian_front,1249.63,0.6129783873404558
4372,1916,1918,france,allied_powers,346.2,79.42,2309.42,eastern_front,425.62,0.1842973560461068
4373,1917,1918,austria-hungary,central_powers,484.53,509.54,2095.09,western_front,994.07,0.4744760368289667
4374,1914,1919,ottoman_empire,central_powers,129.43,57.5,1704.89,air,186.93,0.1096434374065189
4375,1916,1919,belgium,allied_powers,768.53,119.66,2865.35,air,888.1899999999999,0.3099760936709302
4376,1917,1918,united_kingdom,allied_powers,427.41,594.83,2970.08,africa,1022.24,0.3441792813661585
4377,1915,1918,france,allied_powers,754.89,104.03,1905.75,balkans,858.92,0.4506991997901088
4378,1914,1919,ottoman_empire,central_powers,418.53,376.26,925.18,middle_east,794.79,0.8590652629758534
4379,1916,1918,serbia,allied_powers,378.39,432.2,1846.73,western_front,810.5899999999999,0.4389325997844839
4380,1914,1919,france,allied_powers,179.1,26.75,127.67,eastern_front,205.85,1.6123599906007675
4381,1914,1919,ottoman_empire,central_powers,660.61,512.96,966.88,eastern_front,1173.5700000000002,1.2137700645374816
4382,1914,1919,belgium,allied_powers,461.19,320.96,1743.58,italian_front,782.15,0.4485885362300554
4383,1916,1919,italy,allied_powers,396.5,510.46,961.81,middle_east,906.96,0.9429721046776391
4384,1915,1919,germany,central_powers,636.74,349.95,1254.09,balkans,986.69,0.7867776634850769
4385,1914,1919,france,allied_powers,26.69,263.61,2111.33,italian_front,290.3,0.1374962701235714
4386,1917,1918,france,allied_powers,714.6,472.12,1749.09,air,1186.72,0.6784785231177356
4387,1914,1919,italy,allied_powers,80.43,537.77,518.86,air,618.2,1.1914581968160969
4388,1917,1919,italy,allied_powers,351.39,274.8,1038.75,eastern_front,626.19,0.6028303249097473
4389,1915,1918,france,allied_powers,620.2,11.11,1045.91,air,631.3100000000001,0.6035987800097523
4390,1916,1919,ottoman_empire,central_powers,326.03,522.9,454.88,air,848.93,1.8662724234963064
4391,1914,1918,serbia,allied_powers,581.41,321.54,2529.41,balkans,902.95,0.3569804816142895
4392,1915,1918,austria-hungary,central_powers,145.79,361.95,2013.05,middle_east,507.74,0.2522242368545242
4393,1915,1918,russia,allied_powers,811.02,326.71,2487.88,western_front,1137.73,0.4573090341977909
4394,1914,1918,ottoman_empire,central_powers,499.18,500.31,2763.62,balkans,999.49,0.3616597071956347
4395,1914,1919,united_kingdom,allied_powers,750.85,270.34,1490.91,naval,1021.19,0.6849440945462838
4396,1914,1918,austria-hungary,central_powers,174.42,362.98,250.6,air,537.4,2.1444533120510774
4397,1915,1919,ottoman_empire,central_powers,368.3,545.68,1273.25,middle_east,913.98,0.717832318869036
4398,1917,1918,italy,allied_powers,538.36,429.66,2059.21,air,968.02,0.4700928997042555
4399,1914,1919,belgium,allied_powers,656.28,403.13,831.11,middle_east,1059.41,1.2746928806054552
4400,1915,1919,italy,allied_powers,713.54,482.88,1443.8,air,1196.42,0.8286604792907606
4401,1915,1919,belgium,allied_powers,480.04,492.78,1187.09,middle_east,972.82,0.8194997851889916
4402,1914,1918,serbia,allied_powers,473.48,37.81,2766.83,balkans,511.29,0.1847927050089814
4403,1914,1918,russia,allied_powers,886.42,448.41,1660.19,middle_east,1334.83,0.8040224311675169
4404,1917,1918,belgium,allied_powers,618.91,118.01,1105.26,middle_east,736.92,0.6667390478258509
4405,1915,1919,united_kingdom,allied_powers,595.1,7.4,952.14,balkans,602.5,0.6327850946289412
4406,1916,1918,united_kingdom,allied_powers,290.37,575.01,1191.75,italian_front,865.38,0.7261422278162366
4407,1915,1918,serbia,allied_powers,69.31,522.29,1734.85,air,591.5999999999999,0.3410093091621753
4408,1917,1918,serbia,allied_powers,335.63,56.06,166.92,air,391.69,2.3465732087227416
4409,1916,1919,france,allied_powers,881.39,435.87,1805.5,naval,1317.26,0.7295818332871781
4410,1917,1919,united_kingdom,allied_powers,688.88,179.04,267.41,africa,867.92,3.2456527429789457
4411,1914,1919,united_states,allied_powers,390.99,481.27,2720.11,air,872.26,0.3206708552227667
4412,1917,1919,serbia,allied_powers,289.06,275.96,396.71,italian_front,565.02,1.4242645761387411
4413,1914,1919,russia,allied_powers,802.04,167.9,2942.11,italian_front,969.94,0.3296749611673255
4414,1917,1919,united_states,allied_powers,550.59,162.95,1158.88,africa,713.54,0.6157151732707441
4415,1915,1919,belgium,allied_powers,141.43,389.9,1706.58,eastern_front,531.3299999999999,0.311341982210034
4416,1917,1919,austria-hungary,central_powers,714.06,318.03,2046.4,africa,1032.09,0.504344214229867
4417,1916,1919,austria-hungary,central_powers,404.15,145.62,1188.46,eastern_front,549.77,0.4625902428352658
4418,1916,1918,germany,central_powers,600.66,294.58,2660.37,naval,895.24,0.3365095832534572
4419,1917,1919,austria-hungary,central_powers,247.09,336.09,1461.41,naval,583.18,0.3990529693925728
4420,1917,1918,united_kingdom,allied_powers,61.52,322.36,2565.07,air,383.88,0.1496567345140678
4421,1917,1918,united_states,allied_powers,657.65,105.24,77.03,naval,762.89,9.903803712839151
4422,1916,1919,france,allied_powers,189.11,463.09,1024.86,italian_front,652.2,0.6363796030677362
4423,1914,1919,germany,central_powers,264.47,43.51,2583.03,balkans,307.98,0.1192320646682384
4424,1917,1918,italy,allied_powers,828.73,152.45,2522.45,naval,981.18,0.3889789688596405
4425,1916,1918,united_kingdom,allied_powers,896.18,488.99,1037.58,naval,1385.17,1.3350006746467744
4426,1914,1918,italy,allied_powers,139.6,395.03,2219.91,middle_east,534.63,0.2408340878684271
4427,1915,1919,belgium,allied_powers,126.48,564.44,580.72,eastern_front,690.9200000000001,1.189764430362309
4428,1914,1918,france,allied_powers,541.08,31.37,2173.46,western_front,572.45,0.2633818887856229
4429,1916,1919,united_states,allied_powers,261.81,387.29,491.55,africa,649.1,1.3205167327840506
4430,1915,1918,ottoman_empire,central_powers,522.55,435.98,824.77,eastern_front,958.53,1.1621785467463657
4431,1914,1919,russia,allied_powers,520.29,469.07,2683.03,naval,989.36,0.3687472745366246
4432,1917,1918,russia,allied_powers,48.95,86.61,2748.56,air,135.56,0.0493203713944756
4433,1916,1918,ottoman_empire,central_powers,516.73,280.69,635.39,western_front,797.4200000000001,1.2550087347928045
4434,1917,1919,belgium,allied_powers,829.88,354.36,1524.11,naval,1184.24,0.7770042844676566
4435,1917,1918,belgium,allied_powers,717.23,412.56,176.49,eastern_front,1129.79,6.40143917502408
4436,1915,1918,germany,central_powers,35.22,574.56,268.26,eastern_front,609.78,2.2730932677253413
4437,1916,1918,belgium,allied_powers,29.81,174.75,369.11,balkans,204.56,0.5541979355747609
4438,1917,1918,united_states,allied_powers,335.24,368.89,2265.16,western_front,704.13,0.31085221353017
4439,1917,1918,austria-hungary,central_powers,459.02,172.52,524.26,air,631.54,1.2046312898180291
4440,1917,1919,united_kingdom,allied_powers,127.15,590.64,1657.04,balkans,717.79,0.4331760247187756
4441,1917,1919,italy,allied_powers,309.23,104.83,1881.86,balkans,414.06,0.2200269945692028
4442,1917,1918,russia,allied_powers,820.47,408.37,2643.82,italian_front,1228.84,0.4647971495790182
4443,1915,1918,united_states,allied_powers,108.42,67.09,2773.25,balkans,175.51,0.0632867574145857
4444,1917,1919,united_states,allied_powers,633.41,438.43,2172.93,western_front,1071.84,0.4932694564482058
4445,1916,1919,serbia,allied_powers,63.39,138.72,375.02,air,202.11,0.5389312569996267
4446,1915,1918,austria-hungary,central_powers,349.1,177.76,1824.09,western_front,526.86,0.2888344325115537
4447,1917,1919,france,allied_powers,720.48,9.23,2577.83,africa,729.71,0.2830714205358771
4448,1917,1918,germany,central_powers,315.63,503.15,1498.08,naval,818.78,0.5465529210723059
4449,1916,1918,germany,central_powers,495.27,263.6,529.0,eastern_front,758.87,1.4345368620037808
4450,1915,1919,serbia,allied_powers,38.63,389.37,2481.77,naval,428.0,0.1724575605313949
4451,1914,1919,russia,allied_powers,373.23,113.75,1033.27,middle_east,486.98,0.4712998538620109
4452,1914,1919,united_kingdom,allied_powers,484.29,84.43,427.09,western_front,568.72,1.3316162869652768
4453,1915,1918,ottoman_empire,central_powers,476.69,317.24,909.82,balkans,793.9300000000001,0.8726231562287046
4454,1914,1918,united_states,allied_powers,164.03,485.4,2482.1,eastern_front,649.43,0.2616453809274404
4455,1914,1919,ottoman_empire,central_powers,292.45,441.86,1568.95,balkans,734.31,0.4680263870741578
4456,1917,1918,russia,allied_powers,382.82,143.56,2962.66,italian_front,526.38,0.1776714169023782
4457,1916,1918,germany,central_powers,706.35,570.75,2802.86,naval,1277.1,0.4556417373682595
4458,1914,1919,ottoman_empire,central_powers,344.05,249.7,1427.09,middle_east,593.75,0.4160564505392092
4459,1914,1919,united_kingdom,allied_powers,5.54,542.45,89.86,italian_front,547.99,6.098263966169597
4460,1916,1918,united_states,allied_powers,16.5,285.08,1547.54,air,301.58,0.1948770306421804
4461,1916,1918,ottoman_empire,central_powers,578.34,85.2,2989.62,balkans,663.5400000000001,0.221947939871957
4462,1914,1919,united_states,allied_powers,364.98,277.36,2997.68,middle_east,642.34,0.214279042459502
4463,1914,1918,serbia,allied_powers,767.35,73.99,2696.78,western_front,841.34,0.3119794718145343
4464,1915,1918,belgium,allied_powers,77.63,34.13,1214.54,balkans,111.76,0.0920183773280418
4465,1916,1919,united_kingdom,allied_powers,433.35,299.22,1048.48,africa,732.57,0.6986971616053717
4466,1914,1918,united_states,allied_powers,599.1,322.73,860.12,italian_front,921.83,1.0717458029112217
4467,1914,1918,russia,allied_powers,330.82,592.79,2045.15,balkans,923.61,0.4516099063638363
4468,1915,1918,italy,allied_powers,42.29,282.23,2439.25,naval,324.52000000000004,0.1330408937173311
4469,1917,1918,ottoman_empire,central_powers,174.14,27.01,918.83,eastern_front,201.15,0.2189197131134159
4470,1917,1918,belgium,allied_powers,790.69,99.43,1961.67,eastern_front,890.1200000000001,0.4537562383071567
4471,1914,1919,france,allied_powers,390.86,492.54,81.52,western_front,883.4000000000001,10.836604514229638
4472,1914,1918,france,allied_powers,888.32,188.27,1320.78,italian_front,1076.59,0.8151168249064947
4473,1915,1918,russia,allied_powers,622.27,119.34,2875.42,air,741.61,0.2579136265310807
4474,1917,1918,united_states,allied_powers,582.46,327.51,692.94,naval,909.97,1.3132017202066557
4475,1917,1919,united_kingdom,allied_powers,728.48,460.81,2678.05,italian_front,1189.29,0.4440880491402326
4476,1916,1918,russia,allied_powers,481.7,398.49,2138.5,western_front,880.19,0.4115922375496844
4477,1915,1919,united_kingdom,allied_powers,466.44,505.77,906.27,middle_east,972.21,1.0727597735774108
4478,1915,1919,united_states,allied_powers,705.28,173.49,1515.27,italian_front,878.77,0.5799428484692497
4479,1914,1919,united_states,allied_powers,599.26,71.96,716.43,air,671.22,0.936895439889452
4480,1915,1919,austria-hungary,central_powers,410.05,596.64,361.18,eastern_front,1006.69,2.7872252062683427
4481,1914,1918,united_kingdom,allied_powers,205.67,35.86,2522.64,western_front,241.53,0.0957449338787936
4482,1914,1919,france,allied_powers,751.36,462.6,1733.62,western_front,1213.96,0.7002457285910407
4483,1914,1918,germany,central_powers,260.44,387.24,2146.51,air,647.6800000000001,0.3017363068422695
4484,1916,1919,belgium,allied_powers,186.52,238.61,1018.47,eastern_front,425.13,0.4174202480190874
4485,1914,1919,serbia,allied_powers,627.91,365.58,94.06,air,993.49,10.562300659153731
4486,1915,1919,france,allied_powers,423.63,381.22,2347.47,africa,804.85,0.342858481684537
4487,1917,1919,ottoman_empire,central_powers,759.68,523.45,2199.68,naval,1283.13,0.583325756473669
4488,1917,1919,austria-hungary,central_powers,660.27,223.01,1811.57,africa,883.28,0.487577074029709
4489,1917,1919,belgium,allied_powers,36.27,277.69,150.28,air,313.96,2.0891668884748467
4490,1915,1919,serbia,allied_powers,251.86,463.51,2089.08,balkans,715.37,0.3424330327225381
4491,1917,1919,united_states,allied_powers,580.65,327.0,2821.39,air,907.65,0.321703132144085
4492,1916,1918,russia,allied_powers,60.97,131.1,1932.66,eastern_front,192.07,0.0993811637846284
4493,1915,1918,serbia,allied_powers,300.97,451.23,2460.06,italian_front,752.2,0.3057649000430884
4494,1914,1918,united_states,allied_powers,658.99,435.51,2505.98,air,1094.5,0.4367552813669702
4495,1915,1918,russia,allied_powers,264.95,47.7,2488.58,africa,312.65,0.1256338956352618
4496,1916,1919,france,allied_powers,679.28,95.43,1848.46,air,774.71,0.4191110437878017
4497,1916,1918,united_kingdom,allied_powers,226.3,250.82,466.76,naval,477.12,1.0221955608878224
4498,1914,1919,united_kingdom,allied_powers,801.48,148.33,2549.16,italian_front,949.81,0.3725972477208178
4499,1914,1918,france,allied_powers,100.97,161.02,1034.16,eastern_front,261.99,0.2533360408447435
4500,1915,1918,belgium,allied_powers,495.74,401.16,115.94,air,896.9000000000001,7.73589787821287
4501,1917,1918,russia,allied_powers,346.93,520.89,1920.28,africa,867.8199999999999,0.4519236777969879
4502,1917,1919,ottoman_empire,central_powers,328.43,196.93,2429.38,eastern_front,525.36,0.2162527064518519
4503,1916,1919,austria-hungary,central_powers,79.33,393.7,1248.21,eastern_front,473.03,0.3789666802861697
4504,1915,1919,italy,allied_powers,50.0,562.38,822.63,middle_east,612.38,0.7444172957465689
4505,1914,1918,italy,allied_powers,358.46,276.89,2430.85,eastern_front,635.3499999999999,0.2613694798115885
4506,1917,1919,austria-hungary,central_powers,278.74,205.63,858.41,eastern_front,484.37,0.564264162812642
4507,1914,1919,united_kingdom,allied_powers,16.56,159.66,2892.21,balkans,176.22,0.0609291856400468
4508,1917,1918,ottoman_empire,central_powers,89.4,542.59,477.11,italian_front,631.99,1.3246211565467083
4509,1916,1918,austria-hungary,central_powers,869.41,159.54,1442.54,italian_front,1028.95,0.713290446018828
4510,1915,1918,serbia,allied_powers,894.44,515.36,755.45,africa,1409.8000000000002,1.8661724799788209
4511,1917,1918,germany,central_powers,386.22,294.01,2366.79,africa,680.23,0.2874061492570106
4512,1916,1918,united_kingdom,allied_powers,385.42,522.64,2286.55,italian_front,908.06,0.3971310489602239
4513,1915,1919,ottoman_empire,central_powers,513.9,296.39,1229.94,africa,810.29,0.6588044945281883
4514,1914,1918,serbia,allied_powers,214.19,567.59,2124.32,air,781.78,0.3680142351434812
4515,1915,1919,italy,allied_powers,317.65,100.96,2275.45,balkans,418.61,0.1839680063284185
4516,1916,1918,serbia,allied_powers,94.07,476.13,2012.13,middle_east,570.2,0.2833812924612227
4517,1915,1918,austria-hungary,central_powers,493.11,487.75,335.43,italian_front,980.86,2.9241868646215305
4518,1917,1918,austria-hungary,central_powers,790.46,85.34,2164.09,balkans,875.8000000000001,0.4046966623384425
4519,1915,1919,belgium,allied_powers,354.08,447.8,517.76,balkans,801.88,1.5487484548825712
4520,1915,1919,italy,allied_powers,7.68,155.27,884.95,middle_east,162.95000000000002,0.1841346968755297
4521,1915,1919,united_kingdom,allied_powers,412.96,180.08,2209.78,middle_east,593.04,0.2683706070287539
4522,1916,1918,germany,central_powers,269.72,161.54,1635.93,italian_front,431.26,0.2636176364514374
4523,1914,1919,belgium,allied_powers,405.16,191.22,2436.86,africa,596.38,0.2447329760429405
4524,1914,1919,ottoman_empire,central_powers,160.96,475.13,51.57,air,636.09,12.334496800465388
4525,1916,1918,france,allied_powers,551.76,171.51,2781.78,air,723.27,0.2600025882708194
4526,1915,1919,germany,central_powers,784.48,411.07,2051.24,eastern_front,1195.55,0.5828425732727521
4527,1915,1918,united_kingdom,allied_powers,577.59,512.29,1802.21,western_front,1089.88,0.6047463947042798
4528,1915,1919,united_kingdom,allied_powers,247.1,86.95,1923.88,italian_front,334.05,0.1736334906543027
4529,1915,1918,serbia,allied_powers,529.14,575.61,83.14,italian_front,1104.75,13.287827760404138
4530,1915,1918,italy,allied_powers,515.39,473.9,2493.33,air,989.29,0.396774594618442
4531,1916,1918,united_kingdom,allied_powers,161.21,102.86,195.04,italian_front,264.07,1.3539273995077934
4532,1914,1918,belgium,allied_powers,442.16,472.29,195.21,balkans,914.45,4.68444239536909
4533,1916,1919,serbia,allied_powers,859.91,30.47,1013.37,western_front,890.38,0.8786326810543039
4534,1915,1919,united_kingdom,allied_powers,525.46,431.31,2901.78,naval,956.77,0.3297183108299044
4535,1914,1919,serbia,allied_powers,212.0,177.77,2767.19,eastern_front,389.77,0.1408540794090756
4536,1916,1918,italy,allied_powers,518.65,303.93,1587.36,eastern_front,822.5799999999999,0.5182063300070557
4537,1915,1919,france,allied_powers,281.7,563.76,1988.64,naval,845.46,0.4251448225923244
4538,1916,1919,serbia,allied_powers,395.95,521.79,1515.21,air,917.74,0.6056850205582065
4539,1914,1918,russia,allied_powers,362.05,134.05,1080.53,balkans,496.1,0.4591265397536394
4540,1915,1918,italy,allied_powers,336.19,320.08,2178.74,middle_east,656.27,0.3012153813672122
4541,1914,1919,united_kingdom,allied_powers,99.81,206.04,480.04,balkans,305.85,0.6371344054662111
4542,1916,1919,ottoman_empire,central_powers,604.6,201.81,1453.79,eastern_front,806.4100000000001,0.554694969699888
4543,1917,1919,russia,allied_powers,196.98,270.61,828.39,eastern_front,467.59,0.564456355098444
4544,1914,1918,ottoman_empire,central_powers,500.15,109.11,2521.35,eastern_front,609.26,0.2416403910603446
4545,1916,1919,serbia,allied_powers,451.03,398.52,2583.2,eastern_front,849.55,0.3288750387116754
4546,1916,1919,serbia,allied_powers,812.79,24.96,1942.32,balkans,837.75,0.4313140986037316
4547,1916,1918,serbia,allied_powers,45.42,28.49,2641.38,western_front,73.91,0.027981585383398
4548,1916,1919,russia,allied_powers,78.1,282.65,2880.39,eastern_front,360.75,0.12524345661525
4549,1916,1918,united_states,allied_powers,3.62,338.57,1745.19,balkans,342.19,0.196076071946321
4550,1914,1918,france,allied_powers,518.13,265.25,1158.75,naval,783.38,0.6760560949298813
4551,1916,1918,italy,allied_powers,652.17,173.94,851.03,western_front,826.1099999999999,0.9707178360339824
4552,1915,1918,ottoman_empire,central_powers,231.22,339.04,775.01,africa,570.26,0.7358098605179288
4553,1915,1919,united_states,allied_powers,785.99,595.96,2129.87,eastern_front,1381.95,0.6488424176123426
4554,1917,1918,united_states,allied_powers,109.48,443.28,429.31,balkans,552.76,1.287554447834898
4555,1914,1918,united_states,allied_powers,377.34,529.68,2561.3,eastern_front,907.02,0.354124858470308
4556,1916,1919,ottoman_empire,central_powers,391.83,420.09,2915.17,italian_front,811.92,0.2785154896626954
4557,1915,1919,italy,allied_powers,84.12,203.5,929.86,air,287.62,0.3093153808100144
4558,1917,1919,france,allied_powers,516.71,541.24,102.62,eastern_front,1057.95,10.309393880335218
4559,1914,1919,austria-hungary,central_powers,381.08,389.67,2774.68,middle_east,770.75,0.2777797800106679
4560,1915,1919,united_states,allied_powers,351.95,241.69,1102.04,balkans,593.64,0.5386737323509129
4561,1915,1918,italy,allied_powers,530.71,296.55,1242.93,balkans,827.26,0.6655724779352015
4562,1915,1919,united_states,allied_powers,496.05,261.62,1015.52,africa,757.6700000000001,0.7460906727587837
4563,1914,1918,united_states,allied_powers,687.85,251.36,555.4,italian_front,939.21,1.6910514944184374
4564,1917,1918,united_states,allied_powers,773.39,206.32,1539.56,eastern_front,979.71,0.6363571410013251
4565,1914,1918,germany,central_powers,828.46,529.39,292.59,africa,1357.85,4.640794285518986
4566,1915,1918,italy,allied_powers,39.74,498.09,2614.56,western_front,537.8299999999999,0.2057057401627807
4567,1914,1919,russia,allied_powers,102.76,46.97,1240.64,eastern_front,149.73000000000002,0.1206877095692545
4568,1917,1918,russia,allied_powers,699.21,155.55,2804.21,air,854.76,0.3048131202727328
4569,1915,1918,serbia,allied_powers,228.82,570.77,1427.11,africa,799.5899999999999,0.560286172754728
4570,1915,1918,germany,central_powers,391.21,589.3,2153.1,balkans,980.51,0.4553945473967767
4571,1914,1918,italy,allied_powers,237.31,487.57,2035.9,eastern_front,724.88,0.3560489218527432
4572,1914,1918,united_kingdom,allied_powers,422.78,428.15,1799.03,balkans,850.93,0.4729937799814344
4573,1916,1919,ottoman_empire,central_powers,679.93,226.4,1064.28,air,906.33,0.8515898071935957
4574,1914,1919,united_kingdom,allied_powers,275.26,220.39,2916.03,eastern_front,495.65,0.1699742458067989
4575,1916,1919,russia,allied_powers,43.53,78.72,913.03,africa,122.25,0.1338948336856401
4576,1914,1919,russia,allied_powers,596.2,115.97,2408.31,naval,712.1700000000001,0.2957135916887776
4577,1917,1918,france,allied_powers,121.0,593.2,526.99,eastern_front,714.2,1.3552439325224388
4578,1915,1918,ottoman_empire,central_powers,113.99,380.81,2156.37,naval,494.8,0.2294596938373284
4579,1915,1918,united_kingdom,allied_powers,781.69,19.01,2059.04,western_front,800.7,0.3888705416116249
4580,1916,1918,serbia,allied_powers,745.42,539.14,1627.79,western_front,1284.56,0.7891435627445801
4581,1915,1919,germany,central_powers,413.98,423.76,1611.43,balkans,837.74,0.5198736525942796
4582,1914,1918,germany,central_powers,241.8,326.51,2607.28,africa,568.31,0.2179704519652664
4583,1917,1919,ottoman_empire,central_powers,281.37,343.28,2889.67,air,624.65,0.2161665518900082
4584,1916,1919,germany,central_powers,308.91,142.26,1388.05,balkans,451.17,0.3250387233889269
4585,1914,1919,belgium,allied_powers,131.35,128.48,2155.32,air,259.83,0.1205528645398363
4586,1916,1919,belgium,allied_powers,706.86,237.35,1876.87,middle_east,944.21,0.5030769312738762
4587,1916,1918,united_states,allied_powers,558.96,352.06,807.34,eastern_front,911.02,1.1284217306215472
4588,1915,1918,russia,allied_powers,117.55,242.23,880.79,eastern_front,359.78,0.4084742106518012
4589,1915,1919,italy,allied_powers,806.79,434.77,2345.92,africa,1241.56,0.5292422589005592
4590,1914,1919,russia,allied_powers,849.49,577.54,1409.54,air,1427.03,1.0124083034181364
4591,1915,1919,germany,central_powers,643.27,206.52,2844.28,naval,849.79,0.2987715696063678
4592,1914,1918,belgium,allied_powers,795.13,434.15,88.81,italian_front,1229.28,13.841684494989302
4593,1916,1919,united_kingdom,allied_powers,458.98,207.76,2069.83,western_front,666.74,0.3221230729093693
4594,1916,1919,france,allied_powers,841.33,423.88,1208.4,naval,1265.21,1.0470125786163522
4595,1916,1918,austria-hungary,central_powers,369.17,495.44,1085.18,eastern_front,864.61,0.7967433974087248
4596,1916,1918,austria-hungary,central_powers,347.05,127.85,1655.08,western_front,474.9,0.2869347705246876
4597,1914,1918,germany,central_powers,816.87,584.48,2409.31,italian_front,1401.35,0.581639556553536
4598,1915,1918,italy,allied_powers,221.3,332.43,1585.18,italian_front,553.73,0.3493167968306438
4599,1915,1918,germany,central_powers,789.4,485.74,1308.83,italian_front,1275.14,0.9742594530993328
4600,1917,1918,ottoman_empire,central_powers,404.08,36.69,2794.31,italian_front,440.77,0.1577384041140746
4601,1917,1918,serbia,allied_powers,167.57,399.61,1813.19,africa,567.1800000000001,0.3128078138529332
4602,1915,1918,italy,allied_powers,47.57,97.5,704.16,balkans,145.07,0.2060185185185185
4603,1917,1919,united_kingdom,allied_powers,428.54,197.29,1332.3,balkans,625.83,0.4697365458230129
4604,1914,1919,france,allied_powers,557.99,156.59,2416.09,italian_front,714.58,0.2957588500428378
4605,1916,1919,germany,central_powers,357.59,581.48,2221.31,africa,939.07,0.4227550409443076
4606,1916,1918,serbia,allied_powers,718.81,8.74,2902.64,italian_front,727.55,0.2506511313838436
4607,1915,1918,serbia,allied_powers,714.19,495.9,1921.09,middle_east,1210.09,0.62989761021087
4608,1914,1918,italy,allied_powers,477.68,171.42,969.34,western_front,649.1,0.669630882868756
4609,1915,1919,france,allied_powers,746.24,559.71,738.99,eastern_front,1305.95,1.7672092991786086
4610,1915,1919,united_kingdom,allied_powers,787.58,395.45,2466.4,middle_east,1183.03,0.4796586117418099
4611,1916,1918,serbia,allied_powers,426.84,336.79,2542.17,air,763.63,0.3003851040646377
4612,1914,1919,austria-hungary,central_powers,793.94,177.9,2283.5,western_front,971.84,0.4255922925333917
4613,1916,1918,france,allied_powers,6.71,307.58,2283.71,middle_east,314.29,0.1376225527759654
4614,1916,1918,serbia,allied_powers,747.25,80.71,388.18,africa,827.96,2.1329280230820755
4615,1914,1918,united_kingdom,allied_powers,629.19,508.15,2084.39,naval,1137.34,0.5456464481215129
4616,1916,1919,france,allied_powers,589.37,486.32,598.62,eastern_front,1075.69,1.796949650863653
4617,1917,1919,france,allied_powers,303.18,467.28,875.78,air,770.46,0.8797414875882071
4618,1916,1919,france,allied_powers,267.59,238.54,1976.52,balkans,506.13,0.2560712767895088
4619,1916,1919,france,allied_powers,106.78,313.53,937.37,italian_front,420.31,0.4483928438076746
4620,1915,1919,italy,allied_powers,10.05,511.3,129.86,balkans,521.35,4.014708147235484
4621,1914,1919,france,allied_powers,77.27,445.05,184.07,eastern_front,522.32,2.837616124300538
4622,1917,1919,united_states,allied_powers,393.14,596.43,2615.99,eastern_front,989.57,0.3782774398984705
4623,1914,1918,austria-hungary,central_powers,723.5,323.65,824.82,eastern_front,1047.15,1.269549719938896
4624,1917,1918,belgium,allied_powers,404.3,439.49,1258.68,italian_front,843.79,0.6703769027870466
4625,1915,1919,germany,central_powers,562.45,65.29,989.29,air,627.74,0.6345358792669491
4626,1915,1918,serbia,allied_powers,135.06,470.33,2332.7,air,605.39,0.2595232991812063
4627,1914,1919,austria-hungary,central_powers,316.01,349.51,2840.67,balkans,665.52,0.234282757236849
4628,1914,1918,serbia,allied_powers,42.28,83.48,944.32,africa,125.76,0.1331751948492036
4629,1915,1919,belgium,allied_powers,556.54,178.0,2069.72,italian_front,734.54,0.3548982471058887
4630,1916,1919,france,allied_powers,211.76,294.59,1836.5,air,506.35,0.2757146746528723
4631,1917,1918,belgium,allied_powers,11.23,409.96,90.68,italian_front,421.19,4.644794883105425
4632,1914,1919,austria-hungary,central_powers,283.34,188.45,64.06,air,471.79,7.364814236653137
4633,1914,1918,serbia,allied_powers,185.11,570.83,2467.81,eastern_front,755.94,0.30632017861991
4634,1915,1918,russia,allied_powers,233.88,161.12,2700.91,air,395.0,0.1462470056388402
4635,1914,1919,germany,central_powers,617.5,115.34,570.54,middle_east,732.84,1.2844673467241563
4636,1917,1918,united_kingdom,allied_powers,636.78,459.77,1230.06,air,1096.55,0.8914605791587402
4637,1915,1919,france,allied_powers,310.92,214.63,940.66,africa,525.55,0.5587034635256096
4638,1914,1918,austria-hungary,central_powers,149.6,105.48,1062.55,middle_east,255.08,0.240063996988377
4639,1917,1919,belgium,allied_powers,705.18,263.05,843.04,africa,968.23,1.1484982918959956
4640,1914,1919,united_kingdom,allied_powers,439.27,572.98,2252.66,western_front,1012.25,0.4493576482913534
4641,1916,1919,italy,allied_powers,756.6,136.16,1030.57,air,892.76,0.8662778850539022
4642,1914,1918,united_kingdom,allied_powers,393.7,438.98,2053.18,balkans,832.6800000000001,0.4055562590712943
4643,1915,1919,united_kingdom,allied_powers,545.44,240.79,875.6,eastern_front,786.23,0.8979328460484239
4644,1916,1918,germany,central_powers,295.62,69.95,1377.12,italian_front,365.57,0.2654598001626583
4645,1914,1919,france,allied_powers,289.74,198.4,2095.93,western_front,488.14,0.2328989994894867
4646,1917,1918,united_kingdom,allied_powers,408.51,182.55,926.43,africa,591.06,0.637997474175059
4647,1914,1919,united_states,allied_powers,467.91,506.13,2149.44,eastern_front,974.04,0.4531598928092898
4648,1915,1919,united_kingdom,allied_powers,504.49,135.0,405.94,italian_front,639.49,1.5753313297531657
4649,1916,1919,serbia,allied_powers,50.24,504.18,1553.18,western_front,554.42,0.3569579829768603
4650,1916,1918,united_states,allied_powers,99.29,559.05,1735.03,eastern_front,658.3399999999999,0.3794401249546117
4651,1914,1919,russia,allied_powers,625.09,385.47,442.86,africa,1010.56,2.281894955516416
4652,1915,1918,serbia,allied_powers,566.54,252.02,142.12,naval,818.56,5.759639741063889
4653,1915,1918,ottoman_empire,central_powers,61.59,343.07,809.44,balkans,404.66,0.4999258746787902
4654,1917,1919,austria-hungary,central_powers,58.77,327.65,291.48,middle_east,386.42,1.325717030327981
4655,1915,1919,italy,allied_powers,206.47,442.06,2976.08,italian_front,648.53,0.2179141689739523
4656,1916,1919,united_kingdom,allied_powers,146.06,439.17,2786.1,italian_front,585.23,0.2100534797745953
4657,1916,1918,germany,central_powers,700.94,437.95,2802.58,eastern_front,1138.89,0.4063719858130722
4658,1914,1919,france,allied_powers,345.95,518.26,1649.31,balkans,864.21,0.5239827564254143
4659,1916,1919,united_states,allied_powers,99.53,343.31,2116.21,italian_front,442.84,0.2092608956578033
4660,1916,1919,austria-hungary,central_powers,552.77,475.54,735.19,africa,1028.31,1.3986996558712712
4661,1917,1918,ottoman_empire,central_powers,553.21,339.16,2301.68,naval,892.3700000000001,0.3877037642070141
4662,1914,1919,belgium,allied_powers,77.77,8.2,144.28,balkans,85.97,0.595855281397283
4663,1915,1919,austria-hungary,central_powers,528.56,291.06,2248.07,balkans,819.6199999999999,0.3645882912898619
4664,1914,1918,serbia,allied_powers,145.65,583.69,811.68,balkans,729.34,0.8985560812142718
4665,1916,1919,germany,central_powers,467.31,296.83,1819.13,middle_east,764.14,0.4200579397844024
4666,1917,1919,austria-hungary,central_powers,367.83,235.47,1193.08,eastern_front,603.3,0.5056660073088142
4667,1915,1918,russia,allied_powers,386.74,584.21,2612.29,naval,970.95,0.3716853794946196
4668,1915,1919,belgium,allied_powers,466.49,462.98,1712.98,balkans,929.47,0.5426041168022978
4669,1914,1918,ottoman_empire,central_powers,285.15,548.71,2158.27,eastern_front,833.86,0.3863557386239905
4670,1917,1918,ottoman_empire,central_powers,154.25,195.12,2520.4,western_front,349.37,0.1386168862085383
4671,1916,1919,austria-hungary,central_powers,439.06,110.38,1646.28,italian_front,549.44,0.3337463857909954
4672,1914,1918,united_kingdom,allied_powers,239.57,112.13,1709.41,africa,351.7,0.2057435021440145
4673,1914,1918,serbia,allied_powers,593.01,258.91,2406.0,middle_east,851.9200000000001,0.3540814630091438
4674,1915,1918,serbia,allied_powers,46.13,365.84,2632.88,air,411.97,0.1564712406186381
4675,1917,1919,austria-hungary,central_powers,641.98,441.9,1509.27,middle_east,1083.88,0.7181485088817774
4676,1916,1918,belgium,allied_powers,892.71,449.71,1083.31,italian_front,1342.42,1.239183613185515
4677,1916,1918,belgium,allied_powers,678.66,208.52,2429.15,africa,887.18,0.365222402898133
4678,1914,1918,italy,allied_powers,494.37,424.85,2925.1,western_front,919.22,0.314252504187891
4679,1916,1919,germany,central_powers,303.36,149.47,2167.72,africa,452.83,0.208896905504401
4680,1917,1918,austria-hungary,central_powers,728.42,557.59,1894.33,africa,1286.01,0.678873269176965
4681,1916,1918,ottoman_empire,central_powers,870.13,89.53,1875.27,africa,959.66,0.5117449753902105
4682,1914,1919,ottoman_empire,central_powers,489.58,240.7,584.0,africa,730.28,1.2504794520547944
4683,1914,1919,germany,central_powers,555.93,434.53,1523.62,balkans,990.46,0.6500702274845434
4684,1917,1918,austria-hungary,central_powers,23.82,430.84,1805.53,middle_east,454.66,0.2518152564620914
4685,1914,1919,france,allied_powers,514.0,484.82,1636.34,middle_east,998.82,0.6103988168717992
4686,1915,1918,france,allied_powers,597.19,464.08,2640.53,balkans,1061.27,0.4019155245348471
4687,1915,1918,ottoman_empire,central_powers,427.64,396.84,2392.26,africa,824.48,0.34464481285479
4688,1914,1919,france,allied_powers,145.29,557.6,243.02,africa,702.89,2.892313389844457
4689,1916,1919,france,allied_powers,402.72,355.2,1221.35,naval,757.9200000000001,0.62055921725959
4690,1917,1919,russia,allied_powers,531.81,400.16,2983.15,africa,931.97,0.3124113772354726
4691,1917,1918,france,allied_powers,517.36,574.61,2694.24,naval,1091.97,0.4052979690005345
4692,1916,1919,france,allied_powers,576.76,596.47,2305.9,balkans,1173.23,0.5087948306518062
4693,1917,1919,united_kingdom,allied_powers,693.14,477.01,2226.0,western_front,1170.15,0.5256738544474394
4694,1916,1919,russia,allied_powers,768.33,423.76,959.12,naval,1192.09,1.242899741429644
4695,1915,1919,france,allied_powers,735.18,591.12,527.47,air,1326.3,2.514455798434034
4696,1914,1918,united_states,allied_powers,135.38,27.53,1010.91,africa,162.91,0.1611518334965526
4697,1917,1919,ottoman_empire,central_powers,571.5,338.69,642.86,naval,910.19,1.4158448184674737
4698,1916,1918,russia,allied_powers,237.82,149.77,506.27,balkans,387.59,0.7655796314219686
4699,1915,1918,ottoman_empire,central_powers,290.36,155.58,1851.11,western_front,445.94000000000005,0.2409041061849377
4700,1914,1918,united_kingdom,allied_powers,185.5,101.1,1283.5,eastern_front,286.6,0.2232956758862485
4701,1914,1919,serbia,allied_powers,803.63,235.19,2922.96,middle_east,1038.82,0.3554000054739031
4702,1916,1918,germany,central_powers,57.12,51.5,442.68,italian_front,108.62,0.2453691153880907
4703,1916,1918,serbia,allied_powers,878.61,44.28,1797.41,air,922.89,0.5134554720403247
4704,1915,1919,russia,allied_powers,23.37,492.19,192.93,italian_front,515.56,2.6722645519100188
4705,1917,1919,united_kingdom,allied_powers,199.72,594.37,2735.0,middle_east,794.09,0.2903436928702011
4706,1916,1918,france,allied_powers,864.43,133.97,2577.54,air,998.4,0.3873460741637375
4707,1917,1918,austria-hungary,central_powers,574.94,503.9,2901.78,eastern_front,1078.84,0.3717855936700922
4708,1916,1918,belgium,allied_powers,625.56,317.19,1754.2,naval,942.75,0.5374244669935013
4709,1917,1918,belgium,allied_powers,29.89,487.43,905.12,italian_front,517.32,0.5715485239526251
4710,1916,1919,germany,central_powers,592.28,402.64,1721.86,western_front,994.92,0.5778170118360377
4711,1916,1918,italy,allied_powers,329.43,566.28,297.75,africa,895.71,3.0082619647355164
4712,1917,1918,austria-hungary,central_powers,610.5,352.65,345.69,africa,963.15,2.7861667968411004
4713,1914,1918,belgium,allied_powers,599.93,1.49,1383.52,western_front,601.42,0.4347027870937897
4714,1916,1918,france,allied_powers,31.47,244.65,1481.15,eastern_front,276.12,0.1864227120818283
4715,1914,1918,italy,allied_powers,158.59,406.79,1026.89,middle_east,565.38,0.5505750372483907
4716,1915,1918,italy,allied_powers,255.61,57.23,311.1,italian_front,312.84000000000003,1.0055930568948892
4717,1915,1918,united_states,allied_powers,750.05,151.09,1573.24,naval,901.14,0.5727924537896316
4718,1916,1918,united_states,allied_powers,572.47,33.1,1420.7,africa,605.57,0.4262476244105019
4719,1915,1918,germany,central_powers,787.89,526.66,1117.73,air,1314.55,1.1760890376029989
4720,1916,1918,ottoman_empire,central_powers,779.64,202.71,1305.6,balkans,982.35,0.7524126838235294
4721,1917,1918,united_kingdom,allied_powers,234.8,569.36,807.0,italian_front,804.1600000000001,0.9964807930607188
4722,1915,1918,france,allied_powers,284.52,99.69,675.67,africa,384.21,0.5686355765388429
4723,1914,1918,russia,allied_powers,33.23,458.22,1772.54,middle_east,491.4500000000001,0.2772574948943324
4724,1915,1919,united_kingdom,allied_powers,656.43,553.89,2637.58,western_front,1210.32,0.4588751810371628
4725,1917,1919,germany,central_powers,317.04,509.79,1347.54,africa,826.83,0.6135847544414267
4726,1916,1919,germany,central_powers,158.69,296.47,118.02,middle_east,455.16,3.8566344687341134
4727,1916,1918,austria-hungary,central_powers,252.11,514.94,2300.95,naval,767.0500000000001,0.3333623068732481
4728,1914,1919,belgium,allied_powers,877.99,365.64,1377.73,italian_front,1243.63,0.902665979546065
4729,1915,1919,united_states,allied_powers,199.15,106.5,199.63,air,305.65,1.5310825026298651
4730,1915,1919,france,allied_powers,304.8,211.05,693.37,italian_front,515.85,0.7439750782410546
4731,1917,1919,united_kingdom,allied_powers,288.93,322.02,1552.37,naval,610.95,0.393559525113214
4732,1917,1918,russia,allied_powers,576.59,427.62,2271.95,africa,1004.21,0.442003565219305
4733,1916,1918,belgium,allied_powers,369.41,374.62,1406.96,balkans,744.03,0.5288210041507931
4734,1914,1919,france,allied_powers,444.86,179.76,1805.72,africa,624.62,0.3459118800256961
4735,1917,1919,italy,allied_powers,475.45,16.99,1489.59,eastern_front,492.44,0.330587611356145
4736,1917,1918,ottoman_empire,central_powers,193.21,70.57,2287.07,eastern_front,263.78,0.115335341725439
4737,1917,1918,france,allied_powers,562.86,591.0,1281.51,africa,1153.86,0.9003909450570031
4738,1916,1918,france,allied_powers,737.9,178.77,1370.14,naval,916.67,0.6690338213613206
4739,1915,1918,united_kingdom,allied_powers,703.73,76.04,2852.82,air,779.77,0.2733330529090513
4740,1914,1918,russia,allied_powers,458.33,338.43,2479.1,balkans,796.76,0.3213908273163648
4741,1916,1918,germany,central_powers,663.68,387.8,875.52,eastern_front,1051.48,1.2009777046783623
4742,1914,1918,united_kingdom,allied_powers,510.15,297.21,2821.76,naval,807.3599999999999,0.2861193014288953
4743,1916,1919,serbia,allied_powers,99.21,64.41,2918.72,middle_east,163.62,0.0560588203047911
4744,1914,1919,france,allied_powers,322.73,508.0,113.04,balkans,830.73,7.348991507430997
4745,1917,1919,france,allied_powers,752.67,231.06,433.19,middle_east,983.73,2.2708972967981715
4746,1914,1918,italy,allied_powers,678.57,169.23,1967.68,eastern_front,847.8000000000001,0.4308627419092535
4747,1917,1919,italy,allied_powers,271.89,106.48,526.77,africa,378.37,0.7182831216660023
4748,1915,1918,ottoman_empire,central_powers,114.72,106.52,1792.35,western_front,221.24,0.1234357128908974
4749,1914,1918,united_states,allied_powers,576.97,39.67,2511.5,naval,616.64,0.245526577742385
4750,1915,1919,united_states,allied_powers,18.43,402.31,805.78,middle_east,420.74,0.5221524485591601
4751,1916,1918,russia,allied_powers,190.47,155.23,2567.04,balkans,345.7,0.1346687235103465
4752,1915,1918,russia,allied_powers,24.61,574.29,586.75,italian_front,598.9,1.0207072858968895
4753,1914,1918,united_states,allied_powers,198.53,286.35,78.05,balkans,484.88,6.212427930813581
4754,1917,1919,germany,central_powers,764.51,533.07,2019.9,italian_front,1297.58,0.6423981385217089
4755,1914,1918,germany,central_powers,169.78,406.9,1657.73,balkans,576.68,0.3478732966164574
4756,1915,1919,germany,central_powers,283.17,436.68,757.66,western_front,719.85,0.9500963492859594
4757,1916,1918,belgium,allied_powers,657.94,552.2,1868.18,naval,1210.14,0.6477641340770162
4758,1916,1918,austria-hungary,central_powers,653.45,148.95,526.75,balkans,802.4000000000001,1.5233032747982915
4759,1917,1919,belgium,allied_powers,80.78,388.57,1599.77,middle_east,469.35,0.2933859242266076
4760,1917,1918,germany,central_powers,729.61,362.13,337.34,balkans,1091.74,3.2363194403272666
4761,1915,1919,united_kingdom,allied_powers,609.95,155.86,1742.91,air,765.8100000000001,0.4393858546912921
4762,1917,1919,ottoman_empire,central_powers,86.98,109.31,2991.7,middle_east,196.29,0.0656115252197747
4763,1917,1919,france,allied_powers,462.64,156.79,1128.81,balkans,619.43,0.5487460245745519
4764,1916,1919,france,allied_powers,623.45,92.54,2129.61,naval,715.99,0.3362070989523903
4765,1916,1919,italy,allied_powers,384.79,245.27,2231.72,naval,630.0600000000001,0.2823203627695231
4766,1916,1918,austria-hungary,central_powers,281.72,291.71,1761.03,balkans,573.4300000000001,0.3256219371617747
4767,1915,1918,serbia,allied_powers,726.89,385.75,709.99,africa,1112.64,1.567120663671319
4768,1915,1918,france,allied_powers,619.87,309.05,1370.66,balkans,928.92,0.6777173040724906
4769,1917,1919,germany,central_powers,412.3,319.37,2928.21,air,731.6700000000001,0.2498693741227576
4770,1914,1918,france,allied_powers,643.74,280.43,217.78,naval,924.17,4.243594453117826
4771,1917,1919,austria-hungary,central_powers,520.32,349.99,2573.93,western_front,870.3100000000001,0.338124968433485
4772,1916,1918,austria-hungary,central_powers,352.04,187.25,468.49,eastern_front,539.29,1.15112382334735
4773,1916,1918,belgium,allied_powers,767.11,508.06,1529.28,italian_front,1275.17,0.8338368382506801
4774,1914,1918,united_states,allied_powers,202.18,52.85,1721.23,balkans,255.03,0.1481672989664368
4775,1915,1919,france,allied_powers,488.32,215.58,2019.19,naval,703.9,0.3486051337417479
4776,1917,1918,france,allied_powers,48.28,43.24,1683.14,naval,91.52,0.0543745618308637
4777,1916,1918,serbia,allied_powers,875.34,193.66,2028.72,africa,1069.0,0.5269332386923774
4778,1915,1918,belgium,allied_powers,819.61,239.34,1887.83,africa,1058.95,0.5609350418205029
4779,1917,1919,germany,central_powers,134.61,169.39,1169.76,middle_east,304.0,0.259882369032964
4780,1917,1918,united_states,allied_powers,204.0,83.97,847.57,naval,287.97,0.3397595478839506
4781,1915,1919,united_states,allied_powers,805.93,259.76,2520.38,western_front,1065.69,0.4228290971996286
4782,1916,1919,united_kingdom,allied_powers,388.14,247.41,837.42,air,635.55,0.7589381672279143
4783,1915,1919,france,allied_powers,725.71,302.09,1684.0,naval,1027.8,0.6103325415676959
4784,1916,1918,serbia,allied_powers,689.83,479.43,1858.82,italian_front,1169.26,0.6290334728483662
4785,1914,1918,united_kingdom,allied_powers,706.39,555.31,2079.26,italian_front,1261.6999999999998,0.6068024200917632
4786,1917,1919,ottoman_empire,central_powers,180.53,442.03,75.23,italian_front,622.56,8.275422039080153
4787,1914,1919,united_states,allied_powers,860.47,469.86,2086.3,africa,1330.33,0.6376503858505487
4788,1916,1919,italy,allied_powers,351.46,414.37,2260.16,africa,765.8299999999999,0.3388388432677332
4789,1914,1918,germany,central_powers,775.07,543.23,2905.8,italian_front,1318.3000000000002,0.4536788491981554
4790,1917,1918,belgium,allied_powers,506.97,430.01,683.98,western_front,936.98,1.369893856545513
4791,1915,1919,united_states,allied_powers,637.78,208.54,70.18,air,846.3199999999999,12.05927614705044
4792,1915,1918,russia,allied_powers,400.1,446.64,997.24,western_front,846.74,0.8490834703782439
4793,1916,1918,serbia,allied_powers,832.76,48.96,716.26,air,881.72,1.2310055007958003
4794,1917,1919,belgium,allied_powers,696.06,336.8,308.28,middle_east,1032.86,3.350395744128714
4795,1915,1918,ottoman_empire,central_powers,672.72,500.3,636.24,balkans,1173.02,1.843675342637998
4796,1914,1919,france,allied_powers,260.41,219.2,2711.33,air,479.61,0.1768910460917704
4797,1914,1918,serbia,allied_powers,260.32,538.92,2406.31,western_front,799.24,0.3321434062942846
4798,1914,1919,germany,central_powers,58.76,476.82,2987.3,africa,535.58,0.1792856425534764
4799,1914,1918,russia,allied_powers,654.87,85.43,2689.95,air,740.3,0.2752095763861781
4800,1915,1918,austria-hungary,central_powers,6.29,567.94,650.18,eastern_front,574.23,0.8831861945922669
4801,1915,1919,austria-hungary,central_powers,682.51,55.72,1512.99,middle_east,738.23,0.4879278779106273
4802,1917,1918,serbia,allied_powers,456.7,384.29,290.7,italian_front,840.99,2.892982456140351
4803,1914,1918,russia,allied_powers,400.73,347.07,2439.9,western_front,747.8,0.3064879708184761
4804,1915,1919,united_kingdom,allied_powers,546.62,234.33,363.84,italian_front,780.95,2.146410510114336
4805,1916,1919,united_states,allied_powers,750.7,552.64,1852.4,eastern_front,1303.34,0.703595335780609
4806,1917,1918,united_kingdom,allied_powers,153.96,352.23,1132.54,naval,506.19000000000005,0.4469511010648631
4807,1916,1918,belgium,allied_powers,310.33,355.59,578.03,western_front,665.92,1.152050931612546
4808,1914,1919,italy,allied_powers,288.67,91.62,2392.67,naval,380.29,0.158939594678748
4809,1916,1919,austria-hungary,central_powers,507.95,224.35,177.08,western_front,732.3,4.135419019652134
4810,1914,1919,germany,central_powers,683.97,287.88,2527.11,western_front,971.85,0.3845697258924225
4811,1917,1919,russia,allied_powers,149.7,449.15,2624.34,italian_front,598.8499999999999,0.2281907069968067
4812,1915,1919,france,allied_powers,195.01,449.05,94.47,western_front,644.06,6.81761405737271
4813,1916,1918,united_kingdom,allied_powers,157.36,186.47,293.91,balkans,343.83000000000004,1.1698479126263142
4814,1915,1918,austria-hungary,central_powers,343.11,187.31,1057.99,naval,530.4200000000001,0.5013468936379362
4815,1916,1918,italy,allied_powers,407.9,172.17,1291.12,italian_front,580.0699999999999,0.449276597063015
4816,1914,1919,united_kingdom,allied_powers,493.22,49.26,398.96,western_front,542.48,1.359735311810708
4817,1914,1919,italy,allied_powers,597.55,440.36,1809.78,italian_front,1037.91,0.5735006464874183
4818,1916,1918,russia,allied_powers,61.42,488.69,2512.25,air,550.11,0.2189710418947159
4819,1916,1919,united_kingdom,allied_powers,802.4,6.35,1617.58,naval,808.75,0.4999752717021724
4820,1916,1919,serbia,allied_powers,59.72,515.13,2869.03,italian_front,574.85,0.2003638860520803
4821,1915,1919,ottoman_empire,central_powers,566.85,27.23,2203.99,eastern_front,594.08,0.2695475024841311
4822,1915,1919,united_states,allied_powers,709.6,481.04,1973.48,western_front,1190.64,0.6033200235117661
4823,1915,1918,austria-hungary,central_powers,653.88,258.53,566.55,air,912.41,1.6104668608242874
4824,1915,1919,france,allied_powers,883.87,79.2,2953.78,africa,963.07,0.3260466250025391
4825,1915,1918,united_kingdom,allied_powers,122.12,344.54,1507.34,middle_east,466.66,0.3095917311290087
4826,1915,1919,germany,central_powers,505.01,571.9,838.73,western_front,1076.91,1.283976965173536
4827,1917,1919,italy,allied_powers,565.82,562.32,162.21,italian_front,1128.14,6.954811663892485
4828,1914,1919,france,allied_powers,650.03,564.05,2142.94,italian_front,1214.08,0.5665487601146089
4829,1915,1919,serbia,allied_powers,6.15,221.54,287.53,naval,227.69,0.791882586164922
4830,1916,1919,united_kingdom,allied_powers,197.99,374.29,1688.0,balkans,572.28,0.3390284360189573
4831,1915,1919,austria-hungary,central_powers,215.9,295.74,2857.67,air,511.64,0.1790409669415992
4832,1915,1918,united_kingdom,allied_powers,96.54,412.41,71.89,balkans,508.9500000000001,7.0795660036166375
4833,1916,1918,italy,allied_powers,421.91,475.69,546.24,air,897.6,1.6432337434094904
4834,1916,1919,italy,allied_powers,271.73,156.83,2270.57,balkans,428.56000000000006,0.188745557282973
4835,1915,1918,ottoman_empire,central_powers,210.46,274.57,301.48,italian_front,485.03,1.608829773119278
4836,1914,1919,united_states,allied_powers,277.51,134.34,1062.52,balkans,411.85,0.3876162331062003
4837,1917,1918,united_kingdom,allied_powers,861.62,100.51,1599.56,air,962.13,0.601496661581935
4838,1916,1919,united_states,allied_powers,26.54,228.16,1061.42,balkans,254.7,0.2399615609278136
4839,1916,1918,russia,allied_powers,27.19,60.11,1095.08,italian_front,87.3,0.0797202030901852
4840,1916,1918,belgium,allied_powers,639.64,284.51,1489.82,middle_east,924.15,0.6203098360875811
4841,1916,1919,belgium,allied_powers,650.07,496.15,475.53,air,1146.22,2.410405232056863
4842,1916,1919,russia,allied_powers,235.31,113.89,2185.33,eastern_front,349.2,0.1597928001720563
4843,1916,1919,russia,allied_powers,567.69,72.24,832.17,africa,639.9300000000001,0.7689895093550598
4844,1914,1918,serbia,allied_powers,130.48,397.24,2791.63,air,527.72,0.189036512718376
4845,1917,1919,france,allied_powers,96.6,0.56,2284.38,italian_front,97.16,0.0425323282466139
4846,1917,1919,italy,allied_powers,585.74,362.66,2987.46,africa,948.4,0.3174603174603175
4847,1915,1918,ottoman_empire,central_powers,762.31,121.12,2279.38,air,883.43,0.3875746913634409
4848,1914,1919,united_kingdom,allied_powers,54.98,518.45,1842.89,naval,573.4300000000001,0.3111580181128554
4849,1914,1919,russia,allied_powers,216.51,30.29,1240.6,italian_front,246.8,0.1989359987103014
4850,1916,1919,ottoman_empire,central_powers,205.84,567.41,343.14,balkans,773.25,2.2534534009442213
4851,1914,1918,united_kingdom,allied_powers,191.45,503.3,1776.15,air,694.75,0.3911550263209751
4852,1917,1919,italy,allied_powers,559.18,485.29,1041.1,air,1044.47,1.0032369609067333
4853,1916,1919,germany,central_powers,409.65,49.1,1600.47,italian_front,458.75,0.2866345511006142
4854,1917,1918,ottoman_empire,central_powers,525.33,247.72,1345.86,eastern_front,773.0500000000001,0.5743910956563091
4855,1917,1919,france,allied_powers,239.54,287.75,575.97,africa,527.29,0.9154817091167942
4856,1917,1919,ottoman_empire,central_powers,414.71,90.65,2449.45,air,505.36,0.2063157035252812
4857,1914,1919,united_kingdom,allied_powers,530.97,568.84,560.07,balkans,1099.81,1.9637009659506848
4858,1917,1919,ottoman_empire,central_powers,560.28,45.01,1535.65,balkans,605.29,0.3941588252531501
4859,1917,1918,united_states,allied_powers,296.19,403.49,2789.59,naval,699.6800000000001,0.250818220598726
4860,1916,1919,united_kingdom,allied_powers,558.58,269.29,2045.39,naval,827.8700000000001,0.4047492165308328
4861,1915,1919,ottoman_empire,central_powers,817.04,421.52,1848.15,eastern_front,1238.56,0.6701620539458377
4862,1915,1919,ottoman_empire,central_powers,408.19,256.89,1889.35,naval,665.0799999999999,0.3520152433376557
4863,1915,1919,united_kingdom,allied_powers,711.58,271.97,1134.97,balkans,983.55,0.866586782029481
4864,1916,1918,belgium,allied_powers,46.75,40.27,986.26,balkans,87.02000000000001,0.0882323119664186
4865,1914,1919,united_states,allied_powers,591.36,435.93,1634.26,western_front,1027.29,0.6285964289647914
4866,1916,1919,ottoman_empire,central_powers,37.08,103.07,1940.34,eastern_front,140.14999999999998,0.0722296092437407
4867,1915,1918,ottoman_empire,central_powers,75.97,418.08,1010.97,middle_east,494.05,0.4886890807838016
4868,1917,1919,italy,allied_powers,733.11,179.57,694.26,italian_front,912.68,1.3146083599804108
4869,1915,1918,serbia,allied_powers,640.97,112.75,1216.38,middle_east,753.72,0.6196418882257189
4870,1916,1919,austria-hungary,central_powers,400.37,502.97,1725.24,air,903.34,0.5236025132735156
4871,1917,1918,united_states,allied_powers,44.22,372.38,1328.35,africa,416.6,0.3136221628335905
4872,1917,1919,france,allied_powers,544.17,562.23,2119.89,middle_east,1106.4,0.5219138728896311
4873,1915,1918,france,allied_powers,512.6,282.19,1180.14,western_front,794.79,0.6734709441252732
4874,1914,1918,austria-hungary,central_powers,196.24,100.47,782.3,balkans,296.71000000000004,0.3792790489582002
4875,1916,1918,italy,allied_powers,168.16,375.61,486.21,italian_front,543.77,1.118385059953518
4876,1914,1919,russia,allied_powers,708.56,200.31,1077.02,eastern_front,908.87,0.8438747655568141
4877,1917,1919,ottoman_empire,central_powers,763.44,564.02,127.05,naval,1327.46,10.448327430145612
4878,1917,1919,united_kingdom,allied_powers,640.77,60.05,2092.72,air,700.8199999999999,0.3348847433005849
4879,1915,1918,united_states,allied_powers,540.14,350.0,2994.37,africa,890.14,0.2972712123084322
4880,1914,1918,france,allied_powers,232.81,347.31,1510.09,balkans,580.12,0.3841625333589389
4881,1916,1919,belgium,allied_powers,420.86,188.81,2787.6,western_front,609.6700000000001,0.2187078490457741
4882,1917,1919,russia,allied_powers,669.04,200.06,2170.82,western_front,869.0999999999999,0.4003556259846509
4883,1916,1918,russia,allied_powers,669.81,277.8,2296.8,air,947.61,0.412578369905956
4884,1914,1918,austria-hungary,central_powers,149.32,544.67,2335.54,middle_east,693.99,0.2971432730760338
4885,1916,1918,germany,central_powers,732.84,559.1,149.0,western_front,1291.94,8.670738255033557
4886,1917,1918,austria-hungary,central_powers,437.77,40.65,725.63,balkans,478.42,0.6593167316676543
4887,1917,1919,italy,allied_powers,198.29,421.21,299.53,naval,619.5,2.068240243047441
4888,1914,1919,germany,central_powers,204.29,69.92,1764.53,balkans,274.21,0.1554011549817798
4889,1917,1918,united_kingdom,allied_powers,295.43,427.4,2137.95,air,722.8299999999999,0.3380949039968193
4890,1916,1918,united_states,allied_powers,244.65,234.91,2517.62,air,479.56,0.1904814864832659
4891,1915,1918,united_kingdom,allied_powers,723.76,500.09,2788.5,naval,1223.85,0.4388918773534158
4892,1915,1918,france,allied_powers,186.98,279.06,796.46,italian_front,466.04,0.5851392411420535
4893,1917,1918,serbia,allied_powers,175.28,246.39,1536.35,air,421.67,0.2744621993686334
4894,1915,1919,germany,central_powers,658.63,200.23,1181.74,eastern_front,858.86,0.7267757713202566
4895,1914,1918,russia,allied_powers,481.78,264.97,1286.65,air,746.75,0.5803831655850464
4896,1915,1918,italy,allied_powers,794.68,63.69,2104.97,naval,858.3699999999999,0.4077825337178202
4897,1917,1918,ottoman_empire,central_powers,645.68,411.09,1859.46,africa,1056.77,0.5683209103718284
4898,1914,1918,united_kingdom,allied_powers,152.53,127.85,1908.01,italian_front,280.38,0.1469489153620788
4899,1917,1919,italy,allied_powers,725.64,194.46,820.61,africa,920.1,1.12123907824667
4900,1914,1919,russia,allied_powers,706.04,285.3,1607.88,western_front,991.34,0.6165509863920192
4901,1916,1919,united_kingdom,allied_powers,709.76,348.08,2796.67,western_front,1057.84,0.3782498471396339
4902,1914,1919,serbia,allied_powers,516.88,11.58,2748.55,italian_front,528.46,0.1922686507431191
4903,1914,1918,united_kingdom,allied_powers,872.78,132.64,648.38,africa,1005.42,1.5506647336438508
4904,1916,1918,italy,allied_powers,487.13,61.13,2345.98,air,548.26,0.233701907092132
4905,1915,1918,russia,allied_powers,632.77,312.28,1703.78,africa,945.05,0.5546784209228891
4906,1914,1919,austria-hungary,central_powers,124.28,77.65,2489.08,italian_front,201.93,0.0811263599402188
4907,1916,1919,germany,central_powers,681.07,419.03,103.98,africa,1100.1,10.579919215233698
4908,1914,1918,russia,allied_powers,436.66,348.55,2244.12,air,785.21,0.3498966187191416
4909,1916,1918,united_kingdom,allied_powers,172.08,296.3,218.2,middle_east,468.38,2.146562786434464
4910,1916,1918,united_kingdom,allied_powers,143.23,267.25,1060.17,middle_east,410.48,0.3871831876019883
4911,1916,1918,austria-hungary,central_powers,328.82,20.07,511.3,naval,348.89,0.6823586935263054
4912,1915,1919,united_states,allied_powers,311.37,176.43,2691.18,naval,487.8,0.1812587786770116
4913,1915,1918,belgium,allied_powers,366.4,503.54,612.26,western_front,869.94,1.4208669519485186
4914,1914,1919,austria-hungary,central_powers,102.61,309.34,2654.16,western_front,411.95,0.1552091810591675
4915,1915,1918,united_states,allied_powers,702.6,53.95,2908.6,middle_east,756.5500000000001,0.2601079557175274
4916,1914,1918,austria-hungary,central_powers,562.18,500.64,1323.98,balkans,1062.82,0.8027462650493209
4917,1917,1918,united_states,allied_powers,230.89,530.2,2154.43,italian_front,761.09,0.3532674535724067
4918,1914,1918,austria-hungary,central_powers,833.98,43.62,1238.56,balkans,877.6,0.7085647849115102
4919,1916,1919,austria-hungary,central_powers,25.26,220.16,2121.86,italian_front,245.42,0.1156626733149218
4920,1915,1919,serbia,allied_powers,180.53,580.04,1904.47,eastern_front,760.5699999999999,0.3993604519892673
4921,1916,1918,ottoman_empire,central_powers,75.95,265.75,1452.21,italian_front,341.7,0.2352965480199144
4922,1914,1919,france,allied_powers,132.67,406.54,979.55,italian_front,539.21,0.5504670511969783
4923,1917,1918,austria-hungary,central_powers,24.95,431.64,1344.11,middle_east,456.59,0.3396968998073074
4924,1914,1919,russia,allied_powers,633.12,454.12,668.82,balkans,1087.24,1.6256092820190782
4925,1915,1919,germany,central_powers,694.89,106.16,807.94,air,801.05,0.991472139020224
4926,1914,1918,france,allied_powers,678.91,303.05,1308.65,air,981.96,0.750361059106713
4927,1917,1919,serbia,allied_powers,624.03,22.79,2135.13,middle_east,646.8199999999999,0.302941741252289
4928,1916,1919,austria-hungary,central_powers,503.57,283.58,2954.27,eastern_front,787.15,0.2664448408574707
4929,1917,1919,ottoman_empire,central_powers,249.04,45.0,2822.66,eastern_front,294.04,0.1041712427284901
4930,1917,1919,united_kingdom,allied_powers,237.29,213.22,429.91,eastern_front,450.51,1.0479170058849523
4931,1916,1919,france,allied_powers,851.28,225.51,458.6,air,1076.79,2.3479938944614043
4932,1915,1919,united_kingdom,allied_powers,334.69,146.85,1701.43,italian_front,481.54,0.2830207531311896
4933,1916,1919,italy,allied_powers,776.55,219.57,2796.81,italian_front,996.12,0.3561629141772233
4934,1916,1919,serbia,allied_powers,125.01,490.29,191.67,balkans,615.3000000000001,3.21020503991235
4935,1916,1918,ottoman_empire,central_powers,12.4,333.91,180.6,western_front,346.31,1.9175526024363236
4936,1916,1918,belgium,allied_powers,222.31,93.58,1155.23,eastern_front,315.89,0.27344338356864
4937,1914,1919,united_kingdom,allied_powers,736.41,365.75,2824.1,naval,1102.16,0.3902694663786692
4938,1916,1919,serbia,allied_powers,744.13,289.6,375.65,africa,1033.73,2.751843471316385
4939,1915,1919,italy,allied_powers,502.39,133.92,1164.66,eastern_front,636.31,0.5463482904882111
4940,1916,1919,united_kingdom,allied_powers,265.71,85.45,2830.73,middle_east,351.16,0.1240528061666071
4941,1916,1919,france,allied_powers,690.93,560.11,1226.9,naval,1251.04,1.0196756051837963
4942,1917,1919,united_states,allied_powers,444.56,256.97,131.02,western_front,701.53,5.354373378110211
4943,1917,1918,russia,allied_powers,407.77,552.61,2172.27,middle_east,960.38,0.4421089459413425
4944,1915,1919,france,allied_powers,808.01,256.69,2380.53,balkans,1064.7,0.4472533427430026
4945,1916,1918,austria-hungary,central_powers,587.5,188.93,1766.98,eastern_front,776.4300000000001,0.4394107460186306
4946,1917,1919,belgium,allied_powers,601.39,529.71,857.2,middle_east,1131.1,1.319528698086794
4947,1916,1919,belgium,allied_powers,308.75,254.77,1383.37,air,563.52,0.4073530581117127
4948,1914,1919,russia,allied_powers,113.48,473.95,718.68,naval,587.43,0.817373518116547
4949,1915,1918,serbia,allied_powers,186.32,462.84,1754.63,naval,649.16,0.3699697372095541
4950,1917,1919,united_states,allied_powers,480.36,504.77,2039.01,naval,985.13,0.4831413283897577
4951,1914,1919,italy,allied_powers,79.25,291.52,1286.56,eastern_front,370.77,0.2881871035940803
4952,1914,1919,france,allied_powers,529.91,531.88,2449.65,western_front,1061.79,0.4334455942685689
4953,1917,1919,belgium,allied_powers,194.0,485.88,574.32,italian_front,679.88,1.1837999721409669
4954,1917,1918,ottoman_empire,central_powers,450.61,43.24,422.66,middle_east,493.85,1.168433256045048
4955,1917,1918,france,allied_powers,868.6,351.13,1933.21,naval,1219.73,0.6309350768928362
4956,1915,1919,france,allied_powers,248.84,16.84,2073.21,africa,265.68,0.1281491021170069
4957,1917,1919,russia,allied_powers,29.37,197.01,1434.84,italian_front,226.38,0.1577736890524379
4958,1916,1918,germany,central_powers,17.57,231.23,2393.43,italian_front,248.8,0.1039512331674625
4959,1916,1918,germany,central_powers,75.59,395.14,57.4,middle_east,470.73,8.200871080139374
4960,1917,1919,united_states,allied_powers,253.24,434.8,1282.4,italian_front,688.04,0.5365252651278851
4961,1914,1919,france,allied_powers,860.12,290.3,483.17,naval,1150.42,2.380983918703562
4962,1916,1918,serbia,allied_powers,485.91,448.78,2039.33,naval,934.69,0.458331903125046
4963,1916,1918,ottoman_empire,central_powers,151.21,575.91,2880.22,balkans,727.12,0.2524529376228205
4964,1914,1918,russia,allied_powers,638.48,218.42,2626.86,italian_front,856.9,0.3262069543104695
4965,1916,1919,belgium,allied_powers,65.57,160.03,68.6,balkans,225.6,3.2886297376093294
4966,1917,1919,serbia,allied_powers,833.0,186.8,891.1,western_front,1019.8,1.1444282347660195
4967,1917,1919,serbia,allied_powers,168.06,133.9,2964.19,naval,301.96000000000004,0.1018693133706004
4968,1916,1918,ottoman_empire,central_powers,36.83,116.99,2418.65,eastern_front,153.82,0.0635974613937527
4969,1914,1919,united_states,allied_powers,785.52,199.53,273.3,italian_front,985.05,3.604281009879253
4970,1915,1918,italy,allied_powers,79.68,399.41,1436.84,western_front,479.09,0.3334330892792517
4971,1915,1918,united_kingdom,allied_powers,862.99,219.7,231.18,middle_east,1082.69,4.683320356432217
4972,1914,1918,italy,allied_powers,442.66,111.82,860.11,air,554.48,0.6446617293136925
4973,1914,1918,united_kingdom,allied_powers,845.4,340.4,2424.98,middle_east,1185.8,0.4889937236595765
4974,1915,1918,serbia,allied_powers,621.83,163.17,2385.08,italian_front,785.0,0.3291294212353464
4975,1917,1919,serbia,allied_powers,624.39,81.0,2633.3,eastern_front,705.39,0.2678730110507727
4976,1916,1919,belgium,allied_powers,314.28,528.27,2081.52,eastern_front,842.55,0.4047763173065836
4977,1914,1918,austria-hungary,central_powers,340.32,36.84,1065.01,air,377.16,0.3541375198354944
4978,1914,1919,belgium,allied_powers,474.13,551.12,639.19,eastern_front,1025.25,1.603983166194715
4979,1917,1918,germany,central_powers,799.94,414.73,1106.04,italian_front,1214.67,1.0982152544211785
4980,1916,1918,united_kingdom,allied_powers,655.24,473.79,1464.46,africa,1129.03,0.7709531158242628
4981,1916,1919,united_states,allied_powers,822.84,389.83,722.32,eastern_front,1212.67,1.678854247424964
4982,1914,1919,ottoman_empire,central_powers,163.62,298.78,495.66,air,462.4,0.9328975507404268
4983,1915,1919,united_kingdom,allied_powers,186.62,329.98,2511.46,italian_front,516.6,0.2056970845643569
4984,1915,1918,france,allied_powers,721.25,149.12,316.65,balkans,870.37,2.7486815095531347
4985,1915,1918,france,allied_powers,529.72,86.03,1645.84,air,615.75,0.3741250668351723
4986,1917,1918,austria-hungary,central_powers,768.22,304.73,2028.21,balkans,1072.95,0.5290132678568787
4987,1914,1918,serbia,allied_powers,254.27,430.95,2634.85,air,685.22,0.260060344991176
4988,1916,1918,serbia,allied_powers,888.47,113.34,1594.24,africa,1001.81,0.6283934664793256
4989,1917,1919,france,allied_powers,323.42,169.08,552.82,middle_east,492.5,0.8908867262400058
4990,1914,1918,italy,allied_powers,9.36,315.23,499.09,africa,324.59000000000003,0.6503636618645937
4991,1917,1919,france,allied_powers,542.03,378.78,2369.12,africa,920.81,0.3886717430944823
4992,1917,1918,italy,allied_powers,449.98,297.79,1520.35,air,747.77,0.4918406945769066
4993,1914,1919,italy,allied_powers,117.31,283.21,285.1,naval,400.52,1.4048404068747806
4994,1914,1919,serbia,allied_powers,512.66,473.97,803.58,italian_front,986.63,1.227793125762214
4995,1915,1918,italy,allied_powers,350.11,369.72,2154.23,naval,719.83,0.3341472359033158
4996,1916,1919,serbia,allied_powers,260.45,345.77,583.38,africa,606.22,1.039151153621996
4997,1914,1918,austria-hungary,central_powers,862.37,520.22,915.5,eastern_front,1382.59,1.5102020753686511
4998,1917,1919,united_kingdom,allied_powers,643.6,582.46,2413.49,eastern_front,1226.06,0.5080029335112224
4999,1914,1919,italy,allied_powers,588.88,336.19,527.56,africa,925.07,1.753487754947305
5000,1916,1918,russia,allied_powers,813.07,559.83,2241.31,balkans,1372.9,0.6125435571161508
5001,1915,1918,serbia,allied_powers,316.32,74.42,1870.54,middle_east,390.74,0.2088915500336801
5002,1917,1919,united_kingdom,allied_powers,207.76,337.81,1518.24,air,545.5699999999999,0.3593437137738433
5003,1916,1918,ottoman_empire,central_powers,383.5,250.05,2791.11,air,633.55,0.2269885457756949
5004,1915,1919,austria-hungary,central_powers,389.9,358.87,934.36,western_front,748.77,0.8013720621601952
5005,1914,1919,germany,central_powers,195.88,309.36,1220.82,naval,505.24,0.4138529840598942
5006,1914,1918,germany,central_powers,586.07,340.85,2194.43,eastern_front,926.92,0.4223967043833707
5007,1914,1919,united_states,allied_powers,599.37,322.38,2017.72,naval,921.75,0.4568275082766687
5008,1917,1918,ottoman_empire,central_powers,878.47,414.31,1798.25,eastern_front,1292.78,0.718910051438899
5009,1914,1919,united_states,allied_powers,217.94,21.97,2432.06,western_front,239.91,0.098644770277049
5010,1917,1919,russia,allied_powers,149.34,316.06,1096.16,eastern_front,465.4,0.4245730550284629
5011,1914,1918,germany,central_powers,448.54,344.45,444.8,balkans,792.99,1.7828012589928055
5012,1915,1918,italy,allied_powers,19.23,272.3,1850.78,balkans,291.53000000000003,0.1575173710543662
5013,1917,1919,ottoman_empire,central_powers,219.64,541.57,153.86,western_front,761.21,4.9474197322241
5014,1917,1919,russia,allied_powers,712.2,231.61,2585.55,africa,943.81,0.3650325849432422
5015,1916,1919,united_states,allied_powers,224.22,562.31,173.41,naval,786.53,4.5356669165561385
5016,1917,1919,austria-hungary,central_powers,330.01,447.05,2502.01,italian_front,777.06,0.3105742982641955
5017,1914,1919,france,allied_powers,123.32,206.7,202.11,western_front,330.02,1.6328731878679923
5018,1916,1918,italy,allied_powers,743.75,390.97,1379.22,middle_east,1134.72,0.8227258885456997
5019,1915,1919,italy,allied_powers,230.45,224.56,756.22,balkans,455.01,0.6016899843960751
5020,1917,1918,belgium,allied_powers,412.92,554.53,1191.67,italian_front,967.45,0.8118438829541735
5021,1914,1918,france,allied_powers,204.57,333.15,1137.94,italian_front,537.72,0.4725380951544018
5022,1916,1919,austria-hungary,central_powers,897.59,481.85,1038.71,western_front,1379.44,1.3280318857043834
5023,1916,1919,ottoman_empire,central_powers,742.23,574.55,1113.64,middle_east,1316.78,1.182410832944219
5024,1916,1918,italy,allied_powers,161.69,16.26,916.53,western_front,177.95,0.1941562196545666
5025,1917,1918,united_kingdom,allied_powers,133.86,65.98,453.27,middle_east,199.84000000000003,0.4408851236569815
5026,1915,1919,united_kingdom,allied_powers,831.83,178.62,2601.2,italian_front,1010.45,0.3884553283100108
5027,1916,1919,russia,allied_powers,100.24,429.29,2882.62,air,529.53,0.1836974696630149
5028,1917,1918,france,allied_powers,351.78,41.68,1361.68,africa,393.46,0.2889518829680982
5029,1916,1918,italy,allied_powers,287.59,148.49,989.23,africa,436.08,0.4408277144850034
5030,1916,1919,russia,allied_powers,836.69,173.71,1665.43,eastern_front,1010.4,0.6066901641017636
5031,1916,1919,austria-hungary,central_powers,835.7,179.4,2227.45,western_front,1015.1,0.4557229118498732
5032,1917,1918,italy,allied_powers,517.0,29.73,1012.88,balkans,546.73,0.5397776636916516
5033,1914,1919,belgium,allied_powers,299.75,208.65,1900.95,balkans,508.4,0.267445224756043
5034,1915,1919,united_states,allied_powers,653.21,532.01,1844.35,western_front,1185.22,0.6426220619730529
5035,1916,1918,belgium,allied_powers,249.53,599.42,587.66,africa,848.9499999999999,1.4446278460334203
5036,1917,1918,germany,central_powers,306.27,144.55,643.58,eastern_front,450.82,0.7004878958326859
5037,1915,1919,france,allied_powers,26.92,207.82,2269.42,western_front,234.74,0.1034361202421764
5038,1916,1919,italy,allied_powers,816.19,381.0,678.22,western_front,1197.19,1.7651941847778008
5039,1917,1918,ottoman_empire,central_powers,779.52,224.59,1003.56,middle_east,1004.11,1.0005480489457532
5040,1914,1919,austria-hungary,central_powers,375.23,112.11,705.0,africa,487.34,0.6912624113475178
5041,1915,1918,united_kingdom,allied_powers,112.8,409.33,2995.61,italian_front,522.13,0.1742983899773335
5042,1915,1918,united_states,allied_powers,541.65,493.15,327.49,western_front,1034.8,3.1597911386607223
5043,1917,1918,ottoman_empire,central_powers,595.06,179.36,639.79,naval,774.42,1.2104284218259116
5044,1914,1918,germany,central_powers,127.1,176.4,2251.09,balkans,303.5,0.1348235743573113
5045,1916,1918,ottoman_empire,central_powers,465.48,312.94,1461.44,balkans,778.4200000000001,0.5326390409459164
5046,1916,1918,italy,allied_powers,12.41,491.59,1041.94,air,504.0,0.4837130736894638
5047,1917,1918,russia,allied_powers,756.1,21.66,82.19,western_front,777.76,9.462951697286774
5048,1917,1918,russia,allied_powers,320.01,413.94,1122.24,eastern_front,733.95,0.6540044910179641
5049,1914,1919,austria-hungary,central_powers,348.19,251.87,922.76,naval,600.06,0.6502882656378689
5050,1914,1919,united_kingdom,allied_powers,37.2,379.19,577.09,eastern_front,416.39,0.7215339028574399
5051,1915,1919,belgium,allied_powers,323.85,243.05,461.99,air,566.9000000000001,1.2270828372908509
5052,1915,1918,serbia,allied_powers,7.01,465.77,1353.28,air,472.78,0.3493585954126271
5053,1915,1918,austria-hungary,central_powers,763.48,328.23,1843.26,air,1091.71,0.5922713019324458
5054,1914,1918,germany,central_powers,822.44,43.82,441.01,italian_front,866.2600000000001,1.964263848892316
5055,1917,1919,serbia,allied_powers,878.83,282.78,1443.42,italian_front,1161.61,0.8047623006470743
5056,1916,1919,united_states,allied_powers,896.24,292.04,2319.67,italian_front,1188.28,0.5122625200998417
5057,1916,1918,belgium,allied_powers,764.49,403.06,647.64,middle_east,1167.55,1.8027762337100857
5058,1917,1919,ottoman_empire,central_powers,621.27,412.87,424.37,eastern_front,1034.14,2.43688290878243
5059,1916,1919,russia,allied_powers,176.94,28.06,2770.86,western_front,205.0,0.0739842503771392
5060,1915,1919,germany,central_powers,54.49,369.21,1899.62,italian_front,423.7,0.2230446089217843
5061,1917,1918,austria-hungary,central_powers,232.49,260.4,1047.84,middle_east,492.89,0.4703867002595816
5062,1914,1918,germany,central_powers,880.82,375.2,325.18,africa,1256.02,3.862537671443508
5063,1914,1918,belgium,allied_powers,371.19,20.34,1988.67,balkans,391.53,0.1968803270527538
5064,1916,1918,serbia,allied_powers,639.57,104.01,2174.26,eastern_front,743.58,0.3419922180420005
5065,1914,1918,ottoman_empire,central_powers,593.51,34.03,2507.8,eastern_front,627.54,0.250235265970173
5066,1916,1919,russia,allied_powers,460.5,175.87,868.33,western_front,636.37,0.7328665369156887
5067,1916,1919,france,allied_powers,683.95,139.47,1941.92,middle_east,823.4200000000001,0.424023646700173
5068,1916,1919,united_states,allied_powers,82.24,500.69,2223.16,naval,582.93,0.2622078482880224
5069,1916,1919,germany,central_powers,348.81,92.93,2316.65,eastern_front,441.74,0.1906805084928668
5070,1914,1919,germany,central_powers,546.99,590.94,2088.21,air,1137.93,0.5449308259226802
5071,1917,1919,austria-hungary,central_powers,791.02,59.54,2002.37,eastern_front,850.56,0.4247766396819769
5072,1914,1919,serbia,allied_powers,692.59,11.9,2949.79,balkans,704.49,0.2388271707477481
5073,1914,1918,italy,allied_powers,626.19,136.08,360.63,air,762.2700000000001,2.1137176607603365
5074,1917,1918,austria-hungary,central_powers,837.58,72.67,2550.39,africa,910.25,0.3569061986598128
5075,1917,1918,united_states,allied_powers,481.93,71.39,1305.11,naval,553.32,0.4239642635486664
5076,1916,1918,serbia,allied_powers,727.68,40.06,2590.84,africa,767.74,0.2963286038504886
5077,1914,1919,france,allied_powers,498.25,55.13,1172.53,africa,553.38,0.4719538092841974
5078,1916,1918,austria-hungary,central_powers,805.95,518.69,1385.79,africa,1324.64,0.955873545053724
5079,1916,1919,russia,allied_powers,888.98,584.16,2294.24,western_front,1473.14,0.6421037031871121
5080,1915,1919,france,allied_powers,732.04,381.23,1854.65,africa,1113.27,0.6002588089396921
5081,1914,1919,france,allied_powers,152.35,162.91,1908.9,middle_east,315.26,0.1651527057467651
5082,1917,1918,belgium,allied_powers,812.08,438.42,1207.76,western_front,1250.5,1.035387825395774
5083,1917,1918,serbia,allied_powers,136.41,468.51,1725.12,naval,604.92,0.3506538675570395
5084,1915,1918,russia,allied_powers,644.44,78.08,2415.7,western_front,722.5200000000001,0.2990934304756386
5085,1916,1919,serbia,allied_powers,193.29,10.42,1397.6,western_front,203.71,0.1457570120206067
5086,1916,1918,ottoman_empire,central_powers,738.61,338.42,1573.13,balkans,1077.03,0.6846414473056899
5087,1917,1919,germany,central_powers,648.39,459.03,2734.8,italian_front,1107.42,0.4049363756033348
5088,1917,1918,united_states,allied_powers,2.38,415.84,1615.41,western_front,418.22,0.2588940269033867
5089,1915,1919,belgium,allied_powers,429.01,517.05,982.22,air,946.06,0.9631854370711244
5090,1916,1919,united_kingdom,allied_powers,558.95,130.67,470.91,balkans,689.62,1.4644411883374742
5091,1916,1918,italy,allied_powers,133.16,14.86,1788.23,western_front,148.01999999999998,0.0827745871616067
5092,1914,1918,russia,allied_powers,823.29,63.23,2477.67,balkans,886.52,0.3578039044747686
5093,1916,1919,united_states,allied_powers,617.31,359.63,2437.4,western_front,976.94,0.4008123410191186
5094,1914,1919,ottoman_empire,central_powers,233.19,528.1,553.64,middle_east,761.29,1.3750632179755795
5095,1915,1919,ottoman_empire,central_powers,863.87,56.61,2104.81,western_front,920.48,0.4373221335892551
5096,1916,1919,ottoman_empire,central_powers,821.16,162.3,125.21,western_front,983.46,7.854484466096958
5097,1914,1918,belgium,allied_powers,92.01,245.96,1396.09,middle_east,337.97,0.2420832467820843
5098,1917,1918,france,allied_powers,505.34,281.65,2206.88,naval,786.99,0.3566075183063872
5099,1914,1919,serbia,allied_powers,253.83,129.01,1776.09,eastern_front,382.84,0.2155521398127347
5100,1917,1919,serbia,allied_powers,670.83,424.94,1500.1,middle_east,1095.77,0.730464635690954
5101,1917,1918,united_kingdom,allied_powers,823.09,185.56,1198.44,eastern_front,1008.65,0.8416357931978239
5102,1916,1919,serbia,allied_powers,69.48,262.09,1456.8,air,331.57,0.227601592531576
5103,1914,1919,france,allied_powers,23.24,393.84,2331.49,italian_front,417.08,0.1788898944451831
5104,1916,1918,united_kingdom,allied_powers,466.34,133.4,1712.97,western_front,599.74,0.3501170481678021
5105,1915,1919,united_states,allied_powers,375.06,539.86,2013.16,italian_front,914.92,0.4544695900971607
5106,1915,1919,ottoman_empire,central_powers,45.56,17.45,2558.3,air,63.010000000000005,0.0246296368682328
5107,1916,1918,austria-hungary,central_powers,386.6,245.24,1214.02,middle_east,631.84,0.5204527108284872
5108,1914,1918,ottoman_empire,central_powers,217.66,560.45,1507.56,italian_front,778.11,0.516138661147815
5109,1916,1919,united_states,allied_powers,377.3,227.52,1295.12,africa,604.82,0.4669991969856076
5110,1916,1918,belgium,allied_powers,354.31,350.74,2957.42,balkans,705.05,0.2384003624781059
5111,1916,1918,ottoman_empire,central_powers,668.87,120.16,450.61,italian_front,789.03,1.751026386453918
5112,1915,1918,france,allied_powers,15.67,343.53,615.36,middle_east,359.2,0.5837233489339573
5113,1916,1918,italy,allied_powers,687.48,240.49,219.07,balkans,927.97,4.235951978819555
5114,1917,1919,serbia,allied_powers,519.41,20.38,996.38,africa,539.79,0.5417511391236275
5115,1914,1918,italy,allied_powers,871.72,354.43,223.8,western_front,1226.15,5.478775692582663
5116,1914,1918,united_kingdom,allied_powers,653.02,364.76,930.1,naval,1017.78,1.0942694333942586
5117,1916,1919,france,allied_powers,713.08,419.03,335.53,western_front,1132.11,3.374094715822729
5118,1916,1918,serbia,allied_powers,100.98,235.16,1001.83,middle_east,336.14,0.3355259874429793
5119,1914,1918,united_kingdom,allied_powers,117.72,27.02,784.17,eastern_front,144.74,0.1845773237945853
5120,1917,1918,serbia,allied_powers,423.3,94.06,258.26,middle_east,517.36,2.0032525362038256
5121,1914,1918,ottoman_empire,central_powers,449.28,107.05,390.74,eastern_front,556.3299999999999,1.423785637508317
5122,1915,1918,belgium,allied_powers,315.74,518.96,1119.44,africa,834.7,0.7456406774815979
5123,1915,1918,germany,central_powers,183.41,517.19,2346.37,balkans,700.6,0.2985888841060873
5124,1917,1919,serbia,allied_powers,864.05,553.29,2426.08,naval,1417.34,0.5842099188814878
5125,1916,1919,united_kingdom,allied_powers,755.78,175.22,2197.12,western_front,931.0,0.4237365278182348
5126,1916,1919,italy,allied_powers,557.55,255.68,231.89,middle_east,813.23,3.5069645090344563
5127,1915,1918,russia,allied_powers,857.0,545.15,862.19,africa,1402.15,1.6262656722996092
5128,1914,1918,ottoman_empire,central_powers,482.23,201.99,1017.36,air,684.22,0.6725446253047103
5129,1917,1918,italy,allied_powers,438.35,1.78,1047.32,italian_front,440.13,0.4202440514837872
5130,1914,1919,belgium,allied_powers,348.34,477.13,1190.92,italian_front,825.47,0.6931363987505458
5131,1915,1919,russia,allied_powers,490.79,275.6,957.84,italian_front,766.3900000000001,0.8001231938528356
5132,1915,1918,italy,allied_powers,742.63,445.62,2691.9,middle_east,1188.25,0.4414168431219584
5133,1917,1918,italy,allied_powers,331.79,375.14,2433.23,italian_front,706.9300000000001,0.2905315157219005
5134,1917,1919,united_states,allied_powers,346.75,326.01,656.63,middle_east,672.76,1.024564823416536
5135,1915,1919,russia,allied_powers,697.36,243.86,1575.27,middle_east,941.22,0.5974975718448267
5136,1915,1919,germany,central_powers,177.5,422.23,728.83,western_front,599.73,0.8228667864934209
5137,1916,1919,italy,allied_powers,724.41,252.07,2055.63,air,976.48,0.4750271206394146
5138,1917,1919,united_states,allied_powers,743.83,526.29,2782.08,africa,1270.12,0.4565361168622038
5139,1917,1919,belgium,allied_powers,415.08,75.4,2212.81,africa,490.48,0.2216548189858144
5140,1914,1919,ottoman_empire,central_powers,279.88,267.53,524.33,eastern_front,547.41,1.0440180802166572
5141,1916,1919,austria-hungary,central_powers,701.66,1.66,571.69,western_front,703.3199999999999,1.23024716192342
5142,1917,1918,italy,allied_powers,770.47,80.56,2004.62,air,851.03,0.4245343257076154
5143,1917,1918,italy,allied_powers,551.03,55.36,568.48,western_front,606.39,1.0666866028708133
5144,1914,1918,austria-hungary,central_powers,729.91,557.87,2875.79,eastern_front,1287.78,0.4478004304904043
5145,1915,1919,united_states,allied_powers,638.5,116.11,1386.8,western_front,754.61,0.5441375829247188
5146,1917,1918,united_kingdom,allied_powers,880.63,590.39,1567.43,eastern_front,1471.02,0.9384916710794102
5147,1917,1919,germany,central_powers,337.52,159.15,1129.78,eastern_front,496.67,0.4396165625165961
5148,1915,1919,italy,allied_powers,764.29,360.36,1853.6,eastern_front,1124.65,0.6067382391022875
5149,1916,1919,austria-hungary,central_powers,142.81,23.3,918.57,africa,166.11,0.1808354289820046
5150,1914,1918,russia,allied_powers,587.1,405.86,2076.08,naval,992.96,0.4782860005394783
5151,1917,1918,united_kingdom,allied_powers,564.15,264.54,1844.83,italian_front,828.69,0.4491958608652288
5152,1917,1918,france,allied_powers,768.44,76.19,2633.03,italian_front,844.6300000000001,0.3207825205181863
5153,1917,1918,united_states,allied_powers,213.85,10.28,1270.76,air,224.13,0.1763747678554565
5154,1914,1918,france,allied_powers,300.88,301.83,2728.21,naval,602.71,0.2209177446017718
5155,1914,1919,germany,central_powers,456.65,383.41,1201.29,africa,840.06,0.6992982543765451
5156,1916,1919,russia,allied_powers,81.8,457.65,2603.6,western_front,539.4499999999999,0.2071938853894607
5157,1917,1918,france,allied_powers,78.69,353.16,2031.0,balkans,431.85,0.212629246676514
5158,1914,1918,ottoman_empire,central_powers,853.78,598.2,198.55,air,1451.98,7.312918660287081
5159,1916,1918,france,allied_powers,293.05,507.92,1896.55,middle_east,800.97,0.4223300203000185
5160,1915,1919,france,allied_powers,497.66,69.16,2777.61,italian_front,566.82,0.204067525678551
5161,1915,1918,serbia,allied_powers,572.35,503.54,413.99,eastern_front,1075.89,2.5988308896350154
5162,1915,1919,belgium,allied_powers,380.94,412.55,2803.47,africa,793.49,0.2830385201197088
5163,1917,1919,belgium,allied_powers,346.25,6.47,206.35,air,352.72,1.709328810273807
5164,1916,1918,france,allied_powers,206.97,331.23,862.71,africa,538.2,0.623848106547971
5165,1914,1919,russia,allied_powers,893.39,532.84,2461.12,western_front,1426.23,0.5795044532570537
5166,1915,1918,france,allied_powers,812.11,215.3,507.51,middle_east,1027.41,2.024413312052965
5167,1914,1919,ottoman_empire,central_powers,510.13,523.91,1184.79,eastern_front,1034.04,0.8727622616666244
5168,1915,1919,serbia,allied_powers,709.28,327.93,1253.25,balkans,1037.21,0.8276161978854978
5169,1917,1919,serbia,allied_powers,790.47,371.9,1500.36,air,1162.37,0.7747273987576315
5170,1914,1918,austria-hungary,central_powers,230.25,130.99,1415.54,balkans,361.24,0.2551958969721802
5171,1916,1919,russia,allied_powers,432.8,525.26,387.83,western_front,958.06,2.470309156073537
5172,1914,1918,france,allied_powers,457.38,267.02,2513.48,naval,724.4,0.2882059932842115
5173,1914,1918,france,allied_powers,40.51,275.7,1550.5,air,316.21,0.2039406643018381
5174,1916,1919,germany,central_powers,365.94,80.76,2921.04,africa,446.7,0.1529249856215594
5175,1916,1918,serbia,allied_powers,326.68,411.92,2369.28,eastern_front,738.6,0.3117402755267422
5176,1915,1918,italy,allied_powers,270.74,260.47,2057.28,naval,531.21,0.2582098693420439
5177,1917,1919,austria-hungary,central_powers,412.61,267.46,522.3,middle_east,680.0699999999999,1.302067777139575
5178,1915,1918,italy,allied_powers,483.13,43.57,182.47,middle_east,526.7,2.8865018907217626
5179,1917,1918,united_states,allied_powers,406.72,53.5,77.59,western_front,460.22,5.931434463204021
5180,1915,1919,russia,allied_powers,845.48,188.55,2099.15,africa,1034.03,0.4925946216325655
5181,1916,1918,austria-hungary,central_powers,784.0,284.05,720.57,western_front,1068.05,1.4822293462120264
5182,1914,1918,united_kingdom,allied_powers,340.63,463.66,2060.91,italian_front,804.29,0.3902596425850717
5183,1917,1918,italy,allied_powers,623.37,545.41,1248.55,middle_east,1168.78,0.9361098874694646
5184,1915,1919,ottoman_empire,central_powers,809.68,555.27,2365.15,middle_east,1364.9499999999998,0.5771092742532186
5185,1915,1919,belgium,allied_powers,325.33,70.51,509.76,italian_front,395.84,0.7765222849968613
5186,1917,1919,russia,allied_powers,153.03,338.48,223.26,italian_front,491.51,2.2015139299471467
5187,1916,1919,united_kingdom,allied_powers,897.63,316.49,1028.85,middle_east,1214.12,1.1800748408417163
5188,1915,1918,russia,allied_powers,660.65,552.74,927.16,eastern_front,1213.39,1.3087169420596227
5189,1915,1919,austria-hungary,central_powers,673.52,170.29,1273.35,africa,843.81,0.6626693367887855
5190,1916,1919,russia,allied_powers,382.89,396.26,2174.57,eastern_front,779.15,0.358300721521956
5191,1917,1918,russia,allied_powers,397.13,10.01,2930.55,western_front,407.14,0.1389295524730852
5192,1914,1918,ottoman_empire,central_powers,338.04,404.7,1526.81,western_front,742.74,0.4864652445294438
5193,1914,1918,united_kingdom,allied_powers,792.32,301.49,1344.87,eastern_front,1093.81,0.8133202465665826
5194,1917,1919,belgium,allied_powers,784.26,87.96,1168.73,balkans,872.22,0.7462972628408615
5195,1917,1918,belgium,allied_powers,876.44,54.05,1007.99,middle_east,930.49,0.923114316610284
5196,1916,1919,ottoman_empire,central_powers,61.71,537.97,2373.77,eastern_front,599.6800000000001,0.2526276766493806
5197,1917,1918,ottoman_empire,central_powers,435.32,308.18,1437.48,africa,743.5,0.5172245874725213
5198,1917,1918,ottoman_empire,central_powers,487.61,525.95,2825.52,western_front,1013.56,0.3587162716951216
5199,1915,1919,russia,allied_powers,499.39,54.49,103.48,eastern_front,553.88,5.352531890220332
5200,1917,1918,serbia,allied_powers,601.71,147.83,2255.09,africa,749.5400000000001,0.3323769783024181
5201,1914,1919,austria-hungary,central_powers,253.39,257.4,322.44,naval,510.79,1.5841396849026177
5202,1914,1919,france,allied_powers,551.52,429.54,1743.09,eastern_front,981.06,0.5628280811662049
5203,1917,1919,italy,allied_powers,603.41,332.28,1706.22,eastern_front,935.69,0.5483993857767462
5204,1915,1919,ottoman_empire,central_powers,159.95,39.83,539.88,middle_east,199.78,0.3700451952285692
5205,1914,1918,italy,allied_powers,61.02,48.89,1974.75,middle_east,109.91,0.0556576781871122
5206,1915,1919,united_kingdom,allied_powers,35.99,141.33,521.17,balkans,177.32000000000002,0.3402344724370167
5207,1916,1919,united_states,allied_powers,392.66,445.32,2086.72,balkans,837.98,0.4015775954608189
5208,1916,1919,united_states,allied_powers,871.62,202.84,2971.79,italian_front,1074.46,0.3615531380077327
5209,1916,1919,russia,allied_powers,841.21,307.76,2662.64,eastern_front,1148.97,0.4315153381606226
5210,1915,1919,serbia,allied_powers,728.51,101.86,1056.31,africa,830.37,0.7861044579716182
5211,1917,1918,italy,allied_powers,697.0,514.13,743.82,italian_front,1211.13,1.6282568363313703
5212,1917,1918,france,allied_powers,604.32,419.87,1503.31,balkans,1024.19,0.6812899535026044
5213,1914,1918,italy,allied_powers,666.3,91.53,2450.13,eastern_front,757.8299999999999,0.3093019554064478
5214,1914,1918,serbia,allied_powers,192.72,131.76,187.79,western_front,324.48,1.7278875339474946
5215,1914,1919,united_kingdom,allied_powers,138.77,338.5,1988.56,western_front,477.27,0.2400078448726716
5216,1916,1918,belgium,allied_powers,162.13,325.63,2655.17,balkans,487.76,0.1837019851836228
5217,1914,1919,serbia,allied_powers,450.72,274.64,1691.62,air,725.36,0.428796065310176
5218,1916,1919,germany,central_powers,590.82,561.04,1612.45,middle_east,1151.86,0.714353933455301
5219,1914,1918,germany,central_powers,37.33,291.0,1149.29,air,328.33,0.2856807246212879
5220,1914,1918,ottoman_empire,central_powers,519.34,465.39,2453.96,middle_east,984.73,0.4012820094867072
5221,1914,1919,belgium,allied_powers,375.51,315.12,2844.88,naval,690.63,0.2427624363769297
5222,1916,1919,italy,allied_powers,379.82,340.23,2657.13,africa,720.05,0.2709878703714157
5223,1915,1919,united_kingdom,allied_powers,602.92,43.47,1448.15,africa,646.39,0.4463556951973206
5224,1914,1919,ottoman_empire,central_powers,467.96,161.24,1776.66,middle_east,629.2,0.3541476703477311
5225,1916,1919,united_states,allied_powers,346.35,58.0,2613.05,eastern_front,404.35,0.1547425422399112
5226,1916,1919,italy,allied_powers,301.93,211.47,574.38,western_front,513.4,0.8938333507434103
5227,1916,1919,united_kingdom,allied_powers,481.14,487.16,898.79,balkans,968.3,1.0773373090488323
5228,1917,1919,italy,allied_powers,362.99,571.51,1325.19,africa,934.5,0.7051818984447513
5229,1914,1918,united_kingdom,allied_powers,382.16,579.71,2114.61,air,961.87,0.454868746482803
5230,1917,1919,russia,allied_powers,839.84,340.19,2062.08,middle_east,1180.03,0.5722522889509621
5231,1914,1918,russia,allied_powers,777.96,599.52,2251.7,balkans,1377.48,0.6117511213749612
5232,1916,1919,belgium,allied_powers,321.21,447.12,109.73,balkans,768.3299999999999,7.002004921170144
5233,1914,1918,germany,central_powers,187.61,101.95,2763.71,africa,289.56,0.1047722083720795
5234,1916,1919,ottoman_empire,central_powers,869.72,223.38,906.62,air,1093.1,1.205687057422073
5235,1917,1919,germany,central_powers,204.94,182.4,284.76,italian_front,387.34,1.3602331788172497
5236,1917,1919,belgium,allied_powers,739.64,413.36,422.71,middle_east,1153.0,2.7276383336093306
5237,1914,1918,belgium,allied_powers,666.33,336.43,463.6,eastern_front,1002.76,2.162985332182916
5238,1916,1919,united_states,allied_powers,479.26,415.63,1609.59,balkans,894.89,0.5559738815474748
5239,1917,1918,italy,allied_powers,100.83,500.49,2937.64,air,601.32,0.2046949251780341
5240,1917,1918,united_states,allied_powers,116.12,114.5,1357.51,eastern_front,230.62,0.1698845680694801
5241,1916,1919,russia,allied_powers,221.42,410.21,1382.76,middle_east,631.63,0.4567893199109028
5242,1916,1919,russia,allied_powers,243.75,90.93,1135.25,naval,334.68,0.2948073111649416
5243,1917,1919,austria-hungary,central_powers,258.11,505.81,884.09,africa,763.9200000000001,0.8640749244986371
5244,1917,1919,united_kingdom,allied_powers,611.32,243.89,1282.33,air,855.21,0.6669188118503038
5245,1915,1919,united_kingdom,allied_powers,523.83,358.58,2158.0,balkans,882.4100000000001,0.4089017608897127
5246,1915,1918,russia,allied_powers,64.23,8.4,2720.13,air,72.63000000000001,0.0267009297349759
5247,1914,1918,germany,central_powers,235.41,237.46,893.43,eastern_front,472.87,0.5292748172772349
5248,1915,1918,united_kingdom,allied_powers,275.31,229.48,2222.94,italian_front,504.79,0.2270821524647538
5249,1914,1919,united_states,allied_powers,163.7,17.56,1622.87,africa,181.26,0.1116910165324394
5250,1915,1919,germany,central_powers,174.08,302.23,1565.55,eastern_front,476.31000000000006,0.3042445147072914
5251,1915,1919,united_kingdom,allied_powers,363.33,462.1,983.72,italian_front,825.4300000000001,0.8390903915748384
5252,1915,1919,germany,central_powers,11.71,82.72,2481.97,africa,94.43,0.038046390568782
5253,1914,1919,germany,central_powers,135.97,297.86,154.61,naval,433.83,2.8059633917599123
5254,1915,1919,ottoman_empire,central_powers,278.6,369.84,1256.52,western_front,648.44,0.5160602298411486
5255,1916,1919,united_states,allied_powers,170.78,468.09,2605.55,africa,638.87,0.2451958319740553
5256,1915,1918,serbia,allied_powers,198.72,377.02,2538.33,middle_east,575.74,0.2268184199847931
5257,1917,1918,serbia,allied_powers,367.39,1.59,2271.96,middle_east,368.98,0.1624060282751456
5258,1914,1918,germany,central_powers,102.31,402.58,2613.35,italian_front,504.89,0.1931964719612757
5259,1914,1918,russia,allied_powers,649.38,452.25,407.17,balkans,1101.63,2.705577522901982
5260,1915,1919,germany,central_powers,210.88,22.22,455.63,eastern_front,233.1,0.5115993240129052
5261,1914,1918,russia,allied_powers,867.56,0.54,1851.52,eastern_front,868.0999999999999,0.4688580193570687
5262,1915,1918,italy,allied_powers,640.81,371.61,948.77,middle_east,1012.42,1.0670868598290415
5263,1917,1918,russia,allied_powers,598.45,356.95,1983.63,air,955.4,0.4816422417487132
5264,1915,1918,united_kingdom,allied_powers,601.24,66.26,2776.73,naval,667.5,0.2403906753627468
5265,1914,1919,ottoman_empire,central_powers,583.24,18.3,125.61,middle_east,601.54,4.788949924369079
5266,1917,1918,germany,central_powers,875.96,366.14,435.9,naval,1242.1,2.849506767607249
5267,1916,1919,united_states,allied_powers,645.38,528.27,1305.63,africa,1173.65,0.8989147001830534
5268,1916,1919,russia,allied_powers,313.99,346.13,435.27,western_front,660.12,1.5165759183954788
5269,1915,1919,united_states,allied_powers,15.69,333.91,2606.55,air,349.6,0.1341236500354875
5270,1917,1918,germany,central_powers,489.26,207.11,183.05,italian_front,696.37,3.804261130838568
5271,1914,1919,italy,allied_powers,91.15,478.11,2257.99,naval,569.26,0.2521091767456898
5272,1916,1918,united_kingdom,allied_powers,299.76,387.11,1849.05,western_front,686.87,0.3714718368892133
5273,1916,1919,ottoman_empire,central_powers,551.7,276.89,333.46,western_front,828.59,2.484825766208841
5274,1915,1919,russia,allied_powers,244.29,599.01,714.7,eastern_front,843.3,1.1799356373303482
5275,1914,1918,belgium,allied_powers,586.96,126.01,198.65,naval,712.97,3.5890762647873142
5276,1915,1918,austria-hungary,central_powers,553.31,6.35,607.89,africa,559.66,0.920659987826745
5277,1916,1919,france,allied_powers,734.02,448.26,2111.73,africa,1182.28,0.5598632400922466
5278,1916,1919,serbia,allied_powers,252.74,219.47,2824.82,italian_front,472.21,0.1671646334987716
5279,1915,1918,serbia,allied_powers,836.24,350.41,2715.88,eastern_front,1186.65,0.436930203101757
5280,1915,1918,austria-hungary,central_powers,395.04,577.06,2706.04,africa,972.1,0.3592334185747439
5281,1914,1919,united_kingdom,allied_powers,869.13,522.18,2918.7,africa,1391.31,0.4766882516188714
5282,1914,1919,belgium,allied_powers,13.04,432.8,1042.46,balkans,445.84,0.4276806783953341
5283,1915,1918,ottoman_empire,central_powers,220.92,63.62,296.38,eastern_front,284.54,0.9600512855118428
5284,1916,1919,russia,allied_powers,44.48,408.14,2470.36,balkans,452.62,0.1832202593953917
5285,1914,1918,austria-hungary,central_powers,413.15,537.4,1127.21,africa,950.55,0.8432767629811658
5286,1914,1919,russia,allied_powers,557.51,587.53,2085.91,naval,1145.04,0.5489402706732314
5287,1915,1919,austria-hungary,central_powers,591.4,73.97,2466.71,air,665.37,0.26973985592145
5288,1917,1919,austria-hungary,central_powers,358.31,146.55,1104.82,air,504.86,0.4569613149653337
5289,1914,1918,serbia,allied_powers,414.16,234.39,715.15,western_front,648.55,0.9068726840522968
5290,1917,1918,austria-hungary,central_powers,381.36,550.52,1534.57,balkans,931.88,0.6072580592609005
5291,1915,1918,united_states,allied_powers,568.13,41.99,2223.75,air,610.12,0.2743653738055087
5292,1914,1918,belgium,allied_powers,430.6,463.62,183.11,western_front,894.22,4.883512642673803
5293,1914,1918,ottoman_empire,central_powers,828.63,366.77,2665.23,africa,1195.4,0.4485166383389051
5294,1916,1919,ottoman_empire,central_powers,869.02,401.26,1144.29,middle_east,1270.28,1.110103208102841
5295,1914,1918,germany,central_powers,118.12,468.16,1243.98,naval,586.28,0.4712937507033874
5296,1915,1918,ottoman_empire,central_powers,673.26,202.31,1333.97,air,875.5699999999999,0.6563640861488639
5297,1917,1918,united_states,allied_powers,682.23,556.28,2015.5,air,1238.51,0.6144926817166956
5298,1917,1918,ottoman_empire,central_powers,318.02,481.15,2969.98,middle_east,799.17,0.2690826200849837
5299,1914,1918,france,allied_powers,736.1,153.61,2749.11,italian_front,889.71,0.3236356493556096
5300,1915,1919,united_states,allied_powers,244.52,430.82,592.41,middle_east,675.34,1.139987508651103
5301,1914,1918,belgium,allied_powers,867.42,146.93,1582.16,africa,1014.35,0.6411172068564494
5302,1915,1918,ottoman_empire,central_powers,9.51,116.37,782.92,africa,125.88,0.1607827108772288
5303,1914,1918,ottoman_empire,central_powers,362.93,110.06,2983.29,naval,472.99,0.1585464369873529
5304,1914,1918,united_kingdom,allied_powers,748.41,353.19,2630.38,western_front,1101.6,0.4187988047354374
5305,1914,1919,austria-hungary,central_powers,838.65,45.09,1247.01,western_front,883.74,0.7086871797339236
5306,1917,1918,belgium,allied_powers,175.24,561.4,310.04,africa,736.64,2.3759514901303054
5307,1914,1918,austria-hungary,central_powers,470.98,427.09,1112.64,africa,898.0699999999999,0.8071523583549035
5308,1915,1919,belgium,allied_powers,538.94,85.8,1725.83,eastern_front,624.74,0.36199393914812
5309,1916,1919,italy,allied_powers,816.23,121.75,233.44,africa,937.98,4.01807745030843
5310,1916,1918,austria-hungary,central_powers,714.13,267.4,1576.95,naval,981.53,0.6224230318018961
5311,1917,1919,russia,allied_powers,323.48,83.4,2753.99,balkans,406.88,0.1477420034204917
5312,1917,1918,russia,allied_powers,679.01,119.6,2622.92,eastern_front,798.61,0.3044736400652708
5313,1915,1919,united_kingdom,allied_powers,714.2,197.89,149.95,africa,912.09,6.082627542514172
5314,1917,1918,italy,allied_powers,166.59,511.87,822.55,italian_front,678.46,0.82482523858732
5315,1914,1918,united_states,allied_powers,555.64,492.17,696.64,western_front,1047.81,1.5040910656867248
5316,1915,1919,united_kingdom,allied_powers,884.72,222.34,963.49,italian_front,1107.06,1.1490103685559787
5317,1914,1919,united_states,allied_powers,14.5,576.1,1752.6,naval,590.6,0.3369850507816957
5318,1917,1919,italy,allied_powers,691.87,167.01,2861.57,middle_east,858.88,0.3001429285322393
5319,1914,1919,russia,allied_powers,17.98,407.5,289.25,naval,425.48,1.4709766637856525
5320,1915,1918,united_kingdom,allied_powers,801.52,298.45,1310.46,italian_front,1099.97,0.8393770126520459
5321,1914,1919,italy,allied_powers,187.33,448.13,2910.32,western_front,635.46,0.2183471233403887
5322,1916,1918,austria-hungary,central_powers,297.75,583.65,344.11,middle_east,881.4,2.561390253116736
5323,1915,1918,austria-hungary,central_powers,570.19,297.59,1071.2,eastern_front,867.78,0.8101008215085884
5324,1916,1919,ottoman_empire,central_powers,478.34,369.64,210.65,naval,847.98,4.025539995252789
5325,1914,1918,austria-hungary,central_powers,764.25,161.62,1547.34,air,925.87,0.5983623508731113
5326,1915,1919,austria-hungary,central_powers,809.83,454.04,2353.25,air,1263.87,0.5370742590035058
5327,1916,1919,france,allied_powers,523.69,140.43,1654.62,middle_east,664.1200000000001,0.4013731249471178
5328,1917,1919,france,allied_powers,684.87,255.63,196.12,balkans,940.5,4.79553334693045
5329,1917,1919,serbia,allied_powers,783.8,459.99,1381.74,balkans,1243.79,0.9001621144354219
5330,1916,1918,serbia,allied_powers,216.46,588.22,2263.16,air,804.6800000000001,0.3555559483200481
5331,1916,1918,italy,allied_powers,836.92,246.89,792.74,balkans,1083.81,1.367169563791407
5332,1914,1919,italy,allied_powers,226.08,472.42,1777.95,air,698.5,0.3928681908940071
5333,1914,1919,austria-hungary,central_powers,515.06,58.48,1544.75,western_front,573.54,0.3712833791875707
5334,1914,1919,belgium,allied_powers,727.0,437.77,2418.46,air,1164.77,0.4816164005193387
5335,1914,1919,france,allied_powers,94.24,299.63,1677.39,africa,393.87,0.2348112245810455
5336,1914,1918,ottoman_empire,central_powers,791.86,247.23,575.83,africa,1039.09,1.8045082750117216
5337,1915,1919,italy,allied_powers,302.36,331.21,1286.3,air,633.5699999999999,0.4925522817383191
5338,1914,1918,france,allied_powers,250.27,337.25,292.01,italian_front,587.52,2.0119858908941475
5339,1916,1919,france,allied_powers,535.31,307.86,2087.05,eastern_front,843.17,0.4040008624613688
5340,1914,1918,france,allied_powers,336.97,251.56,2924.95,balkans,588.53,0.2012102770987538
5341,1914,1919,germany,central_powers,708.19,110.49,854.36,air,818.6800000000001,0.9582377452127908
5342,1914,1918,italy,allied_powers,352.11,446.84,2526.35,naval,798.95,0.3162467591584698
5343,1914,1918,united_states,allied_powers,751.11,230.61,393.09,middle_east,981.72,2.497443333587728
5344,1914,1919,belgium,allied_powers,792.56,67.22,1579.48,italian_front,859.78,0.5443437080558158
5345,1915,1919,germany,central_powers,577.37,492.72,2021.04,middle_east,1070.09,0.5294749238016072
5346,1917,1919,austria-hungary,central_powers,766.28,557.61,1551.76,balkans,1323.89,0.8531538382224054
5347,1914,1919,serbia,allied_powers,453.83,233.49,1429.51,africa,687.3199999999999,0.4808081090723394
5348,1915,1919,austria-hungary,central_powers,899.28,127.92,1795.48,naval,1027.2,0.5721032815737296
5349,1915,1918,russia,allied_powers,867.35,395.44,2526.26,air,1262.79,0.4998654136945523
5350,1916,1919,germany,central_powers,469.3,84.71,1429.33,middle_east,554.01,0.3876011837714174
5351,1915,1918,belgium,allied_powers,735.59,154.69,864.41,africa,890.28,1.029927927719485
5352,1914,1918,germany,central_powers,403.17,21.84,1745.88,western_front,425.01,0.2434359749810983
5353,1916,1918,germany,central_powers,365.54,151.83,695.75,eastern_front,517.37,0.7436148041681638
5354,1915,1918,italy,allied_powers,331.01,249.03,1946.15,naval,580.04,0.2980448577961616
5355,1917,1918,france,allied_powers,509.81,549.0,2853.94,air,1058.81,0.3709993903165448
5356,1916,1918,united_states,allied_powers,230.16,123.92,324.38,italian_front,354.08,1.0915592823232012
5357,1914,1919,france,allied_powers,757.9,328.12,1528.63,naval,1086.02,0.7104531508605745
5358,1914,1919,germany,central_powers,542.22,280.17,838.6,eastern_front,822.3900000000001,0.980670164559981
5359,1916,1919,ottoman_empire,central_powers,685.65,6.24,194.12,eastern_front,691.89,3.564238615289512
5360,1914,1919,italy,allied_powers,464.8,482.2,163.43,western_front,947.0,5.7945297680964325
5361,1917,1918,russia,allied_powers,74.98,85.47,2588.59,middle_east,160.45,0.0619835508906393
5362,1915,1919,russia,allied_powers,651.6,538.44,1441.54,naval,1190.04,0.8255338041261429
5363,1914,1919,serbia,allied_powers,363.25,353.0,2689.32,naval,716.25,0.2663312658962116
5364,1915,1919,austria-hungary,central_powers,737.46,262.57,141.84,italian_front,1000.03,7.05040891144952
5365,1914,1918,france,allied_powers,352.17,312.67,1022.91,western_front,664.84,0.6499496534396966
5366,1916,1918,united_states,allied_powers,402.51,551.15,2591.9,naval,953.66,0.3679385778772329
5367,1914,1919,russia,allied_powers,109.28,295.2,633.18,eastern_front,404.48,0.6388072901860451
5368,1915,1918,austria-hungary,central_powers,699.09,529.13,1443.21,air,1228.22,0.8510334601340068
5369,1916,1918,united_states,allied_powers,317.34,110.14,2941.5,africa,427.48,0.1453272140064593
5370,1914,1919,austria-hungary,central_powers,553.04,70.82,2039.68,western_front,623.8599999999999,0.3058617037966739
5371,1917,1919,italy,allied_powers,619.93,549.17,51.61,naval,1169.1,22.652586708002325
5372,1916,1918,russia,allied_powers,193.94,124.98,2713.14,air,318.92,0.1175464590843082
5373,1915,1919,serbia,allied_powers,651.54,72.68,2756.39,middle_east,724.22,0.2627422099194961
5374,1916,1918,united_kingdom,allied_powers,522.23,466.02,2974.19,naval,988.25,0.3322753421940091
5375,1916,1918,united_kingdom,allied_powers,830.57,213.1,1547.38,italian_front,1043.67,0.6744755651488322
5376,1916,1918,united_states,allied_powers,499.44,235.51,1524.28,eastern_front,734.95,0.4821620699608996
5377,1917,1919,ottoman_empire,central_powers,6.65,432.23,1735.83,italian_front,438.88,0.2528358191758409
5378,1914,1919,serbia,allied_powers,887.91,196.89,2402.09,middle_east,1084.8,0.4516067258096074
5379,1916,1918,russia,allied_powers,378.43,470.3,525.51,naval,848.73,1.6150596563338473
5380,1916,1918,united_states,allied_powers,876.02,372.25,1121.83,western_front,1248.27,1.11270869917902
5381,1917,1919,belgium,allied_powers,502.44,187.23,1753.46,middle_east,689.67,0.3933194940289484
5382,1914,1919,france,allied_powers,269.77,447.41,2084.6,middle_east,717.1800000000001,0.3440372253669769
5383,1915,1919,united_kingdom,allied_powers,410.15,509.15,2557.91,air,919.3,0.3593949748036483
5384,1915,1919,france,allied_powers,607.0,325.37,1406.51,africa,932.37,0.6628961045424491
5385,1917,1919,belgium,allied_powers,744.13,56.93,984.1,africa,801.06,0.8140026420079259
5386,1915,1918,germany,central_powers,20.55,175.74,574.83,western_front,196.29,0.3414748708313762
5387,1915,1919,france,allied_powers,164.23,302.13,2017.99,eastern_front,466.36,0.2311012443074544
5388,1914,1918,serbia,allied_powers,750.14,459.69,210.9,naval,1209.83,5.73651019440493
5389,1915,1918,belgium,allied_powers,630.44,265.28,565.09,naval,895.72,1.5850926401104248
5390,1915,1919,belgium,allied_powers,115.57,10.9,2087.31,balkans,126.47,0.0605899459112446
5391,1914,1918,belgium,allied_powers,799.82,550.74,771.07,eastern_front,1350.56,1.7515400676981336
5392,1914,1918,france,allied_powers,238.26,119.69,2335.76,italian_front,357.95,0.1532477651813542
5393,1914,1918,united_states,allied_powers,299.99,544.79,188.95,eastern_front,844.78,4.470918232336597
5394,1914,1918,italy,allied_powers,26.29,482.2,1901.94,air,508.49,0.2673533339642681
5395,1916,1918,germany,central_powers,653.14,206.47,2525.53,middle_east,859.61,0.3403681603465411
5396,1916,1918,united_states,allied_powers,176.41,33.46,1480.8,italian_front,209.87,0.1417274446245273
5397,1914,1919,france,allied_powers,84.83,165.88,376.95,balkans,250.71,0.6651014723438121
5398,1914,1919,france,allied_powers,509.85,333.55,2391.63,africa,843.4000000000001,0.3526465214100843
5399,1916,1918,italy,allied_powers,864.52,447.15,938.47,italian_front,1311.67,1.397668545611474
5400,1914,1919,russia,allied_powers,429.35,8.6,2331.96,italian_front,437.9500000000001,0.1878033928540798
5401,1915,1919,ottoman_empire,central_powers,759.35,591.34,2810.01,naval,1350.69,0.480670887292216
5402,1914,1918,united_states,allied_powers,77.29,589.06,1355.4,africa,666.3499999999999,0.4916260882396339
5403,1917,1918,united_kingdom,allied_powers,93.97,20.72,559.01,air,114.69,0.2051662760952398
5404,1915,1919,belgium,allied_powers,773.57,39.77,1886.65,balkans,813.34,0.4311027482574934
5405,1917,1919,serbia,allied_powers,56.82,312.67,773.85,eastern_front,369.49,0.4774697938877043
5406,1917,1919,austria-hungary,central_powers,214.04,354.64,878.09,eastern_front,568.68,0.647632930565204
5407,1915,1919,france,allied_powers,868.09,313.62,2158.0,balkans,1181.71,0.5475949953660797
5408,1916,1919,italy,allied_powers,516.87,506.65,1870.73,eastern_front,1023.52,0.5471233154971589
5409,1917,1918,belgium,allied_powers,544.7,496.3,1264.2,balkans,1041.0,0.8234456573327005
5410,1915,1918,united_states,allied_powers,400.95,480.59,1645.82,eastern_front,881.54,0.5356235797353295
5411,1915,1918,united_states,allied_powers,127.56,192.07,931.46,western_front,319.63,0.34314946428188
5412,1917,1918,serbia,allied_powers,368.06,230.82,1214.75,africa,598.88,0.493006791520889
5413,1914,1918,germany,central_powers,469.28,450.44,1392.68,africa,919.72,0.6603957836688974
5414,1917,1918,serbia,allied_powers,156.85,161.31,405.94,middle_east,318.16,0.7837611469675321
5415,1915,1919,united_kingdom,allied_powers,761.43,197.52,711.81,air,958.95,1.3471993930964723
5416,1915,1919,austria-hungary,central_powers,18.58,317.18,2235.52,eastern_front,335.76,0.1501932436301173
5417,1914,1918,austria-hungary,central_powers,109.11,207.03,1166.1,air,316.14,0.2711088242860818
5418,1914,1919,united_states,allied_powers,499.71,133.35,1556.4,western_front,633.06,0.40674633770239
5419,1914,1918,germany,central_powers,819.39,484.36,1243.36,italian_front,1303.75,1.048570003860507
5420,1917,1919,italy,allied_powers,94.48,453.97,1328.15,africa,548.45,0.4129428151940669
5421,1914,1918,russia,allied_powers,309.11,473.14,1372.46,naval,782.25,0.5699619661046588
5422,1915,1918,france,allied_powers,8.18,554.55,1916.81,eastern_front,562.7299999999999,0.2935763064675163
5423,1914,1918,france,allied_powers,53.84,413.38,2092.72,africa,467.22,0.2232596811804733
5424,1917,1919,belgium,allied_powers,797.8,492.07,2420.22,africa,1289.87,0.5329556817148854
5425,1917,1918,italy,allied_powers,802.96,206.85,833.58,italian_front,1009.81,1.2114134216271983
5426,1917,1918,united_kingdom,allied_powers,860.98,162.2,2001.3,naval,1023.18,0.5112576825063709
5427,1915,1919,united_kingdom,allied_powers,411.58,65.4,975.74,africa,476.98,0.4888392399614651
5428,1915,1919,russia,allied_powers,62.61,254.75,1583.44,air,317.36,0.2004243924619815
5429,1915,1919,russia,allied_powers,4.0,73.95,2894.41,africa,77.95,0.0269312225980424
5430,1917,1918,serbia,allied_powers,367.33,571.93,2349.45,italian_front,939.26,0.3997786716039924
5431,1917,1919,france,allied_powers,92.57,428.33,1623.05,naval,520.9,0.3209389729213517
5432,1915,1918,united_states,allied_powers,490.94,84.02,1202.03,eastern_front,574.96,0.4783241682819896
5433,1914,1918,ottoman_empire,central_powers,757.68,530.69,1104.15,naval,1288.37,1.166843273106009
5434,1914,1919,united_kingdom,allied_powers,743.17,160.58,2827.02,italian_front,903.75,0.3196829169938663
5435,1917,1919,france,allied_powers,270.16,331.59,2559.01,eastern_front,601.75,0.2351495304824912
5436,1916,1919,russia,allied_powers,626.23,372.86,780.29,italian_front,999.09,1.2804085660459574
5437,1914,1918,ottoman_empire,central_powers,652.68,107.64,98.25,italian_front,760.3199999999999,7.738625954198473
5438,1914,1918,ottoman_empire,central_powers,676.47,354.39,2466.49,balkans,1030.86,0.4179461501972439
5439,1915,1919,austria-hungary,central_powers,441.83,101.94,905.15,air,543.77,0.6007512566977848
5440,1916,1919,united_states,allied_powers,892.14,412.31,175.31,naval,1304.45,7.440819120415265
5441,1917,1919,france,allied_powers,883.64,354.2,2534.54,eastern_front,1237.84,0.4883884255131108
5442,1915,1919,austria-hungary,central_powers,37.06,7.16,544.25,balkans,44.22,0.0812494258153422
5443,1916,1919,united_kingdom,allied_powers,397.45,587.65,310.16,eastern_front,985.1,3.176102656693319
5444,1917,1918,russia,allied_powers,571.37,284.66,1341.67,middle_east,856.03,0.6380331974330498
5445,1915,1918,serbia,allied_powers,47.07,301.51,936.84,air,348.58,0.3720806114171043
5446,1916,1918,austria-hungary,central_powers,61.0,317.63,61.85,middle_east,378.63,6.1217461600646725
5447,1914,1918,ottoman_empire,central_powers,194.05,476.2,1496.71,naval,670.25,0.4478155420889818
5448,1917,1918,united_states,allied_powers,64.38,223.57,1704.99,air,287.95,0.1688866210359005
5449,1915,1919,austria-hungary,central_powers,257.82,304.66,1013.86,western_front,562.48,0.5547906022527765
5450,1917,1919,united_kingdom,allied_powers,65.88,219.98,122.5,italian_front,285.86,2.3335510204081635
5451,1914,1919,united_states,allied_powers,22.49,503.69,2210.65,eastern_front,526.18,0.2380204917105828
5452,1915,1918,germany,central_powers,452.49,74.71,2707.85,italian_front,527.2,0.1946932067876729
5453,1914,1918,russia,allied_powers,348.61,322.19,2194.64,air,670.8,0.3056537746509678
5454,1917,1919,italy,allied_powers,427.03,83.58,873.76,western_front,510.61,0.5843824391137153
5455,1915,1918,austria-hungary,central_powers,135.16,518.65,1942.93,italian_front,653.81,0.3365072339199044
5456,1915,1919,germany,central_powers,135.8,267.58,1157.64,western_front,403.38,0.3484502954286306
5457,1916,1919,russia,allied_powers,561.22,483.17,2415.26,eastern_front,1044.39,0.4324130735407368
5458,1915,1919,france,allied_powers,540.0,588.71,1100.8,italian_front,1128.71,1.0253542877906978
5459,1915,1918,serbia,allied_powers,530.22,461.12,1872.56,italian_front,991.34,0.5294035972145085
5460,1915,1918,united_states,allied_powers,331.6,50.25,2821.31,naval,381.85,0.1353449284197766
5461,1916,1919,germany,central_powers,813.52,278.23,706.36,middle_east,1091.75,1.5455999773486606
5462,1915,1918,belgium,allied_powers,183.32,404.21,1147.15,balkans,587.53,0.5121649304798849
5463,1916,1918,france,allied_powers,778.63,584.82,1023.2,balkans,1363.45,1.3325351837372947
5464,1916,1919,united_states,allied_powers,755.5,21.44,1459.18,naval,776.94,0.5324497320412834
5465,1914,1918,russia,allied_powers,356.52,463.57,1977.53,balkans,820.0899999999999,0.4147042017061688
5466,1915,1919,united_kingdom,allied_powers,656.11,50.36,2691.3,middle_east,706.47,0.2625013933786645
5467,1915,1918,united_kingdom,allied_powers,878.63,273.32,2893.18,italian_front,1151.95,0.3981605015934024
5468,1917,1918,belgium,allied_powers,379.66,0.94,1467.81,naval,380.6,0.2592978655275547
5469,1916,1919,italy,allied_powers,505.08,59.62,548.71,balkans,564.6999999999999,1.0291410763426945
5470,1914,1918,serbia,allied_powers,275.37,390.01,1601.76,western_front,665.38,0.4154055538907202
5471,1915,1918,russia,allied_powers,556.3,233.44,905.15,air,789.74,0.8724962713362426
5472,1915,1918,united_kingdom,allied_powers,753.36,468.34,644.61,eastern_front,1221.7,1.8952544949659484
5473,1914,1918,austria-hungary,central_powers,882.74,203.7,2984.22,naval,1086.44,0.3640616308449109
5474,1916,1919,russia,allied_powers,374.4,225.23,2807.51,africa,599.63,0.2135807174328853
5475,1914,1918,austria-hungary,central_powers,3.79,112.8,1277.79,western_front,116.59,0.0912434750624124
5476,1916,1918,austria-hungary,central_powers,414.11,71.06,2662.37,eastern_front,485.17,0.1822323719092387
5477,1915,1918,austria-hungary,central_powers,146.0,526.39,2464.6,italian_front,672.39,0.2728191187210906
5478,1914,1918,germany,central_powers,561.79,568.82,2151.63,western_front,1130.61,0.5254667391698387
5479,1914,1918,france,allied_powers,823.39,583.57,2561.48,eastern_front,1406.96,0.5492761996970501
5480,1916,1919,germany,central_powers,523.87,404.09,2856.11,western_front,927.96,0.3249034525981142
5481,1915,1918,serbia,allied_powers,301.33,46.5,2195.5,western_front,347.83,0.1584286039626508
5482,1917,1919,united_states,allied_powers,233.43,517.86,2337.92,balkans,751.29,0.3213497467834656
5483,1917,1918,germany,central_powers,819.22,223.78,1765.62,balkans,1043.0,0.5907273365729886
5484,1915,1918,serbia,allied_powers,893.19,5.95,2969.16,air,899.1400000000001,0.3028263886082259
5485,1917,1919,united_states,allied_powers,419.17,91.62,2666.35,balkans,510.79,0.1915689988186097
5486,1916,1918,serbia,allied_powers,400.08,20.07,2476.0,naval,420.15,0.1696890145395799
5487,1914,1918,united_states,allied_powers,468.12,104.4,2033.73,italian_front,572.52,0.281512295142423
5488,1915,1918,germany,central_powers,742.04,545.19,436.82,middle_east,1287.23,2.9468202005402686
5489,1914,1919,russia,allied_powers,327.59,493.57,2363.08,middle_east,821.16,0.347495641281717
5490,1917,1918,france,allied_powers,233.02,181.43,417.92,italian_front,414.4500000000001,0.991696975497703
5491,1915,1918,ottoman_empire,central_powers,371.31,234.18,2843.21,balkans,605.49,0.2129599994372557
5492,1917,1919,france,allied_powers,401.42,530.01,2007.17,middle_east,931.43,0.4640513758176935
5493,1917,1919,ottoman_empire,central_powers,272.6,256.98,514.93,africa,529.58,1.028450468995786
5494,1914,1918,united_states,allied_powers,370.12,585.14,869.39,italian_front,955.26,1.0987704022360505
5495,1916,1919,russia,allied_powers,266.13,271.58,1697.56,air,537.71,0.3167546360658828
5496,1915,1919,italy,allied_powers,873.58,444.8,1590.59,naval,1318.38,0.8288622460847863
5497,1916,1918,ottoman_empire,central_powers,205.34,525.44,517.24,western_front,730.7800000000001,1.4128451009202692
5498,1917,1918,united_states,allied_powers,496.01,532.45,2430.85,naval,1028.46,0.4230865746549561
5499,1914,1918,russia,allied_powers,44.83,474.61,1417.72,western_front,519.44,0.3663911068476145
5500,1915,1918,germany,central_powers,452.85,185.66,2574.68,africa,638.51,0.2479958674476051
5501,1914,1919,france,allied_powers,111.97,230.84,258.96,italian_front,342.81,1.3237951807228916
5502,1914,1919,ottoman_empire,central_powers,635.73,260.04,1927.31,naval,895.77,0.4647773321365011
5503,1917,1919,ottoman_empire,central_powers,783.2,150.42,1455.51,eastern_front,933.62,0.641438396163544
5504,1915,1918,italy,allied_powers,212.79,270.19,2829.83,middle_east,482.98,0.1706745634896796
5505,1914,1918,italy,allied_powers,366.75,358.56,2426.73,africa,725.31,0.2988836829808013
5506,1915,1918,italy,allied_powers,851.33,568.36,2910.11,italian_front,1419.69,0.487847538409201
5507,1915,1918,ottoman_empire,central_powers,117.37,481.87,1908.38,balkans,599.24,0.3140045483603894
5508,1915,1919,russia,allied_powers,391.5,365.56,1354.57,naval,757.06,0.5588932281092893
5509,1914,1919,united_kingdom,allied_powers,303.64,355.24,747.57,naval,658.88,0.8813622804553419
5510,1915,1919,ottoman_empire,central_powers,328.23,26.67,2381.49,middle_east,354.90000000000003,0.1490243503017019
5511,1915,1919,italy,allied_powers,826.95,267.55,948.7,italian_front,1094.5,1.1536839886160009
5512,1916,1918,ottoman_empire,central_powers,209.69,140.15,88.95,western_front,349.84000000000003,3.932996065205172
5513,1915,1918,russia,allied_powers,181.46,194.05,2398.88,balkans,375.51,0.1565355499232975
5514,1915,1918,austria-hungary,central_powers,240.92,225.01,1556.56,italian_front,465.93,0.2993331448835894
5515,1917,1918,belgium,allied_powers,496.87,197.05,2804.22,africa,693.9200000000001,0.2474556204577387
5516,1916,1918,serbia,allied_powers,395.54,416.68,1851.09,air,812.22,0.4387793138097013
5517,1914,1918,united_kingdom,allied_powers,28.55,417.8,1616.39,africa,446.35,0.2761400404605324
5518,1917,1918,united_kingdom,allied_powers,439.89,365.42,2456.71,middle_east,805.31,0.3278001880563843
5519,1914,1918,serbia,allied_powers,826.51,452.95,1293.21,eastern_front,1279.46,0.9893675427811416
5520,1917,1918,italy,allied_powers,63.34,186.59,1264.59,eastern_front,249.93,0.1976371788484805
5521,1914,1918,ottoman_empire,central_powers,452.21,377.99,566.32,africa,830.2,1.465955643452465
5522,1916,1919,serbia,allied_powers,469.8,531.72,670.86,middle_east,1001.52,1.492889723638315
5523,1914,1919,russia,allied_powers,617.5,576.72,2465.06,middle_east,1194.22,0.4844587961347797
5524,1914,1919,france,allied_powers,121.41,582.32,1849.73,eastern_front,703.73,0.3804501197472063
5525,1916,1918,germany,central_powers,567.52,460.77,670.7,balkans,1028.29,1.5331593857164156
5526,1917,1918,belgium,allied_powers,561.87,566.49,2792.17,air,1128.36,0.4041157952416938
5527,1916,1918,serbia,allied_powers,110.34,39.77,2808.22,italian_front,150.11,0.0534537892330373
5528,1916,1919,austria-hungary,central_powers,659.24,412.28,2316.3,air,1071.52,0.4625998359452575
5529,1915,1918,italy,allied_powers,524.71,523.29,964.38,naval,1048.0,1.0867085588668368
5530,1914,1918,belgium,allied_powers,244.04,46.48,1342.71,balkans,290.52,0.216368389302232
5531,1917,1919,united_states,allied_powers,5.07,4.16,542.24,middle_east,9.23,0.017021982885807
5532,1914,1919,serbia,allied_powers,732.58,34.02,389.49,balkans,766.6,1.9682148450537884
5533,1917,1918,germany,central_powers,95.12,344.75,2654.95,air,439.87,0.1656792029981732
5534,1914,1918,italy,allied_powers,597.86,255.7,2657.89,naval,853.56,0.321141958470817
5535,1915,1919,ottoman_empire,central_powers,409.69,480.58,1362.71,air,890.27,0.6533084808946877
5536,1916,1919,ottoman_empire,central_powers,752.8,324.16,1791.99,balkans,1076.96,0.6009854965708514
5537,1915,1918,serbia,allied_powers,47.34,15.44,920.43,africa,62.78,0.068207250958791
5538,1916,1919,france,allied_powers,740.16,465.69,393.64,air,1205.85,3.063331978457473
5539,1914,1918,united_kingdom,allied_powers,208.59,331.16,2110.15,western_front,539.75,0.2557875032580622
5540,1917,1918,united_states,allied_powers,510.73,114.95,254.11,africa,625.6800000000001,2.462240761874779
5541,1916,1918,united_states,allied_powers,584.16,89.61,1480.9,air,673.77,0.4549733270308596
5542,1914,1919,serbia,allied_powers,109.75,463.21,2108.65,balkans,572.96,0.2717188722642449
5543,1914,1918,belgium,allied_powers,85.48,410.61,335.94,italian_front,496.09,1.4767220336964937
5544,1917,1919,serbia,allied_powers,150.31,562.39,798.59,eastern_front,712.7,0.8924479394933571
5545,1917,1919,belgium,allied_powers,290.68,195.77,863.02,naval,486.4500000000001,0.5636601701003454
5546,1917,1919,united_kingdom,allied_powers,172.24,266.5,1203.31,italian_front,438.74,0.3646109481347284
5547,1914,1918,belgium,allied_powers,846.53,473.38,1510.32,africa,1319.91,0.8739273796281583
5548,1917,1918,austria-hungary,central_powers,357.48,540.97,2512.51,naval,898.45,0.35759061655476
5549,1914,1918,ottoman_empire,central_powers,859.42,365.64,1358.14,western_front,1225.06,0.9020130472558056
5550,1914,1919,italy,allied_powers,119.15,59.07,1246.06,eastern_front,178.22,0.1430268205383368
5551,1916,1919,united_kingdom,allied_powers,600.55,432.48,1034.58,air,1033.03,0.998501807496762
5552,1916,1918,italy,allied_powers,298.54,466.21,2622.29,air,764.75,0.2916344111444577
5553,1915,1918,germany,central_powers,793.23,447.55,882.13,western_front,1240.78,1.4065727273757835
5554,1916,1918,germany,central_powers,514.85,70.13,2005.59,eastern_front,584.98,0.2916747690205875
5555,1916,1918,united_states,allied_powers,561.86,544.48,1723.53,eastern_front,1106.34,0.6419035351865069
5556,1916,1918,serbia,allied_powers,797.97,502.76,1381.75,eastern_front,1300.73,0.9413642120499368
5557,1914,1919,united_states,allied_powers,690.95,278.23,471.95,balkans,969.18,2.05356499629198
5558,1917,1918,germany,central_powers,841.41,441.1,1482.65,western_front,1282.51,0.865011971807237
5559,1915,1919,ottoman_empire,central_powers,585.84,569.81,1210.88,western_front,1155.65,0.9543885438689218
5560,1916,1919,russia,allied_powers,462.12,437.74,619.02,air,899.86,1.4536848567089915
5561,1916,1919,belgium,allied_powers,423.34,192.17,2390.36,italian_front,615.51,0.2574967787278903
5562,1915,1918,ottoman_empire,central_powers,183.42,300.3,696.9,eastern_front,483.72,0.6941024537236333
5563,1914,1919,belgium,allied_powers,348.17,553.97,1353.99,naval,902.14,0.6662826165628993
5564,1916,1918,serbia,allied_powers,544.82,61.86,2800.51,eastern_front,606.6800000000001,0.216631970605354
5565,1916,1918,united_states,allied_powers,627.05,43.86,2217.85,africa,670.91,0.3025046779538742
5566,1914,1919,france,allied_powers,169.42,182.61,2410.92,balkans,352.03,0.1460147993297164
5567,1915,1918,belgium,allied_powers,578.33,427.08,2818.43,naval,1005.41,0.3567269721085853
5568,1914,1918,united_kingdom,allied_powers,206.88,252.58,315.67,eastern_front,459.46,1.4555073336078816
5569,1917,1919,ottoman_empire,central_powers,361.65,294.06,2285.19,air,655.71,0.286938941619734
5570,1915,1919,united_kingdom,allied_powers,401.22,559.16,2969.11,africa,960.38,0.3234571976114054
5571,1915,1918,serbia,allied_powers,800.75,574.76,1839.87,africa,1375.51,0.747612603064347
5572,1914,1919,austria-hungary,central_powers,559.31,332.71,813.79,air,892.02,1.0961304513449417
5573,1914,1919,italy,allied_powers,488.16,554.97,1968.45,middle_east,1043.13,0.5299245599329422
5574,1915,1919,united_states,allied_powers,96.64,160.09,2047.83,air,256.73,0.125366851740623
5575,1916,1918,germany,central_powers,536.73,140.6,2168.34,air,677.33,0.3123725983932409
5576,1917,1918,austria-hungary,central_powers,106.71,41.07,2733.51,naval,147.78,0.0540623593840885
5577,1914,1918,united_states,allied_powers,340.42,546.97,613.79,italian_front,887.3900000000001,1.4457550628064977
5578,1917,1919,germany,central_powers,679.14,488.92,2986.37,air,1168.06,0.3911303689763827
5579,1917,1919,france,allied_powers,832.05,492.15,1053.88,balkans,1324.1999999999998,1.2564997912475802
5580,1916,1918,united_states,allied_powers,630.33,539.92,1247.97,middle_east,1170.25,0.9377228619277708
5581,1917,1919,italy,allied_powers,226.59,582.14,726.91,naval,808.73,1.1125586386210122
5582,1914,1918,serbia,allied_powers,300.86,121.78,2195.99,air,422.64,0.192459892804612
5583,1914,1918,ottoman_empire,central_powers,65.48,530.48,1898.59,middle_east,595.96,0.3138961018440001
5584,1915,1919,ottoman_empire,central_powers,881.56,285.16,113.91,balkans,1166.72,10.2424721271179
5585,1917,1918,belgium,allied_powers,808.18,566.52,2769.37,italian_front,1374.6999999999998,0.4963944868327453
5586,1915,1919,italy,allied_powers,435.51,418.55,2402.2,africa,854.06,0.3555324286071101
5587,1914,1918,austria-hungary,central_powers,667.16,247.86,2828.25,africa,915.02,0.32352868381508
5588,1917,1919,united_kingdom,allied_powers,446.39,164.29,343.75,italian_front,610.68,1.7765236363636363
5589,1917,1919,serbia,allied_powers,563.85,519.37,1738.23,middle_east,1083.22,0.623174148415342
5590,1914,1919,austria-hungary,central_powers,771.95,459.93,1231.65,middle_east,1231.88,1.000186741363212
5591,1914,1919,germany,central_powers,137.45,408.92,2919.49,western_front,546.37,0.1871457001051553
5592,1915,1919,austria-hungary,central_powers,770.73,540.31,2199.98,naval,1311.04,0.5959326902971845
5593,1914,1919,italy,allied_powers,344.39,179.64,1858.2,western_front,524.03,0.2820094715315897
5594,1915,1919,united_states,allied_powers,887.84,102.67,562.38,air,990.51,1.761282406913475
5595,1914,1919,united_states,allied_powers,485.39,339.07,1995.29,middle_east,824.46,0.4132030932846854
5596,1914,1918,belgium,allied_powers,286.36,420.47,1921.38,naval,706.83,0.3678762139712082
5597,1914,1918,germany,central_powers,136.39,471.62,1769.36,eastern_front,608.01,0.3436327259574083
5598,1915,1919,ottoman_empire,central_powers,363.43,107.11,1988.3,eastern_front,470.54,0.2366544284061761
5599,1917,1918,belgium,allied_powers,298.77,182.6,256.11,western_front,481.37,1.87954394596072
5600,1914,1918,germany,central_powers,789.95,516.94,1039.08,africa,1306.89,1.2577376140431922
5601,1917,1918,united_kingdom,allied_powers,825.74,82.27,1588.26,middle_east,908.01,0.5717011068716709
5602,1917,1918,serbia,allied_powers,141.45,17.09,2125.57,western_front,158.54,0.0745870519437139
5603,1916,1919,russia,allied_powers,131.6,459.9,366.7,middle_east,591.5,1.6130351786201256
5604,1916,1919,ottoman_empire,central_powers,454.27,105.55,986.99,naval,559.8199999999999,0.5671992624038743
5605,1917,1919,italy,allied_powers,35.19,34.53,1261.02,italian_front,69.72,0.0552885759147356
5606,1915,1918,france,allied_powers,40.01,500.77,2905.7,western_front,540.78,0.1861100595381491
5607,1916,1919,ottoman_empire,central_powers,292.51,61.81,2712.95,eastern_front,354.32,0.1306032178993346
5608,1915,1918,serbia,allied_powers,835.76,555.21,2346.83,italian_front,1390.97,0.5927016443457771
5609,1917,1919,france,allied_powers,326.54,535.65,1187.92,africa,862.19,0.725798033537612
5610,1917,1919,serbia,allied_powers,663.27,500.93,1396.88,middle_east,1164.2,0.8334287841475287
5611,1914,1919,serbia,allied_powers,537.25,463.77,230.29,eastern_front,1001.02,4.346780146771462
5612,1915,1919,italy,allied_powers,50.22,58.65,2565.6,naval,108.87,0.042434518241347
5613,1914,1918,germany,central_powers,369.85,554.92,1285.79,balkans,924.77,0.7192232013003679
5614,1917,1918,france,allied_powers,457.66,590.15,1887.26,naval,1047.81,0.5552017210135328
5615,1915,1919,germany,central_powers,693.13,316.55,1086.28,air,1009.68,0.9294841109106308
5616,1916,1918,united_states,allied_powers,597.93,32.19,1975.67,middle_east,630.1199999999999,0.3189399039313245
5617,1916,1918,serbia,allied_powers,220.65,292.92,1497.51,balkans,513.57,0.3429492958310796
5618,1916,1918,russia,allied_powers,841.47,391.53,2751.13,italian_front,1233.0,0.4481794753428591
5619,1914,1919,ottoman_empire,central_powers,711.98,390.09,1093.56,italian_front,1102.07,1.007781923259812
5620,1915,1918,austria-hungary,central_powers,676.33,242.73,1305.92,western_front,919.06,0.7037643959813771
5621,1917,1918,italy,allied_powers,686.47,592.09,777.09,air,1278.56,1.6453177881583856
5622,1915,1918,france,allied_powers,426.85,220.9,2125.59,middle_east,647.75,0.3047389195470434
5623,1917,1919,france,allied_powers,119.85,459.73,2387.68,italian_front,579.58,0.2427377202975273
5624,1915,1919,united_kingdom,allied_powers,171.98,370.33,1144.04,western_front,542.31,0.4740306282997097
5625,1915,1919,italy,allied_powers,266.15,84.85,78.21,naval,351.0,4.487917146144994
5626,1917,1919,united_states,allied_powers,33.41,237.54,2986.91,africa,270.95,0.0907124754344791
5627,1916,1918,russia,allied_powers,139.77,465.64,2996.08,naval,605.41,0.202067368027556
5628,1915,1918,austria-hungary,central_powers,221.11,286.37,851.9,middle_east,507.48,0.5957037210940251
5629,1915,1918,serbia,allied_powers,784.55,299.87,2707.19,africa,1084.42,0.4005703330759939
5630,1916,1918,belgium,allied_powers,148.08,494.92,2162.1,eastern_front,643.0,0.2973960501364414
5631,1916,1919,germany,central_powers,665.72,543.6,1330.38,balkans,1209.3200000000002,0.9090034426254152
5632,1914,1918,united_kingdom,allied_powers,423.59,46.16,1134.38,naval,469.75,0.4141028579488354
5633,1917,1919,united_kingdom,allied_powers,286.65,412.46,787.11,middle_east,699.1099999999999,0.8881985999415583
5634,1917,1919,germany,central_powers,149.56,380.76,2346.2,italian_front,530.3199999999999,0.2260335862245333
5635,1915,1919,austria-hungary,central_powers,526.61,110.39,2701.12,air,637.0,0.235828100935908
5636,1917,1919,germany,central_powers,683.12,38.35,899.24,middle_east,721.47,0.8023108402651128
5637,1914,1919,ottoman_empire,central_powers,351.42,194.05,724.9,africa,545.47,0.7524762036142917
5638,1916,1918,austria-hungary,central_powers,413.84,559.79,856.84,western_front,973.63,1.1363031604500256
5639,1916,1918,france,allied_powers,789.04,483.11,2469.75,eastern_front,1272.15,0.5150926207105982
5640,1917,1918,germany,central_powers,851.12,455.97,1745.24,air,1307.09,0.7489457037427518
5641,1915,1918,germany,central_powers,293.94,484.24,1976.39,balkans,778.1800000000001,0.3937380780109189
5642,1916,1919,italy,allied_powers,471.07,22.74,2360.71,eastern_front,493.81,0.2091785945753608
5643,1917,1919,belgium,allied_powers,283.79,125.71,781.98,naval,409.5,0.5236706821146321
5644,1915,1918,ottoman_empire,central_powers,315.2,340.65,967.15,naval,655.8499999999999,0.678126454014372
5645,1914,1919,united_kingdom,allied_powers,811.67,90.59,1416.65,middle_east,902.26,0.6368969046694667
5646,1914,1919,ottoman_empire,central_powers,116.64,112.25,2770.22,air,228.89,0.0826252066622867
5647,1917,1919,germany,central_powers,710.49,292.39,254.62,italian_front,1002.88,3.93873222841882
5648,1916,1918,belgium,allied_powers,145.61,87.87,424.71,air,233.48,0.5497398224670953
5649,1915,1918,belgium,allied_powers,455.1,397.09,1476.19,air,852.19,0.5772901862226407
5650,1917,1919,united_states,allied_powers,608.55,525.06,2673.62,naval,1133.61,0.423998174759315
5651,1917,1919,russia,allied_powers,399.58,73.95,2816.79,italian_front,473.53,0.1681097987425402
5652,1917,1919,germany,central_powers,892.23,290.14,479.64,western_front,1182.37,2.4651196730881493
5653,1916,1919,austria-hungary,central_powers,391.81,225.94,1892.11,western_front,617.75,0.3264873606714197
5654,1914,1919,united_states,allied_powers,305.54,439.56,862.99,air,745.1,0.8633935503308265
5655,1914,1918,united_kingdom,allied_powers,538.97,171.43,2187.54,balkans,710.4000000000001,0.3247483474587894
5656,1916,1918,serbia,allied_powers,564.15,458.57,2830.55,africa,1022.72,0.3613149387928141
5657,1914,1918,russia,allied_powers,782.34,30.9,564.7,western_front,813.24,1.4401275013281387
5658,1915,1918,belgium,allied_powers,566.82,125.33,631.45,eastern_front,692.1500000000001,1.0961279594583897
5659,1916,1919,russia,allied_powers,21.28,302.56,1877.12,air,323.84000000000003,0.1725196045005114
5660,1915,1918,united_kingdom,allied_powers,843.0,24.32,1791.71,air,867.32,0.4840738735621278
5661,1914,1919,russia,allied_powers,527.29,531.57,862.75,africa,1058.86,1.2273080266589396
5662,1914,1919,belgium,allied_powers,666.21,323.38,1163.61,middle_east,989.59,0.8504481742164471
5663,1917,1918,united_states,allied_powers,232.08,73.88,1302.45,italian_front,305.96000000000004,0.2349111290260662
5664,1915,1918,germany,central_powers,31.91,375.13,889.87,eastern_front,407.04,0.4574151280524122
5665,1916,1919,russia,allied_powers,479.17,539.53,748.11,italian_front,1018.7,1.361698145994573
5666,1914,1918,germany,central_powers,577.96,520.87,2230.1,balkans,1098.83,0.492726783552307
5667,1916,1918,united_states,allied_powers,295.15,88.72,1818.21,balkans,383.87,0.2111252275589728
5668,1915,1918,united_kingdom,allied_powers,177.58,409.36,2487.72,africa,586.94,0.2359349122891644
5669,1914,1918,belgium,allied_powers,564.27,40.23,1943.98,western_front,604.5,0.3109599893003014
5670,1916,1919,italy,allied_powers,549.38,321.49,1998.3,eastern_front,870.87,0.4358054346194265
5671,1914,1919,united_kingdom,allied_powers,641.98,360.56,2052.81,western_front,1002.54,0.4883744720651204
5672,1914,1918,germany,central_powers,315.39,595.96,2980.3,middle_east,911.35,0.3057913632855752
5673,1917,1919,united_states,allied_powers,848.54,101.65,2088.22,eastern_front,950.19,0.4550238959496605
5674,1915,1918,austria-hungary,central_powers,595.72,454.97,656.37,middle_east,1050.69,1.6007587184057772
5675,1914,1919,austria-hungary,central_powers,428.13,218.17,1323.78,italian_front,646.3,0.488223118645092
5676,1915,1918,ottoman_empire,central_powers,778.65,33.48,460.52,middle_east,812.13,1.7635064709458874
5677,1917,1918,france,allied_powers,673.09,234.14,885.2,eastern_front,907.23,1.0248870311793945
5678,1914,1919,austria-hungary,central_powers,324.05,225.51,2962.37,eastern_front,549.56,0.1855136259143861
5679,1917,1918,belgium,allied_powers,547.64,311.17,741.77,italian_front,858.81,1.1577847580786498
5680,1915,1919,united_kingdom,allied_powers,496.58,491.97,650.9,air,988.55,1.5187432785374098
5681,1914,1919,russia,allied_powers,451.03,512.37,2051.13,western_front,963.4,0.4696923159429192
5682,1916,1918,united_kingdom,allied_powers,425.81,122.84,2290.55,middle_east,548.65,0.2395276243696928
5683,1914,1919,germany,central_powers,594.86,231.32,197.28,eastern_front,826.1800000000001,4.187854825628548
5684,1914,1918,austria-hungary,central_powers,774.26,356.72,1344.83,naval,1130.98,0.8409836187473511
5685,1915,1918,serbia,allied_powers,626.25,182.71,744.42,naval,808.96,1.0866983692001828
5686,1914,1919,united_states,allied_powers,442.44,64.77,1036.36,air,507.21,0.4894148751399128
5687,1917,1919,germany,central_powers,701.55,352.55,736.52,balkans,1054.1,1.4311899201651006
5688,1917,1918,ottoman_empire,central_powers,227.12,31.69,491.67,balkans,258.81,0.5263896515955824
5689,1915,1919,italy,allied_powers,64.18,460.4,1642.04,western_front,524.5799999999999,0.3194684660544201
5690,1917,1918,austria-hungary,central_powers,89.55,396.18,1057.74,balkans,485.73,0.459214929944977
5691,1917,1919,russia,allied_powers,679.89,341.59,2343.98,balkans,1021.48,0.4357887012687821
5692,1916,1919,russia,allied_powers,206.75,343.21,2737.75,western_front,549.96,0.2008802849054881
5693,1915,1919,united_states,allied_powers,616.63,489.61,1447.57,naval,1106.24,0.764204839835034
5694,1916,1918,united_kingdom,allied_powers,864.16,433.5,1134.88,italian_front,1297.66,1.143433666995629
5695,1915,1918,russia,allied_powers,700.52,486.18,2175.61,western_front,1186.7,0.5454562168771058
5696,1917,1919,russia,allied_powers,159.44,61.85,1433.39,balkans,221.29,0.1543822686079852
5697,1915,1919,france,allied_powers,199.42,1.75,1866.13,middle_east,201.17,0.1078006355398605
5698,1917,1918,germany,central_powers,875.36,245.95,2420.45,naval,1121.31,0.4632650953335124
5699,1916,1919,united_states,allied_powers,328.84,272.38,1323.68,western_front,601.22,0.4542034328538619
5700,1915,1919,italy,allied_powers,851.15,559.46,1252.89,africa,1410.61,1.1258849539863836
5701,1914,1918,italy,allied_powers,312.0,146.67,2261.35,africa,458.67,0.2028301678201074
5702,1916,1918,germany,central_powers,772.32,285.51,2716.88,balkans,1057.83,0.3893547009805364
5703,1915,1919,belgium,allied_powers,226.33,541.17,432.02,italian_front,767.5,1.7765381232350357
5704,1914,1919,ottoman_empire,central_powers,438.62,564.19,2083.52,eastern_front,1002.81,0.481305675011519
5705,1915,1918,russia,allied_powers,565.08,564.8,1522.56,africa,1129.88,0.7420922656578395
5706,1916,1918,united_kingdom,allied_powers,497.85,318.13,2360.06,balkans,815.98,0.3457454471496488
5707,1915,1918,germany,central_powers,666.11,196.33,1722.61,air,862.44,0.5006588839029148
5708,1915,1918,austria-hungary,central_powers,607.87,580.43,2257.21,balkans,1188.3,0.5264463652030604
5709,1915,1918,united_states,allied_powers,438.5,401.3,727.79,balkans,839.8,1.1539042855768835
5710,1915,1919,belgium,allied_powers,11.84,566.89,1036.14,eastern_front,578.73,0.5585442121721003
5711,1916,1919,germany,central_powers,179.82,22.8,757.01,middle_east,202.62,0.2676582872088876
5712,1917,1918,belgium,allied_powers,871.7,556.18,1645.58,middle_east,1427.88,0.8677062190838489
5713,1916,1919,russia,allied_powers,572.37,273.47,2327.69,air,845.84,0.3633817217928504
5714,1916,1919,russia,allied_powers,180.09,272.49,2589.81,western_front,452.58,0.1747541325425417
5715,1914,1919,italy,allied_powers,522.03,507.25,1371.02,air,1029.28,0.75074032472174
5716,1915,1919,ottoman_empire,central_powers,738.62,109.65,986.9,eastern_front,848.27,0.8595298409159996
5717,1914,1918,germany,central_powers,106.07,494.9,1545.2,italian_front,600.97,0.3889269997411338
5718,1914,1919,united_states,allied_powers,554.56,185.45,2088.56,naval,740.01,0.3543158922894243
5719,1916,1918,belgium,allied_powers,315.96,477.3,2191.73,naval,793.26,0.3619332673276361
5720,1914,1919,united_kingdom,allied_powers,200.57,298.39,893.41,balkans,498.96,0.5584893833738149
5721,1914,1918,austria-hungary,central_powers,366.12,43.38,711.93,air,409.5,0.5751969997050272
5722,1917,1919,russia,allied_powers,553.75,79.53,2195.85,middle_east,633.28,0.288398570029829
5723,1914,1918,italy,allied_powers,785.13,271.82,1471.16,air,1056.95,0.7184466679355067
5724,1917,1918,ottoman_empire,central_powers,57.88,454.18,1667.97,air,512.0600000000001,0.3069959291833786
5725,1917,1918,germany,central_powers,579.81,192.75,604.56,western_front,772.56,1.277888050813815
5726,1916,1918,russia,allied_powers,426.62,475.41,320.38,eastern_front,902.03,2.815500343342281
5727,1916,1919,russia,allied_powers,793.64,103.26,1481.54,air,896.9,0.6053835873482998
5728,1917,1919,italy,allied_powers,365.85,458.1,748.24,naval,823.95,1.1011841120496098
5729,1917,1919,germany,central_powers,273.62,500.18,1943.26,italian_front,773.8,0.3981968444778362
5730,1914,1919,belgium,allied_powers,44.67,45.65,1240.25,italian_front,90.32,0.0728240274138278
5731,1915,1918,belgium,allied_powers,805.5,413.74,2055.15,western_front,1219.24,0.5932608325426367
5732,1915,1918,austria-hungary,central_powers,276.46,59.86,421.47,naval,336.32,0.79796901321565
5733,1917,1919,italy,allied_powers,103.55,421.32,2893.95,africa,524.87,0.1813680263999032
5734,1915,1918,serbia,allied_powers,445.86,115.56,1691.12,italian_front,561.4200000000001,0.3319811722408818
5735,1914,1919,ottoman_empire,central_powers,562.52,72.04,1088.98,middle_east,634.56,0.5827104262704549
5736,1916,1919,russia,allied_powers,896.41,530.82,2425.0,africa,1427.23,0.5885484536082475
5737,1915,1919,united_kingdom,allied_powers,664.39,336.27,391.44,naval,1000.66,2.556356018802371
5738,1914,1918,austria-hungary,central_powers,365.92,577.14,1030.15,air,943.06,0.9154589137504244
5739,1916,1918,germany,central_powers,825.18,344.21,129.85,balkans,1169.39,9.005698883326914
5740,1916,1918,austria-hungary,central_powers,141.93,487.34,1673.64,naval,629.27,0.3759888625988862
5741,1915,1918,ottoman_empire,central_powers,710.51,178.29,637.36,eastern_front,888.8,1.394502322078574
5742,1915,1919,belgium,allied_powers,309.31,169.35,955.9,italian_front,478.66,0.5007427555183597
5743,1916,1919,italy,allied_powers,710.34,317.77,1118.87,air,1028.11,0.9188824438942864
5744,1914,1918,austria-hungary,central_powers,224.28,342.88,1727.62,western_front,567.16,0.3282897859482988
5745,1915,1918,united_states,allied_powers,591.92,94.08,2453.58,italian_front,686.0,0.279591454120102
5746,1917,1918,united_kingdom,allied_powers,571.89,83.8,1299.23,italian_front,655.6899999999999,0.5046758464629049
5747,1916,1918,serbia,allied_powers,427.07,385.84,1044.87,western_front,812.91,0.7780010910448191
5748,1915,1919,ottoman_empire,central_powers,131.71,265.62,1037.15,air,397.33,0.3830979125488116
5749,1914,1919,serbia,allied_powers,395.67,444.95,2867.55,balkans,840.62,0.2931492040243413
5750,1917,1918,serbia,allied_powers,94.46,284.99,991.39,eastern_front,379.45,0.3827454382231009
5751,1915,1919,austria-hungary,central_powers,825.24,104.38,641.47,western_front,929.62,1.4492026127488424
5752,1916,1918,serbia,allied_powers,442.19,391.34,769.7,eastern_front,833.53,1.082928413667663
5753,1914,1918,serbia,allied_powers,724.99,259.38,1015.74,naval,984.37,0.9691161123909662
5754,1917,1918,serbia,allied_powers,68.77,548.24,1649.48,balkans,617.01,0.3740633411741882
5755,1917,1919,united_kingdom,allied_powers,806.41,51.96,2695.85,middle_east,858.37,0.3184042138843037
5756,1917,1919,serbia,allied_powers,220.1,315.78,648.48,western_front,535.88,0.8263631877621515
5757,1915,1918,ottoman_empire,central_powers,834.04,478.6,198.0,africa,1312.64,6.629494949494949
5758,1915,1918,germany,central_powers,846.22,261.52,1139.88,africa,1107.74,0.9718040495490752
5759,1916,1919,germany,central_powers,184.26,175.6,219.23,middle_east,359.86,1.6414724262190394
5760,1915,1919,austria-hungary,central_powers,505.34,4.34,378.93,balkans,509.68,1.345050537038503
5761,1917,1918,united_states,allied_powers,706.48,101.86,1198.94,eastern_front,808.34,0.6742122207950356
5762,1917,1919,russia,allied_powers,305.27,413.24,2734.73,western_front,718.51,0.2627352608849868
5763,1917,1918,italy,allied_powers,155.61,182.36,445.79,naval,337.97,0.7581372395073914
5764,1916,1918,united_kingdom,allied_powers,355.69,593.7,1742.15,western_front,949.39,0.5449530752231438
5765,1914,1918,austria-hungary,central_powers,417.73,514.34,2512.22,middle_east,932.07,0.3710144812158171
5766,1917,1919,belgium,allied_powers,108.6,578.75,65.42,balkans,687.35,10.506725771935187
5767,1917,1919,united_kingdom,allied_powers,557.97,549.06,139.93,air,1107.03,7.911312799256771
5768,1914,1918,italy,allied_powers,309.69,477.26,2885.4,eastern_front,786.95,0.272735149372704
5769,1914,1918,austria-hungary,central_powers,10.68,424.43,1328.71,naval,435.11,0.3274679952736112
5770,1915,1919,united_states,allied_powers,348.38,397.08,512.72,western_front,745.46,1.4539319706662506
5771,1914,1919,italy,allied_powers,174.49,503.89,1379.66,eastern_front,678.38,0.4917008538335531
5772,1914,1918,france,allied_powers,22.94,296.46,1485.04,western_front,319.4,0.2150783817270915
5773,1915,1919,ottoman_empire,central_powers,104.92,205.69,2216.01,middle_east,310.61,0.140166334989463
5774,1916,1918,france,allied_powers,321.47,85.15,545.44,western_front,406.62,0.745489879730126
5775,1917,1919,serbia,allied_powers,350.61,598.63,904.46,naval,949.24,1.0495102049841891
5776,1917,1918,united_kingdom,allied_powers,740.63,496.38,1341.91,balkans,1237.01,0.921827842403738
5777,1917,1919,italy,allied_powers,213.01,245.97,283.58,air,458.98,1.6185203469920306
5778,1916,1919,united_states,allied_powers,52.34,365.81,2069.01,western_front,418.15,0.202101488151338
5779,1915,1918,italy,allied_powers,839.98,240.43,2617.02,air,1080.41,0.4128397948812008
5780,1916,1919,germany,central_powers,18.37,337.3,145.94,western_front,355.67,2.437097437303001
5781,1915,1919,france,allied_powers,477.38,32.66,1145.87,eastern_front,510.04,0.4451115746114306
5782,1917,1918,ottoman_empire,central_powers,458.42,245.0,2369.74,western_front,703.4200000000001,0.2968342518588537
5783,1915,1919,austria-hungary,central_powers,254.14,372.43,2181.93,eastern_front,626.5699999999999,0.2871631995526896
5784,1915,1918,united_states,allied_powers,634.16,533.0,1065.58,balkans,1167.16,1.0953283657726307
5785,1916,1919,france,allied_powers,312.82,279.79,2306.12,italian_front,592.61,0.2569727507675229
5786,1915,1919,ottoman_empire,central_powers,422.51,515.13,1183.83,naval,937.64,0.7920393975486345
5787,1916,1919,serbia,allied_powers,393.39,86.26,2814.99,western_front,479.65,0.170391369063478
5788,1917,1919,united_kingdom,allied_powers,834.92,390.07,1541.71,western_front,1224.99,0.7945657743674231
5789,1914,1918,italy,allied_powers,216.13,347.09,2954.17,italian_front,563.22,0.1906525352298615
5790,1915,1919,germany,central_powers,220.63,552.06,2747.94,italian_front,772.6899999999999,0.2811888178053378
5791,1914,1919,ottoman_empire,central_powers,330.18,3.17,1875.22,air,333.35,0.1777658088117661
5792,1917,1918,serbia,allied_powers,820.48,421.96,2372.03,eastern_front,1242.44,0.5237876418089147
5793,1915,1918,ottoman_empire,central_powers,624.18,144.51,2103.27,italian_front,768.6899999999999,0.3654737622844428
5794,1917,1918,france,allied_powers,21.3,439.4,2620.29,eastern_front,460.7,0.1758202336382614
5795,1915,1918,france,allied_powers,535.13,134.0,1665.77,air,669.13,0.4016941114319504
5796,1916,1918,russia,allied_powers,262.28,351.48,786.31,africa,613.76,0.780557286566367
5797,1917,1918,serbia,allied_powers,891.34,445.59,2934.4,middle_east,1336.93,0.4556059160305343
5798,1917,1919,ottoman_empire,central_powers,190.56,556.04,1891.18,italian_front,746.5999999999999,0.3947799786376759
5799,1914,1918,united_kingdom,allied_powers,20.19,483.25,2953.79,balkans,503.44,0.1704386567765481
5800,1917,1918,france,allied_powers,211.57,130.93,1664.87,balkans,342.5,0.2057217680659751
5801,1916,1919,italy,allied_powers,217.85,318.25,1056.93,africa,536.1,0.507223751809486
5802,1914,1919,russia,allied_powers,120.56,409.31,699.44,air,529.87,0.7575631934118723
5803,1914,1918,austria-hungary,central_powers,823.05,362.37,2122.37,middle_east,1185.42,0.5585359762906562
5804,1916,1918,ottoman_empire,central_powers,36.18,368.2,398.44,balkans,404.38,1.014908141752836
5805,1915,1919,serbia,allied_powers,222.94,511.12,203.97,middle_east,734.06,3.5988625778300727
5806,1914,1918,belgium,allied_powers,344.12,479.64,1182.6,middle_east,823.76,0.6965668865212244
5807,1917,1919,ottoman_empire,central_powers,162.7,182.61,164.03,air,345.31,2.105163689568981
5808,1917,1919,italy,allied_powers,493.71,233.99,1805.83,italian_front,727.7,0.4029725943195096
5809,1916,1918,belgium,allied_powers,611.93,122.94,1222.35,eastern_front,734.8699999999999,0.6011944205833026
5810,1915,1919,austria-hungary,central_powers,612.21,553.08,1021.92,africa,1165.29,1.140294739314232
5811,1915,1919,united_states,allied_powers,865.12,211.85,570.57,italian_front,1076.97,1.8875335191124665
5812,1914,1918,united_kingdom,allied_powers,803.13,376.33,2820.68,naval,1179.46,0.4181473970815548
5813,1914,1918,united_kingdom,allied_powers,723.73,334.82,1434.57,africa,1058.55,0.7378866141073632
5814,1915,1919,united_states,allied_powers,720.5,508.79,1115.76,eastern_front,1229.29,1.1017512726751273
5815,1914,1919,russia,allied_powers,446.82,111.44,2395.15,air,558.26,0.2330793478487777
5816,1914,1919,ottoman_empire,central_powers,81.56,319.86,1298.94,air,401.42,0.3090365990730904
5817,1914,1919,germany,central_powers,595.82,307.11,2708.16,western_front,902.93,0.333410876757651
5818,1916,1918,ottoman_empire,central_powers,622.89,214.09,1581.32,air,836.98,0.5292919839121747
5819,1915,1918,russia,allied_powers,596.97,91.67,489.57,eastern_front,688.64,1.406622137794391
5820,1914,1919,serbia,allied_powers,41.8,287.26,561.04,italian_front,329.06,0.5865178953372309
5821,1917,1918,united_kingdom,allied_powers,64.57,40.89,397.49,air,105.46,0.2653148506880676
5822,1914,1919,ottoman_empire,central_powers,550.64,286.13,2280.61,italian_front,836.77,0.3669062224580265
5823,1915,1919,ottoman_empire,central_powers,82.96,340.96,2286.81,middle_east,423.92,0.1853761353151333
5824,1916,1919,united_states,allied_powers,265.8,568.45,1948.7,eastern_front,834.25,0.4281059167650228
5825,1917,1918,france,allied_powers,793.25,131.45,2747.6,middle_east,924.7,0.3365482602998981
5826,1914,1919,austria-hungary,central_powers,94.44,216.04,2513.6,air,310.48,0.123520050922979
5827,1917,1918,belgium,allied_powers,64.65,526.45,908.8,air,591.1,0.650418133802817
5828,1914,1919,italy,allied_powers,651.13,81.02,2636.71,middle_east,732.15,0.277675588138248
5829,1915,1918,ottoman_empire,central_powers,730.1,358.59,528.75,eastern_front,1088.69,2.058988179669031
5830,1915,1919,austria-hungary,central_powers,329.83,65.57,2895.92,africa,395.4,0.1365369209094173
5831,1915,1918,belgium,allied_powers,701.64,124.7,1622.73,middle_east,826.34,0.5092282758068194
5832,1916,1919,ottoman_empire,central_powers,798.05,368.13,2268.49,air,1166.1799999999998,0.5140776463638808
5833,1917,1919,germany,central_powers,422.47,342.55,1101.53,western_front,765.02,0.6945067315461222
5834,1916,1919,united_states,allied_powers,859.79,62.81,2072.8,balkans,922.6,0.4450984175993824
5835,1916,1919,germany,central_powers,122.51,213.06,2017.39,middle_east,335.57,0.1663386851327705
5836,1917,1919,serbia,allied_powers,476.13,515.56,2039.73,eastern_front,991.69,0.486186897285425
5837,1915,1919,austria-hungary,central_powers,443.87,219.0,2071.1,western_front,662.87,0.3200569745545845
5838,1917,1918,italy,allied_powers,328.08,417.94,1208.28,middle_east,746.02,0.6174231138477836
5839,1917,1919,belgium,allied_powers,93.7,537.89,2760.56,middle_east,631.59,0.2287905352537166
5840,1915,1919,germany,central_powers,894.73,243.71,2115.17,italian_front,1138.44,0.5382262418623562
5841,1917,1918,austria-hungary,central_powers,733.83,529.55,702.52,eastern_front,1263.38,1.7983544952456871
5842,1914,1919,serbia,allied_powers,311.35,98.16,1368.7,middle_east,409.51,0.2991963176737049
5843,1914,1919,united_states,allied_powers,51.01,516.48,2782.79,africa,567.49,0.2039284315381326
5844,1914,1918,united_kingdom,allied_powers,662.98,388.67,736.05,naval,1051.65,1.428775219074791
5845,1917,1919,united_states,allied_powers,833.65,95.97,2389.58,italian_front,929.62,0.3890307083253124
5846,1917,1918,serbia,allied_powers,678.57,273.71,558.62,eastern_front,952.28,1.704700870001074
5847,1916,1918,united_kingdom,allied_powers,195.11,503.96,320.41,naval,699.0699999999999,2.1817983209013447
5848,1917,1919,united_states,allied_powers,544.43,384.87,831.35,middle_east,929.3,1.1178204125819449
5849,1917,1918,united_states,allied_powers,451.51,48.98,123.79,middle_east,500.49,4.043056789724534
5850,1916,1918,france,allied_powers,796.42,265.0,1152.72,africa,1061.42,0.920796030258866
5851,1917,1919,united_kingdom,allied_powers,580.95,375.23,688.06,balkans,956.18,1.389675319012877
5852,1915,1918,united_states,allied_powers,753.56,571.85,1668.47,italian_front,1325.41,0.7943864738353101
5853,1916,1918,austria-hungary,central_powers,628.75,274.75,2960.29,balkans,903.5,0.3052065844900331
5854,1917,1918,italy,allied_powers,523.46,403.75,1259.94,africa,927.21,0.7359159959998095
5855,1915,1918,serbia,allied_powers,728.47,300.06,2147.56,eastern_front,1028.53,0.4789295758907784
5856,1915,1918,ottoman_empire,central_powers,467.1,402.82,2641.86,africa,869.9200000000001,0.329283156563936
5857,1917,1918,united_states,allied_powers,437.66,20.39,2451.18,naval,458.05,0.1868691813738689
5858,1916,1918,united_kingdom,allied_powers,191.82,323.73,2032.8,air,515.55,0.2536157024793388
5859,1917,1918,france,allied_powers,732.55,225.69,435.35,italian_front,958.24,2.2010795911335705
5860,1914,1918,united_states,allied_powers,94.41,354.16,2202.72,italian_front,448.5700000000001,0.2036436769085494
5861,1915,1919,france,allied_powers,298.69,564.42,1536.6,africa,863.1099999999999,0.561701158401666
5862,1915,1918,france,allied_powers,12.76,561.71,256.03,africa,574.47,2.24376049681678
5863,1914,1919,serbia,allied_powers,705.75,7.71,1880.19,balkans,713.46,0.3794616501523782
5864,1915,1919,france,allied_powers,628.21,331.82,2560.48,balkans,960.03,0.3749414172342685
5865,1916,1919,italy,allied_powers,389.48,240.16,1295.06,middle_east,629.64,0.4861859682176888
5866,1914,1919,united_states,allied_powers,164.54,508.2,1338.13,italian_front,672.74,0.5027463699341618
5867,1916,1919,belgium,allied_powers,245.67,45.01,1348.35,air,290.68,0.2155820076389661
5868,1914,1919,united_states,allied_powers,567.84,564.25,343.61,naval,1132.09,3.2946945665143623
5869,1917,1919,italy,allied_powers,338.81,266.53,308.05,africa,605.3399999999999,1.9650706054211973
5870,1917,1919,united_kingdom,allied_powers,343.99,111.06,928.63,africa,455.05,0.4900229370147421
5871,1915,1918,united_states,allied_powers,55.09,172.3,2662.45,middle_east,227.39,0.0854062987098349
5872,1917,1918,italy,allied_powers,414.25,464.95,1389.4,western_front,879.2,0.6327911328631064
5873,1917,1918,united_states,allied_powers,745.05,510.62,257.25,naval,1255.67,4.881127308066084
5874,1914,1919,belgium,allied_powers,113.74,506.36,1301.99,balkans,620.1,0.4762709391009148
5875,1914,1918,serbia,allied_powers,328.08,97.71,476.92,africa,425.79,0.8927912438144762
5876,1916,1918,ottoman_empire,central_powers,726.78,404.86,1552.54,middle_east,1131.64,0.7288958738583224
5877,1917,1918,france,allied_powers,383.82,407.13,308.67,middle_east,790.95,2.562445329964039
5878,1914,1919,austria-hungary,central_powers,521.18,91.24,1999.67,naval,612.42,0.306260532987943
5879,1915,1918,serbia,allied_powers,541.24,306.62,2364.8,western_front,847.86,0.3585334912043301
5880,1917,1918,united_states,allied_powers,484.86,554.23,1192.62,western_front,1039.09,0.8712666230651844
5881,1916,1918,united_states,allied_powers,218.85,374.61,2178.18,air,593.46,0.2724568217502686
5882,1914,1919,serbia,allied_powers,607.02,491.34,1061.21,balkans,1098.36,1.0350072087522733
5883,1915,1918,france,allied_powers,387.05,501.39,1494.92,naval,888.44,0.594306049822064
5884,1915,1919,germany,central_powers,267.7,303.69,239.89,western_front,571.39,2.381883363208137
5885,1917,1919,united_states,allied_powers,393.23,599.09,2189.62,africa,992.32,0.4531927914432642
5886,1914,1918,belgium,allied_powers,638.29,549.49,1491.69,air,1187.78,0.7962646394358076
5887,1917,1918,united_kingdom,allied_powers,868.02,90.93,1976.6,italian_front,958.95,0.4851512698573308
5888,1917,1919,united_states,allied_powers,880.47,567.96,260.57,balkans,1448.43,5.558698238477185
5889,1917,1918,ottoman_empire,central_powers,48.52,483.93,373.95,air,532.45,1.4238534563444312
5890,1917,1919,italy,allied_powers,259.78,330.86,353.51,eastern_front,590.64,1.6707872478854913
5891,1916,1919,germany,central_powers,121.04,163.65,2604.09,africa,284.69,0.1093241785038151
5892,1917,1918,austria-hungary,central_powers,134.2,537.99,545.36,western_front,672.19,1.2325619774094176
5893,1915,1919,italy,allied_powers,342.18,15.82,2573.26,naval,358.0,0.1391231356333988
5894,1917,1919,italy,allied_powers,214.83,218.83,1679.86,eastern_front,433.66,0.2581524650863763
5895,1914,1919,italy,allied_powers,764.05,599.03,1476.51,naval,1363.08,0.9231769510534976
5896,1914,1918,belgium,allied_powers,825.46,542.67,1303.91,middle_east,1368.13,1.049251865542867
5897,1917,1918,serbia,allied_powers,13.07,407.73,2189.81,balkans,420.8,0.192162790379074
5898,1914,1918,united_kingdom,allied_powers,796.94,259.51,319.43,naval,1056.45,3.307297373446452
5899,1917,1918,russia,allied_powers,425.11,399.73,110.16,eastern_front,824.84,7.487654320987655
5900,1914,1919,united_kingdom,allied_powers,594.59,211.13,1016.43,western_front,805.72,0.792696004643704
5901,1917,1918,germany,central_powers,545.54,158.47,713.4,western_front,704.01,0.9868376787216148
5902,1915,1918,russia,allied_powers,580.81,50.72,560.53,middle_east,631.53,1.126665834121278
5903,1915,1919,united_kingdom,allied_powers,360.51,44.27,448.49,balkans,404.78,0.902539632990702
5904,1914,1919,austria-hungary,central_powers,810.44,521.29,85.27,air,1331.73,15.61780227512607
5905,1914,1919,ottoman_empire,central_powers,432.96,183.31,657.95,western_front,616.27,0.9366517212554144
5906,1915,1918,belgium,allied_powers,197.97,24.12,255.87,africa,222.09,0.8679798335092039
5907,1914,1918,france,allied_powers,353.13,288.74,2985.03,balkans,641.87,0.2150296646934871
5908,1914,1918,france,allied_powers,356.19,479.84,2194.98,balkans,836.03,0.3808827415283966
5909,1916,1919,ottoman_empire,central_powers,316.72,506.57,87.84,air,823.29,9.372609289617486
5910,1914,1918,germany,central_powers,361.91,370.37,435.27,air,732.28,1.6823580765961357
5911,1917,1918,serbia,allied_powers,670.78,10.25,2161.82,italian_front,681.03,0.3150262279005652
5912,1914,1918,united_kingdom,allied_powers,700.71,345.41,1088.32,balkans,1046.12,0.9612246398118204
5913,1917,1919,united_states,allied_powers,190.59,533.44,705.51,africa,724.0300000000001,1.026250513812703
5914,1916,1919,france,allied_powers,490.79,441.99,691.82,italian_front,932.78,1.3482986904108003
5915,1914,1918,germany,central_powers,298.43,1.38,135.22,western_front,299.81,2.217201597396835
5916,1914,1919,united_kingdom,allied_powers,22.5,272.08,501.93,air,294.58,0.5868945868945868
5917,1917,1918,united_kingdom,allied_powers,635.98,134.07,1931.5,eastern_front,770.05,0.3986797825524203
5918,1917,1919,united_states,allied_powers,7.29,137.17,1088.86,middle_east,144.45999999999998,0.1326708667780982
5919,1915,1918,ottoman_empire,central_powers,837.32,380.93,1009.65,western_front,1218.25,1.2066062496904868
5920,1917,1919,russia,allied_powers,86.06,88.19,73.18,middle_east,174.25,2.381115058759224
5921,1916,1918,france,allied_powers,27.09,141.14,1607.87,middle_east,168.23,0.1046291055868944
5922,1916,1918,france,allied_powers,834.7,153.73,2885.23,balkans,988.43,0.342582740370785
5923,1916,1919,germany,central_powers,700.35,89.57,498.32,balkans,789.9200000000001,1.5851661582918608
5924,1914,1919,france,allied_powers,317.41,513.93,821.94,middle_east,831.3399999999999,1.0114363578850036
5925,1915,1918,russia,allied_powers,331.03,25.0,2017.05,air,356.03,0.1765102501177462
5926,1915,1918,united_kingdom,allied_powers,660.63,41.93,1746.99,africa,702.56,0.402154562991202
5927,1915,1919,ottoman_empire,central_powers,129.4,411.18,1326.56,naval,540.58,0.4075051260402847
5928,1917,1918,united_states,allied_powers,738.46,535.75,1047.13,africa,1274.21,1.216859415736346
5929,1917,1919,serbia,allied_powers,421.0,533.3,1758.25,middle_east,954.3,0.5427555808332148
5930,1917,1918,ottoman_empire,central_powers,377.66,300.47,2835.51,africa,678.1300000000001,0.2391562717112618
5931,1917,1919,germany,central_powers,27.88,381.64,1392.87,western_front,409.52,0.2940116450207126
5932,1914,1918,austria-hungary,central_powers,48.65,458.47,2340.69,western_front,507.12,0.2166540635453648
5933,1917,1918,austria-hungary,central_powers,271.36,381.6,966.96,western_front,652.96,0.6752709522627617
5934,1914,1918,germany,central_powers,370.64,571.97,1302.26,middle_east,942.61,0.7238262712515167
5935,1915,1918,serbia,allied_powers,741.05,412.69,1697.27,air,1153.74,0.6797622063666947
5936,1915,1918,italy,allied_powers,647.76,247.46,1144.05,naval,895.22,0.7825007648267122
5937,1917,1919,serbia,allied_powers,833.25,535.49,2730.06,africa,1368.74,0.5013589444920624
5938,1915,1919,united_kingdom,allied_powers,179.92,287.24,1634.93,eastern_front,467.16,0.2857370040307536
5939,1917,1919,ottoman_empire,central_powers,99.4,250.45,1043.38,balkans,349.85,0.3353044911729188
5940,1914,1919,united_kingdom,allied_powers,852.79,323.38,2850.82,naval,1176.17,0.4125725229933843
5941,1916,1919,france,allied_powers,829.39,86.26,1063.49,italian_front,915.65,0.8609859989280576
5942,1914,1919,germany,central_powers,730.6,312.61,1060.83,eastern_front,1043.21,0.983390364148827
5943,1914,1919,russia,allied_powers,840.26,207.51,216.98,balkans,1047.77,4.828878237625588
5944,1915,1918,united_kingdom,allied_powers,226.82,465.65,1111.47,africa,692.47,0.6230217639702377
5945,1915,1918,germany,central_powers,222.98,499.07,2918.02,middle_east,722.05,0.2474451854339586
5946,1914,1919,austria-hungary,central_powers,749.22,237.95,471.27,air,987.17,2.094701551127804
5947,1914,1918,germany,central_powers,204.8,42.18,1405.54,italian_front,246.98,0.1757189407629807
5948,1915,1918,united_kingdom,allied_powers,329.26,173.05,2586.18,eastern_front,502.31,0.1942285533102877
5949,1914,1918,united_states,allied_powers,756.59,338.04,1637.18,air,1094.63,0.6686069949547393
5950,1914,1919,italy,allied_powers,106.3,454.56,1843.3,balkans,560.86,0.3042695166277871
5951,1917,1918,france,allied_powers,367.39,253.94,1651.55,africa,621.3299999999999,0.3762102267566831
5952,1916,1918,ottoman_empire,central_powers,349.05,459.53,1273.28,middle_east,808.5799999999999,0.6350370696154812
5953,1917,1919,belgium,allied_powers,476.2,575.3,1436.78,middle_east,1051.5,0.7318448196661981
5954,1915,1919,austria-hungary,central_powers,874.58,139.85,2851.38,balkans,1014.43,0.3557680842258836
5955,1914,1919,austria-hungary,central_powers,795.52,317.34,2785.45,middle_east,1112.86,0.3995261088872534
5956,1916,1919,russia,allied_powers,658.53,135.81,1450.3,eastern_front,794.3399999999999,0.5477073708887816
5957,1916,1918,ottoman_empire,central_powers,48.07,257.51,883.62,italian_front,305.58,0.3458273918652814
5958,1914,1919,ottoman_empire,central_powers,262.6,7.89,1778.32,air,270.49,0.1521042332088713
5959,1916,1919,russia,allied_powers,889.89,168.83,2459.46,italian_front,1058.72,0.4304684768201149
5960,1916,1919,france,allied_powers,886.13,316.47,1660.33,middle_east,1202.6,0.724313841224335
5961,1915,1918,germany,central_powers,206.03,123.77,1629.29,africa,329.8,0.2024194587826599
5962,1917,1919,russia,allied_powers,624.54,548.07,80.43,western_front,1172.61,14.579261469600896
5963,1916,1918,france,allied_powers,5.25,158.08,1315.53,air,163.33,0.1241552834218908
5964,1917,1918,russia,allied_powers,132.47,64.5,1820.55,air,196.97,0.1081925791656367
5965,1914,1919,ottoman_empire,central_powers,314.78,14.11,2907.03,italian_front,328.89,0.1131360873468798
5966,1915,1918,ottoman_empire,central_powers,11.04,598.75,1921.3,naval,609.79,0.3173840628740956
5967,1915,1918,russia,allied_powers,568.2,99.9,757.1,italian_front,668.1,0.8824461761986527
5968,1917,1918,italy,allied_powers,119.72,382.87,133.0,air,502.59,3.778872180451128
5969,1917,1918,serbia,allied_powers,324.59,462.53,2383.73,western_front,787.1199999999999,0.3302051826339392
5970,1917,1919,united_kingdom,allied_powers,564.2,490.41,1532.8,eastern_front,1054.61,0.6880284446764093
5971,1914,1919,germany,central_powers,301.81,305.12,1645.47,naval,606.9300000000001,0.3688490218600157
5972,1915,1919,ottoman_empire,central_powers,510.99,509.51,1508.08,air,1020.5,0.6766882393506977
5973,1914,1919,russia,allied_powers,487.25,53.44,2558.9,western_front,540.69,0.2112978232834421
5974,1916,1918,austria-hungary,central_powers,289.41,535.18,915.33,africa,824.5899999999999,0.9008663542110494
5975,1914,1919,belgium,allied_powers,197.47,575.34,2407.66,eastern_front,772.8100000000001,0.3209797064369554
5976,1915,1918,serbia,allied_powers,872.59,579.32,1183.98,africa,1451.91,1.2262960522981807
5977,1916,1918,serbia,allied_powers,681.3,256.82,817.78,middle_east,938.12,1.1471544914280123
5978,1914,1919,serbia,allied_powers,829.15,477.14,2194.08,western_front,1306.29,0.5953702690877269
5979,1916,1918,austria-hungary,central_powers,447.18,186.73,740.67,italian_front,633.91,0.8558602346524093
5980,1914,1918,serbia,allied_powers,129.0,458.53,705.28,italian_front,587.53,0.8330450317604355
5981,1917,1918,germany,central_powers,615.37,24.28,1398.5,naval,639.65,0.4573829102609939
5982,1915,1918,united_kingdom,allied_powers,259.05,513.25,2395.13,africa,772.3,0.3224459632671295
5983,1915,1918,serbia,allied_powers,454.38,335.02,2646.34,italian_front,789.4,0.2982987824693727
5984,1915,1919,ottoman_empire,central_powers,489.66,213.29,449.76,middle_east,702.95,1.5629446816079688
5985,1916,1918,italy,allied_powers,710.84,491.17,2843.91,middle_east,1202.01,0.422661054674726
5986,1914,1919,united_states,allied_powers,223.31,421.51,1873.97,italian_front,644.8199999999999,0.3440930217666237
5987,1917,1918,united_kingdom,allied_powers,311.23,391.45,1441.6,naval,702.6800000000001,0.4874306326304107
5988,1914,1918,belgium,allied_powers,481.0,511.15,1104.23,middle_east,992.15,0.8984994068264763
5989,1916,1919,united_kingdom,allied_powers,308.53,193.24,1571.92,western_front,501.77,0.319208356659372
5990,1917,1918,united_kingdom,allied_powers,141.72,486.18,2871.77,eastern_front,627.9,0.2186456436274492
5991,1916,1918,russia,allied_powers,700.23,0.6,2919.18,africa,700.83,0.2400776930507882
5992,1917,1919,united_kingdom,allied_powers,804.56,137.66,1523.5,western_front,942.22,0.6184574991795208
5993,1916,1918,france,allied_powers,361.23,156.47,2685.02,western_front,517.7,0.1928104818586081
5994,1915,1918,italy,allied_powers,616.3,515.97,284.79,naval,1132.27,3.975806734787036
5995,1917,1919,united_states,allied_powers,11.28,595.59,591.17,western_front,606.87,1.0265575046095032
5996,1917,1919,austria-hungary,central_powers,580.84,22.83,1820.36,eastern_front,603.6700000000001,0.3316212177810983
5997,1915,1919,austria-hungary,central_powers,17.12,583.56,2270.1,western_front,600.68,0.2646050834764988
5998,1916,1919,germany,central_powers,185.92,508.0,2392.95,naval,693.92,0.2899851647548006
5999,1914,1918,germany,central_powers,464.35,358.87,1374.38,africa,823.22,0.5989755380607983
6000,1916,1919,france,allied_powers,547.86,247.12,684.74,middle_east,794.98,1.1609954143178434
6001,1916,1919,france,allied_powers,642.66,480.36,459.71,africa,1123.02,2.442887907593918
6002,1915,1918,italy,allied_powers,284.2,168.98,1642.95,eastern_front,453.18,0.2758331050853647
6003,1916,1918,belgium,allied_powers,54.45,94.62,229.18,air,149.07,0.6504494283968932
6004,1915,1918,ottoman_empire,central_powers,167.94,85.92,997.6,italian_front,253.86,0.2544707297514034
6005,1915,1918,serbia,allied_powers,463.52,493.93,1368.49,balkans,957.45,0.6996397489203429
6006,1915,1918,france,allied_powers,189.62,93.71,400.75,naval,283.33,0.7069993761696818
6007,1916,1918,italy,allied_powers,218.78,527.96,2279.77,italian_front,746.74,0.3275505862433491
6008,1915,1919,austria-hungary,central_powers,448.89,295.12,1451.06,italian_front,744.01,0.5127355174837706
6009,1915,1918,italy,allied_powers,437.02,153.98,2871.53,africa,591.0,0.2058136254888508
6010,1916,1919,france,allied_powers,656.89,150.9,829.42,africa,807.79,0.9739215355308528
6011,1916,1919,austria-hungary,central_powers,590.18,301.32,1191.95,italian_front,891.5,0.7479340576366458
6012,1914,1919,united_states,allied_powers,551.97,457.08,1841.26,western_front,1009.05,0.5480214635629949
6013,1914,1918,france,allied_powers,333.31,540.28,1412.52,western_front,873.5899999999999,0.6184620394755472
6014,1915,1919,austria-hungary,central_powers,872.95,213.54,2847.82,italian_front,1086.49,0.381516387973959
6015,1917,1918,serbia,allied_powers,560.85,351.14,1498.83,africa,911.99,0.608467938325227
6016,1915,1919,austria-hungary,central_powers,143.64,97.3,2353.96,western_front,240.94,0.1023551802069703
6017,1914,1918,italy,allied_powers,839.0,106.54,436.6,eastern_front,945.54,2.165689418231791
6018,1915,1918,united_states,allied_powers,191.75,343.82,697.86,middle_east,535.5699999999999,0.7674461926460894
6019,1914,1919,united_kingdom,allied_powers,23.9,429.55,374.76,naval,453.45,1.2099743836055077
6020,1915,1918,russia,allied_powers,176.42,229.11,155.1,balkans,405.53,2.614635718891038
6021,1914,1919,france,allied_powers,753.92,457.3,1267.78,balkans,1211.22,0.9553865812680434
6022,1917,1919,russia,allied_powers,709.41,424.74,2594.54,italian_front,1134.15,0.4371295104334487
6023,1915,1919,ottoman_empire,central_powers,607.56,169.93,2209.51,middle_east,777.49,0.3518834492715579
6024,1914,1919,germany,central_powers,548.52,347.24,2121.38,naval,895.76,0.4222534387992721
6025,1914,1918,united_states,allied_powers,73.03,506.11,1601.78,eastern_front,579.14,0.3615602642060707
6026,1914,1919,united_states,allied_powers,297.25,380.36,1340.99,africa,677.61,0.5053057815494523
6027,1914,1919,austria-hungary,central_powers,98.42,502.97,1111.87,air,601.39,0.5408815778823064
6028,1917,1919,belgium,allied_powers,194.88,555.24,2375.88,italian_front,750.12,0.3157230163139552
6029,1914,1918,belgium,allied_powers,601.1,190.46,2788.82,africa,791.5600000000001,0.2838333058426144
6030,1914,1919,serbia,allied_powers,178.67,25.39,1322.56,eastern_front,204.06,0.1542916767481248
6031,1914,1919,austria-hungary,central_powers,252.56,127.03,1919.09,africa,379.59,0.1977968724760173
6032,1915,1919,germany,central_powers,230.48,111.71,1767.63,africa,342.19,0.1935868931846596
6033,1914,1918,france,allied_powers,744.24,364.18,2461.96,africa,1108.42,0.4502185250775805
6034,1915,1919,italy,allied_powers,229.77,91.19,2109.24,naval,320.96000000000004,0.1521685536022454
6035,1917,1919,russia,allied_powers,504.76,304.61,2932.46,italian_front,809.37,0.2760037647572345
6036,1916,1919,austria-hungary,central_powers,561.1,512.59,2201.48,western_front,1073.69,0.4877128113814343
6037,1916,1919,germany,central_powers,860.3,160.4,2541.21,balkans,1020.7,0.4016590521838021
6038,1914,1919,serbia,allied_powers,389.44,97.79,2777.25,africa,487.23,0.1754361328652444
6039,1914,1918,united_states,allied_powers,617.88,488.18,1226.45,naval,1106.06,0.9018386399771698
6040,1916,1918,russia,allied_powers,765.69,235.7,172.42,western_front,1001.39,5.807852917294978
6041,1914,1919,united_kingdom,allied_powers,640.51,298.11,1984.73,western_front,938.62,0.4729207499256825
6042,1914,1919,united_states,allied_powers,116.43,300.0,763.8,italian_front,416.43,0.5452081696779262
6043,1917,1918,germany,central_powers,284.66,567.21,2760.63,eastern_front,851.8700000000001,0.3085781144159123
6044,1917,1919,austria-hungary,central_powers,617.8,231.15,2494.83,naval,848.9499999999999,0.3402837067054668
6045,1916,1919,austria-hungary,central_powers,53.36,163.9,1869.01,middle_east,217.26,0.1162433587835271
6046,1916,1918,italy,allied_powers,155.75,198.27,573.66,naval,354.02,0.6171251263814803
6047,1914,1919,italy,allied_powers,83.55,279.97,1640.28,africa,363.52,0.221620698905065
6048,1915,1919,belgium,allied_powers,22.47,595.31,683.05,eastern_front,617.78,0.9044433057609252
6049,1917,1919,united_kingdom,allied_powers,331.18,582.53,1539.34,air,913.71,0.5935725700624944
6050,1915,1919,germany,central_powers,324.25,111.29,2630.6,italian_front,435.54,0.1655667908461948
6051,1915,1919,ottoman_empire,central_powers,429.01,577.66,568.93,eastern_front,1006.67,1.7694092419102527
6052,1915,1918,united_kingdom,allied_powers,246.65,566.19,1529.35,eastern_front,812.84,0.5314937718638638
6053,1916,1919,germany,central_powers,691.33,225.61,420.3,air,916.94,2.181632167499405
6054,1915,1918,ottoman_empire,central_powers,102.55,387.25,1856.66,western_front,489.8,0.2638070513718182
6055,1916,1918,belgium,allied_powers,152.73,431.14,731.47,air,583.87,0.798214554253763
6056,1916,1919,belgium,allied_powers,873.37,393.27,958.65,naval,1266.64,1.3212747092265165
6057,1914,1919,italy,allied_powers,392.63,116.51,1844.87,eastern_front,509.14,0.275976085035802
6058,1916,1918,germany,central_powers,713.38,192.59,1691.62,western_front,905.97,0.5355635426395999
6059,1915,1918,united_states,allied_powers,403.57,259.93,2359.28,balkans,663.5,0.2812298667390051
6060,1916,1919,united_states,allied_powers,875.34,281.58,2819.23,western_front,1156.92,0.4103673698137435
6061,1915,1919,austria-hungary,central_powers,891.92,569.01,2066.73,air,1460.9299999999998,0.7068799504531312
6062,1917,1918,ottoman_empire,central_powers,458.55,584.72,1044.41,air,1043.27,0.9989084746411848
6063,1915,1918,germany,central_powers,623.72,580.71,377.1,naval,1204.43,3.1939273402280564
6064,1916,1919,france,allied_powers,585.9,67.94,2428.52,africa,653.8399999999999,0.2692339367186599
6065,1917,1918,belgium,allied_powers,675.77,447.03,2906.46,balkans,1122.8,0.386311870798153
6066,1917,1918,united_states,allied_powers,798.44,373.18,202.93,eastern_front,1171.62,5.7735179618587695
6067,1914,1918,russia,allied_powers,690.48,366.4,2428.74,balkans,1056.88,0.4351556774294491
6068,1915,1919,germany,central_powers,343.55,419.6,213.95,middle_east,763.1500000000001,3.56695489600374
6069,1914,1918,france,allied_powers,867.83,322.46,2520.36,naval,1190.29,0.4722698344680918
6070,1917,1919,united_kingdom,allied_powers,222.98,541.78,1289.89,western_front,764.76,0.5928877656234252
6071,1916,1918,belgium,allied_powers,682.75,162.23,2518.25,air,844.98,0.3355425394619279
6072,1916,1918,belgium,allied_powers,343.57,191.85,1249.29,balkans,535.42,0.428579433118011
6073,1914,1919,ottoman_empire,central_powers,182.02,424.98,1518.16,naval,607.0,0.3998261052853454
6074,1917,1918,germany,central_powers,209.34,565.09,410.32,air,774.4300000000001,1.8873805810099435
6075,1916,1918,russia,allied_powers,307.23,235.77,1859.02,air,543.0,0.2920893804262461
6076,1916,1918,serbia,allied_powers,170.73,158.1,1674.96,eastern_front,328.83,0.1963211061756698
6077,1917,1919,ottoman_empire,central_powers,560.71,169.0,357.05,naval,729.71,2.043719367035429
6078,1915,1919,italy,allied_powers,275.12,71.39,1080.49,eastern_front,346.51,0.3206970911345778
6079,1914,1919,belgium,allied_powers,474.37,210.88,557.17,balkans,685.25,1.229875980400955
6080,1915,1919,united_states,allied_powers,515.88,155.19,2314.17,western_front,671.0699999999999,0.2899830176694019
6081,1917,1918,germany,central_powers,806.73,80.73,1395.13,air,887.46,0.6361127636851046
6082,1917,1919,belgium,allied_powers,11.78,112.24,455.23,air,124.02,0.2724337148254728
6083,1915,1918,serbia,allied_powers,682.38,185.31,2820.36,eastern_front,867.69,0.3076522146109007
6084,1917,1919,serbia,allied_powers,6.79,180.78,1373.19,western_front,187.57,0.1365943532941544
6085,1916,1919,united_kingdom,allied_powers,628.42,589.08,829.87,balkans,1217.5,1.4670972561967537
6086,1914,1919,russia,allied_powers,336.9,112.69,2929.43,air,449.59,0.1534735426345739
6087,1915,1918,france,allied_powers,888.56,358.87,1760.86,naval,1247.4299999999998,0.7084208852492532
6088,1916,1919,austria-hungary,central_powers,585.1,148.08,1065.02,eastern_front,733.1800000000001,0.6884189968263508
6089,1914,1918,austria-hungary,central_powers,276.66,238.15,2752.24,balkans,514.8100000000001,0.1870512745981455
6090,1914,1919,russia,allied_powers,49.77,421.8,2145.89,africa,471.57,0.219754973460895
6091,1917,1918,france,allied_powers,461.3,251.09,2686.83,air,712.39,0.2651414492171071
6092,1915,1919,serbia,allied_powers,597.46,486.15,596.27,balkans,1083.61,1.81731430392272
6093,1915,1918,belgium,allied_powers,107.62,491.3,2799.08,western_front,598.9200000000001,0.2139703045286308
6094,1915,1918,belgium,allied_powers,179.82,571.12,2963.43,eastern_front,750.94,0.2534023074612864
6095,1916,1918,united_states,allied_powers,40.92,167.64,1421.24,middle_east,208.56,0.1467450958318088
6096,1914,1918,france,allied_powers,247.67,25.6,838.57,balkans,273.27,0.3258761939969233
6097,1917,1918,belgium,allied_powers,19.24,368.05,865.87,eastern_front,387.29,0.4472842343538868
6098,1916,1918,germany,central_powers,338.81,487.65,798.62,eastern_front,826.46,1.0348601337306855
6099,1914,1918,austria-hungary,central_powers,306.61,584.39,1835.47,naval,891.0,0.4854342484486262
6100,1916,1919,russia,allied_powers,200.69,203.26,2508.4,eastern_front,403.95,0.16103890926487
6101,1916,1918,germany,central_powers,330.96,365.97,1234.31,italian_front,696.9300000000001,0.5646312514684318
6102,1917,1918,france,allied_powers,686.77,140.45,328.89,middle_east,827.22,2.515187448691052
6103,1917,1918,germany,central_powers,789.9,140.64,896.12,western_front,930.54,1.0384100343703968
6104,1916,1919,austria-hungary,central_powers,602.68,272.28,1129.17,western_front,874.9599999999999,0.7748700372840227
6105,1917,1919,serbia,allied_powers,887.62,122.3,1181.14,balkans,1009.92,0.8550383527778247
6106,1914,1919,united_kingdom,allied_powers,663.1,221.18,53.41,balkans,884.28,16.55645010297697
6107,1915,1918,belgium,allied_powers,704.14,121.22,851.91,italian_front,825.36,0.9688347360636688
6108,1915,1918,ottoman_empire,central_powers,282.25,32.32,2260.83,western_front,314.57,0.1391391657046306
6109,1917,1919,italy,allied_powers,298.95,56.87,2006.08,middle_east,355.82,0.1773707927899186
6110,1915,1918,belgium,allied_powers,725.64,199.34,2277.08,middle_east,924.98,0.4062132204402129
6111,1915,1918,united_states,allied_powers,616.18,161.16,2974.67,western_front,777.3399999999999,0.2613197430303193
6112,1917,1919,russia,allied_powers,748.08,542.41,1847.28,air,1290.49,0.69858927720757
6113,1915,1918,belgium,allied_powers,716.49,417.2,1325.75,naval,1133.69,0.8551310578917595
6114,1915,1919,russia,allied_powers,426.86,77.57,2678.4,africa,504.43,0.1883325866188769
6115,1917,1918,serbia,allied_powers,492.7,188.14,990.98,africa,680.8399999999999,0.6870370744111888
6116,1916,1919,italy,allied_powers,162.46,591.0,1496.2,middle_east,753.46,0.5035824087688812
6117,1916,1918,united_kingdom,allied_powers,152.1,585.37,1507.82,western_front,737.47,0.4890968417980926
6118,1917,1918,germany,central_powers,336.39,35.29,2128.73,air,371.68,0.1746017578556228
6119,1915,1918,russia,allied_powers,362.23,22.66,1387.71,italian_front,384.89,0.2773562199595016
6120,1915,1918,germany,central_powers,135.04,186.87,605.72,western_front,321.91,0.531450174998349
6121,1914,1919,united_states,allied_powers,395.16,210.45,630.83,africa,605.61,0.9600209248133412
6122,1916,1919,france,allied_powers,355.17,140.61,1952.42,air,495.78,0.2539310189405968
6123,1915,1919,belgium,allied_powers,743.91,291.75,82.84,western_front,1035.66,12.50193143408981
6124,1916,1919,austria-hungary,central_powers,484.83,66.65,2296.1,middle_east,551.48,0.2401811767780149
6125,1916,1918,germany,central_powers,460.95,567.38,2776.55,africa,1028.33,0.3703625002250994
6126,1916,1918,united_states,allied_powers,683.65,148.03,1255.1,africa,831.68,0.662640427057605
6127,1916,1919,united_kingdom,allied_powers,129.98,215.53,1141.69,western_front,345.51,0.3026303112053184
6128,1916,1918,united_kingdom,allied_powers,734.7,9.99,1925.97,air,744.69,0.3866571130391439
6129,1915,1918,russia,allied_powers,734.22,278.56,189.59,africa,1012.78,5.341948415000791
6130,1914,1918,united_kingdom,allied_powers,123.05,127.05,2014.91,eastern_front,250.1,0.1241246507288166
6131,1915,1918,italy,allied_powers,736.71,421.18,1038.17,air,1157.89,1.1153183004710212
6132,1916,1918,ottoman_empire,central_powers,868.74,99.59,977.05,italian_front,968.33,0.991075175272504
6133,1917,1918,russia,allied_powers,385.45,442.02,2171.11,middle_east,827.47,0.381127625960914
6134,1914,1919,united_kingdom,allied_powers,856.67,212.24,141.0,balkans,1068.91,7.580921985815602
6135,1914,1918,russia,allied_powers,517.94,396.61,1118.08,naval,914.55,0.8179647252432743
6136,1915,1918,italy,allied_powers,245.69,390.48,1936.41,italian_front,636.1700000000001,0.3285306314261959
6137,1916,1918,ottoman_empire,central_powers,753.08,552.93,410.37,western_front,1306.01,3.182518215269148
6138,1915,1918,serbia,allied_powers,619.57,363.25,552.73,middle_east,982.82,1.7781195158576522
6139,1917,1918,ottoman_empire,central_powers,513.56,367.96,2503.48,eastern_front,881.52,0.3521178519500855
6140,1917,1919,serbia,allied_powers,276.94,445.31,576.04,italian_front,722.25,1.253819179223665
6141,1915,1919,germany,central_powers,356.36,587.6,2901.46,africa,943.96,0.3253396565866839
6142,1915,1919,germany,central_powers,215.99,369.62,115.5,italian_front,585.61,5.07021645021645
6143,1915,1919,ottoman_empire,central_powers,760.69,70.75,582.88,balkans,831.44,1.426434257480099
6144,1915,1919,ottoman_empire,central_powers,598.69,370.34,386.78,eastern_front,969.03,2.5053777341124155
6145,1915,1919,austria-hungary,central_powers,739.36,163.39,2779.63,middle_east,902.75,0.3247734410694948
6146,1917,1919,russia,allied_powers,629.2,411.83,785.33,air,1041.03,1.3255956094890045
6147,1916,1918,italy,allied_powers,731.52,73.47,1439.65,africa,804.99,0.5591567394852915
6148,1915,1918,germany,central_powers,818.25,519.69,561.91,eastern_front,1337.94,2.3810574647185496
6149,1916,1918,serbia,allied_powers,478.18,159.36,285.9,air,637.54,2.2299405386498776
6150,1915,1919,austria-hungary,central_powers,844.91,15.91,1729.79,italian_front,860.8199999999999,0.4976442227091149
6151,1917,1919,serbia,allied_powers,716.34,337.84,2961.31,western_front,1054.18,0.3559843447663365
6152,1914,1919,belgium,allied_powers,711.09,444.31,459.54,middle_east,1155.4,2.5142533838186014
6153,1915,1918,belgium,allied_powers,721.48,5.54,1381.84,western_front,727.02,0.526124587506513
6154,1916,1919,united_kingdom,allied_powers,426.93,574.95,372.44,balkans,1001.88,2.690044033938353
6155,1917,1919,russia,allied_powers,535.96,416.58,1929.61,africa,952.54,0.4936437933053829
6156,1915,1918,russia,allied_powers,766.38,196.79,106.4,italian_front,963.17,9.052349624060149
6157,1916,1918,germany,central_powers,811.81,299.65,313.8,balkans,1111.46,3.541937539834289
6158,1917,1919,belgium,allied_powers,890.94,580.92,2441.19,middle_east,1471.86,0.6029272608850602
6159,1915,1919,france,allied_powers,432.73,528.96,2232.91,africa,961.69,0.4306891007698474
6160,1917,1918,united_states,allied_powers,707.94,392.97,2194.36,naval,1100.91,0.5016998122459396
6161,1916,1918,france,allied_powers,159.15,132.77,2900.49,africa,291.92,0.1006450634203186
6162,1914,1919,belgium,allied_powers,140.72,213.3,1568.39,eastern_front,354.02,0.2257219186554364
6163,1914,1918,italy,allied_powers,597.99,436.47,2212.99,eastern_front,1034.46,0.467449016940881
6164,1916,1918,ottoman_empire,central_powers,818.33,214.24,1757.96,eastern_front,1032.5700000000002,0.587368313272202
6165,1916,1919,italy,allied_powers,143.6,296.71,1693.76,africa,440.31,0.2599600887965236
6166,1916,1919,united_kingdom,allied_powers,40.06,412.4,1181.21,italian_front,452.46,0.383047891568815
6167,1916,1919,united_states,allied_powers,667.23,350.66,190.53,air,1017.89,5.342413268251719
6168,1917,1919,italy,allied_powers,560.91,178.65,735.07,africa,739.56,1.006108261798196
6169,1917,1919,ottoman_empire,central_powers,728.08,122.1,577.88,eastern_front,850.1800000000001,1.471205094483284
6170,1917,1918,serbia,allied_powers,795.11,445.28,2069.63,eastern_front,1240.39,0.599329348724168
6171,1915,1919,italy,allied_powers,195.78,467.9,2354.3,italian_front,663.68,0.2819012020558127
6172,1914,1919,belgium,allied_powers,821.01,285.85,1424.48,eastern_front,1106.86,0.7770274064921937
6173,1914,1919,russia,allied_powers,191.74,51.31,594.91,middle_east,243.05,0.4085491923148039
6174,1917,1918,ottoman_empire,central_powers,359.76,413.62,2174.04,africa,773.38,0.3557340251329322
6175,1916,1919,italy,allied_powers,637.57,134.6,981.08,middle_east,772.1700000000001,0.787061197863579
6176,1916,1919,united_states,allied_powers,770.79,401.04,2749.69,western_front,1171.83,0.4261680407609585
6177,1915,1919,united_states,allied_powers,749.42,311.42,1329.85,balkans,1060.84,0.7977140278978833
6178,1915,1918,united_states,allied_powers,447.51,263.38,798.89,africa,710.89,0.8898471629385772
6179,1917,1919,france,allied_powers,761.81,394.53,1325.17,middle_east,1156.34,0.8725974780594187
6180,1916,1918,italy,allied_powers,2.69,250.38,2526.59,africa,253.07,0.100162669843544
6181,1914,1918,russia,allied_powers,29.33,485.49,1401.34,middle_east,514.82,0.3673769392153225
6182,1915,1919,france,allied_powers,484.14,147.83,2873.04,middle_east,631.97,0.2199656113385125
6183,1914,1918,italy,allied_powers,409.09,178.72,2644.33,western_front,587.81,0.2222907125812587
6184,1915,1919,italy,allied_powers,347.97,494.1,1730.91,air,842.07,0.4864897654990727
6185,1917,1918,belgium,allied_powers,798.85,556.25,2526.03,middle_east,1355.1,0.5364544364081186
6186,1917,1919,germany,central_powers,282.95,486.32,896.94,africa,769.27,0.8576604901108211
6187,1915,1919,united_states,allied_powers,352.98,525.61,235.12,eastern_front,878.59,3.736772711806737
6188,1915,1918,austria-hungary,central_powers,492.29,412.53,1360.44,western_front,904.82,0.6650936461732968
6189,1916,1918,russia,allied_powers,262.26,276.88,1134.4,middle_east,539.14,0.4752644569816642
6190,1916,1919,germany,central_powers,383.64,340.62,732.24,air,724.26,0.9891019337921992
6191,1915,1919,france,allied_powers,430.22,477.16,1461.61,western_front,907.38,0.6208085604230952
6192,1917,1919,germany,central_powers,324.69,72.4,1081.33,eastern_front,397.09,0.3672236967438247
6193,1915,1918,france,allied_powers,154.4,147.58,2882.17,eastern_front,301.98,0.1047752214477286
6194,1914,1918,serbia,allied_powers,505.31,334.32,950.51,air,839.63,0.8833468348570768
6195,1914,1919,belgium,allied_powers,159.23,527.73,1484.42,air,686.96,0.4627800757198098
6196,1916,1918,austria-hungary,central_powers,816.19,402.29,1788.99,western_front,1218.48,0.6810993912766421
6197,1917,1919,italy,allied_powers,443.07,594.92,1556.16,italian_front,1037.99,0.6670201007608472
6198,1915,1918,russia,allied_powers,145.04,481.9,757.76,middle_east,626.9399999999999,0.8273595861486486
6199,1914,1918,germany,central_powers,420.12,104.24,1063.36,naval,524.36,0.4931161600962986
6200,1916,1918,austria-hungary,central_powers,732.48,233.16,1780.13,naval,965.64,0.5424547645396685
6201,1916,1919,belgium,allied_powers,263.98,185.09,2380.18,balkans,449.0700000000001,0.188670604744179
6202,1915,1919,austria-hungary,central_powers,89.78,555.01,1681.85,naval,644.79,0.3833813954871124
6203,1917,1919,belgium,allied_powers,890.76,235.75,817.96,eastern_front,1126.51,1.3772189349112425
6204,1915,1918,austria-hungary,central_powers,269.6,20.72,1387.81,africa,290.32000000000005,0.2091929010455322
6205,1914,1919,italy,allied_powers,172.95,60.64,739.89,middle_east,233.59,0.315709091892038
6206,1915,1918,belgium,allied_powers,397.7,325.33,1146.02,eastern_front,723.03,0.6309052198041919
6207,1914,1918,united_states,allied_powers,897.41,599.19,2537.89,italian_front,1496.6,0.5897024693741652
6208,1915,1919,germany,central_powers,247.7,471.68,2177.88,air,719.38,0.3303120465774055
6209,1914,1918,italy,allied_powers,214.17,588.81,2657.29,naval,802.9799999999999,0.3021800405676459
6210,1917,1918,united_kingdom,allied_powers,388.31,12.67,938.56,eastern_front,400.98,0.42722894647119
6211,1915,1919,austria-hungary,central_powers,711.81,225.4,450.5,balkans,937.21,2.080377358490566
6212,1916,1919,france,allied_powers,493.34,344.67,766.92,naval,838.01,1.0926954571532883
6213,1916,1918,ottoman_empire,central_powers,705.15,339.38,230.9,western_front,1044.53,4.523733217843222
6214,1916,1919,france,allied_powers,70.66,177.74,2091.71,africa,248.4,0.1187545118587184
6215,1917,1919,russia,allied_powers,657.7,459.53,418.5,naval,1117.23,2.669605734767025
6216,1915,1919,ottoman_empire,central_powers,310.14,22.52,1878.78,eastern_front,332.66,0.1770617102587849
6217,1914,1918,austria-hungary,central_powers,110.59,35.87,614.51,balkans,146.46,0.238336235374526
6218,1915,1918,germany,central_powers,84.61,217.52,1768.48,air,302.13,0.1708416267076811
6219,1917,1918,united_states,allied_powers,588.65,205.3,2490.98,balkans,793.95,0.3187299777597572
6220,1914,1919,belgium,allied_powers,235.7,45.12,2443.05,balkans,280.82,0.1149464808333844
6221,1915,1918,belgium,allied_powers,295.64,323.5,2407.02,eastern_front,619.14,0.2572226238253109
6222,1914,1918,belgium,allied_powers,673.26,101.43,328.79,eastern_front,774.69,2.3561847988077496
6223,1914,1919,russia,allied_powers,84.94,192.75,2122.03,middle_east,277.69,0.1308605439131397
6224,1916,1919,germany,central_powers,890.39,308.91,1970.73,balkans,1199.3,0.6085562202838541
6225,1914,1919,ottoman_empire,central_powers,145.43,559.44,2938.52,western_front,704.8700000000001,0.2398724527993684
6226,1914,1918,belgium,allied_powers,57.58,485.9,694.04,air,543.48,0.7830672583712754
6227,1916,1918,united_kingdom,allied_powers,272.18,57.77,866.8,africa,329.95,0.3806529764651592
6228,1917,1918,france,allied_powers,81.56,486.94,75.58,eastern_front,568.5,7.521831172267796
6229,1917,1918,ottoman_empire,central_powers,615.69,474.12,2303.51,italian_front,1089.81,0.473108430178293
6230,1914,1919,united_states,allied_powers,848.17,555.49,644.48,air,1403.66,2.1779729394240315
6231,1917,1918,italy,allied_powers,141.74,453.8,78.06,middle_east,595.54,7.629259543940558
6232,1916,1918,russia,allied_powers,512.62,495.34,2373.37,eastern_front,1007.96,0.4246956858812575
6233,1915,1919,belgium,allied_powers,126.01,519.53,2599.17,eastern_front,645.54,0.2483639007837117
6234,1914,1919,ottoman_empire,central_powers,541.44,422.81,718.32,western_front,964.25,1.3423683038200245
6235,1914,1918,italy,allied_powers,801.77,532.64,2444.4,eastern_front,1334.41,0.5459049255441007
6236,1915,1918,austria-hungary,central_powers,651.14,555.81,791.93,air,1206.9499999999998,1.5240614700794262
6237,1916,1919,serbia,allied_powers,341.13,28.89,1215.45,naval,370.02,0.3044304578551153
6238,1916,1919,italy,allied_powers,833.53,209.17,2283.59,western_front,1042.7,0.4566056078367833
6239,1916,1919,united_states,allied_powers,887.07,199.68,127.24,eastern_front,1086.75,8.540946243319711
6240,1916,1918,germany,central_powers,681.67,125.89,636.53,naval,807.56,1.2686911850187736
6241,1914,1918,austria-hungary,central_powers,831.36,427.14,1181.29,italian_front,1258.5,1.0653607496888997
6242,1915,1918,ottoman_empire,central_powers,300.81,345.58,1734.87,africa,646.39,0.3725869949909792
6243,1917,1919,ottoman_empire,central_powers,874.81,318.76,1147.42,naval,1193.57,1.040220668979101
6244,1917,1919,ottoman_empire,central_powers,85.21,304.1,2999.94,eastern_front,389.31,0.129772595451909
6245,1914,1919,germany,central_powers,530.93,139.85,1287.86,middle_east,670.78,0.5208485394375165
6246,1915,1918,united_states,allied_powers,812.51,333.83,984.69,western_front,1146.34,1.164163340746834
6247,1917,1919,united_states,allied_powers,264.34,314.03,1198.51,italian_front,578.3699999999999,0.4825741962937313
6248,1915,1919,ottoman_empire,central_powers,48.74,365.0,489.2,eastern_front,413.74,0.8457481602616517
6249,1916,1919,serbia,allied_powers,240.8,558.77,2251.77,air,799.5699999999999,0.3550851108239296
6250,1915,1919,united_states,allied_powers,368.31,496.64,69.12,eastern_front,864.95,12.513744212962962
6251,1915,1919,belgium,allied_powers,737.66,184.78,2462.81,air,922.44,0.3745477726661821
6252,1917,1918,belgium,allied_powers,441.48,409.36,527.32,middle_east,850.84,1.61351740878404
6253,1915,1919,austria-hungary,central_powers,562.92,283.89,1451.69,eastern_front,846.81,0.5833270188538875
6254,1917,1918,united_states,allied_powers,712.59,209.15,2570.92,italian_front,921.74,0.3585253527919966
6255,1915,1918,united_kingdom,allied_powers,832.32,580.56,725.01,middle_east,1412.88,1.9487731203707537
6256,1915,1918,united_kingdom,allied_powers,598.52,433.16,1172.72,africa,1031.68,0.8797325874889147
6257,1915,1918,france,allied_powers,94.25,171.14,1122.87,naval,265.39,0.2363497110083981
6258,1917,1919,ottoman_empire,central_powers,91.98,530.87,1383.65,africa,622.85,0.4501499656705091
6259,1914,1919,france,allied_powers,589.53,468.52,2746.13,africa,1058.05,0.3852876593606275
6260,1916,1918,austria-hungary,central_powers,486.04,215.12,215.26,western_front,701.1600000000001,3.257270277803587
6261,1917,1919,russia,allied_powers,474.06,49.98,2174.85,balkans,524.04,0.2409545485895579
6262,1915,1919,belgium,allied_powers,544.61,442.61,1651.16,western_front,987.22,0.5978948133433465
6263,1914,1919,russia,allied_powers,738.7,459.44,307.92,air,1198.14,3.891075604053001
6264,1917,1918,ottoman_empire,central_powers,151.26,427.15,288.51,naval,578.41,2.0048178572666457
6265,1917,1919,united_states,allied_powers,810.29,0.59,147.39,western_front,810.88,5.501594409390054
6266,1914,1918,united_kingdom,allied_powers,167.39,572.22,408.77,italian_front,739.61,1.8093548939501432
6267,1917,1918,austria-hungary,central_powers,222.12,570.8,2220.58,western_front,792.92,0.3570778805537292
6268,1916,1919,united_kingdom,allied_powers,697.1,422.2,1795.95,middle_east,1119.3,0.6232356134636264
6269,1915,1918,france,allied_powers,562.74,502.31,2360.48,western_front,1065.05,0.451200603267132
6270,1916,1918,germany,central_powers,378.69,73.81,1950.99,africa,452.5,0.2319335311816052
6271,1916,1919,austria-hungary,central_powers,575.4,549.09,1299.92,air,1124.49,0.8650455412640777
6272,1916,1919,ottoman_empire,central_powers,623.4,253.05,2199.64,air,876.45,0.398451564801513
6273,1915,1919,france,allied_powers,296.23,18.2,303.78,eastern_front,314.43,1.0350582658502865
6274,1914,1918,france,allied_powers,880.64,384.72,1400.64,middle_east,1265.36,0.9034155814484808
6275,1915,1919,france,allied_powers,464.74,366.66,1021.55,eastern_front,831.4000000000001,0.8138612892173659
6276,1914,1919,serbia,allied_powers,851.37,208.83,786.41,eastern_front,1060.2,1.3481517274704036
6277,1914,1919,ottoman_empire,central_powers,561.66,351.47,2707.04,italian_front,913.13,0.3373167740410189
6278,1914,1919,france,allied_powers,717.6,514.51,1758.45,italian_front,1232.11,0.7006795757627456
6279,1915,1919,italy,allied_powers,899.74,546.55,724.96,air,1446.29,1.9949928271904656
6280,1916,1918,ottoman_empire,central_powers,538.03,442.75,899.04,western_front,980.78,1.0909192027051078
6281,1917,1918,italy,allied_powers,325.9,320.25,2593.08,air,646.15,0.2491824394156755
6282,1916,1918,united_kingdom,allied_powers,880.69,340.0,2714.26,eastern_front,1220.69,0.4497321553572612
6283,1915,1919,belgium,allied_powers,397.31,348.54,1582.26,air,745.85,0.4713827057500032
6284,1917,1918,france,allied_powers,98.96,262.43,2448.67,western_front,361.39,0.1475862406939277
6285,1917,1918,belgium,allied_powers,153.63,231.08,781.81,middle_east,384.71,0.4920760798659521
6286,1916,1918,italy,allied_powers,325.58,431.71,709.08,eastern_front,757.29,1.067989507530885
6287,1914,1919,austria-hungary,central_powers,87.66,200.34,915.31,western_front,288.0,0.3146474964766035
6288,1914,1918,russia,allied_powers,809.81,147.61,1996.07,western_front,957.42,0.4796525171962907
6289,1915,1919,austria-hungary,central_powers,275.98,504.4,1502.38,balkans,780.38,0.519429172379824
6290,1914,1918,italy,allied_powers,659.93,110.59,1537.06,italian_front,770.52,0.5012946794529817
6291,1917,1918,france,allied_powers,513.25,126.18,1695.05,air,639.4300000000001,0.3772337099200614
6292,1915,1918,ottoman_empire,central_powers,342.57,509.31,2958.8,naval,851.88,0.2879140191969717
6293,1916,1918,russia,allied_powers,836.32,78.4,1253.34,eastern_front,914.72,0.7298259051813555
6294,1914,1919,austria-hungary,central_powers,302.95,306.23,1121.9,italian_front,609.1800000000001,0.5429895712630359
6295,1915,1919,austria-hungary,central_powers,783.55,31.8,2446.39,middle_east,815.3499999999999,0.3332870065688627
6296,1914,1919,austria-hungary,central_powers,52.1,513.42,1382.86,western_front,565.52,0.408949568286016
6297,1915,1919,germany,central_powers,62.06,223.22,1131.19,italian_front,285.28,0.2521945915363466
6298,1915,1918,united_kingdom,allied_powers,61.97,131.01,2263.46,air,192.98,0.0852588514928472
6299,1915,1918,serbia,allied_powers,643.14,498.7,876.38,italian_front,1141.84,1.3029051324767793
6300,1915,1918,united_kingdom,allied_powers,731.74,251.67,72.12,air,983.41,13.635745978924014
6301,1915,1918,united_states,allied_powers,93.53,562.99,1143.33,air,656.52,0.5742174175434914
6302,1915,1918,belgium,allied_powers,525.53,190.12,311.63,eastern_front,715.65,2.296473381895196
6303,1915,1918,germany,central_powers,821.62,212.39,1377.61,eastern_front,1034.01,0.7505825306146152
6304,1917,1919,italy,allied_powers,22.67,271.11,1987.73,middle_east,293.78000000000003,0.1477967329566893
6305,1915,1919,italy,allied_powers,851.85,219.0,2264.96,middle_east,1070.85,0.4727898064424978
6306,1916,1919,austria-hungary,central_powers,825.53,513.86,685.94,africa,1339.39,1.9526343411960223
6307,1915,1918,germany,central_powers,3.57,341.99,1959.42,western_front,345.56,0.176358310112176
6308,1916,1919,russia,allied_powers,682.99,98.24,344.42,naval,781.23,2.2682480692178157
6309,1914,1918,ottoman_empire,central_powers,892.63,98.54,1578.67,western_front,991.17,0.6278512925437234
6310,1916,1918,belgium,allied_powers,744.69,212.86,2548.35,africa,957.55,0.3757529381756823
6311,1917,1918,belgium,allied_powers,501.66,99.16,744.47,eastern_front,600.82,0.8070439372976749
6312,1916,1918,austria-hungary,central_powers,381.29,142.01,1543.42,western_front,523.3,0.3390522346477303
6313,1914,1918,germany,central_powers,626.84,258.63,171.01,italian_front,885.47,5.17788433424946
6314,1917,1918,united_kingdom,allied_powers,241.52,222.47,1396.17,eastern_front,463.99,0.3323305901143843
6315,1915,1918,united_kingdom,allied_powers,717.14,294.92,1189.11,italian_front,1012.06,0.8511071305430112
6316,1917,1918,united_kingdom,allied_powers,270.36,101.48,1743.39,africa,371.84,0.2132856102191707
6317,1915,1918,france,allied_powers,171.73,513.21,2639.31,middle_east,684.94,0.2595147974281157
6318,1914,1919,russia,allied_powers,632.41,398.95,1874.7,eastern_front,1031.36,0.5501466901370885
6319,1917,1918,ottoman_empire,central_powers,54.11,475.96,2431.35,eastern_front,530.0699999999999,0.2180146832006909
6320,1915,1919,united_states,allied_powers,676.44,83.97,2712.6,africa,760.4100000000001,0.2803251493032515
6321,1915,1919,serbia,allied_powers,882.08,257.71,1205.59,italian_front,1139.79,0.94542091424116
6322,1915,1919,france,allied_powers,498.75,75.41,2037.0,africa,574.16,0.2818654884634266
6323,1915,1919,italy,allied_powers,358.78,445.08,2359.49,middle_east,803.8599999999999,0.3406922682444087
6324,1915,1918,austria-hungary,central_powers,812.62,183.87,1472.45,air,996.49,0.6767564263642228
6325,1917,1918,belgium,allied_powers,509.9,372.79,1043.85,air,882.69,0.8456100014369882
6326,1916,1919,ottoman_empire,central_powers,514.42,48.96,938.93,eastern_front,563.38,0.6000234309266932
6327,1915,1918,germany,central_powers,571.39,599.46,2676.08,balkans,1170.85,0.437524289258916
6328,1915,1919,italy,allied_powers,508.3,216.24,1824.33,middle_east,724.54,0.3971540236689634
6329,1915,1919,germany,central_powers,233.06,261.94,2427.41,balkans,495.0,0.2039210516558801
6330,1915,1919,united_kingdom,allied_powers,473.04,519.95,83.72,eastern_front,992.99,11.860845676063068
6331,1917,1919,united_kingdom,allied_powers,899.03,335.95,2834.21,italian_front,1234.98,0.4357404708895953
6332,1915,1919,belgium,allied_powers,138.72,535.81,2528.89,balkans,674.53,0.2667296719113919
6333,1915,1919,france,allied_powers,151.91,293.94,2534.54,air,445.85,0.1759096325171431
6334,1914,1919,ottoman_empire,central_powers,548.36,323.64,1178.48,africa,872.0,0.7399361889892064
6335,1914,1919,belgium,allied_powers,144.7,351.17,1982.05,balkans,495.87,0.2501803688100704
6336,1916,1919,belgium,allied_powers,10.22,415.47,133.13,eastern_front,425.69000000000005,3.1975512656801626
6337,1914,1919,austria-hungary,central_powers,134.69,491.48,1387.57,naval,626.1700000000001,0.4512709268721578
6338,1915,1918,germany,central_powers,294.65,295.5,2449.23,balkans,590.15,0.240953279193869
6339,1917,1918,germany,central_powers,422.75,173.75,737.32,naval,596.5,0.8090110128573753
6340,1915,1918,ottoman_empire,central_powers,58.15,150.29,2966.53,middle_east,208.44,0.0702639110341038
6341,1916,1919,italy,allied_powers,674.46,363.03,2289.93,western_front,1037.49,0.4530662509334346
6342,1916,1918,united_kingdom,allied_powers,603.99,244.17,2992.37,naval,848.16,0.2834408846499597
6343,1915,1918,serbia,allied_powers,682.88,260.99,574.82,air,943.87,1.6420270693434464
6344,1917,1919,belgium,allied_powers,648.2,554.77,260.83,eastern_front,1202.97,4.612084499482422
6345,1917,1919,united_kingdom,allied_powers,158.24,416.4,79.26,balkans,574.64,7.250063083522583
6346,1915,1918,austria-hungary,central_powers,605.78,509.1,874.97,eastern_front,1114.88,1.2741922580202751
6347,1914,1918,ottoman_empire,central_powers,133.24,284.61,2596.92,balkans,417.85,0.1609021456186559
6348,1916,1919,germany,central_powers,156.53,527.38,196.52,balkans,683.91,3.4801038062283736
6349,1914,1918,france,allied_powers,756.99,397.54,2876.59,eastern_front,1154.53,0.4013536861353199
6350,1915,1918,united_states,allied_powers,369.69,165.17,1899.1,naval,534.86,0.2816386709493971
6351,1916,1918,serbia,allied_powers,689.58,110.23,1952.84,balkans,799.8100000000001,0.4095624833575715
6352,1914,1918,italy,allied_powers,327.17,278.12,1501.45,naval,605.29,0.4031369675979885
6353,1915,1919,austria-hungary,central_powers,559.94,394.45,1989.13,naval,954.39,0.4798027278257328
6354,1914,1918,united_kingdom,allied_powers,345.19,466.63,188.56,balkans,811.8199999999999,4.305366991938905
6355,1917,1919,serbia,allied_powers,31.2,22.65,2485.28,africa,53.85,0.0216675787034056
6356,1915,1919,germany,central_powers,562.73,74.09,816.05,balkans,636.82,0.78036884994792
6357,1916,1918,france,allied_powers,220.99,132.63,159.8,balkans,353.62,2.2128911138923653
6358,1917,1919,france,allied_powers,454.99,285.98,1627.74,western_front,740.97,0.4552139776622802
6359,1914,1919,austria-hungary,central_powers,50.25,511.56,1054.92,naval,561.81,0.5325617108406324
6360,1917,1919,united_states,allied_powers,811.72,107.4,1413.74,italian_front,919.12,0.6501336879482791
6361,1916,1919,united_states,allied_powers,238.02,133.36,865.58,middle_east,371.38,0.4290533515099701
6362,1917,1918,serbia,allied_powers,794.63,308.02,2923.08,air,1102.65,0.3772219713452933
6363,1916,1918,ottoman_empire,central_powers,151.31,195.83,787.07,italian_front,347.14,0.4410535276404894
6364,1914,1918,united_kingdom,allied_powers,202.21,81.21,1263.12,italian_front,283.42,0.2243808980936095
6365,1915,1919,germany,central_powers,221.0,89.54,627.57,western_front,310.54,0.4948292620743502
6366,1915,1918,germany,central_powers,128.17,5.52,1198.11,italian_front,133.69,0.1115840782565874
6367,1917,1919,united_kingdom,allied_powers,242.7,512.96,2069.02,naval,755.6600000000001,0.3652260490473751
6368,1917,1918,germany,central_powers,361.56,424.53,1765.18,italian_front,786.0899999999999,0.4453313543094754
6369,1915,1918,serbia,allied_powers,412.02,99.49,2056.87,italian_front,511.51,0.2486836795713876
6370,1916,1918,austria-hungary,central_powers,203.86,160.3,271.57,balkans,364.16,1.3409434031741356
6371,1914,1919,russia,allied_powers,583.78,247.1,2813.51,naval,830.88,0.295317948043547
6372,1916,1918,serbia,allied_powers,351.96,563.87,2915.42,italian_front,915.83,0.3141331266164051
6373,1916,1919,russia,allied_powers,210.76,229.0,2747.04,middle_east,439.76,0.1600850369852641
6374,1915,1918,serbia,allied_powers,196.44,448.79,2922.05,western_front,645.23,0.2208141544463647
6375,1915,1918,germany,central_powers,131.89,595.09,1094.68,middle_east,726.98,0.6641027514890196
6376,1914,1919,russia,allied_powers,569.47,329.19,1452.15,naval,898.6600000000001,0.6188479151602796
6377,1916,1919,germany,central_powers,8.89,95.61,2141.32,western_front,104.5,0.0488016737339584
6378,1917,1919,united_states,allied_powers,759.77,293.68,2149.07,eastern_front,1053.45,0.4901887793324554
6379,1915,1918,united_kingdom,allied_powers,196.89,7.6,313.34,western_front,204.49,0.6526137741750175
6380,1915,1918,russia,allied_powers,759.34,318.13,1559.48,eastern_front,1077.47,0.6909162028368431
6381,1917,1918,austria-hungary,central_powers,719.11,523.74,2720.29,naval,1242.85,0.4568814354351925
6382,1916,1919,belgium,allied_powers,45.4,287.21,1764.38,africa,332.61,0.1885138122173227
6383,1914,1919,belgium,allied_powers,423.09,418.09,2808.97,balkans,841.18,0.2994620804066971
6384,1917,1918,germany,central_powers,831.14,235.42,221.34,italian_front,1066.56,4.818650040661425
6385,1916,1918,serbia,allied_powers,14.08,447.66,710.26,italian_front,461.74,0.6500999633936868
6386,1914,1919,united_states,allied_powers,229.75,146.94,523.61,western_front,376.69,0.7194094841580565
6387,1914,1918,germany,central_powers,199.3,210.29,886.26,africa,409.59,0.4621555751133979
6388,1914,1918,belgium,allied_powers,102.01,50.76,874.08,middle_east,152.77,0.1747780523521874
6389,1914,1919,serbia,allied_powers,512.79,431.07,1992.85,balkans,943.86,0.4736232029505481
6390,1917,1919,belgium,allied_powers,381.99,434.56,602.2,middle_east,816.55,1.3559448688143472
6391,1915,1919,france,allied_powers,77.1,599.71,2028.24,balkans,676.8100000000001,0.3336932512917603
6392,1915,1918,austria-hungary,central_powers,302.2,192.24,2348.22,africa,494.44,0.2105594876118932
6393,1914,1918,united_kingdom,allied_powers,698.4,585.82,2243.34,air,1284.22,0.5724589228560985
6394,1917,1918,austria-hungary,central_powers,377.46,23.28,1490.45,western_front,400.74,0.2688718172364051
6395,1917,1918,austria-hungary,central_powers,209.19,496.46,1875.35,naval,705.65,0.376276428400032
6396,1916,1918,austria-hungary,central_powers,590.71,415.03,1100.7,africa,1005.74,0.9137276278731716
6397,1915,1918,serbia,allied_powers,722.67,39.32,2198.76,africa,761.99,0.3465544215830741
6398,1915,1918,united_states,allied_powers,69.27,160.84,2321.39,middle_east,230.11,0.0991259547081705
6399,1917,1918,russia,allied_powers,269.39,271.39,1311.04,eastern_front,540.78,0.4124816939223822
6400,1917,1919,serbia,allied_powers,874.0,538.7,353.33,western_front,1412.7,3.998245266464778
6401,1914,1919,germany,central_powers,274.57,504.65,2816.59,middle_east,779.22,0.2766536840647733
6402,1916,1918,france,allied_powers,45.05,379.96,2354.53,africa,425.01,0.180507362403537
6403,1914,1919,france,allied_powers,879.55,278.02,1422.49,middle_east,1157.57,0.8137631898994017
6404,1914,1918,serbia,allied_powers,575.65,545.2,2834.89,eastern_front,1120.85,0.3953768929305898
6405,1915,1919,united_kingdom,allied_powers,189.6,333.58,2257.98,naval,523.18,0.2317026723000203
6406,1916,1919,united_kingdom,allied_powers,515.32,519.47,2861.28,africa,1034.79,0.3616528267069283
6407,1916,1918,united_states,allied_powers,599.49,364.88,350.12,middle_east,964.37,2.7543984919456186
6408,1917,1919,france,allied_powers,148.56,9.46,126.98,middle_east,158.02,1.2444479445581982
6409,1916,1918,russia,allied_powers,3.99,498.47,1167.28,western_front,502.46,0.4304537043382908
6410,1915,1918,serbia,allied_powers,179.04,305.52,1511.66,eastern_front,484.56,0.3205482714366987
6411,1916,1918,serbia,allied_powers,435.2,31.2,486.02,italian_front,466.4,0.9596312908933788
6412,1916,1918,russia,allied_powers,14.01,453.02,2679.64,naval,467.03,0.1742883372393306
6413,1914,1919,italy,allied_powers,280.93,91.89,780.78,middle_east,372.82,0.4774968621122467
6414,1915,1918,serbia,allied_powers,786.58,540.28,302.92,western_front,1326.86,4.380232404595273
6415,1915,1919,italy,allied_powers,441.47,590.83,578.73,western_front,1032.3000000000002,1.7837333471567054
6416,1914,1918,united_kingdom,allied_powers,893.55,575.61,2491.15,balkans,1469.16,0.5897517210926679
6417,1916,1918,serbia,allied_powers,252.37,33.72,131.57,naval,286.09000000000003,2.1744318613665734
6418,1917,1918,serbia,allied_powers,223.61,404.53,993.73,western_front,628.14,0.6321032876133356
6419,1917,1918,germany,central_powers,118.42,116.2,857.02,balkans,234.62,0.2737625726354111
6420,1916,1919,germany,central_powers,120.72,482.84,1073.1,eastern_front,603.56,0.5624452520734321
6421,1914,1919,france,allied_powers,72.14,317.06,484.24,eastern_front,389.2,0.8037336857756484
6422,1915,1918,belgium,allied_powers,129.12,54.11,618.52,italian_front,183.23,0.2962394102050055
6423,1914,1919,serbia,allied_powers,782.36,169.46,1576.33,africa,951.82,0.6038202660610406
6424,1916,1919,russia,allied_powers,823.62,169.63,1804.58,naval,993.25,0.5504050804065213
6425,1917,1919,united_states,allied_powers,451.53,426.58,2514.96,eastern_front,878.1099999999999,0.3491546585233959
6426,1915,1919,serbia,allied_powers,760.65,252.12,1838.78,africa,1012.77,0.5507836717823774
6427,1916,1918,united_kingdom,allied_powers,662.47,528.7,2673.87,western_front,1191.17,0.4454853826102242
6428,1916,1918,belgium,allied_powers,585.71,464.39,2327.41,balkans,1050.1,0.4511882306942051
6429,1914,1919,austria-hungary,central_powers,108.96,106.24,824.46,middle_east,215.2,0.261019333867016
6430,1914,1919,ottoman_empire,central_powers,162.09,339.22,511.22,africa,501.31000000000006,0.9806149994131684
6431,1914,1919,united_states,allied_powers,732.34,560.43,2042.21,italian_front,1292.77,0.6330250072225677
6432,1914,1919,austria-hungary,central_powers,716.59,461.86,305.14,balkans,1178.45,3.861997771514715
6433,1914,1919,serbia,allied_powers,432.17,1.39,173.59,balkans,433.56,2.49760930929201
6434,1915,1918,italy,allied_powers,699.73,467.84,71.57,air,1167.57,16.313678915746824
6435,1914,1919,serbia,allied_powers,780.44,414.88,1875.81,balkans,1195.3200000000002,0.6372287171941722
6436,1917,1918,united_kingdom,allied_powers,106.72,419.94,2670.44,eastern_front,526.66,0.1972184359131828
6437,1916,1918,serbia,allied_powers,622.87,166.96,2530.93,middle_east,789.83,0.3120710568842283
6438,1914,1919,austria-hungary,central_powers,696.77,11.46,1929.93,air,708.23,0.3669718590829719
6439,1917,1918,united_states,allied_powers,48.95,428.55,305.57,middle_east,477.5,1.5626534018391858
6440,1916,1919,serbia,allied_powers,225.71,112.73,396.94,air,338.44,0.85262256260392
6441,1916,1919,france,allied_powers,855.52,284.76,2474.65,naval,1140.28,0.4607843533428969
6442,1915,1919,russia,allied_powers,658.62,572.69,1789.37,middle_east,1231.31,0.6881248707645707
6443,1914,1919,russia,allied_powers,278.95,529.45,891.3,middle_east,808.4000000000001,0.9069897901940986
6444,1917,1919,united_kingdom,allied_powers,358.44,530.31,2892.08,eastern_front,888.75,0.3073047771845869
6445,1914,1919,russia,allied_powers,342.34,73.89,118.35,air,416.23,3.5169412758766367
6446,1916,1919,italy,allied_powers,91.4,398.98,359.81,italian_front,490.38,1.362885967594008
6447,1915,1918,united_states,allied_powers,639.59,10.98,2828.35,western_front,650.57,0.2300175013700567
6448,1915,1918,france,allied_powers,355.29,412.65,2544.79,middle_east,767.94,0.3017694976795728
6449,1916,1919,belgium,allied_powers,737.52,346.74,563.92,western_front,1084.26,1.922719534685771
6450,1915,1919,united_kingdom,allied_powers,589.49,220.98,2980.26,air,810.47,0.2719460718192372
6451,1915,1919,russia,allied_powers,531.84,571.92,1072.57,air,1103.76,1.029079687106669
6452,1917,1919,serbia,allied_powers,442.94,285.6,1846.82,western_front,728.54,0.3944834905404966
6453,1914,1919,serbia,allied_powers,278.09,419.3,771.87,italian_front,697.39,0.9035070672522576
6454,1916,1918,ottoman_empire,central_powers,563.37,131.13,2056.35,africa,694.5,0.337734335108323
6455,1915,1918,austria-hungary,central_powers,745.84,155.46,2985.63,italian_front,901.3,0.3018793353496582
6456,1914,1918,serbia,allied_powers,150.17,208.6,977.56,africa,358.77,0.3670056057940177
6457,1915,1919,italy,allied_powers,588.96,342.61,1191.55,western_front,931.57,0.7818136041290756
6458,1914,1919,russia,allied_powers,116.63,304.42,1549.96,air,421.05,0.2716521716689463
6459,1917,1918,germany,central_powers,668.81,64.04,2682.94,balkans,732.8499999999999,0.2731518408909628
6460,1915,1919,united_kingdom,allied_powers,189.93,472.55,2356.05,eastern_front,662.48,0.281182487638208
6461,1914,1918,italy,allied_powers,367.42,318.22,2870.19,middle_east,685.6400000000001,0.2388831401405482
6462,1917,1918,united_states,allied_powers,239.61,368.74,2440.35,western_front,608.35,0.2492880119654967
6463,1914,1918,united_kingdom,allied_powers,513.11,584.31,1981.51,naval,1097.42,0.5538301598276063
6464,1915,1918,france,allied_powers,214.65,406.45,2918.65,middle_east,621.1,0.2128038648005071
6465,1916,1918,italy,allied_powers,855.02,503.96,211.73,balkans,1358.98,6.418457469418599
6466,1915,1918,united_states,allied_powers,887.97,331.86,1775.82,naval,1219.83,0.6869108355576579
6467,1914,1919,germany,central_powers,48.94,403.95,2213.77,air,452.89,0.2045786147612444
6468,1916,1918,ottoman_empire,central_powers,744.76,330.21,1218.59,air,1074.97,0.8821424761404575
6469,1914,1919,serbia,allied_powers,500.74,403.84,2743.54,eastern_front,904.58,0.3297127069406679
6470,1914,1918,ottoman_empire,central_powers,36.12,108.22,1582.51,balkans,144.34,0.0912095342209527
6471,1916,1919,ottoman_empire,central_powers,585.36,568.6,2842.79,eastern_front,1153.96,0.4059251650667126
6472,1917,1919,france,allied_powers,836.93,72.54,139.53,italian_front,909.47,6.518096466709667
6473,1917,1919,united_kingdom,allied_powers,149.9,505.44,709.63,eastern_front,655.34,0.9234953426433494
6474,1916,1918,italy,allied_powers,121.93,277.78,543.3,eastern_front,399.71,0.7357077121295785
6475,1915,1919,belgium,allied_powers,701.59,542.52,381.52,eastern_front,1244.11,3.260929964353114
6476,1916,1918,austria-hungary,central_powers,783.43,86.03,2761.21,middle_east,869.4599999999999,0.3148836922943202
6477,1917,1918,germany,central_powers,518.88,246.24,361.09,balkans,765.12,2.1189177213437094
6478,1915,1919,germany,central_powers,888.2,308.73,1366.12,africa,1196.93,0.8761529001844641
6479,1917,1918,germany,central_powers,453.7,376.66,1670.78,africa,830.36,0.4969894300865464
6480,1915,1919,serbia,allied_powers,159.97,50.6,2786.37,italian_front,210.57,0.075571442414324
6481,1916,1918,belgium,allied_powers,67.94,410.87,2424.52,western_front,478.81,0.197486512794285
6482,1914,1918,france,allied_powers,320.36,589.56,2360.62,italian_front,909.92,0.385458057628928
6483,1917,1919,ottoman_empire,central_powers,829.45,9.8,428.95,middle_east,839.25,1.9565217391304348
6484,1915,1919,russia,allied_powers,627.29,109.39,2484.7,air,736.68,0.2964864973638668
6485,1917,1918,france,allied_powers,680.93,242.4,64.07,africa,923.33,14.411268924613704
6486,1915,1919,united_kingdom,allied_powers,747.17,437.51,1483.26,eastern_front,1184.6799999999998,0.7987001604573708
6487,1916,1919,united_kingdom,allied_powers,57.02,138.97,2326.48,balkans,195.99,0.0842431484474399
6488,1916,1919,austria-hungary,central_powers,152.04,189.89,2271.84,air,341.92999999999995,0.1505079583069229
6489,1916,1919,italy,allied_powers,253.02,59.96,1582.53,western_front,312.98,0.197771922175251
6490,1915,1918,ottoman_empire,central_powers,151.95,270.66,1131.5,balkans,422.61,0.3734953601414052
6491,1916,1919,germany,central_powers,187.16,311.85,1155.17,africa,499.01,0.4319797086143164
6492,1915,1918,serbia,allied_powers,616.02,465.3,2635.77,air,1081.32,0.4102482386551178
6493,1915,1919,united_kingdom,allied_powers,115.86,341.79,952.9,western_front,457.65,0.4802707524399203
6494,1915,1918,russia,allied_powers,668.13,478.03,770.56,western_front,1146.16,1.487437707641196
6495,1917,1919,ottoman_empire,central_powers,364.7,120.94,2978.31,naval,485.64,0.1630589159624082
6496,1915,1918,france,allied_powers,13.92,115.98,2741.24,italian_front,129.9,0.0473873137704104
6497,1914,1919,austria-hungary,central_powers,232.28,450.91,2002.72,balkans,683.19,0.3411310617560118
6498,1915,1918,ottoman_empire,central_powers,13.77,366.46,182.08,eastern_front,380.23,2.088257908611599
6499,1914,1918,france,allied_powers,85.42,574.4,1410.22,italian_front,659.8199999999999,0.4678844435619974
6500,1916,1919,ottoman_empire,central_powers,478.61,335.84,497.02,naval,814.45,1.6386664520542435
6501,1916,1919,italy,allied_powers,860.42,131.99,1544.09,air,992.41,0.6427151267089354
6502,1915,1918,italy,allied_powers,687.87,248.32,2039.5,italian_front,936.19,0.459029173817112
6503,1914,1918,ottoman_empire,central_powers,642.04,596.7,2314.04,africa,1238.74,0.5353148605901368
6504,1914,1918,russia,allied_powers,212.26,214.91,1941.08,balkans,427.17,0.220068209450409
6505,1914,1918,united_states,allied_powers,550.07,422.8,885.82,italian_front,972.87,1.0982705290013772
6506,1914,1918,united_kingdom,allied_powers,774.09,16.76,395.77,middle_east,790.85,1.998256563155368
6507,1916,1918,united_kingdom,allied_powers,449.91,281.48,1218.55,naval,731.3900000000001,0.6002133683476264
6508,1915,1919,united_states,allied_powers,423.68,145.96,2359.07,eastern_front,569.64,0.2414680361328828
6509,1917,1918,germany,central_powers,534.39,38.09,2452.92,western_front,572.48,0.2333871467475498
6510,1914,1919,italy,allied_powers,412.89,422.59,1642.38,africa,835.48,0.5087007878810019
6511,1916,1918,ottoman_empire,central_powers,806.66,52.31,1105.48,eastern_front,858.97,0.7770108911965843
6512,1915,1919,serbia,allied_powers,370.99,566.55,2375.32,italian_front,937.54,0.3947005035111058
6513,1917,1918,belgium,allied_powers,453.37,556.57,1230.78,western_front,1009.94,0.8205690700206374
6514,1915,1919,united_kingdom,allied_powers,822.42,578.6,2471.89,naval,1401.02,0.5667808842626493
6515,1916,1918,france,allied_powers,66.32,214.15,2269.28,western_front,280.47,0.1235942677853768
6516,1915,1918,serbia,allied_powers,454.09,450.27,2977.07,air,904.36,0.3037751883563369
6517,1916,1918,france,allied_powers,882.03,91.05,2480.34,italian_front,973.08,0.3923171823217784
6518,1915,1919,russia,allied_powers,406.39,140.24,635.13,middle_east,546.63,0.8606584478768127
6519,1915,1919,france,allied_powers,351.6,389.92,2483.5,eastern_front,741.52,0.2985786188846386
6520,1914,1919,united_kingdom,allied_powers,390.65,268.88,2974.45,middle_east,659.53,0.2217317487266553
6521,1915,1919,ottoman_empire,central_powers,199.33,316.38,923.34,balkans,515.71,0.5585266532371608
6522,1916,1919,italy,allied_powers,209.57,253.65,1773.9,western_front,463.22,0.2611308416483454
6523,1915,1918,serbia,allied_powers,568.77,491.51,316.99,eastern_front,1060.28,3.3448373765733934
6524,1915,1919,germany,central_powers,299.78,433.46,1157.25,balkans,733.24,0.6336055303521279
6525,1914,1918,united_kingdom,allied_powers,311.94,188.51,326.87,naval,500.45,1.531036803622235
6526,1915,1919,ottoman_empire,central_powers,460.33,138.05,859.68,italian_front,598.38,0.6960496929089894
6527,1914,1919,austria-hungary,central_powers,490.88,532.81,479.17,italian_front,1023.69,2.1363816599536696
6528,1915,1919,belgium,allied_powers,519.55,526.02,1858.23,eastern_front,1045.57,0.56266985249404
6529,1915,1918,united_states,allied_powers,377.98,556.27,799.8,air,934.25,1.168104526131533
6530,1917,1918,united_kingdom,allied_powers,882.37,248.31,251.93,air,1130.68,4.488072083515262
6531,1915,1919,serbia,allied_powers,216.51,186.12,1365.09,air,402.63,0.2949475858734589
6532,1916,1919,france,allied_powers,117.75,540.49,1824.85,middle_east,658.24,0.3607090993780311
6533,1916,1918,united_kingdom,allied_powers,574.99,480.96,788.83,middle_east,1055.95,1.3386280947732718
6534,1915,1918,italy,allied_powers,82.94,564.54,825.62,africa,647.48,0.7842348780310555
6535,1916,1919,united_kingdom,allied_powers,154.43,366.03,920.16,balkans,520.46,0.5656190227786473
6536,1917,1919,france,allied_powers,311.06,193.32,1944.81,eastern_front,504.38,0.2593466713972059
6537,1914,1919,united_states,allied_powers,130.38,67.41,2875.19,italian_front,197.79,0.0687919754868373
6538,1916,1918,russia,allied_powers,190.81,254.35,1069.32,air,445.16,0.416301948902106
6539,1914,1918,germany,central_powers,5.09,545.14,2739.15,africa,550.23,0.2008761842177318
6540,1917,1919,france,allied_powers,480.98,330.85,2348.24,western_front,811.83,0.3457184955541171
6541,1916,1918,france,allied_powers,460.09,259.88,775.37,balkans,719.97,0.9285502405303276
6542,1916,1919,ottoman_empire,central_powers,569.46,238.12,2710.94,middle_east,807.58,0.2978966705275661
6543,1916,1918,united_states,allied_powers,449.62,195.98,2307.35,eastern_front,645.6,0.2798015038897437
6544,1915,1918,italy,allied_powers,311.75,305.65,993.46,italian_front,617.4,0.6214643770257483
6545,1916,1919,united_kingdom,allied_powers,239.1,314.41,921.74,middle_east,553.51,0.6005055655607872
6546,1916,1918,united_states,allied_powers,422.02,269.04,2315.39,middle_east,691.06,0.2984637577254803
6547,1914,1918,serbia,allied_powers,776.21,325.85,1400.55,western_front,1102.06,0.7868765841990646
6548,1917,1918,germany,central_powers,593.3,200.88,2922.52,western_front,794.18,0.271744932455552
6549,1917,1918,ottoman_empire,central_powers,44.58,594.9,2384.62,balkans,639.48,0.2681685132222325
6550,1917,1919,russia,allied_powers,262.42,16.62,2006.83,africa,279.04,0.1390451607759501
6551,1914,1918,united_kingdom,allied_powers,460.44,524.55,2928.54,italian_front,984.99,0.3363416583007232
6552,1915,1919,united_kingdom,allied_powers,252.42,390.28,2468.76,eastern_front,642.6999999999999,0.260333122701275
6553,1915,1919,ottoman_empire,central_powers,612.25,510.71,2886.75,air,1122.96,0.3890049363471031
6554,1915,1918,germany,central_powers,836.47,5.29,2034.29,balkans,841.76,0.4137856451145117
6555,1914,1919,united_kingdom,allied_powers,11.84,213.5,934.87,middle_east,225.34,0.2410388610181094
6556,1915,1919,united_states,allied_powers,436.23,165.99,764.84,italian_front,602.22,0.7873803671356101
6557,1914,1919,russia,allied_powers,895.28,545.88,479.93,middle_east,1441.16,3.0028545829600146
6558,1916,1919,united_states,allied_powers,520.04,219.02,1806.32,middle_east,739.06,0.4091523096682758
6559,1916,1918,united_kingdom,allied_powers,720.75,408.55,2459.9,balkans,1129.3,0.4590837025895361
6560,1915,1919,serbia,allied_powers,688.5,303.19,2030.83,eastern_front,991.69,0.4883175844359203
6561,1917,1919,ottoman_empire,central_powers,362.37,249.08,592.92,africa,611.45,1.031252108210214
6562,1915,1919,russia,allied_powers,523.96,67.56,2272.39,africa,591.52,0.260307429622556
6563,1916,1919,france,allied_powers,260.73,179.3,1335.45,middle_east,440.03,0.3294994196712719
6564,1915,1919,united_states,allied_powers,245.28,177.89,1025.16,western_front,423.17,0.4127843458582074
6565,1914,1919,germany,central_powers,657.81,197.9,2233.83,western_front,855.7099999999999,0.3830685414736126
6566,1917,1918,italy,allied_powers,5.94,539.57,1589.88,eastern_front,545.5100000000001,0.3431139457065942
6567,1917,1919,united_states,allied_powers,499.42,565.19,226.67,eastern_front,1064.61,4.69673975382715
6568,1914,1918,united_states,allied_powers,130.52,153.35,95.95,italian_front,283.87,2.958520062532569
6569,1917,1919,united_states,allied_powers,154.42,302.77,237.87,air,457.19,1.922016227351074
6570,1915,1919,germany,central_powers,541.54,482.11,2192.87,balkans,1023.65,0.4668083379315691
6571,1914,1918,austria-hungary,central_powers,749.42,514.59,2258.21,naval,1264.01,0.5597397939075639
6572,1917,1918,belgium,allied_powers,458.37,568.49,1399.44,middle_east,1026.86,0.7337649345452467
6573,1916,1919,italy,allied_powers,662.22,589.92,2459.83,africa,1252.14,0.5090351772276945
6574,1914,1919,austria-hungary,central_powers,889.81,151.15,2191.74,western_front,1040.96,0.4749468458850047
6575,1915,1919,belgium,allied_powers,46.36,231.56,1657.01,western_front,277.92,0.1677237916488132
6576,1915,1919,austria-hungary,central_powers,114.23,72.82,1476.7,western_front,187.05,0.1266675695808221
6577,1917,1918,russia,allied_powers,504.11,496.22,960.04,air,1000.33,1.0419670013749427
6578,1914,1918,germany,central_powers,292.56,190.49,119.27,middle_east,483.05,4.050054498197367
6579,1914,1918,united_kingdom,allied_powers,795.23,20.21,58.74,naval,815.44,13.882192713653389
6580,1915,1919,austria-hungary,central_powers,589.99,0.65,1945.66,naval,590.64,0.3035679409557682
6581,1914,1918,italy,allied_powers,355.85,294.16,1573.17,eastern_front,650.01,0.4131848433417875
6582,1917,1918,serbia,allied_powers,690.93,348.53,2671.08,italian_front,1039.46,0.3891534510385313
6583,1917,1918,france,allied_powers,45.63,401.75,850.9,balkans,447.38,0.525772711246915
6584,1916,1918,italy,allied_powers,694.06,438.34,1553.65,western_front,1132.4,0.7288642873233996
6585,1916,1919,serbia,allied_powers,398.91,396.97,2759.84,naval,795.8800000000001,0.2883790364658821
6586,1914,1918,ottoman_empire,central_powers,350.91,236.09,1900.96,naval,587.0,0.3087913475296692
6587,1914,1918,ottoman_empire,central_powers,628.52,90.09,1142.9,air,718.61,0.628760171493569
6588,1914,1919,ottoman_empire,central_powers,309.68,470.13,924.33,naval,779.81,0.8436489132669067
6589,1916,1918,france,allied_powers,888.21,118.63,637.96,africa,1006.84,1.5782180700984387
6590,1916,1919,belgium,allied_powers,779.32,94.77,196.0,italian_front,874.09,4.459642857142858
6591,1914,1918,france,allied_powers,225.76,93.93,67.56,air,319.69,4.73194197750148
6592,1915,1918,austria-hungary,central_powers,346.99,493.42,2045.62,air,840.4100000000001,0.4108338792151035
6593,1917,1919,belgium,allied_powers,119.97,323.05,2067.91,balkans,443.02,0.2142356292101687
6594,1914,1918,united_kingdom,allied_powers,205.12,546.82,2239.85,eastern_front,751.94,0.3357099805790566
6595,1916,1919,france,allied_powers,429.15,294.37,2174.89,africa,723.52,0.332669698237612
6596,1914,1918,serbia,allied_powers,723.92,33.2,969.88,africa,757.12,0.780632655586258
6597,1914,1918,serbia,allied_powers,724.17,376.02,1880.07,eastern_front,1100.19,0.5851856579808199
6598,1914,1918,united_states,allied_powers,316.2,8.45,410.01,western_front,324.65,0.7918099558547352
6599,1915,1918,belgium,allied_powers,178.08,381.14,2497.1,naval,559.22,0.223947779424132
6600,1916,1918,germany,central_powers,245.16,597.01,1837.37,eastern_front,842.17,0.4583562374480915
6601,1917,1918,russia,allied_powers,103.46,355.47,1173.25,balkans,458.93,0.3911613040698913
6602,1916,1918,belgium,allied_powers,308.82,205.56,1209.15,air,514.38,0.4254062771368316
6603,1917,1918,france,allied_powers,240.06,388.73,2109.49,africa,628.79,0.2980767863322414
6604,1914,1919,austria-hungary,central_powers,605.65,369.22,2419.81,africa,974.87,0.4028704733016228
6605,1915,1919,italy,allied_powers,141.28,469.73,2834.16,air,611.01,0.2155876873571005
6606,1917,1919,united_states,allied_powers,506.59,540.6,1501.59,italian_front,1047.19,0.6973874359845231
6607,1915,1919,united_kingdom,allied_powers,71.79,103.09,666.15,africa,174.88,0.2625234556781505
6608,1917,1919,russia,allied_powers,339.01,68.09,2928.84,italian_front,407.1,0.1389970090547793
6609,1915,1918,italy,allied_powers,512.92,112.05,679.41,italian_front,624.9699999999999,0.9198716533462856
6610,1914,1918,belgium,allied_powers,38.76,290.7,2359.71,africa,329.46,0.1396188514690364
6611,1914,1918,united_kingdom,allied_powers,540.51,200.38,172.81,eastern_front,740.89,4.287309762166541
6612,1914,1918,united_kingdom,allied_powers,359.97,337.83,135.82,balkans,697.8,5.137682226476218
6613,1917,1918,serbia,allied_powers,406.0,474.85,1531.84,italian_front,880.85,0.5750274180071027
6614,1916,1919,serbia,allied_powers,575.18,68.26,511.23,naval,643.4399999999999,1.25861158382724
6615,1917,1918,ottoman_empire,central_powers,5.88,590.78,2679.91,middle_east,596.66,0.2226418051352471
6616,1915,1919,germany,central_powers,784.12,569.29,2385.23,italian_front,1353.41,0.567412786188334
6617,1917,1918,united_kingdom,allied_powers,268.27,542.39,696.72,africa,810.66,1.1635377196004133
6618,1917,1919,france,allied_powers,617.71,34.79,974.81,western_front,652.5,0.6693612088509556
6619,1916,1918,italy,allied_powers,835.41,287.64,1148.96,balkans,1123.05,0.9774491714245926
6620,1915,1919,austria-hungary,central_powers,74.38,468.81,1035.74,middle_east,543.19,0.5244462896093615
6621,1916,1919,austria-hungary,central_powers,882.57,492.91,2914.81,africa,1375.48,0.4718935367999973
6622,1914,1919,united_states,allied_powers,128.77,108.78,432.12,eastern_front,237.55,0.5497315560492456
6623,1916,1918,ottoman_empire,central_powers,510.71,76.52,659.7,air,587.23,0.8901470365317569
6624,1916,1919,russia,allied_powers,83.04,189.1,1485.97,air,272.14,0.1831396326978337
6625,1914,1918,united_kingdom,allied_powers,689.92,500.43,1204.37,middle_east,1190.35,0.9883590590931358
6626,1915,1919,austria-hungary,central_powers,648.77,135.45,797.52,middle_east,784.22,0.9833233022369344
6627,1916,1918,germany,central_powers,421.84,414.97,1447.82,western_front,836.81,0.5779793068199085
6628,1915,1918,germany,central_powers,374.57,109.23,2648.07,eastern_front,483.8,0.1826990978335164
6629,1916,1918,france,allied_powers,828.7,464.09,2252.38,africa,1292.79,0.573966204636873
6630,1914,1919,serbia,allied_powers,836.9,167.71,2493.3,eastern_front,1004.61,0.4029238358801588
6631,1916,1919,united_states,allied_powers,770.74,436.77,2561.3,italian_front,1207.51,0.4714441884980283
6632,1914,1919,belgium,allied_powers,795.06,547.63,2564.58,naval,1342.69,0.5235516146893449
6633,1914,1918,russia,allied_powers,438.76,599.27,2436.12,air,1038.03,0.426099699522191
6634,1915,1918,belgium,allied_powers,414.23,209.86,2557.42,italian_front,624.09,0.2440310938367573
6635,1917,1919,united_states,allied_powers,265.26,418.24,290.85,balkans,683.5,2.35000859549596
6636,1916,1919,italy,allied_powers,656.49,220.86,2972.3,western_front,877.35,0.2951754533526225
6637,1914,1919,russia,allied_powers,124.63,328.54,226.29,italian_front,453.17,2.0026072738521368
6638,1915,1918,russia,allied_powers,653.76,90.34,707.21,balkans,744.1,1.052162723943383
6639,1917,1919,italy,allied_powers,827.87,381.13,2961.16,balkans,1209.0,0.4082859419957044
6640,1915,1919,belgium,allied_powers,558.15,577.73,771.96,air,1135.88,1.4714233898129438
6641,1914,1918,serbia,allied_powers,329.44,263.81,1795.99,middle_east,593.25,0.3303192111314651
6642,1916,1919,italy,allied_powers,615.95,503.7,422.44,africa,1119.65,2.650435564813938
6643,1917,1919,russia,allied_powers,255.92,421.68,1176.14,italian_front,677.6,0.5761218902511606
6644,1917,1919,italy,allied_powers,791.93,173.47,1854.13,italian_front,965.4,0.5206754650429042
6645,1917,1919,serbia,allied_powers,4.66,265.07,63.63,balkans,269.73,4.239038189533239
6646,1917,1918,germany,central_powers,661.3,498.97,2372.73,africa,1160.27,0.4890021199209349
6647,1914,1919,ottoman_empire,central_powers,639.08,572.77,2937.55,italian_front,1211.85,0.4125376589334649
6648,1917,1918,serbia,allied_powers,286.71,597.63,1847.0,naval,884.3399999999999,0.4787980508933405
6649,1914,1918,serbia,allied_powers,283.55,475.9,354.89,middle_east,759.45,2.1399588604919835
6650,1915,1919,serbia,allied_powers,176.17,244.92,2866.89,western_front,421.09,0.1468804174558493
6651,1915,1919,germany,central_powers,455.66,488.94,2202.36,eastern_front,944.6,0.4289035398390817
6652,1917,1919,ottoman_empire,central_powers,225.54,555.16,2055.06,africa,780.6999999999999,0.3798915846739267
6653,1915,1919,france,allied_powers,82.22,493.99,2511.14,middle_east,576.21,0.229461519469245
6654,1916,1918,austria-hungary,central_powers,265.22,589.26,2457.05,naval,854.48,0.3477666307156956
6655,1917,1919,austria-hungary,central_powers,569.23,422.7,2298.87,middle_east,991.93,0.4314859039441117
6656,1914,1919,serbia,allied_powers,316.63,370.67,956.93,italian_front,687.3,0.7182343536099819
6657,1915,1919,serbia,allied_powers,690.43,411.52,2172.43,naval,1101.9499999999998,0.5072430412027085
6658,1915,1919,serbia,allied_powers,446.15,133.12,370.97,western_front,579.27,1.561500929994339
6659,1917,1918,france,allied_powers,509.25,478.4,1287.33,air,987.65,0.7672080973798482
6660,1917,1919,ottoman_empire,central_powers,832.63,143.87,316.42,middle_east,976.5,3.086088110738891
6661,1916,1919,italy,allied_powers,618.19,63.35,2644.8,italian_front,681.5400000000001,0.2576905626134301
6662,1915,1919,austria-hungary,central_powers,340.76,299.66,2455.34,italian_front,640.4200000000001,0.2608274210496306
6663,1916,1919,united_kingdom,allied_powers,631.92,570.98,2439.96,eastern_front,1202.9,0.4929998852440204
6664,1917,1919,united_kingdom,allied_powers,42.73,577.74,2347.64,balkans,620.47,0.2642952071015999
6665,1917,1919,united_states,allied_powers,251.73,491.79,1067.85,naval,743.52,0.6962775670740273
6666,1917,1918,russia,allied_powers,399.63,351.12,1309.5,naval,750.75,0.5733104238258877
6667,1916,1918,france,allied_powers,564.01,565.12,1595.0,africa,1129.13,0.7079184952978057
6668,1914,1918,serbia,allied_powers,831.26,353.99,298.49,naval,1185.25,3.970819792957888
6669,1915,1919,russia,allied_powers,683.4,181.85,1638.45,naval,865.25,0.528090573407794
6670,1916,1918,russia,allied_powers,777.24,252.4,923.87,western_front,1029.64,1.114485804279823
6671,1917,1918,russia,allied_powers,393.55,216.69,2095.37,naval,610.24,0.2912325746765488
6672,1914,1918,germany,central_powers,624.88,434.52,966.33,air,1059.4,1.0963128537870086
6673,1915,1919,france,allied_powers,113.08,72.96,1552.61,eastern_front,186.04,0.1198240382323957
6674,1917,1918,france,allied_powers,114.0,496.72,2331.76,balkans,610.72,0.2619137475554945
6675,1914,1919,belgium,allied_powers,228.18,213.1,692.72,middle_east,441.28,0.6370250606305577
6676,1916,1919,ottoman_empire,central_powers,102.27,170.14,2843.44,air,272.41,0.0958029710491517
6677,1917,1918,belgium,allied_powers,634.64,235.72,2317.91,western_front,870.36,0.3754934402112247
6678,1915,1918,united_states,allied_powers,771.71,576.05,267.14,middle_east,1347.76,5.045144867859549
6679,1916,1918,russia,allied_powers,873.49,372.9,1462.56,air,1246.39,0.8521975166830762
6680,1917,1918,austria-hungary,central_powers,113.38,457.21,2221.33,italian_front,570.5899999999999,0.2568686327560515
6681,1915,1918,austria-hungary,central_powers,888.02,377.33,2566.59,eastern_front,1265.35,0.4930082327134446
6682,1916,1919,austria-hungary,central_powers,727.5,218.36,1286.48,air,945.86,0.7352310179715191
6683,1915,1918,france,allied_powers,869.47,499.12,788.98,eastern_front,1368.59,1.7346320565793811
6684,1914,1919,united_states,allied_powers,20.68,337.16,751.1,western_front,357.84000000000003,0.4764212488350419
6685,1915,1918,france,allied_powers,836.67,117.96,2073.45,western_front,954.63,0.460406568762208
6686,1914,1918,italy,allied_powers,897.0,263.77,1819.9,italian_front,1160.77,0.6378207593823836
6687,1916,1918,russia,allied_powers,22.68,237.38,2659.92,air,260.06,0.0977698577400824
6688,1917,1918,belgium,allied_powers,699.6,224.44,1928.16,balkans,924.04,0.4792340884573894
6689,1915,1918,russia,allied_powers,641.61,565.56,1870.7,middle_east,1207.17,0.6453038969369755
6690,1915,1919,united_kingdom,allied_powers,317.83,549.25,1312.34,air,867.0799999999999,0.660712925004191
6691,1917,1918,ottoman_empire,central_powers,474.06,37.4,236.28,naval,511.46,2.164635178601659
6692,1917,1918,serbia,allied_powers,880.12,216.53,2662.62,middle_east,1096.65,0.4118687608445817
6693,1917,1919,italy,allied_powers,137.67,214.3,1800.15,balkans,351.97,0.1955225953392773
6694,1917,1918,austria-hungary,central_powers,597.95,322.22,789.95,eastern_front,920.17,1.164845876321286
6695,1917,1918,united_kingdom,allied_powers,98.49,122.9,2667.33,middle_east,221.39,0.0830006035998545
6696,1915,1918,united_kingdom,allied_powers,322.83,477.84,2128.59,air,800.67,0.376150409425958
6697,1916,1919,italy,allied_powers,364.6,349.52,1684.36,western_front,714.12,0.4239711225628725
6698,1917,1918,united_kingdom,allied_powers,538.62,262.73,303.56,africa,801.35,2.639840558703386
6699,1916,1919,italy,allied_powers,538.59,510.45,1071.8,eastern_front,1049.04,0.978764694905766
6700,1916,1918,ottoman_empire,central_powers,70.31,429.01,221.12,eastern_front,499.32,2.258140376266281
6701,1917,1919,russia,allied_powers,94.76,88.02,526.28,italian_front,182.78,0.3473056167819412
6702,1915,1919,serbia,allied_powers,371.75,430.22,1104.07,africa,801.97,0.726376044997147
6703,1917,1919,russia,allied_powers,656.69,226.08,2887.52,eastern_front,882.7700000000001,0.3057190945863579
6704,1917,1919,united_states,allied_powers,867.73,356.79,1766.46,air,1224.52,0.6932056202801082
6705,1915,1919,russia,allied_powers,28.94,48.1,2318.99,naval,77.04,0.0332213592986602
6706,1914,1918,united_states,allied_powers,833.58,284.65,1682.8,naval,1118.23,0.664505585928215
6707,1917,1918,germany,central_powers,64.67,212.46,688.44,balkans,277.13,0.4025477892045784
6708,1914,1918,ottoman_empire,central_powers,448.58,497.06,1471.23,air,945.64,0.6427547018481135
6709,1917,1918,france,allied_powers,100.63,91.49,935.49,western_front,192.12,0.2053683096559022
6710,1916,1919,austria-hungary,central_powers,540.58,79.98,1917.17,naval,620.5600000000001,0.323685432173464
6711,1916,1919,italy,allied_powers,730.28,467.42,334.26,middle_east,1197.7,3.5831388739304737
6712,1914,1919,austria-hungary,central_powers,221.72,143.69,1214.57,eastern_front,365.41,0.3008554467836353
6713,1914,1918,serbia,allied_powers,477.07,229.85,917.65,middle_east,706.92,0.7703590693619572
6714,1917,1919,ottoman_empire,central_powers,764.39,592.52,2274.61,africa,1356.91,0.596546221110432
6715,1915,1919,serbia,allied_powers,780.41,422.45,2451.58,eastern_front,1202.86,0.4906468481550673
6716,1914,1918,united_kingdom,allied_powers,230.74,51.88,2690.07,italian_front,282.62,0.1050604631106253
6717,1914,1919,italy,allied_powers,287.92,516.49,2390.64,air,804.4100000000001,0.3364831174915504
6718,1917,1918,belgium,allied_powers,175.55,105.26,1777.74,western_front,280.81,0.1579589816283596
6719,1914,1918,united_kingdom,allied_powers,582.78,301.09,1501.42,air,883.8699999999999,0.5886893740592238
6720,1917,1919,belgium,allied_powers,472.26,108.88,2295.06,italian_front,581.14,0.2532134236141974
6721,1915,1918,united_kingdom,allied_powers,852.66,499.4,662.18,naval,1352.06,2.041831526171132
6722,1917,1919,germany,central_powers,741.78,296.86,1944.74,eastern_front,1038.64,0.5340765346524471
6723,1915,1919,austria-hungary,central_powers,15.79,268.47,2505.25,eastern_front,284.26000000000005,0.1134657219838339
6724,1916,1919,serbia,allied_powers,471.24,25.22,2333.91,balkans,496.46,0.2127160001885248
6725,1916,1919,germany,central_powers,721.78,113.27,2013.14,balkans,835.05,0.4147997655403995
6726,1915,1918,austria-hungary,central_powers,687.26,336.85,205.65,eastern_front,1024.11,4.979868708971554
6727,1917,1918,france,allied_powers,389.58,457.65,2994.82,air,847.23,0.2828984713605492
6728,1915,1918,russia,allied_powers,146.55,487.17,1819.7,middle_east,633.72,0.3482552069022366
6729,1914,1919,austria-hungary,central_powers,218.94,19.64,369.22,africa,238.58,0.6461730133795568
6730,1914,1918,italy,allied_powers,566.57,438.13,2234.06,eastern_front,1004.7,0.4497193450489244
6731,1915,1919,serbia,allied_powers,61.92,202.7,1192.06,italian_front,264.62,0.2219854705300069
6732,1917,1919,united_states,allied_powers,733.09,276.29,1334.67,balkans,1009.38,0.7562768324754434
6733,1914,1918,serbia,allied_powers,267.29,25.72,474.68,italian_front,293.01,0.6172790090166006
6734,1917,1919,belgium,allied_powers,797.17,274.79,769.92,western_front,1071.96,1.3923004987531171
6735,1916,1919,united_states,allied_powers,397.03,582.64,2014.88,naval,979.67,0.4862175414913046
6736,1917,1919,united_states,allied_powers,342.42,539.39,2067.36,balkans,881.81,0.4265391610556458
6737,1914,1918,france,allied_powers,698.92,214.22,2889.2,middle_east,913.14,0.316052886612211
6738,1915,1919,italy,allied_powers,169.53,184.08,344.24,balkans,353.61,1.0272193818266326
6739,1915,1918,germany,central_powers,119.85,85.69,2974.55,air,205.54,0.0690995276596459
6740,1914,1919,germany,central_powers,28.63,468.39,681.48,eastern_front,497.02,0.7293244115748078
6741,1915,1918,belgium,allied_powers,242.93,155.02,227.74,italian_front,397.9500000000001,1.7473873715640644
6742,1917,1919,italy,allied_powers,230.21,548.39,85.41,air,778.6,9.116028568083363
6743,1916,1918,serbia,allied_powers,48.31,343.14,1730.37,middle_east,391.45,0.2262232932840953
6744,1915,1918,germany,central_powers,783.54,110.18,2361.82,africa,893.72,0.3784030959175551
6745,1914,1919,germany,central_powers,575.27,210.98,1190.44,eastern_front,786.25,0.66047007829038
6746,1917,1918,russia,allied_powers,872.87,292.03,2529.39,eastern_front,1164.9,0.4605458233012703
6747,1915,1919,united_kingdom,allied_powers,751.63,413.14,1564.44,middle_east,1164.77,0.7445283935465725
6748,1916,1918,france,allied_powers,857.78,478.89,1414.2,naval,1336.67,0.945177485504172
6749,1916,1919,ottoman_empire,central_powers,692.38,129.28,2450.77,air,821.66,0.335266059238525
6750,1914,1919,germany,central_powers,674.67,527.74,2316.2,air,1202.41,0.5191304723253605
6751,1916,1918,france,allied_powers,893.95,571.11,428.11,africa,1465.06,3.422157856625633
6752,1915,1918,austria-hungary,central_powers,427.87,116.43,723.74,eastern_front,544.3,0.7520656589382927
6753,1914,1919,ottoman_empire,central_powers,293.35,128.74,1280.33,naval,422.09,0.3296728187264221
6754,1914,1919,united_states,allied_powers,418.74,45.11,2619.43,air,463.85,0.1770805098819209
6755,1915,1918,germany,central_powers,765.12,128.14,1188.77,air,893.26,0.7514153284487327
6756,1916,1918,italy,allied_powers,589.71,473.52,1880.33,naval,1063.23,0.5654486180617232
6757,1917,1919,belgium,allied_powers,571.13,108.94,1459.71,air,680.0699999999999,0.4658939104342642
6758,1917,1918,belgium,allied_powers,649.08,243.83,1443.86,eastern_front,892.9100000000001,0.6184186832518389
6759,1916,1919,italy,allied_powers,266.4,186.39,706.23,balkans,452.79,0.6411367401554734
6760,1914,1919,serbia,allied_powers,603.2,473.49,285.93,italian_front,1076.69,3.765571993145176
6761,1915,1918,united_states,allied_powers,543.99,169.53,1642.07,eastern_front,713.52,0.434524715755114
6762,1917,1918,germany,central_powers,693.38,308.31,1221.44,balkans,1001.69,0.8200894026722557
6763,1914,1918,russia,allied_powers,810.1,60.49,331.18,eastern_front,870.59,2.628751736215955
6764,1916,1919,united_kingdom,allied_powers,515.3,137.07,1737.55,balkans,652.3699999999999,0.3754539437714022
6765,1915,1919,russia,allied_powers,719.93,95.86,263.2,middle_east,815.79,3.099506079027356
6766,1914,1919,united_kingdom,allied_powers,83.2,231.35,1734.78,middle_east,314.55,0.1813198215335662
6767,1914,1918,united_kingdom,allied_powers,171.32,461.77,1978.63,middle_east,633.0899999999999,0.3199638133455976
6768,1916,1918,russia,allied_powers,333.43,522.0,1183.46,italian_front,855.4300000000001,0.7228212191371065
6769,1916,1919,italy,allied_powers,534.26,428.45,681.49,middle_east,962.71,1.4126546244258904
6770,1916,1919,italy,allied_powers,276.99,180.74,1795.02,balkans,457.73,0.2549999442903143
6771,1915,1918,russia,allied_powers,732.37,370.37,2881.12,air,1102.74,0.3827469872827234
6772,1915,1918,france,allied_powers,109.14,469.46,2171.04,naval,578.6,0.2665082172599307
6773,1917,1919,russia,allied_powers,694.89,561.89,788.87,western_front,1256.78,1.59313955404566
6774,1914,1919,ottoman_empire,central_powers,490.03,560.2,2077.11,italian_front,1050.23,0.5056207904251581
6775,1914,1919,united_states,allied_powers,613.82,402.76,2431.9,middle_east,1016.58,0.4180188330112258
6776,1915,1919,belgium,allied_powers,390.05,390.67,1662.37,eastern_front,780.72,0.4696427389810933
6777,1917,1919,united_states,allied_powers,752.5,529.78,1179.5,middle_east,1282.28,1.0871386180584994
6778,1917,1919,france,allied_powers,706.86,36.26,2385.74,africa,743.12,0.3114840678363946
6779,1917,1918,italy,allied_powers,713.52,566.23,2414.17,middle_east,1279.75,0.5300993716266874
6780,1916,1919,italy,allied_powers,246.16,513.02,2594.79,eastern_front,759.18,0.2925785901749274
6781,1916,1918,italy,allied_powers,15.33,543.07,1934.04,italian_front,558.4000000000001,0.2887220533184422
6782,1916,1919,russia,allied_powers,456.48,193.22,1957.01,air,649.7,0.3319860399282579
6783,1916,1919,austria-hungary,central_powers,521.13,416.09,1540.13,balkans,937.22,0.6085330459117088
6784,1915,1919,serbia,allied_powers,109.56,219.76,2121.38,eastern_front,329.32,0.1552385711188
6785,1916,1918,russia,allied_powers,654.54,533.99,311.18,naval,1188.53,3.819429269233241
6786,1917,1919,belgium,allied_powers,48.81,551.07,2147.09,air,599.8800000000001,0.2793921074570698
6787,1914,1919,united_kingdom,allied_powers,150.63,414.52,2616.79,air,565.15,0.2159707122084691
6788,1915,1918,austria-hungary,central_powers,29.16,494.27,1326.43,western_front,523.43,0.3946156223848977
6789,1914,1918,united_states,allied_powers,789.7,182.29,525.56,western_front,971.99,1.8494367912322096
6790,1916,1919,italy,allied_powers,56.56,85.97,645.17,naval,142.53,0.2209185176000124
6791,1915,1919,serbia,allied_powers,836.23,205.24,797.01,naval,1041.47,1.3067213711245782
6792,1914,1919,united_kingdom,allied_powers,740.86,483.14,2852.59,africa,1224.0,0.4290837449475739
6793,1916,1919,italy,allied_powers,891.52,312.42,1575.27,middle_east,1203.94,0.7642753305782501
6794,1914,1918,united_states,allied_powers,295.03,450.25,2721.42,western_front,745.28,0.273857030520831
6795,1916,1918,united_states,allied_powers,783.61,138.13,1636.68,naval,921.74,0.563176674731774
6796,1917,1919,ottoman_empire,central_powers,421.89,386.8,2620.62,italian_front,808.69,0.3085872808724653
6797,1917,1918,belgium,allied_powers,414.49,298.93,1768.86,air,713.4200000000001,0.4033219135488394
6798,1915,1918,italy,allied_powers,485.74,138.43,1878.13,air,624.1700000000001,0.3323358872921469
6799,1916,1918,germany,central_powers,569.5,367.11,2166.22,eastern_front,936.61,0.4323706733388114
6800,1914,1919,ottoman_empire,central_powers,537.46,194.82,107.37,balkans,732.28,6.820154605569526
6801,1915,1919,germany,central_powers,66.0,501.06,2627.39,naval,567.06,0.2158263523877308
6802,1914,1919,ottoman_empire,central_powers,681.23,405.96,1657.69,balkans,1087.19,0.6558463886492649
6803,1917,1918,russia,allied_powers,725.37,100.31,154.38,air,825.6800000000001,5.348361186682213
6804,1917,1918,united_states,allied_powers,79.57,31.79,2133.99,middle_east,111.36,0.0521839371318516
6805,1915,1919,united_states,allied_powers,34.88,371.33,913.0,eastern_front,406.21,0.4449178532311062
6806,1915,1919,france,allied_powers,334.26,585.86,963.7,balkans,920.12,0.9547784580263567
6807,1916,1919,united_kingdom,allied_powers,203.68,577.12,2620.63,italian_front,780.8,0.2979436242430255
6808,1917,1919,belgium,allied_powers,631.92,441.7,1108.33,naval,1073.62,0.968682612579286
6809,1916,1919,germany,central_powers,371.63,99.55,1974.4,middle_east,471.18,0.2386446515397082
6810,1916,1919,austria-hungary,central_powers,339.2,435.32,2654.6,eastern_front,774.52,0.2917652377005952
6811,1914,1919,united_states,allied_powers,516.11,42.73,2916.57,air,558.84,0.1916086361719417
6812,1914,1919,united_kingdom,allied_powers,334.73,235.05,391.88,italian_front,569.78,1.4539654996427478
6813,1915,1919,united_kingdom,allied_powers,550.85,104.58,92.52,western_front,655.4300000000001,7.084198011240813
6814,1915,1918,germany,central_powers,780.97,290.9,230.0,air,1071.87,4.660304347826086
6815,1916,1919,italy,allied_powers,821.47,418.81,407.0,air,1240.28,3.0473710073710074
6816,1916,1919,united_states,allied_powers,94.75,181.7,61.19,western_front,276.45,4.517895080895571
6817,1917,1918,france,allied_powers,97.18,138.5,1195.77,middle_east,235.68,0.1970947590255651
6818,1914,1918,france,allied_powers,423.29,506.35,584.79,naval,929.64,1.5896988662596832
6819,1917,1918,united_kingdom,allied_powers,620.01,142.1,2452.27,italian_front,762.11,0.3107773613835344
6820,1917,1919,serbia,allied_powers,85.83,34.6,1234.06,africa,120.43,0.0975884478874609
6821,1917,1919,germany,central_powers,489.1,332.39,441.65,western_front,821.49,1.860047548964112
6822,1916,1918,united_states,allied_powers,279.33,240.95,173.97,western_front,520.28,2.99063056848882
6823,1914,1919,germany,central_powers,83.28,112.76,819.23,western_front,196.04,0.2392978772750021
6824,1916,1919,united_states,allied_powers,860.8,152.93,176.82,naval,1013.73,5.733118425517476
6825,1916,1919,germany,central_powers,303.87,396.78,142.1,naval,700.65,4.930682617874736
6826,1915,1919,italy,allied_powers,171.96,127.0,291.57,western_front,298.96000000000004,1.0253455430942828
6827,1917,1919,belgium,allied_powers,229.93,548.48,1668.02,western_front,778.4100000000001,0.4666670663421302
6828,1915,1918,france,allied_powers,816.68,525.62,1852.79,eastern_front,1342.3,0.7244749809746382
6829,1917,1919,russia,allied_powers,95.59,531.88,933.21,africa,627.47,0.6723781356822152
6830,1916,1919,serbia,allied_powers,410.32,62.65,2800.95,air,472.97,0.1688605651653903
6831,1917,1918,austria-hungary,central_powers,285.07,346.45,1398.69,air,631.52,0.4515081969557228
6832,1915,1918,france,allied_powers,856.64,174.19,987.04,balkans,1030.83,1.044364970011347
6833,1917,1918,russia,allied_powers,336.0,288.34,714.13,eastern_front,624.3399999999999,0.8742665901166453
6834,1914,1919,ottoman_empire,central_powers,525.1,378.53,149.25,western_front,903.63,6.0544723618090455
6835,1916,1918,italy,allied_powers,364.61,220.26,209.62,air,584.87,2.790144070222307
6836,1914,1918,germany,central_powers,540.67,546.78,1902.44,naval,1087.4499999999998,0.5716080402010049
6837,1916,1919,austria-hungary,central_powers,494.65,205.28,821.01,naval,699.93,0.8525231117769576
6838,1914,1918,france,allied_powers,716.03,531.3,368.56,italian_front,1247.33,3.384333622747992
6839,1914,1919,ottoman_empire,central_powers,176.05,108.92,2420.77,western_front,284.97,0.1177187423836217
6840,1917,1919,belgium,allied_powers,291.09,445.4,284.62,naval,736.49,2.587625606071253
6841,1914,1918,russia,allied_powers,535.0,115.63,1764.7,italian_front,650.63,0.3686915623052076
6842,1915,1918,united_kingdom,allied_powers,720.9,231.93,943.06,balkans,952.83,1.0103598922656034
6843,1916,1919,ottoman_empire,central_powers,616.89,379.97,835.07,naval,996.86,1.193744237010071
6844,1915,1918,russia,allied_powers,499.54,105.07,1405.72,italian_front,604.61,0.4301069914349941
6845,1916,1919,ottoman_empire,central_powers,345.32,463.14,580.9,air,808.46,1.3917369598898262
6846,1915,1918,united_kingdom,allied_powers,259.31,579.05,2397.99,air,838.3599999999999,0.3496094645932635
6847,1917,1918,serbia,allied_powers,365.47,477.26,1593.94,africa,842.73,0.5287087343312797
6848,1916,1918,united_kingdom,allied_powers,164.03,505.7,699.82,naval,669.73,0.957003229401846
6849,1916,1918,belgium,allied_powers,454.05,85.25,844.69,balkans,539.3,0.6384590796623613
6850,1914,1919,germany,central_powers,869.15,482.66,632.5,middle_east,1351.81,2.1372490118577074
6851,1917,1919,italy,allied_powers,241.09,397.95,1929.57,air,639.04,0.3311825950859517
6852,1917,1919,italy,allied_powers,171.98,396.05,1765.37,western_front,568.03,0.3217625766836414
6853,1916,1919,austria-hungary,central_powers,736.84,363.42,786.34,naval,1100.26,1.3992166238522776
6854,1917,1919,united_kingdom,allied_powers,630.36,370.06,2230.95,italian_front,1000.42,0.4484277998162219
6855,1916,1919,ottoman_empire,central_powers,322.11,88.69,1573.03,western_front,410.8,0.2611520441441041
6856,1916,1919,russia,allied_powers,228.64,533.74,2761.36,naval,762.38,0.276088594026132
6857,1915,1919,united_states,allied_powers,449.11,362.71,588.44,africa,811.8199999999999,1.379613894364761
6858,1915,1919,austria-hungary,central_powers,331.73,390.02,1288.85,middle_east,721.75,0.5599953446871242
6859,1914,1919,united_states,allied_powers,887.33,119.83,1151.94,air,1007.16,0.8743163706443045
6860,1915,1919,russia,allied_powers,424.7,468.86,1306.37,italian_front,893.56,0.6840022352013595
6861,1915,1919,serbia,allied_powers,291.79,93.2,1716.97,balkans,384.99,0.2242263988304979
6862,1917,1919,united_states,allied_powers,289.37,403.16,638.27,naval,692.53,1.0850110454823194
6863,1915,1919,united_states,allied_powers,343.24,336.67,2331.73,air,679.9100000000001,0.2915903642359965
6864,1914,1918,ottoman_empire,central_powers,888.45,586.3,2908.35,air,1474.75,0.5070744580260286
6865,1915,1919,austria-hungary,central_powers,164.09,414.39,405.74,italian_front,578.48,1.425740622073249
6866,1915,1919,serbia,allied_powers,231.98,273.29,2989.8,air,505.27,0.1689979262826944
6867,1914,1919,france,allied_powers,683.43,289.78,746.18,western_front,973.21,1.3042563456538636
6868,1914,1919,france,allied_powers,472.39,237.01,1749.5,air,709.4,0.4054872820805944
6869,1914,1918,united_states,allied_powers,93.27,282.55,1765.19,balkans,375.82,0.2129062593828426
6870,1917,1918,united_kingdom,allied_powers,311.17,103.22,2554.95,balkans,414.39,0.1621910409205659
6871,1914,1919,ottoman_empire,central_powers,222.53,561.8,163.53,air,784.3299999999999,4.796245337246988
6872,1917,1918,germany,central_powers,463.23,220.71,404.18,africa,683.94,1.6921668563511307
6873,1915,1918,united_states,allied_powers,585.91,365.07,850.95,middle_east,950.98,1.117550972442564
6874,1917,1918,united_states,allied_powers,113.88,417.9,1750.14,naval,531.78,0.3038499777160684
6875,1915,1918,france,allied_powers,460.92,58.99,1499.49,middle_east,519.91,0.3467245530146916
6876,1915,1918,belgium,allied_powers,233.29,559.13,1650.7,balkans,792.42,0.4800508875022717
6877,1914,1919,belgium,allied_powers,481.36,578.38,1267.95,balkans,1059.74,0.8357900548128869
6878,1917,1919,belgium,allied_powers,689.14,40.4,2825.55,eastern_front,729.54,0.2581939799331103
6879,1917,1918,germany,central_powers,78.51,364.74,52.4,eastern_front,443.25,8.458969465648854
6880,1915,1918,ottoman_empire,central_powers,544.02,538.82,895.91,africa,1082.84,1.2086481901083816
6881,1916,1918,belgium,allied_powers,465.54,50.16,1517.68,balkans,515.7,0.3397949501871277
6882,1916,1919,belgium,allied_powers,260.92,572.62,207.22,italian_front,833.54,4.02248817681691
6883,1914,1919,germany,central_powers,534.4,329.44,351.94,air,863.8399999999999,2.454509291356481
6884,1917,1919,germany,central_powers,177.61,295.72,963.9,air,473.33,0.4910571636061833
6885,1916,1918,ottoman_empire,central_powers,897.34,60.78,2008.79,balkans,958.12,0.4769637443436098
6886,1915,1919,russia,allied_powers,479.49,84.87,1517.63,naval,564.36,0.3718692962052674
6887,1916,1918,united_states,allied_powers,740.33,72.0,1426.42,western_front,812.33,0.5694886499067596
6888,1917,1919,austria-hungary,central_powers,194.71,140.04,2439.65,balkans,334.75,0.1372123050437562
6889,1917,1918,united_states,allied_powers,808.01,79.4,2925.36,air,887.41,0.3033506987174227
6890,1914,1918,russia,allied_powers,76.13,94.56,2909.63,balkans,170.69,0.0586638163615305
6891,1916,1919,ottoman_empire,central_powers,371.97,229.57,591.18,italian_front,601.54,1.0175242734869243
6892,1915,1919,russia,allied_powers,460.64,443.17,311.55,naval,903.81,2.901011073663938
6893,1914,1918,belgium,allied_powers,499.23,150.68,2912.84,balkans,649.9100000000001,0.2231190178657255
6894,1917,1919,belgium,allied_powers,399.99,379.43,1116.77,africa,779.4200000000001,0.6979234757380661
6895,1914,1919,united_kingdom,allied_powers,666.23,467.73,2646.99,air,1133.96,0.4283960271855958
6896,1915,1918,serbia,allied_powers,529.06,281.96,367.62,middle_east,811.02,2.2061367716663947
6897,1915,1919,belgium,allied_powers,463.12,388.84,1555.5,italian_front,851.96,0.5477081324333012
6898,1914,1918,austria-hungary,central_powers,707.08,480.8,2713.55,balkans,1187.88,0.4377586556356065
6899,1917,1918,russia,allied_powers,597.31,92.89,2979.05,eastern_front,690.1999999999999,0.2316845974387807
6900,1917,1918,ottoman_empire,central_powers,518.85,175.73,1900.22,middle_east,694.58,0.3655260969782446
6901,1917,1918,russia,allied_powers,660.52,584.16,2147.78,air,1244.6799999999998,0.5795193176209853
6902,1916,1919,austria-hungary,central_powers,226.76,83.7,1240.27,balkans,310.46,0.250316463350722
6903,1914,1918,serbia,allied_powers,792.55,111.43,2041.54,eastern_front,903.98,0.4427931855364088
6904,1917,1918,serbia,allied_powers,885.82,2.97,330.77,naval,888.7900000000001,2.687033285969102
6905,1915,1918,germany,central_powers,313.76,108.92,2662.15,italian_front,422.68,0.1587739233326446
6906,1915,1919,russia,allied_powers,478.34,325.69,1044.42,italian_front,804.03,0.7698339748377089
6907,1917,1919,germany,central_powers,751.25,212.77,1582.31,balkans,964.02,0.6092485037698049
6908,1914,1918,ottoman_empire,central_powers,182.98,581.79,2145.44,western_front,764.77,0.3564630099187112
6909,1917,1919,russia,allied_powers,435.34,431.85,1761.03,italian_front,867.19,0.4924334054502195
6910,1915,1918,france,allied_powers,121.02,597.48,145.31,naval,718.5,4.944601197439956
6911,1914,1918,ottoman_empire,central_powers,121.73,359.25,2227.79,naval,480.98,0.2159000623936726
6912,1914,1918,united_states,allied_powers,692.52,91.03,399.88,italian_front,783.55,1.9594628388516555
6913,1914,1919,germany,central_powers,662.56,523.29,52.33,naval,1185.85,22.66099751576533
6914,1917,1918,france,allied_powers,195.33,277.51,2722.97,italian_front,472.84,0.173648626316118
6915,1914,1919,germany,central_powers,462.0,432.9,1041.22,western_front,894.9,0.8594725418259349
6916,1916,1919,austria-hungary,central_powers,252.65,319.26,601.34,eastern_front,571.91,0.9510593008946684
6917,1916,1918,belgium,allied_powers,428.51,5.74,802.65,eastern_front,434.25,0.5410203700242946
6918,1915,1918,ottoman_empire,central_powers,637.41,128.62,318.56,middle_east,766.03,2.404664741336012
6919,1917,1918,united_states,allied_powers,591.78,143.1,1727.34,eastern_front,734.88,0.4254402723262357
6920,1914,1918,ottoman_empire,central_powers,211.87,537.92,1153.45,western_front,749.79,0.6500411808054098
6921,1915,1918,united_states,allied_powers,841.29,592.75,2986.35,eastern_front,1434.04,0.4801982353039664
6922,1914,1919,germany,central_powers,407.27,140.6,1147.54,naval,547.87,0.4774299806542691
6923,1915,1918,ottoman_empire,central_powers,113.33,233.54,782.2,naval,346.87,0.4434543594988493
6924,1915,1918,russia,allied_powers,432.58,297.71,731.61,italian_front,730.29,0.9981957600360848
6925,1915,1918,ottoman_empire,central_powers,79.06,385.78,1062.58,africa,464.84,0.4374635321575787
6926,1917,1918,belgium,allied_powers,340.88,32.47,2557.16,naval,373.35,0.1460018145129753
6927,1917,1919,russia,allied_powers,353.46,105.06,625.72,naval,458.52,0.7327878284216582
6928,1914,1918,belgium,allied_powers,843.91,164.53,2687.35,air,1008.44,0.3752544328055519
6929,1914,1918,germany,central_powers,611.96,15.47,1050.7,africa,627.4300000000001,0.5971542781003141
6930,1914,1919,russia,allied_powers,599.97,207.52,2782.22,middle_east,807.49,0.2902322605688982
6931,1914,1918,italy,allied_powers,789.62,553.44,1879.1,balkans,1343.06,0.7147357777659518
6932,1916,1919,france,allied_powers,784.7,390.61,852.25,italian_front,1175.31,1.37906717512467
6933,1916,1918,austria-hungary,central_powers,182.69,454.23,2958.01,naval,636.9200000000001,0.2153204350221939
6934,1914,1918,belgium,allied_powers,29.59,254.3,2559.42,eastern_front,283.89,0.1109196614858053
6935,1915,1919,ottoman_empire,central_powers,661.72,492.79,1598.86,middle_east,1154.51,0.722083234304442
6936,1915,1918,belgium,allied_powers,695.62,375.96,2758.8,italian_front,1071.58,0.388422502537335
6937,1915,1918,belgium,allied_powers,710.15,208.44,712.14,balkans,918.59,1.2899008621900188
6938,1917,1918,united_kingdom,allied_powers,827.54,55.15,1629.34,africa,882.6899999999999,0.5417469650287846
6939,1917,1919,serbia,allied_powers,305.26,543.71,641.06,naval,848.97,1.324322216329205
6940,1916,1919,united_kingdom,allied_powers,568.37,214.31,1696.3,africa,782.6800000000001,0.4614042327418499
6941,1916,1919,germany,central_powers,410.42,59.29,2090.99,italian_front,469.71,0.2246352206371145
6942,1917,1919,united_states,allied_powers,366.3,299.21,2816.97,balkans,665.51,0.2362502973052606
6943,1917,1918,serbia,allied_powers,323.86,204.41,900.64,western_front,528.27,0.5865495647539527
6944,1914,1919,austria-hungary,central_powers,190.81,370.84,344.56,italian_front,561.65,1.6300499187369395
6945,1915,1918,germany,central_powers,818.24,169.72,2963.95,naval,987.96,0.3333254609558191
6946,1915,1919,austria-hungary,central_powers,607.44,597.91,483.99,italian_front,1205.35,2.4904440174383766
6947,1917,1919,ottoman_empire,central_powers,434.34,244.57,1525.61,middle_east,678.91,0.4450088816932243
6948,1915,1919,united_states,allied_powers,670.87,341.09,395.61,middle_east,1011.96,2.557973762038371
6949,1914,1919,ottoman_empire,central_powers,565.12,290.26,1653.62,middle_east,855.38,0.5172772462839105
6950,1917,1918,germany,central_powers,752.71,245.43,2701.01,africa,998.14,0.3695432449343023
6951,1915,1919,russia,allied_powers,741.24,574.72,2249.07,eastern_front,1315.96,0.5851129578003352
6952,1917,1918,serbia,allied_powers,543.36,576.77,1899.82,middle_east,1120.13,0.5895979619121813
6953,1916,1919,russia,allied_powers,566.6,592.81,1835.27,air,1159.41,0.6317381093790014
6954,1915,1919,belgium,allied_powers,740.14,593.46,524.85,middle_east,1333.6,2.5409164523197103
6955,1916,1919,united_states,allied_powers,765.33,75.48,336.38,africa,840.8100000000001,2.4995838040311558
6956,1914,1919,united_kingdom,allied_powers,13.15,359.79,1427.74,italian_front,372.94,0.2612100242341042
6957,1914,1919,united_states,allied_powers,20.42,292.62,134.47,middle_east,313.04,2.327954190525768
6958,1915,1918,france,allied_powers,73.87,240.53,654.17,middle_east,314.4,0.480609016005014
6959,1916,1918,ottoman_empire,central_powers,859.16,598.46,2306.18,naval,1457.62,0.6320495364628953
6960,1917,1919,serbia,allied_powers,102.04,366.58,2330.45,naval,468.62,0.2010856272393744
6961,1917,1918,united_states,allied_powers,666.87,288.55,332.83,africa,955.42,2.870594597842743
6962,1914,1919,austria-hungary,central_powers,742.63,495.68,610.43,air,1238.31,2.028586406303753
6963,1915,1918,france,allied_powers,376.61,190.74,2398.88,western_front,567.35,0.2365062028946842
6964,1917,1918,italy,allied_powers,545.31,262.0,1759.65,balkans,807.31,0.4587901003040376
6965,1914,1919,italy,allied_powers,302.22,71.85,1388.72,italian_front,374.0700000000001,0.2693631545595945
6966,1916,1919,united_states,allied_powers,543.0,412.71,1793.58,western_front,955.71,0.5328505001170843
6967,1915,1918,germany,central_powers,15.03,534.61,1954.65,italian_front,549.64,0.2811961220678893
6968,1917,1918,serbia,allied_powers,376.74,541.25,1729.45,air,917.99,0.530798808869872
6969,1917,1919,belgium,allied_powers,528.79,230.37,2691.31,italian_front,759.16,0.2820782444237193
6970,1916,1918,ottoman_empire,central_powers,830.4,452.52,1641.33,eastern_front,1282.92,0.781634406243717
6971,1917,1918,russia,allied_powers,851.27,385.14,2757.33,naval,1236.41,0.4484084240914217
6972,1914,1919,russia,allied_powers,20.42,539.76,331.03,italian_front,560.18,1.6922333323263752
6973,1915,1919,russia,allied_powers,349.64,463.05,1168.0,africa,812.69,0.6957962328767123
6974,1916,1918,russia,allied_powers,690.34,500.51,954.99,middle_east,1190.85,1.246976408129928
6975,1917,1918,italy,allied_powers,99.53,261.92,2294.89,italian_front,361.4500000000001,0.1575021024972875
6976,1917,1919,united_kingdom,allied_powers,726.66,540.44,2503.4,middle_east,1267.1,0.5061516337780618
6977,1915,1918,united_states,allied_powers,585.52,96.4,83.73,middle_east,681.92,8.144273259285798
6978,1917,1919,russia,allied_powers,579.49,398.77,2040.56,africa,978.26,0.4794076135962677
6979,1917,1918,united_kingdom,allied_powers,601.31,262.33,1546.57,eastern_front,863.6399999999999,0.5584228324615116
6980,1917,1918,united_kingdom,allied_powers,585.67,257.74,2907.47,africa,843.41,0.2900838185776637
6981,1917,1918,united_kingdom,allied_powers,423.45,66.56,2349.1,balkans,490.01,0.2085947809799497
6982,1915,1918,ottoman_empire,central_powers,568.32,276.74,675.93,africa,845.0600000000001,1.2502182178627963
6983,1916,1919,italy,allied_powers,47.97,59.19,636.86,naval,107.16,0.1682630405426624
6984,1915,1919,united_kingdom,allied_powers,673.6,525.19,379.43,eastern_front,1198.79,3.15944970086709
6985,1914,1918,austria-hungary,central_powers,39.2,85.53,2927.38,eastern_front,124.73,0.0426080659155968
6986,1915,1919,italy,allied_powers,302.99,452.98,1122.14,italian_front,755.97,0.6736859928351185
6987,1915,1919,russia,allied_powers,899.13,24.48,2882.9,naval,923.61,0.3203753165215581
6988,1916,1919,france,allied_powers,27.07,309.81,1581.13,eastern_front,336.88,0.2130628095096544
6989,1916,1918,united_states,allied_powers,64.7,414.13,602.71,western_front,478.83,0.7944616814056511
6990,1916,1918,germany,central_powers,498.1,572.67,2368.23,eastern_front,1070.77,0.452139361464047
6991,1914,1918,germany,central_powers,450.76,184.53,952.3,western_front,635.29,0.6671112044523785
6992,1916,1919,france,allied_powers,533.37,293.72,1658.79,balkans,827.09,0.4986104329059134
6993,1916,1918,ottoman_empire,central_powers,540.87,59.75,2545.03,air,600.62,0.2359972181074486
6994,1916,1919,austria-hungary,central_powers,328.21,30.2,1594.93,balkans,358.41,0.2247183261961339
6995,1915,1918,serbia,allied_powers,506.87,501.15,383.87,balkans,1008.02,2.6259410738010263
6996,1914,1918,united_states,allied_powers,447.78,321.25,401.48,italian_front,769.03,1.915487695526552
6997,1915,1918,ottoman_empire,central_powers,113.44,247.38,1439.18,western_front,360.82,0.2507122111202212
6998,1915,1919,ottoman_empire,central_powers,55.04,454.4,1477.29,balkans,509.44,0.3448476602427417
6999,1916,1919,united_kingdom,allied_powers,809.1,347.04,519.78,air,1156.14,2.224287198430105
7000,1915,1919,serbia,allied_powers,35.16,591.27,2004.31,western_front,626.43,0.3125414731254147
7001,1917,1918,austria-hungary,central_powers,492.81,436.67,2972.43,africa,929.48,0.3127003831881659
7002,1914,1919,france,allied_powers,641.51,358.62,1179.89,balkans,1000.13,0.8476468145335582
7003,1914,1918,france,allied_powers,812.07,355.68,926.93,middle_east,1167.75,1.2598038686847983
7004,1915,1918,russia,allied_powers,535.46,7.16,2936.36,africa,542.62,0.1847934177008268
7005,1915,1918,russia,allied_powers,722.49,414.87,1008.88,air,1137.36,1.127349139639997
7006,1917,1919,ottoman_empire,central_powers,142.31,575.34,2428.48,middle_east,717.6500000000001,0.295514066411912
7007,1916,1919,belgium,allied_powers,450.41,394.05,2228.69,air,844.46,0.3789041993278563
7008,1916,1919,austria-hungary,central_powers,464.51,125.28,922.17,eastern_front,589.79,0.639567541776462
7009,1916,1918,serbia,allied_powers,541.93,522.7,963.14,naval,1064.63,1.1053740889174992
7010,1917,1918,austria-hungary,central_powers,223.12,446.21,1699.11,eastern_front,669.3299999999999,0.3939297632289845
7011,1917,1918,russia,allied_powers,360.27,118.32,2354.99,naval,478.59,0.2032237928823477
7012,1914,1918,united_states,allied_powers,569.41,497.32,1301.87,balkans,1066.73,0.8193828876923196
7013,1917,1918,united_kingdom,allied_powers,92.5,274.68,836.3,air,367.18,0.4390529714217386
7014,1915,1918,serbia,allied_powers,772.31,0.6,1551.66,italian_front,772.91,0.498118144438859
7015,1916,1918,italy,allied_powers,54.14,330.41,1564.0,western_front,384.55,0.2458759590792839
7016,1914,1919,italy,allied_powers,499.8,99.48,2100.02,western_front,599.28,0.2853687107741831
7017,1917,1919,ottoman_empire,central_powers,303.06,531.48,1002.28,africa,834.54,0.8326415772039749
7018,1914,1919,austria-hungary,central_powers,391.17,179.13,1476.56,africa,570.3,0.3862355745787506
7019,1916,1918,belgium,allied_powers,795.82,587.36,2925.09,naval,1383.18,0.4728675015127739
7020,1916,1918,france,allied_powers,666.73,535.66,2137.97,air,1202.39,0.5623979756497987
7021,1915,1919,austria-hungary,central_powers,667.27,516.06,422.5,middle_east,1183.33,2.800781065088757
7022,1914,1919,belgium,allied_powers,209.84,410.35,2652.62,eastern_front,620.19,0.2338028062820909
7023,1915,1919,united_states,allied_powers,822.01,292.53,992.38,balkans,1114.54,1.1230980068119067
7024,1917,1918,ottoman_empire,central_powers,605.01,517.09,1642.49,africa,1122.1,0.6831700649623437
7025,1915,1919,united_states,allied_powers,339.63,206.06,2308.87,air,545.69,0.2363450519085093
7026,1917,1918,belgium,allied_powers,805.3,194.22,2853.23,middle_east,999.52,0.3503117519442877
7027,1917,1918,united_kingdom,allied_powers,548.7,574.91,2152.07,middle_east,1123.61,0.5221066229258342
7028,1916,1918,united_kingdom,allied_powers,654.58,505.0,253.38,western_front,1159.58,4.576446444076091
7029,1916,1918,serbia,allied_powers,326.13,86.31,1038.28,italian_front,412.44,0.3972338868128058
7030,1916,1918,united_states,allied_powers,551.83,397.1,726.2,middle_east,948.93,1.3067061415587993
7031,1914,1918,france,allied_powers,99.97,473.08,2445.42,italian_front,573.05,0.2343360240776635
7032,1914,1919,ottoman_empire,central_powers,306.65,83.22,2772.22,italian_front,389.87,0.1406345816710073
7033,1916,1918,united_states,allied_powers,159.46,274.6,2583.82,italian_front,434.06000000000006,0.1679915783607217
7034,1915,1919,russia,allied_powers,60.05,283.7,540.61,naval,343.75,0.6358557925306598
7035,1915,1919,belgium,allied_powers,538.33,364.56,1604.44,western_front,902.89,0.5627446336416445
7036,1917,1918,france,allied_powers,476.18,267.79,1513.98,naval,743.97,0.4914001505964411
7037,1914,1918,ottoman_empire,central_powers,533.68,393.72,1740.42,middle_east,927.4,0.5328598843957205
7038,1914,1919,france,allied_powers,161.84,554.44,1317.77,eastern_front,716.2800000000001,0.5435546415535337
7039,1914,1918,russia,allied_powers,266.05,89.27,2728.42,africa,355.32,0.1302292169094201
7040,1915,1919,austria-hungary,central_powers,762.33,498.06,1169.91,africa,1260.39,1.077339282508911
7041,1917,1919,italy,allied_powers,396.06,297.12,384.34,naval,693.1800000000001,1.8035593484935215
7042,1915,1918,united_kingdom,allied_powers,661.31,583.82,1910.16,western_front,1245.13,0.6518459186664992
7043,1916,1918,serbia,allied_powers,293.27,313.67,1562.19,naval,606.94,0.3885186821065299
7044,1916,1918,italy,allied_powers,728.61,152.48,592.59,eastern_front,881.09,1.4868458799507247
7045,1914,1919,germany,central_powers,801.06,121.79,2991.55,air,922.85,0.3084855676823051
7046,1917,1919,serbia,allied_powers,840.47,397.15,2880.37,eastern_front,1237.62,0.4296739654974881
7047,1917,1919,france,allied_powers,633.84,373.15,834.27,italian_front,1006.99,1.2070312968223718
7048,1916,1918,united_kingdom,allied_powers,487.58,575.67,2000.81,middle_east,1063.25,0.531409779039489
7049,1915,1919,united_states,allied_powers,285.29,179.26,809.41,eastern_front,464.55,0.5739365710826405
7050,1915,1919,austria-hungary,central_powers,174.04,71.82,2454.3,africa,245.86,0.1001752027054557
7051,1915,1918,united_kingdom,allied_powers,717.17,360.53,2529.73,air,1077.6999999999998,0.4260138433745893
7052,1916,1918,serbia,allied_powers,824.41,448.34,1928.01,naval,1272.75,0.6601366175486642
7053,1915,1918,united_kingdom,allied_powers,292.74,224.79,469.3,balkans,517.53,1.102770083102493
7054,1916,1918,ottoman_empire,central_powers,225.43,550.51,143.18,air,775.94,5.419332308981701
7055,1915,1919,ottoman_empire,central_powers,821.51,1.61,1304.5,balkans,823.12,0.6309850517439632
7056,1915,1919,austria-hungary,central_powers,347.97,458.95,668.9,naval,806.9200000000001,1.2063387651367918
7057,1917,1919,united_states,allied_powers,831.02,502.63,720.64,eastern_front,1333.65,1.850646647424512
7058,1917,1919,russia,allied_powers,80.32,100.07,863.6,middle_east,180.39,0.2088814265863825
7059,1914,1918,united_states,allied_powers,153.01,170.61,956.48,air,323.62,0.3383447641351622
7060,1914,1918,united_kingdom,allied_powers,704.3,471.25,604.86,italian_front,1175.55,1.943507588532884
7061,1915,1918,germany,central_powers,603.43,468.92,2757.46,naval,1072.35,0.3888905006781603
7062,1917,1919,france,allied_powers,511.4,147.41,1222.5,naval,658.81,0.5389038854805726
7063,1917,1919,germany,central_powers,240.72,220.96,2698.5,balkans,461.68,0.1710876412821938
7064,1915,1919,austria-hungary,central_powers,509.76,13.66,1131.05,eastern_front,523.42,0.4627735290217055
7065,1917,1919,united_states,allied_powers,493.39,34.95,1801.4,western_front,528.34,0.2932941045853225
7066,1914,1918,russia,allied_powers,581.88,479.72,2476.37,air,1061.6,0.4286919967533122
7067,1917,1918,germany,central_powers,370.16,358.26,299.8,balkans,728.4200000000001,2.4296864576384256
7068,1917,1919,germany,central_powers,272.95,136.2,1635.05,italian_front,409.15,0.2502369958105256
7069,1915,1918,italy,allied_powers,398.46,200.3,2205.46,air,598.76,0.2714898479228823
7070,1916,1918,austria-hungary,central_powers,501.64,313.6,1722.88,italian_front,815.24,0.4731844353640416
7071,1915,1919,united_states,allied_powers,55.56,248.93,2785.87,naval,304.49,0.1092979930865403
7072,1916,1919,germany,central_powers,78.85,458.41,2714.43,naval,537.26,0.1979273733343648
7073,1916,1918,italy,allied_powers,181.69,235.74,1347.86,naval,417.43,0.3096983366224979
7074,1916,1919,italy,allied_powers,862.14,310.1,453.5,middle_east,1172.24,2.5848732083792725
7075,1917,1918,france,allied_powers,480.22,280.35,1485.85,africa,760.57,0.5118753575394556
7076,1916,1919,austria-hungary,central_powers,623.97,134.63,1240.92,africa,758.6,0.6113206330786836
7077,1917,1919,belgium,allied_powers,191.35,107.76,2097.99,western_front,299.11,0.1425697929923403
7078,1914,1918,france,allied_powers,813.45,31.43,2472.29,air,844.88,0.3417398444357256
7079,1914,1918,germany,central_powers,467.45,405.08,2390.0,naval,872.53,0.3650753138075314
7080,1917,1918,united_kingdom,allied_powers,269.25,145.45,808.29,middle_east,414.7,0.5130584319984164
7081,1916,1918,belgium,allied_powers,675.04,325.61,261.66,eastern_front,1000.65,3.824237560192616
7082,1917,1918,united_states,allied_powers,165.22,78.19,2598.94,middle_east,243.41,0.0936574141765489
7083,1916,1918,united_kingdom,allied_powers,57.99,390.44,385.77,western_front,448.43,1.1624283899733003
7084,1917,1918,ottoman_empire,central_powers,223.43,554.21,976.28,middle_east,777.6400000000001,0.7965337812922524
7085,1916,1919,italy,allied_powers,804.45,323.9,1369.8,balkans,1128.35,0.8237333917360198
7086,1915,1918,austria-hungary,central_powers,514.43,274.23,2639.62,naval,788.66,0.2987778543881316
7087,1914,1919,serbia,allied_powers,768.31,280.17,697.66,africa,1048.48,1.502852392282774
7088,1915,1919,belgium,allied_powers,55.28,483.46,1797.02,balkans,538.74,0.2997963294788038
7089,1916,1919,united_states,allied_powers,33.65,466.68,824.96,air,500.33,0.6064900116369278
7090,1914,1918,russia,allied_powers,591.56,458.76,1713.81,middle_east,1050.32,0.6128567344104655
7091,1917,1919,france,allied_powers,51.36,257.93,2384.14,middle_east,309.29,0.1297281199929534
7092,1917,1918,belgium,allied_powers,517.83,432.16,2394.19,naval,949.99,0.3967897284676654
7093,1914,1918,serbia,allied_powers,17.75,159.86,237.04,africa,177.61,0.7492828214647318
7094,1916,1918,austria-hungary,central_powers,774.07,394.97,2579.23,italian_front,1169.04,0.4532515518197291
7095,1914,1919,ottoman_empire,central_powers,345.42,279.79,1685.91,middle_east,625.21,0.3708442324916514
7096,1914,1918,france,allied_powers,767.51,454.93,1133.34,balkans,1222.44,1.0786171846047965
7097,1917,1919,italy,allied_powers,217.51,66.45,2036.46,air,283.96,0.1394380444496822
7098,1916,1919,austria-hungary,central_powers,600.76,389.67,1787.5,italian_front,990.43,0.5540867132867133
7099,1914,1918,austria-hungary,central_powers,258.73,195.21,2652.86,africa,453.94000000000005,0.1711134398347444
7100,1915,1919,belgium,allied_powers,888.27,297.53,2113.66,africa,1185.8,0.5610173821712101
7101,1915,1919,united_kingdom,allied_powers,95.74,46.53,2040.46,balkans,142.26999999999998,0.0697244738931417
7102,1915,1919,belgium,allied_powers,48.05,549.71,2595.35,italian_front,597.76,0.2303196100718593
7103,1914,1918,russia,allied_powers,830.77,234.28,2899.61,naval,1065.05,0.3673080172850831
7104,1916,1918,russia,allied_powers,38.73,239.92,2088.15,eastern_front,278.65,0.133443478677298
7105,1917,1918,serbia,allied_powers,743.08,395.83,2621.82,western_front,1138.91,0.4343967167845237
7106,1916,1918,austria-hungary,central_powers,76.37,392.76,1011.62,italian_front,469.13,0.4637413257942706
7107,1915,1919,serbia,allied_powers,396.68,56.51,1886.23,middle_east,453.19,0.2402623221982473
7108,1914,1918,belgium,allied_powers,488.91,482.96,256.22,eastern_front,971.87,3.7931074857544296
7109,1916,1919,united_states,allied_powers,130.71,405.29,2963.36,africa,536.0,0.1808757626478052
7110,1914,1918,ottoman_empire,central_powers,550.34,73.7,2474.78,air,624.0400000000001,0.2521597879407463
7111,1917,1918,united_kingdom,allied_powers,29.86,104.81,1818.47,western_front,134.67000000000002,0.0740567620032225
7112,1916,1918,united_kingdom,allied_powers,209.6,68.3,1425.83,western_front,277.9,0.1949040208159458
7113,1914,1918,ottoman_empire,central_powers,775.34,431.58,2302.13,naval,1206.92,0.5242623135965389
7114,1915,1918,austria-hungary,central_powers,219.7,482.37,2222.84,naval,702.0699999999999,0.3158436954526641
7115,1915,1919,serbia,allied_powers,172.23,246.11,2163.88,italian_front,418.34,0.1933286503872673
7116,1916,1919,ottoman_empire,central_powers,147.01,465.64,1283.62,eastern_front,612.65,0.4772829965254515
7117,1917,1918,serbia,allied_powers,738.69,503.37,1328.72,middle_east,1242.06,0.9347793365043048
7118,1915,1918,austria-hungary,central_powers,773.1,291.06,1217.26,air,1064.16,0.8742257200598065
7119,1916,1919,italy,allied_powers,256.44,202.91,2655.52,africa,459.35,0.1729793034885823
7120,1916,1918,russia,allied_powers,231.98,535.98,1657.81,italian_front,767.96,0.4632376448447048
7121,1914,1919,united_states,allied_powers,687.88,358.41,164.21,middle_east,1046.29,6.371658242494367
7122,1915,1918,belgium,allied_powers,461.63,33.22,2473.86,air,494.85,0.2000315296742742
7123,1917,1919,germany,central_powers,810.43,408.39,628.93,naval,1218.82,1.937926319304215
7124,1917,1918,belgium,allied_powers,231.14,372.77,2265.36,eastern_front,603.91,0.2665845605113536
7125,1917,1919,united_kingdom,allied_powers,270.46,594.32,1916.15,air,864.78,0.4513112230253372
7126,1915,1918,germany,central_powers,856.24,418.02,2226.66,air,1274.26,0.5722741684855345
7127,1916,1918,austria-hungary,central_powers,641.72,234.38,661.13,air,876.1,1.325155415727618
7128,1914,1919,belgium,allied_powers,540.89,505.19,1316.02,balkans,1046.08,0.7948815367547605
7129,1915,1919,belgium,allied_powers,46.5,409.73,1084.29,eastern_front,456.23,0.4207638177978216
7130,1916,1918,serbia,allied_powers,479.91,173.98,2208.15,africa,653.89,0.2961257160971854
7131,1915,1919,belgium,allied_powers,515.45,592.11,2635.77,africa,1107.56,0.4202035837724839
7132,1917,1919,united_kingdom,allied_powers,668.89,64.45,168.76,air,733.34,4.345461009717943
7133,1914,1918,ottoman_empire,central_powers,545.43,234.23,510.75,balkans,779.66,1.5265002447381302
7134,1914,1919,austria-hungary,central_powers,568.55,127.7,1835.28,africa,696.25,0.3793699054095288
7135,1916,1918,italy,allied_powers,211.17,183.76,1112.36,naval,394.93,0.3550379373584091
7136,1916,1918,italy,allied_powers,97.9,326.42,2736.96,air,424.3200000000001,0.1550333216415293
7137,1915,1918,serbia,allied_powers,111.45,59.45,2100.53,balkans,170.9,0.0813604185610298
7138,1917,1918,ottoman_empire,central_powers,897.57,36.05,1878.72,air,933.62,0.4969447283256685
7139,1916,1919,united_kingdom,allied_powers,138.71,109.91,2628.71,balkans,248.62,0.0945787097093251
7140,1915,1919,france,allied_powers,71.52,130.95,1038.39,naval,202.47,0.1949845433796549
7141,1916,1918,united_states,allied_powers,431.72,206.71,1703.88,middle_east,638.4300000000001,0.3746918797098387
7142,1916,1919,france,allied_powers,729.94,484.95,715.03,naval,1214.89,1.69907556326308
7143,1917,1918,france,allied_powers,396.66,207.47,1373.37,balkans,604.13,0.4398887408345894
7144,1916,1919,united_kingdom,allied_powers,244.32,515.71,2550.8,balkans,760.03,0.2979575035283048
7145,1916,1918,ottoman_empire,central_powers,511.13,77.09,2756.19,naval,588.22,0.2134177977570487
7146,1915,1918,united_kingdom,allied_powers,397.74,280.06,226.24,air,677.8,2.9959335219236207
7147,1914,1919,austria-hungary,central_powers,28.8,404.26,1956.97,eastern_front,433.06,0.2212910775331251
7148,1915,1918,france,allied_powers,653.19,192.18,305.56,africa,845.3700000000001,2.766625212724179
7149,1917,1919,russia,allied_powers,416.48,503.73,511.45,middle_east,920.21,1.799217909864112
7150,1917,1919,germany,central_powers,450.74,585.89,929.04,africa,1036.63,1.11580771549126
7151,1916,1918,united_states,allied_powers,111.59,259.87,1450.73,western_front,371.46,0.2560504022113005
7152,1917,1918,russia,allied_powers,575.25,160.84,2832.8,naval,736.09,0.2598453826602654
7153,1914,1918,serbia,allied_powers,92.75,382.86,1327.64,air,475.61,0.3582371727275466
7154,1916,1918,belgium,allied_powers,611.94,239.54,1679.99,africa,851.48,0.5068363502163703
7155,1917,1919,serbia,allied_powers,844.93,387.1,2787.3,eastern_front,1232.03,0.4420155706239012
7156,1917,1919,austria-hungary,central_powers,296.72,54.85,1398.93,air,351.57000000000005,0.2513135038922605
7157,1914,1919,germany,central_powers,608.29,1.76,63.42,air,610.05,9.619205298013243
7158,1914,1918,belgium,allied_powers,521.46,125.16,1154.47,western_front,646.62,0.5601011719663569
7159,1916,1919,germany,central_powers,61.16,533.66,2827.3,air,594.8199999999999,0.2103844657447034
7160,1916,1918,ottoman_empire,central_powers,558.21,397.42,1047.04,naval,955.63,0.9126967451100246
7161,1914,1919,russia,allied_powers,529.01,71.01,920.62,middle_east,600.02,0.6517564250179226
7162,1915,1918,russia,allied_powers,436.16,550.74,1795.67,air,986.9,0.5495998708003141
7163,1917,1918,united_kingdom,allied_powers,175.56,310.58,424.9,balkans,486.14,1.1441280301247352
7164,1915,1919,italy,allied_powers,816.43,119.22,1548.2,eastern_front,935.65,0.6043469835938509
7165,1916,1919,ottoman_empire,central_powers,113.15,411.3,1023.32,eastern_front,524.45,0.5124985341828558
7166,1915,1918,france,allied_powers,276.18,251.33,1475.46,balkans,527.51,0.3575223997939625
7167,1915,1919,belgium,allied_powers,638.7,126.18,2734.09,western_front,764.8800000000001,0.2797567014984876
7168,1917,1918,germany,central_powers,152.54,341.7,858.06,balkans,494.24,0.5759970165256509
7169,1915,1918,ottoman_empire,central_powers,281.23,133.86,1593.18,africa,415.09,0.2605418094628353
7170,1916,1918,belgium,allied_powers,684.57,37.39,898.51,air,721.96,0.8035080299607128
7171,1916,1919,belgium,allied_powers,207.39,248.04,1632.3,balkans,455.43,0.2790112111744164
7172,1914,1919,france,allied_powers,398.3,272.73,1326.27,italian_front,671.03,0.5059527848778906
7173,1914,1918,ottoman_empire,central_powers,508.54,164.19,1178.84,africa,672.73,0.5706711682671101
7174,1916,1918,united_states,allied_powers,372.33,91.28,443.62,western_front,463.61,1.0450610883188314
7175,1917,1918,serbia,allied_powers,505.17,519.64,2002.54,naval,1024.81,0.511755071059754
7176,1914,1918,united_states,allied_powers,592.55,92.74,391.18,air,685.29,1.7518533667365406
7177,1916,1919,germany,central_powers,206.22,284.08,362.47,western_front,490.3,1.352663668717411
7178,1915,1919,united_states,allied_powers,389.92,545.03,1193.62,balkans,934.95,0.7832894891171396
7179,1917,1919,united_kingdom,allied_powers,433.87,41.82,1128.4,eastern_front,475.69,0.4215615030131159
7180,1916,1919,italy,allied_powers,286.84,107.86,2101.34,africa,394.7,0.187832525912037
7181,1914,1919,united_kingdom,allied_powers,559.4,370.61,2513.04,africa,930.01,0.3700736956037309
7182,1916,1919,austria-hungary,central_powers,830.68,331.71,274.68,eastern_front,1162.39,4.231797000145623
7183,1914,1918,russia,allied_powers,268.68,157.4,1028.34,africa,426.08,0.4143376704202891
7184,1917,1919,france,allied_powers,370.98,507.1,2275.69,eastern_front,878.08,0.3858522030680804
7185,1915,1918,austria-hungary,central_powers,625.85,348.11,1218.95,balkans,973.96,0.7990155461667829
7186,1917,1919,russia,allied_powers,870.02,509.57,2675.18,middle_east,1379.59,0.5156998781390411
7187,1917,1919,germany,central_powers,761.66,197.71,1347.97,eastern_front,959.37,0.7117146524032434
7188,1917,1919,united_kingdom,allied_powers,355.08,22.67,1171.79,africa,377.75,0.3223700492409049
7189,1917,1918,france,allied_powers,709.27,514.75,2729.91,western_front,1224.02,0.4483737559113671
7190,1917,1918,belgium,allied_powers,743.16,245.63,2282.6,eastern_front,988.79,0.4331858407079646
7191,1917,1918,united_kingdom,allied_powers,741.82,2.74,2339.59,naval,744.5600000000001,0.3182437948529443
7192,1917,1919,ottoman_empire,central_powers,889.73,336.27,334.97,air,1226.0,3.6600292563513146
7193,1917,1918,russia,allied_powers,463.18,474.34,2407.29,western_front,937.52,0.3894503778107332
7194,1914,1918,italy,allied_powers,662.01,217.5,1107.44,italian_front,879.51,0.7941829805677959
7195,1915,1918,belgium,allied_powers,571.22,430.45,1615.43,middle_east,1001.67,0.6200640077254973
7196,1917,1918,united_states,allied_powers,659.17,512.35,2633.41,air,1171.52,0.4448680608032931
7197,1914,1919,belgium,allied_powers,328.33,525.6,196.96,italian_front,853.9300000000001,4.3355503655564585
7198,1916,1918,belgium,allied_powers,776.47,273.43,1970.66,naval,1049.9,0.532765672414318
7199,1917,1919,united_kingdom,allied_powers,121.48,140.34,831.03,eastern_front,261.82,0.3150548114989832
7200,1917,1918,belgium,allied_powers,625.2,513.02,2850.01,eastern_front,1138.22,0.3993740372840796
7201,1916,1918,serbia,allied_powers,633.38,192.27,241.56,air,825.65,3.4179913893028644
7202,1916,1919,united_kingdom,allied_powers,247.37,500.37,1855.27,africa,747.74,0.4030356767478588
7203,1917,1918,russia,allied_powers,269.56,69.44,1008.81,balkans,339.0,0.3360394920748208
7204,1916,1919,austria-hungary,central_powers,528.52,343.04,566.34,balkans,871.56,1.5389342091323233
7205,1915,1919,italy,allied_powers,211.47,252.9,1250.44,africa,464.37,0.3713652794216435
7206,1917,1918,belgium,allied_powers,513.6,298.22,185.46,africa,811.82,4.377332039253748
7207,1917,1918,belgium,allied_powers,837.06,363.04,659.44,eastern_front,1200.1,1.8198774717942492
7208,1917,1919,serbia,allied_powers,759.79,198.35,1435.95,air,958.14,0.667251645252272
7209,1914,1918,germany,central_powers,37.61,351.55,2391.69,africa,389.16,0.1627133951306398
7210,1914,1918,italy,allied_powers,225.08,185.24,1681.11,africa,410.3200000000001,0.2440768301895771
7211,1914,1918,serbia,allied_powers,435.24,298.5,2399.46,middle_east,733.74,0.3057938036058113
7212,1917,1919,italy,allied_powers,467.26,142.61,78.76,africa,609.87,7.743397663788725
7213,1916,1918,austria-hungary,central_powers,143.88,24.18,1856.56,middle_east,168.06,0.0905222562157969
7214,1915,1918,russia,allied_powers,482.79,111.52,1932.8,africa,594.3100000000001,0.3074865480132451
7215,1916,1919,germany,central_powers,266.93,210.19,2103.42,balkans,477.12,0.226830590181704
7216,1917,1919,germany,central_powers,254.17,510.86,275.09,naval,765.03,2.781017121669272
7217,1914,1919,russia,allied_powers,148.56,570.19,1501.83,middle_east,718.75,0.4785827956559664
7218,1916,1919,united_kingdom,allied_powers,362.0,443.12,457.63,eastern_front,805.12,1.7593252190634356
7219,1916,1918,italy,allied_powers,257.58,95.8,1647.59,naval,353.38,0.214482972098641
7220,1915,1918,germany,central_powers,764.06,400.91,2303.21,eastern_front,1164.97,0.5058027709153746
7221,1916,1918,germany,central_powers,852.96,176.22,2702.85,africa,1029.18,0.3807758477162995
7222,1914,1918,france,allied_powers,427.02,265.49,2737.49,africa,692.51,0.2529726135985885
7223,1915,1918,france,allied_powers,242.62,548.52,430.75,western_front,791.14,1.8366569936157864
7224,1916,1919,russia,allied_powers,252.22,75.7,1488.81,africa,327.92,0.2202564464236538
7225,1915,1918,united_states,allied_powers,91.59,334.12,1046.48,italian_front,425.71,0.406801850011467
7226,1915,1918,france,allied_powers,146.06,243.29,1335.42,middle_east,389.35,0.2915562145242695
7227,1917,1919,austria-hungary,central_powers,847.88,233.45,1639.55,eastern_front,1081.33,0.6595285291695892
7228,1914,1918,austria-hungary,central_powers,385.98,162.63,2646.61,eastern_front,548.61,0.2072878134670389
7229,1915,1919,united_kingdom,allied_powers,469.16,341.05,410.91,naval,810.21,1.97174563773089
7230,1917,1918,ottoman_empire,central_powers,725.29,135.22,830.96,western_front,860.51,1.0355612785212285
7231,1914,1918,france,allied_powers,763.93,48.6,972.38,italian_front,812.53,0.8356095353668319
7232,1914,1919,russia,allied_powers,29.6,61.63,2114.39,eastern_front,91.23,0.0431471961180293
7233,1915,1918,germany,central_powers,145.65,490.07,1807.04,western_front,635.72,0.3518018416858509
7234,1916,1918,russia,allied_powers,300.15,433.63,1644.07,middle_east,733.78,0.4463191956546862
7235,1915,1918,united_kingdom,allied_powers,56.67,391.08,1242.38,eastern_front,447.75,0.3603969799900191
7236,1914,1919,austria-hungary,central_powers,861.54,202.31,1576.83,naval,1063.85,0.6746764077294318
7237,1916,1918,italy,allied_powers,324.87,535.93,2658.98,africa,860.8,0.3237331608361101
7238,1917,1919,belgium,allied_powers,254.96,4.28,2951.98,middle_east,259.24,0.0878190231641135
7239,1915,1919,ottoman_empire,central_powers,601.4,245.88,2101.26,middle_east,847.28,0.40322473182757
7240,1917,1919,belgium,allied_powers,498.17,369.06,1386.24,western_front,867.23,0.625598741920591
7241,1917,1919,france,allied_powers,252.47,343.87,1977.17,western_front,596.34,0.301612911383442
7242,1916,1919,belgium,allied_powers,440.89,69.21,1616.08,balkans,510.1,0.3156403148358992
7243,1915,1918,serbia,allied_powers,868.72,12.3,1729.32,africa,881.02,0.5094603659241783
7244,1914,1919,austria-hungary,central_powers,520.8,408.46,508.75,africa,929.26,1.8265552825552824
7245,1916,1918,italy,allied_powers,622.29,162.11,232.65,western_front,784.4,3.3715882226520524
7246,1914,1919,united_kingdom,allied_powers,418.98,401.0,2015.47,eastern_front,819.98,0.4068430688623497
7247,1917,1918,united_kingdom,allied_powers,16.8,463.48,647.78,africa,480.28,0.7414245577202138
7248,1915,1919,belgium,allied_powers,482.54,560.37,2320.87,western_front,1042.91,0.4493616617906217
7249,1916,1919,austria-hungary,central_powers,382.33,83.34,431.48,naval,465.67,1.07923889867433
7250,1917,1919,united_kingdom,allied_powers,495.92,359.41,320.42,western_front,855.33,2.669402659010049
7251,1916,1918,france,allied_powers,390.73,517.7,2871.42,naval,908.43,0.3163696011032869
7252,1915,1918,russia,allied_powers,786.74,427.01,1544.89,air,1213.75,0.7856546420780767
7253,1917,1919,austria-hungary,central_powers,315.55,529.32,1978.93,air,844.8700000000001,0.4269327363777395
7254,1914,1918,serbia,allied_powers,379.55,178.46,1137.63,western_front,558.01,0.4905021843657428
7255,1914,1919,belgium,allied_powers,197.32,218.73,2514.19,africa,416.05,0.1654807313687509
7256,1915,1919,united_kingdom,allied_powers,811.99,520.17,774.55,africa,1332.16,1.7199147892324576
7257,1916,1919,belgium,allied_powers,163.51,35.38,1679.51,balkans,198.89,0.1184214443498401
7258,1916,1918,russia,allied_powers,751.93,277.02,950.37,eastern_front,1028.9499999999998,1.0826835863926678
7259,1917,1918,austria-hungary,central_powers,190.58,471.54,1273.82,africa,662.12,0.5197908652713884
7260,1914,1918,ottoman_empire,central_powers,747.94,293.61,2136.35,africa,1041.5500000000002,0.4875371544924756
7261,1914,1918,united_kingdom,allied_powers,697.94,436.82,335.69,air,1134.76,3.380380708391671
7262,1917,1918,germany,central_powers,61.01,362.26,2875.9,middle_east,423.27,0.1471782746270732
7263,1915,1918,ottoman_empire,central_powers,846.75,168.19,1183.75,eastern_front,1014.94,0.8573938753959873
7264,1915,1919,russia,allied_powers,863.37,340.99,1348.98,air,1204.36,0.8927930732850006
7265,1915,1918,belgium,allied_powers,419.99,216.03,762.13,naval,636.02,0.8345295422040859
7266,1917,1918,united_states,allied_powers,638.46,459.36,2053.07,africa,1097.8200000000002,0.5347211736570112
7267,1914,1918,belgium,allied_powers,559.13,25.61,1046.66,africa,584.74,0.5586723482315173
7268,1917,1919,belgium,allied_powers,437.45,235.84,1358.97,air,673.29,0.4954414004724166
7269,1914,1918,italy,allied_powers,551.48,103.23,700.82,middle_east,654.71,0.9342056448160726
7270,1916,1918,france,allied_powers,435.17,323.34,1539.89,italian_front,758.51,0.4925741449064543
7271,1917,1919,austria-hungary,central_powers,71.32,259.19,1213.86,air,330.51,0.272280164104592
7272,1916,1918,france,allied_powers,894.07,163.14,2036.21,western_front,1057.21,0.519204797147642
7273,1914,1919,serbia,allied_powers,466.78,81.65,1850.35,eastern_front,548.43,0.2963925743778204
7274,1915,1918,germany,central_powers,547.46,502.23,2900.98,middle_east,1049.69,0.3618397920702659
7275,1917,1919,united_kingdom,allied_powers,400.46,18.98,2881.12,naval,419.44,0.1455822735602821
7276,1916,1919,belgium,allied_powers,588.56,291.76,465.82,italian_front,880.3199999999999,1.8898286891932503
7277,1916,1918,belgium,allied_powers,262.22,369.99,1390.01,middle_east,632.21,0.4548240660139136
7278,1916,1918,serbia,allied_powers,65.21,283.4,1187.45,eastern_front,348.61,0.2935786769969261
7279,1917,1919,united_kingdom,allied_powers,108.99,273.75,1632.53,balkans,382.74,0.2344459213613226
7280,1916,1918,russia,allied_powers,183.06,436.57,1555.15,air,619.63,0.3984374497636884
7281,1914,1918,russia,allied_powers,103.6,544.71,769.84,africa,648.3100000000001,0.8421360282656136
7282,1915,1919,italy,allied_powers,271.44,70.74,721.71,middle_east,342.18,0.4741239556054371
7283,1914,1919,austria-hungary,central_powers,477.57,33.55,1853.84,western_front,511.12,0.2757087990333578
7284,1917,1918,united_kingdom,allied_powers,565.13,528.65,2875.95,italian_front,1093.78,0.3803195465846068
7285,1914,1919,serbia,allied_powers,529.65,495.25,2866.03,africa,1024.9,0.3576026768735847
7286,1914,1919,russia,allied_powers,647.06,250.17,2211.49,western_front,897.2299999999999,0.4057128904042071
7287,1916,1919,italy,allied_powers,99.73,13.48,2285.0,eastern_front,113.21,0.0495448577680525
7288,1914,1919,italy,allied_powers,166.13,334.73,2795.07,western_front,500.86,0.1791940810069157
7289,1917,1919,france,allied_powers,376.61,542.1,1610.32,eastern_front,918.71,0.5705139351184858
7290,1915,1919,france,allied_powers,767.46,267.05,1584.6,balkans,1034.51,0.6528524548782028
7291,1915,1918,france,allied_powers,859.91,196.98,2114.88,air,1056.89,0.4997399379633832
7292,1917,1918,russia,allied_powers,66.06,269.72,2329.19,air,335.78000000000003,0.1441617042834633
7293,1916,1919,belgium,allied_powers,348.28,491.69,2782.07,africa,839.97,0.3019226690917194
7294,1914,1918,france,allied_powers,733.77,110.09,1065.71,middle_east,843.86,0.7918289215640277
7295,1917,1919,united_states,allied_powers,163.36,146.81,1146.04,western_front,310.17,0.2706450036647935
7296,1915,1918,italy,allied_powers,106.47,143.57,1932.84,naval,250.04,0.1293640446182819
7297,1917,1919,russia,allied_powers,447.8,539.1,2387.0,eastern_front,986.9,0.4134478424801006
7298,1916,1918,russia,allied_powers,702.28,165.8,1533.83,middle_east,868.0799999999999,0.5659558099659023
7299,1915,1919,ottoman_empire,central_powers,777.57,45.82,1111.52,balkans,823.3900000000001,0.7407783935511733
7300,1916,1919,united_kingdom,allied_powers,567.08,272.47,1086.63,air,839.5500000000001,0.7726180944755805
7301,1914,1918,france,allied_powers,93.21,201.12,135.55,eastern_front,294.33,2.171375876060494
7302,1915,1918,united_kingdom,allied_powers,518.8,410.86,1542.69,italian_front,929.66,0.6026226915323234
7303,1914,1919,ottoman_empire,central_powers,248.1,379.21,2545.93,middle_east,627.31,0.2463971908104307
7304,1915,1918,united_kingdom,allied_powers,194.2,334.93,2730.9,western_front,529.13,0.1937566370061152
7305,1915,1918,germany,central_powers,426.26,537.28,2013.87,air,963.54,0.4784519358250532
7306,1914,1919,belgium,allied_powers,152.9,424.14,317.29,western_front,577.04,1.8186517066406125
7307,1915,1918,serbia,allied_powers,194.0,171.99,475.13,balkans,365.99,0.7702944457306422
7308,1914,1918,austria-hungary,central_powers,326.71,60.28,2088.54,eastern_front,386.99,0.1852921179388472
7309,1915,1918,united_kingdom,allied_powers,384.23,440.55,2202.15,naval,824.78,0.3745339781577095
7310,1916,1919,germany,central_powers,868.24,187.75,1706.3,western_front,1055.99,0.6188771025024908
7311,1917,1918,germany,central_powers,307.14,297.41,1836.02,western_front,604.55,0.3292720122874478
7312,1917,1918,austria-hungary,central_powers,45.57,573.72,950.63,eastern_front,619.2900000000001,0.6514521948602506
7313,1917,1919,ottoman_empire,central_powers,819.6,584.02,1230.19,africa,1403.62,1.140978222876141
7314,1917,1918,united_states,allied_powers,96.73,576.3,2603.66,air,673.03,0.2584938125561709
7315,1915,1918,belgium,allied_powers,679.97,269.73,514.12,balkans,949.7,1.847234108768381
7316,1915,1918,italy,allied_powers,271.86,541.36,1968.09,italian_front,813.22,0.4132026482528746
7317,1915,1918,serbia,allied_powers,541.17,232.5,1727.95,naval,773.67,0.4477386498451922
7318,1916,1918,austria-hungary,central_powers,389.86,413.98,809.99,africa,803.84,0.9924073136705392
7319,1917,1919,serbia,allied_powers,687.72,217.87,1306.8,africa,905.59,0.6929828588919499
7320,1914,1918,italy,allied_powers,598.39,446.83,224.04,eastern_front,1045.22,4.6653276200678455
7321,1916,1919,austria-hungary,central_powers,479.83,421.78,1729.69,italian_front,901.61,0.5212552538316114
7322,1916,1919,belgium,allied_powers,341.35,21.26,2968.55,italian_front,362.61,0.1221505448788128
7323,1915,1919,ottoman_empire,central_powers,415.18,331.32,2406.72,air,746.5,0.310173181757745
7324,1917,1918,belgium,allied_powers,141.16,474.0,2791.24,eastern_front,615.16,0.2203895043063298
7325,1914,1919,united_kingdom,allied_powers,834.28,38.35,1384.86,western_front,872.63,0.6301214563204945
7326,1914,1918,ottoman_empire,central_powers,389.75,355.9,1197.22,africa,745.65,0.622817861378861
7327,1914,1919,germany,central_powers,372.64,238.66,880.28,balkans,611.3,0.694438133321216
7328,1914,1918,united_states,allied_powers,811.65,404.12,2818.62,air,1215.77,0.4313351923991173
7329,1917,1918,italy,allied_powers,238.42,415.06,1116.3,naval,653.48,0.5853981904505957
7330,1917,1918,france,allied_powers,123.74,481.85,2941.36,africa,605.59,0.2058877526042375
7331,1915,1918,ottoman_empire,central_powers,273.28,508.59,2866.25,western_front,781.8699999999999,0.2727849978194505
7332,1914,1919,austria-hungary,central_powers,184.16,39.68,2656.02,western_front,223.84,0.0842764738217332
7333,1916,1919,united_kingdom,allied_powers,88.0,189.92,797.08,air,277.92,0.3486726551914487
7334,1915,1918,serbia,allied_powers,377.82,384.47,480.76,eastern_front,762.29,1.5855936433979532
7335,1917,1918,united_kingdom,allied_powers,190.14,335.91,2367.11,balkans,526.05,0.2222330183219199
7336,1916,1918,austria-hungary,central_powers,532.31,264.99,1369.48,western_front,797.3,0.5821917808219178
7337,1916,1919,ottoman_empire,central_powers,713.71,209.18,908.58,balkans,922.89,1.0157498514164962
7338,1916,1919,france,allied_powers,725.84,53.93,496.55,naval,779.77,1.570375591581915
7339,1915,1918,united_kingdom,allied_powers,644.91,88.56,2191.19,balkans,733.47,0.3347359197513679
7340,1915,1919,italy,allied_powers,478.53,71.42,2662.65,italian_front,549.9499999999999,0.2065423544213471
7341,1914,1918,serbia,allied_powers,482.63,217.44,2572.21,eastern_front,700.0699999999999,0.2721667359974496
7342,1916,1919,austria-hungary,central_powers,388.15,336.41,206.63,eastern_front,724.56,3.5065576150607365
7343,1915,1918,united_states,allied_powers,17.48,62.1,687.54,middle_east,79.58,0.1157459929604095
7344,1916,1919,italy,allied_powers,300.59,54.95,2606.47,naval,355.54,0.1364067109922615
7345,1915,1918,united_kingdom,allied_powers,758.95,287.16,2194.43,air,1046.11,0.4767114922781771
7346,1915,1918,ottoman_empire,central_powers,406.63,503.5,1784.5,balkans,910.13,0.5100196133370692
7347,1916,1919,serbia,allied_powers,204.52,368.34,1520.95,italian_front,572.86,0.3766461750879384
7348,1917,1918,united_states,allied_powers,10.46,291.42,655.17,air,301.88,0.4607659080849245
7349,1917,1919,united_states,allied_powers,206.77,308.5,1283.5,africa,515.27,0.4014569536423841
7350,1914,1918,ottoman_empire,central_powers,579.93,547.55,460.0,africa,1127.48,2.451043478260869
7351,1915,1919,france,allied_powers,874.5,539.15,1051.42,naval,1413.65,1.3445150368073653
7352,1917,1919,austria-hungary,central_powers,465.57,344.74,1849.88,air,810.31,0.4380338184098427
7353,1916,1919,italy,allied_powers,804.19,595.26,1656.12,western_front,1399.45,0.845017269280004
7354,1914,1918,belgium,allied_powers,557.62,194.44,966.66,naval,752.06,0.7779984689549583
7355,1915,1919,ottoman_empire,central_powers,510.7,317.62,417.98,western_front,828.3199999999999,1.9817216134743287
7356,1916,1919,serbia,allied_powers,759.25,222.23,2078.02,balkans,981.48,0.4723149921559946
7357,1916,1918,russia,allied_powers,767.41,3.73,2728.01,africa,771.14,0.2826749168808032
7358,1914,1918,france,allied_powers,390.74,449.45,76.7,air,840.19,10.954237288135593
7359,1914,1918,germany,central_powers,637.05,366.39,2299.06,western_front,1003.44,0.4364566388002053
7360,1915,1918,austria-hungary,central_powers,449.07,145.81,1657.74,naval,594.88,0.3588500006032309
7361,1915,1919,italy,allied_powers,703.85,7.77,2698.09,africa,711.62,0.2637495413422087
7362,1916,1918,germany,central_powers,830.05,371.34,2314.58,air,1201.39,0.5190531327497862
7363,1914,1919,france,allied_powers,861.19,308.59,738.18,naval,1169.78,1.584681243057249
7364,1915,1918,germany,central_powers,880.46,101.98,2152.3,eastern_front,982.44,0.4564605305951772
7365,1914,1918,serbia,allied_powers,217.85,47.56,1821.93,air,265.41,0.1456751905945892
7366,1916,1918,germany,central_powers,234.98,422.25,1209.7,eastern_front,657.23,0.5432999917334876
7367,1916,1918,belgium,allied_powers,893.72,242.41,2797.49,naval,1136.13,0.40612477613861
7368,1915,1918,serbia,allied_powers,493.71,419.63,1754.88,eastern_front,913.34,0.5204572392414295
7369,1914,1919,france,allied_powers,544.98,558.93,2179.89,western_front,1103.91,0.5064062865557436
7370,1916,1919,united_states,allied_powers,824.05,85.84,2469.01,balkans,909.89,0.3685242263093304
7371,1914,1919,united_kingdom,allied_powers,370.39,425.3,1941.97,africa,795.69,0.4097334150373075
7372,1916,1919,belgium,allied_powers,522.99,222.19,2129.97,middle_east,745.1800000000001,0.3498546927891003
7373,1916,1918,austria-hungary,central_powers,597.3,209.07,2936.02,western_front,806.3699999999999,0.2746473116668142
7374,1914,1918,united_states,allied_powers,122.05,165.54,372.33,air,287.59,0.7724061988021379
7375,1915,1919,serbia,allied_powers,23.59,5.45,1853.8,middle_east,29.04,0.0156651202934512
7376,1916,1918,germany,central_powers,706.06,93.66,1146.49,africa,799.7199999999999,0.6975377020296731
7377,1914,1918,austria-hungary,central_powers,552.84,68.67,2381.61,naval,621.51,0.2609621222618312
7378,1915,1919,austria-hungary,central_powers,304.6,542.22,244.32,western_front,846.82,3.466028159790439
7379,1917,1919,belgium,allied_powers,75.63,92.03,2471.89,africa,167.66,0.0678266427713207
7380,1915,1919,france,allied_powers,809.49,144.66,534.66,western_front,954.15,1.784592077207945
7381,1917,1919,united_states,allied_powers,108.87,375.75,2352.42,balkans,484.62,0.2060091310225215
7382,1917,1918,germany,central_powers,89.71,183.82,2794.17,balkans,273.53,0.0978931131606165
7383,1914,1919,belgium,allied_powers,194.39,555.94,1474.69,western_front,750.33,0.508805240423411
7384,1914,1918,belgium,allied_powers,151.91,178.39,2319.99,western_front,330.29999999999995,0.1423713033245832
7385,1915,1918,united_kingdom,allied_powers,768.35,471.63,1187.08,balkans,1239.98,1.044563129696398
7386,1917,1918,ottoman_empire,central_powers,214.15,568.48,2954.51,western_front,782.63,0.2648933325661446
7387,1914,1919,russia,allied_powers,129.35,89.59,2165.47,italian_front,218.94,0.1011050718781604
7388,1916,1918,united_kingdom,allied_powers,281.27,360.86,974.15,middle_east,642.13,0.6591695324128728
7389,1917,1919,france,allied_powers,201.44,423.5,55.97,middle_east,624.94,11.165624441665178
7390,1916,1918,germany,central_powers,457.64,78.87,159.42,eastern_front,536.51,3.365387027976414
7391,1914,1919,united_kingdom,allied_powers,27.93,162.03,1346.76,italian_front,189.96,0.1410496302236478
7392,1916,1919,austria-hungary,central_powers,605.04,88.09,1326.57,air,693.13,0.5224978704478467
7393,1915,1919,united_states,allied_powers,833.78,280.3,1321.19,eastern_front,1114.08,0.8432398065380452
7394,1915,1919,austria-hungary,central_powers,405.27,169.23,2640.58,air,574.5,0.2175658378083602
7395,1917,1918,austria-hungary,central_powers,538.03,152.76,1928.79,naval,690.79,0.3581468174347648
7396,1916,1919,ottoman_empire,central_powers,747.4,442.15,1838.9,air,1189.55,0.6468812877263581
7397,1914,1918,france,allied_powers,786.81,221.54,2107.37,middle_east,1008.35,0.4784874037307164
7398,1915,1918,russia,allied_powers,556.17,283.89,2254.85,africa,840.06,0.3725569328336696
7399,1914,1918,germany,central_powers,86.51,78.31,2887.33,naval,164.82,0.0570838802630804
7400,1916,1918,austria-hungary,central_powers,1.4,275.01,432.64,middle_east,276.41,0.6388914571005917
7401,1914,1918,ottoman_empire,central_powers,774.47,466.64,1091.27,africa,1241.11,1.1373079073006682
7402,1915,1919,france,allied_powers,195.8,241.71,2841.81,balkans,437.51,0.1539546978862063
7403,1917,1919,belgium,allied_powers,675.37,469.02,1503.91,air,1144.39,0.7609431415443743
7404,1917,1919,serbia,allied_powers,280.68,487.64,2779.87,eastern_front,768.3199999999999,0.2763870252925496
7405,1917,1918,france,allied_powers,876.07,479.09,760.73,western_front,1355.16,1.7813941871623309
7406,1917,1919,germany,central_powers,73.55,420.72,855.18,eastern_front,494.27,0.5779718889590496
7407,1915,1919,russia,allied_powers,52.83,47.89,141.6,air,100.72,0.7112994350282487
7408,1916,1919,united_kingdom,allied_powers,104.4,503.35,1016.45,balkans,607.75,0.5979143096069653
7409,1914,1918,germany,central_powers,389.89,506.83,176.15,italian_front,896.72,5.090661368152143
7410,1914,1919,serbia,allied_powers,253.61,265.67,1663.17,naval,519.28,0.3122230439461991
7411,1916,1918,germany,central_powers,42.99,515.86,1065.62,africa,558.85,0.5244364782943264
7412,1916,1918,ottoman_empire,central_powers,652.14,432.76,2297.55,naval,1084.9,0.4721986463841918
7413,1916,1919,germany,central_powers,461.76,569.87,280.43,balkans,1031.63,3.6787433584138647
7414,1914,1919,united_kingdom,allied_powers,236.51,161.27,633.54,eastern_front,397.78,0.6278688007071377
7415,1917,1919,austria-hungary,central_powers,202.02,529.3,2713.35,italian_front,731.3199999999999,0.2695265999594597
7416,1917,1918,belgium,allied_powers,791.26,504.65,890.3,air,1295.91,1.455588004043581
7417,1916,1919,ottoman_empire,central_powers,3.1,178.93,1158.51,middle_east,182.03,0.1571242371667055
7418,1915,1918,united_states,allied_powers,114.37,256.55,2771.03,balkans,370.92,0.1338563638791352
7419,1915,1918,united_kingdom,allied_powers,567.49,285.18,2976.17,air,852.6700000000001,0.2864990911137469
7420,1915,1918,ottoman_empire,central_powers,178.5,66.19,587.46,italian_front,244.69,0.4165219759643209
7421,1915,1919,ottoman_empire,central_powers,435.71,201.48,507.28,western_front,637.1899999999999,1.2560913105188456
7422,1916,1918,ottoman_empire,central_powers,232.97,198.64,500.45,balkans,431.61,0.8624438005794786
7423,1914,1919,united_states,allied_powers,68.71,59.59,125.56,africa,128.3,1.0218222363810132
7424,1914,1918,russia,allied_powers,8.17,85.02,1576.4,naval,93.19,0.0591157066734331
7425,1916,1919,germany,central_powers,757.45,480.34,1989.18,africa,1237.79,0.6222614343598869
7426,1915,1919,italy,allied_powers,208.2,137.05,2607.31,balkans,345.25,0.1324161683881088
7427,1915,1919,russia,allied_powers,295.67,459.54,2672.65,africa,755.21,0.2825697341589808
7428,1914,1918,ottoman_empire,central_powers,133.89,35.57,191.44,western_front,169.45999999999998,0.885185959047221
7429,1915,1919,russia,allied_powers,102.5,221.03,2102.19,western_front,323.53,0.1539014075797144
7430,1914,1919,austria-hungary,central_powers,139.82,346.09,2007.88,italian_front,485.91,0.2420015140347032
7431,1916,1918,france,allied_powers,289.15,91.24,413.32,eastern_front,380.39,0.9203280750991968
7432,1916,1918,ottoman_empire,central_powers,651.6,215.82,1731.12,air,867.4200000000001,0.5010744489116873
7433,1915,1919,austria-hungary,central_powers,322.2,194.38,1197.19,italian_front,516.5799999999999,0.431493747859571
7434,1917,1918,germany,central_powers,505.54,528.21,580.69,air,1033.75,1.780209750469269
7435,1917,1918,belgium,allied_powers,116.34,592.32,2479.61,middle_east,708.6600000000001,0.2857949435596727
7436,1917,1918,belgium,allied_powers,809.46,179.85,1988.62,western_front,989.31,0.4974856935965645
7437,1917,1918,italy,allied_powers,72.15,169.31,2360.04,italian_front,241.46,0.1023118252233013
7438,1916,1918,italy,allied_powers,342.63,91.72,1372.76,africa,434.35,0.3164063638217897
7439,1915,1919,germany,central_powers,825.81,306.76,2223.65,eastern_front,1132.57,0.5093292559530501
7440,1915,1919,italy,allied_powers,470.52,278.8,695.26,naval,749.3199999999999,1.0777550844288466
7441,1917,1919,france,allied_powers,92.53,287.41,2291.44,naval,379.94000000000005,0.1658083999581049
7442,1917,1919,belgium,allied_powers,52.45,535.88,2957.93,western_front,588.33,0.1988992302049068
7443,1916,1918,ottoman_empire,central_powers,657.01,235.5,2603.56,eastern_front,892.51,0.3428036995498471
7444,1917,1918,france,allied_powers,398.64,92.19,1638.49,italian_front,490.83,0.2995624019676653
7445,1914,1918,belgium,allied_powers,313.84,133.67,1288.27,africa,447.51,0.347372833334627
7446,1914,1918,united_kingdom,allied_powers,40.02,300.59,2069.34,western_front,340.61,0.1645983743609073
7447,1916,1918,russia,allied_powers,529.94,379.64,197.62,air,909.58,4.602671794352799
7448,1915,1919,united_states,allied_powers,226.27,448.17,291.42,africa,674.44,2.31432297028344
7449,1915,1918,russia,allied_powers,466.85,211.85,805.41,eastern_front,678.7,0.8426764008393242
7450,1915,1918,belgium,allied_powers,36.65,388.35,838.0,western_front,425.0,0.5071599045346062
7451,1916,1919,united_states,allied_powers,264.47,368.22,108.85,western_front,632.69,5.812494258153423
7452,1915,1919,italy,allied_powers,662.69,516.44,2129.1,balkans,1179.13,0.5538161664553098
7453,1915,1919,united_kingdom,allied_powers,537.81,121.68,1988.79,middle_east,659.49,0.3316036383931938
7454,1917,1918,ottoman_empire,central_powers,177.75,254.38,622.66,naval,432.13,0.6940063598111329
7455,1917,1919,germany,central_powers,495.26,306.17,1373.32,balkans,801.4300000000001,0.5835711997203857
7456,1916,1918,ottoman_empire,central_powers,435.79,390.08,2117.97,eastern_front,825.87,0.3899347016246689
7457,1914,1918,france,allied_powers,786.67,1.14,1733.61,middle_east,787.81,0.4544332346952313
7458,1914,1918,russia,allied_powers,546.9,218.83,1854.68,western_front,765.73,0.4128636745961567
7459,1914,1918,belgium,allied_powers,504.53,510.61,1705.83,naval,1015.14,0.5951003323895113
7460,1915,1919,united_states,allied_powers,760.12,248.99,2011.41,western_front,1009.11,0.5016928423344817
7461,1915,1918,serbia,allied_powers,54.43,31.52,2644.56,middle_east,85.95,0.0325006806425265
7462,1914,1919,austria-hungary,central_powers,190.69,572.07,590.16,balkans,762.76,1.2924630608648502
7463,1914,1918,united_kingdom,allied_powers,49.42,411.24,489.77,balkans,460.66,0.940563938175062
7464,1916,1918,united_kingdom,allied_powers,190.04,422.4,1515.23,middle_east,612.4399999999999,0.4041894629858173
7465,1914,1919,belgium,allied_powers,750.39,159.55,474.24,africa,909.94,1.9187331309041835
7466,1917,1918,russia,allied_powers,97.96,59.4,1333.76,balkans,157.36,0.1179822456813819
7467,1915,1919,russia,allied_powers,896.14,332.26,2501.79,air,1228.4,0.4910084379584218
7468,1915,1919,russia,allied_powers,128.45,505.78,2980.21,italian_front,634.23,0.2128138621103882
7469,1915,1918,ottoman_empire,central_powers,401.64,509.68,2216.16,air,911.32,0.4112157966933795
7470,1914,1919,france,allied_powers,420.24,460.51,512.56,middle_east,880.75,1.7183354143905103
7471,1916,1919,germany,central_powers,462.52,352.6,1802.14,naval,815.12,0.4523067020320285
7472,1916,1918,united_states,allied_powers,685.65,37.78,1318.47,middle_east,723.43,0.5486890107473056
7473,1915,1918,germany,central_powers,59.1,318.21,226.6,africa,377.31,1.6650926743159753
7474,1916,1919,germany,central_powers,570.29,317.3,439.51,naval,887.5899999999999,2.0194989875088165
7475,1915,1918,ottoman_empire,central_powers,115.48,440.34,477.17,middle_east,555.8199999999999,1.1648259530146488
7476,1914,1918,austria-hungary,central_powers,331.49,176.98,1881.22,africa,508.47,0.2702873667088379
7477,1914,1919,germany,central_powers,472.78,309.0,2826.13,western_front,781.78,0.2766256329326676
7478,1916,1919,ottoman_empire,central_powers,226.82,314.62,2033.61,western_front,541.44,0.2662457403336923
7479,1915,1919,united_states,allied_powers,583.82,588.1,1725.68,balkans,1171.92,0.6791062074080942
7480,1914,1918,serbia,allied_powers,604.98,357.04,1739.25,eastern_front,962.02,0.5531234727612476
7481,1916,1919,united_states,allied_powers,351.96,322.55,2309.15,middle_east,674.51,0.2921031548405257
7482,1914,1918,russia,allied_powers,596.01,73.98,1225.91,naval,669.99,0.5465246225253076
7483,1915,1918,ottoman_empire,central_powers,446.3,345.9,913.8,air,792.2,0.8669293061939156
7484,1915,1919,austria-hungary,central_powers,306.69,72.89,459.3,air,379.58,0.8264315262355758
7485,1916,1918,belgium,allied_powers,756.43,453.13,1934.52,naval,1209.56,0.6252507081860099
7486,1916,1918,austria-hungary,central_powers,71.63,150.06,197.93,western_front,221.69,1.120042439246198
7487,1917,1918,russia,allied_powers,304.99,277.38,1292.42,eastern_front,582.37,0.45060429272218
7488,1915,1919,russia,allied_powers,232.56,359.48,1901.09,africa,592.04,0.3114213424929908
7489,1916,1919,united_states,allied_powers,278.62,142.54,1983.63,italian_front,421.16,0.2123178213678962
7490,1915,1919,germany,central_powers,555.5,522.38,2394.46,eastern_front,1077.88,0.4501557762501775
7491,1914,1919,austria-hungary,central_powers,216.72,378.82,887.37,naval,595.54,0.6711292921780091
7492,1917,1919,france,allied_powers,397.55,27.77,1490.4,air,425.32,0.2853730542136339
7493,1914,1918,germany,central_powers,177.26,579.74,1690.9,western_front,757.0,0.4476905789816074
7494,1915,1919,austria-hungary,central_powers,360.59,549.23,2599.9,balkans,909.82,0.3499442286241778
7495,1914,1919,ottoman_empire,central_powers,751.43,435.58,1304.61,italian_front,1187.01,0.909858118518178
7496,1914,1919,united_states,allied_powers,714.39,583.28,1044.17,naval,1297.67,1.242776559372516
7497,1915,1919,russia,allied_powers,419.35,25.56,1723.15,western_front,444.91,0.2581957461625511
7498,1915,1919,serbia,allied_powers,402.68,562.28,1569.93,africa,964.96,0.6146516086704503
7499,1916,1919,austria-hungary,central_powers,486.01,226.99,1760.63,balkans,713.0,0.4049686759853007
7500,1916,1919,germany,central_powers,335.74,130.15,756.41,balkans,465.89,0.6159225816686718
7501,1914,1918,united_states,allied_powers,579.73,276.86,1059.11,naval,856.59,0.8087828459744504
7502,1914,1919,united_kingdom,allied_powers,856.31,314.72,52.92,middle_east,1171.03,22.12830687830688
7503,1914,1919,united_states,allied_powers,274.08,586.37,2980.84,western_front,860.45,0.2886602434213174
7504,1916,1918,russia,allied_powers,443.69,446.38,2736.95,balkans,890.0699999999999,0.3252050640311295
7505,1915,1919,germany,central_powers,446.64,271.27,140.56,air,717.91,5.107498577120091
7506,1916,1918,serbia,allied_powers,92.49,167.3,2779.53,western_front,259.79,0.0934654419991869
7507,1914,1918,russia,allied_powers,897.18,161.09,628.03,africa,1058.27,1.6850628154705989
7508,1914,1918,serbia,allied_powers,389.83,533.76,582.49,italian_front,923.59,1.5855894521794365
7509,1917,1919,russia,allied_powers,412.31,336.15,71.68,air,748.46,10.441685267857142
7510,1914,1918,germany,central_powers,589.03,196.35,2695.14,africa,785.38,0.291406012303628
7511,1916,1919,serbia,allied_powers,289.36,137.03,404.08,eastern_front,426.39,1.0552118392397545
7512,1917,1919,united_states,allied_powers,470.14,506.26,2381.6,naval,976.4,0.4099764863957004
7513,1916,1918,germany,central_powers,582.69,510.43,406.12,balkans,1093.12,2.691618240914016
7514,1914,1918,ottoman_empire,central_powers,570.22,86.87,665.36,africa,657.09,0.9875706384513648
7515,1916,1919,austria-hungary,central_powers,553.92,427.87,249.57,africa,981.79,3.933926353327724
7516,1917,1918,france,allied_powers,792.41,199.29,91.64,middle_east,991.7,10.821693583587953
7517,1917,1918,austria-hungary,central_powers,134.72,300.93,2040.47,africa,435.65,0.2135047317529784
7518,1915,1918,russia,allied_powers,877.42,390.05,1799.87,africa,1267.47,0.7042008589509243
7519,1914,1919,austria-hungary,central_powers,411.57,221.23,676.89,eastern_front,632.8,0.9348638626660166
7520,1916,1919,united_kingdom,allied_powers,742.81,278.67,1531.58,middle_east,1021.48,0.6669452460857416
7521,1916,1919,united_kingdom,allied_powers,649.52,92.79,2481.18,africa,742.31,0.2991761984217187
7522,1915,1918,germany,central_powers,89.9,335.01,1762.87,africa,424.91,0.2410330880893089
7523,1916,1919,russia,allied_powers,511.52,78.34,2567.83,middle_east,589.86,0.2297114684383312
7524,1917,1918,serbia,allied_powers,46.52,92.61,2849.31,africa,139.13,0.0488293657060832
7525,1917,1919,ottoman_empire,central_powers,425.37,389.06,1141.08,air,814.4300000000001,0.7137361096505066
7526,1914,1919,belgium,allied_powers,73.68,531.26,2148.76,air,604.94,0.2815298125430481
7527,1916,1918,united_kingdom,allied_powers,296.43,597.33,700.87,africa,893.76,1.275215089816942
7528,1917,1919,serbia,allied_powers,236.16,74.04,752.36,middle_east,310.2,0.4123026210856504
7529,1917,1918,serbia,allied_powers,703.35,52.37,509.74,western_front,755.72,1.482559736336171
7530,1914,1919,austria-hungary,central_powers,363.99,158.19,2310.53,naval,522.1800000000001,0.2260000952162491
7531,1916,1919,united_states,allied_powers,222.02,31.5,284.15,eastern_front,253.52,0.8922048213971495
7532,1917,1918,germany,central_powers,275.89,558.06,1300.2,middle_east,833.9499999999999,0.641401322873404
7533,1915,1918,united_states,allied_powers,86.22,264.29,386.05,balkans,350.51,0.9079393860898848
7534,1914,1919,belgium,allied_powers,300.78,236.35,879.66,eastern_front,537.13,0.6106109178546256
7535,1915,1919,belgium,allied_powers,801.87,463.63,2198.12,middle_east,1265.5,0.5757192509963059
7536,1914,1919,russia,allied_powers,611.02,490.1,1205.77,eastern_front,1101.12,0.9132089867885252
7537,1917,1918,united_kingdom,allied_powers,472.29,174.54,1766.9,western_front,646.83,0.3660818382477786
7538,1917,1918,italy,allied_powers,701.4,456.83,1341.56,eastern_front,1158.23,0.863345657294493
7539,1917,1919,serbia,allied_powers,805.84,333.57,2574.43,eastern_front,1139.41,0.4425872911673653
7540,1915,1919,germany,central_powers,156.28,115.74,1135.36,western_front,272.02,0.2395892051860203
7541,1916,1919,italy,allied_powers,709.33,108.85,2798.04,western_front,818.1800000000001,0.2924118311389401
7542,1915,1918,belgium,allied_powers,497.53,532.5,922.32,eastern_front,1030.03,1.1167815942406103
7543,1914,1919,belgium,allied_powers,14.73,83.51,2596.07,eastern_front,98.24,0.0378418147430539
7544,1914,1919,germany,central_powers,476.0,306.08,586.34,balkans,782.0799999999999,1.3338336118975336
7545,1916,1919,russia,allied_powers,755.3,445.85,1562.52,western_front,1201.15,0.7687261603051482
7546,1917,1918,united_states,allied_powers,685.39,257.87,369.38,italian_front,943.26,2.553630407710217
7547,1914,1919,serbia,allied_powers,12.63,377.86,476.33,africa,390.49,0.8197888018810489
7548,1916,1919,france,allied_powers,676.62,157.48,2315.74,eastern_front,834.1,0.3601872403637715
7549,1917,1918,serbia,allied_powers,290.8,224.35,208.48,naval,515.15,2.4709804297774367
7550,1915,1919,italy,allied_powers,249.86,170.78,1768.82,western_front,420.64,0.2378082563516921
7551,1917,1918,serbia,allied_powers,416.93,270.81,422.86,western_front,687.74,1.6264011729650476
7552,1914,1918,germany,central_powers,469.48,365.31,307.35,balkans,834.79,2.716089149178461
7553,1915,1919,italy,allied_powers,824.13,551.46,1516.42,air,1375.59,0.907129950805186
7554,1916,1919,france,allied_powers,371.49,31.76,1648.32,naval,403.25,0.2446430304795185
7555,1916,1918,ottoman_empire,central_powers,176.73,189.66,950.74,africa,366.39,0.3853734985379809
7556,1915,1918,serbia,allied_powers,663.65,200.08,898.33,air,863.73,0.96148408713947
7557,1917,1919,belgium,allied_powers,337.01,418.2,1788.28,western_front,755.21,0.4223108238083521
7558,1916,1919,france,allied_powers,115.94,204.13,1700.52,eastern_front,320.07,0.1882188977489238
7559,1916,1918,italy,allied_powers,525.0,483.91,2894.54,eastern_front,1008.91,0.3485562472793604
7560,1916,1918,united_states,allied_powers,463.44,434.19,563.9,africa,897.63,1.5918247916297217
7561,1915,1919,germany,central_powers,863.7,154.15,2057.26,africa,1017.85,0.4947600206099374
7562,1916,1919,austria-hungary,central_powers,300.01,509.79,182.25,italian_front,809.8,4.443347050754458
7563,1917,1919,france,allied_powers,745.72,418.66,1480.72,middle_east,1164.38,0.7863606893943488
7564,1915,1919,italy,allied_powers,715.07,591.6,1437.33,naval,1306.67,0.9090953364919678
7565,1916,1919,austria-hungary,central_powers,501.13,344.74,1278.74,middle_east,845.87,0.6614870888530897
7566,1916,1919,russia,allied_powers,234.73,522.91,2144.24,eastern_front,757.64,0.3533373129873522
7567,1914,1918,united_states,allied_powers,24.57,365.76,1272.86,western_front,390.33,0.3066558773156513
7568,1916,1919,france,allied_powers,511.93,595.27,2501.78,africa,1107.2,0.4425648937956175
7569,1917,1919,ottoman_empire,central_powers,395.2,237.74,2759.32,naval,632.94,0.2293826015105171
7570,1914,1919,united_kingdom,allied_powers,137.87,525.0,591.26,middle_east,662.87,1.1211142306261206
7571,1915,1918,ottoman_empire,central_powers,507.47,269.34,1677.45,middle_east,776.81,0.4630898089361828
7572,1914,1918,ottoman_empire,central_powers,845.7,564.63,107.54,western_front,1410.33,13.114469034777755
7573,1917,1918,serbia,allied_powers,171.78,239.44,407.5,middle_east,411.22,1.0091288343558282
7574,1916,1919,france,allied_powers,575.86,161.03,2757.68,air,736.89,0.2672137448870065
7575,1914,1918,serbia,allied_powers,300.09,210.47,1445.17,air,510.56,0.3532871565282977
7576,1917,1918,italy,allied_powers,166.39,562.11,1541.71,air,728.5,0.4725272586932691
7577,1914,1919,italy,allied_powers,465.55,446.59,2806.15,eastern_front,912.14,0.3250503358694296
7578,1917,1919,russia,allied_powers,340.61,542.44,2943.59,italian_front,883.0500000000001,0.2999908275269314
7579,1915,1919,france,allied_powers,380.01,214.01,1095.48,africa,594.02,0.5422463212473071
7580,1915,1919,france,allied_powers,689.97,43.49,380.31,western_front,733.46,1.928584575740843
7581,1915,1918,serbia,allied_powers,241.74,216.2,853.58,italian_front,457.94,0.5364933573888797
7582,1917,1918,united_states,allied_powers,647.79,455.47,2582.53,western_front,1103.26,0.427201232899521
7583,1916,1919,russia,allied_powers,211.64,142.2,1161.72,air,353.84,0.3045828598973935
7584,1916,1918,serbia,allied_powers,197.36,319.61,2307.12,balkans,516.97,0.2240759041575644
7585,1916,1918,ottoman_empire,central_powers,870.16,538.63,2392.35,italian_front,1408.79,0.5888728655924091
7586,1916,1918,belgium,allied_powers,544.63,579.0,867.81,naval,1123.63,1.2947880296378242
7587,1917,1919,italy,allied_powers,837.07,313.7,1472.92,africa,1150.77,0.7812847948293186
7588,1915,1918,france,allied_powers,513.95,387.95,714.46,air,901.9,1.262351986115388
7589,1915,1918,united_kingdom,allied_powers,747.98,365.58,515.11,italian_front,1113.56,2.161790685484654
7590,1917,1918,united_kingdom,allied_powers,708.8,433.05,397.59,balkans,1141.85,2.871928368419729
7591,1915,1918,russia,allied_powers,799.59,533.34,1040.55,africa,1332.93,1.2809860170102352
7592,1917,1919,france,allied_powers,674.49,85.64,1243.48,balkans,760.13,0.6112925016888088
7593,1916,1918,germany,central_powers,429.93,299.46,2190.78,air,729.39,0.3329362144989455
7594,1916,1918,italy,allied_powers,173.06,561.15,1835.63,africa,734.21,0.399977119572027
7595,1917,1919,ottoman_empire,central_powers,8.37,553.06,2422.68,eastern_front,561.43,0.2317392309343371
7596,1915,1919,italy,allied_powers,488.77,69.66,1576.41,africa,558.43,0.3542415995838645
7597,1916,1918,germany,central_powers,742.12,279.27,1756.68,middle_east,1021.39,0.5814320194913132
7598,1914,1918,belgium,allied_powers,656.79,462.51,2013.07,air,1119.3,0.5560164326128748
7599,1917,1918,serbia,allied_powers,558.44,123.03,841.81,air,681.47,0.8095294662691107
7600,1915,1918,united_kingdom,allied_powers,402.85,78.46,2822.39,air,481.31,0.1705327754137451
7601,1917,1919,ottoman_empire,central_powers,34.17,67.81,2573.41,middle_east,101.98,0.0396283530412954
7602,1915,1918,united_kingdom,allied_powers,546.4,69.07,105.77,middle_east,615.47,5.8189467712962095
7603,1914,1918,belgium,allied_powers,879.76,424.02,172.71,africa,1303.78,7.5489548954895485
7604,1915,1918,germany,central_powers,570.41,400.39,82.41,italian_front,970.8,11.780123771386968
7605,1915,1919,serbia,allied_powers,144.97,141.91,1225.7,africa,286.88,0.2340540099534959
7606,1915,1918,ottoman_empire,central_powers,214.24,238.36,1262.4,naval,452.6,0.3585234474017744
7607,1916,1919,austria-hungary,central_powers,588.67,383.8,2589.81,africa,972.47,0.3754985886995571
7608,1917,1918,italy,allied_powers,536.37,138.49,2104.01,africa,674.86,0.3207494260958835
7609,1915,1918,italy,allied_powers,425.27,595.77,1175.54,africa,1021.04,0.8685710396923967
7610,1915,1918,italy,allied_powers,603.19,144.07,2563.39,naval,747.26,0.2915124112991
7611,1914,1919,serbia,allied_powers,846.1,124.02,2615.6,middle_east,970.12,0.3708976907784065
7612,1917,1918,united_kingdom,allied_powers,263.85,204.97,1478.4,western_front,468.8200000000001,0.3171130952380953
7613,1915,1919,ottoman_empire,central_powers,195.58,478.99,1989.54,middle_east,674.57,0.3390582747770841
7614,1914,1919,serbia,allied_powers,129.13,158.44,66.97,balkans,287.57,4.294012244288488
7615,1916,1918,austria-hungary,central_powers,558.67,58.54,882.39,italian_front,617.2099999999999,0.699475288704541
7616,1914,1919,france,allied_powers,83.03,579.38,990.09,eastern_front,662.41,0.6690401882657132
7617,1916,1918,germany,central_powers,280.13,413.04,1691.68,naval,693.1700000000001,0.4097524354487846
7618,1915,1918,ottoman_empire,central_powers,196.82,277.45,214.39,western_front,474.27,2.212183404076683
7619,1916,1918,france,allied_powers,802.49,548.37,306.5,eastern_front,1350.86,4.4073735725938015
7620,1917,1919,ottoman_empire,central_powers,85.8,366.49,1278.21,air,452.29,0.3538463945674028
7621,1916,1919,united_kingdom,allied_powers,386.93,480.16,2046.34,balkans,867.09,0.4237272398526149
7622,1916,1919,united_kingdom,allied_powers,462.46,582.22,2773.17,middle_east,1044.68,0.3767096860271819
7623,1916,1918,united_kingdom,allied_powers,439.24,107.97,2407.08,balkans,547.21,0.2273335327450687
7624,1916,1918,austria-hungary,central_powers,364.51,430.16,2296.0,balkans,794.6700000000001,0.3461106271777003
7625,1916,1919,france,allied_powers,830.62,178.1,1031.63,balkans,1008.72,0.977792425578938
7626,1915,1919,germany,central_powers,334.75,138.53,719.28,balkans,473.28,0.6579913246579913
7627,1916,1919,serbia,allied_powers,9.78,518.8,2980.46,italian_front,528.5799999999999,0.1773484629889345
7628,1916,1918,germany,central_powers,216.36,586.67,318.32,middle_east,803.03,2.5227129932143755
7629,1917,1918,france,allied_powers,391.73,553.74,1393.17,middle_east,945.47,0.6786465399053956
7630,1916,1919,united_kingdom,allied_powers,516.26,288.49,1817.82,italian_front,804.75,0.4427005974188864
7631,1916,1919,united_states,allied_powers,4.44,310.65,1262.66,middle_east,315.09,0.2495446121679628
7632,1915,1918,serbia,allied_powers,413.16,259.27,2411.29,eastern_front,672.4300000000001,0.2788673282765657
7633,1917,1919,serbia,allied_powers,646.05,387.13,1720.68,western_front,1033.1799999999998,0.6004486598321592
7634,1915,1919,italy,allied_powers,870.95,207.44,2335.21,naval,1078.39,0.4617957271508772
7635,1916,1919,united_states,allied_powers,491.75,69.78,1621.39,naval,561.53,0.3463263002732223
7636,1916,1918,france,allied_powers,353.67,484.83,2005.32,africa,838.5,0.4181377535754892
7637,1914,1919,france,allied_powers,630.59,159.21,1024.66,italian_front,789.8000000000001,0.7707922627993676
7638,1915,1919,ottoman_empire,central_powers,876.81,349.18,1985.58,western_front,1225.99,0.6174467913657471
7639,1915,1918,united_states,allied_powers,791.32,171.42,242.7,balkans,962.74,3.966790276060981
7640,1916,1918,austria-hungary,central_powers,709.5,453.79,210.71,air,1163.29,5.520810592757819
7641,1915,1918,germany,central_powers,635.9,320.88,654.04,eastern_front,956.78,1.4628768882637149
7642,1914,1918,italy,allied_powers,63.99,509.08,1826.28,africa,573.0699999999999,0.3137908754407867
7643,1917,1919,france,allied_powers,337.22,362.76,1035.97,western_front,699.98,0.6756759365618695
7644,1914,1919,germany,central_powers,726.36,85.07,1779.54,western_front,811.4300000000001,0.4559773874147252
7645,1916,1919,ottoman_empire,central_powers,166.39,369.94,1278.3,air,536.3299999999999,0.4195650473284831
7646,1916,1919,italy,allied_powers,368.57,44.07,553.29,western_front,412.64,0.7457933452619784
7647,1916,1919,france,allied_powers,26.35,138.95,2368.76,balkans,165.29999999999998,0.0697833465610699
7648,1915,1918,belgium,allied_powers,364.8,470.48,1208.96,middle_east,835.28,0.6909078877713075
7649,1914,1919,russia,allied_powers,561.99,71.75,306.58,africa,633.74,2.06712766651445
7650,1915,1919,belgium,allied_powers,668.54,286.71,2641.99,balkans,955.25,0.3615645782156632
7651,1917,1918,france,allied_powers,695.62,535.19,580.02,air,1230.81,2.122013034033309
7652,1916,1919,united_kingdom,allied_powers,773.38,49.33,2476.49,naval,822.71,0.3322080848297389
7653,1914,1918,serbia,allied_powers,202.52,152.09,1433.58,naval,354.61,0.2473597566930342
7654,1916,1918,united_kingdom,allied_powers,194.89,135.61,315.49,balkans,330.5,1.0475767853180766
7655,1915,1918,germany,central_powers,623.18,476.05,1935.88,middle_east,1099.23,0.5678192863193999
7656,1916,1919,serbia,allied_powers,393.18,373.45,716.8,eastern_front,766.63,1.0695172991071429
7657,1916,1918,ottoman_empire,central_powers,549.93,263.08,689.99,eastern_front,813.01,1.1782924390208551
7658,1917,1919,france,allied_powers,565.47,109.42,1446.96,naval,674.89,0.4664192513960303
7659,1914,1918,germany,central_powers,711.39,128.87,363.87,western_front,840.26,2.309231318877621
7660,1914,1918,united_states,allied_powers,834.93,221.36,2264.09,balkans,1056.29,0.4665406410522549
7661,1916,1919,belgium,allied_powers,167.97,104.53,1759.21,air,272.5,0.1548990740161777
7662,1916,1918,serbia,allied_powers,368.06,200.92,2155.72,air,568.98,0.2639396582116416
7663,1915,1919,belgium,allied_powers,324.5,41.62,2479.53,naval,366.12,0.1476570156440938
7664,1916,1919,ottoman_empire,central_powers,822.78,260.3,2807.67,air,1083.08,0.385757585471227
7665,1914,1918,russia,allied_powers,744.08,257.03,678.67,western_front,1001.11,1.4751057214846686
7666,1914,1918,austria-hungary,central_powers,548.47,554.45,574.76,naval,1102.92,1.9189226807711048
7667,1917,1919,austria-hungary,central_powers,62.46,561.56,2253.58,eastern_front,624.02,0.2769016409446303
7668,1917,1918,belgium,allied_powers,749.7,531.22,2258.36,balkans,1280.92,0.5671903505198462
7669,1917,1918,france,allied_powers,195.85,472.9,651.21,balkans,668.75,1.0269344758219314
7670,1917,1918,italy,allied_powers,248.58,216.98,1563.28,naval,465.56,0.2978097333810962
7671,1914,1918,austria-hungary,central_powers,660.66,250.55,1238.91,western_front,911.21,0.7354932965267856
7672,1916,1918,italy,allied_powers,619.98,130.66,174.71,italian_front,750.64,4.296491328487207
7673,1914,1919,france,allied_powers,415.44,352.19,2342.04,middle_east,767.63,0.3277612679544329
7674,1915,1919,france,allied_powers,362.17,163.26,94.13,naval,525.4300000000001,5.581961117603315
7675,1916,1918,france,allied_powers,94.46,101.44,2394.43,middle_east,195.9,0.0818148786976441
7676,1917,1919,ottoman_empire,central_powers,758.74,499.35,557.47,balkans,1258.09,2.2567851184817123
7677,1915,1918,italy,allied_powers,730.18,517.23,408.59,italian_front,1247.41,3.0529626275728723
7678,1915,1918,austria-hungary,central_powers,228.68,99.43,264.04,italian_front,328.11,1.242652628389638
7679,1917,1918,united_states,allied_powers,280.02,240.91,122.15,italian_front,520.93,4.264674580433892
7680,1914,1919,belgium,allied_powers,777.05,58.45,2551.34,naval,835.5,0.3274749739352653
7681,1917,1918,united_states,allied_powers,1.23,12.4,2942.06,western_front,13.63,0.0046328083043853
7682,1916,1918,united_states,allied_powers,863.34,36.05,1699.86,italian_front,899.39,0.5290965138305508
7683,1915,1918,austria-hungary,central_powers,285.93,575.88,1224.83,eastern_front,861.81,0.7036160120179943
7684,1916,1918,russia,allied_powers,830.67,573.6,1079.23,air,1404.27,1.3011776915022748
7685,1914,1919,belgium,allied_powers,892.85,63.26,1136.43,eastern_front,956.11,0.8413276664642785
7686,1917,1918,germany,central_powers,492.88,47.2,2568.3,naval,540.08,0.2102869602460771
7687,1916,1918,united_states,allied_powers,290.01,591.55,2837.59,air,881.56,0.3106720844096574
7688,1914,1918,france,allied_powers,345.14,219.02,1164.35,air,564.16,0.4845278481556233
7689,1915,1918,united_kingdom,allied_powers,611.12,152.1,2574.52,air,763.22,0.2964513773441263
7690,1917,1919,russia,allied_powers,431.2,427.04,2152.21,air,858.24,0.3987714953466437
7691,1915,1919,italy,allied_powers,251.53,239.65,2537.62,middle_east,491.18,0.193559319362237
7692,1916,1918,france,allied_powers,78.42,61.47,908.36,africa,139.89,0.1540028182658857
7693,1914,1919,austria-hungary,central_powers,162.68,559.28,2208.44,africa,721.96,0.3269094926735614
7694,1914,1918,ottoman_empire,central_powers,333.34,80.36,1264.13,italian_front,413.7,0.327260645661443
7695,1916,1919,austria-hungary,central_powers,361.66,399.52,2440.32,western_front,761.1800000000001,0.3119181091004459
7696,1916,1919,austria-hungary,central_powers,42.81,344.96,1401.26,naval,387.77,0.2767295148651927
7697,1914,1919,russia,allied_powers,149.34,438.05,1598.61,air,587.39,0.3674379617292523
7698,1917,1918,germany,central_powers,57.78,200.75,1199.08,eastern_front,258.53,0.215606965340094
7699,1915,1919,belgium,allied_powers,318.82,402.7,1956.27,balkans,721.52,0.3688243442878539
7700,1915,1918,serbia,allied_powers,837.54,343.75,1207.68,eastern_front,1181.29,0.9781481849496556
7701,1915,1919,united_kingdom,allied_powers,98.28,295.82,2257.09,italian_front,394.1,0.1746053546823565
7702,1915,1919,germany,central_powers,16.72,591.2,2223.26,eastern_front,607.9200000000001,0.2734363052454504
7703,1915,1919,austria-hungary,central_powers,289.78,552.26,925.12,africa,842.04,0.9101954341058456
7704,1917,1919,austria-hungary,central_powers,760.81,346.99,2489.43,eastern_front,1107.8,0.4450014661990897
7705,1917,1919,italy,allied_powers,481.77,287.71,2275.31,naval,769.48,0.33818688442454
7706,1917,1919,russia,allied_powers,32.37,568.38,474.24,air,600.75,1.2667636639676114
7707,1917,1918,belgium,allied_powers,163.56,277.94,2058.56,middle_east,441.5,0.2144703093424529
7708,1917,1918,italy,allied_powers,573.03,184.04,142.92,middle_east,757.0699999999999,5.297159249930031
7709,1917,1919,serbia,allied_powers,884.67,397.93,2896.48,middle_east,1282.6,0.4428133458542783
7710,1917,1919,belgium,allied_powers,312.36,541.71,112.38,balkans,854.07,7.599839829151096
7711,1917,1919,austria-hungary,central_powers,650.04,409.5,2490.13,africa,1059.54,0.4254958576459863
7712,1917,1918,united_states,allied_powers,7.12,348.29,2619.48,africa,355.41,0.1356796005314031
7713,1917,1918,italy,allied_powers,539.16,135.15,1836.13,naval,674.31,0.3672452386268945
7714,1914,1919,germany,central_powers,585.55,516.6,1620.78,italian_front,1102.15,0.6800120929429041
7715,1914,1918,italy,allied_powers,855.6,290.27,308.33,western_front,1145.87,3.7163753121655367
7716,1917,1918,germany,central_powers,798.21,164.87,704.27,balkans,963.08,1.3674869013304558
7717,1916,1919,serbia,allied_powers,742.05,597.19,475.95,air,1339.24,2.813824981615716
7718,1915,1918,russia,allied_powers,381.56,22.84,2332.47,naval,404.4,0.1733784357355078
7719,1915,1918,france,allied_powers,855.38,280.55,1554.11,western_front,1135.93,0.7309199477514463
7720,1916,1919,france,allied_powers,869.85,40.5,216.31,italian_front,910.35,4.208543294346078
7721,1914,1919,belgium,allied_powers,158.76,491.48,1467.08,africa,650.24,0.4432205469367724
7722,1917,1919,belgium,allied_powers,301.17,277.99,2152.11,balkans,579.1600000000001,0.269112638294511
7723,1915,1918,belgium,allied_powers,448.9,215.91,1307.29,africa,664.81,0.5085405686572987
7724,1914,1918,germany,central_powers,220.53,81.82,1344.15,middle_east,302.35,0.2249376929658148
7725,1914,1919,austria-hungary,central_powers,280.58,379.65,166.4,western_front,660.23,3.967728365384615
7726,1915,1919,ottoman_empire,central_powers,848.11,189.65,1244.43,africa,1037.76,0.8339239651888816
7727,1915,1918,italy,allied_powers,792.47,453.28,1264.75,africa,1245.75,0.984977268234829
7728,1916,1918,united_kingdom,allied_powers,190.19,147.79,962.85,naval,337.98,0.3510204081632653
7729,1917,1918,serbia,allied_powers,805.03,330.41,837.74,italian_front,1135.44,1.355360851815599
7730,1915,1918,austria-hungary,central_powers,496.77,538.55,554.75,air,1035.32,1.866282109058134
7731,1917,1919,ottoman_empire,central_powers,484.51,420.27,1259.79,naval,904.78,0.718199064923519
7732,1916,1919,ottoman_empire,central_powers,655.14,214.38,805.95,naval,869.52,1.0788758607854083
7733,1917,1918,serbia,allied_powers,136.73,390.61,1166.91,naval,527.34,0.4519114584672339
7734,1915,1918,austria-hungary,central_powers,383.7,473.68,1027.53,naval,857.38,0.8344087277257112
7735,1914,1918,russia,allied_powers,2.38,472.2,2528.38,naval,474.58,0.1877012157982581
7736,1914,1919,ottoman_empire,central_powers,270.02,328.78,713.18,air,598.8,0.8396197313441207
7737,1915,1919,united_states,allied_powers,423.06,52.77,294.13,naval,475.83,1.6177540543297182
7738,1914,1919,italy,allied_powers,733.84,362.56,2345.25,western_front,1096.4,0.4674981345272359
7739,1914,1918,austria-hungary,central_powers,826.46,253.21,2212.38,eastern_front,1079.67,0.4880129091747349
7740,1917,1918,serbia,allied_powers,429.95,187.4,2169.65,middle_east,617.35,0.2845389809416265
7741,1914,1918,germany,central_powers,408.63,32.47,1238.35,africa,441.1,0.3561997819679413
7742,1915,1919,belgium,allied_powers,153.26,424.93,1963.14,balkans,578.19,0.2945230599957211
7743,1914,1918,italy,allied_powers,544.69,166.56,2326.53,balkans,711.25,0.3057127997489823
7744,1914,1919,russia,allied_powers,359.91,66.12,370.16,middle_east,426.03,1.1509347309271667
7745,1916,1918,france,allied_powers,371.79,298.23,950.63,africa,670.02,0.7048168056972745
7746,1916,1919,serbia,allied_powers,735.88,271.27,1258.28,eastern_front,1007.15,0.8004180309629018
7747,1917,1919,germany,central_powers,553.38,160.75,947.26,air,714.13,0.7538901674302726
7748,1917,1918,belgium,allied_powers,472.73,117.6,595.42,air,590.33,0.991451412448356
7749,1914,1918,ottoman_empire,central_powers,525.28,430.78,1659.39,italian_front,956.06,0.5761514773501105
7750,1917,1919,france,allied_powers,284.41,8.53,1075.6,air,292.94,0.2723503161026404
7751,1916,1918,belgium,allied_powers,863.23,136.28,2848.15,balkans,999.51,0.3509330618120534
7752,1917,1919,belgium,allied_powers,352.94,175.67,2033.11,balkans,528.61,0.2600006886002233
7753,1916,1919,germany,central_powers,340.72,6.29,1275.31,air,347.01000000000005,0.2720985485881864
7754,1915,1918,united_kingdom,allied_powers,557.55,564.39,2360.48,middle_east,1121.94,0.4753016335660543
7755,1914,1919,united_kingdom,allied_powers,8.04,338.23,485.98,air,346.27000000000004,0.7125190337050908
7756,1914,1918,russia,allied_powers,14.06,509.4,2393.03,italian_front,523.4599999999999,0.2187436012085096
7757,1917,1918,germany,central_powers,134.69,70.78,358.94,naval,205.47,0.5724355045411489
7758,1917,1919,russia,allied_powers,176.38,392.94,2241.28,africa,569.3199999999999,0.2540155625356938
7759,1917,1918,belgium,allied_powers,790.15,469.94,2734.95,middle_east,1260.09,0.4607360280809521
7760,1916,1918,united_states,allied_powers,708.03,364.18,632.42,eastern_front,1072.21,1.6954081148603777
7761,1915,1918,austria-hungary,central_powers,654.5,310.62,2510.45,balkans,965.12,0.3844410364675656
7762,1914,1918,belgium,allied_powers,340.35,338.53,2640.67,middle_east,678.88,0.2570862697724441
7763,1914,1918,france,allied_powers,677.41,48.66,297.83,italian_front,726.0699999999999,2.4378672397005
7764,1915,1919,belgium,allied_powers,4.79,531.37,1492.33,balkans,536.16,0.3592771035896886
7765,1917,1918,russia,allied_powers,515.56,393.33,1532.18,air,908.89,0.5932005377958203
7766,1914,1919,russia,allied_powers,158.53,17.75,523.4,eastern_front,176.28,0.3367978601452044
7767,1914,1918,united_states,allied_powers,393.98,148.19,2513.85,air,542.1700000000001,0.2156731706346839
7768,1915,1919,france,allied_powers,21.36,283.96,2308.36,naval,305.32,0.1322670640627978
7769,1915,1919,france,allied_powers,669.12,266.08,376.59,naval,935.2,2.4833373164449406
7770,1915,1918,austria-hungary,central_powers,756.07,291.79,2613.39,air,1047.86,0.4009581424892573
7771,1914,1918,belgium,allied_powers,836.11,166.71,1269.32,middle_east,1002.82,0.7900450634985663
7772,1917,1918,belgium,allied_powers,232.39,382.9,1266.01,balkans,615.29,0.4860072195322311
7773,1914,1919,united_kingdom,allied_powers,148.48,448.85,286.13,balkans,597.33,2.087617516513473
7774,1915,1918,austria-hungary,central_powers,553.2,492.05,1845.2,italian_front,1045.25,0.5664697593756775
7775,1917,1919,russia,allied_powers,59.04,315.87,103.96,africa,374.91,3.606290881108119
7776,1916,1919,france,allied_powers,192.57,558.04,2403.95,air,750.6099999999999,0.3122402712202832
7777,1917,1918,germany,central_powers,254.66,227.72,919.92,africa,482.38,0.5243716844943038
7778,1914,1918,ottoman_empire,central_powers,552.96,471.61,946.49,air,1024.5700000000002,1.0824942682965484
7779,1916,1919,united_kingdom,allied_powers,803.79,455.19,1687.38,africa,1258.98,0.7461152793087508
7780,1914,1918,russia,allied_powers,84.97,92.06,1965.0,middle_east,177.03,0.0900916030534351
7781,1915,1919,ottoman_empire,central_powers,770.94,518.11,2273.65,africa,1289.0500000000002,0.5669518175620698
7782,1916,1918,germany,central_powers,321.2,277.77,774.0,naval,598.97,0.7738630490956073
7783,1917,1918,germany,central_powers,168.63,38.64,162.76,naval,207.27,1.2734701400835586
7784,1917,1918,russia,allied_powers,250.04,479.93,1339.95,naval,729.97,0.5447740587335348
7785,1914,1919,belgium,allied_powers,835.41,299.49,2779.82,air,1134.9,0.4082638444215812
7786,1917,1919,serbia,allied_powers,188.79,115.46,2407.75,balkans,304.25,0.1263627868341812
7787,1915,1918,austria-hungary,central_powers,165.94,7.12,2081.92,africa,173.06,0.0831251921303412
7788,1914,1919,belgium,allied_powers,858.56,444.57,567.85,italian_front,1303.13,2.2948489918112176
7789,1916,1918,russia,allied_powers,44.58,25.16,1193.8,italian_front,69.74,0.0584184955603953
7790,1914,1919,united_states,allied_powers,257.21,519.7,1801.38,middle_east,776.9100000000001,0.4312860140558905
7791,1915,1919,ottoman_empire,central_powers,661.45,431.43,913.02,middle_east,1092.88,1.1969945893846796
7792,1916,1919,ottoman_empire,central_powers,850.16,331.88,529.66,africa,1182.04,2.231695804855945
7793,1914,1918,italy,allied_powers,321.11,394.01,2255.38,naval,715.12,0.3170729544467007
7794,1916,1918,italy,allied_powers,493.77,112.28,1566.05,naval,606.05,0.3869927524663963
7795,1917,1918,ottoman_empire,central_powers,493.58,116.84,1190.22,africa,610.42,0.5128631681537866
7796,1914,1919,russia,allied_powers,173.89,546.64,670.85,balkans,720.53,1.074055302973839
7797,1914,1918,united_states,allied_powers,676.33,577.48,1979.38,western_front,1253.81,0.6334357222968808
7798,1917,1918,united_kingdom,allied_powers,43.12,376.61,535.54,air,419.73,0.7837509803189305
7799,1914,1919,ottoman_empire,central_powers,326.83,109.54,1072.21,africa,436.37,0.4069818412437861
7800,1917,1919,united_states,allied_powers,74.18,160.47,2302.13,africa,234.65,0.1019273455452124
7801,1915,1918,united_kingdom,allied_powers,775.58,74.64,2708.63,western_front,850.22,0.313893001258939
7802,1917,1918,belgium,allied_powers,497.7,122.57,1948.89,naval,620.27,0.318268347623519
7803,1916,1919,ottoman_empire,central_powers,763.87,220.46,219.91,italian_front,984.33,4.476058387522168
7804,1914,1919,united_kingdom,allied_powers,237.5,91.65,705.86,western_front,329.15,0.4663105998356614
7805,1916,1919,russia,allied_powers,266.7,286.48,2456.61,balkans,553.1800000000001,0.2251802280378245
7806,1915,1918,united_states,allied_powers,208.28,496.15,1813.88,naval,704.43,0.3883553487551546
7807,1916,1918,serbia,allied_powers,804.28,414.02,1990.07,africa,1218.3,0.6121895209716242
7808,1916,1919,serbia,allied_powers,896.09,276.1,1706.62,balkans,1172.19,0.6868488591484924
7809,1916,1918,russia,allied_powers,586.9,31.36,2730.01,air,618.26,0.226468034915623
7810,1917,1918,italy,allied_powers,533.91,166.59,2997.4,eastern_front,700.5,0.2337025422032428
7811,1915,1919,united_states,allied_powers,793.37,71.75,795.76,africa,865.12,1.087161958379411
7812,1914,1918,germany,central_powers,131.15,550.34,2005.83,naval,681.49,0.339754615296411
7813,1914,1919,united_kingdom,allied_powers,490.91,336.96,231.63,eastern_front,827.87,3.5741052540689893
7814,1915,1918,ottoman_empire,central_powers,778.71,421.85,174.31,africa,1200.56,6.88749928288681
7815,1917,1919,russia,allied_powers,264.55,2.54,119.89,air,267.09000000000003,2.227792142797565
7816,1914,1919,italy,allied_powers,624.06,453.46,2462.44,africa,1077.52,0.4375822355062458
7817,1917,1918,ottoman_empire,central_powers,126.86,200.12,2829.24,western_front,326.98,0.1155716729581089
7818,1914,1919,germany,central_powers,418.33,267.43,2642.09,balkans,685.76,0.2595520970141062
7819,1915,1918,france,allied_powers,287.13,264.04,620.88,naval,551.1700000000001,0.8877238757892025
7820,1915,1919,united_kingdom,allied_powers,506.81,405.07,2875.95,air,911.88,0.3170708809263026
7821,1916,1919,germany,central_powers,657.7,417.68,596.47,balkans,1075.38,1.802907103458682
7822,1914,1918,france,allied_powers,364.85,445.91,147.9,italian_front,810.76,5.481812035158891
7823,1916,1919,russia,allied_powers,351.48,179.39,686.11,western_front,530.87,0.7737389048403317
7824,1914,1919,italy,allied_powers,802.54,58.23,2098.72,middle_east,860.77,0.4101404665700999
7825,1917,1918,germany,central_powers,272.78,388.68,2673.29,naval,661.46,0.2474329384391517
7826,1914,1918,austria-hungary,central_powers,818.36,17.91,326.32,eastern_front,836.27,2.562729835744055
7827,1917,1918,belgium,allied_powers,471.92,229.79,2855.7,western_front,701.71,0.2457225899079035
7828,1914,1919,serbia,allied_powers,181.75,418.19,652.81,balkans,599.94,0.9190116572969166
7829,1915,1919,united_states,allied_powers,537.81,383.44,1649.26,eastern_front,921.25,0.5585838497265441
7830,1915,1918,italy,allied_powers,118.05,564.2,1967.2,naval,682.25,0.346812728751525
7831,1916,1918,italy,allied_powers,542.47,309.86,216.78,italian_front,852.33,3.931774148906726
7832,1916,1918,germany,central_powers,329.51,371.57,2380.6,italian_front,701.0799999999999,0.2944971855834663
7833,1914,1919,austria-hungary,central_powers,715.6,466.66,2278.84,naval,1182.26,0.518799038107107
7834,1917,1919,austria-hungary,central_powers,807.03,165.43,2013.28,air,972.46,0.483022729078916
7835,1915,1918,france,allied_powers,390.31,380.18,766.04,eastern_front,770.49,1.0058090961307504
7836,1915,1919,united_states,allied_powers,432.68,7.44,1954.9,balkans,440.12,0.2251368356437669
7837,1914,1919,france,allied_powers,364.38,266.54,2113.62,western_front,630.9200000000001,0.2985020959302051
7838,1917,1919,russia,allied_powers,390.34,366.65,2070.85,africa,756.99,0.3655455489291837
7839,1917,1918,united_states,allied_powers,376.36,421.79,2591.84,balkans,798.1500000000001,0.3079472498302364
7840,1917,1918,france,allied_powers,102.56,469.89,2041.09,balkans,572.45,0.2804628899264609
7841,1917,1918,austria-hungary,central_powers,220.57,519.27,2829.42,eastern_front,739.8399999999999,0.2614811516141117
7842,1914,1919,belgium,allied_powers,17.46,274.06,2384.85,middle_east,291.52,0.1222382959095959
7843,1916,1919,ottoman_empire,central_powers,304.53,436.0,1822.65,eastern_front,740.53,0.4062930348668148
7844,1914,1919,united_states,allied_powers,325.96,166.27,2437.93,italian_front,492.23,0.2019048947262637
7845,1917,1918,france,allied_powers,663.26,470.74,124.16,italian_front,1134.0,9.133376288659797
7846,1914,1919,russia,allied_powers,186.17,311.9,1768.18,air,498.07,0.2816851225553959
7847,1916,1919,germany,central_powers,140.88,181.02,1005.32,naval,321.9,0.3201965543309593
7848,1916,1919,belgium,allied_powers,665.22,155.48,2156.24,eastern_front,820.7,0.3806162579304716
7849,1914,1918,russia,allied_powers,26.89,75.06,1752.39,africa,101.95,0.0581776887564982
7850,1916,1918,united_states,allied_powers,662.08,377.37,1879.81,africa,1039.45,0.5529548199020115
7851,1916,1918,france,allied_powers,800.27,64.55,2084.34,naval,864.8199999999999,0.4149131139833232
7852,1915,1918,austria-hungary,central_powers,150.95,563.53,994.4,africa,714.48,0.7185036202735318
7853,1917,1918,russia,allied_powers,339.61,254.43,767.33,naval,594.04,0.7741649616201633
7854,1914,1919,germany,central_powers,312.82,147.08,2194.81,africa,459.9,0.2095397779306637
7855,1915,1919,ottoman_empire,central_powers,496.81,571.67,2285.48,eastern_front,1068.48,0.4675079195617551
7856,1917,1918,russia,allied_powers,478.95,486.07,100.52,western_front,965.02,9.600278551532034
7857,1916,1918,france,allied_powers,514.24,488.18,651.48,western_front,1002.42,1.538681156750783
7858,1914,1918,germany,central_powers,133.18,302.89,1425.33,africa,436.07,0.3059431850869623
7859,1914,1919,ottoman_empire,central_powers,310.07,594.56,1554.75,eastern_front,904.63,0.5818491718925871
7860,1916,1918,ottoman_empire,central_powers,830.41,464.69,2812.42,balkans,1295.1,0.4604930984703564
7861,1917,1918,serbia,allied_powers,806.9,87.64,2740.31,middle_east,894.54,0.3264375198426455
7862,1916,1919,austria-hungary,central_powers,599.45,161.38,2061.91,balkans,760.83,0.3689928270390075
7863,1917,1919,ottoman_empire,central_powers,106.33,105.33,527.78,naval,211.66,0.4010383114176361
7864,1914,1919,united_states,allied_powers,659.03,202.15,1578.96,air,861.18,0.5454096367229062
7865,1914,1918,belgium,allied_powers,223.62,112.03,1199.75,balkans,335.65,0.2797666180454261
7866,1917,1919,ottoman_empire,central_powers,498.45,398.76,1447.46,eastern_front,897.21,0.6198513257706604
7867,1914,1918,united_kingdom,allied_powers,731.14,230.09,2930.19,western_front,961.23,0.3280435739661933
7868,1914,1919,germany,central_powers,593.92,563.51,1153.59,middle_east,1157.4299999999998,1.0033287389800536
7869,1914,1918,russia,allied_powers,673.88,280.52,306.81,eastern_front,954.4,3.110719989570092
7870,1915,1918,italy,allied_powers,188.09,136.08,1328.85,air,324.17,0.2439477743913911
7871,1916,1919,russia,allied_powers,305.83,118.99,430.87,naval,424.82,0.9859586418177176
7872,1914,1919,serbia,allied_powers,821.86,5.45,2004.24,balkans,827.3100000000001,0.4127799065980122
7873,1917,1919,serbia,allied_powers,747.47,120.85,2433.03,africa,868.32,0.3568883244349638
7874,1914,1919,germany,central_powers,726.26,52.89,1908.32,air,779.15,0.4082910622956318
7875,1914,1918,russia,allied_powers,769.34,176.01,502.65,eastern_front,945.35,1.880732119765244
7876,1916,1919,france,allied_powers,628.57,483.41,2402.93,middle_east,1111.98,0.4627600471091543
7877,1914,1918,serbia,allied_powers,575.1,475.93,1895.88,balkans,1051.03,0.5543758043758044
7878,1915,1918,united_kingdom,allied_powers,457.69,104.25,991.45,italian_front,561.94,0.5667860204750618
7879,1914,1918,italy,allied_powers,440.52,532.81,2486.47,western_front,973.33,0.3914505302698203
7880,1914,1919,germany,central_powers,281.96,260.15,291.89,eastern_front,542.1099999999999,1.8572407413751757
7881,1914,1918,belgium,allied_powers,744.65,119.6,641.2,middle_east,864.25,1.3478633811603242
7882,1916,1918,austria-hungary,central_powers,250.62,227.94,83.99,middle_east,478.56,5.697821169186808
7883,1916,1919,france,allied_powers,278.37,87.6,2706.94,eastern_front,365.97,0.1351969382402269
7884,1917,1918,united_kingdom,allied_powers,804.83,30.2,732.05,western_front,835.0300000000001,1.14067345126699
7885,1914,1918,united_states,allied_powers,95.62,17.67,1924.12,balkans,113.29,0.0588788641041099
7886,1916,1918,united_kingdom,allied_powers,877.07,5.26,1734.52,naval,882.33,0.5086882826372714
7887,1916,1918,france,allied_powers,895.69,593.78,1151.66,middle_east,1489.47,1.293324418665231
7888,1917,1919,austria-hungary,central_powers,110.44,379.31,1161.5,africa,489.75,0.4216530348687042
7889,1915,1918,ottoman_empire,central_powers,530.03,257.02,1393.89,africa,787.05,0.5646428340830337
7890,1915,1918,ottoman_empire,central_powers,503.78,473.25,276.04,middle_east,977.03,3.5394508042312705
7891,1916,1918,france,allied_powers,424.61,390.82,906.09,naval,815.4300000000001,0.8999437142005762
7892,1915,1919,united_kingdom,allied_powers,286.27,371.43,345.56,eastern_front,657.7,1.9032874175251768
7893,1914,1918,united_states,allied_powers,135.97,436.54,2860.27,italian_front,572.51,0.2001594255087806
7894,1915,1919,united_kingdom,allied_powers,197.74,303.25,1939.12,naval,500.99,0.2583594620240109
7895,1914,1918,italy,allied_powers,865.64,278.73,400.26,eastern_front,1144.37,2.859066606705641
7896,1915,1918,united_states,allied_powers,655.58,91.37,1817.89,balkans,746.95,0.4108884475958391
7897,1914,1918,france,allied_powers,836.64,236.69,2794.16,naval,1073.33,0.3841333352420763
7898,1917,1918,belgium,allied_powers,815.93,536.74,281.4,naval,1352.67,4.806929637526653
7899,1916,1919,germany,central_powers,111.17,395.88,1587.3,africa,507.05,0.3194418194418195
7900,1914,1918,france,allied_powers,362.14,56.42,624.9,middle_east,418.56,0.6698031685069611
7901,1917,1919,serbia,allied_powers,827.71,287.45,1353.0,middle_east,1115.16,0.8242128603104213
7902,1914,1918,russia,allied_powers,74.91,291.9,558.47,air,366.81,0.6568123623471268
7903,1915,1919,italy,allied_powers,348.1,245.62,1617.41,western_front,593.72,0.3670807030993996
7904,1917,1918,united_kingdom,allied_powers,410.95,284.95,2372.5,italian_front,695.9,0.2933192834562697
7905,1915,1919,belgium,allied_powers,433.93,343.1,217.49,naval,777.03,3.5727159869419283
7906,1914,1919,austria-hungary,central_powers,494.74,269.44,615.9,air,764.1800000000001,1.2407533690534178
7907,1916,1919,germany,central_powers,409.97,465.48,553.47,middle_east,875.45,1.5817478815473287
7908,1915,1918,united_kingdom,allied_powers,852.94,98.13,1862.97,middle_east,951.07,0.5105127833513154
7909,1916,1918,russia,allied_powers,584.37,30.35,2280.41,middle_east,614.72,0.2695655605790187
7910,1915,1918,france,allied_powers,343.58,84.55,704.79,balkans,428.13,0.6074575405439918
7911,1916,1918,germany,central_powers,2.68,363.37,846.6,middle_east,366.05,0.4323765650838648
7912,1915,1919,belgium,allied_powers,638.62,55.84,1667.56,italian_front,694.46,0.4164527813092183
7913,1914,1919,united_states,allied_powers,267.75,31.39,1124.01,naval,299.14,0.2661364222738231
7914,1914,1918,united_kingdom,allied_powers,858.49,558.99,2253.74,eastern_front,1417.48,0.6289456636524178
7915,1916,1919,belgium,allied_powers,418.2,228.17,973.82,air,646.37,0.6637468936764495
7916,1916,1919,austria-hungary,central_powers,161.42,157.82,1461.74,western_front,319.24,0.2183972525893797
7917,1914,1918,serbia,allied_powers,42.64,308.0,1922.55,naval,350.64,0.182382772879769
7918,1915,1918,belgium,allied_powers,616.48,259.9,662.28,western_front,876.38,1.323277163737392
7919,1914,1919,germany,central_powers,219.13,65.57,1535.27,naval,284.7,0.1854396946465442
7920,1914,1919,italy,allied_powers,266.93,99.72,2559.97,western_front,366.65,0.1432243346601718
7921,1915,1918,belgium,allied_powers,26.18,113.55,2632.11,naval,139.73,0.0530866871065418
7922,1917,1919,russia,allied_powers,408.87,93.88,75.69,middle_east,502.75,6.642224864579205
7923,1916,1918,russia,allied_powers,105.89,460.31,1390.04,middle_east,566.2,0.4073264078731547
7924,1916,1918,serbia,allied_powers,767.95,45.24,69.03,balkans,813.19,11.78024047515573
7925,1916,1918,belgium,allied_powers,48.79,355.05,258.55,africa,403.84,1.5619415973699478
7926,1917,1919,russia,allied_powers,86.88,190.91,1784.52,africa,277.79,0.1556665097617286
7927,1916,1918,france,allied_powers,160.94,382.32,2704.45,middle_east,543.26,0.2008763334504243
7928,1916,1918,serbia,allied_powers,579.52,143.94,2091.07,italian_front,723.46,0.34597598358735
7929,1916,1919,austria-hungary,central_powers,587.51,554.49,610.26,italian_front,1142.0,1.871333529970832
7930,1915,1918,belgium,allied_powers,72.73,431.13,2572.61,balkans,503.86,0.1958555708016372
7931,1914,1919,austria-hungary,central_powers,880.57,465.85,574.41,africa,1346.42,2.34400515311363
7932,1916,1918,france,allied_powers,287.95,190.54,1013.6,balkans,478.49,0.4720698500394633
7933,1916,1918,united_kingdom,allied_powers,832.25,61.6,2686.78,naval,893.85,0.3326844773297404
7934,1916,1918,belgium,allied_powers,410.45,415.59,2503.83,western_front,826.04,0.329910576996042
7935,1914,1918,united_states,allied_powers,500.27,173.75,209.48,middle_east,674.02,3.2175864044300173
7936,1915,1919,russia,allied_powers,231.0,580.79,1854.67,balkans,811.79,0.4377005073678875
7937,1917,1919,belgium,allied_powers,7.99,129.16,456.85,eastern_front,137.15,0.3002079457152238
7938,1915,1919,united_states,allied_powers,71.21,236.11,2561.11,naval,307.32,0.1199948459847487
7939,1914,1919,france,allied_powers,148.26,182.4,2261.84,italian_front,330.66,0.146190711986701
7940,1917,1918,united_kingdom,allied_powers,870.97,5.06,932.2,air,876.03,0.9397446899806908
7941,1915,1919,ottoman_empire,central_powers,686.86,235.28,142.84,naval,922.14,6.455754690562867
7942,1915,1919,russia,allied_powers,566.39,336.42,1105.61,eastern_front,902.81,0.8165718472155643
7943,1917,1918,united_states,allied_powers,9.99,298.19,2788.2,middle_east,308.18,0.1105300910981995
7944,1915,1918,belgium,allied_powers,890.9,581.84,130.8,balkans,1472.74,11.259480122324158
7945,1914,1918,belgium,allied_powers,554.56,31.49,1759.76,middle_east,586.05,0.3330283675046597
7946,1917,1919,russia,allied_powers,671.37,581.84,2726.3,naval,1253.21,0.4596742838278986
7947,1914,1919,italy,allied_powers,266.67,432.56,1308.33,eastern_front,699.23,0.5344446737443918
7948,1914,1918,italy,allied_powers,532.0,239.12,2866.83,western_front,771.12,0.2689800232312345
7949,1916,1919,russia,allied_powers,413.54,45.16,977.0,naval,458.7000000000001,0.4694984646878199
7950,1914,1918,austria-hungary,central_powers,481.53,104.43,1106.27,middle_east,585.96,0.5296717799452214
7951,1917,1919,austria-hungary,central_powers,210.49,7.85,1719.57,italian_front,218.34,0.1269736038660828
7952,1914,1918,italy,allied_powers,113.73,132.18,1451.85,eastern_front,245.91000000000005,0.1693770017563798
7953,1914,1918,germany,central_powers,250.96,99.78,2624.12,balkans,350.74,0.1336600460344801
7954,1917,1918,france,allied_powers,18.21,308.67,2914.72,italian_front,326.88,0.1121479936323214
7955,1916,1918,russia,allied_powers,456.54,93.16,1529.16,africa,549.7,0.3594784064453687
7956,1916,1918,france,allied_powers,357.82,123.72,891.28,air,481.54,0.5402791490889507
7957,1914,1918,united_states,allied_powers,696.57,349.64,936.27,balkans,1046.21,1.1174233928247197
7958,1914,1919,germany,central_powers,241.49,480.3,1265.56,italian_front,721.79,0.5703325010272132
7959,1914,1918,france,allied_powers,239.14,423.34,1936.02,western_front,662.48,0.3421865476596316
7960,1917,1919,france,allied_powers,106.81,270.84,686.7,africa,377.65,0.5499490316004076
7961,1916,1919,united_states,allied_powers,469.55,447.1,1140.34,eastern_front,916.65,0.8038392058508868
7962,1917,1918,france,allied_powers,848.17,400.41,2692.25,eastern_front,1248.58,0.4637682236047915
7963,1917,1918,france,allied_powers,433.79,417.75,497.67,air,851.54,1.7110535093535877
7964,1915,1918,russia,allied_powers,527.69,381.98,2745.86,italian_front,909.67,0.3312878296781336
7965,1917,1918,russia,allied_powers,116.2,116.35,794.92,eastern_front,232.55,0.2925451617772858
7966,1915,1918,united_states,allied_powers,17.17,255.51,1863.67,balkans,272.68,0.1463134567815117
7967,1915,1919,united_states,allied_powers,171.15,177.54,1305.93,italian_front,348.69,0.2670051227860605
7968,1915,1918,italy,allied_powers,458.2,318.42,408.35,air,776.62,1.9018489041263624
7969,1915,1919,united_kingdom,allied_powers,113.45,323.85,2210.75,air,437.3,0.197806174375212
7970,1916,1919,belgium,allied_powers,866.38,234.16,2972.1,africa,1100.54,0.3702903670805154
7971,1916,1919,germany,central_powers,816.36,284.94,1036.46,naval,1101.3,1.0625590953823592
7972,1915,1919,united_states,allied_powers,80.91,134.79,1289.45,naval,215.7,0.1672806235216565
7973,1916,1919,germany,central_powers,401.4,103.78,116.82,africa,505.18,4.324430748159561
7974,1916,1918,ottoman_empire,central_powers,760.46,38.45,724.49,air,798.9100000000001,1.10272053444492
7975,1915,1918,austria-hungary,central_powers,174.93,222.66,2686.19,middle_east,397.59,0.1480126126595661
7976,1917,1919,austria-hungary,central_powers,198.82,170.54,1450.93,africa,369.36,0.2545677599884212
7977,1916,1919,united_kingdom,allied_powers,333.43,378.88,1279.34,africa,712.31,0.5567792768146075
7978,1914,1919,austria-hungary,central_powers,248.59,414.3,2104.81,naval,662.89,0.3149405409514398
7979,1915,1919,austria-hungary,central_powers,715.18,190.67,2814.25,air,905.85,0.3218797192857777
7980,1917,1918,ottoman_empire,central_powers,698.78,281.17,1987.16,middle_east,979.95,0.4931409649952696
7981,1916,1918,france,allied_powers,121.68,198.02,2568.78,italian_front,319.70000000000005,0.1244559674242247
7982,1916,1918,serbia,allied_powers,793.85,118.89,2604.61,middle_east,912.74,0.3504325023707964
7983,1917,1919,ottoman_empire,central_powers,779.94,93.82,1004.63,air,873.76,0.8697331355822542
7984,1916,1918,france,allied_powers,435.21,264.47,2960.24,eastern_front,699.6800000000001,0.2363592141177742
7985,1916,1918,russia,allied_powers,127.18,373.14,1495.1,africa,500.32,0.3346398234231824
7986,1917,1918,italy,allied_powers,517.85,28.23,2864.26,italian_front,546.08,0.1906530831698239
7987,1917,1918,russia,allied_powers,350.61,266.09,766.02,balkans,616.7,0.8050703636980758
7988,1914,1919,ottoman_empire,central_powers,291.55,584.53,2243.92,western_front,876.0799999999999,0.3904239010303397
7989,1914,1918,austria-hungary,central_powers,652.6,352.11,2668.61,balkans,1004.71,0.3764918815413267
7990,1916,1919,austria-hungary,central_powers,97.92,271.53,2091.39,western_front,369.45,0.1766528481058052
7991,1915,1918,austria-hungary,central_powers,542.82,159.21,2071.78,western_front,702.0300000000001,0.3388535462259506
7992,1915,1919,united_kingdom,allied_powers,569.89,57.8,2934.87,middle_east,627.6899999999999,0.2138731868873238
7993,1915,1919,united_kingdom,allied_powers,622.39,390.19,1310.55,western_front,1012.58,0.7726374422952196
7994,1916,1919,france,allied_powers,217.8,433.3,1800.22,naval,651.1,0.3616780171312395
7995,1915,1918,serbia,allied_powers,144.37,344.31,1672.17,eastern_front,488.68,0.2922430135691945
7996,1916,1918,united_states,allied_powers,674.22,265.42,1540.15,naval,939.64,0.6100964191799501
7997,1917,1919,serbia,allied_powers,111.99,350.68,2129.75,africa,462.67,0.2172414602652893
7998,1914,1919,germany,central_powers,816.97,593.93,763.98,eastern_front,1410.9,1.846776093615016
7999,1917,1918,united_states,allied_powers,794.78,317.44,2266.47,africa,1112.22,0.4907278719771274
8000,1915,1918,germany,central_powers,342.28,425.26,2361.7,middle_east,767.54,0.3249947072024389
8001,1916,1918,austria-hungary,central_powers,897.08,374.02,582.99,naval,1271.1,2.180311840683373
8002,1915,1919,italy,allied_powers,187.54,436.03,2192.99,eastern_front,623.5699999999999,0.28434694184652
8003,1914,1918,italy,allied_powers,691.53,201.62,434.57,italian_front,893.15,2.055250017258439
8004,1914,1919,serbia,allied_powers,314.08,485.72,1529.87,eastern_front,799.8,0.5227895180636263
8005,1916,1919,germany,central_powers,282.52,234.52,215.12,italian_front,517.04,2.403495723317218
8006,1915,1918,belgium,allied_powers,516.07,431.03,1261.81,middle_east,947.1,0.7505884404149595
8007,1917,1919,united_kingdom,allied_powers,398.96,561.89,1233.02,africa,960.85,0.7792655431379863
8008,1914,1918,united_kingdom,allied_powers,271.06,97.7,1576.43,balkans,368.76,0.233920947964705
8009,1916,1918,italy,allied_powers,622.14,296.99,1217.58,naval,919.13,0.7548826360485553
8010,1917,1919,russia,allied_powers,379.92,587.64,2091.85,western_front,967.56,0.4625379448813251
8011,1917,1918,germany,central_powers,364.21,37.44,1374.25,italian_front,401.65,0.2922685100964162
8012,1914,1918,belgium,allied_powers,287.31,162.55,2472.18,eastern_front,449.86,0.181968950480952
8013,1916,1919,russia,allied_powers,395.97,571.74,296.96,western_front,967.71,3.2587217133620694
8014,1916,1918,france,allied_powers,337.56,141.7,455.71,western_front,479.26,1.0516776019837175
8015,1914,1919,france,allied_powers,586.76,412.97,2634.73,balkans,999.73,0.3794430548860794
8016,1915,1918,belgium,allied_powers,643.23,580.22,1290.85,western_front,1223.45,0.9477863423325716
8017,1917,1919,united_states,allied_powers,834.42,425.36,2730.31,middle_east,1259.78,0.4614054814288487
8018,1915,1918,ottoman_empire,central_powers,737.1,429.37,610.22,eastern_front,1166.47,1.9115564878240636
8019,1914,1918,russia,allied_powers,355.83,198.52,1251.87,western_front,554.35,0.4428175449527507
8020,1917,1918,serbia,allied_powers,852.79,27.68,55.32,africa,880.4699999999999,15.915943600867678
8021,1914,1918,ottoman_empire,central_powers,811.91,206.43,1258.32,naval,1018.34,0.8092853964015513
8022,1914,1918,russia,allied_powers,187.84,516.26,1373.5,africa,704.1,0.512631962140517
8023,1914,1919,ottoman_empire,central_powers,628.93,237.22,2744.1,naval,866.15,0.3156408294158376
8024,1915,1918,austria-hungary,central_powers,274.67,361.47,1239.44,eastern_front,636.1400000000001,0.513247918414768
8025,1917,1918,germany,central_powers,684.22,496.36,1869.62,western_front,1180.58,0.6314545201698741
8026,1917,1919,serbia,allied_powers,535.81,507.71,657.94,italian_front,1043.52,1.586041280359911
8027,1917,1918,ottoman_empire,central_powers,655.29,302.78,1227.91,eastern_front,958.07,0.7802444804586655
8028,1915,1919,russia,allied_powers,557.29,352.09,1455.48,eastern_front,909.38,0.6247973177233627
8029,1916,1918,united_kingdom,allied_powers,609.94,514.36,1475.62,naval,1124.3000000000002,0.7619170247082584
8030,1917,1918,germany,central_powers,171.27,232.21,150.42,western_front,403.48,2.6823560696715867
8031,1914,1918,france,allied_powers,581.79,280.24,2272.59,eastern_front,862.03,0.3793161106930858
8032,1915,1919,austria-hungary,central_powers,395.97,328.91,1990.93,middle_east,724.8800000000001,0.3640911533805809
8033,1914,1919,united_states,allied_powers,154.13,163.42,549.33,western_front,317.54999999999995,0.5780678280814809
8034,1914,1918,germany,central_powers,23.95,140.51,1401.34,air,164.45999999999998,0.1173590991479583
8035,1916,1919,austria-hungary,central_powers,620.42,465.44,1724.13,eastern_front,1085.86,0.6298016970878065
8036,1915,1919,germany,central_powers,677.04,534.93,1147.53,africa,1211.9699999999998,1.0561553946302056
8037,1916,1918,austria-hungary,central_powers,548.55,171.59,2623.5,western_front,720.14,0.2744959024204307
8038,1914,1919,france,allied_powers,558.2,125.13,573.54,air,683.33,1.1914251839453225
8039,1916,1918,france,allied_powers,125.43,69.03,1847.02,air,194.46,0.1052831046767225
8040,1917,1918,france,allied_powers,860.02,352.92,2143.21,middle_east,1212.94,0.5659454743118967
8041,1914,1919,belgium,allied_powers,634.03,408.72,2615.23,naval,1042.75,0.3987221009242017
8042,1917,1919,belgium,allied_powers,210.18,447.29,413.16,air,657.47,1.5913205537806177
8043,1915,1919,france,allied_powers,686.85,255.65,2054.09,italian_front,942.5,0.4588406544990726
8044,1917,1919,russia,allied_powers,96.97,573.74,2859.17,middle_east,670.71,0.2345820640255738
8045,1917,1919,austria-hungary,central_powers,555.94,444.35,2235.9,western_front,1000.29,0.4473768952099826
8046,1917,1918,serbia,allied_powers,395.53,501.86,271.89,eastern_front,897.39,3.3005627275736518
8047,1916,1918,ottoman_empire,central_powers,367.46,483.39,427.81,eastern_front,850.8499999999999,1.9888501905051303
8048,1915,1919,ottoman_empire,central_powers,265.65,369.32,2701.26,western_front,634.97,0.2350643773646372
8049,1916,1919,serbia,allied_powers,192.24,85.17,1937.22,western_front,277.41,0.1432000495555487
8050,1916,1918,belgium,allied_powers,28.99,128.9,1725.58,balkans,157.89,0.0914996696762827
8051,1914,1919,france,allied_powers,642.76,8.43,856.24,air,651.1899999999999,0.7605227506306642
8052,1917,1919,ottoman_empire,central_powers,412.22,498.34,2753.38,western_front,910.56,0.3307062592159455
8053,1916,1919,france,allied_powers,343.03,113.33,296.48,naval,456.36,1.539260658391797
8054,1916,1919,united_states,allied_powers,37.92,510.35,2370.27,balkans,548.27,0.2313112008336603
8055,1914,1919,belgium,allied_powers,734.07,254.47,2907.71,middle_east,988.54,0.3399720054613424
8056,1915,1918,united_kingdom,allied_powers,45.55,266.75,1487.69,middle_east,312.3,0.2099227661676828
8057,1916,1918,united_states,allied_powers,98.79,235.64,1535.28,western_front,334.43,0.2178299723828878
8058,1917,1918,italy,allied_powers,563.22,220.73,1029.05,italian_front,783.95,0.7618191535882611
8059,1916,1919,serbia,allied_powers,253.66,588.96,918.61,air,842.62,0.9172771905378778
8060,1917,1918,russia,allied_powers,831.66,103.96,1123.32,balkans,935.62,0.8329060285582025
8061,1917,1919,germany,central_powers,799.17,42.35,394.94,eastern_front,841.52,2.13075403858814
8062,1914,1918,united_states,allied_powers,336.89,254.35,1026.57,western_front,591.24,0.5759373447499927
8063,1914,1918,russia,allied_powers,618.39,170.36,2459.51,western_front,788.75,0.3206939593658899
8064,1914,1918,austria-hungary,central_powers,680.22,463.18,609.86,balkans,1143.4,1.874856524448234
8065,1914,1919,united_states,allied_powers,511.13,271.54,2606.34,air,782.6700000000001,0.3002946660834734
8066,1915,1919,united_states,allied_powers,719.85,362.45,291.85,western_front,1082.3,3.708411855405173
8067,1917,1919,ottoman_empire,central_powers,502.85,599.18,1216.12,africa,1102.03,0.9061852448771504
8068,1915,1919,italy,allied_powers,168.02,365.04,2731.13,air,533.0600000000001,0.1951792847649141
8069,1914,1919,ottoman_empire,central_powers,84.95,538.96,2773.86,eastern_front,623.9100000000001,0.2249248339858536
8070,1915,1918,united_kingdom,allied_powers,581.43,325.1,367.07,middle_east,906.53,2.469637943716457
8071,1915,1918,united_states,allied_powers,827.78,220.79,1146.23,naval,1048.57,0.914798949599993
8072,1917,1919,italy,allied_powers,311.02,262.55,1063.07,naval,573.5699999999999,0.5395411402823896
8073,1916,1919,united_kingdom,allied_powers,115.0,6.96,2473.94,middle_east,121.96,0.0492978811127189
8074,1917,1918,france,allied_powers,577.72,468.51,2306.23,balkans,1046.23,0.4536537986237279
8075,1916,1919,germany,central_powers,414.58,507.29,2595.94,eastern_front,921.87,0.3551199180258403
8076,1917,1919,russia,allied_powers,324.74,132.34,636.35,air,457.08,0.7182839632277835
8077,1915,1919,united_kingdom,allied_powers,453.95,366.61,2161.74,eastern_front,820.56,0.379583113602931
8078,1916,1918,russia,allied_powers,721.96,334.72,578.24,middle_east,1056.68,1.8274073049252904
8079,1917,1919,serbia,allied_powers,733.45,144.7,2815.49,air,878.1500000000001,0.3118995272581327
8080,1915,1919,austria-hungary,central_powers,127.54,45.03,912.23,africa,172.57,0.1891737829275511
8081,1915,1918,russia,allied_powers,642.26,79.88,1530.23,africa,722.14,0.4719159864856916
8082,1917,1919,serbia,allied_powers,420.3,290.67,1538.15,africa,710.97,0.462224100380327
8083,1917,1919,united_kingdom,allied_powers,735.94,432.81,637.79,italian_front,1168.75,1.8324997256150144
8084,1915,1919,italy,allied_powers,726.0,210.97,2206.72,africa,936.97,0.4245984991299304
8085,1914,1919,belgium,allied_powers,392.35,188.2,2754.09,balkans,580.55,0.2107955803913452
8086,1914,1919,italy,allied_powers,452.24,28.91,2882.84,middle_east,481.15,0.16690138890816
8087,1915,1918,belgium,allied_powers,53.8,396.71,308.17,naval,450.51,1.4618879190057434
8088,1914,1919,italy,allied_powers,788.04,392.96,2910.37,air,1181.0,0.4057903290646893
8089,1916,1918,austria-hungary,central_powers,884.75,300.76,1179.58,africa,1185.51,1.0050272130758406
8090,1916,1918,ottoman_empire,central_powers,887.02,506.48,222.42,africa,1393.5,6.2651739951443215
8091,1917,1918,austria-hungary,central_powers,868.68,406.63,135.06,naval,1275.31,9.4425440544943
8092,1916,1918,ottoman_empire,central_powers,11.18,31.5,2392.19,balkans,42.68,0.017841392197108
8093,1914,1919,italy,allied_powers,508.3,428.7,1460.44,air,937.0,0.6415874667908301
8094,1915,1919,united_states,allied_powers,873.69,300.3,1468.12,air,1173.99,0.799655341525216
8095,1914,1918,italy,allied_powers,418.16,229.96,1152.77,middle_east,648.12,0.5622283716613028
8096,1916,1918,austria-hungary,central_powers,202.85,117.13,1935.91,western_front,319.98,0.1652866093981641
8097,1916,1918,france,allied_powers,362.13,538.93,601.26,eastern_front,901.06,1.4986195655789507
8098,1914,1919,germany,central_powers,726.93,374.33,2987.77,balkans,1101.26,0.3685892823075404
8099,1916,1919,ottoman_empire,central_powers,894.47,567.84,515.54,eastern_front,1462.31,2.8364627380998564
8100,1915,1919,united_kingdom,allied_powers,169.17,333.68,1250.72,eastern_front,502.85,0.4020484201100166
8101,1915,1918,austria-hungary,central_powers,739.96,18.45,2223.1,eastern_front,758.4100000000001,0.3411497458503891
8102,1916,1918,united_kingdom,allied_powers,567.07,159.27,1197.44,balkans,726.34,0.6065773650454303
8103,1915,1918,belgium,allied_powers,538.64,571.67,2890.43,balkans,1110.31,0.3841331566583518
8104,1915,1919,france,allied_powers,261.27,152.21,2112.73,eastern_front,413.48,0.1957088695668637
8105,1917,1919,italy,allied_powers,76.25,434.99,79.46,naval,511.24,6.433929020891015
8106,1916,1919,france,allied_powers,580.94,348.2,1150.32,balkans,929.14,0.8077230683635859
8107,1916,1918,italy,allied_powers,124.13,90.05,2842.01,naval,214.18,0.0753621556574396
8108,1914,1918,germany,central_powers,385.66,219.17,1642.54,africa,604.83,0.3682284754100357
8109,1914,1918,germany,central_powers,196.74,451.75,1909.95,eastern_front,648.49,0.3395324484934161
8110,1917,1919,russia,allied_powers,735.03,435.78,218.42,middle_east,1170.81,5.360360772823002
8111,1916,1918,italy,allied_powers,525.05,93.18,1653.6,africa,618.23,0.3738691340106435
8112,1916,1918,serbia,allied_powers,525.73,93.45,559.54,naval,619.1800000000001,1.1065875540622656
8113,1916,1919,france,allied_powers,774.23,48.4,850.07,naval,822.63,0.9677203053866152
8114,1917,1918,france,allied_powers,458.31,210.68,791.55,middle_east,668.99,0.8451645505653466
8115,1916,1918,france,allied_powers,812.01,33.5,657.74,naval,845.51,1.2854775443184236
8116,1914,1918,belgium,allied_powers,176.42,69.04,1454.58,middle_east,245.46,0.1687497421936229
8117,1917,1919,united_kingdom,allied_powers,363.81,447.49,473.46,middle_east,811.3,1.7135555273940777
8118,1917,1919,united_kingdom,allied_powers,879.38,112.21,299.97,eastern_front,991.59,3.305630563056305
8119,1916,1918,ottoman_empire,central_powers,407.84,38.02,2501.0,balkans,445.86,0.1782726909236305
8120,1916,1919,united_states,allied_powers,584.14,496.79,1369.53,middle_east,1080.93,0.7892707717246064
8121,1915,1919,ottoman_empire,central_powers,92.71,548.45,2010.76,balkans,641.1600000000001,0.3188645089418926
8122,1914,1919,ottoman_empire,central_powers,93.96,80.26,1518.86,middle_east,174.22,0.1147044493896738
8123,1916,1919,austria-hungary,central_powers,404.95,59.69,1519.29,naval,464.64,0.3058270639575065
8124,1916,1918,united_states,allied_powers,452.33,104.07,2806.87,italian_front,556.4,0.1982279193550111
8125,1915,1918,united_kingdom,allied_powers,180.85,476.16,66.83,western_front,657.01,9.83106389346102
8126,1916,1919,united_kingdom,allied_powers,715.27,197.79,1786.24,western_front,913.06,0.5111631135793622
8127,1914,1918,italy,allied_powers,498.28,66.67,397.9,eastern_front,564.9499999999999,1.4198291027896457
8128,1915,1918,russia,allied_powers,873.88,412.74,1831.6,italian_front,1286.62,0.7024568683118585
8129,1914,1918,russia,allied_powers,899.68,526.75,1483.66,western_front,1426.4299999999998,0.9614264723723762
8130,1914,1919,france,allied_powers,358.1,154.44,1463.14,eastern_front,512.54,0.3503014065639651
8131,1914,1918,belgium,allied_powers,638.7,311.87,1778.03,middle_east,950.57,0.5346197758193056
8132,1917,1918,serbia,allied_powers,395.01,332.63,603.28,middle_east,727.64,1.2061397692613711
8133,1914,1918,belgium,allied_powers,480.56,547.5,2762.35,western_front,1028.06,0.372168624540699
8134,1916,1919,serbia,allied_powers,137.49,128.0,259.76,balkans,265.49,1.022058823529412
8135,1915,1919,serbia,allied_powers,492.03,170.98,2260.91,africa,663.01,0.293249178428155
8136,1917,1919,russia,allied_powers,695.87,238.62,2324.61,naval,934.49,0.4019986148214108
8137,1916,1918,russia,allied_powers,483.95,429.65,839.92,middle_east,913.6,1.0877226402514524
8138,1915,1918,germany,central_powers,688.52,334.88,978.17,eastern_front,1023.4,1.0462394062381797
8139,1915,1919,austria-hungary,central_powers,173.16,38.99,403.13,naval,212.15,0.5262570386723886
8140,1914,1919,serbia,allied_powers,796.65,415.87,1656.76,balkans,1212.52,0.7318621888505276
8141,1914,1918,germany,central_powers,519.8,552.75,1252.15,air,1072.55,0.8565667052669408
8142,1917,1918,italy,allied_powers,543.26,390.33,1265.3,middle_east,933.59,0.7378408282620722
8143,1915,1919,russia,allied_powers,536.47,410.89,643.88,balkans,947.36,1.4713300615021432
8144,1916,1919,serbia,allied_powers,438.05,146.42,2891.6,naval,584.47,0.2021268501867478
8145,1914,1919,ottoman_empire,central_powers,319.01,583.3,106.96,africa,902.31,8.43595736724009
8146,1915,1918,austria-hungary,central_powers,287.7,169.83,1822.02,eastern_front,457.53,0.2511114038265222
8147,1917,1919,united_states,allied_powers,52.21,148.16,1599.71,italian_front,200.37,0.1252539522788505
8148,1914,1919,ottoman_empire,central_powers,262.13,502.98,1120.98,africa,765.11,0.6825367089510964
8149,1914,1919,austria-hungary,central_powers,482.76,215.69,501.19,western_front,698.45,1.393583271813085
8150,1916,1918,austria-hungary,central_powers,496.0,356.38,670.48,italian_front,852.38,1.2712981744421907
8151,1917,1918,united_states,allied_powers,280.23,435.4,2875.18,eastern_front,715.63,0.2488991993544752
8152,1916,1918,serbia,allied_powers,365.5,524.77,2971.08,africa,890.27,0.2996452468462646
8153,1917,1919,ottoman_empire,central_powers,596.96,526.41,2069.25,western_front,1123.37,0.5428875196327171
8154,1916,1918,russia,allied_powers,236.98,92.68,1045.64,western_front,329.66,0.3152710301824719
8155,1917,1918,belgium,allied_powers,897.95,30.65,188.71,africa,928.6,4.920777913200149
8156,1917,1919,belgium,allied_powers,820.87,32.06,1406.63,naval,852.9300000000001,0.60636414693274
8157,1917,1919,belgium,allied_powers,648.18,204.04,1591.22,middle_east,852.2199999999999,0.5355764759115647
8158,1914,1918,russia,allied_powers,75.32,509.91,1624.49,western_front,585.23,0.3602546029830901
8159,1914,1918,ottoman_empire,central_powers,706.56,381.35,2798.75,air,1087.91,0.3887128182224206
8160,1916,1919,russia,allied_powers,139.52,358.09,792.06,eastern_front,497.61,0.6282478600106053
8161,1915,1918,germany,central_powers,830.81,439.23,1807.12,africa,1270.04,0.7027978219487361
8162,1914,1919,united_states,allied_powers,205.04,119.25,1842.66,air,324.29,0.1759901446821442
8163,1917,1918,russia,allied_powers,204.32,83.69,516.5,italian_front,288.01,0.5576185866408518
8164,1914,1919,germany,central_powers,758.54,24.84,2659.06,air,783.38,0.2946078689461689
8165,1914,1919,france,allied_powers,23.62,514.85,2382.84,eastern_front,538.47,0.2259782444478018
8166,1915,1919,united_kingdom,allied_powers,870.97,338.19,244.32,africa,1209.16,4.949083169613622
8167,1916,1918,france,allied_powers,187.8,391.95,621.47,middle_east,579.75,0.9328688432265436
8168,1917,1919,ottoman_empire,central_powers,5.0,261.01,1535.47,naval,266.01,0.1732433717363413
8169,1916,1919,united_kingdom,allied_powers,544.95,598.33,928.91,eastern_front,1143.2800000000002,1.230775855572661
8170,1915,1919,russia,allied_powers,516.55,295.23,505.81,eastern_front,811.78,1.604910934936043
8171,1917,1919,russia,allied_powers,51.46,222.07,1083.04,balkans,273.53,0.2525576156005318
8172,1914,1919,austria-hungary,central_powers,272.47,269.95,1346.92,naval,542.4200000000001,0.4027113711282036
8173,1917,1919,united_states,allied_powers,736.45,257.46,299.19,naval,993.91,3.3220027407333137
8174,1917,1919,serbia,allied_powers,763.49,229.43,1703.01,balkans,992.92,0.583038267538065
8175,1917,1918,france,allied_powers,221.13,188.08,1986.99,africa,409.21,0.205944670078863
8176,1915,1919,serbia,allied_powers,604.09,261.26,1850.3,balkans,865.35,0.4676809166081176
8177,1917,1919,belgium,allied_powers,530.16,391.39,2389.29,balkans,921.55,0.3857003544986167
8178,1916,1918,italy,allied_powers,737.66,472.55,2548.16,italian_front,1210.21,0.474934854954163
8179,1916,1918,austria-hungary,central_powers,395.4,300.65,2783.2,italian_front,696.05,0.2500898246622592
8180,1917,1919,united_states,allied_powers,469.86,235.9,2764.85,western_front,705.76,0.2552615874278894
8181,1917,1919,serbia,allied_powers,856.63,433.48,596.36,air,1290.11,2.163307398215843
8182,1915,1919,germany,central_powers,432.64,241.46,1517.36,air,674.1,0.4442584488849054
8183,1915,1918,ottoman_empire,central_powers,106.16,488.0,2305.85,air,594.16,0.2576750439100548
8184,1917,1919,united_states,allied_powers,627.94,248.2,2241.51,middle_east,876.1400000000001,0.3908704400158821
8185,1915,1918,united_kingdom,allied_powers,800.5,174.15,2819.97,western_front,974.65,0.3456242442295485
8186,1917,1919,ottoman_empire,central_powers,354.92,535.25,419.66,western_front,890.1700000000001,2.121169518181385
8187,1914,1918,france,allied_powers,393.94,210.91,2298.38,italian_front,604.85,0.2631636195929306
8188,1914,1919,united_kingdom,allied_powers,731.05,523.22,2423.14,middle_east,1254.27,0.5176217634969502
8189,1917,1918,belgium,allied_powers,43.51,353.84,2655.9,naval,397.35,0.1496103015926804
8190,1914,1919,united_states,allied_powers,329.68,288.72,754.57,africa,618.4000000000001,0.8195396053381396
8191,1917,1918,germany,central_powers,279.63,489.57,2255.15,middle_east,769.2,0.341085958805401
8192,1914,1918,serbia,allied_powers,255.9,34.36,841.82,africa,290.26,0.3448005511867145
8193,1914,1919,italy,allied_powers,499.33,131.42,1437.86,naval,630.75,0.4386727497809244
8194,1916,1919,russia,allied_powers,543.55,10.72,641.17,italian_front,554.27,0.8644665221392143
8195,1917,1919,united_kingdom,allied_powers,244.02,404.81,2338.48,italian_front,648.83,0.2774580069104718
8196,1915,1919,ottoman_empire,central_powers,799.62,324.79,1550.61,balkans,1124.41,0.7251404286055166
8197,1916,1918,belgium,allied_powers,407.78,376.1,2670.3,air,783.88,0.2935550312698947
8198,1917,1919,germany,central_powers,715.54,197.78,470.53,eastern_front,913.32,1.9410452043440376
8199,1915,1919,belgium,allied_powers,361.63,381.14,1463.3,balkans,742.77,0.5075992619421855
8200,1915,1919,belgium,allied_powers,506.55,351.49,1202.21,eastern_front,858.04,0.7137189010239475
8201,1915,1919,italy,allied_powers,321.81,514.93,2241.02,italian_front,836.74,0.3733746240551178
8202,1916,1919,germany,central_powers,39.26,286.32,2519.79,air,325.58,0.1292091801300902
8203,1916,1918,austria-hungary,central_powers,372.32,274.81,1158.89,africa,647.13,0.5584050254985373
8204,1914,1918,italy,allied_powers,466.25,404.49,2879.79,balkans,870.74,0.3023623250306446
8205,1916,1918,russia,allied_powers,656.52,302.81,2950.01,africa,959.33,0.3251955078118378
8206,1915,1919,italy,allied_powers,214.11,332.21,2849.58,balkans,546.3199999999999,0.1917194814674443
8207,1914,1918,ottoman_empire,central_powers,665.56,102.01,447.38,africa,767.5699999999999,1.7157002995216593
8208,1917,1918,austria-hungary,central_powers,281.27,2.15,551.58,balkans,283.42,0.5138329888683417
8209,1915,1919,belgium,allied_powers,549.78,25.88,2885.76,naval,575.66,0.1994829784874695
8210,1915,1918,serbia,allied_powers,553.68,464.26,2387.11,italian_front,1017.94,0.4264319616607529
8211,1917,1918,belgium,allied_powers,570.28,566.19,351.99,africa,1136.47,3.228699678968153
8212,1916,1918,serbia,allied_powers,485.44,179.21,807.33,western_front,664.65,0.8232692950837946
8213,1917,1919,germany,central_powers,889.56,230.61,1665.43,eastern_front,1120.17,0.6726010699939355
8214,1914,1918,united_states,allied_powers,891.98,519.13,947.71,eastern_front,1411.11,1.4889681442635403
8215,1917,1918,belgium,allied_powers,631.16,316.91,2244.22,western_front,948.07,0.4224496707096452
8216,1914,1918,austria-hungary,central_powers,47.6,108.09,2879.52,western_front,155.69,0.0540680391176307
8217,1917,1918,germany,central_powers,575.87,213.6,739.94,air,789.47,1.0669378598264725
8218,1917,1918,ottoman_empire,central_powers,678.98,78.9,2460.84,italian_front,757.88,0.3079761382292225
8219,1915,1919,belgium,allied_powers,144.58,193.27,1393.6,balkans,337.85,0.2424296785304248
8220,1917,1918,italy,allied_powers,70.9,426.27,538.36,africa,497.17,0.9234898580875248
8221,1917,1919,france,allied_powers,2.77,485.11,887.29,naval,487.88,0.5498540499723878
8222,1917,1918,united_states,allied_powers,356.69,438.04,831.15,naval,794.73,0.9561811947301933
8223,1916,1918,united_kingdom,allied_powers,192.2,541.97,2067.89,air,734.1700000000001,0.3550333915246943
8224,1917,1918,russia,allied_powers,797.87,425.61,2361.96,naval,1223.48,0.5179935307964572
8225,1917,1919,italy,allied_powers,352.48,87.64,2264.76,middle_east,440.12,0.1943340574718733
8226,1914,1919,united_kingdom,allied_powers,762.27,176.51,1688.21,africa,938.78,0.5560801085173053
8227,1914,1918,serbia,allied_powers,385.0,503.67,1984.51,western_front,888.6700000000001,0.4478032360633103
8228,1916,1918,austria-hungary,central_powers,153.51,592.52,2098.62,balkans,746.03,0.3554859860289142
8229,1915,1918,united_states,allied_powers,800.31,476.46,2656.13,air,1276.77,0.4806880687315756
8230,1917,1918,russia,allied_powers,29.28,237.89,727.95,western_front,267.17,0.3670169654509237
8231,1915,1918,austria-hungary,central_powers,252.5,531.34,1174.82,western_front,783.84,0.6672000817146457
8232,1916,1919,italy,allied_powers,313.2,318.01,2394.03,balkans,631.21,0.2636600209688266
8233,1915,1919,austria-hungary,central_powers,226.98,137.6,2658.61,air,364.58,0.1371318094793896
8234,1914,1918,serbia,allied_powers,519.38,123.7,1449.5,western_front,643.08,0.4436564332528458
8235,1916,1919,germany,central_powers,55.94,240.21,2028.4,balkans,296.15,0.1460017747978702
8236,1915,1919,russia,allied_powers,647.31,214.01,1080.82,eastern_front,861.3199999999999,0.7969134545992858
8237,1916,1918,russia,allied_powers,27.76,81.03,2422.95,western_front,108.79,0.0448998122123857
8238,1917,1918,italy,allied_powers,332.72,455.87,2667.96,air,788.59,0.2955778947210603
8239,1914,1918,united_states,allied_powers,221.61,310.02,2782.76,naval,531.63,0.1910441432247121
8240,1914,1918,belgium,allied_powers,145.66,137.97,2069.28,western_front,283.63,0.1370669991494626
8241,1914,1919,belgium,allied_powers,697.35,265.71,1957.25,naval,963.06,0.4920475156469536
8242,1916,1919,united_states,allied_powers,844.4,255.25,2374.55,africa,1099.65,0.463098271251395
8243,1916,1918,united_states,allied_powers,838.8,345.46,2791.95,western_front,1184.26,0.4241694872759183
8244,1914,1919,belgium,allied_powers,812.54,440.04,2460.56,italian_front,1252.58,0.5090629775335695
8245,1916,1919,united_kingdom,allied_powers,800.48,595.75,948.97,naval,1396.23,1.4713110003477454
8246,1916,1918,russia,allied_powers,559.35,338.21,2256.57,middle_east,897.56,0.397754113544007
8247,1916,1919,france,allied_powers,652.73,81.36,2645.73,italian_front,734.09,0.277462174900689
8248,1917,1919,ottoman_empire,central_powers,718.25,500.62,973.53,air,1218.87,1.2520107238605898
8249,1916,1919,united_states,allied_powers,625.97,44.09,688.21,naval,670.0600000000001,0.9736272358727714
8250,1917,1919,russia,allied_powers,387.79,533.08,1565.81,middle_east,920.87,0.5881109457724757
8251,1915,1918,russia,allied_powers,74.12,414.37,147.03,western_front,488.49,3.3223831871046725
8252,1916,1919,france,allied_powers,569.23,342.52,531.26,western_front,911.75,1.7162029891202049
8253,1916,1918,germany,central_powers,247.42,486.04,2368.79,air,733.46,0.3096348768780685
8254,1917,1919,belgium,allied_powers,492.43,530.21,1910.46,western_front,1022.64,0.5352846958324173
8255,1916,1918,serbia,allied_powers,536.71,310.11,542.27,middle_east,846.82,1.5616205949065964
8256,1917,1918,ottoman_empire,central_powers,568.2,499.51,1449.83,eastern_front,1067.71,0.7364380651524662
8257,1917,1919,italy,allied_powers,887.16,47.57,1215.29,balkans,934.73,0.7691415217766953
8258,1914,1919,russia,allied_powers,783.54,540.63,1724.9,middle_east,1324.17,0.767679285755696
8259,1916,1919,germany,central_powers,296.59,52.97,1304.52,italian_front,349.55999999999995,0.2679606291969459
8260,1914,1919,italy,allied_powers,335.42,525.88,2638.73,italian_front,861.3,0.3264070215596139
8261,1915,1918,austria-hungary,central_powers,77.34,52.81,2393.87,africa,130.15,0.0543680316809183
8262,1915,1919,ottoman_empire,central_powers,185.01,233.25,144.85,balkans,418.26,2.8875388332758027
8263,1915,1918,germany,central_powers,687.19,66.4,2230.79,middle_east,753.59,0.3378130617404596
8264,1914,1918,united_states,allied_powers,723.05,396.23,1715.82,africa,1119.28,0.6523294984322365
8265,1915,1918,germany,central_powers,884.91,574.67,786.76,balkans,1459.58,1.8551781991967051
8266,1915,1918,united_kingdom,allied_powers,185.11,556.27,1491.41,western_front,741.38,0.4971000596750725
8267,1917,1918,serbia,allied_powers,446.09,553.39,1174.95,balkans,999.48,0.850657474786161
8268,1917,1918,austria-hungary,central_powers,128.19,441.59,140.21,balkans,569.78,4.063761500606233
8269,1914,1918,belgium,allied_powers,343.99,68.38,2514.09,africa,412.37,0.1640235631978171
8270,1916,1918,serbia,allied_powers,787.05,36.22,1219.16,balkans,823.27,0.6752764198300468
8271,1917,1919,italy,allied_powers,709.32,405.5,1195.02,italian_front,1114.8200000000002,0.93288815249954
8272,1916,1919,united_states,allied_powers,424.48,515.61,2328.97,italian_front,940.09,0.4036505407970047
8273,1914,1918,russia,allied_powers,710.6,484.82,472.2,western_front,1195.42,2.531596781024989
8274,1914,1918,france,allied_powers,137.79,444.7,1241.32,eastern_front,582.49,0.4692504753004866
8275,1914,1918,serbia,allied_powers,143.31,480.06,1850.27,air,623.37,0.3369075864603544
8276,1914,1918,russia,allied_powers,224.09,37.78,1603.12,eastern_front,261.87,0.1633502170767004
8277,1915,1919,austria-hungary,central_powers,558.74,433.23,76.52,eastern_front,991.97,12.963538944066912
8278,1915,1918,germany,central_powers,108.91,377.06,713.44,africa,485.97,0.6811644987665396
8279,1915,1918,serbia,allied_powers,417.97,548.34,2863.5,eastern_front,966.31,0.3374576567138118
8280,1917,1918,serbia,allied_powers,681.15,20.67,1577.64,eastern_front,701.8199999999999,0.4448543393930173
8281,1916,1919,belgium,allied_powers,308.03,234.78,807.47,balkans,542.81,0.6722355010093254
8282,1914,1918,italy,allied_powers,161.38,108.65,341.24,western_front,270.03,0.7913198921580119
8283,1917,1918,italy,allied_powers,14.83,194.07,1771.24,balkans,208.9,0.1179399742553239
8284,1915,1919,italy,allied_powers,95.62,560.83,718.13,air,656.45,0.914110258588278
8285,1917,1918,united_states,allied_powers,394.13,254.15,1954.33,africa,648.28,0.3317147052954209
8286,1916,1919,ottoman_empire,central_powers,432.45,320.89,353.74,italian_front,753.3399999999999,2.1296432407983263
8287,1916,1918,austria-hungary,central_powers,657.08,380.78,2077.5,italian_front,1037.86,0.4995716004813478
8288,1915,1918,germany,central_powers,858.48,343.62,358.48,air,1202.1,3.353325150636018
8289,1915,1919,france,allied_powers,392.5,410.0,2966.06,africa,802.5,0.2705609461710147
8290,1916,1918,belgium,allied_powers,636.53,589.06,1236.99,africa,1225.59,0.9907840807120508
8291,1916,1919,belgium,allied_powers,277.12,565.61,1874.68,balkans,842.73,0.4495327202509228
8292,1915,1919,united_states,allied_powers,621.58,404.14,152.86,balkans,1025.72,6.710192332853591
8293,1917,1919,france,allied_powers,149.82,29.71,1492.11,eastern_front,179.53,0.1203195474864453
8294,1914,1919,france,allied_powers,95.23,524.44,1140.82,naval,619.6700000000001,0.5431794674006417
8295,1915,1919,russia,allied_powers,581.12,51.31,1497.58,eastern_front,632.4300000000001,0.4223013127846259
8296,1917,1918,ottoman_empire,central_powers,307.89,149.35,1127.21,eastern_front,457.24,0.4056387008631932
8297,1915,1918,germany,central_powers,56.88,17.15,536.2,western_front,74.03,0.1380641551659828
8298,1917,1919,united_states,allied_powers,158.96,353.65,2834.66,middle_east,512.61,0.1808365024376821
8299,1916,1919,austria-hungary,central_powers,648.74,68.31,1305.6,balkans,717.05,0.5492110906862745
8300,1916,1918,russia,allied_powers,668.97,235.27,343.01,air,904.24,2.6361913646832456
8301,1915,1919,russia,allied_powers,409.05,156.08,1049.43,eastern_front,565.13,0.5385113823694767
8302,1915,1918,serbia,allied_powers,268.27,282.78,1932.79,eastern_front,551.05,0.2851059866824642
8303,1914,1918,france,allied_powers,330.36,33.86,556.56,italian_front,364.22,0.6544128216185139
8304,1916,1919,serbia,allied_powers,587.08,591.46,2554.83,eastern_front,1178.54,0.46129879483175
8305,1915,1919,germany,central_powers,246.32,83.59,1708.7,balkans,329.91,0.1930766079475624
8306,1916,1918,italy,allied_powers,432.32,1.69,1605.79,italian_front,434.01,0.2702781808331101
8307,1916,1918,belgium,allied_powers,182.54,571.6,1462.11,naval,754.14,0.5157888257381456
8308,1915,1919,russia,allied_powers,24.62,314.95,1465.65,balkans,339.57,0.2316856002456248
8309,1917,1919,austria-hungary,central_powers,7.85,403.02,1009.12,eastern_front,410.87,0.407156730616775
8310,1914,1919,serbia,allied_powers,634.78,123.36,239.92,eastern_front,758.14,3.159969989996666
8311,1917,1919,serbia,allied_powers,280.17,227.83,1010.39,naval,508.0,0.5027761557418423
8312,1916,1918,united_states,allied_powers,485.34,266.73,2866.02,eastern_front,752.0699999999999,0.2624091946322775
8313,1915,1919,ottoman_empire,central_powers,587.47,77.67,1144.85,middle_east,665.14,0.5809844084377866
8314,1915,1919,france,allied_powers,737.85,503.05,995.14,eastern_front,1240.9,1.2469602267017708
8315,1916,1919,russia,allied_powers,40.89,172.64,251.94,balkans,213.53,0.8475430658093196
8316,1916,1919,united_kingdom,allied_powers,821.95,138.42,2553.63,balkans,960.37,0.37608032487087
8317,1917,1918,united_states,allied_powers,26.96,235.13,599.04,middle_east,262.09,0.4375166933760683
8318,1914,1918,austria-hungary,central_powers,861.91,346.75,2048.07,air,1208.66,0.5901458446244512
8319,1915,1919,russia,allied_powers,221.57,108.69,260.84,italian_front,330.26,1.266140162551756
8320,1914,1919,france,allied_powers,93.36,132.77,986.07,balkans,226.13,0.2293244901477582
8321,1915,1919,united_kingdom,allied_powers,670.17,337.11,2838.6,balkans,1007.28,0.3548509828788839
8322,1914,1919,united_states,allied_powers,38.19,101.42,2922.43,naval,139.61,0.0477718884626834
8323,1914,1918,serbia,allied_powers,731.54,573.06,2830.42,africa,1304.6,0.460920994057419
8324,1916,1919,germany,central_powers,322.83,121.18,1649.82,western_front,444.01,0.2691263289328532
8325,1914,1919,russia,allied_powers,427.87,310.63,1125.13,naval,738.5,0.6563685974065219
8326,1914,1919,belgium,allied_powers,207.05,573.2,736.42,air,780.25,1.0595176665489805
8327,1915,1919,united_kingdom,allied_powers,261.43,402.53,2434.4,middle_east,663.96,0.2727407163982911
8328,1917,1918,austria-hungary,central_powers,353.79,438.6,915.12,eastern_front,792.3900000000001,0.8658864411224758
8329,1917,1918,austria-hungary,central_powers,454.67,261.78,2818.18,africa,716.45,0.2542243575641016
8330,1916,1919,belgium,allied_powers,734.55,308.97,1977.84,eastern_front,1043.52,0.5276058730736561
8331,1915,1918,france,allied_powers,39.06,414.23,1423.51,eastern_front,453.29,0.3184312017477924
8332,1914,1919,russia,allied_powers,591.79,157.03,2980.69,naval,748.8199999999999,0.2512237099463547
8333,1916,1918,belgium,allied_powers,112.15,245.83,483.4,balkans,357.98,0.7405461315680596
8334,1917,1919,united_kingdom,allied_powers,224.01,224.4,1913.99,italian_front,448.41,0.2342802208997957
8335,1915,1919,france,allied_powers,569.42,567.38,2813.6,middle_east,1136.8,0.4040375319874893
8336,1916,1919,france,allied_powers,217.27,11.4,589.09,western_front,228.67,0.388174981751515
8337,1914,1918,ottoman_empire,central_powers,549.03,167.48,1409.46,middle_east,716.51,0.5083578107927859
8338,1914,1919,ottoman_empire,central_powers,109.14,8.37,2362.33,italian_front,117.51,0.0497432619490079
8339,1914,1918,austria-hungary,central_powers,291.85,287.73,278.67,air,579.58,2.079807657803136
8340,1915,1919,united_kingdom,allied_powers,423.46,81.82,1737.65,air,505.28,0.2907835294794694
8341,1914,1918,germany,central_powers,896.59,326.81,1695.2,balkans,1223.4,0.7216847569608306
8342,1915,1918,austria-hungary,central_powers,41.33,357.21,681.18,western_front,398.54,0.5850729616254147
8343,1916,1918,france,allied_powers,743.68,172.61,759.81,air,916.29,1.2059462233979548
8344,1917,1918,italy,allied_powers,812.5,463.91,2060.46,middle_east,1276.41,0.6194781747765062
8345,1915,1919,germany,central_powers,390.69,517.63,2347.33,balkans,908.32,0.3869587999982959
8346,1917,1919,austria-hungary,central_powers,883.22,235.78,1273.0,naval,1119.0,0.8790259230164965
8347,1915,1918,united_kingdom,allied_powers,538.97,584.08,2368.53,balkans,1123.0500000000002,0.4741548555433117
8348,1917,1918,austria-hungary,central_powers,201.73,158.51,1677.47,africa,360.24,0.2147519776806738
8349,1917,1918,france,allied_powers,788.33,75.95,1996.49,italian_front,864.2800000000001,0.4328997390420188
8350,1914,1919,belgium,allied_powers,478.62,140.26,1955.33,middle_east,618.88,0.316509233735482
8351,1915,1919,russia,allied_powers,849.5,249.18,2262.96,balkans,1098.68,0.4855057093364443
8352,1917,1919,united_kingdom,allied_powers,249.21,251.16,2621.67,africa,500.37,0.1908592614631132
8353,1916,1919,serbia,allied_powers,729.17,202.61,2736.68,middle_east,931.78,0.3404782437113583
8354,1914,1919,united_kingdom,allied_powers,301.35,379.36,2604.46,africa,680.71,0.2613632000491465
8355,1914,1918,austria-hungary,central_powers,215.77,445.96,1459.2,middle_east,661.73,0.4534882127192982
8356,1916,1918,serbia,allied_powers,583.34,245.38,1090.01,eastern_front,828.72,0.760286602875203
8357,1916,1919,germany,central_powers,650.96,534.12,2338.13,air,1185.08,0.5068494908324173
8358,1917,1919,united_kingdom,allied_powers,105.17,201.95,1596.35,western_front,307.12,0.1923888871488082
8359,1914,1919,russia,allied_powers,166.61,445.41,1624.77,middle_east,612.02,0.3766810071579362
8360,1914,1919,france,allied_powers,832.8,162.21,1964.73,italian_front,995.01,0.5064359988395352
8361,1914,1918,serbia,allied_powers,221.23,78.09,2909.03,western_front,299.32,0.1028934043306531
8362,1914,1919,united_states,allied_powers,12.9,415.56,2837.84,air,428.46,0.1509810278239788
8363,1915,1918,italy,allied_powers,766.69,132.51,1239.92,africa,899.2,0.7252080779405122
8364,1914,1918,ottoman_empire,central_powers,277.78,61.41,148.42,middle_east,339.18999999999994,2.285338903112788
8365,1917,1918,italy,allied_powers,125.32,232.36,2136.13,western_front,357.68,0.167442992701755
8366,1916,1919,ottoman_empire,central_powers,32.68,465.19,1122.3,balkans,497.87,0.4436157890047225
8367,1915,1919,belgium,allied_powers,65.97,427.3,2220.61,eastern_front,493.27,0.2221326572428296
8368,1914,1918,ottoman_empire,central_powers,242.11,420.19,1192.82,eastern_front,662.3,0.5552388457604668
8369,1914,1919,serbia,allied_powers,689.3,546.94,355.88,africa,1236.24,3.473755198381477
8370,1917,1918,united_states,allied_powers,521.16,154.53,381.29,air,675.6899999999999,1.772115712449841
8371,1914,1918,ottoman_empire,central_powers,168.13,470.45,1535.74,africa,638.5799999999999,0.4158125724406474
8372,1916,1919,ottoman_empire,central_powers,211.2,468.96,2660.82,balkans,680.16,0.2556204478318714
8373,1915,1919,italy,allied_powers,192.19,82.57,2359.35,eastern_front,274.76,0.1164558035052027
8374,1916,1918,united_kingdom,allied_powers,207.52,253.56,2673.94,balkans,461.08,0.1724346843983036
8375,1914,1919,united_kingdom,allied_powers,149.53,25.01,1557.53,italian_front,174.54,0.112062046958967
8376,1914,1918,serbia,allied_powers,232.27,80.5,1746.73,air,312.77,0.1790603012486188
8377,1917,1919,serbia,allied_powers,708.02,134.23,2805.9,air,842.25,0.3001710681064899
8378,1915,1919,france,allied_powers,720.93,169.56,179.98,balkans,890.49,4.947716412934771
8379,1914,1918,france,allied_powers,657.26,181.83,2517.21,naval,839.09,0.333341278637857
8380,1917,1919,austria-hungary,central_powers,158.68,136.48,1059.08,eastern_front,295.16,0.2786947161687502
8381,1916,1918,germany,central_powers,498.16,435.64,1789.3,naval,933.8,0.5218800648298217
8382,1916,1918,ottoman_empire,central_powers,505.19,574.91,1347.17,western_front,1080.1,0.8017547896701974
8383,1915,1918,united_states,allied_powers,488.46,579.7,198.69,eastern_front,1068.16,5.3760128843927735
8384,1917,1918,belgium,allied_powers,343.35,132.75,1183.69,air,476.1,0.4022167966274954
8385,1915,1919,ottoman_empire,central_powers,79.85,544.24,2045.15,middle_east,624.09,0.3051561010194851
8386,1915,1918,serbia,allied_powers,599.86,60.21,2541.73,air,660.07,0.2596932010874483
8387,1915,1919,italy,allied_powers,679.71,515.18,802.99,middle_east,1194.89,1.488050909724903
8388,1917,1919,austria-hungary,central_powers,737.9,89.6,640.51,western_front,827.5,1.2919392359213753
8389,1915,1919,ottoman_empire,central_powers,623.74,586.43,1699.89,air,1210.17,0.7119107706969274
8390,1914,1918,ottoman_empire,central_powers,877.22,435.95,2957.91,naval,1313.17,0.4439519796072227
8391,1916,1918,austria-hungary,central_powers,310.24,582.86,1858.96,naval,893.1,0.480429917803503
8392,1917,1919,italy,allied_powers,844.04,6.05,860.01,balkans,850.0899999999999,0.988465250404065
8393,1916,1918,austria-hungary,central_powers,855.52,136.88,2493.4,naval,992.4,0.3980107483757119
8394,1917,1919,italy,allied_powers,247.92,293.21,633.92,western_front,541.13,0.8536250630994447
8395,1916,1919,united_kingdom,allied_powers,423.25,174.12,1637.83,eastern_front,597.37,0.3647326035058584
8396,1915,1919,united_kingdom,allied_powers,411.88,336.73,732.8,naval,748.61,1.0215747816593888
8397,1914,1918,austria-hungary,central_powers,313.13,536.79,1857.06,italian_front,849.92,0.4576696498766868
8398,1916,1919,germany,central_powers,94.98,522.31,1549.92,naval,617.29,0.398272168886136
8399,1915,1919,serbia,allied_powers,774.79,375.79,1030.75,naval,1150.58,1.1162551540140673
8400,1914,1918,germany,central_powers,853.46,280.3,553.34,naval,1133.76,2.0489391694075976
8401,1916,1918,france,allied_powers,528.27,169.92,1316.17,balkans,698.1899999999999,0.530470987790331
8402,1917,1918,italy,allied_powers,437.61,40.59,851.63,naval,478.2000000000001,0.5615114545048907
8403,1917,1919,serbia,allied_powers,163.57,154.05,2551.05,naval,317.62,0.1245055957350894
8404,1914,1919,belgium,allied_powers,466.39,0.97,689.59,western_front,467.36,0.6777360460563523
8405,1915,1918,austria-hungary,central_powers,545.25,384.09,165.96,italian_front,929.34,5.599783080260303
8406,1914,1918,france,allied_powers,762.61,520.44,1505.15,air,1283.0500000000002,0.8524399561505498
8407,1914,1918,ottoman_empire,central_powers,880.04,476.23,2675.24,italian_front,1356.27,0.5069713371510594
8408,1915,1918,united_kingdom,allied_powers,847.62,197.34,1653.04,italian_front,1044.96,0.6321444127183855
8409,1917,1919,germany,central_powers,66.1,100.39,358.29,middle_east,166.49,0.4646794496078595
8410,1914,1919,united_states,allied_powers,648.26,2.79,1388.69,italian_front,651.05,0.4688231354729997
8411,1917,1918,belgium,allied_powers,259.13,260.29,1027.44,africa,519.4200000000001,0.5055477692128008
8412,1914,1918,russia,allied_powers,744.33,381.09,2692.79,naval,1125.42,0.4179382722009515
8413,1914,1919,russia,allied_powers,811.05,63.03,1630.04,italian_front,874.0799999999999,0.5362322396996393
8414,1916,1918,germany,central_powers,738.9,321.93,1529.72,eastern_front,1060.83,0.6934798525220301
8415,1917,1919,belgium,allied_powers,387.04,168.52,1994.57,italian_front,555.5600000000001,0.2785362258531914
8416,1917,1919,ottoman_empire,central_powers,112.01,457.23,184.0,eastern_front,569.24,3.093695652173913
8417,1915,1919,germany,central_powers,298.73,167.58,1747.91,naval,466.31000000000006,0.266781470441842
8418,1916,1918,ottoman_empire,central_powers,406.51,395.46,1740.29,air,801.97,0.4608254946014745
8419,1917,1918,united_kingdom,allied_powers,72.43,110.21,999.93,air,182.64,0.1826527856949986
8420,1917,1918,united_states,allied_powers,723.44,247.83,767.62,balkans,971.27,1.2653005393293555
8421,1916,1918,belgium,allied_powers,673.51,355.46,2938.55,italian_front,1028.97,0.3501624951081315
8422,1917,1919,united_states,allied_powers,402.0,145.31,1185.72,balkans,547.31,0.4615845224842289
8423,1916,1918,united_kingdom,allied_powers,233.05,438.32,2783.71,naval,671.37,0.2411781399642922
8424,1917,1918,united_kingdom,allied_powers,531.61,418.38,2401.64,italian_front,949.99,0.3955588681067937
8425,1916,1919,serbia,allied_powers,612.71,25.09,2168.9,western_front,637.8000000000001,0.2940661164645673
8426,1917,1919,austria-hungary,central_powers,504.08,196.0,978.5,eastern_front,700.0799999999999,0.715462442514052
8427,1915,1918,germany,central_powers,160.98,18.07,1628.8,eastern_front,179.04999999999998,0.1099275540275049
8428,1917,1918,france,allied_powers,152.08,440.34,2497.91,middle_east,592.42,0.2371662710025581
8429,1917,1918,belgium,allied_powers,226.0,148.81,497.81,middle_east,374.81,0.7529177798758563
8430,1916,1919,austria-hungary,central_powers,324.57,298.09,1965.16,eastern_front,622.66,0.3168495186142603
8431,1916,1919,austria-hungary,central_powers,582.59,143.89,2581.12,balkans,726.48,0.2814592115050831
8432,1916,1919,germany,central_powers,685.93,102.75,2367.98,italian_front,788.68,0.3330602454412621
8433,1917,1918,united_kingdom,allied_powers,82.18,337.54,1352.33,africa,419.72,0.3103680314716083
8434,1916,1919,france,allied_powers,538.95,505.43,1368.71,balkans,1044.38,0.7630396504738038
8435,1915,1918,italy,allied_powers,120.21,527.14,894.38,air,647.35,0.7237974909993515
8436,1917,1919,belgium,allied_powers,52.44,580.3,2025.62,africa,632.74,0.3123685587622555
8437,1916,1919,austria-hungary,central_powers,583.22,357.46,2865.99,africa,940.68,0.3282216616247789
8438,1916,1918,russia,allied_powers,347.93,509.35,2029.06,middle_east,857.28,0.4225010596039545
8439,1914,1918,united_kingdom,allied_powers,867.84,493.08,1558.52,air,1360.92,0.8732130482765701
8440,1916,1919,germany,central_powers,345.8,99.74,1127.2,africa,445.54,0.3952625975869411
8441,1915,1918,russia,allied_powers,445.43,300.81,2491.92,africa,746.24,0.2994638672188513
8442,1915,1918,belgium,allied_powers,350.33,69.72,1037.91,balkans,420.05,0.4047075372623829
8443,1917,1918,russia,allied_powers,676.66,204.08,2069.07,balkans,880.74,0.4256695036900636
8444,1916,1919,serbia,allied_powers,73.88,361.61,2256.71,naval,435.49,0.1929756149438784
8445,1916,1919,serbia,allied_powers,349.86,573.12,60.42,middle_east,922.98,15.276067527308838
8446,1914,1919,italy,allied_powers,128.8,228.01,184.47,western_front,356.81,1.93424405052312
8447,1917,1918,austria-hungary,central_powers,759.38,460.26,1348.83,africa,1219.64,0.90422069497268
8448,1914,1918,france,allied_powers,793.75,103.48,2171.44,africa,897.23,0.413195851600781
8449,1917,1919,belgium,allied_powers,612.23,400.21,1681.95,italian_front,1012.44,0.6019441719432801
8450,1914,1918,italy,allied_powers,804.13,259.6,1149.78,middle_east,1063.73,0.925159595748752
8451,1917,1919,france,allied_powers,22.29,379.95,640.65,balkans,402.24,0.6278623273238118
8452,1917,1919,united_states,allied_powers,762.2,341.0,1655.29,eastern_front,1103.2,0.6664693195754219
8453,1916,1918,serbia,allied_powers,128.54,313.5,532.72,africa,442.04,0.8297792461330529
8454,1914,1918,germany,central_powers,232.7,68.8,2717.78,balkans,301.5,0.1109361316957222
8455,1917,1919,italy,allied_powers,651.28,216.99,2837.91,eastern_front,868.27,0.3059540295499152
8456,1916,1918,france,allied_powers,355.94,101.69,2182.03,air,457.63,0.2097267223640371
8457,1917,1918,russia,allied_powers,657.63,508.84,1562.79,balkans,1166.47,0.7464022677391077
8458,1915,1918,italy,allied_powers,141.9,307.3,520.1,western_front,449.2000000000001,0.8636800615266296
8459,1916,1919,austria-hungary,central_powers,839.86,502.59,1327.75,balkans,1342.45,1.0110713613255509
8460,1914,1919,russia,allied_powers,61.72,229.51,1494.83,western_front,291.23,0.1948248295792833
8461,1915,1919,belgium,allied_powers,458.23,514.14,679.07,western_front,972.37,1.4319142356458097
8462,1917,1918,belgium,allied_powers,247.47,574.1,1512.08,naval,821.57,0.5433376540923761
8463,1915,1918,united_states,allied_powers,367.86,9.55,1689.93,middle_east,377.41,0.2233287769315889
8464,1914,1919,russia,allied_powers,693.89,462.38,1366.77,italian_front,1156.27,0.8459872546222115
8465,1916,1918,france,allied_powers,557.85,30.83,1950.9,western_front,588.6800000000001,0.3017479112204623
8466,1914,1918,ottoman_empire,central_powers,359.18,530.92,2672.27,eastern_front,890.0999999999999,0.3330875996811699
8467,1915,1918,france,allied_powers,186.02,443.64,1894.0,western_front,629.66,0.3324498416050686
8468,1915,1919,france,allied_powers,193.57,197.36,2749.95,air,390.93,0.1421589483445153
8469,1915,1918,serbia,allied_powers,496.94,294.17,1946.3,western_front,791.11,0.4064686841699635
8470,1914,1918,russia,allied_powers,569.37,326.21,2232.04,eastern_front,895.5799999999999,0.4012383290622031
8471,1915,1919,belgium,allied_powers,307.04,355.01,860.65,middle_east,662.05,0.7692441759135537
8472,1916,1919,france,allied_powers,140.98,121.0,1761.02,eastern_front,261.98,0.1487660560357065
8473,1915,1918,serbia,allied_powers,807.03,410.23,2813.32,balkans,1217.26,0.4326774060540571
8474,1914,1919,russia,allied_powers,225.43,339.06,2039.88,naval,564.49,0.2767270623762182
8475,1917,1918,italy,allied_powers,585.3,82.8,922.5,africa,668.0999999999999,0.7242276422764227
8476,1914,1918,france,allied_powers,508.34,415.95,702.41,middle_east,924.29,1.3158838854799904
8477,1915,1918,germany,central_powers,325.49,497.74,2594.96,italian_front,823.23,0.3172418842679656
8478,1917,1918,germany,central_powers,426.69,26.04,321.09,air,452.73,1.4099785106979352
8479,1914,1919,ottoman_empire,central_powers,205.76,441.11,1694.55,balkans,646.87,0.381735564014045
8480,1915,1918,austria-hungary,central_powers,148.0,544.44,2709.17,western_front,692.44,0.2555911958275044
8481,1917,1918,united_kingdom,allied_powers,288.94,125.91,666.72,balkans,414.85,0.6222252219822414
8482,1917,1919,united_states,allied_powers,180.98,234.59,2601.12,middle_east,415.57,0.1597657931967767
8483,1916,1919,russia,allied_powers,664.66,81.43,1283.44,naval,746.0899999999999,0.5813205136196471
8484,1915,1919,ottoman_empire,central_powers,553.17,593.13,2156.64,africa,1146.3,0.5315212552860005
8485,1915,1919,france,allied_powers,69.6,468.85,2550.8,italian_front,538.45,0.2110906382311431
8486,1915,1919,austria-hungary,central_powers,563.97,474.06,834.03,eastern_front,1038.03,1.2445955181468291
8487,1917,1919,austria-hungary,central_powers,775.03,252.71,662.9,balkans,1027.74,1.5503695881731785
8488,1917,1919,germany,central_powers,715.54,291.57,2064.29,middle_east,1007.11,0.4878723435176259
8489,1915,1918,france,allied_powers,221.77,271.61,2183.24,balkans,493.38,0.2259852329565233
8490,1914,1918,france,allied_powers,831.75,580.85,395.52,middle_east,1412.6,3.571500809061489
8491,1915,1918,united_kingdom,allied_powers,68.89,468.85,2512.04,africa,537.74,0.2140650626582379
8492,1917,1919,italy,allied_powers,734.12,466.99,1436.65,balkans,1201.11,0.8360491421014166
8493,1915,1918,russia,allied_powers,72.08,375.84,1805.45,naval,447.92,0.2480932731451992
8494,1916,1919,germany,central_powers,370.05,12.49,2834.71,air,382.54,0.1349485485287736
8495,1916,1918,russia,allied_powers,555.02,37.65,1402.25,africa,592.67,0.4226564449991085
8496,1916,1918,serbia,allied_powers,656.55,244.37,2731.95,middle_east,900.92,0.3297717747396548
8497,1917,1918,france,allied_powers,851.99,200.14,650.09,balkans,1052.13,1.618437447122706
8498,1914,1918,russia,allied_powers,770.19,167.08,826.73,italian_front,937.27,1.1337074982158626
8499,1914,1918,belgium,allied_powers,894.6,308.15,816.49,western_front,1202.75,1.4730737669781626
8500,1917,1918,belgium,allied_powers,628.71,330.52,1525.05,middle_east,959.23,0.6289826563063506
8501,1916,1919,ottoman_empire,central_powers,124.77,437.2,1182.57,italian_front,561.97,0.4752107697641577
8502,1915,1918,united_states,allied_powers,96.27,430.27,2875.26,africa,526.54,0.1831277867045067
8503,1914,1919,germany,central_powers,559.19,460.3,1706.55,middle_east,1019.49,0.5973982596466556
8504,1914,1918,united_states,allied_powers,734.72,590.74,174.5,balkans,1325.46,7.595759312320917
8505,1916,1919,russia,allied_powers,552.46,385.56,1797.58,naval,938.02,0.5218237853113631
8506,1917,1918,germany,central_powers,590.98,51.33,1370.74,eastern_front,642.3100000000001,0.4685863110436699
8507,1917,1919,austria-hungary,central_powers,724.68,19.57,2576.28,eastern_front,744.25,0.2888855248653096
8508,1916,1919,france,allied_powers,80.52,394.14,2838.64,western_front,474.66,0.1672138770678916
8509,1917,1918,belgium,allied_powers,140.74,346.2,1644.97,balkans,486.94,0.2960175565511833
8510,1917,1918,russia,allied_powers,595.53,285.59,2627.32,western_front,881.1199999999999,0.3353683601540733
8511,1915,1918,italy,allied_powers,568.13,549.98,926.65,italian_front,1118.11,1.2066152268925705
8512,1914,1919,russia,allied_powers,604.23,329.56,2510.29,africa,933.79,0.3719849101099873
8513,1915,1919,italy,allied_powers,251.04,109.74,904.29,air,360.78,0.3989649338154795
8514,1914,1918,united_states,allied_powers,812.89,226.34,1037.86,italian_front,1039.23,1.0013200238953233
8515,1917,1919,belgium,allied_powers,468.53,336.43,2564.1,eastern_front,804.96,0.3139347139347139
8516,1915,1919,italy,allied_powers,457.85,561.59,890.38,middle_east,1019.44,1.1449493474696195
8517,1915,1918,united_states,allied_powers,55.91,116.57,2281.12,eastern_front,172.48,0.0756119800799607
8518,1914,1918,france,allied_powers,722.11,162.31,315.44,eastern_front,884.4200000000001,2.803766167892468
8519,1916,1918,belgium,allied_powers,610.83,86.78,2564.32,middle_east,697.61,0.2720448305983652
8520,1915,1918,germany,central_powers,114.35,490.06,1860.17,italian_front,604.41,0.324921915738884
8521,1917,1918,austria-hungary,central_powers,95.74,264.51,1796.52,africa,360.25,0.2005265735978447
8522,1916,1918,belgium,allied_powers,113.79,275.36,1007.93,middle_east,389.15,0.3860883196253709
8523,1917,1918,germany,central_powers,578.76,223.94,1305.95,naval,802.7,0.6146483402886788
8524,1915,1918,italy,allied_powers,11.06,127.2,2362.92,air,138.26,0.0585123491273509
8525,1917,1919,austria-hungary,central_powers,408.21,371.93,1690.81,western_front,780.14,0.4614001573210473
8526,1917,1918,united_kingdom,allied_powers,702.36,218.56,189.5,western_front,920.92,4.859736147757256
8527,1915,1919,russia,allied_powers,346.36,67.94,1583.73,italian_front,414.3,0.2615976208065769
8528,1916,1919,belgium,allied_powers,830.89,294.22,1511.62,naval,1125.11,0.7443074317619509
8529,1914,1918,ottoman_empire,central_powers,165.28,73.41,2315.08,middle_east,238.69,0.1031022686041087
8530,1915,1919,belgium,allied_powers,406.59,218.75,2509.49,middle_east,625.3399999999999,0.2491900744772842
8531,1914,1919,united_states,allied_powers,622.08,332.48,407.16,middle_east,954.56,2.3444346202966893
8532,1915,1918,italy,allied_powers,398.39,413.66,2096.63,italian_front,812.05,0.3873120197650515
8533,1916,1918,russia,allied_powers,595.86,216.81,813.62,naval,812.6700000000001,0.9988323787517516
8534,1914,1919,russia,allied_powers,74.06,483.55,2176.94,italian_front,557.61,0.2561439451707442
8535,1916,1918,serbia,allied_powers,62.0,574.19,1424.9,italian_front,636.19,0.4464804547687557
8536,1915,1918,serbia,allied_powers,134.62,96.72,2018.99,air,231.34,0.114582043496996
8537,1914,1918,ottoman_empire,central_powers,256.81,39.81,1173.92,western_front,296.62,0.2526747989641543
8538,1916,1919,russia,allied_powers,213.31,386.12,2821.82,italian_front,599.4300000000001,0.2124267316838069
8539,1914,1919,austria-hungary,central_powers,829.36,281.79,579.14,eastern_front,1111.15,1.9186207134717
8540,1915,1919,russia,allied_powers,17.99,112.85,318.85,balkans,130.84,0.41034969421358
8541,1917,1919,serbia,allied_powers,374.15,402.05,2297.17,italian_front,776.2,0.3378940174214359
8542,1915,1919,germany,central_powers,600.43,552.42,2357.05,balkans,1152.85,0.4891071466451708
8543,1916,1918,france,allied_powers,117.42,431.59,2673.07,western_front,549.01,0.2053855679050679
8544,1915,1919,ottoman_empire,central_powers,43.54,456.66,2617.86,air,500.2000000000001,0.1910720970563743
8545,1914,1919,russia,allied_powers,80.24,334.31,2077.29,middle_east,414.55,0.1995628920372215
8546,1916,1918,ottoman_empire,central_powers,42.75,53.89,2482.91,italian_front,96.64,0.038922071279265
8547,1915,1919,serbia,allied_powers,835.81,225.7,1087.69,naval,1061.51,0.9759306420027763
8548,1916,1919,russia,allied_powers,156.75,139.33,1645.44,naval,296.08000000000004,0.1799397121742512
8549,1915,1919,italy,allied_powers,756.46,307.14,2050.13,naval,1063.6,0.5187963690107456
8550,1915,1919,russia,allied_powers,96.15,200.77,2084.99,balkans,296.92,0.1424083568746133
8551,1916,1918,united_states,allied_powers,890.47,557.65,2395.22,eastern_front,1448.12,0.6045874700445053
8552,1914,1918,belgium,allied_powers,158.71,411.07,320.07,middle_east,569.78,1.7801730871371888
8553,1914,1918,italy,allied_powers,625.17,289.32,1871.11,western_front,914.49,0.4887419766876346
8554,1916,1919,belgium,allied_powers,792.71,333.3,1838.99,eastern_front,1126.01,0.6122980549105759
8555,1915,1919,france,allied_powers,566.31,365.65,555.58,western_front,931.96,1.677454192015551
8556,1915,1918,belgium,allied_powers,367.94,420.89,1917.71,western_front,788.8299999999999,0.4113395664620823
8557,1914,1918,united_states,allied_powers,493.08,556.46,1982.22,balkans,1049.54,0.5294770509832409
8558,1916,1918,russia,allied_powers,567.48,571.89,2746.57,balkans,1139.37,0.4148337744896361
8559,1917,1918,austria-hungary,central_powers,283.57,175.28,2005.29,middle_east,458.85,0.2288197717038433
8560,1916,1919,austria-hungary,central_powers,54.33,96.43,308.7,balkans,150.76,0.48837058632977
8561,1914,1918,united_states,allied_powers,695.35,34.48,904.74,naval,729.83,0.806673740522139
8562,1914,1919,united_states,allied_powers,62.7,377.05,2295.66,balkans,439.75,0.1915571121159056
8563,1914,1918,united_kingdom,allied_powers,791.29,81.81,2016.08,middle_east,873.0999999999999,0.4330681322169755
8564,1916,1918,italy,allied_powers,145.61,260.89,2810.35,naval,406.5,0.144643905563364
8565,1915,1918,united_kingdom,allied_powers,4.59,425.31,2943.06,air,429.9,0.1460724551996901
8566,1917,1918,ottoman_empire,central_powers,858.94,218.75,859.2,western_front,1077.69,1.25429469273743
8567,1917,1919,italy,allied_powers,505.73,39.09,767.22,naval,544.82,0.7101222595865593
8568,1916,1919,italy,allied_powers,80.09,519.71,324.35,middle_east,599.8000000000001,1.84923693540928
8569,1915,1919,serbia,allied_powers,1.11,93.62,1677.68,eastern_front,94.73,0.056464880072481
8570,1916,1919,serbia,allied_powers,502.87,160.74,2868.54,air,663.61,0.2313406820194245
8571,1914,1918,austria-hungary,central_powers,17.79,250.67,1809.02,africa,268.46,0.148400791588816
8572,1917,1919,ottoman_empire,central_powers,683.77,363.63,458.11,africa,1047.4,2.286350439850691
8573,1914,1919,austria-hungary,central_powers,738.22,470.17,233.6,middle_east,1208.39,5.172902397260274
8574,1916,1918,united_states,allied_powers,484.81,458.99,724.07,air,943.8,1.3034651345864348
8575,1914,1919,germany,central_powers,400.67,326.24,2922.13,eastern_front,726.9100000000001,0.2487603220938151
8576,1916,1919,united_states,allied_powers,827.87,136.43,840.25,western_front,964.3,1.1476346325498363
8577,1917,1918,serbia,allied_powers,533.46,571.72,934.31,eastern_front,1105.18,1.1828836253491883
8578,1917,1919,russia,allied_powers,278.67,321.24,2435.88,balkans,599.9100000000001,0.2462806049559091
8579,1917,1919,united_kingdom,allied_powers,561.85,243.52,863.63,eastern_front,805.37,0.9325405555619884
8580,1915,1918,italy,allied_powers,26.41,414.26,189.86,balkans,440.67,2.3210260191720216
8581,1916,1918,ottoman_empire,central_powers,261.64,257.83,792.95,middle_east,519.47,0.6551106627151775
8582,1917,1919,ottoman_empire,central_powers,510.34,544.19,2194.42,balkans,1054.53,0.4805506694251784
8583,1916,1918,serbia,allied_powers,339.79,202.34,2329.56,eastern_front,542.13,0.2327177664451656
8584,1914,1919,belgium,allied_powers,218.16,112.02,2629.69,balkans,330.18,0.1255585259098981
8585,1914,1918,italy,allied_powers,428.1,557.84,1692.27,middle_east,985.94,0.582613885491086
8586,1917,1919,ottoman_empire,central_powers,684.59,596.34,932.4,eastern_front,1280.93,1.373798798798799
8587,1915,1918,belgium,allied_powers,625.88,414.62,741.59,naval,1040.5,1.4030663843902964
8588,1916,1919,belgium,allied_powers,155.65,477.03,379.46,balkans,632.68,1.6673167132240552
8589,1917,1918,austria-hungary,central_powers,262.94,114.49,2244.32,middle_east,377.43,0.1681712055321879
8590,1916,1919,united_states,allied_powers,487.43,428.09,2929.4,middle_east,915.52,0.3125281627637059
8591,1915,1919,italy,allied_powers,7.48,479.32,1663.99,middle_east,486.8,0.2925498350350663
8592,1914,1918,ottoman_empire,central_powers,134.61,211.39,354.05,africa,346.0,0.9772630984324248
8593,1917,1919,united_states,allied_powers,623.88,242.78,265.14,western_front,866.66,3.268688240175002
8594,1916,1919,serbia,allied_powers,512.61,320.99,1360.17,eastern_front,833.6,0.6128645683995383
8595,1916,1919,ottoman_empire,central_powers,680.87,277.25,478.03,balkans,958.12,2.004309352969479
8596,1914,1918,russia,allied_powers,556.92,85.27,1295.38,italian_front,642.1899999999999,0.4957541416418347
8597,1915,1918,france,allied_powers,615.16,305.75,2553.03,middle_east,920.91,0.3607125650697406
8598,1917,1919,belgium,allied_powers,29.35,334.08,1314.33,naval,363.43,0.2765135087839431
8599,1916,1919,serbia,allied_powers,55.87,261.68,2664.66,africa,317.55,0.1191709261219067
8600,1917,1918,france,allied_powers,477.04,167.54,1823.03,balkans,644.58,0.3535761890917868
8601,1916,1919,italy,allied_powers,227.03,71.03,142.26,western_front,298.06,2.095177843385351
8602,1916,1918,serbia,allied_powers,66.57,314.21,604.92,air,380.78,0.6294716656748
8603,1916,1919,belgium,allied_powers,45.76,288.9,2355.68,italian_front,334.66,0.1420651361814847
8604,1915,1918,united_states,allied_powers,486.56,451.08,1178.03,middle_east,937.64,0.795938982878195
8605,1916,1918,italy,allied_powers,329.79,102.6,1123.77,africa,432.39,0.3847673456312234
8606,1915,1918,italy,allied_powers,233.94,514.13,986.59,balkans,748.0699999999999,0.7582379711937075
8607,1916,1918,austria-hungary,central_powers,201.43,436.33,1574.83,western_front,637.76,0.404970695249646
8608,1916,1919,france,allied_powers,182.08,370.47,2254.74,italian_front,552.5500000000001,0.2450615148531538
8609,1914,1919,france,allied_powers,21.1,522.82,1656.4,eastern_front,543.9200000000001,0.328374788698382
8610,1914,1919,germany,central_powers,892.13,518.1,2388.66,africa,1410.23,0.5903854043689768
8611,1914,1919,austria-hungary,central_powers,298.71,404.71,452.31,italian_front,703.42,1.5551723375561008
8612,1914,1918,united_states,allied_powers,456.46,243.69,1509.12,middle_east,700.15,0.4639458757421544
8613,1917,1919,france,allied_powers,604.28,41.49,236.04,middle_east,645.77,2.7358498559566176
8614,1916,1919,ottoman_empire,central_powers,753.22,477.03,509.15,middle_east,1230.25,2.416282038691937
8615,1915,1919,italy,allied_powers,441.56,318.64,279.64,eastern_front,760.2,2.718495208124732
8616,1916,1919,ottoman_empire,central_powers,16.49,389.68,2589.03,italian_front,406.17,0.1568811485382556
8617,1914,1918,austria-hungary,central_powers,621.32,431.65,2629.26,balkans,1052.97,0.4004815043015905
8618,1915,1918,ottoman_empire,central_powers,212.66,505.08,307.24,africa,717.74,2.33608905090483
8619,1915,1919,belgium,allied_powers,360.19,166.63,1464.36,naval,526.8199999999999,0.3597612608921303
8620,1917,1918,italy,allied_powers,1.2,203.71,342.97,italian_front,204.91,0.5974575035717409
8621,1915,1919,ottoman_empire,central_powers,565.96,39.32,495.02,eastern_front,605.2800000000001,1.222738475213123
8622,1917,1918,united_states,allied_powers,650.88,113.75,274.36,balkans,764.63,2.786958740341157
8623,1915,1919,france,allied_powers,51.95,582.99,1937.29,eastern_front,634.94,0.3277464912325981
8624,1914,1919,serbia,allied_powers,674.9,383.63,2107.79,western_front,1058.53,0.5021989856674527
8625,1914,1918,united_states,allied_powers,434.45,383.15,1437.06,air,817.5999999999999,0.568939362309159
8626,1916,1918,united_states,allied_powers,305.81,116.46,680.03,africa,422.27,0.6209578989162243
8627,1915,1919,france,allied_powers,860.66,231.07,609.85,africa,1091.73,1.7901615151266703
8628,1916,1918,serbia,allied_powers,185.59,255.55,1741.06,italian_front,441.14,0.2533743811241428
8629,1914,1918,serbia,allied_powers,514.7,71.64,932.08,air,586.34,0.6290661745772895
8630,1915,1918,united_kingdom,allied_powers,663.9,579.36,744.37,middle_east,1243.26,1.6702177680454613
8631,1914,1919,france,allied_powers,872.63,455.27,279.2,western_front,1327.9,4.7560888252149
8632,1917,1919,france,allied_powers,113.72,420.38,2716.55,naval,534.1,0.1966096703539415
8633,1915,1918,france,allied_powers,354.61,131.89,1948.15,balkans,486.5,0.2497240972204399
8634,1916,1918,united_states,allied_powers,794.24,28.69,1824.08,eastern_front,822.9300000000001,0.4511479759659664
8635,1917,1918,ottoman_empire,central_powers,20.59,53.04,2433.29,middle_east,73.63,0.0302594429763817
8636,1917,1919,united_states,allied_powers,144.63,399.66,1173.46,western_front,544.29,0.4638334497980331
8637,1917,1918,serbia,allied_powers,520.54,94.12,1960.69,naval,614.66,0.3134916789497574
8638,1915,1919,germany,central_powers,548.67,26.26,1464.5,africa,574.93,0.3925776715602594
8639,1917,1918,united_states,allied_powers,345.72,523.42,2547.72,middle_east,869.14,0.3411442387703515
8640,1915,1919,united_kingdom,allied_powers,364.54,6.09,1069.11,balkans,370.63,0.3466715305253903
8641,1917,1918,united_states,allied_powers,251.69,140.09,1904.14,air,391.78,0.2057516779228417
8642,1917,1919,belgium,allied_powers,714.1,279.69,1735.31,naval,993.79,0.5726873008280942
8643,1916,1919,serbia,allied_powers,650.73,134.33,2582.71,middle_east,785.0600000000001,0.3039675379736788
8644,1914,1918,belgium,allied_powers,404.55,159.85,1112.96,middle_east,564.4,0.5071161587119034
8645,1915,1919,austria-hungary,central_powers,617.44,60.95,1066.07,eastern_front,678.3900000000001,0.6363465813689534
8646,1915,1919,belgium,allied_powers,660.02,263.0,2173.41,western_front,923.02,0.4246874726811784
8647,1916,1918,italy,allied_powers,19.66,390.19,2813.08,africa,409.85,0.1456943990217128
8648,1914,1918,ottoman_empire,central_powers,402.04,513.76,747.79,naval,915.8,1.2246753767769023
8649,1916,1918,belgium,allied_powers,270.07,399.69,1875.97,balkans,669.76,0.3570206346583367
8650,1914,1918,united_kingdom,allied_powers,365.61,524.37,238.51,eastern_front,889.98,3.731415873548279
8651,1915,1918,serbia,allied_powers,72.07,413.63,774.47,naval,485.7,0.6271385592727929
8652,1915,1919,united_states,allied_powers,777.33,423.16,507.32,africa,1200.49,2.3663368288259874
8653,1917,1919,russia,allied_powers,14.27,439.74,2439.95,balkans,454.01,0.1860734851123998
8654,1916,1918,germany,central_powers,203.96,138.09,2461.73,middle_east,342.05,0.1389470006865091
8655,1916,1919,russia,allied_powers,687.82,488.0,2229.34,africa,1175.8200000000002,0.5274296428539389
8656,1917,1919,austria-hungary,central_powers,728.04,203.88,1469.5,africa,931.92,0.6341748894181695
8657,1917,1919,united_kingdom,allied_powers,560.67,38.69,995.64,italian_front,599.3599999999999,0.6019846530874612
8658,1915,1918,united_states,allied_powers,330.67,161.43,1274.89,western_front,492.1,0.385994085764262
8659,1916,1919,france,allied_powers,505.94,244.6,2557.21,naval,750.54,0.2934995561569054
8660,1917,1919,united_kingdom,allied_powers,832.99,356.74,779.04,eastern_front,1189.73,1.527174471143972
8661,1915,1919,austria-hungary,central_powers,802.51,277.77,1936.49,eastern_front,1080.28,0.5578546752113359
8662,1916,1918,germany,central_powers,75.01,162.14,2394.79,air,237.15,0.0990274721374316
8663,1916,1919,ottoman_empire,central_powers,320.52,277.77,354.72,africa,598.29,1.6866542625169143
8664,1915,1918,serbia,allied_powers,621.35,362.9,864.65,eastern_front,984.25,1.1383218643381716
8665,1916,1918,belgium,allied_powers,97.19,39.92,170.55,air,137.11,0.8039284667253005
8666,1917,1918,italy,allied_powers,459.61,185.08,236.43,naval,644.69,2.7267690225436705
8667,1917,1919,germany,central_powers,838.58,260.36,904.29,italian_front,1098.94,1.2152517444625066
8668,1916,1919,italy,allied_powers,828.92,238.91,1706.54,africa,1067.83,0.62572808138104
8669,1916,1919,italy,allied_powers,419.68,271.05,2697.3,italian_front,690.73,0.2560820079338597
8670,1915,1919,united_states,allied_powers,531.16,242.33,2030.16,italian_front,773.49,0.3809995271308665
8671,1916,1918,russia,allied_powers,455.38,262.54,1723.06,eastern_front,717.9200000000001,0.416654092138405
8672,1915,1919,italy,allied_powers,555.77,549.31,2629.94,air,1105.08,0.4201920956371628
8673,1917,1918,belgium,allied_powers,260.92,560.85,989.57,eastern_front,821.77,0.830431399496751
8674,1916,1918,france,allied_powers,98.04,460.96,329.98,air,559.0,1.6940420631553426
8675,1917,1918,france,allied_powers,65.98,118.73,2952.43,naval,184.71,0.0625620251792591
8676,1914,1918,germany,central_powers,234.05,336.58,76.88,balkans,570.63,7.4223465140478675
8677,1917,1918,ottoman_empire,central_powers,128.7,222.87,1131.23,balkans,351.57,0.310785605049371
8678,1917,1919,russia,allied_powers,437.87,307.4,1290.75,eastern_front,745.27,0.5773929885725353
8679,1914,1919,france,allied_powers,481.57,400.04,2368.45,naval,881.61,0.3722307838459752
8680,1914,1919,austria-hungary,central_powers,713.49,161.11,1145.99,italian_front,874.6,0.7631829248073718
8681,1916,1919,serbia,allied_powers,282.43,197.22,1398.62,balkans,479.65,0.3429451888289886
8682,1915,1919,belgium,allied_powers,265.29,411.01,58.09,naval,676.3,11.642279221897056
8683,1915,1918,france,allied_powers,591.07,39.38,245.18,naval,630.45,2.571376131821519
8684,1916,1918,belgium,allied_powers,300.02,457.67,667.23,italian_front,757.69,1.1355754387542527
8685,1915,1919,ottoman_empire,central_powers,788.42,203.22,1811.28,balkans,991.64,0.5474802349719535
8686,1917,1918,united_states,allied_powers,685.86,366.07,666.62,eastern_front,1051.93,1.5780054603822269
8687,1917,1918,italy,allied_powers,434.95,291.11,1631.4,africa,726.06,0.4450533284295696
8688,1917,1918,serbia,allied_powers,639.35,7.89,2012.26,eastern_front,647.24,0.3216482959458519
8689,1917,1918,germany,central_powers,622.79,386.79,1396.35,air,1009.58,0.7230135710960719
8690,1915,1918,ottoman_empire,central_powers,100.19,300.16,2102.58,naval,400.35,0.1904089261764118
8691,1917,1919,france,allied_powers,888.14,474.76,363.79,naval,1362.9,3.7463921493169137
8692,1915,1918,belgium,allied_powers,860.16,291.54,1666.61,eastern_front,1151.7,0.6910434954788464
8693,1917,1918,germany,central_powers,837.85,147.96,2130.08,western_front,985.81,0.4628042139262375
8694,1916,1918,russia,allied_powers,200.21,534.32,526.13,africa,734.5300000000001,1.396099823237603
8695,1915,1918,united_states,allied_powers,733.37,588.84,1072.94,eastern_front,1322.21,1.2323242678994166
8696,1915,1919,austria-hungary,central_powers,632.79,123.59,1282.34,air,756.38,0.5898435672286602
8697,1914,1918,france,allied_powers,786.24,193.26,606.03,air,979.5,1.6162566209593583
8698,1917,1918,france,allied_powers,225.23,398.74,2865.6,air,623.97,0.2177449748743719
8699,1914,1918,ottoman_empire,central_powers,6.05,328.17,390.16,air,334.22,0.8566229239286447
8700,1914,1918,france,allied_powers,846.59,474.16,2287.95,africa,1320.75,0.5772634891496755
8701,1916,1918,serbia,allied_powers,308.85,374.38,2563.42,balkans,683.23,0.2665306504591522
8702,1917,1919,germany,central_powers,484.0,452.04,557.05,naval,936.04,1.6803518535140474
8703,1914,1918,united_kingdom,allied_powers,797.85,210.06,1401.4,naval,1007.91,0.7192164977879264
8704,1917,1919,italy,allied_powers,892.21,505.15,1715.09,africa,1397.36,0.8147444157449465
8705,1915,1919,austria-hungary,central_powers,196.7,458.66,2921.96,naval,655.36,0.2242878068146039
8706,1917,1919,austria-hungary,central_powers,4.66,138.59,705.67,eastern_front,143.25,0.2029985687360948
8707,1917,1919,ottoman_empire,central_powers,88.2,518.19,2451.92,italian_front,606.3900000000001,0.2473123103527032
8708,1916,1919,serbia,allied_powers,452.31,563.6,153.7,eastern_front,1015.91,6.609694209499025
8709,1915,1918,serbia,allied_powers,870.59,453.83,327.84,western_front,1324.42,4.039836505612494
8710,1916,1918,serbia,allied_powers,870.52,320.03,474.48,eastern_front,1190.55,2.509167931208902
8711,1914,1918,united_kingdom,allied_powers,735.03,88.88,1507.12,middle_east,823.91,0.546678433037847
8712,1914,1919,italy,allied_powers,856.08,267.26,1766.24,middle_east,1123.34,0.6360064317420057
8713,1915,1918,belgium,allied_powers,787.29,369.54,2350.32,africa,1156.83,0.492201061983049
8714,1917,1919,germany,central_powers,397.86,101.9,696.95,eastern_front,499.76,0.7170672214649544
8715,1917,1919,serbia,allied_powers,464.82,236.36,444.99,naval,701.1800000000001,1.575720802714668
8716,1914,1919,italy,allied_powers,603.47,40.23,1195.3,western_front,643.7,0.5385258930812349
8717,1917,1918,united_states,allied_powers,841.6,487.7,1974.82,africa,1329.3,0.673124639207624
8718,1914,1919,germany,central_powers,885.74,252.96,1864.98,air,1138.7,0.6105695503437034
8719,1915,1918,italy,allied_powers,470.14,311.15,2370.6,western_front,781.29,0.3295747911921032
8720,1916,1919,belgium,allied_powers,162.6,554.9,2809.22,naval,717.5,0.2554089747331999
8721,1915,1919,italy,allied_powers,151.83,400.52,2316.55,western_front,552.35,0.2384364680235695
8722,1915,1919,united_kingdom,allied_powers,592.33,118.94,737.63,balkans,711.27,0.9642639263587436
8723,1917,1919,italy,allied_powers,637.47,428.89,2675.49,balkans,1066.36,0.3985662439403624
8724,1914,1919,austria-hungary,central_powers,26.47,96.12,1645.85,africa,122.59,0.0744843090196555
8725,1917,1919,france,allied_powers,69.36,102.43,1526.4,africa,171.79000000000002,0.112545859538784
8726,1914,1918,germany,central_powers,18.2,51.7,115.58,africa,69.9,0.6047759127876796
8727,1916,1919,austria-hungary,central_powers,185.98,395.48,861.24,eastern_front,581.46,0.6751428173331476
8728,1915,1918,united_states,allied_powers,878.64,48.01,1525.56,middle_east,926.65,0.607416293033378
8729,1915,1919,belgium,allied_powers,805.05,61.24,2590.39,eastern_front,866.29,0.3344245461108173
8730,1916,1918,austria-hungary,central_powers,812.88,552.79,2569.82,balkans,1365.67,0.5314263255792234
8731,1916,1919,germany,central_powers,399.57,240.62,1667.18,africa,640.19,0.3839957293153709
8732,1915,1919,united_kingdom,allied_powers,410.69,40.13,870.74,africa,450.82,0.517743528493006
8733,1916,1919,germany,central_powers,499.2,286.59,2221.39,balkans,785.79,0.3537379748715894
8734,1914,1919,austria-hungary,central_powers,343.32,244.02,387.25,balkans,587.34,1.5166946417043254
8735,1917,1919,germany,central_powers,243.22,249.56,1742.69,naval,492.78,0.2827697410325416
8736,1914,1919,serbia,allied_powers,886.65,298.36,2223.19,balkans,1185.01,0.5330223687584057
8737,1917,1918,serbia,allied_powers,565.34,74.08,1645.9,western_front,639.4200000000001,0.3884926180205359
8738,1916,1919,france,allied_powers,509.97,487.29,644.56,middle_east,997.26,1.5471949857266971
8739,1914,1919,austria-hungary,central_powers,844.25,13.02,1406.21,italian_front,857.27,0.6096315628533433
8740,1915,1919,belgium,allied_powers,198.17,276.38,896.3,eastern_front,474.55,0.5294544237420507
8741,1914,1919,united_states,allied_powers,413.2,117.54,2031.32,naval,530.74,0.2612783805604238
8742,1916,1919,italy,allied_powers,185.14,148.17,2733.34,western_front,333.30999999999995,0.1219423855063767
8743,1916,1918,ottoman_empire,central_powers,678.51,556.33,218.44,middle_east,1234.84,5.652993957150706
8744,1917,1919,france,allied_powers,706.97,338.74,2211.63,air,1045.71,0.4728232118392317
8745,1917,1918,germany,central_powers,897.18,243.19,2989.89,eastern_front,1140.37,0.3814086805869112
8746,1917,1918,united_kingdom,allied_powers,212.63,9.89,195.56,eastern_front,222.52,1.1378605031703823
8747,1914,1918,belgium,allied_powers,539.38,55.81,1743.28,balkans,595.19,0.3414196227800468
8748,1917,1918,russia,allied_powers,16.88,363.72,2992.03,naval,380.6,0.1272046069056794
8749,1916,1919,united_kingdom,allied_powers,742.65,85.52,1611.21,middle_east,828.17,0.5140050024515737
8750,1915,1918,austria-hungary,central_powers,235.84,60.11,648.77,naval,295.95,0.4561709080259568
8751,1916,1918,belgium,allied_powers,582.03,135.22,1184.28,middle_east,717.25,0.6056422467659676
8752,1915,1918,united_states,allied_powers,188.53,15.41,651.43,balkans,203.94,0.3130651029274058
8753,1915,1918,united_kingdom,allied_powers,658.68,361.87,2433.47,balkans,1020.55,0.4193805553386728
8754,1916,1919,italy,allied_powers,84.2,27.95,1075.6,middle_east,112.15,0.1042673856452212
8755,1916,1918,austria-hungary,central_powers,680.36,465.99,1834.77,middle_east,1146.35,0.6247922082876872
8756,1916,1919,serbia,allied_powers,10.42,580.61,959.23,eastern_front,591.03,0.6161504540099871
8757,1916,1918,united_kingdom,allied_powers,156.85,90.46,1351.29,air,247.31,0.1830177090039887
8758,1915,1918,russia,allied_powers,299.69,480.25,1745.44,western_front,779.94,0.4468443487029059
8759,1915,1919,germany,central_powers,695.19,135.01,1928.1,africa,830.2,0.4305793267984026
8760,1916,1918,serbia,allied_powers,455.04,172.35,344.31,balkans,627.39,1.8221660712729808
8761,1917,1919,italy,allied_powers,40.09,8.31,159.12,naval,48.400000000000006,0.3041729512317748
8762,1917,1918,austria-hungary,central_powers,193.22,401.53,1388.95,western_front,594.75,0.4282011591489974
8763,1914,1918,united_states,allied_powers,406.63,535.77,1234.8,italian_front,942.4,0.7632005183025591
8764,1915,1918,france,allied_powers,443.62,30.85,2597.03,balkans,474.47,0.1826971579073018
8765,1915,1919,belgium,allied_powers,840.17,54.43,417.97,air,894.5999999999999,2.1403450008373803
8766,1917,1918,italy,allied_powers,473.78,342.28,1433.31,balkans,816.06,0.5693534545911212
8767,1917,1918,germany,central_powers,540.67,261.45,504.12,naval,802.1199999999999,1.5911290962469251
8768,1915,1918,france,allied_powers,79.51,301.04,2263.34,eastern_front,380.55,0.1681364708793199
8769,1916,1919,ottoman_empire,central_powers,13.31,587.47,1145.69,italian_front,600.78,0.5243826864160461
8770,1914,1918,italy,allied_powers,854.1,480.19,1911.55,naval,1334.29,0.6980147001124741
8771,1915,1918,austria-hungary,central_powers,381.75,469.45,2167.79,middle_east,851.2,0.3926579604112944
8772,1915,1919,united_kingdom,allied_powers,464.87,286.9,716.6,eastern_front,751.77,1.049078984091543
8773,1914,1918,austria-hungary,central_powers,376.49,137.97,429.89,air,514.46,1.196724743539045
8774,1916,1918,germany,central_powers,193.91,264.26,558.02,eastern_front,458.17,0.821063761155514
8775,1916,1919,serbia,allied_powers,189.71,245.74,1302.69,eastern_front,435.4500000000001,0.3342698569882321
8776,1915,1919,italy,allied_powers,594.07,557.03,378.78,air,1151.1,3.0389672105179786
8777,1914,1919,russia,allied_powers,633.07,472.65,2373.06,africa,1105.72,0.4659469208532443
8778,1917,1919,austria-hungary,central_powers,742.62,422.48,2862.42,balkans,1165.1,0.4070332096617547
8779,1915,1918,italy,allied_powers,702.45,335.52,563.84,naval,1037.97,1.8408945800227012
8780,1914,1918,united_states,allied_powers,626.68,142.32,1270.67,western_front,769.0,0.6051925362210487
8781,1915,1919,serbia,allied_powers,616.88,9.62,1632.74,africa,626.5,0.3837108173989735
8782,1916,1918,belgium,allied_powers,627.37,65.58,565.85,western_front,692.95,1.2246178315808076
8783,1917,1919,belgium,allied_powers,17.84,439.84,1090.56,middle_east,457.68,0.4196742957746479
8784,1916,1919,france,allied_powers,497.38,11.33,2964.71,italian_front,508.71,0.1715884521588958
8785,1916,1919,belgium,allied_powers,118.77,93.28,682.24,western_front,212.05,0.3108143761726079
8786,1914,1918,france,allied_powers,635.03,83.07,123.66,naval,718.0999999999999,5.8070515930777935
8787,1917,1918,serbia,allied_powers,48.6,241.48,806.13,balkans,290.08,0.359842705270862
8788,1917,1919,austria-hungary,central_powers,195.83,394.75,2574.89,middle_east,590.58,0.2293612542671726
8789,1917,1918,serbia,allied_powers,483.92,146.92,2073.98,air,630.84,0.3041687962275431
8790,1916,1919,united_kingdom,allied_powers,482.5,288.98,2960.38,western_front,771.48,0.2606016795141164
8791,1916,1918,germany,central_powers,4.5,553.66,870.11,italian_front,558.16,0.641482111457172
8792,1917,1919,serbia,allied_powers,135.08,25.56,2639.98,air,160.64,0.0608489458253471
8793,1917,1919,united_states,allied_powers,881.12,228.93,1293.59,middle_east,1110.05,0.8581157863001415
8794,1916,1919,germany,central_powers,547.84,106.4,915.85,middle_east,654.24,0.7143527870284435
8795,1917,1919,serbia,allied_powers,246.24,501.93,2878.97,naval,748.1700000000001,0.259874191116962
8796,1915,1919,france,allied_powers,301.17,283.14,200.63,naval,584.31,2.912376015551014
8797,1915,1918,germany,central_powers,813.27,425.5,1036.14,air,1238.77,1.19556237574073
8798,1915,1919,ottoman_empire,central_powers,575.25,573.75,930.95,naval,1149.0,1.234223105429937
8799,1914,1919,ottoman_empire,central_powers,8.86,300.62,2038.92,balkans,309.48,0.151786239773998
8800,1917,1918,united_kingdom,allied_powers,750.52,26.86,2636.84,balkans,777.38,0.294815005840324
8801,1917,1918,serbia,allied_powers,883.77,314.63,260.9,balkans,1198.4,4.593330778075892
8802,1917,1919,germany,central_powers,501.67,330.7,1959.3,italian_front,832.37,0.4248302965344766
8803,1914,1919,united_kingdom,allied_powers,675.71,403.52,496.45,middle_east,1079.23,2.173894652029409
8804,1917,1918,belgium,allied_powers,227.97,473.18,171.66,air,701.15,4.084527554468135
8805,1915,1919,united_kingdom,allied_powers,767.19,453.26,787.03,western_front,1220.45,1.550703276876358
8806,1915,1918,belgium,allied_powers,111.91,427.67,222.79,africa,539.58,2.4219219893172945
8807,1915,1918,serbia,allied_powers,380.46,351.13,722.95,naval,731.5899999999999,1.0119510339580882
8808,1914,1918,belgium,allied_powers,307.11,576.06,1858.18,italian_front,883.17,0.4752876470524922
8809,1917,1918,germany,central_powers,444.56,419.46,1011.63,balkans,864.02,0.8540869685556972
8810,1917,1919,france,allied_powers,503.73,530.81,1771.55,africa,1034.54,0.5839744856199374
8811,1914,1919,italy,allied_powers,233.64,15.62,347.03,naval,249.26,0.7182664322969196
8812,1915,1918,france,allied_powers,525.31,345.56,1558.55,middle_east,870.8699999999999,0.5587693689647428
8813,1916,1918,italy,allied_powers,33.09,61.3,1614.07,balkans,94.39,0.0584794959326423
8814,1914,1918,austria-hungary,central_powers,420.29,137.08,906.71,western_front,557.37,0.6147169436754861
8815,1917,1919,italy,allied_powers,442.92,75.16,2102.71,western_front,518.08,0.2463868055984895
8816,1915,1919,austria-hungary,central_powers,504.5,205.52,687.34,eastern_front,710.02,1.0329967701574183
8817,1916,1918,serbia,allied_powers,601.35,522.03,1276.31,naval,1123.38,0.8801780131786167
8818,1917,1918,italy,allied_powers,262.68,360.6,2232.17,naval,623.28,0.2792260446112975
8819,1916,1918,france,allied_powers,665.05,295.87,150.86,middle_east,960.92,6.369614211852047
8820,1914,1919,russia,allied_powers,240.46,558.86,824.79,naval,799.32,0.9691194122140182
8821,1915,1919,austria-hungary,central_powers,73.33,261.56,1030.78,balkans,334.89,0.3248898892101127
8822,1914,1918,germany,central_powers,421.41,284.47,330.63,middle_east,705.8800000000001,2.134954480839609
8823,1915,1918,belgium,allied_powers,107.46,350.83,2079.36,eastern_front,458.29,0.2203995460141581
8824,1914,1918,ottoman_empire,central_powers,289.14,490.42,2211.9,naval,779.56,0.3524390795243907
8825,1917,1919,united_states,allied_powers,578.13,280.52,1457.32,eastern_front,858.65,0.5891979798534296
8826,1916,1918,belgium,allied_powers,681.16,465.54,1197.55,air,1146.7,0.9575383073775626
8827,1915,1918,ottoman_empire,central_powers,186.94,563.4,1441.16,western_front,750.3399999999999,0.520650031918732
8828,1915,1918,russia,allied_powers,668.22,190.09,2869.82,air,858.3100000000001,0.2990814754932365
8829,1917,1918,united_kingdom,allied_powers,568.45,95.1,948.05,balkans,663.5500000000001,0.6999103422815254
8830,1914,1918,united_kingdom,allied_powers,304.35,578.41,1546.38,balkans,882.76,0.5708558051707859
8831,1916,1918,austria-hungary,central_powers,514.77,409.11,86.52,italian_front,923.88,10.678224687933426
8832,1917,1919,belgium,allied_powers,672.28,332.66,1085.42,africa,1004.94,0.9258535866300602
8833,1917,1919,belgium,allied_powers,359.29,37.03,2112.09,naval,396.3200000000001,0.1876435189788314
8834,1914,1919,italy,allied_powers,509.03,413.72,1128.55,middle_east,922.75,0.8176421071286164
8835,1915,1919,italy,allied_powers,136.73,64.67,466.88,middle_east,201.4,0.4313742289239204
8836,1916,1919,germany,central_powers,235.25,570.64,2542.41,naval,805.89,0.3169787721099272
8837,1915,1918,russia,allied_powers,856.7,67.09,715.27,air,923.79,1.2915262767905826
8838,1916,1919,ottoman_empire,central_powers,778.13,250.39,826.15,africa,1028.52,1.2449555165526842
8839,1917,1918,france,allied_powers,546.73,150.0,1695.48,balkans,696.73,0.4109337768655484
8840,1914,1919,united_states,allied_powers,43.33,310.16,979.45,air,353.49,0.360906631272653
8841,1917,1919,belgium,allied_powers,414.56,42.24,643.13,balkans,456.8,0.7102763049461229
8842,1916,1918,united_states,allied_powers,166.84,232.74,2538.97,naval,399.58,0.157378779583847
8843,1914,1919,belgium,allied_powers,838.17,141.51,2068.03,naval,979.68,0.4737262031982127
8844,1914,1918,russia,allied_powers,118.5,16.84,1249.03,middle_east,135.34,0.1083560843214334
8845,1917,1918,united_kingdom,allied_powers,74.46,509.69,2333.39,western_front,584.15,0.2503439202190804
8846,1914,1919,serbia,allied_powers,501.03,216.14,190.65,italian_front,717.17,3.7617099396800415
8847,1914,1919,italy,allied_powers,55.16,71.78,2774.89,naval,126.94,0.0457459574974143
8848,1916,1919,germany,central_powers,541.32,26.53,1913.55,air,567.85,0.2967521099527057
8849,1916,1918,russia,allied_powers,38.15,550.99,1798.64,italian_front,589.14,0.3275474803184628
8850,1914,1919,france,allied_powers,547.53,192.59,342.77,eastern_front,740.12,2.159232138168451
8851,1914,1918,france,allied_powers,8.24,501.9,2439.3,air,510.14,0.209133767884229
8852,1914,1919,serbia,allied_powers,792.87,548.19,2844.82,middle_east,1341.06,0.4714041661686854
8853,1916,1919,united_states,allied_powers,101.47,234.66,1854.27,western_front,336.13,0.1812734930727456
8854,1916,1919,austria-hungary,central_powers,200.47,261.79,687.41,eastern_front,462.26,0.672466213758892
8855,1915,1919,austria-hungary,central_powers,625.82,40.09,1147.95,balkans,665.9100000000001,0.5800862406899255
8856,1914,1918,united_kingdom,allied_powers,293.05,300.27,329.16,air,593.3199999999999,1.8025276461295416
8857,1917,1919,united_states,allied_powers,340.56,438.11,566.55,eastern_front,778.6700000000001,1.3744064954549469
8858,1915,1919,ottoman_empire,central_powers,154.76,25.29,277.11,western_front,180.04999999999998,0.649741979719245
8859,1914,1918,united_states,allied_powers,82.36,51.33,2560.95,western_front,133.69,0.0522032839376012
8860,1916,1918,germany,central_powers,398.62,147.66,107.79,italian_front,546.28,5.068002597643566
8861,1914,1918,ottoman_empire,central_powers,422.44,432.96,2200.97,italian_front,855.4,0.3886468239003712
8862,1917,1918,ottoman_empire,central_powers,374.04,51.54,2186.21,balkans,425.58,0.1946656542601122
8863,1916,1918,germany,central_powers,668.33,277.04,2992.32,middle_east,945.37,0.3159321195594054
8864,1914,1919,france,allied_powers,177.75,209.95,214.16,air,387.7,1.810328726186029
8865,1916,1918,serbia,allied_powers,182.15,217.24,1354.52,balkans,399.39,0.2948572187933733
8866,1915,1919,united_kingdom,allied_powers,59.54,285.15,422.08,air,344.69,0.81664613343442
8867,1916,1919,ottoman_empire,central_powers,884.04,17.46,290.59,africa,901.5,3.1023090952888954
8868,1916,1919,russia,allied_powers,67.93,201.04,1024.44,eastern_front,268.97,0.2625531997969622
8869,1915,1918,germany,central_powers,538.49,71.06,1032.0,naval,609.55,0.5906492248062015
8870,1914,1919,italy,allied_powers,415.39,106.67,1593.57,middle_east,522.06,0.3276040588113481
8871,1917,1919,united_kingdom,allied_powers,864.45,90.23,1950.39,italian_front,954.68,0.4894815908613149
8872,1914,1919,united_kingdom,allied_powers,312.81,464.66,145.81,italian_front,777.47,5.332075989301146
8873,1916,1919,belgium,allied_powers,260.66,294.29,162.33,western_front,554.95,3.4186533604386127
8874,1915,1919,united_states,allied_powers,17.95,171.78,2708.75,eastern_front,189.73,0.0700433779418551
8875,1916,1919,russia,allied_powers,604.7,178.34,585.27,balkans,783.0400000000001,1.337912416491534
8876,1915,1919,united_kingdom,allied_powers,272.47,128.57,2081.91,western_front,401.04,0.1926308053662262
8877,1917,1919,united_kingdom,allied_powers,411.96,58.77,109.86,balkans,470.73,4.284817039868924
8878,1917,1918,italy,allied_powers,170.14,365.99,709.71,italian_front,536.13,0.7554212283890602
8879,1917,1919,france,allied_powers,24.63,109.99,538.1,naval,134.62,0.2501765471102025
8880,1915,1919,belgium,allied_powers,369.4,536.27,451.79,africa,905.67,2.004626043073109
8881,1914,1918,italy,allied_powers,380.66,96.23,890.61,middle_east,476.89,0.5354644569452398
8882,1914,1919,belgium,allied_powers,515.79,548.55,2498.51,balkans,1064.34,0.4259898899744246
8883,1914,1918,germany,central_powers,110.78,344.07,2644.16,air,454.85,0.1720206038968897
8884,1917,1919,germany,central_powers,76.02,94.89,703.03,air,170.91,0.2431048461658819
8885,1915,1918,italy,allied_powers,614.76,214.67,2309.1,italian_front,829.43,0.3592005543285262
8886,1914,1919,united_kingdom,allied_powers,689.35,330.17,106.72,air,1019.52,9.553223388305849
8887,1917,1918,austria-hungary,central_powers,580.64,261.15,2250.6,africa,841.79,0.3740291477828135
8888,1915,1919,russia,allied_powers,835.1,277.84,422.73,western_front,1112.94,2.6327443048754526
8889,1917,1919,italy,allied_powers,794.55,21.71,2061.48,africa,816.26,0.3959582435919824
8890,1917,1919,ottoman_empire,central_powers,870.63,45.05,76.55,africa,915.68,11.96185499673416
8891,1914,1919,serbia,allied_powers,6.03,538.57,2213.99,naval,544.6,0.2459812374942976
8892,1915,1919,germany,central_powers,347.82,390.05,483.38,western_front,737.87,1.5264802019115395
8893,1914,1919,ottoman_empire,central_powers,278.57,54.02,833.25,naval,332.59,0.3991479147914791
8894,1914,1919,united_kingdom,allied_powers,281.73,365.54,188.16,italian_front,647.27,3.43999787414966
8895,1917,1919,united_states,allied_powers,800.56,218.69,1859.0,middle_east,1019.25,0.5482786444324906
8896,1917,1918,serbia,allied_powers,139.71,149.15,2786.0,middle_east,288.86,0.1036826992103374
8897,1916,1918,united_kingdom,allied_powers,575.75,289.88,1380.5,italian_front,865.63,0.6270409272002897
8898,1914,1918,united_kingdom,allied_powers,348.6,212.9,113.38,africa,561.5,4.952372552478392
8899,1917,1918,russia,allied_powers,889.07,376.37,1216.27,air,1265.44,1.0404268789002442
8900,1916,1918,belgium,allied_powers,645.64,359.07,481.17,naval,1004.71,2.0880561963547186
8901,1915,1918,russia,allied_powers,559.41,214.81,2875.13,africa,774.22,0.2692817368258131
8902,1917,1918,france,allied_powers,208.11,510.92,1739.26,western_front,719.03,0.4134114508469119
8903,1915,1918,belgium,allied_powers,201.17,452.41,1589.8,italian_front,653.58,0.4111083155113851
8904,1915,1918,austria-hungary,central_powers,787.75,19.74,2469.11,italian_front,807.49,0.3270368675352657
8905,1916,1919,belgium,allied_powers,868.17,484.9,2770.15,naval,1353.07,0.4884464740176524
8906,1917,1919,austria-hungary,central_powers,499.38,472.47,963.27,eastern_front,971.85,1.0089071599862969
8907,1915,1919,russia,allied_powers,531.31,248.77,1478.14,italian_front,780.0799999999999,0.5277443273302934
8908,1914,1919,united_kingdom,allied_powers,34.52,282.1,1022.34,italian_front,316.62,0.3097012735489172
8909,1917,1918,ottoman_empire,central_powers,791.69,462.61,1522.37,eastern_front,1254.3000000000002,0.8239127150429923
8910,1915,1918,russia,allied_powers,264.65,533.13,473.18,western_front,797.78,1.685996872226214
8911,1914,1919,belgium,allied_powers,311.59,456.09,1827.34,air,767.68,0.4201079164249674
8912,1914,1918,france,allied_powers,152.74,153.52,449.97,italian_front,306.26,0.6806231526546214
8913,1915,1919,united_kingdom,allied_powers,311.39,127.98,217.8,eastern_front,439.37,2.017309458218549
8914,1917,1918,russia,allied_powers,691.04,539.16,2289.8,western_front,1230.1999999999998,0.5372521617608523
8915,1914,1918,serbia,allied_powers,618.49,457.27,2994.81,western_front,1075.76,0.3592080966739125
8916,1917,1918,serbia,allied_powers,457.13,418.43,671.25,africa,875.56,1.3043724394785847
8917,1915,1919,russia,allied_powers,516.35,53.73,2575.34,air,570.08,0.221361063005273
8918,1917,1919,united_states,allied_powers,281.37,399.8,2728.56,africa,681.1700000000001,0.2496445011288005
8919,1915,1918,russia,allied_powers,60.68,435.93,1247.23,balkans,496.61,0.3981703454855961
8920,1914,1919,russia,allied_powers,871.77,383.2,1530.28,italian_front,1254.97,0.8200917479154142
8921,1916,1919,germany,central_powers,397.14,376.64,2677.59,middle_east,773.78,0.2889837503127812
8922,1917,1918,france,allied_powers,744.71,225.29,2945.19,italian_front,970.0,0.3293505682146143
8923,1916,1919,russia,allied_powers,788.76,465.3,2670.44,western_front,1254.06,0.4696080046733871
8924,1915,1918,france,allied_powers,134.38,183.93,2732.81,western_front,318.31,0.1164771791672308
8925,1917,1918,belgium,allied_powers,333.72,381.54,573.72,middle_east,715.26,1.246705710102489
8926,1917,1918,austria-hungary,central_powers,836.36,52.76,2893.48,balkans,889.12,0.3072839625641096
8927,1916,1919,austria-hungary,central_powers,102.88,305.64,1444.32,middle_east,408.52,0.2828459067242716
8928,1916,1918,france,allied_powers,162.11,29.54,1752.42,naval,191.65,0.109363052236336
8929,1916,1919,austria-hungary,central_powers,275.16,41.73,2363.87,eastern_front,316.89000000000004,0.1340555952738518
8930,1915,1919,belgium,allied_powers,742.69,534.38,2682.84,italian_front,1277.0700000000002,0.476014223733059
8931,1917,1919,belgium,allied_powers,66.52,438.73,1326.75,western_front,505.25,0.3808177878273978
8932,1915,1919,serbia,allied_powers,146.6,213.2,887.15,middle_east,359.79999999999995,0.405568393169137
8933,1914,1919,austria-hungary,central_powers,102.97,275.03,2868.0,middle_east,378.0,0.1317991631799163
8934,1917,1918,belgium,allied_powers,32.01,32.83,1201.22,air,64.84,0.0539784552371755
8935,1915,1919,ottoman_empire,central_powers,227.82,166.24,1307.77,balkans,394.06,0.3013220979224175
8936,1915,1919,france,allied_powers,896.15,288.88,1295.29,eastern_front,1185.03,0.9148762053285364
8937,1914,1919,belgium,allied_powers,207.17,509.69,2641.28,eastern_front,716.86,0.2714062878604313
8938,1916,1919,russia,allied_powers,93.37,27.49,1598.85,naval,120.86,0.0755918316289833
8939,1914,1918,united_states,allied_powers,894.62,452.8,2321.36,naval,1347.42,0.5804442223524141
8940,1915,1919,ottoman_empire,central_powers,516.29,342.42,1855.97,balkans,858.71,0.4626745044370329
8941,1914,1918,germany,central_powers,266.78,510.53,2520.75,western_front,777.31,0.3083645740355052
8942,1914,1919,belgium,allied_powers,160.96,409.13,1389.74,italian_front,570.09,0.4102134212154791
8943,1917,1919,germany,central_powers,392.97,497.76,951.73,naval,890.73,0.9359061918821514
8944,1917,1919,belgium,allied_powers,93.32,566.67,265.53,air,659.99,2.485557187511769
8945,1915,1918,austria-hungary,central_powers,41.93,220.35,2864.56,africa,262.28,0.0915603094367023
8946,1915,1918,russia,allied_powers,776.14,561.06,1466.65,africa,1337.1999999999998,0.9117376333821974
8947,1917,1918,germany,central_powers,810.59,502.32,505.52,naval,1312.91,2.5971474916917234
8948,1914,1918,italy,allied_powers,601.79,272.87,2068.71,naval,874.66,0.4228045496952207
8949,1917,1918,austria-hungary,central_powers,701.13,417.67,472.85,africa,1118.8,2.3660780374325894
8950,1915,1919,united_states,allied_powers,731.93,95.41,2736.58,middle_east,827.3399999999999,0.3023262612457885
8951,1917,1919,germany,central_powers,512.91,512.13,885.99,italian_front,1025.04,1.1569430806216774
8952,1917,1919,ottoman_empire,central_powers,146.87,74.78,1363.7,africa,221.65,0.1625357483317445
8953,1914,1918,italy,allied_powers,179.4,323.9,2998.07,africa,503.3,0.1678746660351492
8954,1916,1918,united_states,allied_powers,472.3,384.01,1672.94,air,856.31,0.5118593613638265
8955,1914,1919,serbia,allied_powers,179.23,261.09,375.93,naval,440.32,1.1712818875854545
8956,1917,1918,belgium,allied_powers,512.0,50.3,2778.75,middle_east,562.3,0.2023571749887539
8957,1916,1918,austria-hungary,central_powers,803.04,257.9,188.7,middle_east,1060.94,5.6223635400106
8958,1914,1918,belgium,allied_powers,281.55,360.23,1511.08,air,641.78,0.4247160970961167
8959,1916,1919,russia,allied_powers,834.6,170.1,2847.02,italian_front,1004.7,0.3528953080765151
8960,1915,1919,serbia,allied_powers,682.54,104.92,1933.32,balkans,787.4599999999999,0.4073097055841764
8961,1915,1918,ottoman_empire,central_powers,577.99,454.11,440.83,eastern_front,1032.1,2.3412653403806454
8962,1914,1918,italy,allied_powers,779.14,389.01,1971.05,naval,1168.15,0.5926536617538876
8963,1914,1918,germany,central_powers,607.38,355.05,2202.43,italian_front,962.43,0.4369855114577989
8964,1916,1919,russia,allied_powers,708.3,466.27,80.65,middle_east,1174.57,14.563794172349658
8965,1914,1919,united_states,allied_powers,161.94,556.76,977.42,naval,718.7,0.7353031450144258
8966,1916,1918,belgium,allied_powers,609.09,107.07,1057.62,air,716.1600000000001,0.6771430192318604
8967,1915,1918,austria-hungary,central_powers,419.32,94.47,2469.35,balkans,513.79,0.2080669001964079
8968,1914,1919,ottoman_empire,central_powers,434.45,556.96,2360.54,western_front,991.41,0.4199928829844019
8969,1916,1919,italy,allied_powers,18.94,388.06,2257.42,naval,407.0,0.180294318292564
8970,1914,1918,serbia,allied_powers,419.65,202.2,2956.53,balkans,621.8499999999999,0.2103310299574162
8971,1915,1918,united_kingdom,allied_powers,683.29,253.9,79.91,middle_east,937.19,11.728069077712426
8972,1914,1919,germany,central_powers,83.95,340.82,465.49,eastern_front,424.77,0.9125222883413175
8973,1914,1919,ottoman_empire,central_powers,588.56,286.42,2564.51,air,874.98,0.341187985229147
8974,1917,1918,belgium,allied_powers,320.32,485.31,345.74,italian_front,805.63,2.330161392954243
8975,1915,1919,belgium,allied_powers,455.98,279.79,764.69,eastern_front,735.77,0.9621807529848696
8976,1917,1918,russia,allied_powers,358.91,442.22,1219.26,air,801.1300000000001,0.6570624805209718
8977,1917,1918,united_states,allied_powers,820.31,290.98,2137.68,middle_east,1111.29,0.5198579768721231
8978,1915,1918,serbia,allied_powers,856.59,502.87,2760.02,africa,1359.46,0.4925544017796973
8979,1917,1918,serbia,allied_powers,687.23,214.65,1603.57,air,901.88,0.5624201001515369
8980,1916,1919,united_states,allied_powers,303.02,90.29,94.21,middle_east,393.31,4.174822205710647
8981,1916,1918,united_kingdom,allied_powers,554.23,248.25,2387.86,western_front,802.48,0.3360666035697235
8982,1914,1919,germany,central_powers,501.84,262.92,2426.38,western_front,764.76,0.3151855851103289
8983,1916,1918,united_states,allied_powers,655.6,260.27,1066.31,italian_front,915.87,0.8589153248117339
8984,1915,1918,ottoman_empire,central_powers,328.49,75.41,937.33,naval,403.9,0.4309048040711382
8985,1917,1919,italy,allied_powers,793.76,298.98,1565.56,eastern_front,1092.74,0.6979866629193388
8986,1917,1918,united_kingdom,allied_powers,18.63,2.89,2127.65,air,21.52,0.0101144455150048
8987,1917,1919,united_kingdom,allied_powers,372.17,535.54,2668.76,italian_front,907.71,0.3401242524618174
8988,1915,1918,belgium,allied_powers,596.87,16.74,1884.82,italian_front,613.61,0.3255536337687418
8989,1917,1918,serbia,allied_powers,261.3,113.97,2446.26,middle_east,375.27,0.1534056069264918
8990,1915,1919,germany,central_powers,672.25,54.16,2453.15,western_front,726.41,0.2961131606302101
8991,1914,1919,belgium,allied_powers,96.29,390.84,276.07,air,487.13,1.7645162458796682
8992,1917,1919,germany,central_powers,842.94,434.4,2619.12,balkans,1277.34,0.4876981581599927
8993,1914,1918,austria-hungary,central_powers,290.27,4.98,716.73,western_front,295.25,0.4119403401559862
8994,1917,1919,ottoman_empire,central_powers,70.87,7.4,2287.49,air,78.27000000000001,0.0342165430231389
8995,1917,1919,france,allied_powers,584.8,354.12,245.72,naval,938.92,3.821097183786424
8996,1917,1918,italy,allied_powers,708.43,440.6,1070.06,air,1149.03,1.0737996000224286
8997,1915,1919,serbia,allied_powers,383.09,181.03,2334.87,middle_east,564.12,0.2416065990826041
8998,1914,1919,belgium,allied_powers,170.47,441.67,1775.56,middle_east,612.14,0.3447588366487192
8999,1915,1919,austria-hungary,central_powers,604.24,254.41,596.19,western_front,858.65,1.4402287861252283
9000,1916,1918,united_states,allied_powers,650.16,386.91,1186.29,africa,1037.07,0.8742128821788938
9001,1916,1919,belgium,allied_powers,236.34,207.14,1690.73,balkans,443.48,0.2623008996114104
9002,1916,1919,united_states,allied_powers,511.31,316.18,552.21,western_front,827.49,1.4985060031509752
9003,1914,1918,belgium,allied_powers,19.1,405.63,710.24,africa,424.73,0.5980091236765037
9004,1914,1918,austria-hungary,central_powers,454.69,457.12,934.0,italian_front,911.81,0.9762419700214132
9005,1916,1919,france,allied_powers,164.85,318.54,1481.58,naval,483.39,0.3262665532742073
9006,1917,1919,austria-hungary,central_powers,580.75,265.2,2278.51,eastern_front,845.95,0.3712733321337189
9007,1916,1918,russia,allied_powers,854.76,507.36,1083.71,italian_front,1362.12,1.2569045224275863
9008,1915,1919,italy,allied_powers,446.09,479.06,771.03,air,925.15,1.1998884608899782
9009,1917,1918,italy,allied_powers,486.9,487.01,1880.16,western_front,973.91,0.5179931495191898
9010,1914,1919,russia,allied_powers,488.57,369.3,600.14,naval,857.87,1.4294497950478222
9011,1917,1918,serbia,allied_powers,40.59,471.13,1425.84,italian_front,511.72,0.3588901980586882
9012,1916,1918,united_states,allied_powers,320.91,456.1,2681.55,africa,777.01,0.2897615185247338
9013,1916,1918,united_kingdom,allied_powers,881.42,283.91,233.17,middle_east,1165.33,4.997769867478664
9014,1915,1919,austria-hungary,central_powers,844.13,483.9,565.01,eastern_front,1328.03,2.350453974265942
9015,1915,1918,belgium,allied_powers,695.0,128.23,2810.56,naval,823.23,0.2929060400774223
9016,1914,1918,france,allied_powers,535.8,97.81,1092.48,western_front,633.6099999999999,0.5799740041007615
9017,1917,1918,ottoman_empire,central_powers,886.07,339.87,171.16,africa,1225.94,7.162537976162655
9018,1917,1919,france,allied_powers,528.19,171.52,2298.2,middle_east,699.71,0.304460012183448
9019,1915,1919,germany,central_powers,312.8,369.42,2594.53,balkans,682.22,0.2629455045807911
9020,1917,1918,italy,allied_powers,849.63,357.43,2279.86,naval,1207.06,0.5294447904695901
9021,1914,1919,united_states,allied_powers,818.1,581.8,2310.63,middle_east,1399.9,0.6058520836308713
9022,1917,1919,united_states,allied_powers,401.59,193.7,2438.65,air,595.29,0.2441063703278453
9023,1915,1918,united_kingdom,allied_powers,118.58,273.28,2581.64,naval,391.86,0.151787236020514
9024,1915,1918,ottoman_empire,central_powers,216.25,439.28,1158.6,italian_front,655.53,0.5657949249093734
9025,1915,1918,serbia,allied_powers,712.33,391.38,1729.34,naval,1103.71,0.6382261440780876
9026,1917,1919,belgium,allied_powers,769.08,53.16,1006.12,naval,822.24,0.8172385003776885
9027,1917,1918,austria-hungary,central_powers,315.17,272.56,1060.76,air,587.73,0.5540650099928354
9028,1917,1918,italy,allied_powers,889.07,551.51,475.57,eastern_front,1440.58,3.029165001997603
9029,1914,1919,ottoman_empire,central_powers,469.51,310.06,708.39,eastern_front,779.5699999999999,1.1004813732548455
9030,1917,1919,serbia,allied_powers,39.49,545.74,1357.87,italian_front,585.23,0.4309911847231326
9031,1915,1919,italy,allied_powers,506.95,331.86,2726.16,middle_east,838.81,0.3076892038618423
9032,1914,1918,france,allied_powers,214.59,343.68,894.85,naval,558.27,0.6238699223333519
9033,1916,1918,germany,central_powers,763.77,547.89,1411.2,balkans,1311.66,0.9294642857142856
9034,1915,1918,russia,allied_powers,637.4,512.7,2133.01,air,1150.1,0.5391910961505102
9035,1916,1919,ottoman_empire,central_powers,417.8,561.97,2003.38,western_front,979.77,0.4890584911499565
9036,1915,1919,belgium,allied_powers,357.6,115.53,1643.84,africa,473.13,0.2878199824800467
9037,1914,1918,austria-hungary,central_powers,602.16,142.35,2415.08,italian_front,744.51,0.3082755022607947
9038,1914,1918,russia,allied_powers,239.4,150.4,2762.14,eastern_front,389.8,0.141122463017805
9039,1915,1919,united_states,allied_powers,192.3,549.19,1795.85,africa,741.49,0.4128908316396136
9040,1915,1918,austria-hungary,central_powers,797.81,499.53,2772.98,africa,1297.34,0.4678504713340882
9041,1915,1918,italy,allied_powers,138.71,347.57,1095.17,western_front,486.28,0.4440223892181122
9042,1917,1919,russia,allied_powers,676.25,257.81,311.38,naval,934.06,2.999743079195838
9043,1915,1919,united_states,allied_powers,5.82,74.55,950.06,africa,80.37,0.0845946571795465
9044,1915,1918,italy,allied_powers,792.01,367.0,1321.88,naval,1159.01,0.8767891185281568
9045,1915,1919,united_states,allied_powers,213.12,458.54,716.78,western_front,671.6600000000001,0.9370518150618043
9046,1916,1918,united_states,allied_powers,623.82,410.61,1968.36,balkans,1034.43,0.5255288666707311
9047,1916,1918,united_kingdom,allied_powers,229.33,60.91,264.4,air,290.24,1.097730711043873
9048,1916,1919,france,allied_powers,285.58,379.4,2689.15,naval,664.98,0.2472825985906327
9049,1917,1918,ottoman_empire,central_powers,162.52,37.35,1953.47,western_front,199.87,0.1023153670135707
9050,1915,1919,germany,central_powers,30.65,513.1,747.19,eastern_front,543.75,0.7277265488028479
9051,1914,1919,germany,central_powers,663.03,290.39,1981.55,balkans,953.42,0.4811485957962201
9052,1915,1919,germany,central_powers,895.39,150.78,2449.14,middle_east,1046.17,0.4271581044774901
9053,1917,1919,italy,allied_powers,11.18,279.03,538.92,africa,290.21,0.5385029317895049
9054,1915,1918,italy,allied_powers,542.4,541.7,2691.46,italian_front,1084.1,0.4027925363928871
9055,1917,1919,germany,central_powers,876.57,73.77,77.54,balkans,950.34,12.256125870518442
9056,1915,1918,france,allied_powers,147.19,599.16,889.68,italian_front,746.3499999999999,0.8388971315529179
9057,1914,1919,france,allied_powers,524.24,379.09,760.49,eastern_front,903.33,1.1878262699049296
9058,1915,1919,belgium,allied_powers,354.57,58.96,1786.73,balkans,413.53,0.2314451539964068
9059,1917,1919,united_kingdom,allied_powers,321.85,313.41,294.93,middle_east,635.26,2.1539348319940324
9060,1915,1919,united_states,allied_powers,604.99,84.45,534.39,eastern_front,689.44,1.2901439023933832
9061,1917,1919,ottoman_empire,central_powers,133.47,60.04,943.86,eastern_front,193.51,0.2050198122602928
9062,1917,1919,united_kingdom,allied_powers,321.93,34.68,2275.06,eastern_front,356.61,0.1567475143512698
9063,1916,1919,ottoman_empire,central_powers,173.05,421.77,693.98,italian_front,594.8199999999999,0.8571140378685264
9064,1916,1918,russia,allied_powers,273.94,276.41,2500.74,air,550.35,0.2200748578420787
9065,1917,1918,united_kingdom,allied_powers,92.99,501.99,274.98,italian_front,594.98,2.1637209978907554
9066,1917,1918,united_kingdom,allied_powers,825.55,342.85,2727.35,middle_east,1168.4,0.4284011952994666
9067,1916,1919,united_kingdom,allied_powers,79.93,180.96,2832.78,balkans,260.89,0.0920968094945601
9068,1917,1919,italy,allied_powers,409.64,383.26,648.7,balkans,792.9,1.2222907353167871
9069,1915,1918,ottoman_empire,central_powers,553.22,181.05,1451.66,eastern_front,734.27,0.5058140335891324
9070,1917,1919,united_states,allied_powers,52.86,347.8,2323.83,air,400.66,0.1724136447158355
9071,1917,1918,germany,central_powers,650.98,145.52,2711.22,naval,796.5,0.2937791842786642
9072,1915,1918,belgium,allied_powers,487.02,29.84,427.75,western_front,516.86,1.208322618351841
9073,1916,1918,italy,allied_powers,459.55,188.33,378.3,eastern_front,647.88,1.712609040444092
9074,1917,1919,serbia,allied_powers,616.05,502.08,861.45,air,1118.13,1.297962737245342
9075,1914,1919,united_kingdom,allied_powers,835.7,492.81,1529.58,air,1328.51,0.8685456138286327
9076,1916,1918,russia,allied_powers,591.27,562.94,2364.07,air,1154.21,0.4882300439496292
9077,1917,1918,serbia,allied_powers,760.38,120.7,595.32,middle_east,881.08,1.4800107505207285
9078,1916,1918,france,allied_powers,689.33,40.9,1030.26,naval,730.23,0.7087822491409935
9079,1914,1919,serbia,allied_powers,882.48,592.53,1965.88,eastern_front,1475.01,0.7503052068284941
9080,1914,1918,austria-hungary,central_powers,641.67,182.94,2643.25,naval,824.6099999999999,0.3119682209401305
9081,1916,1918,france,allied_powers,123.03,442.18,1944.22,naval,565.21,0.2907129851560008
9082,1917,1918,ottoman_empire,central_powers,4.6,357.17,820.74,italian_front,361.77,0.4407851451129469
9083,1916,1919,united_kingdom,allied_powers,528.8,41.36,185.35,balkans,570.16,3.0761262476396007
9084,1917,1919,serbia,allied_powers,364.59,64.51,2954.02,africa,429.1,0.1452596800292482
9085,1917,1919,united_states,allied_powers,706.13,157.33,411.87,middle_east,863.46,2.096438196518319
9086,1915,1918,united_states,allied_powers,623.25,500.34,713.74,air,1123.59,1.5742287107350017
9087,1914,1918,italy,allied_powers,84.63,23.21,2567.08,italian_front,107.84,0.0420088193589603
9088,1916,1919,italy,allied_powers,721.42,315.69,1936.72,naval,1037.11,0.5354981618406377
9089,1914,1918,russia,allied_powers,11.68,2.45,653.75,italian_front,14.13,0.0216137667304015
9090,1917,1918,germany,central_powers,752.06,353.82,1418.58,eastern_front,1105.88,0.7795683006950612
9091,1917,1919,serbia,allied_powers,240.56,435.11,860.39,western_front,675.6700000000001,0.7853066632573601
9092,1915,1918,germany,central_powers,391.55,136.05,633.59,western_front,527.6,0.8327151628024432
9093,1917,1918,united_kingdom,allied_powers,486.04,62.57,1063.24,western_front,548.61,0.5159794590120763
9094,1915,1918,belgium,allied_powers,487.54,447.06,1366.53,middle_east,934.6,0.6839220507416596
9095,1914,1919,france,allied_powers,691.36,189.5,1115.48,naval,880.86,0.7896690214078245
9096,1915,1919,germany,central_powers,568.69,198.24,2400.68,middle_east,766.9300000000001,0.3194636519652765
9097,1914,1919,ottoman_empire,central_powers,437.93,8.44,87.77,middle_east,446.37,5.085678477839809
9098,1917,1919,italy,allied_powers,542.08,202.05,1497.83,italian_front,744.1300000000001,0.4968053784474874
9099,1914,1918,ottoman_empire,central_powers,531.87,407.89,475.79,balkans,939.76,1.9751571071270937
9100,1915,1919,united_kingdom,allied_powers,794.01,291.37,428.36,middle_east,1085.38,2.533803342982538
9101,1915,1918,united_states,allied_powers,135.89,199.16,2581.56,naval,335.04999999999995,0.1297858659105347
9102,1915,1918,russia,allied_powers,427.87,582.33,2489.45,middle_east,1010.2,0.4057924441141618
9103,1916,1918,germany,central_powers,872.79,372.28,991.07,italian_front,1245.07,1.2562886577133805
9104,1916,1919,germany,central_powers,732.52,136.59,2330.39,eastern_front,869.11,0.3729461592265672
9105,1917,1919,russia,allied_powers,437.89,148.08,1410.24,balkans,585.97,0.4155108350351713
9106,1914,1918,austria-hungary,central_powers,309.73,341.46,357.76,naval,651.19,1.8201867173524156
9107,1915,1919,serbia,allied_powers,408.26,451.94,2789.46,africa,860.2,0.3083750976891585
9108,1915,1918,austria-hungary,central_powers,755.6,20.15,2771.5,balkans,775.75,0.2799025798304167
9109,1917,1918,austria-hungary,central_powers,503.95,385.86,1372.61,africa,889.81,0.6482613415318262
9110,1916,1919,serbia,allied_powers,881.35,28.52,2162.79,western_front,909.87,0.4206927163524891
9111,1916,1919,serbia,allied_powers,840.01,560.04,2607.06,naval,1400.05,0.53702254646997
9112,1914,1919,united_kingdom,allied_powers,531.5,585.08,2462.48,naval,1116.58,0.4534371852766317
9113,1917,1918,united_kingdom,allied_powers,708.11,331.32,1991.52,balkans,1039.43,0.5219279746123564
9114,1915,1919,belgium,allied_powers,790.87,41.61,154.29,naval,832.48,5.395553827208504
9115,1915,1919,france,allied_powers,795.57,478.3,741.79,middle_east,1273.87,1.717291955944405
9116,1914,1919,germany,central_powers,172.87,289.49,527.78,air,462.36,0.8760468376975256
9117,1915,1918,italy,allied_powers,121.33,313.1,286.95,eastern_front,434.43,1.5139571353894408
9118,1917,1919,austria-hungary,central_powers,265.89,34.44,330.5,balkans,300.33,0.908714069591528
9119,1916,1918,serbia,allied_powers,242.54,248.76,2567.26,air,491.3,0.1913713453253663
9120,1916,1919,belgium,allied_powers,693.74,595.96,2937.6,eastern_front,1289.7,0.4390318627450981
9121,1914,1918,italy,allied_powers,301.4,353.0,1031.33,middle_east,654.4,0.634520473563263
9122,1916,1918,austria-hungary,central_powers,630.68,79.91,833.43,africa,710.5899999999999,0.8526090973447079
9123,1915,1918,austria-hungary,central_powers,772.3,156.78,2186.58,balkans,929.08,0.4249009869293599
9124,1914,1918,serbia,allied_powers,102.19,156.41,2415.3,italian_front,258.6,0.1070674450378835
9125,1916,1919,france,allied_powers,113.06,491.26,152.79,naval,604.3199999999999,3.955232672295307
9126,1914,1919,russia,allied_powers,37.9,325.9,1277.15,balkans,363.8,0.2848529929922092
9127,1917,1919,austria-hungary,central_powers,818.79,367.28,235.5,eastern_front,1186.07,5.036390658174097
9128,1915,1918,serbia,allied_powers,446.42,36.6,527.98,italian_front,483.02,0.9148452592901246
9129,1917,1919,serbia,allied_powers,176.18,269.13,2814.69,naval,445.31,0.1582092521734187
9130,1917,1918,germany,central_powers,232.91,197.09,1151.01,air,430.0,0.3735849384453654
9131,1917,1918,germany,central_powers,479.59,239.61,1759.89,air,719.2,0.4086619050054265
9132,1917,1918,russia,allied_powers,817.38,263.73,1486.14,middle_east,1081.11,0.7274617465380112
9133,1915,1919,germany,central_powers,253.97,86.34,2458.87,middle_east,340.31,0.1384009728045809
9134,1914,1919,united_states,allied_powers,203.84,316.88,194.08,africa,520.72,2.683017312448474
9135,1915,1919,austria-hungary,central_powers,419.21,349.29,1157.62,eastern_front,768.5,0.6638620618164857
9136,1917,1918,france,allied_powers,28.96,447.27,2267.89,eastern_front,476.23,0.2099881387545251
9137,1917,1918,united_states,allied_powers,856.11,341.96,2679.81,africa,1198.07,0.4470727402315835
9138,1914,1919,belgium,allied_powers,132.18,92.55,1439.65,middle_east,224.73,0.156100441079429
9139,1914,1918,belgium,allied_powers,139.56,270.8,2619.53,balkans,410.36,0.1566540562620011
9140,1917,1918,germany,central_powers,61.8,405.28,2039.24,italian_front,467.08,0.2290461152193954
9141,1917,1918,russia,allied_powers,85.93,488.31,676.41,eastern_front,574.24,0.8489525583595748
9142,1915,1919,italy,allied_powers,554.81,203.88,2084.21,eastern_front,758.6899999999999,0.364018021216672
9143,1914,1918,france,allied_powers,350.81,573.82,1759.9,air,924.63,0.5253878061253481
9144,1916,1918,ottoman_empire,central_powers,420.44,428.69,368.39,air,849.13,2.304975705095144
9145,1916,1919,belgium,allied_powers,195.28,251.67,1911.27,middle_east,446.95,0.2338497438875721
9146,1917,1918,ottoman_empire,central_powers,369.99,4.13,1054.49,africa,374.12,0.35478762245256
9147,1915,1918,ottoman_empire,central_powers,422.11,501.48,1526.41,western_front,923.59,0.6050733420247508
9148,1914,1918,ottoman_empire,central_powers,321.86,329.68,1402.72,naval,651.54,0.46448328960876
9149,1914,1919,serbia,allied_powers,476.81,206.37,1923.65,italian_front,683.1800000000001,0.3551477659657422
9150,1915,1919,belgium,allied_powers,781.58,132.79,1869.24,eastern_front,914.37,0.4891667201643448
9151,1916,1919,germany,central_powers,557.67,158.51,411.29,naval,716.18,1.7413017578837315
9152,1914,1919,serbia,allied_powers,122.31,248.31,404.76,balkans,370.62,0.9156537207233916
9153,1917,1919,germany,central_powers,860.44,290.41,2042.16,africa,1150.85,0.5635454616680378
9154,1915,1918,united_kingdom,allied_powers,636.85,538.44,1746.35,italian_front,1175.29,0.6729979671887079
9155,1914,1919,germany,central_powers,714.96,185.64,1283.74,middle_east,900.6,0.7015439263402247
9156,1914,1918,italy,allied_powers,775.67,88.59,2296.62,naval,864.26,0.3763182415898146
9157,1914,1919,ottoman_empire,central_powers,733.94,269.83,1723.04,naval,1003.77,0.5825575726622714
9158,1915,1919,russia,allied_powers,91.83,104.36,169.21,balkans,196.19,1.1594468412032386
9159,1916,1918,ottoman_empire,central_powers,211.68,52.48,781.88,western_front,264.16,0.3378523558602343
9160,1917,1918,belgium,allied_powers,421.82,93.23,1513.04,naval,515.05,0.3404073917411304
9161,1914,1918,austria-hungary,central_powers,307.82,470.07,1953.58,eastern_front,777.89,0.3981869183754952
9162,1915,1919,france,allied_powers,258.24,10.11,2599.0,air,268.35,0.1032512504809542
9163,1915,1919,united_kingdom,allied_powers,255.69,542.21,833.62,western_front,797.9000000000001,0.95715074014539
9164,1916,1919,serbia,allied_powers,464.89,496.1,1683.44,balkans,960.99,0.5708489759064772
9165,1916,1919,united_states,allied_powers,67.85,474.44,1464.62,italian_front,542.29,0.3702598626264833
9166,1916,1918,france,allied_powers,659.08,432.28,683.13,italian_front,1091.36,1.5975875748393429
9167,1917,1919,serbia,allied_powers,377.36,308.09,1148.16,middle_east,685.45,0.5969986761426979
9168,1917,1919,france,allied_powers,707.32,483.16,2200.89,eastern_front,1190.48,0.5409084506722281
9169,1915,1919,russia,allied_powers,607.07,391.34,1037.15,africa,998.41,0.9626476401677674
9170,1916,1919,russia,allied_powers,584.37,537.98,2272.44,western_front,1122.35,0.4938964285085634
9171,1914,1919,austria-hungary,central_powers,821.39,341.38,2037.29,eastern_front,1162.77,0.5707434876723491
9172,1914,1918,united_kingdom,allied_powers,419.73,148.83,116.59,western_front,568.5600000000001,4.87657603568059
9173,1914,1918,belgium,allied_powers,523.45,295.59,1307.49,africa,819.04,0.6264216169913345
9174,1915,1918,italy,allied_powers,807.97,82.47,163.29,air,890.44,5.453120215567396
9175,1916,1918,austria-hungary,central_powers,548.56,345.25,692.18,western_front,893.81,1.2912970614580022
9176,1917,1918,serbia,allied_powers,451.35,17.14,568.14,middle_east,468.49,0.824603090787482
9177,1915,1919,united_states,allied_powers,241.6,400.05,2709.44,western_front,641.65,0.2368201547183181
9178,1916,1919,united_states,allied_powers,51.55,550.9,2271.67,western_front,602.4499999999999,0.2652013716781046
9179,1917,1918,france,allied_powers,776.48,455.59,604.9,italian_front,1232.07,2.036816002645065
9180,1914,1918,italy,allied_powers,557.39,104.15,195.08,naval,661.54,3.3911215911420958
9181,1915,1919,germany,central_powers,369.79,486.36,537.37,africa,856.1500000000001,1.5932225468485404
9182,1914,1919,united_states,allied_powers,573.27,44.21,2559.75,middle_east,617.48,0.2412266822931927
9183,1914,1918,italy,allied_powers,414.58,442.98,578.92,naval,857.56,1.4813100255648448
9184,1915,1918,france,allied_powers,641.07,414.32,2328.91,balkans,1055.39,0.4531690790970884
9185,1916,1919,france,allied_powers,262.98,123.52,2405.03,air,386.5,0.1607048560724814
9186,1916,1918,united_states,allied_powers,878.53,468.82,2948.12,africa,1347.35,0.4570200670257656
9187,1916,1918,belgium,allied_powers,556.4,289.74,2779.43,eastern_front,846.14,0.3044293254372299
9188,1914,1919,united_states,allied_powers,774.52,520.4,1183.06,eastern_front,1294.92,1.0945514175105238
9189,1915,1919,russia,allied_powers,121.55,49.65,1524.6,africa,171.2,0.112291748655385
9190,1916,1918,serbia,allied_powers,670.83,246.08,402.7,africa,916.91,2.276905885274398
9191,1915,1918,united_kingdom,allied_powers,231.45,13.46,2778.69,eastern_front,244.91,0.0881386552656107
9192,1917,1919,germany,central_powers,755.25,95.37,2122.81,italian_front,850.62,0.400704726282616
9193,1915,1918,serbia,allied_powers,898.99,37.2,1154.71,western_front,936.19,0.8107576794173429
9194,1917,1919,italy,allied_powers,784.27,417.65,1356.55,naval,1201.92,0.8860123106409643
9195,1914,1918,serbia,allied_powers,663.41,90.62,467.29,balkans,754.03,1.6136232318260608
9196,1917,1919,italy,allied_powers,593.37,403.23,712.96,naval,996.6,1.397834380610413
9197,1917,1918,germany,central_powers,896.31,525.1,2997.73,balkans,1421.41,0.4741621160011074
9198,1914,1918,italy,allied_powers,155.6,203.82,2520.48,italian_front,359.42,0.1425998222560782
9199,1917,1918,italy,allied_powers,245.15,453.18,779.22,middle_east,698.33,0.8961910628577295
9200,1917,1918,france,allied_powers,277.85,172.16,709.25,naval,450.01,0.6344871342967924
9201,1916,1918,united_states,allied_powers,303.61,336.43,2402.41,naval,640.04,0.2664158074600089
9202,1914,1919,france,allied_powers,775.47,35.94,2387.81,western_front,811.4100000000001,0.3398134692458781
9203,1916,1919,ottoman_empire,central_powers,829.0,74.32,1012.1,middle_east,903.32,0.892520501926687
9204,1916,1918,russia,allied_powers,804.22,499.23,2193.19,italian_front,1303.45,0.5943169538434883
9205,1915,1919,germany,central_powers,232.2,519.01,1177.73,air,751.21,0.6378456861929305
9206,1914,1918,united_kingdom,allied_powers,396.01,348.93,1901.24,africa,744.94,0.3918179714291726
9207,1915,1919,united_kingdom,allied_powers,446.82,8.3,2020.47,balkans,455.12,0.2252545199879236
9208,1917,1918,serbia,allied_powers,104.82,263.91,1244.24,eastern_front,368.73,0.296349578859384
9209,1915,1918,united_kingdom,allied_powers,83.57,347.09,103.43,western_front,430.66,4.163782268200715
9210,1916,1918,serbia,allied_powers,147.37,120.86,1802.68,balkans,268.23,0.1487951272549759
9211,1916,1918,serbia,allied_powers,744.03,284.52,1599.24,middle_east,1028.55,0.6431492458917986
9212,1914,1918,italy,allied_powers,340.83,249.71,301.0,africa,590.54,1.9619269102990031
9213,1917,1919,austria-hungary,central_powers,377.76,381.1,2352.4,africa,758.86,0.3225896956299949
9214,1914,1918,united_kingdom,allied_powers,459.84,436.85,715.52,air,896.69,1.253200469588551
9215,1914,1918,france,allied_powers,409.56,272.56,2380.52,balkans,682.12,0.2865424361063969
9216,1916,1918,france,allied_powers,338.26,41.2,2972.08,italian_front,379.46,0.1276748943500847
9217,1916,1919,united_kingdom,allied_powers,245.32,157.46,1270.49,balkans,402.78,0.3170272886838935
9218,1914,1918,austria-hungary,central_powers,741.55,428.56,337.87,africa,1170.11,3.4631959037499627
9219,1915,1918,ottoman_empire,central_powers,849.54,154.15,1527.82,eastern_front,1003.69,0.6569425717689257
9220,1914,1919,france,allied_powers,198.22,395.71,2113.95,africa,593.93,0.2809574493247239
9221,1916,1918,ottoman_empire,central_powers,823.58,458.21,280.75,naval,1281.79,4.565592163846839
9222,1917,1918,united_states,allied_powers,558.51,533.96,2422.7,africa,1092.47,0.4509307797085896
9223,1917,1918,serbia,allied_powers,712.62,561.64,2181.6,western_front,1274.26,0.5840942427576091
9224,1915,1918,united_kingdom,allied_powers,818.83,339.3,1528.73,africa,1158.13,0.7575765504699981
9225,1914,1919,belgium,allied_powers,28.46,435.11,849.1,western_front,463.57,0.5459545401012836
9226,1917,1919,france,allied_powers,208.17,584.49,1574.78,middle_east,792.66,0.5033464991935381
9227,1914,1919,united_kingdom,allied_powers,853.44,376.4,237.94,air,1229.84,5.168697991090191
9228,1916,1918,belgium,allied_powers,690.43,163.35,2008.74,italian_front,853.78,0.4250326075052023
9229,1914,1919,russia,allied_powers,833.14,413.36,2742.55,africa,1246.5,0.4545040199814041
9230,1914,1918,france,allied_powers,17.97,528.92,1449.69,western_front,546.89,0.3772461698707999
9231,1917,1918,ottoman_empire,central_powers,73.71,407.16,1449.54,eastern_front,480.87,0.331739724326338
9232,1917,1918,france,allied_powers,724.73,464.68,530.35,naval,1189.41,2.24268879042142
9233,1914,1919,united_kingdom,allied_powers,526.91,481.57,1071.78,africa,1008.48,0.9409393718860214
9234,1917,1918,belgium,allied_powers,236.86,328.43,2627.16,eastern_front,565.29,0.2151715160096834
9235,1914,1918,russia,allied_powers,299.64,199.91,1141.9,africa,499.55,0.4374726333304141
9236,1916,1919,france,allied_powers,555.96,381.55,802.68,africa,937.51,1.1679747844720187
9237,1917,1919,united_states,allied_powers,790.74,89.37,1505.48,naval,880.11,0.5846042458219306
9238,1914,1919,russia,allied_powers,872.07,363.69,239.16,air,1235.76,5.16708479678876
9239,1916,1918,russia,allied_powers,424.39,128.64,1921.68,italian_front,553.03,0.2877846467674118
9240,1915,1919,italy,allied_powers,589.26,33.98,1303.26,africa,623.24,0.4782161656154566
9241,1914,1918,germany,central_powers,74.59,377.18,1537.61,balkans,451.77,0.2938131255650002
9242,1915,1919,italy,allied_powers,81.81,376.54,2966.95,middle_east,458.35,0.1544852457911323
9243,1917,1919,united_states,allied_powers,270.02,232.17,1966.11,air,502.19,0.2554231451953349
9244,1914,1918,serbia,allied_powers,876.96,326.1,1144.01,western_front,1203.06,1.0516166816723629
9245,1916,1918,united_states,allied_powers,583.19,391.83,665.45,italian_front,975.02,1.4652039972950637
9246,1914,1918,germany,central_powers,831.98,222.13,260.26,middle_east,1054.11,4.050219011757474
9247,1914,1919,united_kingdom,allied_powers,49.29,208.73,878.48,italian_front,258.02,0.2937118659502777
9248,1917,1919,italy,allied_powers,732.74,414.62,309.08,italian_front,1147.36,3.712178076873302
9249,1917,1918,italy,allied_powers,164.0,171.86,2339.83,middle_east,335.86,0.1435403426744678
9250,1916,1918,italy,allied_powers,425.01,293.06,1827.66,naval,718.0699999999999,0.3928903625400785
9251,1914,1918,russia,allied_powers,330.65,142.62,1667.56,africa,473.27,0.2838098779054426
9252,1917,1919,france,allied_powers,813.08,270.25,2414.28,italian_front,1083.33,0.4487176301008996
9253,1915,1918,italy,allied_powers,280.63,133.1,453.1,naval,413.73,0.9131096888104172
9254,1917,1919,france,allied_powers,840.43,170.69,2368.55,eastern_front,1011.12,0.4268940913216946
9255,1915,1919,italy,allied_powers,122.77,321.26,166.37,western_front,444.03,2.668930696640019
9256,1917,1919,united_kingdom,allied_powers,447.81,483.09,1518.27,naval,930.9,0.6131320516113735
9257,1914,1918,serbia,allied_powers,521.79,351.89,2551.91,eastern_front,873.68,0.3423631711149688
9258,1914,1919,united_states,allied_powers,445.78,551.3,2859.97,air,997.08,0.3486330276191708
9259,1914,1919,germany,central_powers,59.41,429.69,1899.71,eastern_front,489.1,0.2574603492111954
9260,1916,1918,france,allied_powers,76.67,212.03,939.45,italian_front,288.7,0.3073074671350257
9261,1917,1919,italy,allied_powers,591.0,530.14,1565.16,air,1121.14,0.7163101535945205
9262,1917,1919,ottoman_empire,central_powers,776.98,164.47,996.31,western_front,941.45,0.944936816854192
9263,1915,1918,united_states,allied_powers,691.25,60.77,556.25,italian_front,752.02,1.3519460674157302
9264,1915,1918,united_kingdom,allied_powers,167.58,490.72,2655.61,western_front,658.3000000000001,0.2478903152194787
9265,1915,1918,france,allied_powers,50.77,68.08,2790.97,balkans,118.85,0.0425837612013027
9266,1917,1918,ottoman_empire,central_powers,251.98,52.41,1314.33,air,304.39,0.2315932832698028
9267,1914,1919,serbia,allied_powers,322.48,426.6,1559.59,eastern_front,749.08,0.4803057213754897
9268,1917,1918,germany,central_powers,763.69,107.48,1242.13,naval,871.1700000000001,0.70135171036848
9269,1915,1919,serbia,allied_powers,348.83,267.54,1312.77,western_front,616.37,0.4695186514012355
9270,1915,1919,united_kingdom,allied_powers,381.84,163.98,1691.6,italian_front,545.8199999999999,0.3226649326081816
9271,1914,1918,serbia,allied_powers,150.93,402.27,967.19,naval,553.2,0.5719662113958994
9272,1917,1919,france,allied_powers,631.71,523.99,146.67,balkans,1155.7,7.879593645598964
9273,1914,1919,serbia,allied_powers,894.91,14.7,2835.56,middle_east,909.61,0.320786722904823
9274,1914,1919,france,allied_powers,519.76,528.45,2156.99,balkans,1048.21,0.4859596011108072
9275,1917,1919,belgium,allied_powers,839.22,464.08,911.23,western_front,1303.3,1.430264587425787
9276,1917,1919,ottoman_empire,central_powers,648.77,517.06,321.15,balkans,1165.83,3.6301728164409153
9277,1915,1919,austria-hungary,central_powers,477.31,307.79,151.53,naval,785.1,5.181152247079786
9278,1917,1918,italy,allied_powers,636.2,150.03,1581.74,middle_east,786.23,0.4970665216786576
9279,1914,1919,serbia,allied_powers,161.8,49.63,2972.02,africa,211.43,0.0711401672936252
9280,1916,1919,united_kingdom,allied_powers,558.57,226.8,2379.44,africa,785.3700000000001,0.3300650573244125
9281,1914,1918,united_kingdom,allied_powers,413.51,571.41,2571.02,africa,984.92,0.3830853124440883
9282,1916,1919,france,allied_powers,284.03,486.67,1757.46,naval,770.7,0.4385306066709911
9283,1916,1919,russia,allied_powers,328.22,249.59,2054.66,middle_east,577.8100000000001,0.2812192771553445
9284,1916,1919,italy,allied_powers,88.31,431.83,599.25,africa,520.14,0.8679849812265331
9285,1916,1918,serbia,allied_powers,224.58,389.38,1244.97,africa,613.96,0.4931524454404524
9286,1915,1919,belgium,allied_powers,795.64,87.29,2543.09,air,882.93,0.3471878698748372
9287,1917,1919,russia,allied_powers,875.99,316.89,2116.53,africa,1192.88,0.5636017443645968
9288,1914,1918,russia,allied_powers,80.06,123.71,641.93,western_front,203.77,0.3174333650086458
9289,1917,1919,austria-hungary,central_powers,644.35,469.46,761.95,africa,1113.81,1.4617888312881422
9290,1914,1919,serbia,allied_powers,655.35,448.89,1353.12,naval,1104.24,0.8160695282014899
9291,1917,1919,italy,allied_powers,371.59,278.09,1291.1,middle_east,649.68,0.5031988227093176
9292,1914,1919,belgium,allied_powers,155.75,359.83,2859.27,eastern_front,515.5799999999999,0.1803187526886233
9293,1916,1919,belgium,allied_powers,809.54,81.23,901.15,africa,890.77,0.988481384897076
9294,1914,1919,austria-hungary,central_powers,599.05,75.82,1156.47,air,674.8699999999999,0.5835603171720839
9295,1914,1919,germany,central_powers,229.21,43.36,190.89,western_front,272.57,1.427890408088428
9296,1915,1919,united_kingdom,allied_powers,350.98,541.65,767.7,italian_front,892.63,1.162732838348313
9297,1914,1918,france,allied_powers,862.38,370.55,1696.41,air,1232.93,0.7267877458869023
9298,1914,1919,belgium,allied_powers,567.64,172.38,2580.1,naval,740.02,0.286818340374404
9299,1916,1919,ottoman_empire,central_powers,239.46,149.4,2740.22,air,388.86,0.1419083139309982
9300,1914,1919,austria-hungary,central_powers,462.51,316.48,433.09,eastern_front,778.99,1.7986792583527675
9301,1917,1919,russia,allied_powers,278.45,442.5,1583.35,italian_front,720.95,0.4553320491363249
9302,1915,1919,germany,central_powers,751.44,429.91,2719.91,naval,1181.35,0.4343342242941863
9303,1914,1919,united_kingdom,allied_powers,272.87,84.22,489.13,middle_east,357.09000000000003,0.7300513156011695
9304,1914,1919,belgium,allied_powers,148.56,129.05,1635.43,air,277.61,0.1697474058810221
9305,1914,1919,russia,allied_powers,417.88,189.21,948.12,middle_east,607.09,0.6403092435556681
9306,1915,1919,germany,central_powers,59.21,464.13,2824.95,naval,523.34,0.1852563762190481
9307,1915,1918,united_states,allied_powers,885.8,489.25,834.43,middle_east,1375.05,1.647891374950565
9308,1915,1919,austria-hungary,central_powers,887.54,359.27,1921.2,middle_east,1246.81,0.6489745992088277
9309,1914,1918,united_kingdom,allied_powers,868.91,90.95,194.68,air,959.86,4.930449969180193
9310,1916,1919,united_states,allied_powers,796.23,485.28,990.74,western_front,1281.51,1.2934876960655672
9311,1916,1918,russia,allied_powers,350.92,151.61,1609.08,middle_east,502.53,0.3123088970094713
9312,1916,1919,ottoman_empire,central_powers,271.53,236.63,2176.69,italian_front,508.16,0.2334553840923603
9313,1915,1919,italy,allied_powers,525.07,343.63,92.6,air,868.7,9.381209503239742
9314,1916,1919,united_states,allied_powers,103.5,60.09,923.7,naval,163.59,0.1771029555050341
9315,1916,1919,united_kingdom,allied_powers,331.1,61.07,366.21,middle_east,392.17,1.0708882881406845
9316,1917,1918,united_states,allied_powers,462.52,245.03,178.98,air,707.55,3.953234998323835
9317,1915,1919,austria-hungary,central_powers,615.21,67.75,821.43,italian_front,682.96,0.8314281192554449
9318,1916,1918,united_kingdom,allied_powers,263.7,40.06,1188.27,naval,303.76,0.2556321374771726
9319,1915,1919,russia,allied_powers,414.73,394.97,1231.85,air,809.7,0.6573040548768114
9320,1914,1918,belgium,allied_powers,871.43,344.64,341.92,middle_east,1216.07,3.556592185306504
9321,1915,1919,russia,allied_powers,97.08,114.32,410.2,western_front,211.4,0.515358361774744
9322,1917,1919,belgium,allied_powers,126.96,565.15,1932.62,naval,692.11,0.3581200649894961
9323,1916,1918,russia,allied_powers,892.58,203.87,1500.65,balkans,1096.45,0.7306500516442874
9324,1914,1919,belgium,allied_powers,695.69,154.34,2647.23,balkans,850.0300000000001,0.3211016798691463
9325,1917,1918,united_kingdom,allied_powers,791.72,202.97,1727.69,middle_east,994.69,0.5757340726634986
9326,1916,1918,russia,allied_powers,638.05,359.96,2733.44,italian_front,998.01,0.3651113615078435
9327,1915,1919,serbia,allied_powers,629.87,235.73,274.69,italian_front,865.6,3.1511886126178603
9328,1916,1918,serbia,allied_powers,581.54,315.59,1873.21,middle_east,897.1299999999999,0.4789265485450109
9329,1915,1919,ottoman_empire,central_powers,138.44,308.84,1581.58,balkans,447.28,0.2828058017931436
9330,1914,1918,ottoman_empire,central_powers,407.46,417.48,2505.83,air,824.94,0.3292082862764035
9331,1914,1918,serbia,allied_powers,559.01,239.97,510.47,air,798.98,1.5651850255646755
9332,1916,1919,united_states,allied_powers,660.37,256.3,2048.23,africa,916.67,0.4475425123155114
9333,1915,1918,france,allied_powers,442.84,152.17,2269.92,africa,595.01,0.2621281807288362
9334,1914,1919,united_kingdom,allied_powers,852.35,83.97,361.17,eastern_front,936.32,2.592463382894482
9335,1914,1918,austria-hungary,central_powers,810.15,187.76,789.53,naval,997.91,1.2639291730523223
9336,1914,1918,ottoman_empire,central_powers,153.08,226.5,1266.11,western_front,379.58,0.2998001753402153
9337,1914,1918,united_kingdom,allied_powers,473.07,177.01,269.56,italian_front,650.0799999999999,2.411633773556907
9338,1917,1918,austria-hungary,central_powers,541.08,444.5,755.21,balkans,985.58,1.3050409819785225
9339,1915,1919,united_kingdom,allied_powers,667.68,385.93,1185.21,western_front,1053.61,0.8889648247989806
9340,1917,1918,serbia,allied_powers,726.21,17.4,701.08,air,743.61,1.0606635476693105
9341,1916,1918,united_states,allied_powers,601.87,474.76,2453.97,italian_front,1076.63,0.4387298948234902
9342,1914,1918,belgium,allied_powers,881.95,281.19,1625.34,middle_east,1163.14,0.7156287299888024
9343,1916,1918,united_kingdom,allied_powers,582.66,282.1,1214.61,italian_front,864.76,0.7119651575402804
9344,1917,1919,belgium,allied_powers,103.87,238.01,443.73,naval,341.88,0.7704685281590156
9345,1914,1918,belgium,allied_powers,470.88,404.91,707.69,eastern_front,875.79,1.2375333832610322
9346,1917,1918,france,allied_powers,279.17,229.08,75.57,western_front,508.25,6.725552467910547
9347,1914,1919,belgium,allied_powers,88.49,489.07,485.19,africa,577.56,1.1903790267730163
9348,1917,1918,united_kingdom,allied_powers,863.59,448.36,2949.66,middle_east,1311.95,0.4447800763477825
9349,1917,1919,serbia,allied_powers,585.5,534.99,2251.84,air,1120.49,0.4975886386244137
9350,1914,1918,united_states,allied_powers,46.79,250.2,1484.19,air,296.99,0.2001024127638644
9351,1917,1918,belgium,allied_powers,80.79,32.13,1732.06,italian_front,112.92000000000002,0.0651940463956214
9352,1917,1919,russia,allied_powers,91.56,219.78,1096.02,middle_east,311.34000000000003,0.2840641594131494
9353,1914,1918,serbia,allied_powers,132.8,409.47,1332.26,eastern_front,542.27,0.4070301592782189
9354,1917,1918,serbia,allied_powers,233.93,200.83,625.31,italian_front,434.76,0.6952711455118262
9355,1916,1919,united_states,allied_powers,187.58,401.53,1338.57,middle_east,589.11,0.4401039915730967
9356,1916,1918,germany,central_powers,63.96,418.08,869.84,italian_front,482.04,0.5541708820012875
9357,1916,1918,austria-hungary,central_powers,356.9,565.89,2843.14,italian_front,922.79,0.324567203866148
9358,1914,1918,belgium,allied_powers,220.42,559.34,78.85,middle_east,779.76,9.889156626506026
9359,1917,1919,france,allied_powers,274.02,538.99,2301.15,western_front,813.01,0.3533059557177933
9360,1914,1918,serbia,allied_powers,670.69,204.28,2753.21,western_front,874.97,0.3177999498766894
9361,1915,1918,ottoman_empire,central_powers,136.86,15.46,1818.15,italian_front,152.32000000000002,0.0837774661056568
9362,1917,1919,united_kingdom,allied_powers,140.02,164.55,2389.12,naval,304.57000000000005,0.1274820854540584
9363,1914,1919,united_kingdom,allied_powers,142.1,472.61,345.36,naval,614.71,1.7799108176974752
9364,1915,1918,italy,allied_powers,349.36,550.44,2615.06,naval,899.8000000000001,0.3440838833525808
9365,1916,1918,united_kingdom,allied_powers,228.49,555.42,2526.28,naval,783.91,0.3103021042798106
9366,1916,1919,germany,central_powers,367.27,435.98,342.86,balkans,803.25,2.342792976725194
9367,1917,1918,united_kingdom,allied_powers,752.86,258.2,1100.13,air,1011.06,0.919036841100597
9368,1916,1918,serbia,allied_powers,335.93,590.29,78.92,balkans,926.22,11.736188545362392
9369,1914,1918,austria-hungary,central_powers,368.53,530.3,1753.57,naval,898.8299999999999,0.5125714970032562
9370,1914,1919,germany,central_powers,29.64,319.89,265.14,naval,349.53,1.318284679791808
9371,1914,1919,united_states,allied_powers,655.7,553.44,2438.92,eastern_front,1209.14,0.4957686188968888
9372,1914,1919,serbia,allied_powers,836.2,103.29,304.35,balkans,939.49,3.0868736651881057
9373,1914,1918,russia,allied_powers,310.59,203.87,1878.77,balkans,514.46,0.2738280896544016
9374,1916,1918,ottoman_empire,central_powers,438.41,422.9,417.99,naval,861.31,2.060599535874064
9375,1915,1919,germany,central_powers,743.41,444.45,2264.44,naval,1187.86,0.5245711964105916
9376,1916,1918,united_states,allied_powers,799.93,122.72,2927.0,naval,922.65,0.3152203621455415
9377,1914,1918,united_states,allied_powers,43.36,25.6,2539.55,air,68.96000000000001,0.0271544171211435
9378,1915,1919,russia,allied_powers,877.62,203.43,289.99,italian_front,1081.05,3.727887168523053
9379,1914,1918,austria-hungary,central_powers,359.33,375.78,572.43,air,735.1099999999999,1.2841919536013136
9380,1916,1919,united_states,allied_powers,572.85,396.3,1301.49,western_front,969.15,0.7446465205264736
9381,1917,1918,united_states,allied_powers,777.83,64.55,214.16,italian_front,842.38,3.9334142697048935
9382,1914,1919,ottoman_empire,central_powers,754.9,157.38,670.39,africa,912.28,1.3608198212980505
9383,1917,1919,ottoman_empire,central_powers,127.98,401.62,2607.31,balkans,529.6,0.2031212245571106
9384,1915,1919,ottoman_empire,central_powers,95.25,447.86,928.29,eastern_front,543.11,0.5850650120113327
9385,1914,1919,russia,allied_powers,730.07,572.7,685.31,balkans,1302.77,1.9009937108753705
9386,1916,1918,united_kingdom,allied_powers,324.26,502.31,1763.35,naval,826.5699999999999,0.468749822780503
9387,1916,1919,united_states,allied_powers,191.63,347.13,57.2,western_front,538.76,9.41888111888112
9388,1916,1918,ottoman_empire,central_powers,588.59,68.88,670.84,italian_front,657.47,0.9800697632818556
9389,1914,1919,france,allied_powers,702.36,538.53,1038.66,eastern_front,1240.89,1.194702790133441
9390,1917,1919,belgium,allied_powers,321.71,152.08,2455.87,air,473.79,0.1929214494252545
9391,1916,1919,ottoman_empire,central_powers,322.52,585.68,1371.74,balkans,908.2,0.6620788196013822
9392,1914,1918,france,allied_powers,52.85,25.69,86.87,western_front,78.54,0.904109589041096
9393,1916,1918,russia,allied_powers,91.72,452.36,2270.64,balkans,544.08,0.2396152626572244
9394,1917,1918,belgium,allied_powers,664.58,415.75,321.27,middle_east,1080.33,3.362685591558502
9395,1916,1919,ottoman_empire,central_powers,640.79,542.1,1410.18,balkans,1182.89,0.8388219943553304
9396,1915,1918,france,allied_powers,731.78,338.59,918.05,naval,1070.37,1.16591688905833
9397,1915,1919,united_states,allied_powers,898.11,295.31,1752.91,naval,1193.42,0.6808221756964135
9398,1916,1918,france,allied_powers,205.99,512.11,804.56,western_front,718.1,0.8925375360445462
9399,1914,1918,ottoman_empire,central_powers,448.63,67.38,2390.94,eastern_front,516.01,0.2158188829498021
9400,1916,1919,serbia,allied_powers,264.13,477.66,2320.04,western_front,741.79,0.3197315563524767
9401,1915,1919,germany,central_powers,613.38,110.64,1342.91,africa,724.02,0.5391426082164851
9402,1916,1918,germany,central_powers,368.69,31.08,1607.87,italian_front,399.77,0.2486332850292623
9403,1916,1918,united_kingdom,allied_powers,495.43,242.97,1957.03,western_front,738.4,0.3773064286188765
9404,1916,1918,germany,central_powers,110.74,335.24,1373.21,africa,445.98,0.3247718848537368
9405,1917,1919,ottoman_empire,central_powers,513.18,176.68,2645.3,air,689.8599999999999,0.2607870562885116
9406,1916,1919,united_states,allied_powers,784.33,180.66,299.64,balkans,964.99,3.220497930850354
9407,1916,1918,italy,allied_powers,650.73,552.13,2910.94,western_front,1202.86,0.4132204717376518
9408,1916,1918,russia,allied_powers,702.48,320.86,2636.84,naval,1023.34,0.388093323827005
9409,1917,1919,united_kingdom,allied_powers,480.47,160.65,1844.21,middle_east,641.12,0.3476393686185413
9410,1916,1919,germany,central_powers,426.93,98.12,814.04,eastern_front,525.05,0.6449928750429954
9411,1915,1919,united_kingdom,allied_powers,99.2,472.01,1225.62,italian_front,571.21,0.4660579951371551
9412,1917,1919,serbia,allied_powers,606.97,171.53,211.63,air,778.5,3.678589991967113
9413,1914,1919,france,allied_powers,690.51,590.45,276.25,eastern_front,1280.96,4.6369592760181
9414,1914,1919,united_kingdom,allied_powers,115.69,403.77,2054.32,western_front,519.46,0.2528622609914716
9415,1916,1919,ottoman_empire,central_powers,96.23,211.21,1176.76,africa,307.44,0.2612597301063938
9416,1915,1918,france,allied_powers,841.49,240.25,2818.29,balkans,1081.74,0.3838284917449943
9417,1917,1919,austria-hungary,central_powers,350.08,524.28,2800.29,italian_front,874.3599999999999,0.3122390895228708
9418,1914,1918,russia,allied_powers,480.46,16.54,2550.05,africa,497.0,0.1948981392521715
9419,1916,1918,ottoman_empire,central_powers,134.54,375.01,1778.06,africa,509.55,0.2865763809995163
9420,1914,1919,germany,central_powers,315.5,467.26,2182.64,naval,782.76,0.3586299160649489
9421,1916,1919,united_kingdom,allied_powers,451.57,139.4,1061.2,air,590.97,0.5568884281944968
9422,1915,1919,united_states,allied_powers,739.02,93.6,1471.9,africa,832.62,0.5656770161016373
9423,1917,1919,italy,allied_powers,831.17,540.54,1127.68,western_front,1371.71,1.2164000425652668
9424,1917,1919,germany,central_powers,390.07,103.15,569.47,eastern_front,493.22,0.8661035699861275
9425,1915,1919,belgium,allied_powers,486.13,447.29,2977.59,air,933.42,0.3134817083614601
9426,1917,1918,united_kingdom,allied_powers,853.89,44.94,789.06,air,898.8299999999999,1.1391148962056117
9427,1916,1918,germany,central_powers,96.59,166.0,2304.93,middle_east,262.59000000000003,0.1139253686662935
9428,1914,1919,ottoman_empire,central_powers,736.38,194.76,2119.8,eastern_front,931.14,0.4392584206057174
9429,1917,1918,italy,allied_powers,671.85,231.69,1439.17,eastern_front,903.54,0.6278202019219411
9430,1917,1918,italy,allied_powers,162.19,135.56,679.3,naval,297.75,0.4383188576475784
9431,1916,1919,austria-hungary,central_powers,363.41,353.88,343.78,western_front,717.29,2.0864797254057827
9432,1916,1918,united_states,allied_powers,787.1,39.53,276.31,western_front,826.63,2.991676016068908
9433,1915,1919,united_kingdom,allied_powers,817.98,121.16,1310.1,middle_east,939.14,0.7168460422868483
9434,1916,1918,belgium,allied_powers,377.68,465.66,805.73,western_front,843.34,1.0466781676243904
9435,1915,1919,russia,allied_powers,843.49,92.45,1985.86,air,935.94,0.4713021058886327
9436,1917,1918,france,allied_powers,597.43,562.31,1739.71,eastern_front,1159.7399999999998,0.6666283461036608
9437,1915,1919,austria-hungary,central_powers,85.67,515.45,2630.21,air,601.12,0.2285444888430961
9438,1915,1918,ottoman_empire,central_powers,529.94,172.24,2507.41,air,702.1800000000001,0.2800419556434728
9439,1916,1918,united_kingdom,allied_powers,165.1,439.6,723.15,eastern_front,604.7,0.8362027241927679
9440,1916,1918,russia,allied_powers,163.0,441.42,598.61,eastern_front,604.4200000000001,1.0097058184794776
9441,1915,1919,austria-hungary,central_powers,79.44,311.85,2760.05,middle_east,391.29,0.1417691708483542
9442,1916,1919,france,allied_powers,100.21,506.78,2570.32,italian_front,606.99,0.2361534750536898
9443,1914,1919,russia,allied_powers,247.0,443.92,496.01,naval,690.9200000000001,1.3929557871817102
9444,1916,1918,russia,allied_powers,177.39,426.53,1343.74,italian_front,603.92,0.4494321818208879
9445,1914,1918,belgium,allied_powers,329.12,563.85,499.06,air,892.97,1.7893038913156736
9446,1915,1918,austria-hungary,central_powers,890.38,461.71,1953.13,naval,1352.09,0.692268307793132
9447,1915,1918,germany,central_powers,194.24,59.4,940.18,africa,253.64,0.2697781275925887
9448,1914,1918,ottoman_empire,central_powers,376.73,298.74,138.51,air,675.47,4.876687603783121
9449,1916,1918,belgium,allied_powers,125.66,307.38,1574.04,western_front,433.04,0.2751137201087646
9450,1914,1918,italy,allied_powers,558.52,398.8,2930.78,eastern_front,957.32,0.3266434191580398
9451,1914,1918,germany,central_powers,457.07,313.34,2990.25,africa,770.41,0.2576406654961959
9452,1917,1918,united_kingdom,allied_powers,2.09,230.44,2420.86,naval,232.53,0.0960526424493774
9453,1916,1918,ottoman_empire,central_powers,70.29,389.84,1156.58,western_front,460.13,0.3978367255183386
9454,1916,1918,france,allied_powers,240.99,370.08,1412.87,africa,611.0699999999999,0.4325026364775244
9455,1916,1918,austria-hungary,central_powers,260.01,564.09,613.41,naval,824.1,1.3434733701765542
9456,1915,1918,ottoman_empire,central_powers,823.84,515.43,1187.61,italian_front,1339.27,1.1277018549860645
9457,1916,1919,united_kingdom,allied_powers,787.37,25.55,389.29,balkans,812.92,2.088211872896812
9458,1916,1918,france,allied_powers,274.06,117.05,546.76,eastern_front,391.11,0.715322993635233
9459,1915,1918,ottoman_empire,central_powers,732.78,583.41,619.07,western_front,1316.19,2.1260762110908296
9460,1915,1918,belgium,allied_powers,560.42,564.56,1756.32,middle_east,1124.98,0.6405324769973582
9461,1914,1918,serbia,allied_powers,795.9,208.24,2449.85,naval,1004.14,0.4098781558054575
9462,1916,1919,united_states,allied_powers,210.95,574.86,1041.44,balkans,785.81,0.7545417882931325
9463,1916,1918,united_states,allied_powers,321.72,527.75,1876.29,western_front,849.47,0.4527391821093754
9464,1914,1918,ottoman_empire,central_powers,858.89,180.96,2279.85,balkans,1039.85,0.456104568283001
9465,1915,1918,ottoman_empire,central_powers,72.32,298.33,1545.5,naval,370.65,0.2398252992559042
9466,1916,1918,russia,allied_powers,638.94,266.25,2192.02,western_front,905.19,0.4129478745631883
9467,1916,1919,russia,allied_powers,396.1,26.41,492.01,air,422.5100000000001,0.858742708481535
9468,1915,1919,russia,allied_powers,372.24,283.71,1021.28,middle_east,655.95,0.6422822340592199
9469,1915,1918,germany,central_powers,866.98,368.57,2290.74,air,1235.55,0.5393671913879358
9470,1914,1919,serbia,allied_powers,669.74,139.81,208.45,middle_east,809.55,3.8836651475173904
9471,1916,1919,united_states,allied_powers,13.04,590.25,2652.65,air,603.29,0.2274291745989859
9472,1914,1918,france,allied_powers,307.23,427.78,2576.24,naval,735.01,0.2853033878831165
9473,1915,1918,united_states,allied_powers,563.06,65.58,557.69,air,628.64,1.1272212160877906
9474,1917,1918,belgium,allied_powers,335.01,583.13,981.57,africa,918.14,0.9353790356265982
9475,1917,1919,italy,allied_powers,731.66,7.84,1044.34,western_front,739.5,0.7081027251661337
9476,1916,1919,ottoman_empire,central_powers,357.04,262.82,2903.64,middle_east,619.86,0.2134768772988387
9477,1916,1919,serbia,allied_powers,258.98,480.7,1396.22,middle_east,739.6800000000001,0.5297732449040983
9478,1916,1919,austria-hungary,central_powers,208.4,350.83,2546.15,middle_east,559.23,0.2196374918995346
9479,1916,1918,russia,allied_powers,809.87,328.78,1850.21,naval,1138.65,0.6154166283827242
9480,1917,1918,united_kingdom,allied_powers,816.48,483.39,608.49,balkans,1299.87,2.1362224522999558
9481,1915,1919,italy,allied_powers,418.18,309.05,2471.86,italian_front,727.23,0.2942035552175285
9482,1915,1919,ottoman_empire,central_powers,748.63,176.44,2390.92,balkans,925.07,0.386909641476921
9483,1915,1918,united_states,allied_powers,496.85,6.8,1410.99,western_front,503.65,0.3569479585255742
9484,1916,1919,ottoman_empire,central_powers,531.76,447.42,196.45,balkans,979.18,4.984372613896666
9485,1915,1919,russia,allied_powers,82.2,27.9,708.4,air,110.1,0.1554206662902315
9486,1915,1918,belgium,allied_powers,202.01,436.73,2927.82,western_front,638.74,0.2181623187217793
9487,1917,1918,united_states,allied_powers,414.78,188.35,351.49,africa,603.13,1.715923639363851
9488,1917,1919,belgium,allied_powers,295.86,402.44,702.55,italian_front,698.3,0.993950608497616
9489,1916,1918,italy,allied_powers,837.8,550.23,794.91,air,1388.03,1.7461473625945076
9490,1916,1918,france,allied_powers,208.77,138.0,2092.71,naval,346.77,0.1657038003354502
9491,1914,1918,united_states,allied_powers,240.53,52.75,1695.83,middle_east,293.28,0.1729418632763897
9492,1917,1919,austria-hungary,central_powers,400.67,513.98,654.92,balkans,914.65,1.396582788737556
9493,1914,1918,serbia,allied_powers,492.46,586.7,919.39,air,1079.16,1.1737782660242118
9494,1916,1918,russia,allied_powers,534.62,82.45,994.37,air,617.07,0.6205637740478896
9495,1915,1919,belgium,allied_powers,257.91,200.71,1911.68,western_front,458.62,0.2399041680616002
9496,1915,1919,russia,allied_powers,567.79,84.7,2489.42,balkans,652.49,0.2621052293305267
9497,1915,1919,russia,allied_powers,281.69,167.23,1635.86,naval,448.92,0.2744244617510056
9498,1915,1918,ottoman_empire,central_powers,640.9,597.98,1477.54,air,1238.88,0.8384747621045793
9499,1914,1918,united_states,allied_powers,22.51,35.86,2361.11,italian_front,58.370000000000005,0.0247214233983168
9500,1915,1918,belgium,allied_powers,609.82,342.25,2415.27,eastern_front,952.07,0.3941878133707618
9501,1915,1918,france,allied_powers,149.77,418.93,2041.34,africa,568.7,0.2785915134176571
9502,1917,1919,united_kingdom,allied_powers,525.61,295.56,959.05,western_front,821.1700000000001,0.8562327303060321
9503,1914,1918,united_states,allied_powers,813.38,125.98,2013.29,air,939.36,0.4665795786995416
9504,1915,1919,italy,allied_powers,310.97,572.37,343.95,air,883.34,2.5682221253089117
9505,1915,1919,germany,central_powers,611.98,447.5,1830.93,africa,1059.48,0.5786567482099261
9506,1916,1919,italy,allied_powers,738.95,395.95,1069.62,italian_front,1134.9,1.0610310203623718
9507,1916,1918,germany,central_powers,804.66,429.72,1943.93,western_front,1234.38,0.6349920007407674
9508,1915,1918,france,allied_powers,64.52,222.49,2884.36,naval,287.01,0.0995056095633
9509,1916,1919,united_kingdom,allied_powers,752.65,403.4,2906.93,middle_east,1156.05,0.3976875948165246
9510,1915,1919,austria-hungary,central_powers,895.06,143.25,124.37,italian_front,1038.31,8.348556725898527
9511,1915,1919,belgium,allied_powers,701.31,590.1,84.96,balkans,1291.41,15.20021186440678
9512,1914,1918,ottoman_empire,central_powers,72.78,470.83,2070.17,air,543.61,0.2625919610466773
9513,1917,1918,germany,central_powers,116.58,384.91,2607.97,italian_front,501.49,0.1922913223695058
9514,1916,1919,belgium,allied_powers,375.41,95.59,1805.66,africa,471.0,0.2608464494976906
9515,1915,1918,serbia,allied_powers,245.71,352.42,2662.71,italian_front,598.13,0.2246320478009246
9516,1914,1919,russia,allied_powers,251.17,181.52,2293.18,middle_east,432.69,0.1886855807219669
9517,1917,1919,ottoman_empire,central_powers,263.12,221.47,1705.77,naval,484.59,0.2840887106702545
9518,1916,1918,united_states,allied_powers,467.2,41.39,2684.08,italian_front,508.59,0.1894839200023844
9519,1914,1919,serbia,allied_powers,338.59,260.34,1371.13,naval,598.93,0.4368148899083237
9520,1915,1918,serbia,allied_powers,792.45,537.34,679.37,naval,1329.79,1.9573869908886168
9521,1917,1919,serbia,allied_powers,64.87,357.19,2675.8,italian_front,422.06,0.1577322669855744
9522,1917,1919,austria-hungary,central_powers,197.69,593.61,593.7,balkans,791.3,1.3328280276233786
9523,1917,1918,belgium,allied_powers,796.39,370.97,1303.7,middle_east,1167.36,0.8954207256270615
9524,1915,1919,serbia,allied_powers,108.19,561.54,623.92,middle_east,669.73,1.0734228747275292
9525,1916,1918,france,allied_powers,134.53,358.53,1681.83,africa,493.06,0.2931687507060761
9526,1915,1919,france,allied_powers,531.84,29.94,2488.37,air,561.7800000000001,0.2257622459682443
9527,1916,1919,united_kingdom,allied_powers,433.89,514.6,2582.9,middle_east,948.49,0.3672190173835611
9528,1917,1919,serbia,allied_powers,890.78,596.96,400.71,naval,1487.74,3.712759851264007
9529,1915,1918,ottoman_empire,central_powers,472.55,270.38,2966.25,air,742.9300000000001,0.2504610198061526
9530,1916,1919,serbia,allied_powers,468.67,473.93,1569.9,naval,942.6,0.6004204089432448
9531,1915,1919,russia,allied_powers,820.95,136.67,1788.32,italian_front,957.62,0.5354858190927798
9532,1914,1918,united_states,allied_powers,291.5,567.16,1754.65,air,858.66,0.489362550936084
9533,1917,1918,serbia,allied_powers,200.4,136.53,1739.37,balkans,336.93,0.1937080667138102
9534,1914,1919,russia,allied_powers,182.75,303.15,1755.9,africa,485.9,0.276724187026596
9535,1915,1919,france,allied_powers,447.68,304.99,1920.82,naval,752.6700000000001,0.3918482731333493
9536,1915,1918,united_kingdom,allied_powers,444.01,5.4,631.09,africa,449.41,0.712117130678667
9537,1916,1918,france,allied_powers,412.46,16.07,1252.53,western_front,428.53,0.3421315257917974
9538,1917,1919,belgium,allied_powers,770.73,470.57,2728.13,eastern_front,1241.3,0.4550003115687302
9539,1916,1919,italy,allied_powers,889.84,195.21,2266.04,africa,1085.05,0.4788309120756915
9540,1917,1919,serbia,allied_powers,885.99,230.66,1499.66,naval,1116.65,0.7446021098115573
9541,1917,1919,russia,allied_powers,769.04,487.39,284.1,naval,1256.4299999999998,4.422492080253431
9542,1916,1919,austria-hungary,central_powers,888.87,499.55,2327.79,air,1388.42,0.596454147496123
9543,1915,1918,ottoman_empire,central_powers,337.91,401.73,1103.55,africa,739.6400000000001,0.6702369625300169
9544,1916,1918,austria-hungary,central_powers,170.95,492.57,826.4,air,663.52,0.8029041626331075
9545,1917,1918,serbia,allied_powers,880.9,192.98,2022.36,balkans,1073.88,0.5310033821871477
9546,1916,1918,united_states,allied_powers,612.18,563.31,1953.08,eastern_front,1175.4899999999998,0.6018647469637699
9547,1914,1919,france,allied_powers,188.56,50.35,1840.95,western_front,238.91,0.1297753877074336
9548,1916,1919,united_states,allied_powers,57.61,537.05,432.66,eastern_front,594.66,1.3744279572874774
9549,1916,1919,austria-hungary,central_powers,52.42,378.37,1844.22,western_front,430.79,0.2335892680916593
9550,1914,1918,russia,allied_powers,888.2,289.95,1007.92,naval,1178.15,1.168892372410509
9551,1917,1918,serbia,allied_powers,805.74,485.56,2842.94,balkans,1291.3,0.4542128922875614
9552,1916,1918,ottoman_empire,central_powers,70.23,329.1,1137.19,western_front,399.33,0.3511550400548721
9553,1915,1918,germany,central_powers,425.47,516.72,774.58,italian_front,942.19,1.2163882362054277
9554,1914,1918,russia,allied_powers,624.63,378.25,1973.0,air,1002.88,0.5083020780537253
9555,1914,1919,germany,central_powers,61.54,599.75,190.39,eastern_front,661.29,3.473344188245181
9556,1914,1918,united_kingdom,allied_powers,591.78,485.81,92.86,air,1077.59,11.60445832435925
9557,1916,1918,ottoman_empire,central_powers,24.84,339.98,2414.62,air,364.82,0.1510879558688323
9558,1914,1918,ottoman_empire,central_powers,261.61,511.96,2520.0,air,773.5699999999999,0.3069722222222222
9559,1917,1919,belgium,allied_powers,803.14,313.32,2676.94,naval,1116.46,0.4170657541820138
9560,1917,1919,serbia,allied_powers,73.11,71.84,2443.39,naval,144.95,0.0593233171945534
9561,1915,1918,austria-hungary,central_powers,47.38,110.81,423.29,middle_east,158.19,0.3737154196886295
9562,1917,1919,united_states,allied_powers,755.61,128.33,450.93,naval,883.94,1.9602599073026856
9563,1916,1918,ottoman_empire,central_powers,340.12,204.93,784.41,italian_front,545.05,0.6948534567381853
9564,1914,1918,united_kingdom,allied_powers,844.45,505.39,1683.34,africa,1349.84,0.8018819727446626
9565,1917,1919,serbia,allied_powers,469.64,120.7,476.31,western_front,590.34,1.2394029098696229
9566,1916,1919,russia,allied_powers,454.73,404.3,2713.01,balkans,859.03,0.3166335546127732
9567,1914,1919,ottoman_empire,central_powers,80.52,121.84,2281.53,africa,202.36,0.0886948670409768
9568,1916,1919,ottoman_empire,central_powers,806.73,373.38,1455.09,italian_front,1180.11,0.8110219986392596
9569,1917,1918,united_kingdom,allied_powers,331.34,42.66,1140.56,middle_east,374.0,0.3279090972855439
9570,1914,1918,russia,allied_powers,572.59,198.32,868.89,western_front,770.9100000000001,0.8872354383178539
9571,1917,1919,ottoman_empire,central_powers,432.36,197.42,1197.74,air,629.78,0.5258069363968808
9572,1914,1919,russia,allied_powers,810.39,128.82,1847.86,balkans,939.21,0.5082690247096642
9573,1915,1919,serbia,allied_powers,53.63,430.9,2834.89,italian_front,484.53,0.1709166845979914
9574,1915,1919,italy,allied_powers,178.58,174.38,1128.84,italian_front,352.96000000000004,0.3126749583643387
9575,1917,1919,united_states,allied_powers,353.31,521.43,845.48,balkans,874.74,1.0346075602024885
9576,1917,1918,russia,allied_powers,845.92,273.66,2017.64,middle_east,1119.58,0.5548958188775004
9577,1914,1918,belgium,allied_powers,113.91,472.88,1387.72,western_front,586.79,0.4228446660709652
9578,1914,1918,united_states,allied_powers,631.26,529.99,2112.62,air,1161.25,0.5496729179880906
9579,1915,1918,austria-hungary,central_powers,709.84,372.87,2739.79,western_front,1082.71,0.3951799225488085
9580,1914,1919,ottoman_empire,central_powers,164.18,429.65,856.95,balkans,593.8299999999999,0.6929575821226441
9581,1915,1918,germany,central_powers,698.69,30.92,1560.12,africa,729.61,0.4676627438914956
9582,1914,1918,belgium,allied_powers,590.03,438.5,2469.55,africa,1028.53,0.4164847846773703
9583,1917,1919,serbia,allied_powers,198.24,533.65,950.69,italian_front,731.89,0.7698513711094047
9584,1917,1918,austria-hungary,central_powers,394.29,78.33,1283.49,air,472.62,0.36823037187668
9585,1917,1919,ottoman_empire,central_powers,129.75,306.09,1204.9,eastern_front,435.84,0.3617229645613743
9586,1915,1919,germany,central_powers,447.02,370.71,343.59,middle_east,817.73,2.3799586716726333
9587,1914,1919,germany,central_powers,513.42,501.93,2537.44,middle_east,1015.35,0.4001473926477079
9588,1916,1919,belgium,allied_powers,238.5,193.14,1523.37,middle_east,431.64,0.2833454774611552
9589,1916,1918,italy,allied_powers,120.03,50.08,876.46,balkans,170.11,0.1940875795814983
9590,1917,1918,russia,allied_powers,615.85,410.03,1237.56,naval,1025.88,0.8289537476970815
9591,1916,1918,austria-hungary,central_powers,86.35,474.25,1505.37,eastern_front,560.6,0.3724001408291649
9592,1915,1919,belgium,allied_powers,211.55,517.83,988.46,naval,729.3800000000001,0.7378953118993182
9593,1916,1918,france,allied_powers,676.45,538.63,1748.06,italian_front,1215.08,0.695101998787227
9594,1917,1919,ottoman_empire,central_powers,411.32,64.38,203.89,balkans,475.7,2.333120800431605
9595,1914,1918,united_states,allied_powers,302.95,522.9,1282.81,middle_east,825.8499999999999,0.6437820098065964
9596,1916,1918,germany,central_powers,342.55,154.51,2357.59,eastern_front,497.06,0.2108339448334952
9597,1917,1919,austria-hungary,central_powers,430.35,382.28,2445.41,air,812.63,0.3323082836824909
9598,1914,1918,ottoman_empire,central_powers,544.88,406.31,1795.2,eastern_front,951.19,0.5298518270944742
9599,1916,1918,belgium,allied_powers,783.76,595.28,2362.24,eastern_front,1379.04,0.58378488214576
9600,1914,1918,france,allied_powers,869.96,566.55,640.27,italian_front,1436.51,2.2436003560997704
9601,1916,1918,united_states,allied_powers,737.97,86.15,2733.78,balkans,824.12,0.3014580544154979
9602,1917,1919,belgium,allied_powers,349.03,16.44,353.14,naval,365.47,1.0349153310301862
9603,1917,1919,germany,central_powers,298.2,576.35,1880.49,middle_east,874.55,0.4650649564741104
9604,1915,1919,serbia,allied_powers,357.92,141.01,2935.24,italian_front,498.93,0.1699792861912484
9605,1914,1919,france,allied_powers,263.66,494.88,2197.96,eastern_front,758.54,0.3451109210358696
9606,1914,1918,france,allied_powers,605.08,576.25,2235.24,middle_east,1181.33,0.5285025321665683
9607,1915,1918,italy,allied_powers,649.82,174.06,843.55,middle_east,823.8800000000001,0.976681880149369
9608,1915,1919,germany,central_powers,449.92,488.32,2900.06,middle_east,938.24,0.323524340875706
9609,1915,1918,germany,central_powers,211.71,37.51,2511.82,middle_east,249.22,0.0992188930735482
9610,1914,1918,austria-hungary,central_powers,3.31,127.4,2747.97,africa,130.71,0.0475660214631164
9611,1915,1919,united_states,allied_powers,646.34,468.6,559.02,middle_east,1114.94,1.994454581231441
9612,1916,1918,germany,central_powers,184.06,92.78,187.18,balkans,276.84000000000003,1.479004167111871
9613,1917,1919,france,allied_powers,547.93,395.24,2365.63,western_front,943.17,0.3986971758051766
9614,1915,1919,austria-hungary,central_powers,465.82,500.7,415.65,eastern_front,966.52,2.32532178515578
9615,1915,1918,belgium,allied_powers,596.87,515.63,436.27,balkans,1112.5,2.550026359823045
9616,1916,1919,ottoman_empire,central_powers,356.57,231.3,2334.61,western_front,587.87,0.2518065115800926
9617,1915,1918,belgium,allied_powers,355.17,250.71,816.89,balkans,605.88,0.7416910477542876
9618,1914,1919,united_states,allied_powers,362.45,251.75,387.86,naval,614.2,1.5835610787397516
9619,1915,1919,russia,allied_powers,706.63,78.69,2297.0,italian_front,785.3199999999999,0.341889420983892
9620,1917,1919,united_states,allied_powers,403.21,544.98,303.4,africa,948.19,3.1252142386288733
9621,1916,1919,serbia,allied_powers,466.19,518.8,1420.79,italian_front,984.99,0.6932692375368633
9622,1916,1919,serbia,allied_powers,147.77,120.75,2445.59,africa,268.52,0.1097976357443398
9623,1916,1918,serbia,allied_powers,786.64,443.74,151.27,middle_east,1230.38,8.133668275269386
9624,1917,1918,russia,allied_powers,580.03,127.4,2961.28,italian_front,707.43,0.2388933164037172
9625,1916,1919,serbia,allied_powers,770.01,462.46,310.47,balkans,1232.47,3.969691113473121
9626,1917,1919,austria-hungary,central_powers,417.75,596.27,367.94,middle_east,1014.02,2.7559384682285155
9627,1916,1919,italy,allied_powers,277.31,391.89,1981.83,naval,669.2,0.3376677111558509
9628,1917,1918,ottoman_empire,central_powers,390.49,576.48,175.73,balkans,966.97,5.502589199339897
9629,1917,1918,austria-hungary,central_powers,357.52,134.22,2059.84,air,491.74,0.2387272797887214
9630,1917,1918,ottoman_empire,central_powers,15.26,95.31,1830.52,middle_east,110.57,0.0604036011625112
9631,1917,1919,serbia,allied_powers,890.38,547.95,2212.34,air,1438.33,0.6501396711174593
9632,1915,1919,russia,allied_powers,346.76,438.63,186.36,western_front,785.39,4.214370036488517
9633,1916,1918,serbia,allied_powers,266.53,540.15,1450.2,naval,806.68,0.5562543097503793
9634,1916,1918,austria-hungary,central_powers,398.45,416.36,1467.24,air,814.81,0.5553351871541125
9635,1914,1918,united_states,allied_powers,47.31,340.99,401.78,eastern_front,388.3,0.9664493006122756
9636,1915,1919,italy,allied_powers,147.86,587.38,2999.7,italian_front,735.24,0.2451045104510451
9637,1914,1919,serbia,allied_powers,241.43,189.0,2514.67,italian_front,430.43,0.171167588590153
9638,1915,1918,russia,allied_powers,370.61,29.61,1037.25,naval,400.22,0.3858471920944806
9639,1914,1918,russia,allied_powers,738.69,411.13,2979.94,air,1149.8200000000002,0.3858534064444251
9640,1914,1918,austria-hungary,central_powers,280.02,141.13,424.41,eastern_front,421.15,0.992318748380104
9641,1914,1918,germany,central_powers,670.41,52.46,116.79,africa,722.87,6.189485401147358
9642,1915,1918,austria-hungary,central_powers,833.04,247.02,2265.77,eastern_front,1080.06,0.4766856300507112
9643,1917,1919,germany,central_powers,785.96,539.32,2103.86,balkans,1325.2800000000002,0.6299278469099655
9644,1914,1918,germany,central_powers,221.51,364.09,2357.07,balkans,585.5999999999999,0.2484440428158688
9645,1914,1918,italy,allied_powers,867.0,89.45,1069.19,eastern_front,956.45,0.8945556916918415
9646,1917,1918,united_states,allied_powers,294.34,268.27,1079.99,africa,562.6099999999999,0.5209400087037842
9647,1917,1918,united_kingdom,allied_powers,288.4,444.42,670.79,eastern_front,732.8199999999999,1.0924730541600205
9648,1914,1919,russia,allied_powers,139.18,258.04,1460.26,naval,397.22,0.2720200512237547
9649,1916,1918,austria-hungary,central_powers,350.57,52.31,2768.71,naval,402.88,0.1455118087484785
9650,1917,1918,russia,allied_powers,852.99,508.04,302.09,air,1361.03,4.505379191631633
9651,1917,1918,united_kingdom,allied_powers,213.72,273.5,1640.18,middle_east,487.22,0.2970527625016766
9652,1915,1919,austria-hungary,central_powers,128.4,389.72,328.71,western_front,518.12,1.5762222019409209
9653,1914,1918,ottoman_empire,central_powers,828.04,491.43,2525.23,western_front,1319.47,0.522514780831845
9654,1916,1918,france,allied_powers,320.67,532.99,2364.67,balkans,853.6600000000001,0.3610059754638068
9655,1915,1919,serbia,allied_powers,110.72,309.18,396.8,western_front,419.9,1.0582157258064515
9656,1917,1919,russia,allied_powers,664.66,354.24,2433.17,western_front,1018.9,0.4187541355515644
9657,1917,1919,france,allied_powers,354.7,501.84,870.96,air,856.54,0.9834435565353172
9658,1917,1918,united_kingdom,allied_powers,802.18,536.58,741.69,middle_east,1338.76,1.8050128759994064
9659,1915,1918,italy,allied_powers,509.03,258.78,1471.07,balkans,767.81,0.5219398125174193
9660,1914,1919,italy,allied_powers,585.02,533.85,1364.04,africa,1118.87,0.8202618691533972
9661,1917,1919,italy,allied_powers,326.16,118.0,1712.33,italian_front,444.16,0.2593892532397377
9662,1917,1919,germany,central_powers,504.07,574.53,80.22,western_front,1078.6,13.44552480678135
9663,1916,1919,belgium,allied_powers,720.63,272.4,1762.28,africa,993.03,0.5634916131375264
9664,1916,1918,united_kingdom,allied_powers,412.24,308.99,824.83,middle_east,721.23,0.874398360874362
9665,1916,1918,germany,central_powers,814.95,7.52,1308.07,africa,822.47,0.6287660446306391
9666,1917,1919,united_states,allied_powers,179.89,479.03,1655.84,balkans,658.92,0.39793699874384
9667,1914,1918,germany,central_powers,102.28,382.87,189.79,middle_east,485.15,2.556246377575215
9668,1915,1918,serbia,allied_powers,152.63,3.56,1520.57,naval,156.19,0.1027180596749903
9669,1915,1918,austria-hungary,central_powers,20.47,477.37,785.88,western_front,497.84,0.6334809385656843
9670,1916,1919,serbia,allied_powers,742.91,309.7,713.45,western_front,1052.61,1.4753801948279486
9671,1917,1919,united_kingdom,allied_powers,151.59,493.71,877.13,air,645.3,0.7356948228882834
9672,1916,1918,france,allied_powers,802.5,300.12,575.89,italian_front,1102.62,1.9146364757158485
9673,1914,1918,united_kingdom,allied_powers,161.93,547.83,268.37,italian_front,709.76,2.644706934456161
9674,1917,1919,belgium,allied_powers,150.7,248.77,2527.76,balkans,399.47,0.158033199354369
9675,1917,1919,italy,allied_powers,472.19,563.66,902.26,italian_front,1035.85,1.1480615343692504
9676,1914,1919,russia,allied_powers,245.66,432.71,2228.17,africa,678.37,0.3044516351983915
9677,1915,1919,austria-hungary,central_powers,54.41,184.59,616.38,eastern_front,239.0,0.3877478179045394
9678,1917,1919,austria-hungary,central_powers,700.82,8.17,1501.11,air,708.99,0.4723104902372245
9679,1915,1918,ottoman_empire,central_powers,663.45,563.81,1794.1,balkans,1227.26,0.684053285770024
9680,1915,1918,france,allied_powers,884.62,551.19,339.62,africa,1435.81,4.227695659855132
9681,1917,1919,belgium,allied_powers,254.17,80.23,2690.3,eastern_front,334.4,0.1242984053822993
9682,1915,1918,ottoman_empire,central_powers,763.96,182.14,645.84,eastern_front,946.1,1.4649139105660844
9683,1915,1918,italy,allied_powers,723.98,340.32,2441.0,middle_east,1064.3,0.4360098320360507
9684,1915,1918,serbia,allied_powers,770.02,410.53,269.89,naval,1180.55,4.374189484604839
9685,1915,1918,belgium,allied_powers,735.92,90.39,2114.81,air,826.31,0.3907254079562703
9686,1914,1919,germany,central_powers,458.77,18.72,1104.72,air,477.49,0.4322271706857846
9687,1915,1919,russia,allied_powers,873.47,205.93,1661.14,air,1079.4,0.6497947192891629
9688,1915,1918,france,allied_powers,145.71,176.32,2805.37,western_front,322.03,0.1147905623857102
9689,1917,1919,austria-hungary,central_powers,192.01,456.51,1991.87,western_front,648.52,0.3255834969149593
9690,1914,1919,austria-hungary,central_powers,30.97,344.81,1111.34,air,375.78,0.3381323447369841
9691,1915,1919,italy,allied_powers,238.3,476.41,296.2,air,714.71,2.4129304523970294
9692,1915,1919,belgium,allied_powers,502.29,340.05,1562.77,italian_front,842.34,0.5390044600293069
9693,1916,1919,serbia,allied_powers,403.12,485.78,461.07,balkans,888.9,1.927906825427809
9694,1916,1918,italy,allied_powers,236.45,210.69,1426.41,western_front,447.14,0.3134722835650338
9695,1916,1918,russia,allied_powers,275.35,587.59,920.43,air,862.94,0.9375400627967364
9696,1914,1919,united_states,allied_powers,899.38,443.92,1032.37,italian_front,1343.3,1.301180778209363
9697,1915,1918,ottoman_empire,central_powers,395.7,261.8,248.05,africa,657.5,2.6506752670832494
9698,1917,1918,germany,central_powers,450.8,79.71,64.73,italian_front,530.51,8.195736134713425
9699,1916,1919,serbia,allied_powers,89.22,519.81,419.45,italian_front,609.03,1.4519728215520324
9700,1917,1918,germany,central_powers,781.94,133.6,94.22,italian_front,915.54,9.717045213330504
9701,1914,1918,austria-hungary,central_powers,428.77,319.66,773.78,africa,748.4300000000001,0.9672387500323092
9702,1917,1918,germany,central_powers,561.76,188.74,1918.03,middle_east,750.5,0.3912868933228364
9703,1914,1918,france,allied_powers,528.13,459.74,2137.81,naval,987.87,0.462094386311225
9704,1915,1918,italy,allied_powers,492.2,372.25,1507.99,naval,864.45,0.5732465069397013
9705,1916,1919,united_kingdom,allied_powers,682.84,175.87,1371.7,eastern_front,858.71,0.6260188087774294
9706,1914,1918,austria-hungary,central_powers,646.02,274.98,1741.84,middle_east,921.0,0.5287512056216415
9707,1916,1919,united_states,allied_powers,296.95,212.2,2101.07,eastern_front,509.15,0.2423289086037114
9708,1915,1918,russia,allied_powers,86.56,578.19,1041.63,eastern_front,664.75,0.6381824640227335
9709,1915,1919,austria-hungary,central_powers,171.4,269.33,2027.19,air,440.73,0.2174093202906486
9710,1917,1918,ottoman_empire,central_powers,721.95,251.88,332.51,naval,973.83,2.928723948151936
9711,1917,1919,france,allied_powers,806.4,259.59,771.27,middle_east,1065.99,1.382122991948345
9712,1917,1918,united_kingdom,allied_powers,423.86,436.87,2248.67,italian_front,860.73,0.3827729279974385
9713,1914,1919,germany,central_powers,134.94,451.15,1244.29,eastern_front,586.0899999999999,0.4710236359691068
9714,1915,1918,ottoman_empire,central_powers,320.64,429.05,1297.39,italian_front,749.69,0.5778447498439174
9715,1916,1918,austria-hungary,central_powers,418.77,17.63,1785.6,italian_front,436.4,0.2443996415770609
9716,1915,1918,italy,allied_powers,764.83,407.89,2122.95,balkans,1172.72,0.5524011399232202
9717,1915,1918,united_kingdom,allied_powers,506.15,112.34,2062.78,italian_front,618.49,0.2998332347608566
9718,1917,1918,serbia,allied_powers,39.15,419.41,183.59,air,458.56,2.4977395282967483
9719,1914,1918,serbia,allied_powers,854.35,15.57,1006.3,africa,869.9200000000001,0.8644738149657161
9720,1917,1919,austria-hungary,central_powers,893.51,453.9,1327.14,western_front,1347.41,1.0152734451527343
9721,1914,1919,ottoman_empire,central_powers,634.4,470.31,1354.32,western_front,1104.71,0.8156934845531337
9722,1916,1919,united_states,allied_powers,209.34,244.64,568.93,balkans,453.98,0.7979540541015592
9723,1914,1919,ottoman_empire,central_powers,433.69,586.81,2403.5,eastern_front,1020.5,0.4245891408362804
9724,1915,1918,united_states,allied_powers,85.22,577.72,2757.13,italian_front,662.94,0.2404456808347811
9725,1917,1919,russia,allied_powers,241.77,300.53,2645.23,middle_east,542.3,0.2050105283850553
9726,1917,1918,italy,allied_powers,468.53,13.9,1900.43,eastern_front,482.43,0.2538530753566297
9727,1916,1919,russia,allied_powers,275.52,316.26,2892.92,western_front,591.78,0.2045614811332494
9728,1917,1919,united_kingdom,allied_powers,155.46,476.09,2293.54,western_front,631.55,0.275360359967561
9729,1915,1919,germany,central_powers,427.08,207.15,2403.84,italian_front,634.23,0.2638403554313099
9730,1917,1918,united_states,allied_powers,851.02,590.77,1707.44,eastern_front,1441.79,0.8444162020334536
9731,1917,1918,france,allied_powers,392.53,410.59,2832.52,western_front,803.1199999999999,0.2835355090167059
9732,1915,1919,italy,allied_powers,405.53,130.95,519.23,middle_east,536.48,1.0332222714404022
9733,1916,1918,france,allied_powers,416.26,138.73,2353.67,air,554.99,0.2357977116588137
9734,1914,1918,austria-hungary,central_powers,561.64,129.54,200.07,middle_east,691.18,3.45469085819963
9735,1916,1918,serbia,allied_powers,69.2,37.3,1891.54,middle_east,106.5,0.0563033295621557
9736,1915,1919,united_kingdom,allied_powers,228.36,479.43,622.61,eastern_front,707.79,1.1368111658983957
9737,1917,1919,united_kingdom,allied_powers,850.99,75.5,1179.1,italian_front,926.49,0.7857603256721228
9738,1915,1919,austria-hungary,central_powers,104.04,441.22,2233.48,africa,545.26,0.2441302362232928
9739,1916,1919,germany,central_powers,660.92,280.87,1441.5,africa,941.79,0.6533402705515088
9740,1917,1918,austria-hungary,central_powers,338.19,352.36,1779.14,eastern_front,690.55,0.3881369650505299
9741,1914,1919,serbia,allied_powers,849.27,336.99,1936.92,western_front,1186.26,0.6124465646490304
9742,1917,1918,italy,allied_powers,318.22,138.74,549.77,africa,456.96,0.8311839496516726
9743,1917,1919,united_states,allied_powers,494.52,444.4,2497.88,balkans,938.92,0.3758867519656668
9744,1917,1918,austria-hungary,central_powers,728.6,417.96,2568.35,middle_east,1146.56,0.4464189070804212
9745,1916,1919,austria-hungary,central_powers,746.87,542.29,2553.13,air,1289.16,0.5049331604736147
9746,1914,1919,united_kingdom,allied_powers,540.82,528.14,1615.61,naval,1068.96,0.6616448276502375
9747,1917,1918,ottoman_empire,central_powers,284.03,213.4,2339.08,italian_front,497.43,0.2126605332010876
9748,1915,1919,belgium,allied_powers,341.17,144.98,1117.69,africa,486.15,0.4349596041836286
9749,1917,1919,france,allied_powers,22.87,55.95,253.14,balkans,78.82000000000001,0.3113692028126729
9750,1914,1919,italy,allied_powers,316.99,172.78,1676.07,italian_front,489.77,0.2922133323787192
9751,1917,1919,france,allied_powers,114.93,519.69,2895.87,eastern_front,634.6200000000001,0.2191465777123973
9752,1915,1919,ottoman_empire,central_powers,437.51,151.89,2470.14,middle_east,589.4,0.2386099573303537
9753,1915,1919,russia,allied_powers,649.28,417.44,152.88,naval,1066.72,6.977498691784406
9754,1914,1918,united_kingdom,allied_powers,33.3,375.79,2101.41,naval,409.09,0.1946740521840098
9755,1914,1918,italy,allied_powers,408.48,547.99,1182.44,italian_front,956.47,0.8088951659280809
9756,1916,1918,austria-hungary,central_powers,544.33,392.95,1998.27,middle_east,937.28,0.4690457245517372
9757,1915,1918,russia,allied_powers,84.6,389.84,2489.55,western_front,474.44,0.1905725934405815
9758,1914,1919,austria-hungary,central_powers,863.6,62.23,1249.73,africa,925.83,0.7408240179878854
9759,1915,1918,united_kingdom,allied_powers,201.83,462.12,2598.9,middle_east,663.95,0.2554734695448074
9760,1916,1918,austria-hungary,central_powers,724.44,96.45,1031.21,balkans,820.8900000000001,0.796045422367898
9761,1914,1918,united_states,allied_powers,503.75,270.98,1561.3,middle_east,774.73,0.4962082879651572
9762,1917,1918,united_states,allied_powers,437.36,339.24,959.31,balkans,776.6,0.809540190345144
9763,1914,1918,serbia,allied_powers,372.86,267.19,638.04,air,640.05,1.0031502727101749
9764,1917,1919,germany,central_powers,567.64,399.63,797.65,middle_east,967.27,1.212649658371466
9765,1916,1919,germany,central_powers,490.22,532.2,2689.54,air,1022.42,0.3801467909010463
9766,1916,1919,germany,central_powers,223.37,68.05,712.52,air,291.42,0.4089990456408242
9767,1916,1918,belgium,allied_powers,270.4,558.66,2922.59,eastern_front,829.06,0.2836730434306556
9768,1917,1918,austria-hungary,central_powers,393.77,326.62,489.28,italian_front,720.39,1.4723471223021585
9769,1915,1919,russia,allied_powers,181.52,537.98,1479.42,italian_front,719.5,0.4863392410539265
9770,1914,1918,united_kingdom,allied_powers,12.95,239.68,156.98,western_front,252.63,1.6093132883169832
9771,1916,1919,austria-hungary,central_powers,264.96,365.36,2629.79,eastern_front,630.3199999999999,0.2396845375486255
9772,1916,1918,belgium,allied_powers,55.42,280.1,1425.36,naval,335.52000000000004,0.235393163832295
9773,1917,1918,germany,central_powers,643.25,15.34,2535.36,middle_east,658.59,0.259761927300265
9774,1917,1918,united_states,allied_powers,427.06,97.28,394.32,italian_front,524.34,1.3297321972002436
9775,1914,1919,serbia,allied_powers,309.74,436.02,2960.93,air,745.76,0.2518668121164634
9776,1916,1918,austria-hungary,central_powers,445.92,174.52,2660.8,western_front,620.44,0.2331779915814792
9777,1917,1919,belgium,allied_powers,832.84,258.66,796.92,naval,1091.5,1.3696481453596347
9778,1917,1919,austria-hungary,central_powers,354.83,446.63,763.84,naval,801.46,1.0492511520737329
9779,1915,1919,united_kingdom,allied_powers,66.88,436.59,2688.76,eastern_front,503.47,0.1872498847052172
9780,1917,1918,united_kingdom,allied_powers,21.37,265.83,981.62,eastern_front,287.2,0.2925775758440129
9781,1914,1919,ottoman_empire,central_powers,889.44,310.65,1117.84,africa,1200.09,1.0735794031346169
9782,1914,1919,italy,allied_powers,417.99,80.3,286.99,africa,498.29,1.7362625875466045
9783,1914,1919,france,allied_powers,10.86,342.08,1307.66,eastern_front,352.94,0.269901962283774
9784,1917,1918,germany,central_powers,123.34,489.63,1103.23,western_front,612.97,0.5556139698884186
9785,1914,1919,serbia,allied_powers,894.23,507.44,2344.9,africa,1401.67,0.5977525694059448
9786,1915,1919,united_states,allied_powers,627.22,106.45,1276.17,eastern_front,733.6700000000001,0.5748998957819099
9787,1914,1919,italy,allied_powers,464.24,432.11,2169.4,western_front,896.35,0.4131787591038997
9788,1915,1919,italy,allied_powers,224.13,224.2,636.71,africa,448.33,0.7041353206326271
9789,1917,1918,ottoman_empire,central_powers,73.92,402.61,1561.64,balkans,476.53,0.3051471529930074
9790,1917,1918,italy,allied_powers,528.65,493.66,1320.56,western_front,1022.31,0.7741488459441449
9791,1917,1918,belgium,allied_powers,705.21,102.08,968.16,africa,807.2900000000001,0.8338394480251199
9792,1916,1918,belgium,allied_powers,112.98,153.09,2929.59,air,266.07,0.090821582542267
9793,1914,1919,belgium,allied_powers,850.44,296.68,923.56,italian_front,1147.12,1.2420633201957645
9794,1917,1919,russia,allied_powers,81.2,61.22,2911.45,air,142.42000000000002,0.0489172062030946
9795,1916,1918,united_kingdom,allied_powers,786.99,100.02,2518.97,middle_east,887.01,0.3521320222154293
9796,1917,1919,italy,allied_powers,302.76,29.33,1112.85,eastern_front,332.09,0.2984139821179853
9797,1916,1919,belgium,allied_powers,145.36,396.64,1852.29,eastern_front,542.0,0.292610768292222
9798,1917,1919,ottoman_empire,central_powers,141.25,507.37,640.23,balkans,648.62,1.013104665510832
9799,1916,1918,germany,central_powers,449.24,486.22,2868.05,italian_front,935.46,0.3261658618224926
9800,1914,1918,russia,allied_powers,750.13,178.35,1644.33,western_front,928.48,0.5646555131877422
9801,1916,1919,belgium,allied_powers,295.56,428.85,1417.9,balkans,724.4100000000001,0.510903448762254
9802,1914,1919,united_kingdom,allied_powers,29.57,563.11,117.52,africa,592.6800000000001,5.043226684819606
9803,1915,1918,italy,allied_powers,586.88,94.07,643.15,balkans,680.95,1.0587732255305915
9804,1916,1918,united_states,allied_powers,56.22,62.77,2296.46,balkans,118.99,0.0518145319317558
9805,1916,1918,russia,allied_powers,119.92,196.06,1127.15,italian_front,315.98,0.2803353590915139
9806,1917,1918,united_kingdom,allied_powers,591.88,258.5,559.81,air,850.38,1.5190511066254624
9807,1917,1919,belgium,allied_powers,231.54,214.7,2095.26,balkans,446.24,0.2129759552513768
9808,1916,1919,france,allied_powers,508.62,422.67,2161.28,naval,931.29,0.4308974311519099
9809,1914,1918,united_states,allied_powers,331.79,298.62,1827.21,middle_east,630.4100000000001,0.3450123412196737
9810,1915,1918,belgium,allied_powers,262.64,331.34,1169.79,balkans,593.98,0.5077663512254337
9811,1914,1919,united_states,allied_powers,299.53,467.34,998.42,western_front,766.8699999999999,0.7680835720438292
9812,1916,1919,united_kingdom,allied_powers,761.45,580.08,1261.79,balkans,1341.5300000000002,1.063195935932287
9813,1916,1918,germany,central_powers,687.38,40.33,2998.74,air,727.71,0.2426719222073271
9814,1917,1919,germany,central_powers,258.93,105.68,114.45,middle_east,364.61,3.1857579729139363
9815,1917,1919,germany,central_powers,341.99,204.79,167.92,balkans,546.78,3.256193425440686
9816,1917,1919,russia,allied_powers,796.81,519.27,1966.29,africa,1316.08,0.6693214124061049
9817,1916,1919,italy,allied_powers,644.57,86.44,2567.44,air,731.01,0.2847233041473218
9818,1915,1918,united_kingdom,allied_powers,856.22,575.47,2896.47,balkans,1431.69,0.4942878745507463
9819,1917,1919,germany,central_powers,807.98,252.11,330.02,air,1060.09,3.2121992606508702
9820,1915,1918,belgium,allied_powers,77.18,538.48,1995.81,naval,615.6600000000001,0.3084762577600072
9821,1917,1918,germany,central_powers,172.3,533.1,2418.25,air,705.4000000000001,0.2916985423343327
9822,1915,1919,germany,central_powers,657.02,37.11,2698.25,balkans,694.13,0.2572519225423886
9823,1916,1918,belgium,allied_powers,115.55,49.25,232.16,western_front,164.8,0.709855272226051
9824,1916,1919,france,allied_powers,632.14,337.78,716.16,eastern_front,969.92,1.3543342269883825
9825,1914,1919,italy,allied_powers,840.17,36.98,685.96,balkans,877.15,1.2787188757361945
9826,1917,1918,ottoman_empire,central_powers,613.99,200.89,1086.15,air,814.88,0.7502462827417944
9827,1914,1919,austria-hungary,central_powers,792.9,357.53,1831.93,balkans,1150.4299999999998,0.6279879689726134
9828,1915,1918,germany,central_powers,688.79,519.26,2573.09,naval,1208.05,0.4694938770116862
9829,1914,1918,united_states,allied_powers,630.02,237.19,546.16,eastern_front,867.21,1.5878314047165667
9830,1917,1919,austria-hungary,central_powers,395.23,17.95,290.66,middle_east,413.18,1.421523429436455
9831,1917,1918,germany,central_powers,378.12,59.65,780.92,italian_front,437.77,0.5605823900015366
9832,1914,1918,austria-hungary,central_powers,523.1,104.37,660.76,balkans,627.47,0.9496186209818996
9833,1915,1919,serbia,allied_powers,438.95,115.15,2180.09,naval,554.1,0.2541638189249067
9834,1915,1919,russia,allied_powers,9.75,229.34,1598.07,western_front,239.09,0.149611719136208
9835,1914,1919,germany,central_powers,321.95,469.21,2072.17,balkans,791.16,0.3818026513268698
9836,1917,1919,russia,allied_powers,541.77,359.77,2168.44,air,901.54,0.4157551050524801
9837,1914,1919,united_kingdom,allied_powers,622.53,300.93,2390.35,italian_front,923.46,0.3863283619553622
9838,1914,1919,serbia,allied_powers,60.42,383.96,2950.18,middle_east,444.38,0.1506280972686412
9839,1917,1918,italy,allied_powers,475.71,369.92,557.3,middle_east,845.63,1.5173694598959269
9840,1915,1919,austria-hungary,central_powers,406.77,123.94,299.15,balkans,530.71,1.774059836202574
9841,1917,1919,united_states,allied_powers,653.99,88.41,2165.16,naval,742.4,0.3428845905152506
9842,1914,1919,united_states,allied_powers,207.02,446.8,735.52,air,653.82,0.8889221231237765
9843,1917,1919,belgium,allied_powers,712.92,176.37,2941.81,air,889.29,0.3022934859831192
9844,1915,1918,russia,allied_powers,215.12,147.47,1007.16,naval,362.59,0.3600123118471742
9845,1915,1918,united_states,allied_powers,793.13,293.14,2193.97,balkans,1086.27,0.495116159291148
9846,1915,1919,united_kingdom,allied_powers,606.38,51.97,1473.02,balkans,658.35,0.4469389417658959
9847,1914,1918,austria-hungary,central_powers,248.09,553.94,782.27,western_front,802.0300000000001,1.0252598207779924
9848,1914,1919,serbia,allied_powers,455.11,281.1,874.44,middle_east,736.21,0.8419216870225515
9849,1914,1919,belgium,allied_powers,73.31,121.55,100.03,air,194.86,1.948015595321404
9850,1916,1918,germany,central_powers,204.14,549.11,354.69,eastern_front,753.25,2.1236854718204627
9851,1915,1919,russia,allied_powers,596.7,544.38,561.14,eastern_front,1141.08,2.033503225576505
9852,1915,1918,austria-hungary,central_powers,75.1,36.67,919.36,italian_front,111.77,0.1215737034458753
9853,1916,1919,austria-hungary,central_powers,298.82,309.47,2228.66,eastern_front,608.29,0.2729397934184667
9854,1916,1918,france,allied_powers,523.12,350.78,1595.93,eastern_front,873.9,0.5475804076619901
9855,1917,1919,ottoman_empire,central_powers,710.64,328.9,742.3,balkans,1039.54,1.400431092550182
9856,1917,1918,russia,allied_powers,9.22,78.04,1364.96,air,87.26,0.0639286132926972
9857,1917,1919,russia,allied_powers,247.66,145.86,2830.2,africa,393.52,0.1390431771606247
9858,1914,1919,united_kingdom,allied_powers,856.47,560.63,1861.91,balkans,1417.1,0.7611001605877834
9859,1914,1918,united_kingdom,allied_powers,766.45,136.62,2088.4,naval,903.07,0.4324219498180425
9860,1914,1918,serbia,allied_powers,720.21,349.71,1745.98,naval,1069.92,0.6127905245191813
9861,1916,1918,russia,allied_powers,13.3,465.92,2679.28,balkans,479.22,0.1788614851751216
9862,1914,1919,france,allied_powers,847.03,480.19,779.54,italian_front,1327.22,1.7025681812350877
9863,1917,1918,france,allied_powers,636.13,563.15,1971.08,naval,1199.28,0.6084380136777807
9864,1916,1919,united_kingdom,allied_powers,614.37,499.46,2034.11,eastern_front,1113.83,0.5475760897886545
9865,1917,1918,united_kingdom,allied_powers,748.69,526.36,1287.77,naval,1275.0500000000002,0.9901224597560124
9866,1914,1918,austria-hungary,central_powers,406.18,407.97,1562.32,western_front,814.1500000000001,0.5211160325669518
9867,1915,1919,russia,allied_powers,458.77,253.74,2195.18,italian_front,712.51,0.3245793055694749
9868,1917,1919,ottoman_empire,central_powers,413.68,478.42,1986.51,western_front,892.1,0.4490790381120659
9869,1915,1919,serbia,allied_powers,181.92,130.4,2899.32,africa,312.32,0.1077218106314584
9870,1914,1918,germany,central_powers,869.44,221.84,2425.95,balkans,1091.28,0.4498361466641934
9871,1917,1919,united_states,allied_powers,212.3,547.96,1218.88,air,760.26,0.6237365450249409
9872,1916,1918,serbia,allied_powers,3.08,31.09,1877.58,naval,34.17,0.0181989582334707
9873,1916,1919,belgium,allied_powers,473.82,428.98,208.15,air,902.8,4.337256785971655
9874,1915,1918,united_states,allied_powers,20.06,28.98,177.15,middle_east,49.04,0.2768275472763195
9875,1917,1918,ottoman_empire,central_powers,441.64,177.85,788.73,balkans,619.49,0.7854272057611603
9876,1917,1918,austria-hungary,central_powers,256.17,377.56,1183.95,italian_front,633.73,0.5352675366358377
9877,1915,1919,italy,allied_powers,158.78,131.82,2970.37,western_front,290.6,0.0978329299043553
9878,1914,1919,belgium,allied_powers,569.8,582.33,1086.0,middle_east,1152.13,1.0608931860036834
9879,1915,1918,france,allied_powers,526.78,223.72,618.1,eastern_front,750.5,1.2142048212263388
9880,1914,1919,russia,allied_powers,562.52,188.53,743.36,air,751.05,1.0103449203616013
9881,1917,1919,france,allied_powers,425.47,512.58,748.05,eastern_front,938.05,1.253993716997527
9882,1916,1918,france,allied_powers,533.83,347.6,1955.42,italian_front,881.4300000000001,0.4507624960366571
9883,1917,1919,united_kingdom,allied_powers,477.76,329.06,89.21,eastern_front,806.8199999999999,9.044053357246945
9884,1915,1919,italy,allied_powers,255.26,255.54,2879.81,africa,510.8,0.1773728127897326
9885,1914,1919,austria-hungary,central_powers,217.02,385.96,2016.6,western_front,602.98,0.2990082316770802
9886,1915,1919,ottoman_empire,central_powers,765.94,344.72,147.96,balkans,1110.66,7.506488240064883
9887,1915,1919,united_states,allied_powers,443.7,523.17,1030.13,western_front,966.87,0.938590275013833
9888,1915,1919,italy,allied_powers,703.96,582.32,861.01,naval,1286.2800000000002,1.4939199312435398
9889,1915,1918,russia,allied_powers,301.99,33.05,408.36,africa,335.04,0.8204525418748163
9890,1917,1918,russia,allied_powers,624.71,46.85,1073.79,italian_front,671.5600000000001,0.6254109276487955
9891,1917,1919,germany,central_powers,502.69,305.39,1835.49,italian_front,808.0799999999999,0.4402530114574309
9892,1914,1919,belgium,allied_powers,554.53,239.44,590.7,africa,793.97,1.344117149145082
9893,1917,1918,united_kingdom,allied_powers,220.43,369.0,2667.68,air,589.4300000000001,0.2209522881305104
9894,1916,1918,united_states,allied_powers,816.21,162.53,1469.16,western_front,978.74,0.666190203926053
9895,1917,1918,germany,central_powers,211.2,426.82,2628.39,italian_front,638.02,0.2427417544580522
9896,1916,1919,russia,allied_powers,241.18,559.31,2725.94,italian_front,800.49,0.2936565001430699
9897,1916,1918,united_states,allied_powers,148.05,579.35,2629.7,naval,727.4000000000001,0.2766094991824163
9898,1915,1919,serbia,allied_powers,144.97,537.68,72.67,italian_front,682.65,9.393835145176826
9899,1916,1919,france,allied_powers,552.63,61.39,1543.46,africa,614.02,0.3978204812563979
9900,1915,1918,austria-hungary,central_powers,317.82,432.42,2558.45,middle_east,750.24,0.2932400476851218
9901,1915,1919,germany,central_powers,250.58,295.77,2903.5,balkans,546.35,0.1881694506629929
9902,1916,1918,italy,allied_powers,176.21,218.76,1904.84,eastern_front,394.97,0.2073507486193066
9903,1914,1918,serbia,allied_powers,403.7,232.3,184.89,eastern_front,636.0,3.439883173779004
9904,1916,1919,germany,central_powers,117.02,459.94,1448.52,italian_front,576.96,0.3983099991715682
9905,1914,1918,france,allied_powers,457.33,487.32,2248.27,balkans,944.65,0.4201675065717196
9906,1917,1918,russia,allied_powers,786.45,296.4,860.09,italian_front,1082.85,1.2589961515655337
9907,1916,1919,united_states,allied_powers,646.07,425.58,1114.03,balkans,1071.65,0.9619579365008124
9908,1916,1919,serbia,allied_powers,659.15,71.68,2399.91,africa,730.8299999999999,0.3045239196469868
9909,1916,1918,united_kingdom,allied_powers,669.11,533.39,422.51,western_front,1202.5,2.8460864831601618
9910,1917,1919,russia,allied_powers,494.87,294.66,993.87,naval,789.53,0.7943996699769588
9911,1915,1919,austria-hungary,central_powers,718.0,564.97,1641.18,air,1282.97,0.7817363116781828
9912,1914,1919,belgium,allied_powers,415.02,148.1,950.07,africa,563.12,0.5927142210573958
9913,1915,1919,ottoman_empire,central_powers,477.23,561.78,1887.44,naval,1039.01,0.5504863730767601
9914,1916,1918,united_states,allied_powers,229.48,561.36,1676.33,air,790.84,0.4717686851634225
9915,1915,1918,united_kingdom,allied_powers,495.25,92.56,2610.43,western_front,587.81,0.2251774611845557
9916,1915,1918,united_states,allied_powers,413.42,281.16,2212.58,italian_front,694.58,0.313923112384637
9917,1917,1918,serbia,allied_powers,93.25,538.74,1036.22,eastern_front,631.99,0.6098994422033931
9918,1914,1918,russia,allied_powers,336.21,329.14,76.3,naval,665.3499999999999,8.72018348623853
9919,1916,1918,france,allied_powers,133.94,503.74,1637.01,italian_front,637.6800000000001,0.3895394652445618
9920,1916,1918,france,allied_powers,314.21,68.78,1943.73,italian_front,382.99,0.1970386833562274
9921,1917,1918,austria-hungary,central_powers,522.9,155.11,778.8,middle_east,678.01,0.870582948125321
9922,1914,1918,italy,allied_powers,794.77,576.45,2741.26,italian_front,1371.22,0.5002152294930068
9923,1915,1919,germany,central_powers,521.39,585.29,120.24,naval,1106.6799999999998,9.203925482368597
9924,1917,1919,belgium,allied_powers,521.46,543.02,983.02,italian_front,1064.48,1.0828670830705378
9925,1917,1918,ottoman_empire,central_powers,200.85,563.67,2395.14,balkans,764.52,0.3191963726546256
9926,1917,1919,ottoman_empire,central_powers,720.31,6.84,597.6,balkans,727.15,1.2167838018741632
9927,1914,1919,belgium,allied_powers,807.35,349.22,703.61,air,1156.5700000000002,1.6437657224883104
9928,1915,1918,germany,central_powers,557.16,382.06,2630.05,air,939.22,0.3571110815383738
9929,1916,1918,italy,allied_powers,609.47,31.07,1980.4,africa,640.5400000000001,0.3234397091496667
9930,1917,1919,russia,allied_powers,407.78,454.05,2664.15,balkans,861.8299999999999,0.3234915451457312
9931,1914,1918,russia,allied_powers,522.91,596.96,2038.48,balkans,1119.87,0.5493652132961814
9932,1916,1918,russia,allied_powers,701.48,1.65,1598.83,eastern_front,703.13,0.4397778375437038
9933,1916,1919,united_states,allied_powers,862.71,488.47,491.01,balkans,1351.18,2.751838048104927
9934,1915,1919,russia,allied_powers,371.94,472.9,1136.64,balkans,844.8399999999999,0.7432784346846846
9935,1914,1918,united_states,allied_powers,103.59,401.58,2355.72,air,505.17,0.2144439916458662
9936,1915,1919,russia,allied_powers,752.49,337.47,1149.53,balkans,1089.96,0.9481788209094152
9937,1915,1918,france,allied_powers,870.2,88.8,2335.99,balkans,959.0,0.4105325793346718
9938,1915,1918,germany,central_powers,440.29,421.25,550.23,air,861.54,1.5657815822474237
9939,1915,1918,germany,central_powers,856.85,447.54,1641.39,italian_front,1304.39,0.7946862110771967
9940,1914,1918,united_states,allied_powers,826.7,191.09,2926.43,eastern_front,1017.79,0.347792361341293
9941,1914,1919,russia,allied_powers,120.0,15.23,1800.67,middle_east,135.23,0.0750998239544169
9942,1914,1918,belgium,allied_powers,753.18,46.76,2236.21,naval,799.9399999999999,0.3577213231315484
9943,1917,1919,united_kingdom,allied_powers,193.7,309.85,820.82,italian_front,503.55,0.6134718939596988
9944,1914,1919,italy,allied_powers,497.98,94.38,2035.38,eastern_front,592.36,0.2910316501095618
9945,1914,1919,france,allied_powers,895.52,156.73,964.71,eastern_front,1052.25,1.0907422956121529
9946,1915,1918,united_kingdom,allied_powers,300.54,480.47,1805.9,middle_east,781.01,0.4324768813334071
9947,1917,1919,germany,central_powers,481.92,392.88,1609.41,italian_front,874.8,0.5435532275802933
9948,1914,1919,serbia,allied_powers,65.92,594.64,1997.78,balkans,660.56,0.3306470181901911
9949,1916,1918,austria-hungary,central_powers,79.84,482.67,2173.12,italian_front,562.51,0.2588490281254602
9950,1917,1919,germany,central_powers,827.22,395.73,2640.29,africa,1222.95,0.4631877558904514
9951,1914,1918,germany,central_powers,544.3,459.64,683.17,italian_front,1003.94,1.46953174173339
9952,1914,1918,france,allied_powers,888.15,352.72,1794.81,balkans,1240.87,0.6913656598748613
9953,1917,1919,italy,allied_powers,467.32,407.62,1502.17,italian_front,874.94,0.5824507212898673
9954,1917,1918,france,allied_powers,873.42,548.04,1765.25,western_front,1421.46,0.8052457159042629
9955,1916,1919,france,allied_powers,799.4,347.11,1578.18,africa,1146.51,0.7264760673687412
9956,1916,1918,united_states,allied_powers,399.61,233.26,2236.79,naval,632.87,0.2829367084080311
9957,1915,1918,russia,allied_powers,18.61,514.87,77.16,balkans,533.48,6.913945049248316
9958,1915,1918,russia,allied_powers,78.09,360.52,790.08,western_front,438.61,0.5551463142972863
9959,1914,1918,united_kingdom,allied_powers,691.7,598.62,1438.68,italian_front,1290.3200000000002,0.89687769344121
9960,1917,1918,ottoman_empire,central_powers,315.42,593.91,1205.34,naval,909.33,0.7544178406092886
9961,1914,1919,germany,central_powers,250.81,424.57,1268.64,middle_east,675.38,0.5323653676377853
9962,1915,1918,serbia,allied_powers,623.9,325.74,2908.62,middle_east,949.64,0.326491600827884
9963,1915,1919,united_kingdom,allied_powers,318.83,83.01,1340.78,air,401.84,0.2997061412013902
9964,1915,1919,united_states,allied_powers,755.75,78.84,2732.95,middle_east,834.59,0.3053806326497009
9965,1915,1919,italy,allied_powers,577.2,526.11,1749.6,eastern_front,1103.31,0.6306069958847736
9966,1915,1919,france,allied_powers,156.35,444.26,1125.97,air,600.61,0.5334156327433235
9967,1916,1918,germany,central_powers,69.7,223.56,2996.74,middle_east,293.26,0.0978596741792748
9968,1914,1918,united_states,allied_powers,126.37,458.17,1457.32,middle_east,584.54,0.4011061400378777
9969,1917,1918,united_kingdom,allied_powers,839.77,531.53,2093.33,balkans,1371.3,0.6550806609564664
9970,1914,1918,ottoman_empire,central_powers,633.28,559.56,55.7,middle_east,1192.84,21.41543985637343
9971,1917,1918,united_states,allied_powers,640.53,92.54,2373.56,air,733.0699999999999,0.3088483122398422
9972,1915,1918,france,allied_powers,873.05,76.59,1928.21,middle_east,949.64,0.49249822374119
9973,1916,1919,united_states,allied_powers,731.36,195.92,1995.3,naval,927.28,0.4647321204831354
9974,1915,1918,united_kingdom,allied_powers,642.0,168.41,2053.7,naval,810.41,0.394609728782198
9975,1917,1918,ottoman_empire,central_powers,565.2,239.52,753.05,eastern_front,804.72,1.0686143018391874
9976,1914,1919,ottoman_empire,central_powers,757.18,578.27,1187.69,africa,1335.4499999999998,1.1244095681533055
9977,1915,1918,united_kingdom,allied_powers,178.92,395.15,1305.4,africa,574.0699999999999,0.4397655890914661
9978,1914,1919,serbia,allied_powers,837.53,350.7,1045.81,air,1188.23,1.1361815243686713
9979,1915,1918,france,allied_powers,62.73,38.44,947.07,air,101.17,0.1068242051801873
9980,1915,1919,belgium,allied_powers,272.53,79.97,2962.07,balkans,352.5,0.1190046150158504
9981,1915,1919,serbia,allied_powers,757.61,319.8,2946.84,naval,1077.41,0.3656153710415225
9982,1914,1919,germany,central_powers,53.18,478.46,687.54,middle_east,531.64,0.7732495563894465
9983,1914,1919,italy,allied_powers,198.32,70.39,954.05,western_front,268.71,0.2816519050364237
9984,1914,1918,ottoman_empire,central_powers,619.59,176.29,305.4,eastern_front,795.88,2.606024885396202
9985,1915,1919,germany,central_powers,867.34,228.79,2479.27,eastern_front,1096.13,0.4421180428109887
9986,1915,1919,italy,allied_powers,493.42,425.39,1554.44,eastern_front,918.81,0.5910874655824605
9987,1915,1918,italy,allied_powers,322.53,69.27,1854.88,middle_east,391.8,0.2112266022599844
9988,1916,1918,serbia,allied_powers,337.68,370.78,211.07,balkans,708.46,3.356516795375942
9989,1914,1918,belgium,allied_powers,883.18,223.11,637.53,eastern_front,1106.29,1.7352752027355576
9990,1917,1918,italy,allied_powers,544.37,20.5,1420.77,naval,564.87,0.397580185392428
9991,1915,1918,russia,allied_powers,281.57,160.72,673.42,naval,442.29,0.6567818003623296
9992,1915,1918,belgium,allied_powers,620.67,217.28,2521.6,middle_east,837.9499999999999,0.3323088515228426
9993,1915,1919,united_kingdom,allied_powers,450.83,481.64,1951.24,western_front,932.47,0.4778858571984994
9994,1915,1919,united_states,allied_powers,365.99,270.91,2187.4,eastern_front,636.9000000000001,0.2911675962329706
9995,1916,1918,serbia,allied_powers,797.24,341.58,2856.63,western_front,1138.82,0.3986585592113784
9996,1915,1919,italy,allied_powers,529.03,471.69,594.25,italian_front,1000.72,1.6840050483803113
9997,1917,1918,austria-hungary,central_powers,253.2,534.66,51.39,air,787.8599999999999,15.330998248686512
9998,1917,1918,united_kingdom,allied_powers,871.98,530.52,1586.73,eastern_front,1402.5,0.8838932899737195
9999,1915,1918,ottoman_empire,central_powers,631.83,493.25,147.08,eastern_front,1125.08,7.649442480282838
10000,1916,1918,belgium,allied_powers,612.43,241.54,453.2,naval,853.9699999999999,1.8843115622241835
